[2026-05-29T02:00:09.012+0200] {processor.py:157} INFO - Started process (PID=633272) to work on /home/frederic/airflow_venv/lib/python3.10/site-packages/airflow/example_dags/example_xcom.py
[2026-05-29T02:00:09.013+0200] {processor.py:829} INFO - Processing file /home/frederic/airflow_venv/lib/python3.10/site-packages/airflow/example_dags/example_xcom.py for tasks to queue
[2026-05-29T02:00:09.014+0200] {logging_mixin.py:151} INFO - [2026-05-29T02:00:09.014+0200] {dagbag.py:539} INFO - Filling up the DagBag from /home/frederic/airflow_venv/lib/python3.10/site-packages/airflow/example_dags/example_xcom.py
[2026-05-29T02:00:09.020+0200] {processor.py:839} INFO - DAG(s) dict_keys(['example_xcom']) retrieved from /home/frederic/airflow_venv/lib/python3.10/site-packages/airflow/example_dags/example_xcom.py
[2026-05-29T02:00:09.036+0200] {logging_mixin.py:151} INFO - [2026-05-29T02:00:09.036+0200] {dag.py:2915} INFO - Sync 1 DAGs
[2026-05-29T02:00:09.052+0200] {logging_mixin.py:151} INFO - [2026-05-29T02:00:09.052+0200] {dag.py:3696} INFO - Setting next_dagrun for example_xcom to 2021-01-01T00:00:00+00:00, run_after=2021-01-01T00:00:00+00:00
[2026-05-29T02:00:09.066+0200] {processor.py:179} INFO - Processing /home/frederic/airflow_venv/lib/python3.10/site-packages/airflow/example_dags/example_xcom.py took 0.057 seconds
[2026-05-29T02:00:13.014+0200] {processor.py:157} INFO - Started process (PID=633356) to work on /home/frederic/airflow_venv/lib/python3.10/site-packages/airflow/example_dags/example_xcom.py
[2026-05-29T02:00:13.015+0200] {processor.py:829} INFO - Processing file /home/frederic/airflow_venv/lib/python3.10/site-packages/airflow/example_dags/example_xcom.py for tasks to queue
[2026-05-29T02:00:13.016+0200] {logging_mixin.py:151} INFO - [2026-05-29T02:00:13.016+0200] {dagbag.py:539} INFO - Filling up the DagBag from /home/frederic/airflow_venv/lib/python3.10/site-packages/airflow/example_dags/example_xcom.py
[2026-05-29T02:00:13.023+0200] {processor.py:839} INFO - DAG(s) dict_keys(['example_xcom']) retrieved from /home/frederic/airflow_venv/lib/python3.10/site-packages/airflow/example_dags/example_xcom.py
[2026-05-29T02:00:13.040+0200] {logging_mixin.py:151} INFO - [2026-05-29T02:00:13.040+0200] {dag.py:2915} INFO - Sync 1 DAGs
[2026-05-29T02:00:13.059+0200] {logging_mixin.py:151} INFO - [2026-05-29T02:00:13.058+0200] {dag.py:3696} INFO - Setting next_dagrun for example_xcom to 2021-01-01T00:00:00+00:00, run_after=2021-01-01T00:00:00+00:00
[2026-05-29T02:00:13.078+0200] {processor.py:179} INFO - Processing /home/frederic/airflow_venv/lib/python3.10/site-packages/airflow/example_dags/example_xcom.py took 0.066 seconds
[2026-05-29T02:00:53.673+0200] {processor.py:157} INFO - Started process (PID=634722) to work on /home/frederic/airflow_venv/lib/python3.10/site-packages/airflow/example_dags/example_xcom.py
[2026-05-29T02:00:53.674+0200] {processor.py:829} INFO - Processing file /home/frederic/airflow_venv/lib/python3.10/site-packages/airflow/example_dags/example_xcom.py for tasks to queue
[2026-05-29T02:00:53.674+0200] {logging_mixin.py:151} INFO - [2026-05-29T02:00:53.674+0200] {dagbag.py:539} INFO - Filling up the DagBag from /home/frederic/airflow_venv/lib/python3.10/site-packages/airflow/example_dags/example_xcom.py
[2026-05-29T02:00:53.680+0200] {processor.py:839} INFO - DAG(s) dict_keys(['example_xcom']) retrieved from /home/frederic/airflow_venv/lib/python3.10/site-packages/airflow/example_dags/example_xcom.py
[2026-05-29T02:00:53.694+0200] {logging_mixin.py:151} INFO - [2026-05-29T02:00:53.693+0200] {dag.py:2915} INFO - Sync 1 DAGs
[2026-05-29T02:00:53.709+0200] {logging_mixin.py:151} INFO - [2026-05-29T02:00:53.709+0200] {dag.py:3696} INFO - Setting next_dagrun for example_xcom to 2021-01-01T00:00:00+00:00, run_after=2021-01-01T00:00:00+00:00
[2026-05-29T02:00:53.725+0200] {processor.py:179} INFO - Processing /home/frederic/airflow_venv/lib/python3.10/site-packages/airflow/example_dags/example_xcom.py took 0.055 seconds
[2026-05-29T02:00:59.131+0200] {processor.py:157} INFO - Started process (PID=634822) to work on /home/frederic/airflow_venv/lib/python3.10/site-packages/airflow/example_dags/example_xcom.py
[2026-05-29T02:00:59.132+0200] {processor.py:829} INFO - Processing file /home/frederic/airflow_venv/lib/python3.10/site-packages/airflow/example_dags/example_xcom.py for tasks to queue
[2026-05-29T02:00:59.133+0200] {logging_mixin.py:151} INFO - [2026-05-29T02:00:59.133+0200] {dagbag.py:539} INFO - Filling up the DagBag from /home/frederic/airflow_venv/lib/python3.10/site-packages/airflow/example_dags/example_xcom.py
[2026-05-29T02:00:59.141+0200] {processor.py:839} INFO - DAG(s) dict_keys(['example_xcom']) retrieved from /home/frederic/airflow_venv/lib/python3.10/site-packages/airflow/example_dags/example_xcom.py
[2026-05-29T02:00:59.156+0200] {logging_mixin.py:151} INFO - [2026-05-29T02:00:59.156+0200] {dag.py:2915} INFO - Sync 1 DAGs
[2026-05-29T02:00:59.182+0200] {logging_mixin.py:151} INFO - [2026-05-29T02:00:59.181+0200] {dag.py:3696} INFO - Setting next_dagrun for example_xcom to 2021-01-01T00:00:00+00:00, run_after=2021-01-01T00:00:00+00:00
[2026-05-29T02:00:59.197+0200] {processor.py:179} INFO - Processing /home/frederic/airflow_venv/lib/python3.10/site-packages/airflow/example_dags/example_xcom.py took 0.068 seconds
[2026-05-29T02:01:35.003+0200] {processor.py:157} INFO - Started process (PID=635807) to work on /home/frederic/airflow_venv/lib/python3.10/site-packages/airflow/example_dags/example_xcom.py
[2026-05-29T02:01:35.004+0200] {processor.py:829} INFO - Processing file /home/frederic/airflow_venv/lib/python3.10/site-packages/airflow/example_dags/example_xcom.py for tasks to queue
[2026-05-29T02:01:35.005+0200] {logging_mixin.py:151} INFO - [2026-05-29T02:01:35.005+0200] {dagbag.py:539} INFO - Filling up the DagBag from /home/frederic/airflow_venv/lib/python3.10/site-packages/airflow/example_dags/example_xcom.py
[2026-05-29T02:01:35.012+0200] {processor.py:839} INFO - DAG(s) dict_keys(['example_xcom']) retrieved from /home/frederic/airflow_venv/lib/python3.10/site-packages/airflow/example_dags/example_xcom.py
[2026-05-29T02:01:35.026+0200] {logging_mixin.py:151} INFO - [2026-05-29T02:01:35.026+0200] {dag.py:2915} INFO - Sync 1 DAGs
[2026-05-29T02:01:35.044+0200] {logging_mixin.py:151} INFO - [2026-05-29T02:01:35.044+0200] {dag.py:3696} INFO - Setting next_dagrun for example_xcom to 2021-01-01T00:00:00+00:00, run_after=2021-01-01T00:00:00+00:00
[2026-05-29T02:01:35.060+0200] {processor.py:179} INFO - Processing /home/frederic/airflow_venv/lib/python3.10/site-packages/airflow/example_dags/example_xcom.py took 0.060 seconds
[2026-05-29T02:01:37.585+0200] {processor.py:157} INFO - Started process (PID=635930) to work on /home/frederic/airflow_venv/lib/python3.10/site-packages/airflow/example_dags/example_xcom.py
[2026-05-29T02:01:37.585+0200] {processor.py:829} INFO - Processing file /home/frederic/airflow_venv/lib/python3.10/site-packages/airflow/example_dags/example_xcom.py for tasks to queue
[2026-05-29T02:01:37.586+0200] {logging_mixin.py:151} INFO - [2026-05-29T02:01:37.586+0200] {dagbag.py:539} INFO - Filling up the DagBag from /home/frederic/airflow_venv/lib/python3.10/site-packages/airflow/example_dags/example_xcom.py
[2026-05-29T02:01:37.596+0200] {processor.py:839} INFO - DAG(s) dict_keys(['example_xcom']) retrieved from /home/frederic/airflow_venv/lib/python3.10/site-packages/airflow/example_dags/example_xcom.py
[2026-05-29T02:01:37.612+0200] {logging_mixin.py:151} INFO - [2026-05-29T02:01:37.612+0200] {dag.py:2915} INFO - Sync 1 DAGs
[2026-05-29T02:01:37.628+0200] {logging_mixin.py:151} INFO - [2026-05-29T02:01:37.628+0200] {dag.py:3696} INFO - Setting next_dagrun for example_xcom to 2021-01-01T00:00:00+00:00, run_after=2021-01-01T00:00:00+00:00
[2026-05-29T02:01:37.644+0200] {processor.py:179} INFO - Processing /home/frederic/airflow_venv/lib/python3.10/site-packages/airflow/example_dags/example_xcom.py took 0.062 seconds
[2026-05-29T02:02:20.636+0200] {processor.py:157} INFO - Started process (PID=637230) to work on /home/frederic/airflow_venv/lib/python3.10/site-packages/airflow/example_dags/example_xcom.py
[2026-05-29T02:02:20.638+0200] {processor.py:829} INFO - Processing file /home/frederic/airflow_venv/lib/python3.10/site-packages/airflow/example_dags/example_xcom.py for tasks to queue
[2026-05-29T02:02:20.639+0200] {logging_mixin.py:151} INFO - [2026-05-29T02:02:20.639+0200] {dagbag.py:539} INFO - Filling up the DagBag from /home/frederic/airflow_venv/lib/python3.10/site-packages/airflow/example_dags/example_xcom.py
[2026-05-29T02:02:20.647+0200] {processor.py:839} INFO - DAG(s) dict_keys(['example_xcom']) retrieved from /home/frederic/airflow_venv/lib/python3.10/site-packages/airflow/example_dags/example_xcom.py
[2026-05-29T02:02:20.662+0200] {logging_mixin.py:151} INFO - [2026-05-29T02:02:20.662+0200] {dag.py:2915} INFO - Sync 1 DAGs
[2026-05-29T02:02:20.683+0200] {logging_mixin.py:151} INFO - [2026-05-29T02:02:20.683+0200] {dag.py:3696} INFO - Setting next_dagrun for example_xcom to 2021-01-01T00:00:00+00:00, run_after=2021-01-01T00:00:00+00:00
[2026-05-29T02:02:20.705+0200] {processor.py:179} INFO - Processing /home/frederic/airflow_venv/lib/python3.10/site-packages/airflow/example_dags/example_xcom.py took 0.071 seconds
[2026-05-29T02:02:24.715+0200] {processor.py:157} INFO - Started process (PID=637352) to work on /home/frederic/airflow_venv/lib/python3.10/site-packages/airflow/example_dags/example_xcom.py
[2026-05-29T02:02:24.716+0200] {processor.py:829} INFO - Processing file /home/frederic/airflow_venv/lib/python3.10/site-packages/airflow/example_dags/example_xcom.py for tasks to queue
[2026-05-29T02:02:24.717+0200] {logging_mixin.py:151} INFO - [2026-05-29T02:02:24.716+0200] {dagbag.py:539} INFO - Filling up the DagBag from /home/frederic/airflow_venv/lib/python3.10/site-packages/airflow/example_dags/example_xcom.py
[2026-05-29T02:02:24.726+0200] {processor.py:839} INFO - DAG(s) dict_keys(['example_xcom']) retrieved from /home/frederic/airflow_venv/lib/python3.10/site-packages/airflow/example_dags/example_xcom.py
[2026-05-29T02:02:24.752+0200] {logging_mixin.py:151} INFO - [2026-05-29T02:02:24.752+0200] {dag.py:2915} INFO - Sync 1 DAGs
[2026-05-29T02:02:24.775+0200] {logging_mixin.py:151} INFO - [2026-05-29T02:02:24.775+0200] {dag.py:3696} INFO - Setting next_dagrun for example_xcom to 2021-01-01T00:00:00+00:00, run_after=2021-01-01T00:00:00+00:00
[2026-05-29T02:02:24.796+0200] {processor.py:179} INFO - Processing /home/frederic/airflow_venv/lib/python3.10/site-packages/airflow/example_dags/example_xcom.py took 0.085 seconds
[2026-05-29T02:02:54.658+0200] {processor.py:157} INFO - Started process (PID=638210) to work on /home/frederic/airflow_venv/lib/python3.10/site-packages/airflow/example_dags/example_xcom.py
[2026-05-29T02:02:54.659+0200] {processor.py:829} INFO - Processing file /home/frederic/airflow_venv/lib/python3.10/site-packages/airflow/example_dags/example_xcom.py for tasks to queue
[2026-05-29T02:02:54.660+0200] {logging_mixin.py:151} INFO - [2026-05-29T02:02:54.659+0200] {dagbag.py:539} INFO - Filling up the DagBag from /home/frederic/airflow_venv/lib/python3.10/site-packages/airflow/example_dags/example_xcom.py
[2026-05-29T02:02:54.668+0200] {processor.py:839} INFO - DAG(s) dict_keys(['example_xcom']) retrieved from /home/frederic/airflow_venv/lib/python3.10/site-packages/airflow/example_dags/example_xcom.py
[2026-05-29T02:02:54.684+0200] {logging_mixin.py:151} INFO - [2026-05-29T02:02:54.684+0200] {dag.py:2915} INFO - Sync 1 DAGs
[2026-05-29T02:02:54.700+0200] {logging_mixin.py:151} INFO - [2026-05-29T02:02:54.700+0200] {dag.py:3696} INFO - Setting next_dagrun for example_xcom to 2021-01-01T00:00:00+00:00, run_after=2021-01-01T00:00:00+00:00
[2026-05-29T02:02:54.720+0200] {processor.py:179} INFO - Processing /home/frederic/airflow_venv/lib/python3.10/site-packages/airflow/example_dags/example_xcom.py took 0.064 seconds
[2026-05-29T02:03:13.402+0200] {processor.py:157} INFO - Started process (PID=638652) to work on /home/frederic/airflow_venv/lib/python3.10/site-packages/airflow/example_dags/example_xcom.py
[2026-05-29T02:03:13.403+0200] {processor.py:829} INFO - Processing file /home/frederic/airflow_venv/lib/python3.10/site-packages/airflow/example_dags/example_xcom.py for tasks to queue
[2026-05-29T02:03:13.404+0200] {logging_mixin.py:151} INFO - [2026-05-29T02:03:13.404+0200] {dagbag.py:539} INFO - Filling up the DagBag from /home/frederic/airflow_venv/lib/python3.10/site-packages/airflow/example_dags/example_xcom.py
[2026-05-29T02:03:13.411+0200] {processor.py:839} INFO - DAG(s) dict_keys(['example_xcom']) retrieved from /home/frederic/airflow_venv/lib/python3.10/site-packages/airflow/example_dags/example_xcom.py
[2026-05-29T02:03:13.428+0200] {logging_mixin.py:151} INFO - [2026-05-29T02:03:13.428+0200] {dag.py:2915} INFO - Sync 1 DAGs
[2026-05-29T02:03:13.446+0200] {logging_mixin.py:151} INFO - [2026-05-29T02:03:13.446+0200] {dag.py:3696} INFO - Setting next_dagrun for example_xcom to 2021-01-01T00:00:00+00:00, run_after=2021-01-01T00:00:00+00:00
[2026-05-29T02:03:13.464+0200] {processor.py:179} INFO - Processing /home/frederic/airflow_venv/lib/python3.10/site-packages/airflow/example_dags/example_xcom.py took 0.064 seconds
[2026-05-29T02:03:41.952+0200] {processor.py:157} INFO - Started process (PID=639657) to work on /home/frederic/airflow_venv/lib/python3.10/site-packages/airflow/example_dags/example_xcom.py
[2026-05-29T02:03:41.953+0200] {processor.py:829} INFO - Processing file /home/frederic/airflow_venv/lib/python3.10/site-packages/airflow/example_dags/example_xcom.py for tasks to queue
[2026-05-29T02:03:41.954+0200] {logging_mixin.py:151} INFO - [2026-05-29T02:03:41.953+0200] {dagbag.py:539} INFO - Filling up the DagBag from /home/frederic/airflow_venv/lib/python3.10/site-packages/airflow/example_dags/example_xcom.py
[2026-05-29T02:03:41.960+0200] {processor.py:839} INFO - DAG(s) dict_keys(['example_xcom']) retrieved from /home/frederic/airflow_venv/lib/python3.10/site-packages/airflow/example_dags/example_xcom.py
[2026-05-29T02:03:41.974+0200] {logging_mixin.py:151} INFO - [2026-05-29T02:03:41.974+0200] {dag.py:2915} INFO - Sync 1 DAGs
[2026-05-29T02:03:41.990+0200] {logging_mixin.py:151} INFO - [2026-05-29T02:03:41.990+0200] {dag.py:3696} INFO - Setting next_dagrun for example_xcom to 2021-01-01T00:00:00+00:00, run_after=2021-01-01T00:00:00+00:00
[2026-05-29T02:03:42.011+0200] {processor.py:179} INFO - Processing /home/frederic/airflow_venv/lib/python3.10/site-packages/airflow/example_dags/example_xcom.py took 0.061 seconds
[2026-05-29T09:58:08.812+0200] {processor.py:157} INFO - Started process (PID=681615) to work on /home/frederic/airflow_venv/lib/python3.10/site-packages/airflow/example_dags/example_xcom.py
[2026-05-29T09:58:08.813+0200] {processor.py:829} INFO - Processing file /home/frederic/airflow_venv/lib/python3.10/site-packages/airflow/example_dags/example_xcom.py for tasks to queue
[2026-05-29T09:58:08.814+0200] {logging_mixin.py:151} INFO - [2026-05-29T09:58:08.813+0200] {dagbag.py:539} INFO - Filling up the DagBag from /home/frederic/airflow_venv/lib/python3.10/site-packages/airflow/example_dags/example_xcom.py
[2026-05-29T09:58:08.821+0200] {processor.py:839} INFO - DAG(s) dict_keys(['example_xcom']) retrieved from /home/frederic/airflow_venv/lib/python3.10/site-packages/airflow/example_dags/example_xcom.py
[2026-05-29T09:58:08.826+0200] {logging_mixin.py:151} INFO - [2026-05-29T09:58:08.826+0200] {dag.py:2915} INFO - Sync 1 DAGs
[2026-05-29T09:58:08.843+0200] {logging_mixin.py:151} INFO - [2026-05-29T09:58:08.843+0200] {dag.py:3696} INFO - Setting next_dagrun for example_xcom to 2021-01-01T00:00:00+00:00, run_after=2021-01-01T00:00:00+00:00
[2026-05-29T09:58:08.857+0200] {processor.py:179} INFO - Processing /home/frederic/airflow_venv/lib/python3.10/site-packages/airflow/example_dags/example_xcom.py took 0.047 seconds
[2026-05-29T09:58:58.123+0200] {processor.py:157} INFO - Started process (PID=682589) to work on /home/frederic/airflow_venv/lib/python3.10/site-packages/airflow/example_dags/example_xcom.py
[2026-05-29T09:58:58.124+0200] {processor.py:829} INFO - Processing file /home/frederic/airflow_venv/lib/python3.10/site-packages/airflow/example_dags/example_xcom.py for tasks to queue
[2026-05-29T09:58:58.125+0200] {logging_mixin.py:151} INFO - [2026-05-29T09:58:58.125+0200] {dagbag.py:539} INFO - Filling up the DagBag from /home/frederic/airflow_venv/lib/python3.10/site-packages/airflow/example_dags/example_xcom.py
[2026-05-29T09:58:58.134+0200] {processor.py:839} INFO - DAG(s) dict_keys(['example_xcom']) retrieved from /home/frederic/airflow_venv/lib/python3.10/site-packages/airflow/example_dags/example_xcom.py
[2026-05-29T09:58:58.153+0200] {logging_mixin.py:151} INFO - [2026-05-29T09:58:58.152+0200] {dag.py:2915} INFO - Sync 1 DAGs
[2026-05-29T09:58:58.171+0200] {logging_mixin.py:151} INFO - [2026-05-29T09:58:58.171+0200] {dag.py:3696} INFO - Setting next_dagrun for example_xcom to 2021-01-01T00:00:00+00:00, run_after=2021-01-01T00:00:00+00:00
[2026-05-29T09:58:58.188+0200] {processor.py:179} INFO - Processing /home/frederic/airflow_venv/lib/python3.10/site-packages/airflow/example_dags/example_xcom.py took 0.067 seconds
[2026-05-29T09:59:38.325+0200] {processor.py:157} INFO - Started process (PID=683715) to work on /home/frederic/airflow_venv/lib/python3.10/site-packages/airflow/example_dags/example_xcom.py
[2026-05-29T09:59:38.326+0200] {processor.py:829} INFO - Processing file /home/frederic/airflow_venv/lib/python3.10/site-packages/airflow/example_dags/example_xcom.py for tasks to queue
[2026-05-29T09:59:38.327+0200] {logging_mixin.py:151} INFO - [2026-05-29T09:59:38.326+0200] {dagbag.py:539} INFO - Filling up the DagBag from /home/frederic/airflow_venv/lib/python3.10/site-packages/airflow/example_dags/example_xcom.py
[2026-05-29T09:59:38.334+0200] {processor.py:839} INFO - DAG(s) dict_keys(['example_xcom']) retrieved from /home/frederic/airflow_venv/lib/python3.10/site-packages/airflow/example_dags/example_xcom.py
[2026-05-29T09:59:38.351+0200] {logging_mixin.py:151} INFO - [2026-05-29T09:59:38.350+0200] {dag.py:2915} INFO - Sync 1 DAGs
[2026-05-29T09:59:38.368+0200] {logging_mixin.py:151} INFO - [2026-05-29T09:59:38.368+0200] {dag.py:3696} INFO - Setting next_dagrun for example_xcom to 2021-01-01T00:00:00+00:00, run_after=2021-01-01T00:00:00+00:00
[2026-05-29T09:59:38.387+0200] {processor.py:179} INFO - Processing /home/frederic/airflow_venv/lib/python3.10/site-packages/airflow/example_dags/example_xcom.py took 0.064 seconds
[2026-05-29T10:00:24.565+0200] {processor.py:157} INFO - Started process (PID=684387) to work on /home/frederic/airflow_venv/lib/python3.10/site-packages/airflow/example_dags/example_xcom.py
[2026-05-29T10:00:24.566+0200] {processor.py:829} INFO - Processing file /home/frederic/airflow_venv/lib/python3.10/site-packages/airflow/example_dags/example_xcom.py for tasks to queue
[2026-05-29T10:00:24.567+0200] {logging_mixin.py:151} INFO - [2026-05-29T10:00:24.566+0200] {dagbag.py:539} INFO - Filling up the DagBag from /home/frederic/airflow_venv/lib/python3.10/site-packages/airflow/example_dags/example_xcom.py
[2026-05-29T10:00:24.574+0200] {processor.py:839} INFO - DAG(s) dict_keys(['example_xcom']) retrieved from /home/frederic/airflow_venv/lib/python3.10/site-packages/airflow/example_dags/example_xcom.py
[2026-05-29T10:00:24.592+0200] {logging_mixin.py:151} INFO - [2026-05-29T10:00:24.591+0200] {dag.py:2915} INFO - Sync 1 DAGs
[2026-05-29T10:00:24.610+0200] {logging_mixin.py:151} INFO - [2026-05-29T10:00:24.610+0200] {dag.py:3696} INFO - Setting next_dagrun for example_xcom to 2021-01-01T00:00:00+00:00, run_after=2021-01-01T00:00:00+00:00
[2026-05-29T10:00:24.630+0200] {processor.py:179} INFO - Processing /home/frederic/airflow_venv/lib/python3.10/site-packages/airflow/example_dags/example_xcom.py took 0.067 seconds
[2026-05-29T10:01:12.975+0200] {processor.py:157} INFO - Started process (PID=685282) to work on /home/frederic/airflow_venv/lib/python3.10/site-packages/airflow/example_dags/example_xcom.py
[2026-05-29T10:01:12.976+0200] {processor.py:829} INFO - Processing file /home/frederic/airflow_venv/lib/python3.10/site-packages/airflow/example_dags/example_xcom.py for tasks to queue
[2026-05-29T10:01:12.976+0200] {logging_mixin.py:151} INFO - [2026-05-29T10:01:12.976+0200] {dagbag.py:539} INFO - Filling up the DagBag from /home/frederic/airflow_venv/lib/python3.10/site-packages/airflow/example_dags/example_xcom.py
[2026-05-29T10:01:12.984+0200] {processor.py:839} INFO - DAG(s) dict_keys(['example_xcom']) retrieved from /home/frederic/airflow_venv/lib/python3.10/site-packages/airflow/example_dags/example_xcom.py
[2026-05-29T10:01:13.000+0200] {logging_mixin.py:151} INFO - [2026-05-29T10:01:13.000+0200] {dag.py:2915} INFO - Sync 1 DAGs
[2026-05-29T10:01:13.020+0200] {logging_mixin.py:151} INFO - [2026-05-29T10:01:13.020+0200] {dag.py:3696} INFO - Setting next_dagrun for example_xcom to 2021-01-01T00:00:00+00:00, run_after=2021-01-01T00:00:00+00:00
[2026-05-29T10:01:13.040+0200] {processor.py:179} INFO - Processing /home/frederic/airflow_venv/lib/python3.10/site-packages/airflow/example_dags/example_xcom.py took 0.068 seconds
[2026-05-29T10:02:00.897+0200] {processor.py:157} INFO - Started process (PID=685881) to work on /home/frederic/airflow_venv/lib/python3.10/site-packages/airflow/example_dags/example_xcom.py
[2026-05-29T10:02:00.901+0200] {processor.py:829} INFO - Processing file /home/frederic/airflow_venv/lib/python3.10/site-packages/airflow/example_dags/example_xcom.py for tasks to queue
[2026-05-29T10:02:00.901+0200] {logging_mixin.py:151} INFO - [2026-05-29T10:02:00.901+0200] {dagbag.py:539} INFO - Filling up the DagBag from /home/frederic/airflow_venv/lib/python3.10/site-packages/airflow/example_dags/example_xcom.py
[2026-05-29T10:02:00.910+0200] {processor.py:839} INFO - DAG(s) dict_keys(['example_xcom']) retrieved from /home/frederic/airflow_venv/lib/python3.10/site-packages/airflow/example_dags/example_xcom.py
[2026-05-29T10:02:00.927+0200] {logging_mixin.py:151} INFO - [2026-05-29T10:02:00.927+0200] {dag.py:2915} INFO - Sync 1 DAGs
[2026-05-29T10:02:00.950+0200] {logging_mixin.py:151} INFO - [2026-05-29T10:02:00.950+0200] {dag.py:3696} INFO - Setting next_dagrun for example_xcom to 2021-01-01T00:00:00+00:00, run_after=2021-01-01T00:00:00+00:00
[2026-05-29T10:02:00.971+0200] {processor.py:179} INFO - Processing /home/frederic/airflow_venv/lib/python3.10/site-packages/airflow/example_dags/example_xcom.py took 0.076 seconds
[2026-05-29T10:02:46.191+0200] {processor.py:157} INFO - Started process (PID=686327) to work on /home/frederic/airflow_venv/lib/python3.10/site-packages/airflow/example_dags/example_xcom.py
[2026-05-29T10:02:46.192+0200] {processor.py:829} INFO - Processing file /home/frederic/airflow_venv/lib/python3.10/site-packages/airflow/example_dags/example_xcom.py for tasks to queue
[2026-05-29T10:02:46.193+0200] {logging_mixin.py:151} INFO - [2026-05-29T10:02:46.193+0200] {dagbag.py:539} INFO - Filling up the DagBag from /home/frederic/airflow_venv/lib/python3.10/site-packages/airflow/example_dags/example_xcom.py
[2026-05-29T10:02:46.202+0200] {processor.py:839} INFO - DAG(s) dict_keys(['example_xcom']) retrieved from /home/frederic/airflow_venv/lib/python3.10/site-packages/airflow/example_dags/example_xcom.py
[2026-05-29T10:02:46.219+0200] {logging_mixin.py:151} INFO - [2026-05-29T10:02:46.219+0200] {dag.py:2915} INFO - Sync 1 DAGs
[2026-05-29T10:02:46.237+0200] {logging_mixin.py:151} INFO - [2026-05-29T10:02:46.236+0200] {dag.py:3696} INFO - Setting next_dagrun for example_xcom to 2021-01-01T00:00:00+00:00, run_after=2021-01-01T00:00:00+00:00
[2026-05-29T10:02:46.254+0200] {processor.py:179} INFO - Processing /home/frederic/airflow_venv/lib/python3.10/site-packages/airflow/example_dags/example_xcom.py took 0.065 seconds
[2026-05-29T10:03:34.477+0200] {processor.py:157} INFO - Started process (PID=686809) to work on /home/frederic/airflow_venv/lib/python3.10/site-packages/airflow/example_dags/example_xcom.py
[2026-05-29T10:03:34.478+0200] {processor.py:829} INFO - Processing file /home/frederic/airflow_venv/lib/python3.10/site-packages/airflow/example_dags/example_xcom.py for tasks to queue
[2026-05-29T10:03:34.479+0200] {logging_mixin.py:151} INFO - [2026-05-29T10:03:34.478+0200] {dagbag.py:539} INFO - Filling up the DagBag from /home/frederic/airflow_venv/lib/python3.10/site-packages/airflow/example_dags/example_xcom.py
[2026-05-29T10:03:34.485+0200] {processor.py:839} INFO - DAG(s) dict_keys(['example_xcom']) retrieved from /home/frederic/airflow_venv/lib/python3.10/site-packages/airflow/example_dags/example_xcom.py
[2026-05-29T10:03:34.504+0200] {logging_mixin.py:151} INFO - [2026-05-29T10:03:34.504+0200] {dag.py:2915} INFO - Sync 1 DAGs
[2026-05-29T10:03:34.523+0200] {logging_mixin.py:151} INFO - [2026-05-29T10:03:34.523+0200] {dag.py:3696} INFO - Setting next_dagrun for example_xcom to 2021-01-01T00:00:00+00:00, run_after=2021-01-01T00:00:00+00:00
[2026-05-29T10:03:34.542+0200] {processor.py:179} INFO - Processing /home/frederic/airflow_venv/lib/python3.10/site-packages/airflow/example_dags/example_xcom.py took 0.070 seconds
[2026-05-29T10:04:22.484+0200] {processor.py:157} INFO - Started process (PID=687944) to work on /home/frederic/airflow_venv/lib/python3.10/site-packages/airflow/example_dags/example_xcom.py
[2026-05-29T10:04:22.485+0200] {processor.py:829} INFO - Processing file /home/frederic/airflow_venv/lib/python3.10/site-packages/airflow/example_dags/example_xcom.py for tasks to queue
[2026-05-29T10:04:22.486+0200] {logging_mixin.py:151} INFO - [2026-05-29T10:04:22.486+0200] {dagbag.py:539} INFO - Filling up the DagBag from /home/frederic/airflow_venv/lib/python3.10/site-packages/airflow/example_dags/example_xcom.py
[2026-05-29T10:04:22.493+0200] {processor.py:839} INFO - DAG(s) dict_keys(['example_xcom']) retrieved from /home/frederic/airflow_venv/lib/python3.10/site-packages/airflow/example_dags/example_xcom.py
[2026-05-29T10:04:22.515+0200] {logging_mixin.py:151} INFO - [2026-05-29T10:04:22.514+0200] {dag.py:2915} INFO - Sync 1 DAGs
[2026-05-29T10:04:22.544+0200] {logging_mixin.py:151} INFO - [2026-05-29T10:04:22.544+0200] {dag.py:3696} INFO - Setting next_dagrun for example_xcom to 2021-01-01T00:00:00+00:00, run_after=2021-01-01T00:00:00+00:00
[2026-05-29T10:04:22.589+0200] {processor.py:179} INFO - Processing /home/frederic/airflow_venv/lib/python3.10/site-packages/airflow/example_dags/example_xcom.py took 0.108 seconds
[2026-05-29T10:04:56.601+0200] {processor.py:157} INFO - Started process (PID=688726) to work on /home/frederic/airflow_venv/lib/python3.10/site-packages/airflow/example_dags/example_xcom.py
[2026-05-29T10:04:56.604+0200] {processor.py:829} INFO - Processing file /home/frederic/airflow_venv/lib/python3.10/site-packages/airflow/example_dags/example_xcom.py for tasks to queue
[2026-05-29T10:04:56.605+0200] {logging_mixin.py:151} INFO - [2026-05-29T10:04:56.604+0200] {dagbag.py:539} INFO - Filling up the DagBag from /home/frederic/airflow_venv/lib/python3.10/site-packages/airflow/example_dags/example_xcom.py
[2026-05-29T10:04:56.614+0200] {processor.py:839} INFO - DAG(s) dict_keys(['example_xcom']) retrieved from /home/frederic/airflow_venv/lib/python3.10/site-packages/airflow/example_dags/example_xcom.py
[2026-05-29T10:04:56.635+0200] {logging_mixin.py:151} INFO - [2026-05-29T10:04:56.635+0200] {dag.py:2915} INFO - Sync 1 DAGs
[2026-05-29T10:04:56.662+0200] {logging_mixin.py:151} INFO - [2026-05-29T10:04:56.662+0200] {dag.py:3696} INFO - Setting next_dagrun for example_xcom to 2021-01-01T00:00:00+00:00, run_after=2021-01-01T00:00:00+00:00
[2026-05-29T10:04:56.686+0200] {processor.py:179} INFO - Processing /home/frederic/airflow_venv/lib/python3.10/site-packages/airflow/example_dags/example_xcom.py took 0.088 seconds
[2026-05-29T10:05:42.426+0200] {processor.py:157} INFO - Started process (PID=689679) to work on /home/frederic/airflow_venv/lib/python3.10/site-packages/airflow/example_dags/example_xcom.py
[2026-05-29T10:05:42.428+0200] {processor.py:829} INFO - Processing file /home/frederic/airflow_venv/lib/python3.10/site-packages/airflow/example_dags/example_xcom.py for tasks to queue
[2026-05-29T10:05:42.429+0200] {logging_mixin.py:151} INFO - [2026-05-29T10:05:42.429+0200] {dagbag.py:539} INFO - Filling up the DagBag from /home/frederic/airflow_venv/lib/python3.10/site-packages/airflow/example_dags/example_xcom.py
[2026-05-29T10:05:42.441+0200] {processor.py:839} INFO - DAG(s) dict_keys(['example_xcom']) retrieved from /home/frederic/airflow_venv/lib/python3.10/site-packages/airflow/example_dags/example_xcom.py
[2026-05-29T10:05:42.461+0200] {logging_mixin.py:151} INFO - [2026-05-29T10:05:42.461+0200] {dag.py:2915} INFO - Sync 1 DAGs
[2026-05-29T10:05:42.484+0200] {logging_mixin.py:151} INFO - [2026-05-29T10:05:42.484+0200] {dag.py:3696} INFO - Setting next_dagrun for example_xcom to 2021-01-01T00:00:00+00:00, run_after=2021-01-01T00:00:00+00:00
[2026-05-29T10:05:42.503+0200] {processor.py:179} INFO - Processing /home/frederic/airflow_venv/lib/python3.10/site-packages/airflow/example_dags/example_xcom.py took 0.082 seconds
[2026-05-29T10:06:31.799+0200] {processor.py:157} INFO - Started process (PID=690272) to work on /home/frederic/airflow_venv/lib/python3.10/site-packages/airflow/example_dags/example_xcom.py
[2026-05-29T10:06:31.800+0200] {processor.py:829} INFO - Processing file /home/frederic/airflow_venv/lib/python3.10/site-packages/airflow/example_dags/example_xcom.py for tasks to queue
[2026-05-29T10:06:31.801+0200] {logging_mixin.py:151} INFO - [2026-05-29T10:06:31.801+0200] {dagbag.py:539} INFO - Filling up the DagBag from /home/frederic/airflow_venv/lib/python3.10/site-packages/airflow/example_dags/example_xcom.py
[2026-05-29T10:06:31.809+0200] {processor.py:839} INFO - DAG(s) dict_keys(['example_xcom']) retrieved from /home/frederic/airflow_venv/lib/python3.10/site-packages/airflow/example_dags/example_xcom.py
[2026-05-29T10:06:31.827+0200] {logging_mixin.py:151} INFO - [2026-05-29T10:06:31.827+0200] {dag.py:2915} INFO - Sync 1 DAGs
[2026-05-29T10:06:31.849+0200] {logging_mixin.py:151} INFO - [2026-05-29T10:06:31.849+0200] {dag.py:3696} INFO - Setting next_dagrun for example_xcom to 2021-01-01T00:00:00+00:00, run_after=2021-01-01T00:00:00+00:00
[2026-05-29T10:06:31.867+0200] {processor.py:179} INFO - Processing /home/frederic/airflow_venv/lib/python3.10/site-packages/airflow/example_dags/example_xcom.py took 0.070 seconds
[2026-05-29T10:07:08.915+0200] {processor.py:157} INFO - Started process (PID=690833) to work on /home/frederic/airflow_venv/lib/python3.10/site-packages/airflow/example_dags/example_xcom.py
[2026-05-29T10:07:08.916+0200] {processor.py:829} INFO - Processing file /home/frederic/airflow_venv/lib/python3.10/site-packages/airflow/example_dags/example_xcom.py for tasks to queue
[2026-05-29T10:07:08.917+0200] {logging_mixin.py:151} INFO - [2026-05-29T10:07:08.917+0200] {dagbag.py:539} INFO - Filling up the DagBag from /home/frederic/airflow_venv/lib/python3.10/site-packages/airflow/example_dags/example_xcom.py
[2026-05-29T10:07:08.925+0200] {processor.py:839} INFO - DAG(s) dict_keys(['example_xcom']) retrieved from /home/frederic/airflow_venv/lib/python3.10/site-packages/airflow/example_dags/example_xcom.py
[2026-05-29T10:07:08.943+0200] {logging_mixin.py:151} INFO - [2026-05-29T10:07:08.943+0200] {dag.py:2915} INFO - Sync 1 DAGs
[2026-05-29T10:07:08.963+0200] {logging_mixin.py:151} INFO - [2026-05-29T10:07:08.963+0200] {dag.py:3696} INFO - Setting next_dagrun for example_xcom to 2021-01-01T00:00:00+00:00, run_after=2021-01-01T00:00:00+00:00
[2026-05-29T10:07:08.983+0200] {processor.py:179} INFO - Processing /home/frederic/airflow_venv/lib/python3.10/site-packages/airflow/example_dags/example_xcom.py took 0.070 seconds
[2026-05-29T10:07:46.243+0200] {processor.py:157} INFO - Started process (PID=691187) to work on /home/frederic/airflow_venv/lib/python3.10/site-packages/airflow/example_dags/example_xcom.py
[2026-05-29T10:07:46.244+0200] {processor.py:829} INFO - Processing file /home/frederic/airflow_venv/lib/python3.10/site-packages/airflow/example_dags/example_xcom.py for tasks to queue
[2026-05-29T10:07:46.245+0200] {logging_mixin.py:151} INFO - [2026-05-29T10:07:46.244+0200] {dagbag.py:539} INFO - Filling up the DagBag from /home/frederic/airflow_venv/lib/python3.10/site-packages/airflow/example_dags/example_xcom.py
[2026-05-29T10:07:46.253+0200] {processor.py:839} INFO - DAG(s) dict_keys(['example_xcom']) retrieved from /home/frederic/airflow_venv/lib/python3.10/site-packages/airflow/example_dags/example_xcom.py
[2026-05-29T10:07:46.269+0200] {logging_mixin.py:151} INFO - [2026-05-29T10:07:46.268+0200] {dag.py:2915} INFO - Sync 1 DAGs
[2026-05-29T10:07:46.288+0200] {logging_mixin.py:151} INFO - [2026-05-29T10:07:46.288+0200] {dag.py:3696} INFO - Setting next_dagrun for example_xcom to 2021-01-01T00:00:00+00:00, run_after=2021-01-01T00:00:00+00:00
[2026-05-29T10:07:46.311+0200] {processor.py:179} INFO - Processing /home/frederic/airflow_venv/lib/python3.10/site-packages/airflow/example_dags/example_xcom.py took 0.070 seconds
[2026-05-29T10:08:30.265+0200] {processor.py:157} INFO - Started process (PID=691782) to work on /home/frederic/airflow_venv/lib/python3.10/site-packages/airflow/example_dags/example_xcom.py
[2026-05-29T10:08:30.268+0200] {processor.py:829} INFO - Processing file /home/frederic/airflow_venv/lib/python3.10/site-packages/airflow/example_dags/example_xcom.py for tasks to queue
[2026-05-29T10:08:30.269+0200] {logging_mixin.py:151} INFO - [2026-05-29T10:08:30.268+0200] {dagbag.py:539} INFO - Filling up the DagBag from /home/frederic/airflow_venv/lib/python3.10/site-packages/airflow/example_dags/example_xcom.py
[2026-05-29T10:08:30.275+0200] {processor.py:839} INFO - DAG(s) dict_keys(['example_xcom']) retrieved from /home/frederic/airflow_venv/lib/python3.10/site-packages/airflow/example_dags/example_xcom.py
[2026-05-29T10:08:30.291+0200] {logging_mixin.py:151} INFO - [2026-05-29T10:08:30.291+0200] {dag.py:2915} INFO - Sync 1 DAGs
[2026-05-29T10:08:30.310+0200] {logging_mixin.py:151} INFO - [2026-05-29T10:08:30.310+0200] {dag.py:3696} INFO - Setting next_dagrun for example_xcom to 2021-01-01T00:00:00+00:00, run_after=2021-01-01T00:00:00+00:00
[2026-05-29T10:08:30.330+0200] {processor.py:179} INFO - Processing /home/frederic/airflow_venv/lib/python3.10/site-packages/airflow/example_dags/example_xcom.py took 0.068 seconds
[2026-05-29T10:09:04.498+0200] {processor.py:157} INFO - Started process (PID=692247) to work on /home/frederic/airflow_venv/lib/python3.10/site-packages/airflow/example_dags/example_xcom.py
[2026-05-29T10:09:04.503+0200] {processor.py:829} INFO - Processing file /home/frederic/airflow_venv/lib/python3.10/site-packages/airflow/example_dags/example_xcom.py for tasks to queue
[2026-05-29T10:09:04.504+0200] {logging_mixin.py:151} INFO - [2026-05-29T10:09:04.504+0200] {dagbag.py:539} INFO - Filling up the DagBag from /home/frederic/airflow_venv/lib/python3.10/site-packages/airflow/example_dags/example_xcom.py
[2026-05-29T10:09:04.517+0200] {processor.py:839} INFO - DAG(s) dict_keys(['example_xcom']) retrieved from /home/frederic/airflow_venv/lib/python3.10/site-packages/airflow/example_dags/example_xcom.py
[2026-05-29T10:09:04.537+0200] {logging_mixin.py:151} INFO - [2026-05-29T10:09:04.537+0200] {dag.py:2915} INFO - Sync 1 DAGs
[2026-05-29T10:09:04.555+0200] {logging_mixin.py:151} INFO - [2026-05-29T10:09:04.555+0200] {dag.py:3696} INFO - Setting next_dagrun for example_xcom to 2021-01-01T00:00:00+00:00, run_after=2021-01-01T00:00:00+00:00
[2026-05-29T10:09:04.574+0200] {processor.py:179} INFO - Processing /home/frederic/airflow_venv/lib/python3.10/site-packages/airflow/example_dags/example_xcom.py took 0.079 seconds
[2026-05-29T10:09:52.466+0200] {processor.py:157} INFO - Started process (PID=692719) to work on /home/frederic/airflow_venv/lib/python3.10/site-packages/airflow/example_dags/example_xcom.py
[2026-05-29T10:09:52.468+0200] {processor.py:829} INFO - Processing file /home/frederic/airflow_venv/lib/python3.10/site-packages/airflow/example_dags/example_xcom.py for tasks to queue
[2026-05-29T10:09:52.469+0200] {logging_mixin.py:151} INFO - [2026-05-29T10:09:52.468+0200] {dagbag.py:539} INFO - Filling up the DagBag from /home/frederic/airflow_venv/lib/python3.10/site-packages/airflow/example_dags/example_xcom.py
[2026-05-29T10:09:52.476+0200] {processor.py:839} INFO - DAG(s) dict_keys(['example_xcom']) retrieved from /home/frederic/airflow_venv/lib/python3.10/site-packages/airflow/example_dags/example_xcom.py
[2026-05-29T10:09:52.493+0200] {logging_mixin.py:151} INFO - [2026-05-29T10:09:52.493+0200] {dag.py:2915} INFO - Sync 1 DAGs
[2026-05-29T10:09:52.515+0200] {logging_mixin.py:151} INFO - [2026-05-29T10:09:52.515+0200] {dag.py:3696} INFO - Setting next_dagrun for example_xcom to 2021-01-01T00:00:00+00:00, run_after=2021-01-01T00:00:00+00:00
[2026-05-29T10:09:52.535+0200] {processor.py:179} INFO - Processing /home/frederic/airflow_venv/lib/python3.10/site-packages/airflow/example_dags/example_xcom.py took 0.071 seconds
[2026-05-29T10:10:37.884+0200] {processor.py:157} INFO - Started process (PID=693490) to work on /home/frederic/airflow_venv/lib/python3.10/site-packages/airflow/example_dags/example_xcom.py
[2026-05-29T10:10:37.887+0200] {processor.py:829} INFO - Processing file /home/frederic/airflow_venv/lib/python3.10/site-packages/airflow/example_dags/example_xcom.py for tasks to queue
[2026-05-29T10:10:37.888+0200] {logging_mixin.py:151} INFO - [2026-05-29T10:10:37.888+0200] {dagbag.py:539} INFO - Filling up the DagBag from /home/frederic/airflow_venv/lib/python3.10/site-packages/airflow/example_dags/example_xcom.py
[2026-05-29T10:10:37.894+0200] {processor.py:839} INFO - DAG(s) dict_keys(['example_xcom']) retrieved from /home/frederic/airflow_venv/lib/python3.10/site-packages/airflow/example_dags/example_xcom.py
[2026-05-29T10:10:37.909+0200] {logging_mixin.py:151} INFO - [2026-05-29T10:10:37.909+0200] {dag.py:2915} INFO - Sync 1 DAGs
[2026-05-29T10:10:37.927+0200] {logging_mixin.py:151} INFO - [2026-05-29T10:10:37.927+0200] {dag.py:3696} INFO - Setting next_dagrun for example_xcom to 2021-01-01T00:00:00+00:00, run_after=2021-01-01T00:00:00+00:00
[2026-05-29T10:10:37.946+0200] {processor.py:179} INFO - Processing /home/frederic/airflow_venv/lib/python3.10/site-packages/airflow/example_dags/example_xcom.py took 0.064 seconds
[2026-05-29T10:11:12.985+0200] {processor.py:157} INFO - Started process (PID=694233) to work on /home/frederic/airflow_venv/lib/python3.10/site-packages/airflow/example_dags/example_xcom.py
[2026-05-29T10:11:12.989+0200] {processor.py:829} INFO - Processing file /home/frederic/airflow_venv/lib/python3.10/site-packages/airflow/example_dags/example_xcom.py for tasks to queue
[2026-05-29T10:11:12.989+0200] {logging_mixin.py:151} INFO - [2026-05-29T10:11:12.989+0200] {dagbag.py:539} INFO - Filling up the DagBag from /home/frederic/airflow_venv/lib/python3.10/site-packages/airflow/example_dags/example_xcom.py
[2026-05-29T10:11:12.995+0200] {processor.py:839} INFO - DAG(s) dict_keys(['example_xcom']) retrieved from /home/frederic/airflow_venv/lib/python3.10/site-packages/airflow/example_dags/example_xcom.py
[2026-05-29T10:11:13.009+0200] {logging_mixin.py:151} INFO - [2026-05-29T10:11:13.009+0200] {dag.py:2915} INFO - Sync 1 DAGs
[2026-05-29T10:11:13.027+0200] {logging_mixin.py:151} INFO - [2026-05-29T10:11:13.027+0200] {dag.py:3696} INFO - Setting next_dagrun for example_xcom to 2021-01-01T00:00:00+00:00, run_after=2021-01-01T00:00:00+00:00
[2026-05-29T10:11:13.042+0200] {processor.py:179} INFO - Processing /home/frederic/airflow_venv/lib/python3.10/site-packages/airflow/example_dags/example_xcom.py took 0.059 seconds
[2026-05-29T10:12:02.136+0200] {processor.py:157} INFO - Started process (PID=695278) to work on /home/frederic/airflow_venv/lib/python3.10/site-packages/airflow/example_dags/example_xcom.py
[2026-05-29T10:12:02.137+0200] {processor.py:829} INFO - Processing file /home/frederic/airflow_venv/lib/python3.10/site-packages/airflow/example_dags/example_xcom.py for tasks to queue
[2026-05-29T10:12:02.138+0200] {logging_mixin.py:151} INFO - [2026-05-29T10:12:02.137+0200] {dagbag.py:539} INFO - Filling up the DagBag from /home/frederic/airflow_venv/lib/python3.10/site-packages/airflow/example_dags/example_xcom.py
[2026-05-29T10:12:02.144+0200] {processor.py:839} INFO - DAG(s) dict_keys(['example_xcom']) retrieved from /home/frederic/airflow_venv/lib/python3.10/site-packages/airflow/example_dags/example_xcom.py
[2026-05-29T10:12:02.156+0200] {logging_mixin.py:151} INFO - [2026-05-29T10:12:02.156+0200] {dag.py:2915} INFO - Sync 1 DAGs
[2026-05-29T10:12:02.170+0200] {logging_mixin.py:151} INFO - [2026-05-29T10:12:02.170+0200] {dag.py:3696} INFO - Setting next_dagrun for example_xcom to 2021-01-01T00:00:00+00:00, run_after=2021-01-01T00:00:00+00:00
[2026-05-29T10:12:02.185+0200] {processor.py:179} INFO - Processing /home/frederic/airflow_venv/lib/python3.10/site-packages/airflow/example_dags/example_xcom.py took 0.051 seconds
[2026-05-29T10:12:44.196+0200] {processor.py:157} INFO - Started process (PID=695657) to work on /home/frederic/airflow_venv/lib/python3.10/site-packages/airflow/example_dags/example_xcom.py
[2026-05-29T10:12:44.197+0200] {processor.py:829} INFO - Processing file /home/frederic/airflow_venv/lib/python3.10/site-packages/airflow/example_dags/example_xcom.py for tasks to queue
[2026-05-29T10:12:44.197+0200] {logging_mixin.py:151} INFO - [2026-05-29T10:12:44.197+0200] {dagbag.py:539} INFO - Filling up the DagBag from /home/frederic/airflow_venv/lib/python3.10/site-packages/airflow/example_dags/example_xcom.py
[2026-05-29T10:12:44.205+0200] {processor.py:839} INFO - DAG(s) dict_keys(['example_xcom']) retrieved from /home/frederic/airflow_venv/lib/python3.10/site-packages/airflow/example_dags/example_xcom.py
[2026-05-29T10:12:44.218+0200] {logging_mixin.py:151} INFO - [2026-05-29T10:12:44.218+0200] {dag.py:2915} INFO - Sync 1 DAGs
[2026-05-29T10:12:44.232+0200] {logging_mixin.py:151} INFO - [2026-05-29T10:12:44.232+0200] {dag.py:3696} INFO - Setting next_dagrun for example_xcom to 2021-01-01T00:00:00+00:00, run_after=2021-01-01T00:00:00+00:00
[2026-05-29T10:12:44.248+0200] {processor.py:179} INFO - Processing /home/frederic/airflow_venv/lib/python3.10/site-packages/airflow/example_dags/example_xcom.py took 0.054 seconds
[2026-05-29T10:13:24.168+0200] {processor.py:157} INFO - Started process (PID=696137) to work on /home/frederic/airflow_venv/lib/python3.10/site-packages/airflow/example_dags/example_xcom.py
[2026-05-29T10:13:24.170+0200] {processor.py:829} INFO - Processing file /home/frederic/airflow_venv/lib/python3.10/site-packages/airflow/example_dags/example_xcom.py for tasks to queue
[2026-05-29T10:13:24.170+0200] {logging_mixin.py:151} INFO - [2026-05-29T10:13:24.170+0200] {dagbag.py:539} INFO - Filling up the DagBag from /home/frederic/airflow_venv/lib/python3.10/site-packages/airflow/example_dags/example_xcom.py
[2026-05-29T10:13:24.176+0200] {processor.py:839} INFO - DAG(s) dict_keys(['example_xcom']) retrieved from /home/frederic/airflow_venv/lib/python3.10/site-packages/airflow/example_dags/example_xcom.py
[2026-05-29T10:13:24.189+0200] {logging_mixin.py:151} INFO - [2026-05-29T10:13:24.189+0200] {dag.py:2915} INFO - Sync 1 DAGs
[2026-05-29T10:13:24.207+0200] {logging_mixin.py:151} INFO - [2026-05-29T10:13:24.207+0200] {dag.py:3696} INFO - Setting next_dagrun for example_xcom to 2021-01-01T00:00:00+00:00, run_after=2021-01-01T00:00:00+00:00
[2026-05-29T10:13:24.221+0200] {processor.py:179} INFO - Processing /home/frederic/airflow_venv/lib/python3.10/site-packages/airflow/example_dags/example_xcom.py took 0.055 seconds
[2026-05-29T10:14:13.986+0200] {processor.py:157} INFO - Started process (PID=696717) to work on /home/frederic/airflow_venv/lib/python3.10/site-packages/airflow/example_dags/example_xcom.py
[2026-05-29T10:14:13.987+0200] {processor.py:829} INFO - Processing file /home/frederic/airflow_venv/lib/python3.10/site-packages/airflow/example_dags/example_xcom.py for tasks to queue
[2026-05-29T10:14:13.988+0200] {logging_mixin.py:151} INFO - [2026-05-29T10:14:13.988+0200] {dagbag.py:539} INFO - Filling up the DagBag from /home/frederic/airflow_venv/lib/python3.10/site-packages/airflow/example_dags/example_xcom.py
[2026-05-29T10:14:13.995+0200] {processor.py:839} INFO - DAG(s) dict_keys(['example_xcom']) retrieved from /home/frederic/airflow_venv/lib/python3.10/site-packages/airflow/example_dags/example_xcom.py
[2026-05-29T10:14:14.010+0200] {logging_mixin.py:151} INFO - [2026-05-29T10:14:14.010+0200] {dag.py:2915} INFO - Sync 1 DAGs
[2026-05-29T10:14:14.031+0200] {logging_mixin.py:151} INFO - [2026-05-29T10:14:14.031+0200] {dag.py:3696} INFO - Setting next_dagrun for example_xcom to 2021-01-01T00:00:00+00:00, run_after=2021-01-01T00:00:00+00:00
[2026-05-29T10:14:14.050+0200] {processor.py:179} INFO - Processing /home/frederic/airflow_venv/lib/python3.10/site-packages/airflow/example_dags/example_xcom.py took 0.066 seconds
[2026-05-29T10:15:02.400+0200] {processor.py:157} INFO - Started process (PID=697352) to work on /home/frederic/airflow_venv/lib/python3.10/site-packages/airflow/example_dags/example_xcom.py
[2026-05-29T10:15:02.401+0200] {processor.py:829} INFO - Processing file /home/frederic/airflow_venv/lib/python3.10/site-packages/airflow/example_dags/example_xcom.py for tasks to queue
[2026-05-29T10:15:02.402+0200] {logging_mixin.py:151} INFO - [2026-05-29T10:15:02.402+0200] {dagbag.py:539} INFO - Filling up the DagBag from /home/frederic/airflow_venv/lib/python3.10/site-packages/airflow/example_dags/example_xcom.py
[2026-05-29T10:15:02.407+0200] {processor.py:839} INFO - DAG(s) dict_keys(['example_xcom']) retrieved from /home/frederic/airflow_venv/lib/python3.10/site-packages/airflow/example_dags/example_xcom.py
[2026-05-29T10:15:02.420+0200] {logging_mixin.py:151} INFO - [2026-05-29T10:15:02.420+0200] {dag.py:2915} INFO - Sync 1 DAGs
[2026-05-29T10:15:02.436+0200] {logging_mixin.py:151} INFO - [2026-05-29T10:15:02.435+0200] {dag.py:3696} INFO - Setting next_dagrun for example_xcom to 2021-01-01T00:00:00+00:00, run_after=2021-01-01T00:00:00+00:00
[2026-05-29T10:15:02.453+0200] {processor.py:179} INFO - Processing /home/frederic/airflow_venv/lib/python3.10/site-packages/airflow/example_dags/example_xcom.py took 0.054 seconds
[2026-05-29T10:15:52.284+0200] {processor.py:157} INFO - Started process (PID=698181) to work on /home/frederic/airflow_venv/lib/python3.10/site-packages/airflow/example_dags/example_xcom.py
[2026-05-29T10:15:52.285+0200] {processor.py:829} INFO - Processing file /home/frederic/airflow_venv/lib/python3.10/site-packages/airflow/example_dags/example_xcom.py for tasks to queue
[2026-05-29T10:15:52.286+0200] {logging_mixin.py:151} INFO - [2026-05-29T10:15:52.286+0200] {dagbag.py:539} INFO - Filling up the DagBag from /home/frederic/airflow_venv/lib/python3.10/site-packages/airflow/example_dags/example_xcom.py
[2026-05-29T10:15:52.293+0200] {processor.py:839} INFO - DAG(s) dict_keys(['example_xcom']) retrieved from /home/frederic/airflow_venv/lib/python3.10/site-packages/airflow/example_dags/example_xcom.py
[2026-05-29T10:15:52.310+0200] {logging_mixin.py:151} INFO - [2026-05-29T10:15:52.310+0200] {dag.py:2915} INFO - Sync 1 DAGs
[2026-05-29T10:15:52.329+0200] {logging_mixin.py:151} INFO - [2026-05-29T10:15:52.329+0200] {dag.py:3696} INFO - Setting next_dagrun for example_xcom to 2021-01-01T00:00:00+00:00, run_after=2021-01-01T00:00:00+00:00
[2026-05-29T10:15:52.348+0200] {processor.py:179} INFO - Processing /home/frederic/airflow_venv/lib/python3.10/site-packages/airflow/example_dags/example_xcom.py took 0.067 seconds
[2026-05-29T10:16:38.447+0200] {processor.py:157} INFO - Started process (PID=698838) to work on /home/frederic/airflow_venv/lib/python3.10/site-packages/airflow/example_dags/example_xcom.py
[2026-05-29T10:16:38.448+0200] {processor.py:829} INFO - Processing file /home/frederic/airflow_venv/lib/python3.10/site-packages/airflow/example_dags/example_xcom.py for tasks to queue
[2026-05-29T10:16:38.449+0200] {logging_mixin.py:151} INFO - [2026-05-29T10:16:38.448+0200] {dagbag.py:539} INFO - Filling up the DagBag from /home/frederic/airflow_venv/lib/python3.10/site-packages/airflow/example_dags/example_xcom.py
[2026-05-29T10:16:38.458+0200] {processor.py:839} INFO - DAG(s) dict_keys(['example_xcom']) retrieved from /home/frederic/airflow_venv/lib/python3.10/site-packages/airflow/example_dags/example_xcom.py
[2026-05-29T10:16:38.480+0200] {logging_mixin.py:151} INFO - [2026-05-29T10:16:38.479+0200] {dag.py:2915} INFO - Sync 1 DAGs
[2026-05-29T10:16:38.504+0200] {logging_mixin.py:151} INFO - [2026-05-29T10:16:38.503+0200] {dag.py:3696} INFO - Setting next_dagrun for example_xcom to 2021-01-01T00:00:00+00:00, run_after=2021-01-01T00:00:00+00:00
[2026-05-29T10:16:38.528+0200] {processor.py:179} INFO - Processing /home/frederic/airflow_venv/lib/python3.10/site-packages/airflow/example_dags/example_xcom.py took 0.084 seconds
[2026-05-29T10:17:23.003+0200] {processor.py:157} INFO - Started process (PID=699885) to work on /home/frederic/airflow_venv/lib/python3.10/site-packages/airflow/example_dags/example_xcom.py
[2026-05-29T10:17:23.004+0200] {processor.py:829} INFO - Processing file /home/frederic/airflow_venv/lib/python3.10/site-packages/airflow/example_dags/example_xcom.py for tasks to queue
[2026-05-29T10:17:23.005+0200] {logging_mixin.py:151} INFO - [2026-05-29T10:17:23.005+0200] {dagbag.py:539} INFO - Filling up the DagBag from /home/frederic/airflow_venv/lib/python3.10/site-packages/airflow/example_dags/example_xcom.py
[2026-05-29T10:17:23.012+0200] {processor.py:839} INFO - DAG(s) dict_keys(['example_xcom']) retrieved from /home/frederic/airflow_venv/lib/python3.10/site-packages/airflow/example_dags/example_xcom.py
[2026-05-29T10:17:23.026+0200] {logging_mixin.py:151} INFO - [2026-05-29T10:17:23.026+0200] {dag.py:2915} INFO - Sync 1 DAGs
[2026-05-29T10:17:23.043+0200] {logging_mixin.py:151} INFO - [2026-05-29T10:17:23.042+0200] {dag.py:3696} INFO - Setting next_dagrun for example_xcom to 2021-01-01T00:00:00+00:00, run_after=2021-01-01T00:00:00+00:00
[2026-05-29T10:17:23.058+0200] {processor.py:179} INFO - Processing /home/frederic/airflow_venv/lib/python3.10/site-packages/airflow/example_dags/example_xcom.py took 0.057 seconds
[2026-05-29T10:18:10.973+0200] {processor.py:157} INFO - Started process (PID=700712) to work on /home/frederic/airflow_venv/lib/python3.10/site-packages/airflow/example_dags/example_xcom.py
[2026-05-29T10:18:10.974+0200] {processor.py:829} INFO - Processing file /home/frederic/airflow_venv/lib/python3.10/site-packages/airflow/example_dags/example_xcom.py for tasks to queue
[2026-05-29T10:18:10.974+0200] {logging_mixin.py:151} INFO - [2026-05-29T10:18:10.974+0200] {dagbag.py:539} INFO - Filling up the DagBag from /home/frederic/airflow_venv/lib/python3.10/site-packages/airflow/example_dags/example_xcom.py
[2026-05-29T10:18:10.981+0200] {processor.py:839} INFO - DAG(s) dict_keys(['example_xcom']) retrieved from /home/frederic/airflow_venv/lib/python3.10/site-packages/airflow/example_dags/example_xcom.py
[2026-05-29T10:18:10.996+0200] {logging_mixin.py:151} INFO - [2026-05-29T10:18:10.996+0200] {dag.py:2915} INFO - Sync 1 DAGs
[2026-05-29T10:18:11.013+0200] {logging_mixin.py:151} INFO - [2026-05-29T10:18:11.013+0200] {dag.py:3696} INFO - Setting next_dagrun for example_xcom to 2021-01-01T00:00:00+00:00, run_after=2021-01-01T00:00:00+00:00
[2026-05-29T10:18:11.029+0200] {processor.py:179} INFO - Processing /home/frederic/airflow_venv/lib/python3.10/site-packages/airflow/example_dags/example_xcom.py took 0.059 seconds
[2026-05-29T10:18:55.306+0200] {processor.py:157} INFO - Started process (PID=701125) to work on /home/frederic/airflow_venv/lib/python3.10/site-packages/airflow/example_dags/example_xcom.py
[2026-05-29T10:18:55.307+0200] {processor.py:829} INFO - Processing file /home/frederic/airflow_venv/lib/python3.10/site-packages/airflow/example_dags/example_xcom.py for tasks to queue
[2026-05-29T10:18:55.307+0200] {logging_mixin.py:151} INFO - [2026-05-29T10:18:55.307+0200] {dagbag.py:539} INFO - Filling up the DagBag from /home/frederic/airflow_venv/lib/python3.10/site-packages/airflow/example_dags/example_xcom.py
[2026-05-29T10:18:55.314+0200] {processor.py:839} INFO - DAG(s) dict_keys(['example_xcom']) retrieved from /home/frederic/airflow_venv/lib/python3.10/site-packages/airflow/example_dags/example_xcom.py
[2026-05-29T10:18:55.332+0200] {logging_mixin.py:151} INFO - [2026-05-29T10:18:55.332+0200] {dag.py:2915} INFO - Sync 1 DAGs
[2026-05-29T10:18:55.348+0200] {logging_mixin.py:151} INFO - [2026-05-29T10:18:55.347+0200] {dag.py:3696} INFO - Setting next_dagrun for example_xcom to 2021-01-01T00:00:00+00:00, run_after=2021-01-01T00:00:00+00:00
[2026-05-29T10:18:55.362+0200] {processor.py:179} INFO - Processing /home/frederic/airflow_venv/lib/python3.10/site-packages/airflow/example_dags/example_xcom.py took 0.059 seconds
[2026-05-29T10:19:43.546+0200] {processor.py:157} INFO - Started process (PID=701587) to work on /home/frederic/airflow_venv/lib/python3.10/site-packages/airflow/example_dags/example_xcom.py
[2026-05-29T10:19:43.547+0200] {processor.py:829} INFO - Processing file /home/frederic/airflow_venv/lib/python3.10/site-packages/airflow/example_dags/example_xcom.py for tasks to queue
[2026-05-29T10:19:43.548+0200] {logging_mixin.py:151} INFO - [2026-05-29T10:19:43.547+0200] {dagbag.py:539} INFO - Filling up the DagBag from /home/frederic/airflow_venv/lib/python3.10/site-packages/airflow/example_dags/example_xcom.py
[2026-05-29T10:19:43.553+0200] {processor.py:839} INFO - DAG(s) dict_keys(['example_xcom']) retrieved from /home/frederic/airflow_venv/lib/python3.10/site-packages/airflow/example_dags/example_xcom.py
[2026-05-29T10:19:43.566+0200] {logging_mixin.py:151} INFO - [2026-05-29T10:19:43.566+0200] {dag.py:2915} INFO - Sync 1 DAGs
[2026-05-29T10:19:43.582+0200] {logging_mixin.py:151} INFO - [2026-05-29T10:19:43.582+0200] {dag.py:3696} INFO - Setting next_dagrun for example_xcom to 2021-01-01T00:00:00+00:00, run_after=2021-01-01T00:00:00+00:00
[2026-05-29T10:19:43.602+0200] {processor.py:179} INFO - Processing /home/frederic/airflow_venv/lib/python3.10/site-packages/airflow/example_dags/example_xcom.py took 0.058 seconds
[2026-05-29T10:20:34.542+0200] {processor.py:157} INFO - Started process (PID=702280) to work on /home/frederic/airflow_venv/lib/python3.10/site-packages/airflow/example_dags/example_xcom.py
[2026-05-29T10:20:34.543+0200] {processor.py:829} INFO - Processing file /home/frederic/airflow_venv/lib/python3.10/site-packages/airflow/example_dags/example_xcom.py for tasks to queue
[2026-05-29T10:20:34.544+0200] {logging_mixin.py:151} INFO - [2026-05-29T10:20:34.544+0200] {dagbag.py:539} INFO - Filling up the DagBag from /home/frederic/airflow_venv/lib/python3.10/site-packages/airflow/example_dags/example_xcom.py
[2026-05-29T10:20:34.552+0200] {processor.py:839} INFO - DAG(s) dict_keys(['example_xcom']) retrieved from /home/frederic/airflow_venv/lib/python3.10/site-packages/airflow/example_dags/example_xcom.py
[2026-05-29T10:20:34.566+0200] {logging_mixin.py:151} INFO - [2026-05-29T10:20:34.566+0200] {dag.py:2915} INFO - Sync 1 DAGs
[2026-05-29T10:20:34.588+0200] {logging_mixin.py:151} INFO - [2026-05-29T10:20:34.588+0200] {dag.py:3696} INFO - Setting next_dagrun for example_xcom to 2021-01-01T00:00:00+00:00, run_after=2021-01-01T00:00:00+00:00
[2026-05-29T10:20:34.688+0200] {processor.py:179} INFO - Processing /home/frederic/airflow_venv/lib/python3.10/site-packages/airflow/example_dags/example_xcom.py took 0.148 seconds
[2026-05-29T10:21:23.633+0200] {processor.py:157} INFO - Started process (PID=702785) to work on /home/frederic/airflow_venv/lib/python3.10/site-packages/airflow/example_dags/example_xcom.py
[2026-05-29T10:21:23.635+0200] {processor.py:829} INFO - Processing file /home/frederic/airflow_venv/lib/python3.10/site-packages/airflow/example_dags/example_xcom.py for tasks to queue
[2026-05-29T10:21:23.636+0200] {logging_mixin.py:151} INFO - [2026-05-29T10:21:23.635+0200] {dagbag.py:539} INFO - Filling up the DagBag from /home/frederic/airflow_venv/lib/python3.10/site-packages/airflow/example_dags/example_xcom.py
[2026-05-29T10:21:23.642+0200] {processor.py:839} INFO - DAG(s) dict_keys(['example_xcom']) retrieved from /home/frederic/airflow_venv/lib/python3.10/site-packages/airflow/example_dags/example_xcom.py
[2026-05-29T10:21:23.655+0200] {logging_mixin.py:151} INFO - [2026-05-29T10:21:23.655+0200] {dag.py:2915} INFO - Sync 1 DAGs
[2026-05-29T10:21:23.673+0200] {logging_mixin.py:151} INFO - [2026-05-29T10:21:23.672+0200] {dag.py:3696} INFO - Setting next_dagrun for example_xcom to 2021-01-01T00:00:00+00:00, run_after=2021-01-01T00:00:00+00:00
[2026-05-29T10:21:23.693+0200] {processor.py:179} INFO - Processing /home/frederic/airflow_venv/lib/python3.10/site-packages/airflow/example_dags/example_xcom.py took 0.063 seconds
[2026-05-29T10:22:08.965+0200] {processor.py:157} INFO - Started process (PID=703233) to work on /home/frederic/airflow_venv/lib/python3.10/site-packages/airflow/example_dags/example_xcom.py
[2026-05-29T10:22:08.966+0200] {processor.py:829} INFO - Processing file /home/frederic/airflow_venv/lib/python3.10/site-packages/airflow/example_dags/example_xcom.py for tasks to queue
[2026-05-29T10:22:08.967+0200] {logging_mixin.py:151} INFO - [2026-05-29T10:22:08.966+0200] {dagbag.py:539} INFO - Filling up the DagBag from /home/frederic/airflow_venv/lib/python3.10/site-packages/airflow/example_dags/example_xcom.py
[2026-05-29T10:22:08.973+0200] {processor.py:839} INFO - DAG(s) dict_keys(['example_xcom']) retrieved from /home/frederic/airflow_venv/lib/python3.10/site-packages/airflow/example_dags/example_xcom.py
[2026-05-29T10:22:08.985+0200] {logging_mixin.py:151} INFO - [2026-05-29T10:22:08.985+0200] {dag.py:2915} INFO - Sync 1 DAGs
[2026-05-29T10:22:09.001+0200] {logging_mixin.py:151} INFO - [2026-05-29T10:22:09.001+0200] {dag.py:3696} INFO - Setting next_dagrun for example_xcom to 2021-01-01T00:00:00+00:00, run_after=2021-01-01T00:00:00+00:00
[2026-05-29T10:22:09.016+0200] {processor.py:179} INFO - Processing /home/frederic/airflow_venv/lib/python3.10/site-packages/airflow/example_dags/example_xcom.py took 0.053 seconds
[2026-05-29T10:22:58.408+0200] {processor.py:157} INFO - Started process (PID=703720) to work on /home/frederic/airflow_venv/lib/python3.10/site-packages/airflow/example_dags/example_xcom.py
[2026-05-29T10:22:58.409+0200] {processor.py:829} INFO - Processing file /home/frederic/airflow_venv/lib/python3.10/site-packages/airflow/example_dags/example_xcom.py for tasks to queue
[2026-05-29T10:22:58.410+0200] {logging_mixin.py:151} INFO - [2026-05-29T10:22:58.410+0200] {dagbag.py:539} INFO - Filling up the DagBag from /home/frederic/airflow_venv/lib/python3.10/site-packages/airflow/example_dags/example_xcom.py
[2026-05-29T10:22:58.415+0200] {processor.py:839} INFO - DAG(s) dict_keys(['example_xcom']) retrieved from /home/frederic/airflow_venv/lib/python3.10/site-packages/airflow/example_dags/example_xcom.py
[2026-05-29T10:22:58.430+0200] {logging_mixin.py:151} INFO - [2026-05-29T10:22:58.430+0200] {dag.py:2915} INFO - Sync 1 DAGs
[2026-05-29T10:22:58.446+0200] {logging_mixin.py:151} INFO - [2026-05-29T10:22:58.446+0200] {dag.py:3696} INFO - Setting next_dagrun for example_xcom to 2021-01-01T00:00:00+00:00, run_after=2021-01-01T00:00:00+00:00
[2026-05-29T10:22:58.541+0200] {processor.py:179} INFO - Processing /home/frederic/airflow_venv/lib/python3.10/site-packages/airflow/example_dags/example_xcom.py took 0.135 seconds
[2026-05-29T10:23:46.511+0200] {processor.py:157} INFO - Started process (PID=704255) to work on /home/frederic/airflow_venv/lib/python3.10/site-packages/airflow/example_dags/example_xcom.py
[2026-05-29T10:23:46.512+0200] {processor.py:829} INFO - Processing file /home/frederic/airflow_venv/lib/python3.10/site-packages/airflow/example_dags/example_xcom.py for tasks to queue
[2026-05-29T10:23:46.513+0200] {logging_mixin.py:151} INFO - [2026-05-29T10:23:46.513+0200] {dagbag.py:539} INFO - Filling up the DagBag from /home/frederic/airflow_venv/lib/python3.10/site-packages/airflow/example_dags/example_xcom.py
[2026-05-29T10:23:46.519+0200] {processor.py:839} INFO - DAG(s) dict_keys(['example_xcom']) retrieved from /home/frederic/airflow_venv/lib/python3.10/site-packages/airflow/example_dags/example_xcom.py
[2026-05-29T10:23:46.532+0200] {logging_mixin.py:151} INFO - [2026-05-29T10:23:46.532+0200] {dag.py:2915} INFO - Sync 1 DAGs
[2026-05-29T10:23:46.547+0200] {logging_mixin.py:151} INFO - [2026-05-29T10:23:46.547+0200] {dag.py:3696} INFO - Setting next_dagrun for example_xcom to 2021-01-01T00:00:00+00:00, run_after=2021-01-01T00:00:00+00:00
[2026-05-29T10:23:46.562+0200] {processor.py:179} INFO - Processing /home/frederic/airflow_venv/lib/python3.10/site-packages/airflow/example_dags/example_xcom.py took 0.053 seconds
[2026-05-29T10:24:38.304+0200] {processor.py:157} INFO - Started process (PID=704787) to work on /home/frederic/airflow_venv/lib/python3.10/site-packages/airflow/example_dags/example_xcom.py
[2026-05-29T10:24:38.305+0200] {processor.py:829} INFO - Processing file /home/frederic/airflow_venv/lib/python3.10/site-packages/airflow/example_dags/example_xcom.py for tasks to queue
[2026-05-29T10:24:38.306+0200] {logging_mixin.py:151} INFO - [2026-05-29T10:24:38.306+0200] {dagbag.py:539} INFO - Filling up the DagBag from /home/frederic/airflow_venv/lib/python3.10/site-packages/airflow/example_dags/example_xcom.py
[2026-05-29T10:24:38.313+0200] {processor.py:839} INFO - DAG(s) dict_keys(['example_xcom']) retrieved from /home/frederic/airflow_venv/lib/python3.10/site-packages/airflow/example_dags/example_xcom.py
[2026-05-29T10:24:38.328+0200] {logging_mixin.py:151} INFO - [2026-05-29T10:24:38.327+0200] {dag.py:2915} INFO - Sync 1 DAGs
[2026-05-29T10:24:38.348+0200] {logging_mixin.py:151} INFO - [2026-05-29T10:24:38.347+0200] {dag.py:3696} INFO - Setting next_dagrun for example_xcom to 2021-01-01T00:00:00+00:00, run_after=2021-01-01T00:00:00+00:00
[2026-05-29T10:24:38.365+0200] {processor.py:179} INFO - Processing /home/frederic/airflow_venv/lib/python3.10/site-packages/airflow/example_dags/example_xcom.py took 0.063 seconds
[2026-05-29T10:25:14.662+0200] {processor.py:157} INFO - Started process (PID=705169) to work on /home/frederic/airflow_venv/lib/python3.10/site-packages/airflow/example_dags/example_xcom.py
[2026-05-29T10:25:14.663+0200] {processor.py:829} INFO - Processing file /home/frederic/airflow_venv/lib/python3.10/site-packages/airflow/example_dags/example_xcom.py for tasks to queue
[2026-05-29T10:25:14.664+0200] {logging_mixin.py:151} INFO - [2026-05-29T10:25:14.664+0200] {dagbag.py:539} INFO - Filling up the DagBag from /home/frederic/airflow_venv/lib/python3.10/site-packages/airflow/example_dags/example_xcom.py
[2026-05-29T10:25:14.670+0200] {processor.py:839} INFO - DAG(s) dict_keys(['example_xcom']) retrieved from /home/frederic/airflow_venv/lib/python3.10/site-packages/airflow/example_dags/example_xcom.py
[2026-05-29T10:25:14.683+0200] {logging_mixin.py:151} INFO - [2026-05-29T10:25:14.683+0200] {dag.py:2915} INFO - Sync 1 DAGs
[2026-05-29T10:25:14.795+0200] {logging_mixin.py:151} INFO - [2026-05-29T10:25:14.795+0200] {dag.py:3696} INFO - Setting next_dagrun for example_xcom to 2021-01-01T00:00:00+00:00, run_after=2021-01-01T00:00:00+00:00
[2026-05-29T10:25:14.817+0200] {processor.py:179} INFO - Processing /home/frederic/airflow_venv/lib/python3.10/site-packages/airflow/example_dags/example_xcom.py took 0.157 seconds
[2026-05-29T10:25:53.844+0200] {processor.py:157} INFO - Started process (PID=705522) to work on /home/frederic/airflow_venv/lib/python3.10/site-packages/airflow/example_dags/example_xcom.py
[2026-05-29T10:25:53.845+0200] {processor.py:829} INFO - Processing file /home/frederic/airflow_venv/lib/python3.10/site-packages/airflow/example_dags/example_xcom.py for tasks to queue
[2026-05-29T10:25:53.845+0200] {logging_mixin.py:151} INFO - [2026-05-29T10:25:53.845+0200] {dagbag.py:539} INFO - Filling up the DagBag from /home/frederic/airflow_venv/lib/python3.10/site-packages/airflow/example_dags/example_xcom.py
[2026-05-29T10:25:53.852+0200] {processor.py:839} INFO - DAG(s) dict_keys(['example_xcom']) retrieved from /home/frederic/airflow_venv/lib/python3.10/site-packages/airflow/example_dags/example_xcom.py
[2026-05-29T10:25:53.866+0200] {logging_mixin.py:151} INFO - [2026-05-29T10:25:53.866+0200] {dag.py:2915} INFO - Sync 1 DAGs
[2026-05-29T10:25:53.884+0200] {logging_mixin.py:151} INFO - [2026-05-29T10:25:53.884+0200] {dag.py:3696} INFO - Setting next_dagrun for example_xcom to 2021-01-01T00:00:00+00:00, run_after=2021-01-01T00:00:00+00:00
[2026-05-29T10:25:53.898+0200] {processor.py:179} INFO - Processing /home/frederic/airflow_venv/lib/python3.10/site-packages/airflow/example_dags/example_xcom.py took 0.057 seconds
[2026-05-29T10:26:28.116+0200] {processor.py:157} INFO - Started process (PID=705889) to work on /home/frederic/airflow_venv/lib/python3.10/site-packages/airflow/example_dags/example_xcom.py
[2026-05-29T10:26:28.117+0200] {processor.py:829} INFO - Processing file /home/frederic/airflow_venv/lib/python3.10/site-packages/airflow/example_dags/example_xcom.py for tasks to queue
[2026-05-29T10:26:28.117+0200] {logging_mixin.py:151} INFO - [2026-05-29T10:26:28.117+0200] {dagbag.py:539} INFO - Filling up the DagBag from /home/frederic/airflow_venv/lib/python3.10/site-packages/airflow/example_dags/example_xcom.py
[2026-05-29T10:26:28.123+0200] {processor.py:839} INFO - DAG(s) dict_keys(['example_xcom']) retrieved from /home/frederic/airflow_venv/lib/python3.10/site-packages/airflow/example_dags/example_xcom.py
[2026-05-29T10:26:28.135+0200] {logging_mixin.py:151} INFO - [2026-05-29T10:26:28.135+0200] {dag.py:2915} INFO - Sync 1 DAGs
[2026-05-29T10:26:28.226+0200] {logging_mixin.py:151} INFO - [2026-05-29T10:26:28.225+0200] {dag.py:3696} INFO - Setting next_dagrun for example_xcom to 2021-01-01T00:00:00+00:00, run_after=2021-01-01T00:00:00+00:00
[2026-05-29T10:26:28.240+0200] {processor.py:179} INFO - Processing /home/frederic/airflow_venv/lib/python3.10/site-packages/airflow/example_dags/example_xcom.py took 0.126 seconds
[2026-05-29T10:27:17.837+0200] {processor.py:157} INFO - Started process (PID=706393) to work on /home/frederic/airflow_venv/lib/python3.10/site-packages/airflow/example_dags/example_xcom.py
[2026-05-29T10:27:17.838+0200] {processor.py:829} INFO - Processing file /home/frederic/airflow_venv/lib/python3.10/site-packages/airflow/example_dags/example_xcom.py for tasks to queue
[2026-05-29T10:27:17.839+0200] {logging_mixin.py:151} INFO - [2026-05-29T10:27:17.839+0200] {dagbag.py:539} INFO - Filling up the DagBag from /home/frederic/airflow_venv/lib/python3.10/site-packages/airflow/example_dags/example_xcom.py
[2026-05-29T10:27:17.845+0200] {processor.py:839} INFO - DAG(s) dict_keys(['example_xcom']) retrieved from /home/frederic/airflow_venv/lib/python3.10/site-packages/airflow/example_dags/example_xcom.py
[2026-05-29T10:27:17.857+0200] {logging_mixin.py:151} INFO - [2026-05-29T10:27:17.857+0200] {dag.py:2915} INFO - Sync 1 DAGs
[2026-05-29T10:27:17.873+0200] {logging_mixin.py:151} INFO - [2026-05-29T10:27:17.873+0200] {dag.py:3696} INFO - Setting next_dagrun for example_xcom to 2021-01-01T00:00:00+00:00, run_after=2021-01-01T00:00:00+00:00
[2026-05-29T10:27:17.889+0200] {processor.py:179} INFO - Processing /home/frederic/airflow_venv/lib/python3.10/site-packages/airflow/example_dags/example_xcom.py took 0.054 seconds
[2026-05-29T10:28:01.706+0200] {processor.py:157} INFO - Started process (PID=706818) to work on /home/frederic/airflow_venv/lib/python3.10/site-packages/airflow/example_dags/example_xcom.py
[2026-05-29T10:28:01.707+0200] {processor.py:829} INFO - Processing file /home/frederic/airflow_venv/lib/python3.10/site-packages/airflow/example_dags/example_xcom.py for tasks to queue
[2026-05-29T10:28:01.708+0200] {logging_mixin.py:151} INFO - [2026-05-29T10:28:01.707+0200] {dagbag.py:539} INFO - Filling up the DagBag from /home/frederic/airflow_venv/lib/python3.10/site-packages/airflow/example_dags/example_xcom.py
[2026-05-29T10:28:01.713+0200] {processor.py:839} INFO - DAG(s) dict_keys(['example_xcom']) retrieved from /home/frederic/airflow_venv/lib/python3.10/site-packages/airflow/example_dags/example_xcom.py
[2026-05-29T10:28:01.725+0200] {logging_mixin.py:151} INFO - [2026-05-29T10:28:01.725+0200] {dag.py:2915} INFO - Sync 1 DAGs
[2026-05-29T10:28:01.740+0200] {logging_mixin.py:151} INFO - [2026-05-29T10:28:01.739+0200] {dag.py:3696} INFO - Setting next_dagrun for example_xcom to 2021-01-01T00:00:00+00:00, run_after=2021-01-01T00:00:00+00:00
[2026-05-29T10:28:01.754+0200] {processor.py:179} INFO - Processing /home/frederic/airflow_venv/lib/python3.10/site-packages/airflow/example_dags/example_xcom.py took 0.050 seconds
[2026-05-29T10:28:44.078+0200] {processor.py:157} INFO - Started process (PID=707425) to work on /home/frederic/airflow_venv/lib/python3.10/site-packages/airflow/example_dags/example_xcom.py
[2026-05-29T10:28:44.079+0200] {processor.py:829} INFO - Processing file /home/frederic/airflow_venv/lib/python3.10/site-packages/airflow/example_dags/example_xcom.py for tasks to queue
[2026-05-29T10:28:44.080+0200] {logging_mixin.py:151} INFO - [2026-05-29T10:28:44.080+0200] {dagbag.py:539} INFO - Filling up the DagBag from /home/frederic/airflow_venv/lib/python3.10/site-packages/airflow/example_dags/example_xcom.py
[2026-05-29T10:28:44.086+0200] {processor.py:839} INFO - DAG(s) dict_keys(['example_xcom']) retrieved from /home/frederic/airflow_venv/lib/python3.10/site-packages/airflow/example_dags/example_xcom.py
[2026-05-29T10:28:44.100+0200] {logging_mixin.py:151} INFO - [2026-05-29T10:28:44.100+0200] {dag.py:2915} INFO - Sync 1 DAGs
[2026-05-29T10:28:44.118+0200] {logging_mixin.py:151} INFO - [2026-05-29T10:28:44.117+0200] {dag.py:3696} INFO - Setting next_dagrun for example_xcom to 2021-01-01T00:00:00+00:00, run_after=2021-01-01T00:00:00+00:00
[2026-05-29T10:28:44.131+0200] {processor.py:179} INFO - Processing /home/frederic/airflow_venv/lib/python3.10/site-packages/airflow/example_dags/example_xcom.py took 0.057 seconds
[2026-05-29T10:29:19.475+0200] {processor.py:157} INFO - Started process (PID=707878) to work on /home/frederic/airflow_venv/lib/python3.10/site-packages/airflow/example_dags/example_xcom.py
[2026-05-29T10:29:19.476+0200] {processor.py:829} INFO - Processing file /home/frederic/airflow_venv/lib/python3.10/site-packages/airflow/example_dags/example_xcom.py for tasks to queue
[2026-05-29T10:29:19.477+0200] {logging_mixin.py:151} INFO - [2026-05-29T10:29:19.476+0200] {dagbag.py:539} INFO - Filling up the DagBag from /home/frederic/airflow_venv/lib/python3.10/site-packages/airflow/example_dags/example_xcom.py
[2026-05-29T10:29:19.483+0200] {processor.py:839} INFO - DAG(s) dict_keys(['example_xcom']) retrieved from /home/frederic/airflow_venv/lib/python3.10/site-packages/airflow/example_dags/example_xcom.py
[2026-05-29T10:29:19.496+0200] {logging_mixin.py:151} INFO - [2026-05-29T10:29:19.496+0200] {dag.py:2915} INFO - Sync 1 DAGs
[2026-05-29T10:29:19.511+0200] {logging_mixin.py:151} INFO - [2026-05-29T10:29:19.510+0200] {dag.py:3696} INFO - Setting next_dagrun for example_xcom to 2021-01-01T00:00:00+00:00, run_after=2021-01-01T00:00:00+00:00
[2026-05-29T10:29:19.525+0200] {processor.py:179} INFO - Processing /home/frederic/airflow_venv/lib/python3.10/site-packages/airflow/example_dags/example_xcom.py took 0.052 seconds
[2026-05-29T10:30:06.404+0200] {processor.py:157} INFO - Started process (PID=708420) to work on /home/frederic/airflow_venv/lib/python3.10/site-packages/airflow/example_dags/example_xcom.py
[2026-05-29T10:30:06.405+0200] {processor.py:829} INFO - Processing file /home/frederic/airflow_venv/lib/python3.10/site-packages/airflow/example_dags/example_xcom.py for tasks to queue
[2026-05-29T10:30:06.406+0200] {logging_mixin.py:151} INFO - [2026-05-29T10:30:06.406+0200] {dagbag.py:539} INFO - Filling up the DagBag from /home/frederic/airflow_venv/lib/python3.10/site-packages/airflow/example_dags/example_xcom.py
[2026-05-29T10:30:06.412+0200] {processor.py:839} INFO - DAG(s) dict_keys(['example_xcom']) retrieved from /home/frederic/airflow_venv/lib/python3.10/site-packages/airflow/example_dags/example_xcom.py
[2026-05-29T10:30:06.427+0200] {logging_mixin.py:151} INFO - [2026-05-29T10:30:06.427+0200] {dag.py:2915} INFO - Sync 1 DAGs
[2026-05-29T10:30:06.443+0200] {logging_mixin.py:151} INFO - [2026-05-29T10:30:06.443+0200] {dag.py:3696} INFO - Setting next_dagrun for example_xcom to 2021-01-01T00:00:00+00:00, run_after=2021-01-01T00:00:00+00:00
[2026-05-29T10:30:06.458+0200] {processor.py:179} INFO - Processing /home/frederic/airflow_venv/lib/python3.10/site-packages/airflow/example_dags/example_xcom.py took 0.056 seconds
[2026-05-29T10:30:41.665+0200] {processor.py:157} INFO - Started process (PID=708929) to work on /home/frederic/airflow_venv/lib/python3.10/site-packages/airflow/example_dags/example_xcom.py
[2026-05-29T10:30:41.666+0200] {processor.py:829} INFO - Processing file /home/frederic/airflow_venv/lib/python3.10/site-packages/airflow/example_dags/example_xcom.py for tasks to queue
[2026-05-29T10:30:41.667+0200] {logging_mixin.py:151} INFO - [2026-05-29T10:30:41.666+0200] {dagbag.py:539} INFO - Filling up the DagBag from /home/frederic/airflow_venv/lib/python3.10/site-packages/airflow/example_dags/example_xcom.py
[2026-05-29T10:30:41.673+0200] {processor.py:839} INFO - DAG(s) dict_keys(['example_xcom']) retrieved from /home/frederic/airflow_venv/lib/python3.10/site-packages/airflow/example_dags/example_xcom.py
[2026-05-29T10:30:41.686+0200] {logging_mixin.py:151} INFO - [2026-05-29T10:30:41.686+0200] {dag.py:2915} INFO - Sync 1 DAGs
[2026-05-29T10:30:41.700+0200] {logging_mixin.py:151} INFO - [2026-05-29T10:30:41.700+0200] {dag.py:3696} INFO - Setting next_dagrun for example_xcom to 2021-01-01T00:00:00+00:00, run_after=2021-01-01T00:00:00+00:00
[2026-05-29T10:30:41.714+0200] {processor.py:179} INFO - Processing /home/frederic/airflow_venv/lib/python3.10/site-packages/airflow/example_dags/example_xcom.py took 0.052 seconds
[2026-05-29T10:31:25.634+0200] {processor.py:157} INFO - Started process (PID=709402) to work on /home/frederic/airflow_venv/lib/python3.10/site-packages/airflow/example_dags/example_xcom.py
[2026-05-29T10:31:25.635+0200] {processor.py:829} INFO - Processing file /home/frederic/airflow_venv/lib/python3.10/site-packages/airflow/example_dags/example_xcom.py for tasks to queue
[2026-05-29T10:31:25.636+0200] {logging_mixin.py:151} INFO - [2026-05-29T10:31:25.635+0200] {dagbag.py:539} INFO - Filling up the DagBag from /home/frederic/airflow_venv/lib/python3.10/site-packages/airflow/example_dags/example_xcom.py
[2026-05-29T10:31:25.644+0200] {processor.py:839} INFO - DAG(s) dict_keys(['example_xcom']) retrieved from /home/frederic/airflow_venv/lib/python3.10/site-packages/airflow/example_dags/example_xcom.py
[2026-05-29T10:31:25.661+0200] {logging_mixin.py:151} INFO - [2026-05-29T10:31:25.661+0200] {dag.py:2915} INFO - Sync 1 DAGs
[2026-05-29T10:31:25.679+0200] {logging_mixin.py:151} INFO - [2026-05-29T10:31:25.679+0200] {dag.py:3696} INFO - Setting next_dagrun for example_xcom to 2021-01-01T00:00:00+00:00, run_after=2021-01-01T00:00:00+00:00
[2026-05-29T10:31:25.700+0200] {processor.py:179} INFO - Processing /home/frederic/airflow_venv/lib/python3.10/site-packages/airflow/example_dags/example_xcom.py took 0.068 seconds
[2026-05-29T10:32:10.296+0200] {processor.py:157} INFO - Started process (PID=709976) to work on /home/frederic/airflow_venv/lib/python3.10/site-packages/airflow/example_dags/example_xcom.py
[2026-05-29T10:32:10.297+0200] {processor.py:829} INFO - Processing file /home/frederic/airflow_venv/lib/python3.10/site-packages/airflow/example_dags/example_xcom.py for tasks to queue
[2026-05-29T10:32:10.298+0200] {logging_mixin.py:151} INFO - [2026-05-29T10:32:10.297+0200] {dagbag.py:539} INFO - Filling up the DagBag from /home/frederic/airflow_venv/lib/python3.10/site-packages/airflow/example_dags/example_xcom.py
[2026-05-29T10:32:10.304+0200] {processor.py:839} INFO - DAG(s) dict_keys(['example_xcom']) retrieved from /home/frederic/airflow_venv/lib/python3.10/site-packages/airflow/example_dags/example_xcom.py
[2026-05-29T10:32:10.319+0200] {logging_mixin.py:151} INFO - [2026-05-29T10:32:10.319+0200] {dag.py:2915} INFO - Sync 1 DAGs
[2026-05-29T10:32:10.335+0200] {logging_mixin.py:151} INFO - [2026-05-29T10:32:10.335+0200] {dag.py:3696} INFO - Setting next_dagrun for example_xcom to 2021-01-01T00:00:00+00:00, run_after=2021-01-01T00:00:00+00:00
[2026-05-29T10:32:10.349+0200] {processor.py:179} INFO - Processing /home/frederic/airflow_venv/lib/python3.10/site-packages/airflow/example_dags/example_xcom.py took 0.056 seconds
[2026-05-29T10:32:55.281+0200] {processor.py:157} INFO - Started process (PID=710551) to work on /home/frederic/airflow_venv/lib/python3.10/site-packages/airflow/example_dags/example_xcom.py
[2026-05-29T10:32:55.282+0200] {processor.py:829} INFO - Processing file /home/frederic/airflow_venv/lib/python3.10/site-packages/airflow/example_dags/example_xcom.py for tasks to queue
[2026-05-29T10:32:55.282+0200] {logging_mixin.py:151} INFO - [2026-05-29T10:32:55.282+0200] {dagbag.py:539} INFO - Filling up the DagBag from /home/frederic/airflow_venv/lib/python3.10/site-packages/airflow/example_dags/example_xcom.py
[2026-05-29T10:32:55.288+0200] {processor.py:839} INFO - DAG(s) dict_keys(['example_xcom']) retrieved from /home/frederic/airflow_venv/lib/python3.10/site-packages/airflow/example_dags/example_xcom.py
[2026-05-29T10:32:55.304+0200] {logging_mixin.py:151} INFO - [2026-05-29T10:32:55.303+0200] {dag.py:2915} INFO - Sync 1 DAGs
[2026-05-29T10:32:55.323+0200] {logging_mixin.py:151} INFO - [2026-05-29T10:32:55.323+0200] {dag.py:3696} INFO - Setting next_dagrun for example_xcom to 2021-01-01T00:00:00+00:00, run_after=2021-01-01T00:00:00+00:00
[2026-05-29T10:32:55.339+0200] {processor.py:179} INFO - Processing /home/frederic/airflow_venv/lib/python3.10/site-packages/airflow/example_dags/example_xcom.py took 0.061 seconds
[2026-05-29T10:33:43.152+0200] {processor.py:157} INFO - Started process (PID=711289) to work on /home/frederic/airflow_venv/lib/python3.10/site-packages/airflow/example_dags/example_xcom.py
[2026-05-29T10:33:43.153+0200] {processor.py:829} INFO - Processing file /home/frederic/airflow_venv/lib/python3.10/site-packages/airflow/example_dags/example_xcom.py for tasks to queue
[2026-05-29T10:33:43.154+0200] {logging_mixin.py:151} INFO - [2026-05-29T10:33:43.154+0200] {dagbag.py:539} INFO - Filling up the DagBag from /home/frederic/airflow_venv/lib/python3.10/site-packages/airflow/example_dags/example_xcom.py
[2026-05-29T10:33:43.162+0200] {processor.py:839} INFO - DAG(s) dict_keys(['example_xcom']) retrieved from /home/frederic/airflow_venv/lib/python3.10/site-packages/airflow/example_dags/example_xcom.py
[2026-05-29T10:33:43.177+0200] {logging_mixin.py:151} INFO - [2026-05-29T10:33:43.177+0200] {dag.py:2915} INFO - Sync 1 DAGs
[2026-05-29T10:33:43.193+0200] {logging_mixin.py:151} INFO - [2026-05-29T10:33:43.193+0200] {dag.py:3696} INFO - Setting next_dagrun for example_xcom to 2021-01-01T00:00:00+00:00, run_after=2021-01-01T00:00:00+00:00
[2026-05-29T10:33:43.212+0200] {processor.py:179} INFO - Processing /home/frederic/airflow_venv/lib/python3.10/site-packages/airflow/example_dags/example_xcom.py took 0.062 seconds
[2026-05-29T10:34:25.257+0200] {processor.py:157} INFO - Started process (PID=711961) to work on /home/frederic/airflow_venv/lib/python3.10/site-packages/airflow/example_dags/example_xcom.py
[2026-05-29T10:34:25.258+0200] {processor.py:829} INFO - Processing file /home/frederic/airflow_venv/lib/python3.10/site-packages/airflow/example_dags/example_xcom.py for tasks to queue
[2026-05-29T10:34:25.259+0200] {logging_mixin.py:151} INFO - [2026-05-29T10:34:25.259+0200] {dagbag.py:539} INFO - Filling up the DagBag from /home/frederic/airflow_venv/lib/python3.10/site-packages/airflow/example_dags/example_xcom.py
[2026-05-29T10:34:25.265+0200] {processor.py:839} INFO - DAG(s) dict_keys(['example_xcom']) retrieved from /home/frederic/airflow_venv/lib/python3.10/site-packages/airflow/example_dags/example_xcom.py
[2026-05-29T10:34:25.277+0200] {logging_mixin.py:151} INFO - [2026-05-29T10:34:25.277+0200] {dag.py:2915} INFO - Sync 1 DAGs
[2026-05-29T10:34:25.293+0200] {logging_mixin.py:151} INFO - [2026-05-29T10:34:25.293+0200] {dag.py:3696} INFO - Setting next_dagrun for example_xcom to 2021-01-01T00:00:00+00:00, run_after=2021-01-01T00:00:00+00:00
[2026-05-29T10:34:25.308+0200] {processor.py:179} INFO - Processing /home/frederic/airflow_venv/lib/python3.10/site-packages/airflow/example_dags/example_xcom.py took 0.053 seconds
[2026-05-29T10:35:12.608+0200] {processor.py:157} INFO - Started process (PID=712441) to work on /home/frederic/airflow_venv/lib/python3.10/site-packages/airflow/example_dags/example_xcom.py
[2026-05-29T10:35:12.609+0200] {processor.py:829} INFO - Processing file /home/frederic/airflow_venv/lib/python3.10/site-packages/airflow/example_dags/example_xcom.py for tasks to queue
[2026-05-29T10:35:12.610+0200] {logging_mixin.py:151} INFO - [2026-05-29T10:35:12.609+0200] {dagbag.py:539} INFO - Filling up the DagBag from /home/frederic/airflow_venv/lib/python3.10/site-packages/airflow/example_dags/example_xcom.py
[2026-05-29T10:35:12.616+0200] {processor.py:839} INFO - DAG(s) dict_keys(['example_xcom']) retrieved from /home/frederic/airflow_venv/lib/python3.10/site-packages/airflow/example_dags/example_xcom.py
[2026-05-29T10:35:12.629+0200] {logging_mixin.py:151} INFO - [2026-05-29T10:35:12.629+0200] {dag.py:2915} INFO - Sync 1 DAGs
[2026-05-29T10:35:12.644+0200] {logging_mixin.py:151} INFO - [2026-05-29T10:35:12.644+0200] {dag.py:3696} INFO - Setting next_dagrun for example_xcom to 2021-01-01T00:00:00+00:00, run_after=2021-01-01T00:00:00+00:00
[2026-05-29T10:35:12.659+0200] {processor.py:179} INFO - Processing /home/frederic/airflow_venv/lib/python3.10/site-packages/airflow/example_dags/example_xcom.py took 0.053 seconds
[2026-05-29T10:36:01.034+0200] {processor.py:157} INFO - Started process (PID=712895) to work on /home/frederic/airflow_venv/lib/python3.10/site-packages/airflow/example_dags/example_xcom.py
[2026-05-29T10:36:01.035+0200] {processor.py:829} INFO - Processing file /home/frederic/airflow_venv/lib/python3.10/site-packages/airflow/example_dags/example_xcom.py for tasks to queue
[2026-05-29T10:36:01.036+0200] {logging_mixin.py:151} INFO - [2026-05-29T10:36:01.035+0200] {dagbag.py:539} INFO - Filling up the DagBag from /home/frederic/airflow_venv/lib/python3.10/site-packages/airflow/example_dags/example_xcom.py
[2026-05-29T10:36:01.042+0200] {processor.py:839} INFO - DAG(s) dict_keys(['example_xcom']) retrieved from /home/frederic/airflow_venv/lib/python3.10/site-packages/airflow/example_dags/example_xcom.py
[2026-05-29T10:36:01.054+0200] {logging_mixin.py:151} INFO - [2026-05-29T10:36:01.054+0200] {dag.py:2915} INFO - Sync 1 DAGs
[2026-05-29T10:36:01.070+0200] {logging_mixin.py:151} INFO - [2026-05-29T10:36:01.070+0200] {dag.py:3696} INFO - Setting next_dagrun for example_xcom to 2021-01-01T00:00:00+00:00, run_after=2021-01-01T00:00:00+00:00
[2026-05-29T10:36:01.085+0200] {processor.py:179} INFO - Processing /home/frederic/airflow_venv/lib/python3.10/site-packages/airflow/example_dags/example_xcom.py took 0.053 seconds
[2026-05-29T10:36:42.685+0200] {processor.py:157} INFO - Started process (PID=713467) to work on /home/frederic/airflow_venv/lib/python3.10/site-packages/airflow/example_dags/example_xcom.py
[2026-05-29T10:36:42.686+0200] {processor.py:829} INFO - Processing file /home/frederic/airflow_venv/lib/python3.10/site-packages/airflow/example_dags/example_xcom.py for tasks to queue
[2026-05-29T10:36:42.687+0200] {logging_mixin.py:151} INFO - [2026-05-29T10:36:42.687+0200] {dagbag.py:539} INFO - Filling up the DagBag from /home/frederic/airflow_venv/lib/python3.10/site-packages/airflow/example_dags/example_xcom.py
[2026-05-29T10:36:42.695+0200] {processor.py:839} INFO - DAG(s) dict_keys(['example_xcom']) retrieved from /home/frederic/airflow_venv/lib/python3.10/site-packages/airflow/example_dags/example_xcom.py
[2026-05-29T10:36:42.708+0200] {logging_mixin.py:151} INFO - [2026-05-29T10:36:42.708+0200] {dag.py:2915} INFO - Sync 1 DAGs
[2026-05-29T10:36:42.724+0200] {logging_mixin.py:151} INFO - [2026-05-29T10:36:42.723+0200] {dag.py:3696} INFO - Setting next_dagrun for example_xcom to 2021-01-01T00:00:00+00:00, run_after=2021-01-01T00:00:00+00:00
[2026-05-29T10:36:42.740+0200] {processor.py:179} INFO - Processing /home/frederic/airflow_venv/lib/python3.10/site-packages/airflow/example_dags/example_xcom.py took 0.058 seconds
[2026-05-29T10:37:31.057+0200] {processor.py:157} INFO - Started process (PID=714048) to work on /home/frederic/airflow_venv/lib/python3.10/site-packages/airflow/example_dags/example_xcom.py
[2026-05-29T10:37:31.058+0200] {processor.py:829} INFO - Processing file /home/frederic/airflow_venv/lib/python3.10/site-packages/airflow/example_dags/example_xcom.py for tasks to queue
[2026-05-29T10:37:31.059+0200] {logging_mixin.py:151} INFO - [2026-05-29T10:37:31.058+0200] {dagbag.py:539} INFO - Filling up the DagBag from /home/frederic/airflow_venv/lib/python3.10/site-packages/airflow/example_dags/example_xcom.py
[2026-05-29T10:37:31.065+0200] {processor.py:839} INFO - DAG(s) dict_keys(['example_xcom']) retrieved from /home/frederic/airflow_venv/lib/python3.10/site-packages/airflow/example_dags/example_xcom.py
[2026-05-29T10:37:31.078+0200] {logging_mixin.py:151} INFO - [2026-05-29T10:37:31.077+0200] {dag.py:2915} INFO - Sync 1 DAGs
[2026-05-29T10:37:31.094+0200] {logging_mixin.py:151} INFO - [2026-05-29T10:37:31.093+0200] {dag.py:3696} INFO - Setting next_dagrun for example_xcom to 2021-01-01T00:00:00+00:00, run_after=2021-01-01T00:00:00+00:00
[2026-05-29T10:37:31.108+0200] {processor.py:179} INFO - Processing /home/frederic/airflow_venv/lib/python3.10/site-packages/airflow/example_dags/example_xcom.py took 0.054 seconds
[2026-05-29T10:38:14.147+0200] {processor.py:157} INFO - Started process (PID=714823) to work on /home/frederic/airflow_venv/lib/python3.10/site-packages/airflow/example_dags/example_xcom.py
[2026-05-29T10:38:14.148+0200] {processor.py:829} INFO - Processing file /home/frederic/airflow_venv/lib/python3.10/site-packages/airflow/example_dags/example_xcom.py for tasks to queue
[2026-05-29T10:38:14.149+0200] {logging_mixin.py:151} INFO - [2026-05-29T10:38:14.148+0200] {dagbag.py:539} INFO - Filling up the DagBag from /home/frederic/airflow_venv/lib/python3.10/site-packages/airflow/example_dags/example_xcom.py
[2026-05-29T10:38:14.155+0200] {processor.py:839} INFO - DAG(s) dict_keys(['example_xcom']) retrieved from /home/frederic/airflow_venv/lib/python3.10/site-packages/airflow/example_dags/example_xcom.py
[2026-05-29T10:38:14.167+0200] {logging_mixin.py:151} INFO - [2026-05-29T10:38:14.167+0200] {dag.py:2915} INFO - Sync 1 DAGs
[2026-05-29T10:38:14.182+0200] {logging_mixin.py:151} INFO - [2026-05-29T10:38:14.182+0200] {dag.py:3696} INFO - Setting next_dagrun for example_xcom to 2021-01-01T00:00:00+00:00, run_after=2021-01-01T00:00:00+00:00
[2026-05-29T10:38:14.197+0200] {processor.py:179} INFO - Processing /home/frederic/airflow_venv/lib/python3.10/site-packages/airflow/example_dags/example_xcom.py took 0.052 seconds
[2026-05-29T10:38:49.289+0200] {processor.py:157} INFO - Started process (PID=715174) to work on /home/frederic/airflow_venv/lib/python3.10/site-packages/airflow/example_dags/example_xcom.py
[2026-05-29T10:38:49.290+0200] {processor.py:829} INFO - Processing file /home/frederic/airflow_venv/lib/python3.10/site-packages/airflow/example_dags/example_xcom.py for tasks to queue
[2026-05-29T10:38:49.290+0200] {logging_mixin.py:151} INFO - [2026-05-29T10:38:49.290+0200] {dagbag.py:539} INFO - Filling up the DagBag from /home/frederic/airflow_venv/lib/python3.10/site-packages/airflow/example_dags/example_xcom.py
[2026-05-29T10:38:49.297+0200] {processor.py:839} INFO - DAG(s) dict_keys(['example_xcom']) retrieved from /home/frederic/airflow_venv/lib/python3.10/site-packages/airflow/example_dags/example_xcom.py
[2026-05-29T10:38:49.311+0200] {logging_mixin.py:151} INFO - [2026-05-29T10:38:49.311+0200] {dag.py:2915} INFO - Sync 1 DAGs
[2026-05-29T10:38:49.327+0200] {logging_mixin.py:151} INFO - [2026-05-29T10:38:49.327+0200] {dag.py:3696} INFO - Setting next_dagrun for example_xcom to 2021-01-01T00:00:00+00:00, run_after=2021-01-01T00:00:00+00:00
[2026-05-29T10:38:49.342+0200] {processor.py:179} INFO - Processing /home/frederic/airflow_venv/lib/python3.10/site-packages/airflow/example_dags/example_xcom.py took 0.055 seconds
[2026-05-29T10:39:34.013+0200] {processor.py:157} INFO - Started process (PID=715943) to work on /home/frederic/airflow_venv/lib/python3.10/site-packages/airflow/example_dags/example_xcom.py
[2026-05-29T10:39:34.014+0200] {processor.py:829} INFO - Processing file /home/frederic/airflow_venv/lib/python3.10/site-packages/airflow/example_dags/example_xcom.py for tasks to queue
[2026-05-29T10:39:34.015+0200] {logging_mixin.py:151} INFO - [2026-05-29T10:39:34.015+0200] {dagbag.py:539} INFO - Filling up the DagBag from /home/frederic/airflow_venv/lib/python3.10/site-packages/airflow/example_dags/example_xcom.py
[2026-05-29T10:39:34.022+0200] {processor.py:839} INFO - DAG(s) dict_keys(['example_xcom']) retrieved from /home/frederic/airflow_venv/lib/python3.10/site-packages/airflow/example_dags/example_xcom.py
[2026-05-29T10:39:34.036+0200] {logging_mixin.py:151} INFO - [2026-05-29T10:39:34.035+0200] {dag.py:2915} INFO - Sync 1 DAGs
[2026-05-29T10:39:34.050+0200] {logging_mixin.py:151} INFO - [2026-05-29T10:39:34.050+0200] {dag.py:3696} INFO - Setting next_dagrun for example_xcom to 2021-01-01T00:00:00+00:00, run_after=2021-01-01T00:00:00+00:00
[2026-05-29T10:39:34.063+0200] {processor.py:179} INFO - Processing /home/frederic/airflow_venv/lib/python3.10/site-packages/airflow/example_dags/example_xcom.py took 0.052 seconds
[2026-05-29T10:40:17.872+0200] {processor.py:157} INFO - Started process (PID=716518) to work on /home/frederic/airflow_venv/lib/python3.10/site-packages/airflow/example_dags/example_xcom.py
[2026-05-29T10:40:17.873+0200] {processor.py:829} INFO - Processing file /home/frederic/airflow_venv/lib/python3.10/site-packages/airflow/example_dags/example_xcom.py for tasks to queue
[2026-05-29T10:40:17.873+0200] {logging_mixin.py:151} INFO - [2026-05-29T10:40:17.873+0200] {dagbag.py:539} INFO - Filling up the DagBag from /home/frederic/airflow_venv/lib/python3.10/site-packages/airflow/example_dags/example_xcom.py
[2026-05-29T10:40:17.879+0200] {processor.py:839} INFO - DAG(s) dict_keys(['example_xcom']) retrieved from /home/frederic/airflow_venv/lib/python3.10/site-packages/airflow/example_dags/example_xcom.py
[2026-05-29T10:40:17.893+0200] {logging_mixin.py:151} INFO - [2026-05-29T10:40:17.893+0200] {dag.py:2915} INFO - Sync 1 DAGs
[2026-05-29T10:40:17.909+0200] {logging_mixin.py:151} INFO - [2026-05-29T10:40:17.909+0200] {dag.py:3696} INFO - Setting next_dagrun for example_xcom to 2021-01-01T00:00:00+00:00, run_after=2021-01-01T00:00:00+00:00
[2026-05-29T10:40:17.923+0200] {processor.py:179} INFO - Processing /home/frederic/airflow_venv/lib/python3.10/site-packages/airflow/example_dags/example_xcom.py took 0.053 seconds
[2026-05-29T10:41:04.031+0200] {processor.py:157} INFO - Started process (PID=717048) to work on /home/frederic/airflow_venv/lib/python3.10/site-packages/airflow/example_dags/example_xcom.py
[2026-05-29T10:41:04.032+0200] {processor.py:829} INFO - Processing file /home/frederic/airflow_venv/lib/python3.10/site-packages/airflow/example_dags/example_xcom.py for tasks to queue
[2026-05-29T10:41:04.033+0200] {logging_mixin.py:151} INFO - [2026-05-29T10:41:04.033+0200] {dagbag.py:539} INFO - Filling up the DagBag from /home/frederic/airflow_venv/lib/python3.10/site-packages/airflow/example_dags/example_xcom.py
[2026-05-29T10:41:04.039+0200] {processor.py:839} INFO - DAG(s) dict_keys(['example_xcom']) retrieved from /home/frederic/airflow_venv/lib/python3.10/site-packages/airflow/example_dags/example_xcom.py
[2026-05-29T10:41:04.052+0200] {logging_mixin.py:151} INFO - [2026-05-29T10:41:04.052+0200] {dag.py:2915} INFO - Sync 1 DAGs
[2026-05-29T10:41:04.066+0200] {logging_mixin.py:151} INFO - [2026-05-29T10:41:04.066+0200] {dag.py:3696} INFO - Setting next_dagrun for example_xcom to 2021-01-01T00:00:00+00:00, run_after=2021-01-01T00:00:00+00:00
[2026-05-29T10:41:04.081+0200] {processor.py:179} INFO - Processing /home/frederic/airflow_venv/lib/python3.10/site-packages/airflow/example_dags/example_xcom.py took 0.052 seconds
[2026-05-29T10:41:51.297+0200] {processor.py:157} INFO - Started process (PID=717471) to work on /home/frederic/airflow_venv/lib/python3.10/site-packages/airflow/example_dags/example_xcom.py
[2026-05-29T10:41:51.299+0200] {processor.py:829} INFO - Processing file /home/frederic/airflow_venv/lib/python3.10/site-packages/airflow/example_dags/example_xcom.py for tasks to queue
[2026-05-29T10:41:51.300+0200] {logging_mixin.py:151} INFO - [2026-05-29T10:41:51.299+0200] {dagbag.py:539} INFO - Filling up the DagBag from /home/frederic/airflow_venv/lib/python3.10/site-packages/airflow/example_dags/example_xcom.py
[2026-05-29T10:41:51.308+0200] {processor.py:839} INFO - DAG(s) dict_keys(['example_xcom']) retrieved from /home/frederic/airflow_venv/lib/python3.10/site-packages/airflow/example_dags/example_xcom.py
[2026-05-29T10:41:51.326+0200] {logging_mixin.py:151} INFO - [2026-05-29T10:41:51.326+0200] {dag.py:2915} INFO - Sync 1 DAGs
[2026-05-29T10:41:51.346+0200] {logging_mixin.py:151} INFO - [2026-05-29T10:41:51.345+0200] {dag.py:3696} INFO - Setting next_dagrun for example_xcom to 2021-01-01T00:00:00+00:00, run_after=2021-01-01T00:00:00+00:00
[2026-05-29T10:41:51.366+0200] {processor.py:179} INFO - Processing /home/frederic/airflow_venv/lib/python3.10/site-packages/airflow/example_dags/example_xcom.py took 0.072 seconds
[2026-05-29T10:42:38.141+0200] {processor.py:157} INFO - Started process (PID=717939) to work on /home/frederic/airflow_venv/lib/python3.10/site-packages/airflow/example_dags/example_xcom.py
[2026-05-29T10:42:38.141+0200] {processor.py:829} INFO - Processing file /home/frederic/airflow_venv/lib/python3.10/site-packages/airflow/example_dags/example_xcom.py for tasks to queue
[2026-05-29T10:42:38.142+0200] {logging_mixin.py:151} INFO - [2026-05-29T10:42:38.142+0200] {dagbag.py:539} INFO - Filling up the DagBag from /home/frederic/airflow_venv/lib/python3.10/site-packages/airflow/example_dags/example_xcom.py
[2026-05-29T10:42:38.148+0200] {processor.py:839} INFO - DAG(s) dict_keys(['example_xcom']) retrieved from /home/frederic/airflow_venv/lib/python3.10/site-packages/airflow/example_dags/example_xcom.py
[2026-05-29T10:42:38.160+0200] {logging_mixin.py:151} INFO - [2026-05-29T10:42:38.160+0200] {dag.py:2915} INFO - Sync 1 DAGs
[2026-05-29T10:42:38.175+0200] {logging_mixin.py:151} INFO - [2026-05-29T10:42:38.175+0200] {dag.py:3696} INFO - Setting next_dagrun for example_xcom to 2021-01-01T00:00:00+00:00, run_after=2021-01-01T00:00:00+00:00
[2026-05-29T10:42:38.189+0200] {processor.py:179} INFO - Processing /home/frederic/airflow_venv/lib/python3.10/site-packages/airflow/example_dags/example_xcom.py took 0.050 seconds
[2026-05-29T10:43:22.311+0200] {processor.py:157} INFO - Started process (PID=718506) to work on /home/frederic/airflow_venv/lib/python3.10/site-packages/airflow/example_dags/example_xcom.py
[2026-05-29T10:43:22.313+0200] {processor.py:829} INFO - Processing file /home/frederic/airflow_venv/lib/python3.10/site-packages/airflow/example_dags/example_xcom.py for tasks to queue
[2026-05-29T10:43:22.314+0200] {logging_mixin.py:151} INFO - [2026-05-29T10:43:22.314+0200] {dagbag.py:539} INFO - Filling up the DagBag from /home/frederic/airflow_venv/lib/python3.10/site-packages/airflow/example_dags/example_xcom.py
[2026-05-29T10:43:22.321+0200] {processor.py:839} INFO - DAG(s) dict_keys(['example_xcom']) retrieved from /home/frederic/airflow_venv/lib/python3.10/site-packages/airflow/example_dags/example_xcom.py
[2026-05-29T10:43:22.340+0200] {logging_mixin.py:151} INFO - [2026-05-29T10:43:22.340+0200] {dag.py:2915} INFO - Sync 1 DAGs
[2026-05-29T10:43:22.356+0200] {logging_mixin.py:151} INFO - [2026-05-29T10:43:22.356+0200] {dag.py:3696} INFO - Setting next_dagrun for example_xcom to 2021-01-01T00:00:00+00:00, run_after=2021-01-01T00:00:00+00:00
[2026-05-29T10:43:22.376+0200] {processor.py:179} INFO - Processing /home/frederic/airflow_venv/lib/python3.10/site-packages/airflow/example_dags/example_xcom.py took 0.069 seconds
[2026-05-29T10:44:09.996+0200] {processor.py:157} INFO - Started process (PID=718988) to work on /home/frederic/airflow_venv/lib/python3.10/site-packages/airflow/example_dags/example_xcom.py
[2026-05-29T10:44:09.997+0200] {processor.py:829} INFO - Processing file /home/frederic/airflow_venv/lib/python3.10/site-packages/airflow/example_dags/example_xcom.py for tasks to queue
[2026-05-29T10:44:09.998+0200] {logging_mixin.py:151} INFO - [2026-05-29T10:44:09.997+0200] {dagbag.py:539} INFO - Filling up the DagBag from /home/frederic/airflow_venv/lib/python3.10/site-packages/airflow/example_dags/example_xcom.py
[2026-05-29T10:44:10.005+0200] {processor.py:839} INFO - DAG(s) dict_keys(['example_xcom']) retrieved from /home/frederic/airflow_venv/lib/python3.10/site-packages/airflow/example_dags/example_xcom.py
[2026-05-29T10:44:10.019+0200] {logging_mixin.py:151} INFO - [2026-05-29T10:44:10.019+0200] {dag.py:2915} INFO - Sync 1 DAGs
[2026-05-29T10:44:10.036+0200] {logging_mixin.py:151} INFO - [2026-05-29T10:44:10.036+0200] {dag.py:3696} INFO - Setting next_dagrun for example_xcom to 2021-01-01T00:00:00+00:00, run_after=2021-01-01T00:00:00+00:00
[2026-05-29T10:44:10.051+0200] {processor.py:179} INFO - Processing /home/frederic/airflow_venv/lib/python3.10/site-packages/airflow/example_dags/example_xcom.py took 0.057 seconds
[2026-05-29T10:44:56.675+0200] {processor.py:157} INFO - Started process (PID=719725) to work on /home/frederic/airflow_venv/lib/python3.10/site-packages/airflow/example_dags/example_xcom.py
[2026-05-29T10:44:56.676+0200] {processor.py:829} INFO - Processing file /home/frederic/airflow_venv/lib/python3.10/site-packages/airflow/example_dags/example_xcom.py for tasks to queue
[2026-05-29T10:44:56.677+0200] {logging_mixin.py:151} INFO - [2026-05-29T10:44:56.676+0200] {dagbag.py:539} INFO - Filling up the DagBag from /home/frederic/airflow_venv/lib/python3.10/site-packages/airflow/example_dags/example_xcom.py
[2026-05-29T10:44:56.684+0200] {processor.py:839} INFO - DAG(s) dict_keys(['example_xcom']) retrieved from /home/frederic/airflow_venv/lib/python3.10/site-packages/airflow/example_dags/example_xcom.py
[2026-05-29T10:44:56.699+0200] {logging_mixin.py:151} INFO - [2026-05-29T10:44:56.699+0200] {dag.py:2915} INFO - Sync 1 DAGs
[2026-05-29T10:44:56.714+0200] {logging_mixin.py:151} INFO - [2026-05-29T10:44:56.714+0200] {dag.py:3696} INFO - Setting next_dagrun for example_xcom to 2021-01-01T00:00:00+00:00, run_after=2021-01-01T00:00:00+00:00
[2026-05-29T10:44:56.730+0200] {processor.py:179} INFO - Processing /home/frederic/airflow_venv/lib/python3.10/site-packages/airflow/example_dags/example_xcom.py took 0.058 seconds
[2026-05-29T10:45:43.045+0200] {processor.py:157} INFO - Started process (PID=720240) to work on /home/frederic/airflow_venv/lib/python3.10/site-packages/airflow/example_dags/example_xcom.py
[2026-05-29T10:45:43.046+0200] {processor.py:829} INFO - Processing file /home/frederic/airflow_venv/lib/python3.10/site-packages/airflow/example_dags/example_xcom.py for tasks to queue
[2026-05-29T10:45:43.048+0200] {logging_mixin.py:151} INFO - [2026-05-29T10:45:43.047+0200] {dagbag.py:539} INFO - Filling up the DagBag from /home/frederic/airflow_venv/lib/python3.10/site-packages/airflow/example_dags/example_xcom.py
[2026-05-29T10:45:43.058+0200] {processor.py:839} INFO - DAG(s) dict_keys(['example_xcom']) retrieved from /home/frederic/airflow_venv/lib/python3.10/site-packages/airflow/example_dags/example_xcom.py
[2026-05-29T10:45:43.077+0200] {logging_mixin.py:151} INFO - [2026-05-29T10:45:43.077+0200] {dag.py:2915} INFO - Sync 1 DAGs
[2026-05-29T10:45:43.093+0200] {logging_mixin.py:151} INFO - [2026-05-29T10:45:43.092+0200] {dag.py:3696} INFO - Setting next_dagrun for example_xcom to 2021-01-01T00:00:00+00:00, run_after=2021-01-01T00:00:00+00:00
[2026-05-29T10:45:43.109+0200] {processor.py:179} INFO - Processing /home/frederic/airflow_venv/lib/python3.10/site-packages/airflow/example_dags/example_xcom.py took 0.066 seconds
[2026-05-29T10:46:29.300+0200] {processor.py:157} INFO - Started process (PID=720745) to work on /home/frederic/airflow_venv/lib/python3.10/site-packages/airflow/example_dags/example_xcom.py
[2026-05-29T10:46:29.301+0200] {processor.py:829} INFO - Processing file /home/frederic/airflow_venv/lib/python3.10/site-packages/airflow/example_dags/example_xcom.py for tasks to queue
[2026-05-29T10:46:29.301+0200] {logging_mixin.py:151} INFO - [2026-05-29T10:46:29.301+0200] {dagbag.py:539} INFO - Filling up the DagBag from /home/frederic/airflow_venv/lib/python3.10/site-packages/airflow/example_dags/example_xcom.py
[2026-05-29T10:46:29.307+0200] {processor.py:839} INFO - DAG(s) dict_keys(['example_xcom']) retrieved from /home/frederic/airflow_venv/lib/python3.10/site-packages/airflow/example_dags/example_xcom.py
[2026-05-29T10:46:29.324+0200] {logging_mixin.py:151} INFO - [2026-05-29T10:46:29.324+0200] {dag.py:2915} INFO - Sync 1 DAGs
[2026-05-29T10:46:29.343+0200] {logging_mixin.py:151} INFO - [2026-05-29T10:46:29.343+0200] {dag.py:3696} INFO - Setting next_dagrun for example_xcom to 2021-01-01T00:00:00+00:00, run_after=2021-01-01T00:00:00+00:00
[2026-05-29T10:46:29.359+0200] {processor.py:179} INFO - Processing /home/frederic/airflow_venv/lib/python3.10/site-packages/airflow/example_dags/example_xcom.py took 0.061 seconds
[2026-05-29T10:47:20.717+0200] {processor.py:157} INFO - Started process (PID=721824) to work on /home/frederic/airflow_venv/lib/python3.10/site-packages/airflow/example_dags/example_xcom.py
[2026-05-29T10:47:20.718+0200] {processor.py:829} INFO - Processing file /home/frederic/airflow_venv/lib/python3.10/site-packages/airflow/example_dags/example_xcom.py for tasks to queue
[2026-05-29T10:47:20.719+0200] {logging_mixin.py:151} INFO - [2026-05-29T10:47:20.718+0200] {dagbag.py:539} INFO - Filling up the DagBag from /home/frederic/airflow_venv/lib/python3.10/site-packages/airflow/example_dags/example_xcom.py
[2026-05-29T10:47:20.725+0200] {processor.py:839} INFO - DAG(s) dict_keys(['example_xcom']) retrieved from /home/frederic/airflow_venv/lib/python3.10/site-packages/airflow/example_dags/example_xcom.py
[2026-05-29T10:47:20.740+0200] {logging_mixin.py:151} INFO - [2026-05-29T10:47:20.740+0200] {dag.py:2915} INFO - Sync 1 DAGs
[2026-05-29T10:47:20.756+0200] {logging_mixin.py:151} INFO - [2026-05-29T10:47:20.756+0200] {dag.py:3696} INFO - Setting next_dagrun for example_xcom to 2021-01-01T00:00:00+00:00, run_after=2021-01-01T00:00:00+00:00
[2026-05-29T10:47:20.772+0200] {processor.py:179} INFO - Processing /home/frederic/airflow_venv/lib/python3.10/site-packages/airflow/example_dags/example_xcom.py took 0.058 seconds
[2026-05-29T10:48:05.514+0200] {processor.py:157} INFO - Started process (PID=722298) to work on /home/frederic/airflow_venv/lib/python3.10/site-packages/airflow/example_dags/example_xcom.py
[2026-05-29T10:48:05.515+0200] {processor.py:829} INFO - Processing file /home/frederic/airflow_venv/lib/python3.10/site-packages/airflow/example_dags/example_xcom.py for tasks to queue
[2026-05-29T10:48:05.516+0200] {logging_mixin.py:151} INFO - [2026-05-29T10:48:05.516+0200] {dagbag.py:539} INFO - Filling up the DagBag from /home/frederic/airflow_venv/lib/python3.10/site-packages/airflow/example_dags/example_xcom.py
[2026-05-29T10:48:05.523+0200] {processor.py:839} INFO - DAG(s) dict_keys(['example_xcom']) retrieved from /home/frederic/airflow_venv/lib/python3.10/site-packages/airflow/example_dags/example_xcom.py
[2026-05-29T10:48:05.538+0200] {logging_mixin.py:151} INFO - [2026-05-29T10:48:05.537+0200] {dag.py:2915} INFO - Sync 1 DAGs
[2026-05-29T10:48:05.553+0200] {logging_mixin.py:151} INFO - [2026-05-29T10:48:05.553+0200] {dag.py:3696} INFO - Setting next_dagrun for example_xcom to 2021-01-01T00:00:00+00:00, run_after=2021-01-01T00:00:00+00:00
[2026-05-29T10:48:05.568+0200] {processor.py:179} INFO - Processing /home/frederic/airflow_venv/lib/python3.10/site-packages/airflow/example_dags/example_xcom.py took 0.056 seconds
[2026-05-29T10:48:45.440+0200] {processor.py:157} INFO - Started process (PID=722719) to work on /home/frederic/airflow_venv/lib/python3.10/site-packages/airflow/example_dags/example_xcom.py
[2026-05-29T10:48:45.443+0200] {processor.py:829} INFO - Processing file /home/frederic/airflow_venv/lib/python3.10/site-packages/airflow/example_dags/example_xcom.py for tasks to queue
[2026-05-29T10:48:45.444+0200] {logging_mixin.py:151} INFO - [2026-05-29T10:48:45.444+0200] {dagbag.py:539} INFO - Filling up the DagBag from /home/frederic/airflow_venv/lib/python3.10/site-packages/airflow/example_dags/example_xcom.py
[2026-05-29T10:48:45.451+0200] {processor.py:839} INFO - DAG(s) dict_keys(['example_xcom']) retrieved from /home/frederic/airflow_venv/lib/python3.10/site-packages/airflow/example_dags/example_xcom.py
[2026-05-29T10:48:45.464+0200] {logging_mixin.py:151} INFO - [2026-05-29T10:48:45.464+0200] {dag.py:2915} INFO - Sync 1 DAGs
[2026-05-29T10:48:45.481+0200] {logging_mixin.py:151} INFO - [2026-05-29T10:48:45.481+0200] {dag.py:3696} INFO - Setting next_dagrun for example_xcom to 2021-01-01T00:00:00+00:00, run_after=2021-01-01T00:00:00+00:00
[2026-05-29T10:48:45.496+0200] {processor.py:179} INFO - Processing /home/frederic/airflow_venv/lib/python3.10/site-packages/airflow/example_dags/example_xcom.py took 0.059 seconds
[2026-05-29T10:49:22.949+0200] {processor.py:157} INFO - Started process (PID=723168) to work on /home/frederic/airflow_venv/lib/python3.10/site-packages/airflow/example_dags/example_xcom.py
[2026-05-29T10:49:22.950+0200] {processor.py:829} INFO - Processing file /home/frederic/airflow_venv/lib/python3.10/site-packages/airflow/example_dags/example_xcom.py for tasks to queue
[2026-05-29T10:49:22.951+0200] {logging_mixin.py:151} INFO - [2026-05-29T10:49:22.950+0200] {dagbag.py:539} INFO - Filling up the DagBag from /home/frederic/airflow_venv/lib/python3.10/site-packages/airflow/example_dags/example_xcom.py
[2026-05-29T10:49:22.957+0200] {processor.py:839} INFO - DAG(s) dict_keys(['example_xcom']) retrieved from /home/frederic/airflow_venv/lib/python3.10/site-packages/airflow/example_dags/example_xcom.py
[2026-05-29T10:49:22.971+0200] {logging_mixin.py:151} INFO - [2026-05-29T10:49:22.971+0200] {dag.py:2915} INFO - Sync 1 DAGs
[2026-05-29T10:49:22.989+0200] {logging_mixin.py:151} INFO - [2026-05-29T10:49:22.989+0200] {dag.py:3696} INFO - Setting next_dagrun for example_xcom to 2021-01-01T00:00:00+00:00, run_after=2021-01-01T00:00:00+00:00
[2026-05-29T10:49:23.007+0200] {processor.py:179} INFO - Processing /home/frederic/airflow_venv/lib/python3.10/site-packages/airflow/example_dags/example_xcom.py took 0.061 seconds
[2026-05-29T10:50:10.626+0200] {processor.py:157} INFO - Started process (PID=723652) to work on /home/frederic/airflow_venv/lib/python3.10/site-packages/airflow/example_dags/example_xcom.py
[2026-05-29T10:50:10.627+0200] {processor.py:829} INFO - Processing file /home/frederic/airflow_venv/lib/python3.10/site-packages/airflow/example_dags/example_xcom.py for tasks to queue
[2026-05-29T10:50:10.628+0200] {logging_mixin.py:151} INFO - [2026-05-29T10:50:10.627+0200] {dagbag.py:539} INFO - Filling up the DagBag from /home/frederic/airflow_venv/lib/python3.10/site-packages/airflow/example_dags/example_xcom.py
[2026-05-29T10:50:10.638+0200] {processor.py:839} INFO - DAG(s) dict_keys(['example_xcom']) retrieved from /home/frederic/airflow_venv/lib/python3.10/site-packages/airflow/example_dags/example_xcom.py
[2026-05-29T10:50:10.658+0200] {logging_mixin.py:151} INFO - [2026-05-29T10:50:10.658+0200] {dag.py:2915} INFO - Sync 1 DAGs
[2026-05-29T10:50:10.681+0200] {logging_mixin.py:151} INFO - [2026-05-29T10:50:10.681+0200] {dag.py:3696} INFO - Setting next_dagrun for example_xcom to 2021-01-01T00:00:00+00:00, run_after=2021-01-01T00:00:00+00:00
[2026-05-29T10:50:10.702+0200] {processor.py:179} INFO - Processing /home/frederic/airflow_venv/lib/python3.10/site-packages/airflow/example_dags/example_xcom.py took 0.080 seconds
[2026-05-29T10:50:57.412+0200] {processor.py:157} INFO - Started process (PID=724088) to work on /home/frederic/airflow_venv/lib/python3.10/site-packages/airflow/example_dags/example_xcom.py
[2026-05-29T10:50:57.413+0200] {processor.py:829} INFO - Processing file /home/frederic/airflow_venv/lib/python3.10/site-packages/airflow/example_dags/example_xcom.py for tasks to queue
[2026-05-29T10:50:57.413+0200] {logging_mixin.py:151} INFO - [2026-05-29T10:50:57.413+0200] {dagbag.py:539} INFO - Filling up the DagBag from /home/frederic/airflow_venv/lib/python3.10/site-packages/airflow/example_dags/example_xcom.py
[2026-05-29T10:50:57.420+0200] {processor.py:839} INFO - DAG(s) dict_keys(['example_xcom']) retrieved from /home/frederic/airflow_venv/lib/python3.10/site-packages/airflow/example_dags/example_xcom.py
[2026-05-29T10:50:57.434+0200] {logging_mixin.py:151} INFO - [2026-05-29T10:50:57.434+0200] {dag.py:2915} INFO - Sync 1 DAGs
[2026-05-29T10:50:57.454+0200] {logging_mixin.py:151} INFO - [2026-05-29T10:50:57.453+0200] {dag.py:3696} INFO - Setting next_dagrun for example_xcom to 2021-01-01T00:00:00+00:00, run_after=2021-01-01T00:00:00+00:00
[2026-05-29T10:50:57.469+0200] {processor.py:179} INFO - Processing /home/frederic/airflow_venv/lib/python3.10/site-packages/airflow/example_dags/example_xcom.py took 0.060 seconds
