[2026-05-29T02:00:12.758+0200] {processor.py:157} INFO - Started process (PID=633355) to work on /home/frederic/airflow_venv/lib/python3.10/site-packages/airflow/example_dags/example_task_group_decorator.py
[2026-05-29T02:00:12.759+0200] {processor.py:829} INFO - Processing file /home/frederic/airflow_venv/lib/python3.10/site-packages/airflow/example_dags/example_task_group_decorator.py for tasks to queue
[2026-05-29T02:00:12.760+0200] {logging_mixin.py:151} INFO - [2026-05-29T02:00:12.760+0200] {dagbag.py:539} INFO - Filling up the DagBag from /home/frederic/airflow_venv/lib/python3.10/site-packages/airflow/example_dags/example_task_group_decorator.py
[2026-05-29T02:00:12.773+0200] {processor.py:839} INFO - DAG(s) dict_keys(['example_task_group_decorator']) retrieved from /home/frederic/airflow_venv/lib/python3.10/site-packages/airflow/example_dags/example_task_group_decorator.py
[2026-05-29T02:00:12.789+0200] {logging_mixin.py:151} INFO - [2026-05-29T02:00:12.788+0200] {dag.py:2915} INFO - Sync 1 DAGs
[2026-05-29T02:00:12.805+0200] {logging_mixin.py:151} INFO - [2026-05-29T02:00:12.805+0200] {dag.py:3696} INFO - Setting next_dagrun for example_task_group_decorator to 2026-05-28T00:00:12.805337+00:00, run_after=2026-05-29T00:00:12.805337+00:00
[2026-05-29T02:00:12.820+0200] {processor.py:179} INFO - Processing /home/frederic/airflow_venv/lib/python3.10/site-packages/airflow/example_dags/example_task_group_decorator.py took 0.065 seconds
[2026-05-29T02:00:16.879+0200] {processor.py:157} INFO - Started process (PID=633507) to work on /home/frederic/airflow_venv/lib/python3.10/site-packages/airflow/example_dags/example_task_group_decorator.py
[2026-05-29T02:00:16.880+0200] {processor.py:829} INFO - Processing file /home/frederic/airflow_venv/lib/python3.10/site-packages/airflow/example_dags/example_task_group_decorator.py for tasks to queue
[2026-05-29T02:00:16.881+0200] {logging_mixin.py:151} INFO - [2026-05-29T02:00:16.881+0200] {dagbag.py:539} INFO - Filling up the DagBag from /home/frederic/airflow_venv/lib/python3.10/site-packages/airflow/example_dags/example_task_group_decorator.py
[2026-05-29T02:00:16.896+0200] {processor.py:839} INFO - DAG(s) dict_keys(['example_task_group_decorator']) retrieved from /home/frederic/airflow_venv/lib/python3.10/site-packages/airflow/example_dags/example_task_group_decorator.py
[2026-05-29T02:00:16.914+0200] {logging_mixin.py:151} INFO - [2026-05-29T02:00:16.914+0200] {dag.py:2915} INFO - Sync 1 DAGs
[2026-05-29T02:00:16.931+0200] {logging_mixin.py:151} INFO - [2026-05-29T02:00:16.931+0200] {dag.py:3696} INFO - Setting next_dagrun for example_task_group_decorator to 2026-05-28T00:00:16.931249+00:00, run_after=2026-05-29T00:00:16.931249+00:00
[2026-05-29T02:00:16.953+0200] {processor.py:179} INFO - Processing /home/frederic/airflow_venv/lib/python3.10/site-packages/airflow/example_dags/example_task_group_decorator.py took 0.076 seconds
[2026-05-29T02:00:57.044+0200] {processor.py:157} INFO - Started process (PID=634781) to work on /home/frederic/airflow_venv/lib/python3.10/site-packages/airflow/example_dags/example_task_group_decorator.py
[2026-05-29T02:00:57.045+0200] {processor.py:829} INFO - Processing file /home/frederic/airflow_venv/lib/python3.10/site-packages/airflow/example_dags/example_task_group_decorator.py for tasks to queue
[2026-05-29T02:00:57.046+0200] {logging_mixin.py:151} INFO - [2026-05-29T02:00:57.046+0200] {dagbag.py:539} INFO - Filling up the DagBag from /home/frederic/airflow_venv/lib/python3.10/site-packages/airflow/example_dags/example_task_group_decorator.py
[2026-05-29T02:00:57.059+0200] {processor.py:839} INFO - DAG(s) dict_keys(['example_task_group_decorator']) retrieved from /home/frederic/airflow_venv/lib/python3.10/site-packages/airflow/example_dags/example_task_group_decorator.py
[2026-05-29T02:00:57.077+0200] {logging_mixin.py:151} INFO - [2026-05-29T02:00:57.077+0200] {dag.py:2915} INFO - Sync 1 DAGs
[2026-05-29T02:00:57.101+0200] {logging_mixin.py:151} INFO - [2026-05-29T02:00:57.101+0200] {dag.py:3696} INFO - Setting next_dagrun for example_task_group_decorator to 2026-05-28T00:00:57.100948+00:00, run_after=2026-05-29T00:00:57.100948+00:00
[2026-05-29T02:00:57.120+0200] {processor.py:179} INFO - Processing /home/frederic/airflow_venv/lib/python3.10/site-packages/airflow/example_dags/example_task_group_decorator.py took 0.078 seconds
[2026-05-29T02:01:02.859+0200] {processor.py:157} INFO - Started process (PID=634899) to work on /home/frederic/airflow_venv/lib/python3.10/site-packages/airflow/example_dags/example_task_group_decorator.py
[2026-05-29T02:01:02.860+0200] {processor.py:829} INFO - Processing file /home/frederic/airflow_venv/lib/python3.10/site-packages/airflow/example_dags/example_task_group_decorator.py for tasks to queue
[2026-05-29T02:01:02.861+0200] {logging_mixin.py:151} INFO - [2026-05-29T02:01:02.861+0200] {dagbag.py:539} INFO - Filling up the DagBag from /home/frederic/airflow_venv/lib/python3.10/site-packages/airflow/example_dags/example_task_group_decorator.py
[2026-05-29T02:01:02.878+0200] {processor.py:839} INFO - DAG(s) dict_keys(['example_task_group_decorator']) retrieved from /home/frederic/airflow_venv/lib/python3.10/site-packages/airflow/example_dags/example_task_group_decorator.py
[2026-05-29T02:01:02.901+0200] {logging_mixin.py:151} INFO - [2026-05-29T02:01:02.900+0200] {dag.py:2915} INFO - Sync 1 DAGs
[2026-05-29T02:01:02.923+0200] {logging_mixin.py:151} INFO - [2026-05-29T02:01:02.923+0200] {dag.py:3696} INFO - Setting next_dagrun for example_task_group_decorator to 2026-05-28T00:01:02.923216+00:00, run_after=2026-05-29T00:01:02.923216+00:00
[2026-05-29T02:01:02.946+0200] {processor.py:179} INFO - Processing /home/frederic/airflow_venv/lib/python3.10/site-packages/airflow/example_dags/example_task_group_decorator.py took 0.089 seconds
[2026-05-29T02:01:41.433+0200] {processor.py:157} INFO - Started process (PID=636022) to work on /home/frederic/airflow_venv/lib/python3.10/site-packages/airflow/example_dags/example_task_group_decorator.py
[2026-05-29T02:01:41.434+0200] {processor.py:829} INFO - Processing file /home/frederic/airflow_venv/lib/python3.10/site-packages/airflow/example_dags/example_task_group_decorator.py for tasks to queue
[2026-05-29T02:01:41.435+0200] {logging_mixin.py:151} INFO - [2026-05-29T02:01:41.435+0200] {dagbag.py:539} INFO - Filling up the DagBag from /home/frederic/airflow_venv/lib/python3.10/site-packages/airflow/example_dags/example_task_group_decorator.py
[2026-05-29T02:01:41.448+0200] {processor.py:839} INFO - DAG(s) dict_keys(['example_task_group_decorator']) retrieved from /home/frederic/airflow_venv/lib/python3.10/site-packages/airflow/example_dags/example_task_group_decorator.py
[2026-05-29T02:01:41.464+0200] {logging_mixin.py:151} INFO - [2026-05-29T02:01:41.463+0200] {dag.py:2915} INFO - Sync 1 DAGs
[2026-05-29T02:01:41.479+0200] {logging_mixin.py:151} INFO - [2026-05-29T02:01:41.479+0200] {dag.py:3696} INFO - Setting next_dagrun for example_task_group_decorator to 2026-05-28T00:01:41.479190+00:00, run_after=2026-05-29T00:01:41.479190+00:00
[2026-05-29T02:01:41.493+0200] {processor.py:179} INFO - Processing /home/frederic/airflow_venv/lib/python3.10/site-packages/airflow/example_dags/example_task_group_decorator.py took 0.063 seconds
[2026-05-29T02:01:50.500+0200] {processor.py:157} INFO - Started process (PID=636269) to work on /home/frederic/airflow_venv/lib/python3.10/site-packages/airflow/example_dags/example_task_group_decorator.py
[2026-05-29T02:01:50.501+0200] {processor.py:829} INFO - Processing file /home/frederic/airflow_venv/lib/python3.10/site-packages/airflow/example_dags/example_task_group_decorator.py for tasks to queue
[2026-05-29T02:01:50.502+0200] {logging_mixin.py:151} INFO - [2026-05-29T02:01:50.502+0200] {dagbag.py:539} INFO - Filling up the DagBag from /home/frederic/airflow_venv/lib/python3.10/site-packages/airflow/example_dags/example_task_group_decorator.py
[2026-05-29T02:01:50.517+0200] {processor.py:839} INFO - DAG(s) dict_keys(['example_task_group_decorator']) retrieved from /home/frederic/airflow_venv/lib/python3.10/site-packages/airflow/example_dags/example_task_group_decorator.py
[2026-05-29T02:01:50.535+0200] {logging_mixin.py:151} INFO - [2026-05-29T02:01:50.534+0200] {dag.py:2915} INFO - Sync 1 DAGs
[2026-05-29T02:01:50.550+0200] {logging_mixin.py:151} INFO - [2026-05-29T02:01:50.550+0200] {dag.py:3696} INFO - Setting next_dagrun for example_task_group_decorator to 2026-05-28T00:01:50.550487+00:00, run_after=2026-05-29T00:01:50.550487+00:00
[2026-05-29T02:01:50.567+0200] {processor.py:179} INFO - Processing /home/frederic/airflow_venv/lib/python3.10/site-packages/airflow/example_dags/example_task_group_decorator.py took 0.069 seconds
[2026-05-29T02:02:25.051+0200] {processor.py:157} INFO - Started process (PID=637353) to work on /home/frederic/airflow_venv/lib/python3.10/site-packages/airflow/example_dags/example_task_group_decorator.py
[2026-05-29T02:02:25.054+0200] {processor.py:829} INFO - Processing file /home/frederic/airflow_venv/lib/python3.10/site-packages/airflow/example_dags/example_task_group_decorator.py for tasks to queue
[2026-05-29T02:02:25.056+0200] {logging_mixin.py:151} INFO - [2026-05-29T02:02:25.056+0200] {dagbag.py:539} INFO - Filling up the DagBag from /home/frederic/airflow_venv/lib/python3.10/site-packages/airflow/example_dags/example_task_group_decorator.py
[2026-05-29T02:02:25.081+0200] {processor.py:839} INFO - DAG(s) dict_keys(['example_task_group_decorator']) retrieved from /home/frederic/airflow_venv/lib/python3.10/site-packages/airflow/example_dags/example_task_group_decorator.py
[2026-05-29T02:02:25.110+0200] {logging_mixin.py:151} INFO - [2026-05-29T02:02:25.109+0200] {dag.py:2915} INFO - Sync 1 DAGs
[2026-05-29T02:02:25.142+0200] {logging_mixin.py:151} INFO - [2026-05-29T02:02:25.141+0200] {dag.py:3696} INFO - Setting next_dagrun for example_task_group_decorator to 2026-05-28T00:02:25.141403+00:00, run_after=2026-05-29T00:02:25.141403+00:00
[2026-05-29T02:02:25.168+0200] {processor.py:179} INFO - Processing /home/frederic/airflow_venv/lib/python3.10/site-packages/airflow/example_dags/example_task_group_decorator.py took 0.122 seconds
[2026-05-29T02:02:28.227+0200] {processor.py:157} INFO - Started process (PID=637490) to work on /home/frederic/airflow_venv/lib/python3.10/site-packages/airflow/example_dags/example_task_group_decorator.py
[2026-05-29T02:02:28.228+0200] {processor.py:829} INFO - Processing file /home/frederic/airflow_venv/lib/python3.10/site-packages/airflow/example_dags/example_task_group_decorator.py for tasks to queue
[2026-05-29T02:02:28.229+0200] {logging_mixin.py:151} INFO - [2026-05-29T02:02:28.229+0200] {dagbag.py:539} INFO - Filling up the DagBag from /home/frederic/airflow_venv/lib/python3.10/site-packages/airflow/example_dags/example_task_group_decorator.py
[2026-05-29T02:02:28.250+0200] {processor.py:839} INFO - DAG(s) dict_keys(['example_task_group_decorator']) retrieved from /home/frederic/airflow_venv/lib/python3.10/site-packages/airflow/example_dags/example_task_group_decorator.py
[2026-05-29T02:02:28.272+0200] {logging_mixin.py:151} INFO - [2026-05-29T02:02:28.272+0200] {dag.py:2915} INFO - Sync 1 DAGs
[2026-05-29T02:02:28.291+0200] {logging_mixin.py:151} INFO - [2026-05-29T02:02:28.291+0200] {dag.py:3696} INFO - Setting next_dagrun for example_task_group_decorator to 2026-05-28T00:02:28.291286+00:00, run_after=2026-05-29T00:02:28.291286+00:00
[2026-05-29T02:02:28.313+0200] {processor.py:179} INFO - Processing /home/frederic/airflow_venv/lib/python3.10/site-packages/airflow/example_dags/example_task_group_decorator.py took 0.088 seconds
[2026-05-29T02:03:16.326+0200] {processor.py:157} INFO - Started process (PID=638767) to work on /home/frederic/airflow_venv/lib/python3.10/site-packages/airflow/example_dags/example_task_group_decorator.py
[2026-05-29T02:03:16.327+0200] {processor.py:829} INFO - Processing file /home/frederic/airflow_venv/lib/python3.10/site-packages/airflow/example_dags/example_task_group_decorator.py for tasks to queue
[2026-05-29T02:03:16.328+0200] {logging_mixin.py:151} INFO - [2026-05-29T02:03:16.328+0200] {dagbag.py:539} INFO - Filling up the DagBag from /home/frederic/airflow_venv/lib/python3.10/site-packages/airflow/example_dags/example_task_group_decorator.py
[2026-05-29T02:03:16.347+0200] {processor.py:839} INFO - DAG(s) dict_keys(['example_task_group_decorator']) retrieved from /home/frederic/airflow_venv/lib/python3.10/site-packages/airflow/example_dags/example_task_group_decorator.py
[2026-05-29T02:03:16.368+0200] {logging_mixin.py:151} INFO - [2026-05-29T02:03:16.368+0200] {dag.py:2915} INFO - Sync 1 DAGs
[2026-05-29T02:03:16.390+0200] {logging_mixin.py:151} INFO - [2026-05-29T02:03:16.390+0200] {dag.py:3696} INFO - Setting next_dagrun for example_task_group_decorator to 2026-05-28T00:03:16.389981+00:00, run_after=2026-05-29T00:03:16.389981+00:00
[2026-05-29T02:03:16.412+0200] {processor.py:179} INFO - Processing /home/frederic/airflow_venv/lib/python3.10/site-packages/airflow/example_dags/example_task_group_decorator.py took 0.089 seconds
[2026-05-29T02:03:17.399+0200] {processor.py:157} INFO - Started process (PID=638796) to work on /home/frederic/airflow_venv/lib/python3.10/site-packages/airflow/example_dags/example_task_group_decorator.py
[2026-05-29T02:03:17.400+0200] {processor.py:829} INFO - Processing file /home/frederic/airflow_venv/lib/python3.10/site-packages/airflow/example_dags/example_task_group_decorator.py for tasks to queue
[2026-05-29T02:03:17.401+0200] {logging_mixin.py:151} INFO - [2026-05-29T02:03:17.400+0200] {dagbag.py:539} INFO - Filling up the DagBag from /home/frederic/airflow_venv/lib/python3.10/site-packages/airflow/example_dags/example_task_group_decorator.py
[2026-05-29T02:03:17.419+0200] {processor.py:839} INFO - DAG(s) dict_keys(['example_task_group_decorator']) retrieved from /home/frederic/airflow_venv/lib/python3.10/site-packages/airflow/example_dags/example_task_group_decorator.py
[2026-05-29T02:03:17.437+0200] {logging_mixin.py:151} INFO - [2026-05-29T02:03:17.437+0200] {dag.py:2915} INFO - Sync 1 DAGs
[2026-05-29T02:03:17.457+0200] {logging_mixin.py:151} INFO - [2026-05-29T02:03:17.457+0200] {dag.py:3696} INFO - Setting next_dagrun for example_task_group_decorator to 2026-05-28T00:03:17.457437+00:00, run_after=2026-05-29T00:03:17.457437+00:00
[2026-05-29T02:03:17.475+0200] {processor.py:179} INFO - Processing /home/frederic/airflow_venv/lib/python3.10/site-packages/airflow/example_dags/example_task_group_decorator.py took 0.078 seconds
[2026-05-29T09:58:12.376+0200] {processor.py:157} INFO - Started process (PID=681682) to work on /home/frederic/airflow_venv/lib/python3.10/site-packages/airflow/example_dags/example_task_group_decorator.py
[2026-05-29T09:58:12.377+0200] {processor.py:829} INFO - Processing file /home/frederic/airflow_venv/lib/python3.10/site-packages/airflow/example_dags/example_task_group_decorator.py for tasks to queue
[2026-05-29T09:58:12.378+0200] {logging_mixin.py:151} INFO - [2026-05-29T09:58:12.377+0200] {dagbag.py:539} INFO - Filling up the DagBag from /home/frederic/airflow_venv/lib/python3.10/site-packages/airflow/example_dags/example_task_group_decorator.py
[2026-05-29T09:58:12.393+0200] {processor.py:839} INFO - DAG(s) dict_keys(['example_task_group_decorator']) retrieved from /home/frederic/airflow_venv/lib/python3.10/site-packages/airflow/example_dags/example_task_group_decorator.py
[2026-05-29T09:58:12.399+0200] {logging_mixin.py:151} INFO - [2026-05-29T09:58:12.398+0200] {dag.py:2915} INFO - Sync 1 DAGs
[2026-05-29T09:58:12.416+0200] {logging_mixin.py:151} INFO - [2026-05-29T09:58:12.416+0200] {dag.py:3696} INFO - Setting next_dagrun for example_task_group_decorator to 2026-05-28T07:58:12.416088+00:00, run_after=2026-05-29T07:58:12.416088+00:00
[2026-05-29T09:58:12.432+0200] {processor.py:179} INFO - Processing /home/frederic/airflow_venv/lib/python3.10/site-packages/airflow/example_dags/example_task_group_decorator.py took 0.058 seconds
[2026-05-29T09:59:00.649+0200] {processor.py:157} INFO - Started process (PID=682654) to work on /home/frederic/airflow_venv/lib/python3.10/site-packages/airflow/example_dags/example_task_group_decorator.py
[2026-05-29T09:59:00.650+0200] {processor.py:829} INFO - Processing file /home/frederic/airflow_venv/lib/python3.10/site-packages/airflow/example_dags/example_task_group_decorator.py for tasks to queue
[2026-05-29T09:59:00.650+0200] {logging_mixin.py:151} INFO - [2026-05-29T09:59:00.650+0200] {dagbag.py:539} INFO - Filling up the DagBag from /home/frederic/airflow_venv/lib/python3.10/site-packages/airflow/example_dags/example_task_group_decorator.py
[2026-05-29T09:59:00.666+0200] {processor.py:839} INFO - DAG(s) dict_keys(['example_task_group_decorator']) retrieved from /home/frederic/airflow_venv/lib/python3.10/site-packages/airflow/example_dags/example_task_group_decorator.py
[2026-05-29T09:59:00.685+0200] {logging_mixin.py:151} INFO - [2026-05-29T09:59:00.684+0200] {dag.py:2915} INFO - Sync 1 DAGs
[2026-05-29T09:59:00.703+0200] {logging_mixin.py:151} INFO - [2026-05-29T09:59:00.703+0200] {dag.py:3696} INFO - Setting next_dagrun for example_task_group_decorator to 2026-05-28T07:59:00.702944+00:00, run_after=2026-05-29T07:59:00.702944+00:00
[2026-05-29T09:59:00.722+0200] {processor.py:179} INFO - Processing /home/frederic/airflow_venv/lib/python3.10/site-packages/airflow/example_dags/example_task_group_decorator.py took 0.076 seconds
[2026-05-29T09:59:47.482+0200] {processor.py:157} INFO - Started process (PID=683818) to work on /home/frederic/airflow_venv/lib/python3.10/site-packages/airflow/example_dags/example_task_group_decorator.py
[2026-05-29T09:59:47.483+0200] {processor.py:829} INFO - Processing file /home/frederic/airflow_venv/lib/python3.10/site-packages/airflow/example_dags/example_task_group_decorator.py for tasks to queue
[2026-05-29T09:59:47.484+0200] {logging_mixin.py:151} INFO - [2026-05-29T09:59:47.483+0200] {dagbag.py:539} INFO - Filling up the DagBag from /home/frederic/airflow_venv/lib/python3.10/site-packages/airflow/example_dags/example_task_group_decorator.py
[2026-05-29T09:59:47.500+0200] {processor.py:839} INFO - DAG(s) dict_keys(['example_task_group_decorator']) retrieved from /home/frederic/airflow_venv/lib/python3.10/site-packages/airflow/example_dags/example_task_group_decorator.py
[2026-05-29T09:59:47.518+0200] {logging_mixin.py:151} INFO - [2026-05-29T09:59:47.518+0200] {dag.py:2915} INFO - Sync 1 DAGs
[2026-05-29T09:59:47.538+0200] {logging_mixin.py:151} INFO - [2026-05-29T09:59:47.538+0200] {dag.py:3696} INFO - Setting next_dagrun for example_task_group_decorator to 2026-05-28T07:59:47.538291+00:00, run_after=2026-05-29T07:59:47.538291+00:00
[2026-05-29T09:59:47.556+0200] {processor.py:179} INFO - Processing /home/frederic/airflow_venv/lib/python3.10/site-packages/airflow/example_dags/example_task_group_decorator.py took 0.077 seconds
[2026-05-29T10:00:28.688+0200] {processor.py:157} INFO - Started process (PID=684424) to work on /home/frederic/airflow_venv/lib/python3.10/site-packages/airflow/example_dags/example_task_group_decorator.py
[2026-05-29T10:00:28.690+0200] {processor.py:829} INFO - Processing file /home/frederic/airflow_venv/lib/python3.10/site-packages/airflow/example_dags/example_task_group_decorator.py for tasks to queue
[2026-05-29T10:00:28.691+0200] {logging_mixin.py:151} INFO - [2026-05-29T10:00:28.690+0200] {dagbag.py:539} INFO - Filling up the DagBag from /home/frederic/airflow_venv/lib/python3.10/site-packages/airflow/example_dags/example_task_group_decorator.py
[2026-05-29T10:00:28.707+0200] {processor.py:839} INFO - DAG(s) dict_keys(['example_task_group_decorator']) retrieved from /home/frederic/airflow_venv/lib/python3.10/site-packages/airflow/example_dags/example_task_group_decorator.py
[2026-05-29T10:00:28.725+0200] {logging_mixin.py:151} INFO - [2026-05-29T10:00:28.725+0200] {dag.py:2915} INFO - Sync 1 DAGs
[2026-05-29T10:00:28.746+0200] {logging_mixin.py:151} INFO - [2026-05-29T10:00:28.746+0200] {dag.py:3696} INFO - Setting next_dagrun for example_task_group_decorator to 2026-05-28T08:00:28.745941+00:00, run_after=2026-05-29T08:00:28.745941+00:00
[2026-05-29T10:00:28.764+0200] {processor.py:179} INFO - Processing /home/frederic/airflow_venv/lib/python3.10/site-packages/airflow/example_dags/example_task_group_decorator.py took 0.079 seconds
[2026-05-29T10:01:17.759+0200] {processor.py:157} INFO - Started process (PID=685348) to work on /home/frederic/airflow_venv/lib/python3.10/site-packages/airflow/example_dags/example_task_group_decorator.py
[2026-05-29T10:01:17.760+0200] {processor.py:829} INFO - Processing file /home/frederic/airflow_venv/lib/python3.10/site-packages/airflow/example_dags/example_task_group_decorator.py for tasks to queue
[2026-05-29T10:01:17.761+0200] {logging_mixin.py:151} INFO - [2026-05-29T10:01:17.760+0200] {dagbag.py:539} INFO - Filling up the DagBag from /home/frederic/airflow_venv/lib/python3.10/site-packages/airflow/example_dags/example_task_group_decorator.py
[2026-05-29T10:01:17.778+0200] {processor.py:839} INFO - DAG(s) dict_keys(['example_task_group_decorator']) retrieved from /home/frederic/airflow_venv/lib/python3.10/site-packages/airflow/example_dags/example_task_group_decorator.py
[2026-05-29T10:01:17.798+0200] {logging_mixin.py:151} INFO - [2026-05-29T10:01:17.797+0200] {dag.py:2915} INFO - Sync 1 DAGs
[2026-05-29T10:01:17.814+0200] {logging_mixin.py:151} INFO - [2026-05-29T10:01:17.814+0200] {dag.py:3696} INFO - Setting next_dagrun for example_task_group_decorator to 2026-05-28T08:01:17.814028+00:00, run_after=2026-05-29T08:01:17.814028+00:00
[2026-05-29T10:01:17.835+0200] {processor.py:179} INFO - Processing /home/frederic/airflow_venv/lib/python3.10/site-packages/airflow/example_dags/example_task_group_decorator.py took 0.079 seconds
[2026-05-29T10:02:05.456+0200] {processor.py:157} INFO - Started process (PID=685953) to work on /home/frederic/airflow_venv/lib/python3.10/site-packages/airflow/example_dags/example_task_group_decorator.py
[2026-05-29T10:02:05.460+0200] {processor.py:829} INFO - Processing file /home/frederic/airflow_venv/lib/python3.10/site-packages/airflow/example_dags/example_task_group_decorator.py for tasks to queue
[2026-05-29T10:02:05.461+0200] {logging_mixin.py:151} INFO - [2026-05-29T10:02:05.460+0200] {dagbag.py:539} INFO - Filling up the DagBag from /home/frederic/airflow_venv/lib/python3.10/site-packages/airflow/example_dags/example_task_group_decorator.py
[2026-05-29T10:02:05.475+0200] {processor.py:839} INFO - DAG(s) dict_keys(['example_task_group_decorator']) retrieved from /home/frederic/airflow_venv/lib/python3.10/site-packages/airflow/example_dags/example_task_group_decorator.py
[2026-05-29T10:02:05.493+0200] {logging_mixin.py:151} INFO - [2026-05-29T10:02:05.493+0200] {dag.py:2915} INFO - Sync 1 DAGs
[2026-05-29T10:02:05.512+0200] {logging_mixin.py:151} INFO - [2026-05-29T10:02:05.512+0200] {dag.py:3696} INFO - Setting next_dagrun for example_task_group_decorator to 2026-05-28T08:02:05.512122+00:00, run_after=2026-05-29T08:02:05.512122+00:00
[2026-05-29T10:02:05.529+0200] {processor.py:179} INFO - Processing /home/frederic/airflow_venv/lib/python3.10/site-packages/airflow/example_dags/example_task_group_decorator.py took 0.076 seconds
[2026-05-29T10:02:50.489+0200] {processor.py:157} INFO - Started process (PID=686357) to work on /home/frederic/airflow_venv/lib/python3.10/site-packages/airflow/example_dags/example_task_group_decorator.py
[2026-05-29T10:02:50.492+0200] {processor.py:829} INFO - Processing file /home/frederic/airflow_venv/lib/python3.10/site-packages/airflow/example_dags/example_task_group_decorator.py for tasks to queue
[2026-05-29T10:02:50.493+0200] {logging_mixin.py:151} INFO - [2026-05-29T10:02:50.492+0200] {dagbag.py:539} INFO - Filling up the DagBag from /home/frederic/airflow_venv/lib/python3.10/site-packages/airflow/example_dags/example_task_group_decorator.py
[2026-05-29T10:02:50.508+0200] {processor.py:839} INFO - DAG(s) dict_keys(['example_task_group_decorator']) retrieved from /home/frederic/airflow_venv/lib/python3.10/site-packages/airflow/example_dags/example_task_group_decorator.py
[2026-05-29T10:02:50.527+0200] {logging_mixin.py:151} INFO - [2026-05-29T10:02:50.527+0200] {dag.py:2915} INFO - Sync 1 DAGs
[2026-05-29T10:02:50.545+0200] {logging_mixin.py:151} INFO - [2026-05-29T10:02:50.545+0200] {dag.py:3696} INFO - Setting next_dagrun for example_task_group_decorator to 2026-05-28T08:02:50.545567+00:00, run_after=2026-05-29T08:02:50.545567+00:00
[2026-05-29T10:02:50.563+0200] {processor.py:179} INFO - Processing /home/frederic/airflow_venv/lib/python3.10/site-packages/airflow/example_dags/example_task_group_decorator.py took 0.076 seconds
[2026-05-29T10:03:39.044+0200] {processor.py:157} INFO - Started process (PID=687134) to work on /home/frederic/airflow_venv/lib/python3.10/site-packages/airflow/example_dags/example_task_group_decorator.py
[2026-05-29T10:03:39.047+0200] {processor.py:829} INFO - Processing file /home/frederic/airflow_venv/lib/python3.10/site-packages/airflow/example_dags/example_task_group_decorator.py for tasks to queue
[2026-05-29T10:03:39.048+0200] {logging_mixin.py:151} INFO - [2026-05-29T10:03:39.048+0200] {dagbag.py:539} INFO - Filling up the DagBag from /home/frederic/airflow_venv/lib/python3.10/site-packages/airflow/example_dags/example_task_group_decorator.py
[2026-05-29T10:03:39.065+0200] {processor.py:839} INFO - DAG(s) dict_keys(['example_task_group_decorator']) retrieved from /home/frederic/airflow_venv/lib/python3.10/site-packages/airflow/example_dags/example_task_group_decorator.py
[2026-05-29T10:03:39.082+0200] {logging_mixin.py:151} INFO - [2026-05-29T10:03:39.082+0200] {dag.py:2915} INFO - Sync 1 DAGs
[2026-05-29T10:03:39.099+0200] {logging_mixin.py:151} INFO - [2026-05-29T10:03:39.099+0200] {dag.py:3696} INFO - Setting next_dagrun for example_task_group_decorator to 2026-05-28T08:03:39.099453+00:00, run_after=2026-05-29T08:03:39.099453+00:00
[2026-05-29T10:03:39.118+0200] {processor.py:179} INFO - Processing /home/frederic/airflow_venv/lib/python3.10/site-packages/airflow/example_dags/example_task_group_decorator.py took 0.076 seconds
[2026-05-29T10:04:26.191+0200] {processor.py:157} INFO - Started process (PID=688045) to work on /home/frederic/airflow_venv/lib/python3.10/site-packages/airflow/example_dags/example_task_group_decorator.py
[2026-05-29T10:04:26.192+0200] {processor.py:829} INFO - Processing file /home/frederic/airflow_venv/lib/python3.10/site-packages/airflow/example_dags/example_task_group_decorator.py for tasks to queue
[2026-05-29T10:04:26.192+0200] {logging_mixin.py:151} INFO - [2026-05-29T10:04:26.192+0200] {dagbag.py:539} INFO - Filling up the DagBag from /home/frederic/airflow_venv/lib/python3.10/site-packages/airflow/example_dags/example_task_group_decorator.py
[2026-05-29T10:04:26.212+0200] {processor.py:839} INFO - DAG(s) dict_keys(['example_task_group_decorator']) retrieved from /home/frederic/airflow_venv/lib/python3.10/site-packages/airflow/example_dags/example_task_group_decorator.py
[2026-05-29T10:04:26.230+0200] {logging_mixin.py:151} INFO - [2026-05-29T10:04:26.230+0200] {dag.py:2915} INFO - Sync 1 DAGs
[2026-05-29T10:04:26.249+0200] {logging_mixin.py:151} INFO - [2026-05-29T10:04:26.249+0200] {dag.py:3696} INFO - Setting next_dagrun for example_task_group_decorator to 2026-05-28T08:04:26.248971+00:00, run_after=2026-05-29T08:04:26.248971+00:00
[2026-05-29T10:04:26.269+0200] {processor.py:179} INFO - Processing /home/frederic/airflow_venv/lib/python3.10/site-packages/airflow/example_dags/example_task_group_decorator.py took 0.081 seconds
[2026-05-29T10:05:14.388+0200] {processor.py:157} INFO - Started process (PID=689224) to work on /home/frederic/airflow_venv/lib/python3.10/site-packages/airflow/example_dags/example_task_group_decorator.py
[2026-05-29T10:05:14.389+0200] {processor.py:829} INFO - Processing file /home/frederic/airflow_venv/lib/python3.10/site-packages/airflow/example_dags/example_task_group_decorator.py for tasks to queue
[2026-05-29T10:05:14.390+0200] {logging_mixin.py:151} INFO - [2026-05-29T10:05:14.390+0200] {dagbag.py:539} INFO - Filling up the DagBag from /home/frederic/airflow_venv/lib/python3.10/site-packages/airflow/example_dags/example_task_group_decorator.py
[2026-05-29T10:05:14.409+0200] {processor.py:839} INFO - DAG(s) dict_keys(['example_task_group_decorator']) retrieved from /home/frederic/airflow_venv/lib/python3.10/site-packages/airflow/example_dags/example_task_group_decorator.py
[2026-05-29T10:05:14.432+0200] {logging_mixin.py:151} INFO - [2026-05-29T10:05:14.432+0200] {dag.py:2915} INFO - Sync 1 DAGs
[2026-05-29T10:05:14.457+0200] {logging_mixin.py:151} INFO - [2026-05-29T10:05:14.457+0200] {dag.py:3696} INFO - Setting next_dagrun for example_task_group_decorator to 2026-05-28T08:05:14.456784+00:00, run_after=2026-05-29T08:05:14.456784+00:00
[2026-05-29T10:05:14.475+0200] {processor.py:179} INFO - Processing /home/frederic/airflow_venv/lib/python3.10/site-packages/airflow/example_dags/example_task_group_decorator.py took 0.090 seconds
[2026-05-29T10:06:00.813+0200] {processor.py:157} INFO - Started process (PID=689914) to work on /home/frederic/airflow_venv/lib/python3.10/site-packages/airflow/example_dags/example_task_group_decorator.py
[2026-05-29T10:06:00.815+0200] {processor.py:829} INFO - Processing file /home/frederic/airflow_venv/lib/python3.10/site-packages/airflow/example_dags/example_task_group_decorator.py for tasks to queue
[2026-05-29T10:06:00.816+0200] {logging_mixin.py:151} INFO - [2026-05-29T10:06:00.816+0200] {dagbag.py:539} INFO - Filling up the DagBag from /home/frederic/airflow_venv/lib/python3.10/site-packages/airflow/example_dags/example_task_group_decorator.py
[2026-05-29T10:06:00.832+0200] {processor.py:839} INFO - DAG(s) dict_keys(['example_task_group_decorator']) retrieved from /home/frederic/airflow_venv/lib/python3.10/site-packages/airflow/example_dags/example_task_group_decorator.py
[2026-05-29T10:06:00.850+0200] {logging_mixin.py:151} INFO - [2026-05-29T10:06:00.850+0200] {dag.py:2915} INFO - Sync 1 DAGs
[2026-05-29T10:06:00.868+0200] {logging_mixin.py:151} INFO - [2026-05-29T10:06:00.868+0200] {dag.py:3696} INFO - Setting next_dagrun for example_task_group_decorator to 2026-05-28T08:06:00.868486+00:00, run_after=2026-05-29T08:06:00.868486+00:00
[2026-05-29T10:06:00.888+0200] {processor.py:179} INFO - Processing /home/frederic/airflow_venv/lib/python3.10/site-packages/airflow/example_dags/example_task_group_decorator.py took 0.078 seconds
[2026-05-29T10:06:53.487+0200] {processor.py:157} INFO - Started process (PID=690631) to work on /home/frederic/airflow_venv/lib/python3.10/site-packages/airflow/example_dags/example_task_group_decorator.py
[2026-05-29T10:06:53.488+0200] {processor.py:829} INFO - Processing file /home/frederic/airflow_venv/lib/python3.10/site-packages/airflow/example_dags/example_task_group_decorator.py for tasks to queue
[2026-05-29T10:06:53.488+0200] {logging_mixin.py:151} INFO - [2026-05-29T10:06:53.488+0200] {dagbag.py:539} INFO - Filling up the DagBag from /home/frederic/airflow_venv/lib/python3.10/site-packages/airflow/example_dags/example_task_group_decorator.py
[2026-05-29T10:06:53.503+0200] {processor.py:839} INFO - DAG(s) dict_keys(['example_task_group_decorator']) retrieved from /home/frederic/airflow_venv/lib/python3.10/site-packages/airflow/example_dags/example_task_group_decorator.py
[2026-05-29T10:06:53.522+0200] {logging_mixin.py:151} INFO - [2026-05-29T10:06:53.522+0200] {dag.py:2915} INFO - Sync 1 DAGs
[2026-05-29T10:06:53.540+0200] {logging_mixin.py:151} INFO - [2026-05-29T10:06:53.540+0200] {dag.py:3696} INFO - Setting next_dagrun for example_task_group_decorator to 2026-05-28T08:06:53.540143+00:00, run_after=2026-05-29T08:06:53.540143+00:00
[2026-05-29T10:06:53.558+0200] {processor.py:179} INFO - Processing /home/frederic/airflow_venv/lib/python3.10/site-packages/airflow/example_dags/example_task_group_decorator.py took 0.074 seconds
[2026-05-29T10:07:47.629+0200] {processor.py:157} INFO - Started process (PID=691222) to work on /home/frederic/airflow_venv/lib/python3.10/site-packages/airflow/example_dags/example_task_group_decorator.py
[2026-05-29T10:07:47.631+0200] {processor.py:829} INFO - Processing file /home/frederic/airflow_venv/lib/python3.10/site-packages/airflow/example_dags/example_task_group_decorator.py for tasks to queue
[2026-05-29T10:07:47.632+0200] {logging_mixin.py:151} INFO - [2026-05-29T10:07:47.631+0200] {dagbag.py:539} INFO - Filling up the DagBag from /home/frederic/airflow_venv/lib/python3.10/site-packages/airflow/example_dags/example_task_group_decorator.py
[2026-05-29T10:07:47.647+0200] {processor.py:839} INFO - DAG(s) dict_keys(['example_task_group_decorator']) retrieved from /home/frederic/airflow_venv/lib/python3.10/site-packages/airflow/example_dags/example_task_group_decorator.py
[2026-05-29T10:07:47.665+0200] {logging_mixin.py:151} INFO - [2026-05-29T10:07:47.665+0200] {dag.py:2915} INFO - Sync 1 DAGs
[2026-05-29T10:07:47.686+0200] {logging_mixin.py:151} INFO - [2026-05-29T10:07:47.686+0200] {dag.py:3696} INFO - Setting next_dagrun for example_task_group_decorator to 2026-05-28T08:07:47.686528+00:00, run_after=2026-05-29T08:07:47.686528+00:00
[2026-05-29T10:07:47.709+0200] {processor.py:179} INFO - Processing /home/frederic/airflow_venv/lib/python3.10/site-packages/airflow/example_dags/example_task_group_decorator.py took 0.083 seconds
[2026-05-29T10:08:32.539+0200] {processor.py:157} INFO - Started process (PID=691799) to work on /home/frederic/airflow_venv/lib/python3.10/site-packages/airflow/example_dags/example_task_group_decorator.py
[2026-05-29T10:08:32.543+0200] {processor.py:829} INFO - Processing file /home/frederic/airflow_venv/lib/python3.10/site-packages/airflow/example_dags/example_task_group_decorator.py for tasks to queue
[2026-05-29T10:08:32.543+0200] {logging_mixin.py:151} INFO - [2026-05-29T10:08:32.543+0200] {dagbag.py:539} INFO - Filling up the DagBag from /home/frederic/airflow_venv/lib/python3.10/site-packages/airflow/example_dags/example_task_group_decorator.py
[2026-05-29T10:08:32.562+0200] {processor.py:839} INFO - DAG(s) dict_keys(['example_task_group_decorator']) retrieved from /home/frederic/airflow_venv/lib/python3.10/site-packages/airflow/example_dags/example_task_group_decorator.py
[2026-05-29T10:08:32.582+0200] {logging_mixin.py:151} INFO - [2026-05-29T10:08:32.582+0200] {dag.py:2915} INFO - Sync 1 DAGs
[2026-05-29T10:08:32.607+0200] {logging_mixin.py:151} INFO - [2026-05-29T10:08:32.606+0200] {dag.py:3696} INFO - Setting next_dagrun for example_task_group_decorator to 2026-05-28T08:08:32.606658+00:00, run_after=2026-05-29T08:08:32.606658+00:00
[2026-05-29T10:08:32.624+0200] {processor.py:179} INFO - Processing /home/frederic/airflow_venv/lib/python3.10/site-packages/airflow/example_dags/example_task_group_decorator.py took 0.088 seconds
[2026-05-29T10:09:18.779+0200] {processor.py:157} INFO - Started process (PID=692391) to work on /home/frederic/airflow_venv/lib/python3.10/site-packages/airflow/example_dags/example_task_group_decorator.py
[2026-05-29T10:09:18.782+0200] {processor.py:829} INFO - Processing file /home/frederic/airflow_venv/lib/python3.10/site-packages/airflow/example_dags/example_task_group_decorator.py for tasks to queue
[2026-05-29T10:09:18.783+0200] {logging_mixin.py:151} INFO - [2026-05-29T10:09:18.783+0200] {dagbag.py:539} INFO - Filling up the DagBag from /home/frederic/airflow_venv/lib/python3.10/site-packages/airflow/example_dags/example_task_group_decorator.py
[2026-05-29T10:09:18.797+0200] {processor.py:839} INFO - DAG(s) dict_keys(['example_task_group_decorator']) retrieved from /home/frederic/airflow_venv/lib/python3.10/site-packages/airflow/example_dags/example_task_group_decorator.py
[2026-05-29T10:09:18.815+0200] {logging_mixin.py:151} INFO - [2026-05-29T10:09:18.815+0200] {dag.py:2915} INFO - Sync 1 DAGs
[2026-05-29T10:09:18.832+0200] {logging_mixin.py:151} INFO - [2026-05-29T10:09:18.832+0200] {dag.py:3696} INFO - Setting next_dagrun for example_task_group_decorator to 2026-05-28T08:09:18.832013+00:00, run_after=2026-05-29T08:09:18.832013+00:00
[2026-05-29T10:09:18.848+0200] {processor.py:179} INFO - Processing /home/frederic/airflow_venv/lib/python3.10/site-packages/airflow/example_dags/example_task_group_decorator.py took 0.071 seconds
[2026-05-29T10:10:09.478+0200] {processor.py:157} INFO - Started process (PID=692963) to work on /home/frederic/airflow_venv/lib/python3.10/site-packages/airflow/example_dags/example_task_group_decorator.py
[2026-05-29T10:10:09.479+0200] {processor.py:829} INFO - Processing file /home/frederic/airflow_venv/lib/python3.10/site-packages/airflow/example_dags/example_task_group_decorator.py for tasks to queue
[2026-05-29T10:10:09.480+0200] {logging_mixin.py:151} INFO - [2026-05-29T10:10:09.479+0200] {dagbag.py:539} INFO - Filling up the DagBag from /home/frederic/airflow_venv/lib/python3.10/site-packages/airflow/example_dags/example_task_group_decorator.py
[2026-05-29T10:10:09.495+0200] {processor.py:839} INFO - DAG(s) dict_keys(['example_task_group_decorator']) retrieved from /home/frederic/airflow_venv/lib/python3.10/site-packages/airflow/example_dags/example_task_group_decorator.py
[2026-05-29T10:10:09.513+0200] {logging_mixin.py:151} INFO - [2026-05-29T10:10:09.512+0200] {dag.py:2915} INFO - Sync 1 DAGs
[2026-05-29T10:10:09.531+0200] {logging_mixin.py:151} INFO - [2026-05-29T10:10:09.531+0200] {dag.py:3696} INFO - Setting next_dagrun for example_task_group_decorator to 2026-05-28T08:10:09.531448+00:00, run_after=2026-05-29T08:10:09.531448+00:00
[2026-05-29T10:10:09.549+0200] {processor.py:179} INFO - Processing /home/frederic/airflow_venv/lib/python3.10/site-packages/airflow/example_dags/example_task_group_decorator.py took 0.074 seconds
[2026-05-29T10:10:57.706+0200] {processor.py:157} INFO - Started process (PID=694019) to work on /home/frederic/airflow_venv/lib/python3.10/site-packages/airflow/example_dags/example_task_group_decorator.py
[2026-05-29T10:10:57.709+0200] {processor.py:829} INFO - Processing file /home/frederic/airflow_venv/lib/python3.10/site-packages/airflow/example_dags/example_task_group_decorator.py for tasks to queue
[2026-05-29T10:10:57.710+0200] {logging_mixin.py:151} INFO - [2026-05-29T10:10:57.709+0200] {dagbag.py:539} INFO - Filling up the DagBag from /home/frederic/airflow_venv/lib/python3.10/site-packages/airflow/example_dags/example_task_group_decorator.py
[2026-05-29T10:10:57.725+0200] {processor.py:839} INFO - DAG(s) dict_keys(['example_task_group_decorator']) retrieved from /home/frederic/airflow_venv/lib/python3.10/site-packages/airflow/example_dags/example_task_group_decorator.py
[2026-05-29T10:10:57.743+0200] {logging_mixin.py:151} INFO - [2026-05-29T10:10:57.742+0200] {dag.py:2915} INFO - Sync 1 DAGs
[2026-05-29T10:10:57.761+0200] {logging_mixin.py:151} INFO - [2026-05-29T10:10:57.761+0200] {dag.py:3696} INFO - Setting next_dagrun for example_task_group_decorator to 2026-05-28T08:10:57.761215+00:00, run_after=2026-05-29T08:10:57.761215+00:00
[2026-05-29T10:10:57.778+0200] {processor.py:179} INFO - Processing /home/frederic/airflow_venv/lib/python3.10/site-packages/airflow/example_dags/example_task_group_decorator.py took 0.075 seconds
[2026-05-29T10:11:46.719+0200] {processor.py:157} INFO - Started process (PID=694941) to work on /home/frederic/airflow_venv/lib/python3.10/site-packages/airflow/example_dags/example_task_group_decorator.py
[2026-05-29T10:11:46.720+0200] {processor.py:829} INFO - Processing file /home/frederic/airflow_venv/lib/python3.10/site-packages/airflow/example_dags/example_task_group_decorator.py for tasks to queue
[2026-05-29T10:11:46.721+0200] {logging_mixin.py:151} INFO - [2026-05-29T10:11:46.721+0200] {dagbag.py:539} INFO - Filling up the DagBag from /home/frederic/airflow_venv/lib/python3.10/site-packages/airflow/example_dags/example_task_group_decorator.py
[2026-05-29T10:11:46.734+0200] {processor.py:839} INFO - DAG(s) dict_keys(['example_task_group_decorator']) retrieved from /home/frederic/airflow_venv/lib/python3.10/site-packages/airflow/example_dags/example_task_group_decorator.py
[2026-05-29T10:11:46.749+0200] {logging_mixin.py:151} INFO - [2026-05-29T10:11:46.749+0200] {dag.py:2915} INFO - Sync 1 DAGs
[2026-05-29T10:11:46.764+0200] {logging_mixin.py:151} INFO - [2026-05-29T10:11:46.764+0200] {dag.py:3696} INFO - Setting next_dagrun for example_task_group_decorator to 2026-05-28T08:11:46.764419+00:00, run_after=2026-05-29T08:11:46.764419+00:00
[2026-05-29T10:11:46.778+0200] {processor.py:179} INFO - Processing /home/frederic/airflow_venv/lib/python3.10/site-packages/airflow/example_dags/example_task_group_decorator.py took 0.061 seconds
[2026-05-29T10:12:30.032+0200] {processor.py:157} INFO - Started process (PID=695539) to work on /home/frederic/airflow_venv/lib/python3.10/site-packages/airflow/example_dags/example_task_group_decorator.py
[2026-05-29T10:12:30.033+0200] {processor.py:829} INFO - Processing file /home/frederic/airflow_venv/lib/python3.10/site-packages/airflow/example_dags/example_task_group_decorator.py for tasks to queue
[2026-05-29T10:12:30.033+0200] {logging_mixin.py:151} INFO - [2026-05-29T10:12:30.033+0200] {dagbag.py:539} INFO - Filling up the DagBag from /home/frederic/airflow_venv/lib/python3.10/site-packages/airflow/example_dags/example_task_group_decorator.py
[2026-05-29T10:12:30.045+0200] {processor.py:839} INFO - DAG(s) dict_keys(['example_task_group_decorator']) retrieved from /home/frederic/airflow_venv/lib/python3.10/site-packages/airflow/example_dags/example_task_group_decorator.py
[2026-05-29T10:12:30.060+0200] {logging_mixin.py:151} INFO - [2026-05-29T10:12:30.060+0200] {dag.py:2915} INFO - Sync 1 DAGs
[2026-05-29T10:12:30.074+0200] {logging_mixin.py:151} INFO - [2026-05-29T10:12:30.074+0200] {dag.py:3696} INFO - Setting next_dagrun for example_task_group_decorator to 2026-05-28T08:12:30.074017+00:00, run_after=2026-05-29T08:12:30.074017+00:00
[2026-05-29T10:12:30.087+0200] {processor.py:179} INFO - Processing /home/frederic/airflow_venv/lib/python3.10/site-packages/airflow/example_dags/example_task_group_decorator.py took 0.058 seconds
[2026-05-29T10:13:07.621+0200] {processor.py:157} INFO - Started process (PID=695983) to work on /home/frederic/airflow_venv/lib/python3.10/site-packages/airflow/example_dags/example_task_group_decorator.py
[2026-05-29T10:13:07.622+0200] {processor.py:829} INFO - Processing file /home/frederic/airflow_venv/lib/python3.10/site-packages/airflow/example_dags/example_task_group_decorator.py for tasks to queue
[2026-05-29T10:13:07.622+0200] {logging_mixin.py:151} INFO - [2026-05-29T10:13:07.622+0200] {dagbag.py:539} INFO - Filling up the DagBag from /home/frederic/airflow_venv/lib/python3.10/site-packages/airflow/example_dags/example_task_group_decorator.py
[2026-05-29T10:13:07.634+0200] {processor.py:839} INFO - DAG(s) dict_keys(['example_task_group_decorator']) retrieved from /home/frederic/airflow_venv/lib/python3.10/site-packages/airflow/example_dags/example_task_group_decorator.py
[2026-05-29T10:13:07.649+0200] {logging_mixin.py:151} INFO - [2026-05-29T10:13:07.649+0200] {dag.py:2915} INFO - Sync 1 DAGs
[2026-05-29T10:13:07.666+0200] {logging_mixin.py:151} INFO - [2026-05-29T10:13:07.665+0200] {dag.py:3696} INFO - Setting next_dagrun for example_task_group_decorator to 2026-05-28T08:13:07.665789+00:00, run_after=2026-05-29T08:13:07.665789+00:00
[2026-05-29T10:13:07.680+0200] {processor.py:179} INFO - Processing /home/frederic/airflow_venv/lib/python3.10/site-packages/airflow/example_dags/example_task_group_decorator.py took 0.062 seconds
[2026-05-29T10:13:56.129+0200] {processor.py:157} INFO - Started process (PID=696485) to work on /home/frederic/airflow_venv/lib/python3.10/site-packages/airflow/example_dags/example_task_group_decorator.py
[2026-05-29T10:13:56.131+0200] {processor.py:829} INFO - Processing file /home/frederic/airflow_venv/lib/python3.10/site-packages/airflow/example_dags/example_task_group_decorator.py for tasks to queue
[2026-05-29T10:13:56.131+0200] {logging_mixin.py:151} INFO - [2026-05-29T10:13:56.131+0200] {dagbag.py:539} INFO - Filling up the DagBag from /home/frederic/airflow_venv/lib/python3.10/site-packages/airflow/example_dags/example_task_group_decorator.py
[2026-05-29T10:13:56.148+0200] {processor.py:839} INFO - DAG(s) dict_keys(['example_task_group_decorator']) retrieved from /home/frederic/airflow_venv/lib/python3.10/site-packages/airflow/example_dags/example_task_group_decorator.py
[2026-05-29T10:13:56.164+0200] {logging_mixin.py:151} INFO - [2026-05-29T10:13:56.164+0200] {dag.py:2915} INFO - Sync 1 DAGs
[2026-05-29T10:13:56.187+0200] {logging_mixin.py:151} INFO - [2026-05-29T10:13:56.187+0200] {dag.py:3696} INFO - Setting next_dagrun for example_task_group_decorator to 2026-05-28T08:13:56.187348+00:00, run_after=2026-05-29T08:13:56.187348+00:00
[2026-05-29T10:13:56.211+0200] {processor.py:179} INFO - Processing /home/frederic/airflow_venv/lib/python3.10/site-packages/airflow/example_dags/example_task_group_decorator.py took 0.084 seconds
[2026-05-29T10:14:46.665+0200] {processor.py:157} INFO - Started process (PID=697140) to work on /home/frederic/airflow_venv/lib/python3.10/site-packages/airflow/example_dags/example_task_group_decorator.py
[2026-05-29T10:14:46.666+0200] {processor.py:829} INFO - Processing file /home/frederic/airflow_venv/lib/python3.10/site-packages/airflow/example_dags/example_task_group_decorator.py for tasks to queue
[2026-05-29T10:14:46.667+0200] {logging_mixin.py:151} INFO - [2026-05-29T10:14:46.666+0200] {dagbag.py:539} INFO - Filling up the DagBag from /home/frederic/airflow_venv/lib/python3.10/site-packages/airflow/example_dags/example_task_group_decorator.py
[2026-05-29T10:14:46.683+0200] {processor.py:839} INFO - DAG(s) dict_keys(['example_task_group_decorator']) retrieved from /home/frederic/airflow_venv/lib/python3.10/site-packages/airflow/example_dags/example_task_group_decorator.py
[2026-05-29T10:14:46.701+0200] {logging_mixin.py:151} INFO - [2026-05-29T10:14:46.700+0200] {dag.py:2915} INFO - Sync 1 DAGs
[2026-05-29T10:14:46.716+0200] {logging_mixin.py:151} INFO - [2026-05-29T10:14:46.716+0200] {dag.py:3696} INFO - Setting next_dagrun for example_task_group_decorator to 2026-05-28T08:14:46.716534+00:00, run_after=2026-05-29T08:14:46.716534+00:00
[2026-05-29T10:14:46.732+0200] {processor.py:179} INFO - Processing /home/frederic/airflow_venv/lib/python3.10/site-packages/airflow/example_dags/example_task_group_decorator.py took 0.070 seconds
[2026-05-29T10:15:32.773+0200] {processor.py:157} INFO - Started process (PID=697785) to work on /home/frederic/airflow_venv/lib/python3.10/site-packages/airflow/example_dags/example_task_group_decorator.py
[2026-05-29T10:15:32.774+0200] {processor.py:829} INFO - Processing file /home/frederic/airflow_venv/lib/python3.10/site-packages/airflow/example_dags/example_task_group_decorator.py for tasks to queue
[2026-05-29T10:15:32.775+0200] {logging_mixin.py:151} INFO - [2026-05-29T10:15:32.775+0200] {dagbag.py:539} INFO - Filling up the DagBag from /home/frederic/airflow_venv/lib/python3.10/site-packages/airflow/example_dags/example_task_group_decorator.py
[2026-05-29T10:15:32.788+0200] {processor.py:839} INFO - DAG(s) dict_keys(['example_task_group_decorator']) retrieved from /home/frederic/airflow_venv/lib/python3.10/site-packages/airflow/example_dags/example_task_group_decorator.py
[2026-05-29T10:15:32.803+0200] {logging_mixin.py:151} INFO - [2026-05-29T10:15:32.803+0200] {dag.py:2915} INFO - Sync 1 DAGs
[2026-05-29T10:15:32.818+0200] {logging_mixin.py:151} INFO - [2026-05-29T10:15:32.817+0200] {dag.py:3696} INFO - Setting next_dagrun for example_task_group_decorator to 2026-05-28T08:15:32.817683+00:00, run_after=2026-05-29T08:15:32.817683+00:00
[2026-05-29T10:15:32.832+0200] {processor.py:179} INFO - Processing /home/frederic/airflow_venv/lib/python3.10/site-packages/airflow/example_dags/example_task_group_decorator.py took 0.061 seconds
[2026-05-29T10:16:22.416+0200] {processor.py:157} INFO - Started process (PID=698625) to work on /home/frederic/airflow_venv/lib/python3.10/site-packages/airflow/example_dags/example_task_group_decorator.py
[2026-05-29T10:16:22.417+0200] {processor.py:829} INFO - Processing file /home/frederic/airflow_venv/lib/python3.10/site-packages/airflow/example_dags/example_task_group_decorator.py for tasks to queue
[2026-05-29T10:16:22.418+0200] {logging_mixin.py:151} INFO - [2026-05-29T10:16:22.417+0200] {dagbag.py:539} INFO - Filling up the DagBag from /home/frederic/airflow_venv/lib/python3.10/site-packages/airflow/example_dags/example_task_group_decorator.py
[2026-05-29T10:16:22.432+0200] {processor.py:839} INFO - DAG(s) dict_keys(['example_task_group_decorator']) retrieved from /home/frederic/airflow_venv/lib/python3.10/site-packages/airflow/example_dags/example_task_group_decorator.py
[2026-05-29T10:16:22.449+0200] {logging_mixin.py:151} INFO - [2026-05-29T10:16:22.449+0200] {dag.py:2915} INFO - Sync 1 DAGs
[2026-05-29T10:16:22.464+0200] {logging_mixin.py:151} INFO - [2026-05-29T10:16:22.464+0200] {dag.py:3696} INFO - Setting next_dagrun for example_task_group_decorator to 2026-05-28T08:16:22.464170+00:00, run_after=2026-05-29T08:16:22.464170+00:00
[2026-05-29T10:16:22.481+0200] {processor.py:179} INFO - Processing /home/frederic/airflow_venv/lib/python3.10/site-packages/airflow/example_dags/example_task_group_decorator.py took 0.068 seconds
[2026-05-29T10:17:07.343+0200] {processor.py:157} INFO - Started process (PID=699467) to work on /home/frederic/airflow_venv/lib/python3.10/site-packages/airflow/example_dags/example_task_group_decorator.py
[2026-05-29T10:17:07.344+0200] {processor.py:829} INFO - Processing file /home/frederic/airflow_venv/lib/python3.10/site-packages/airflow/example_dags/example_task_group_decorator.py for tasks to queue
[2026-05-29T10:17:07.345+0200] {logging_mixin.py:151} INFO - [2026-05-29T10:17:07.344+0200] {dagbag.py:539} INFO - Filling up the DagBag from /home/frederic/airflow_venv/lib/python3.10/site-packages/airflow/example_dags/example_task_group_decorator.py
[2026-05-29T10:17:07.359+0200] {processor.py:839} INFO - DAG(s) dict_keys(['example_task_group_decorator']) retrieved from /home/frederic/airflow_venv/lib/python3.10/site-packages/airflow/example_dags/example_task_group_decorator.py
[2026-05-29T10:17:07.377+0200] {logging_mixin.py:151} INFO - [2026-05-29T10:17:07.377+0200] {dag.py:2915} INFO - Sync 1 DAGs
[2026-05-29T10:17:07.399+0200] {logging_mixin.py:151} INFO - [2026-05-29T10:17:07.399+0200] {dag.py:3696} INFO - Setting next_dagrun for example_task_group_decorator to 2026-05-28T08:17:07.399141+00:00, run_after=2026-05-29T08:17:07.399141+00:00
[2026-05-29T10:17:07.418+0200] {processor.py:179} INFO - Processing /home/frederic/airflow_venv/lib/python3.10/site-packages/airflow/example_dags/example_task_group_decorator.py took 0.077 seconds
[2026-05-29T10:17:54.556+0200] {processor.py:157} INFO - Started process (PID=700466) to work on /home/frederic/airflow_venv/lib/python3.10/site-packages/airflow/example_dags/example_task_group_decorator.py
[2026-05-29T10:17:54.557+0200] {processor.py:829} INFO - Processing file /home/frederic/airflow_venv/lib/python3.10/site-packages/airflow/example_dags/example_task_group_decorator.py for tasks to queue
[2026-05-29T10:17:54.558+0200] {logging_mixin.py:151} INFO - [2026-05-29T10:17:54.557+0200] {dagbag.py:539} INFO - Filling up the DagBag from /home/frederic/airflow_venv/lib/python3.10/site-packages/airflow/example_dags/example_task_group_decorator.py
[2026-05-29T10:17:54.570+0200] {processor.py:839} INFO - DAG(s) dict_keys(['example_task_group_decorator']) retrieved from /home/frederic/airflow_venv/lib/python3.10/site-packages/airflow/example_dags/example_task_group_decorator.py
[2026-05-29T10:17:54.585+0200] {logging_mixin.py:151} INFO - [2026-05-29T10:17:54.585+0200] {dag.py:2915} INFO - Sync 1 DAGs
[2026-05-29T10:17:54.600+0200] {logging_mixin.py:151} INFO - [2026-05-29T10:17:54.600+0200] {dag.py:3696} INFO - Setting next_dagrun for example_task_group_decorator to 2026-05-28T08:17:54.600330+00:00, run_after=2026-05-29T08:17:54.600330+00:00
[2026-05-29T10:17:54.615+0200] {processor.py:179} INFO - Processing /home/frederic/airflow_venv/lib/python3.10/site-packages/airflow/example_dags/example_task_group_decorator.py took 0.061 seconds
[2026-05-29T10:18:37.904+0200] {processor.py:157} INFO - Started process (PID=700966) to work on /home/frederic/airflow_venv/lib/python3.10/site-packages/airflow/example_dags/example_task_group_decorator.py
[2026-05-29T10:18:37.905+0200] {processor.py:829} INFO - Processing file /home/frederic/airflow_venv/lib/python3.10/site-packages/airflow/example_dags/example_task_group_decorator.py for tasks to queue
[2026-05-29T10:18:37.906+0200] {logging_mixin.py:151} INFO - [2026-05-29T10:18:37.906+0200] {dagbag.py:539} INFO - Filling up the DagBag from /home/frederic/airflow_venv/lib/python3.10/site-packages/airflow/example_dags/example_task_group_decorator.py
[2026-05-29T10:18:37.919+0200] {processor.py:839} INFO - DAG(s) dict_keys(['example_task_group_decorator']) retrieved from /home/frederic/airflow_venv/lib/python3.10/site-packages/airflow/example_dags/example_task_group_decorator.py
[2026-05-29T10:18:37.935+0200] {logging_mixin.py:151} INFO - [2026-05-29T10:18:37.935+0200] {dag.py:2915} INFO - Sync 1 DAGs
[2026-05-29T10:18:37.950+0200] {logging_mixin.py:151} INFO - [2026-05-29T10:18:37.950+0200] {dag.py:3696} INFO - Setting next_dagrun for example_task_group_decorator to 2026-05-28T08:18:37.950606+00:00, run_after=2026-05-29T08:18:37.950606+00:00
[2026-05-29T10:18:37.965+0200] {processor.py:179} INFO - Processing /home/frederic/airflow_venv/lib/python3.10/site-packages/airflow/example_dags/example_task_group_decorator.py took 0.064 seconds
[2026-05-29T10:19:26.848+0200] {processor.py:157} INFO - Started process (PID=701460) to work on /home/frederic/airflow_venv/lib/python3.10/site-packages/airflow/example_dags/example_task_group_decorator.py
[2026-05-29T10:19:26.849+0200] {processor.py:829} INFO - Processing file /home/frederic/airflow_venv/lib/python3.10/site-packages/airflow/example_dags/example_task_group_decorator.py for tasks to queue
[2026-05-29T10:19:26.850+0200] {logging_mixin.py:151} INFO - [2026-05-29T10:19:26.849+0200] {dagbag.py:539} INFO - Filling up the DagBag from /home/frederic/airflow_venv/lib/python3.10/site-packages/airflow/example_dags/example_task_group_decorator.py
[2026-05-29T10:19:26.862+0200] {processor.py:839} INFO - DAG(s) dict_keys(['example_task_group_decorator']) retrieved from /home/frederic/airflow_venv/lib/python3.10/site-packages/airflow/example_dags/example_task_group_decorator.py
[2026-05-29T10:19:26.879+0200] {logging_mixin.py:151} INFO - [2026-05-29T10:19:26.878+0200] {dag.py:2915} INFO - Sync 1 DAGs
[2026-05-29T10:19:26.894+0200] {logging_mixin.py:151} INFO - [2026-05-29T10:19:26.894+0200] {dag.py:3696} INFO - Setting next_dagrun for example_task_group_decorator to 2026-05-28T08:19:26.894216+00:00, run_after=2026-05-29T08:19:26.894216+00:00
[2026-05-29T10:19:26.916+0200] {processor.py:179} INFO - Processing /home/frederic/airflow_venv/lib/python3.10/site-packages/airflow/example_dags/example_task_group_decorator.py took 0.071 seconds
[2026-05-29T10:20:15.567+0200] {processor.py:157} INFO - Started process (PID=702111) to work on /home/frederic/airflow_venv/lib/python3.10/site-packages/airflow/example_dags/example_task_group_decorator.py
[2026-05-29T10:20:15.568+0200] {processor.py:829} INFO - Processing file /home/frederic/airflow_venv/lib/python3.10/site-packages/airflow/example_dags/example_task_group_decorator.py for tasks to queue
[2026-05-29T10:20:15.569+0200] {logging_mixin.py:151} INFO - [2026-05-29T10:20:15.569+0200] {dagbag.py:539} INFO - Filling up the DagBag from /home/frederic/airflow_venv/lib/python3.10/site-packages/airflow/example_dags/example_task_group_decorator.py
[2026-05-29T10:20:15.585+0200] {processor.py:839} INFO - DAG(s) dict_keys(['example_task_group_decorator']) retrieved from /home/frederic/airflow_venv/lib/python3.10/site-packages/airflow/example_dags/example_task_group_decorator.py
[2026-05-29T10:20:15.603+0200] {logging_mixin.py:151} INFO - [2026-05-29T10:20:15.603+0200] {dag.py:2915} INFO - Sync 1 DAGs
[2026-05-29T10:20:15.619+0200] {logging_mixin.py:151} INFO - [2026-05-29T10:20:15.618+0200] {dag.py:3696} INFO - Setting next_dagrun for example_task_group_decorator to 2026-05-28T08:20:15.618689+00:00, run_after=2026-05-29T08:20:15.618689+00:00
[2026-05-29T10:20:15.634+0200] {processor.py:179} INFO - Processing /home/frederic/airflow_venv/lib/python3.10/site-packages/airflow/example_dags/example_task_group_decorator.py took 0.069 seconds
[2026-05-29T10:20:50.507+0200] {processor.py:157} INFO - Started process (PID=702429) to work on /home/frederic/airflow_venv/lib/python3.10/site-packages/airflow/example_dags/example_task_group_decorator.py
[2026-05-29T10:20:50.509+0200] {processor.py:829} INFO - Processing file /home/frederic/airflow_venv/lib/python3.10/site-packages/airflow/example_dags/example_task_group_decorator.py for tasks to queue
[2026-05-29T10:20:50.509+0200] {logging_mixin.py:151} INFO - [2026-05-29T10:20:50.509+0200] {dagbag.py:539} INFO - Filling up the DagBag from /home/frederic/airflow_venv/lib/python3.10/site-packages/airflow/example_dags/example_task_group_decorator.py
[2026-05-29T10:20:50.524+0200] {processor.py:839} INFO - DAG(s) dict_keys(['example_task_group_decorator']) retrieved from /home/frederic/airflow_venv/lib/python3.10/site-packages/airflow/example_dags/example_task_group_decorator.py
[2026-05-29T10:20:50.540+0200] {logging_mixin.py:151} INFO - [2026-05-29T10:20:50.540+0200] {dag.py:2915} INFO - Sync 1 DAGs
[2026-05-29T10:20:50.556+0200] {logging_mixin.py:151} INFO - [2026-05-29T10:20:50.556+0200] {dag.py:3696} INFO - Setting next_dagrun for example_task_group_decorator to 2026-05-28T08:20:50.556420+00:00, run_after=2026-05-29T08:20:50.556420+00:00
[2026-05-29T10:20:50.574+0200] {processor.py:179} INFO - Processing /home/frederic/airflow_venv/lib/python3.10/site-packages/airflow/example_dags/example_task_group_decorator.py took 0.069 seconds
[2026-05-29T10:21:36.789+0200] {processor.py:157} INFO - Started process (PID=702886) to work on /home/frederic/airflow_venv/lib/python3.10/site-packages/airflow/example_dags/example_task_group_decorator.py
[2026-05-29T10:21:36.790+0200] {processor.py:829} INFO - Processing file /home/frederic/airflow_venv/lib/python3.10/site-packages/airflow/example_dags/example_task_group_decorator.py for tasks to queue
[2026-05-29T10:21:36.791+0200] {logging_mixin.py:151} INFO - [2026-05-29T10:21:36.790+0200] {dagbag.py:539} INFO - Filling up the DagBag from /home/frederic/airflow_venv/lib/python3.10/site-packages/airflow/example_dags/example_task_group_decorator.py
[2026-05-29T10:21:36.806+0200] {processor.py:839} INFO - DAG(s) dict_keys(['example_task_group_decorator']) retrieved from /home/frederic/airflow_venv/lib/python3.10/site-packages/airflow/example_dags/example_task_group_decorator.py
[2026-05-29T10:21:36.822+0200] {logging_mixin.py:151} INFO - [2026-05-29T10:21:36.822+0200] {dag.py:2915} INFO - Sync 1 DAGs
[2026-05-29T10:21:36.838+0200] {logging_mixin.py:151} INFO - [2026-05-29T10:21:36.838+0200] {dag.py:3696} INFO - Setting next_dagrun for example_task_group_decorator to 2026-05-28T08:21:36.838386+00:00, run_after=2026-05-29T08:21:36.838386+00:00
[2026-05-29T10:21:36.853+0200] {processor.py:179} INFO - Processing /home/frederic/airflow_venv/lib/python3.10/site-packages/airflow/example_dags/example_task_group_decorator.py took 0.067 seconds
[2026-05-29T10:22:24.175+0200] {processor.py:157} INFO - Started process (PID=703382) to work on /home/frederic/airflow_venv/lib/python3.10/site-packages/airflow/example_dags/example_task_group_decorator.py
[2026-05-29T10:22:24.176+0200] {processor.py:829} INFO - Processing file /home/frederic/airflow_venv/lib/python3.10/site-packages/airflow/example_dags/example_task_group_decorator.py for tasks to queue
[2026-05-29T10:22:24.176+0200] {logging_mixin.py:151} INFO - [2026-05-29T10:22:24.176+0200] {dagbag.py:539} INFO - Filling up the DagBag from /home/frederic/airflow_venv/lib/python3.10/site-packages/airflow/example_dags/example_task_group_decorator.py
[2026-05-29T10:22:24.191+0200] {processor.py:839} INFO - DAG(s) dict_keys(['example_task_group_decorator']) retrieved from /home/frederic/airflow_venv/lib/python3.10/site-packages/airflow/example_dags/example_task_group_decorator.py
[2026-05-29T10:22:24.211+0200] {logging_mixin.py:151} INFO - [2026-05-29T10:22:24.211+0200] {dag.py:2915} INFO - Sync 1 DAGs
[2026-05-29T10:22:24.229+0200] {logging_mixin.py:151} INFO - [2026-05-29T10:22:24.229+0200] {dag.py:3696} INFO - Setting next_dagrun for example_task_group_decorator to 2026-05-28T08:22:24.229417+00:00, run_after=2026-05-29T08:22:24.229417+00:00
[2026-05-29T10:22:24.254+0200] {processor.py:179} INFO - Processing /home/frederic/airflow_venv/lib/python3.10/site-packages/airflow/example_dags/example_task_group_decorator.py took 0.082 seconds
[2026-05-29T10:23:01.788+0200] {processor.py:157} INFO - Started process (PID=703808) to work on /home/frederic/airflow_venv/lib/python3.10/site-packages/airflow/example_dags/example_task_group_decorator.py
[2026-05-29T10:23:01.789+0200] {processor.py:829} INFO - Processing file /home/frederic/airflow_venv/lib/python3.10/site-packages/airflow/example_dags/example_task_group_decorator.py for tasks to queue
[2026-05-29T10:23:01.789+0200] {logging_mixin.py:151} INFO - [2026-05-29T10:23:01.789+0200] {dagbag.py:539} INFO - Filling up the DagBag from /home/frederic/airflow_venv/lib/python3.10/site-packages/airflow/example_dags/example_task_group_decorator.py
[2026-05-29T10:23:01.805+0200] {processor.py:839} INFO - DAG(s) dict_keys(['example_task_group_decorator']) retrieved from /home/frederic/airflow_venv/lib/python3.10/site-packages/airflow/example_dags/example_task_group_decorator.py
[2026-05-29T10:23:01.825+0200] {logging_mixin.py:151} INFO - [2026-05-29T10:23:01.825+0200] {dag.py:2915} INFO - Sync 1 DAGs
[2026-05-29T10:23:01.933+0200] {logging_mixin.py:151} INFO - [2026-05-29T10:23:01.933+0200] {dag.py:3696} INFO - Setting next_dagrun for example_task_group_decorator to 2026-05-28T08:23:01.933321+00:00, run_after=2026-05-29T08:23:01.933321+00:00
[2026-05-29T10:23:01.951+0200] {processor.py:179} INFO - Processing /home/frederic/airflow_venv/lib/python3.10/site-packages/airflow/example_dags/example_task_group_decorator.py took 0.166 seconds
[2026-05-29T10:23:50.512+0200] {processor.py:157} INFO - Started process (PID=704310) to work on /home/frederic/airflow_venv/lib/python3.10/site-packages/airflow/example_dags/example_task_group_decorator.py
[2026-05-29T10:23:50.513+0200] {processor.py:829} INFO - Processing file /home/frederic/airflow_venv/lib/python3.10/site-packages/airflow/example_dags/example_task_group_decorator.py for tasks to queue
[2026-05-29T10:23:50.514+0200] {logging_mixin.py:151} INFO - [2026-05-29T10:23:50.513+0200] {dagbag.py:539} INFO - Filling up the DagBag from /home/frederic/airflow_venv/lib/python3.10/site-packages/airflow/example_dags/example_task_group_decorator.py
[2026-05-29T10:23:50.527+0200] {processor.py:839} INFO - DAG(s) dict_keys(['example_task_group_decorator']) retrieved from /home/frederic/airflow_venv/lib/python3.10/site-packages/airflow/example_dags/example_task_group_decorator.py
[2026-05-29T10:23:50.545+0200] {logging_mixin.py:151} INFO - [2026-05-29T10:23:50.545+0200] {dag.py:2915} INFO - Sync 1 DAGs
[2026-05-29T10:23:50.561+0200] {logging_mixin.py:151} INFO - [2026-05-29T10:23:50.561+0200] {dag.py:3696} INFO - Setting next_dagrun for example_task_group_decorator to 2026-05-28T08:23:50.561411+00:00, run_after=2026-05-29T08:23:50.561411+00:00
[2026-05-29T10:23:50.577+0200] {processor.py:179} INFO - Processing /home/frederic/airflow_venv/lib/python3.10/site-packages/airflow/example_dags/example_task_group_decorator.py took 0.067 seconds
[2026-05-29T10:24:42.305+0200] {processor.py:157} INFO - Started process (PID=704818) to work on /home/frederic/airflow_venv/lib/python3.10/site-packages/airflow/example_dags/example_task_group_decorator.py
[2026-05-29T10:24:42.307+0200] {processor.py:829} INFO - Processing file /home/frederic/airflow_venv/lib/python3.10/site-packages/airflow/example_dags/example_task_group_decorator.py for tasks to queue
[2026-05-29T10:24:42.307+0200] {logging_mixin.py:151} INFO - [2026-05-29T10:24:42.307+0200] {dagbag.py:539} INFO - Filling up the DagBag from /home/frederic/airflow_venv/lib/python3.10/site-packages/airflow/example_dags/example_task_group_decorator.py
[2026-05-29T10:24:42.323+0200] {processor.py:839} INFO - DAG(s) dict_keys(['example_task_group_decorator']) retrieved from /home/frederic/airflow_venv/lib/python3.10/site-packages/airflow/example_dags/example_task_group_decorator.py
[2026-05-29T10:24:42.339+0200] {logging_mixin.py:151} INFO - [2026-05-29T10:24:42.339+0200] {dag.py:2915} INFO - Sync 1 DAGs
[2026-05-29T10:24:42.355+0200] {logging_mixin.py:151} INFO - [2026-05-29T10:24:42.355+0200] {dag.py:3696} INFO - Setting next_dagrun for example_task_group_decorator to 2026-05-28T08:24:42.354897+00:00, run_after=2026-05-29T08:24:42.354897+00:00
[2026-05-29T10:24:42.372+0200] {processor.py:179} INFO - Processing /home/frederic/airflow_venv/lib/python3.10/site-packages/airflow/example_dags/example_task_group_decorator.py took 0.069 seconds
[2026-05-29T10:25:37.322+0200] {processor.py:157} INFO - Started process (PID=705368) to work on /home/frederic/airflow_venv/lib/python3.10/site-packages/airflow/example_dags/example_task_group_decorator.py
[2026-05-29T10:25:37.323+0200] {processor.py:829} INFO - Processing file /home/frederic/airflow_venv/lib/python3.10/site-packages/airflow/example_dags/example_task_group_decorator.py for tasks to queue
[2026-05-29T10:25:37.324+0200] {logging_mixin.py:151} INFO - [2026-05-29T10:25:37.324+0200] {dagbag.py:539} INFO - Filling up the DagBag from /home/frederic/airflow_venv/lib/python3.10/site-packages/airflow/example_dags/example_task_group_decorator.py
[2026-05-29T10:25:37.338+0200] {processor.py:839} INFO - DAG(s) dict_keys(['example_task_group_decorator']) retrieved from /home/frederic/airflow_venv/lib/python3.10/site-packages/airflow/example_dags/example_task_group_decorator.py
[2026-05-29T10:25:37.434+0200] {logging_mixin.py:151} INFO - [2026-05-29T10:25:37.434+0200] {dag.py:2915} INFO - Sync 1 DAGs
[2026-05-29T10:25:37.449+0200] {logging_mixin.py:151} INFO - [2026-05-29T10:25:37.449+0200] {dag.py:3696} INFO - Setting next_dagrun for example_task_group_decorator to 2026-05-28T08:25:37.449677+00:00, run_after=2026-05-29T08:25:37.449677+00:00
[2026-05-29T10:25:37.464+0200] {processor.py:179} INFO - Processing /home/frederic/airflow_venv/lib/python3.10/site-packages/airflow/example_dags/example_task_group_decorator.py took 0.144 seconds
[2026-05-29T10:26:14.141+0200] {processor.py:157} INFO - Started process (PID=705756) to work on /home/frederic/airflow_venv/lib/python3.10/site-packages/airflow/example_dags/example_task_group_decorator.py
[2026-05-29T10:26:14.142+0200] {processor.py:829} INFO - Processing file /home/frederic/airflow_venv/lib/python3.10/site-packages/airflow/example_dags/example_task_group_decorator.py for tasks to queue
[2026-05-29T10:26:14.142+0200] {logging_mixin.py:151} INFO - [2026-05-29T10:26:14.142+0200] {dagbag.py:539} INFO - Filling up the DagBag from /home/frederic/airflow_venv/lib/python3.10/site-packages/airflow/example_dags/example_task_group_decorator.py
[2026-05-29T10:26:14.155+0200] {processor.py:839} INFO - DAG(s) dict_keys(['example_task_group_decorator']) retrieved from /home/frederic/airflow_venv/lib/python3.10/site-packages/airflow/example_dags/example_task_group_decorator.py
[2026-05-29T10:26:14.171+0200] {logging_mixin.py:151} INFO - [2026-05-29T10:26:14.171+0200] {dag.py:2915} INFO - Sync 1 DAGs
[2026-05-29T10:26:14.187+0200] {logging_mixin.py:151} INFO - [2026-05-29T10:26:14.187+0200] {dag.py:3696} INFO - Setting next_dagrun for example_task_group_decorator to 2026-05-28T08:26:14.187326+00:00, run_after=2026-05-29T08:26:14.187326+00:00
[2026-05-29T10:26:14.208+0200] {processor.py:179} INFO - Processing /home/frederic/airflow_venv/lib/python3.10/site-packages/airflow/example_dags/example_task_group_decorator.py took 0.069 seconds
[2026-05-29T10:27:05.491+0200] {processor.py:157} INFO - Started process (PID=706288) to work on /home/frederic/airflow_venv/lib/python3.10/site-packages/airflow/example_dags/example_task_group_decorator.py
[2026-05-29T10:27:05.492+0200] {processor.py:829} INFO - Processing file /home/frederic/airflow_venv/lib/python3.10/site-packages/airflow/example_dags/example_task_group_decorator.py for tasks to queue
[2026-05-29T10:27:05.493+0200] {logging_mixin.py:151} INFO - [2026-05-29T10:27:05.492+0200] {dagbag.py:539} INFO - Filling up the DagBag from /home/frederic/airflow_venv/lib/python3.10/site-packages/airflow/example_dags/example_task_group_decorator.py
[2026-05-29T10:27:05.589+0200] {processor.py:839} INFO - DAG(s) dict_keys(['example_task_group_decorator']) retrieved from /home/frederic/airflow_venv/lib/python3.10/site-packages/airflow/example_dags/example_task_group_decorator.py
[2026-05-29T10:27:05.601+0200] {logging_mixin.py:151} INFO - [2026-05-29T10:27:05.601+0200] {dag.py:2915} INFO - Sync 1 DAGs
[2026-05-29T10:27:05.616+0200] {logging_mixin.py:151} INFO - [2026-05-29T10:27:05.616+0200] {dag.py:3696} INFO - Setting next_dagrun for example_task_group_decorator to 2026-05-28T08:27:05.616285+00:00, run_after=2026-05-29T08:27:05.616285+00:00
[2026-05-29T10:27:05.630+0200] {processor.py:179} INFO - Processing /home/frederic/airflow_venv/lib/python3.10/site-packages/airflow/example_dags/example_task_group_decorator.py took 0.141 seconds
[2026-05-29T10:27:53.212+0200] {processor.py:157} INFO - Started process (PID=706717) to work on /home/frederic/airflow_venv/lib/python3.10/site-packages/airflow/example_dags/example_task_group_decorator.py
[2026-05-29T10:27:53.213+0200] {processor.py:829} INFO - Processing file /home/frederic/airflow_venv/lib/python3.10/site-packages/airflow/example_dags/example_task_group_decorator.py for tasks to queue
[2026-05-29T10:27:53.214+0200] {logging_mixin.py:151} INFO - [2026-05-29T10:27:53.213+0200] {dagbag.py:539} INFO - Filling up the DagBag from /home/frederic/airflow_venv/lib/python3.10/site-packages/airflow/example_dags/example_task_group_decorator.py
[2026-05-29T10:27:53.229+0200] {processor.py:839} INFO - DAG(s) dict_keys(['example_task_group_decorator']) retrieved from /home/frederic/airflow_venv/lib/python3.10/site-packages/airflow/example_dags/example_task_group_decorator.py
[2026-05-29T10:27:53.248+0200] {logging_mixin.py:151} INFO - [2026-05-29T10:27:53.248+0200] {dag.py:2915} INFO - Sync 1 DAGs
[2026-05-29T10:27:53.266+0200] {logging_mixin.py:151} INFO - [2026-05-29T10:27:53.266+0200] {dag.py:3696} INFO - Setting next_dagrun for example_task_group_decorator to 2026-05-28T08:27:53.265985+00:00, run_after=2026-05-29T08:27:53.265985+00:00
[2026-05-29T10:27:53.282+0200] {processor.py:179} INFO - Processing /home/frederic/airflow_venv/lib/python3.10/site-packages/airflow/example_dags/example_task_group_decorator.py took 0.072 seconds
[2026-05-29T10:28:33.943+0200] {processor.py:157} INFO - Started process (PID=707344) to work on /home/frederic/airflow_venv/lib/python3.10/site-packages/airflow/example_dags/example_task_group_decorator.py
[2026-05-29T10:28:33.944+0200] {processor.py:829} INFO - Processing file /home/frederic/airflow_venv/lib/python3.10/site-packages/airflow/example_dags/example_task_group_decorator.py for tasks to queue
[2026-05-29T10:28:33.944+0200] {logging_mixin.py:151} INFO - [2026-05-29T10:28:33.944+0200] {dagbag.py:539} INFO - Filling up the DagBag from /home/frederic/airflow_venv/lib/python3.10/site-packages/airflow/example_dags/example_task_group_decorator.py
[2026-05-29T10:28:33.959+0200] {processor.py:839} INFO - DAG(s) dict_keys(['example_task_group_decorator']) retrieved from /home/frederic/airflow_venv/lib/python3.10/site-packages/airflow/example_dags/example_task_group_decorator.py
[2026-05-29T10:28:33.980+0200] {logging_mixin.py:151} INFO - [2026-05-29T10:28:33.980+0200] {dag.py:2915} INFO - Sync 1 DAGs
[2026-05-29T10:28:33.998+0200] {logging_mixin.py:151} INFO - [2026-05-29T10:28:33.998+0200] {dag.py:3696} INFO - Setting next_dagrun for example_task_group_decorator to 2026-05-28T08:28:33.998496+00:00, run_after=2026-05-29T08:28:33.998496+00:00
[2026-05-29T10:28:34.016+0200] {processor.py:179} INFO - Processing /home/frederic/airflow_venv/lib/python3.10/site-packages/airflow/example_dags/example_task_group_decorator.py took 0.076 seconds
[2026-05-29T10:29:23.476+0200] {processor.py:157} INFO - Started process (PID=707906) to work on /home/frederic/airflow_venv/lib/python3.10/site-packages/airflow/example_dags/example_task_group_decorator.py
[2026-05-29T10:29:23.477+0200] {processor.py:829} INFO - Processing file /home/frederic/airflow_venv/lib/python3.10/site-packages/airflow/example_dags/example_task_group_decorator.py for tasks to queue
[2026-05-29T10:29:23.478+0200] {logging_mixin.py:151} INFO - [2026-05-29T10:29:23.478+0200] {dagbag.py:539} INFO - Filling up the DagBag from /home/frederic/airflow_venv/lib/python3.10/site-packages/airflow/example_dags/example_task_group_decorator.py
[2026-05-29T10:29:23.491+0200] {processor.py:839} INFO - DAG(s) dict_keys(['example_task_group_decorator']) retrieved from /home/frederic/airflow_venv/lib/python3.10/site-packages/airflow/example_dags/example_task_group_decorator.py
[2026-05-29T10:29:23.506+0200] {logging_mixin.py:151} INFO - [2026-05-29T10:29:23.505+0200] {dag.py:2915} INFO - Sync 1 DAGs
[2026-05-29T10:29:23.520+0200] {logging_mixin.py:151} INFO - [2026-05-29T10:29:23.520+0200] {dag.py:3696} INFO - Setting next_dagrun for example_task_group_decorator to 2026-05-28T08:29:23.520308+00:00, run_after=2026-05-29T08:29:23.520308+00:00
[2026-05-29T10:29:23.535+0200] {processor.py:179} INFO - Processing /home/frederic/airflow_venv/lib/python3.10/site-packages/airflow/example_dags/example_task_group_decorator.py took 0.061 seconds
[2026-05-29T10:30:10.924+0200] {processor.py:157} INFO - Started process (PID=708464) to work on /home/frederic/airflow_venv/lib/python3.10/site-packages/airflow/example_dags/example_task_group_decorator.py
[2026-05-29T10:30:10.925+0200] {processor.py:829} INFO - Processing file /home/frederic/airflow_venv/lib/python3.10/site-packages/airflow/example_dags/example_task_group_decorator.py for tasks to queue
[2026-05-29T10:30:10.925+0200] {logging_mixin.py:151} INFO - [2026-05-29T10:30:10.925+0200] {dagbag.py:539} INFO - Filling up the DagBag from /home/frederic/airflow_venv/lib/python3.10/site-packages/airflow/example_dags/example_task_group_decorator.py
[2026-05-29T10:30:10.943+0200] {processor.py:839} INFO - DAG(s) dict_keys(['example_task_group_decorator']) retrieved from /home/frederic/airflow_venv/lib/python3.10/site-packages/airflow/example_dags/example_task_group_decorator.py
[2026-05-29T10:30:10.966+0200] {logging_mixin.py:151} INFO - [2026-05-29T10:30:10.966+0200] {dag.py:2915} INFO - Sync 1 DAGs
[2026-05-29T10:30:10.989+0200] {logging_mixin.py:151} INFO - [2026-05-29T10:30:10.989+0200] {dag.py:3696} INFO - Setting next_dagrun for example_task_group_decorator to 2026-05-28T08:30:10.989033+00:00, run_after=2026-05-29T08:30:10.989033+00:00
[2026-05-29T10:30:11.013+0200] {processor.py:179} INFO - Processing /home/frederic/airflow_venv/lib/python3.10/site-packages/airflow/example_dags/example_task_group_decorator.py took 0.092 seconds
[2026-05-29T10:30:55.940+0200] {processor.py:157} INFO - Started process (PID=709073) to work on /home/frederic/airflow_venv/lib/python3.10/site-packages/airflow/example_dags/example_task_group_decorator.py
[2026-05-29T10:30:55.941+0200] {processor.py:829} INFO - Processing file /home/frederic/airflow_venv/lib/python3.10/site-packages/airflow/example_dags/example_task_group_decorator.py for tasks to queue
[2026-05-29T10:30:55.942+0200] {logging_mixin.py:151} INFO - [2026-05-29T10:30:55.942+0200] {dagbag.py:539} INFO - Filling up the DagBag from /home/frederic/airflow_venv/lib/python3.10/site-packages/airflow/example_dags/example_task_group_decorator.py
[2026-05-29T10:30:55.955+0200] {processor.py:839} INFO - DAG(s) dict_keys(['example_task_group_decorator']) retrieved from /home/frederic/airflow_venv/lib/python3.10/site-packages/airflow/example_dags/example_task_group_decorator.py
[2026-05-29T10:30:55.969+0200] {logging_mixin.py:151} INFO - [2026-05-29T10:30:55.969+0200] {dag.py:2915} INFO - Sync 1 DAGs
[2026-05-29T10:30:55.984+0200] {logging_mixin.py:151} INFO - [2026-05-29T10:30:55.984+0200] {dag.py:3696} INFO - Setting next_dagrun for example_task_group_decorator to 2026-05-28T08:30:55.984224+00:00, run_after=2026-05-29T08:30:55.984224+00:00
[2026-05-29T10:30:55.999+0200] {processor.py:179} INFO - Processing /home/frederic/airflow_venv/lib/python3.10/site-packages/airflow/example_dags/example_task_group_decorator.py took 0.061 seconds
[2026-05-29T10:31:43.302+0200] {processor.py:157} INFO - Started process (PID=709554) to work on /home/frederic/airflow_venv/lib/python3.10/site-packages/airflow/example_dags/example_task_group_decorator.py
[2026-05-29T10:31:43.303+0200] {processor.py:829} INFO - Processing file /home/frederic/airflow_venv/lib/python3.10/site-packages/airflow/example_dags/example_task_group_decorator.py for tasks to queue
[2026-05-29T10:31:43.303+0200] {logging_mixin.py:151} INFO - [2026-05-29T10:31:43.303+0200] {dagbag.py:539} INFO - Filling up the DagBag from /home/frederic/airflow_venv/lib/python3.10/site-packages/airflow/example_dags/example_task_group_decorator.py
[2026-05-29T10:31:43.317+0200] {processor.py:839} INFO - DAG(s) dict_keys(['example_task_group_decorator']) retrieved from /home/frederic/airflow_venv/lib/python3.10/site-packages/airflow/example_dags/example_task_group_decorator.py
[2026-05-29T10:31:43.333+0200] {logging_mixin.py:151} INFO - [2026-05-29T10:31:43.333+0200] {dag.py:2915} INFO - Sync 1 DAGs
[2026-05-29T10:31:43.348+0200] {logging_mixin.py:151} INFO - [2026-05-29T10:31:43.347+0200] {dag.py:3696} INFO - Setting next_dagrun for example_task_group_decorator to 2026-05-28T08:31:43.347816+00:00, run_after=2026-05-29T08:31:43.347816+00:00
[2026-05-29T10:31:43.362+0200] {processor.py:179} INFO - Processing /home/frederic/airflow_venv/lib/python3.10/site-packages/airflow/example_dags/example_task_group_decorator.py took 0.063 seconds
[2026-05-29T10:32:27.142+0200] {processor.py:157} INFO - Started process (PID=710143) to work on /home/frederic/airflow_venv/lib/python3.10/site-packages/airflow/example_dags/example_task_group_decorator.py
[2026-05-29T10:32:27.143+0200] {processor.py:829} INFO - Processing file /home/frederic/airflow_venv/lib/python3.10/site-packages/airflow/example_dags/example_task_group_decorator.py for tasks to queue
[2026-05-29T10:32:27.144+0200] {logging_mixin.py:151} INFO - [2026-05-29T10:32:27.143+0200] {dagbag.py:539} INFO - Filling up the DagBag from /home/frederic/airflow_venv/lib/python3.10/site-packages/airflow/example_dags/example_task_group_decorator.py
[2026-05-29T10:32:27.157+0200] {processor.py:839} INFO - DAG(s) dict_keys(['example_task_group_decorator']) retrieved from /home/frederic/airflow_venv/lib/python3.10/site-packages/airflow/example_dags/example_task_group_decorator.py
[2026-05-29T10:32:27.173+0200] {logging_mixin.py:151} INFO - [2026-05-29T10:32:27.173+0200] {dag.py:2915} INFO - Sync 1 DAGs
[2026-05-29T10:32:27.189+0200] {logging_mixin.py:151} INFO - [2026-05-29T10:32:27.189+0200] {dag.py:3696} INFO - Setting next_dagrun for example_task_group_decorator to 2026-05-28T08:32:27.189548+00:00, run_after=2026-05-29T08:32:27.189548+00:00
[2026-05-29T10:32:27.205+0200] {processor.py:179} INFO - Processing /home/frederic/airflow_venv/lib/python3.10/site-packages/airflow/example_dags/example_task_group_decorator.py took 0.066 seconds
[2026-05-29T10:33:15.723+0200] {processor.py:157} INFO - Started process (PID=710955) to work on /home/frederic/airflow_venv/lib/python3.10/site-packages/airflow/example_dags/example_task_group_decorator.py
[2026-05-29T10:33:15.725+0200] {processor.py:829} INFO - Processing file /home/frederic/airflow_venv/lib/python3.10/site-packages/airflow/example_dags/example_task_group_decorator.py for tasks to queue
[2026-05-29T10:33:15.726+0200] {logging_mixin.py:151} INFO - [2026-05-29T10:33:15.726+0200] {dagbag.py:539} INFO - Filling up the DagBag from /home/frederic/airflow_venv/lib/python3.10/site-packages/airflow/example_dags/example_task_group_decorator.py
[2026-05-29T10:33:15.742+0200] {processor.py:839} INFO - DAG(s) dict_keys(['example_task_group_decorator']) retrieved from /home/frederic/airflow_venv/lib/python3.10/site-packages/airflow/example_dags/example_task_group_decorator.py
[2026-05-29T10:33:15.760+0200] {logging_mixin.py:151} INFO - [2026-05-29T10:33:15.760+0200] {dag.py:2915} INFO - Sync 1 DAGs
[2026-05-29T10:33:15.776+0200] {logging_mixin.py:151} INFO - [2026-05-29T10:33:15.776+0200] {dag.py:3696} INFO - Setting next_dagrun for example_task_group_decorator to 2026-05-28T08:33:15.776482+00:00, run_after=2026-05-29T08:33:15.776482+00:00
[2026-05-29T10:33:15.796+0200] {processor.py:179} INFO - Processing /home/frederic/airflow_venv/lib/python3.10/site-packages/airflow/example_dags/example_task_group_decorator.py took 0.076 seconds
[2026-05-29T10:34:00.701+0200] {processor.py:157} INFO - Started process (PID=711636) to work on /home/frederic/airflow_venv/lib/python3.10/site-packages/airflow/example_dags/example_task_group_decorator.py
[2026-05-29T10:34:00.702+0200] {processor.py:829} INFO - Processing file /home/frederic/airflow_venv/lib/python3.10/site-packages/airflow/example_dags/example_task_group_decorator.py for tasks to queue
[2026-05-29T10:34:00.703+0200] {logging_mixin.py:151} INFO - [2026-05-29T10:34:00.702+0200] {dagbag.py:539} INFO - Filling up the DagBag from /home/frederic/airflow_venv/lib/python3.10/site-packages/airflow/example_dags/example_task_group_decorator.py
[2026-05-29T10:34:00.716+0200] {processor.py:839} INFO - DAG(s) dict_keys(['example_task_group_decorator']) retrieved from /home/frederic/airflow_venv/lib/python3.10/site-packages/airflow/example_dags/example_task_group_decorator.py
[2026-05-29T10:34:00.733+0200] {logging_mixin.py:151} INFO - [2026-05-29T10:34:00.733+0200] {dag.py:2915} INFO - Sync 1 DAGs
[2026-05-29T10:34:00.748+0200] {logging_mixin.py:151} INFO - [2026-05-29T10:34:00.747+0200] {dag.py:3696} INFO - Setting next_dagrun for example_task_group_decorator to 2026-05-28T08:34:00.747693+00:00, run_after=2026-05-29T08:34:00.747693+00:00
[2026-05-29T10:34:00.764+0200] {processor.py:179} INFO - Processing /home/frederic/airflow_venv/lib/python3.10/site-packages/airflow/example_dags/example_task_group_decorator.py took 0.065 seconds
[2026-05-29T10:34:40.774+0200] {processor.py:157} INFO - Started process (PID=712097) to work on /home/frederic/airflow_venv/lib/python3.10/site-packages/airflow/example_dags/example_task_group_decorator.py
[2026-05-29T10:34:40.775+0200] {processor.py:829} INFO - Processing file /home/frederic/airflow_venv/lib/python3.10/site-packages/airflow/example_dags/example_task_group_decorator.py for tasks to queue
[2026-05-29T10:34:40.776+0200] {logging_mixin.py:151} INFO - [2026-05-29T10:34:40.775+0200] {dagbag.py:539} INFO - Filling up the DagBag from /home/frederic/airflow_venv/lib/python3.10/site-packages/airflow/example_dags/example_task_group_decorator.py
[2026-05-29T10:34:40.790+0200] {processor.py:839} INFO - DAG(s) dict_keys(['example_task_group_decorator']) retrieved from /home/frederic/airflow_venv/lib/python3.10/site-packages/airflow/example_dags/example_task_group_decorator.py
[2026-05-29T10:34:40.807+0200] {logging_mixin.py:151} INFO - [2026-05-29T10:34:40.807+0200] {dag.py:2915} INFO - Sync 1 DAGs
[2026-05-29T10:34:40.822+0200] {logging_mixin.py:151} INFO - [2026-05-29T10:34:40.822+0200] {dag.py:3696} INFO - Setting next_dagrun for example_task_group_decorator to 2026-05-28T08:34:40.822394+00:00, run_after=2026-05-29T08:34:40.822394+00:00
[2026-05-29T10:34:40.836+0200] {processor.py:179} INFO - Processing /home/frederic/airflow_venv/lib/python3.10/site-packages/airflow/example_dags/example_task_group_decorator.py took 0.064 seconds
[2026-05-29T10:35:29.709+0200] {processor.py:157} INFO - Started process (PID=712604) to work on /home/frederic/airflow_venv/lib/python3.10/site-packages/airflow/example_dags/example_task_group_decorator.py
[2026-05-29T10:35:29.712+0200] {processor.py:829} INFO - Processing file /home/frederic/airflow_venv/lib/python3.10/site-packages/airflow/example_dags/example_task_group_decorator.py for tasks to queue
[2026-05-29T10:35:29.712+0200] {logging_mixin.py:151} INFO - [2026-05-29T10:35:29.712+0200] {dagbag.py:539} INFO - Filling up the DagBag from /home/frederic/airflow_venv/lib/python3.10/site-packages/airflow/example_dags/example_task_group_decorator.py
[2026-05-29T10:35:29.727+0200] {processor.py:839} INFO - DAG(s) dict_keys(['example_task_group_decorator']) retrieved from /home/frederic/airflow_venv/lib/python3.10/site-packages/airflow/example_dags/example_task_group_decorator.py
[2026-05-29T10:35:29.743+0200] {logging_mixin.py:151} INFO - [2026-05-29T10:35:29.743+0200] {dag.py:2915} INFO - Sync 1 DAGs
[2026-05-29T10:35:29.758+0200] {logging_mixin.py:151} INFO - [2026-05-29T10:35:29.757+0200] {dag.py:3696} INFO - Setting next_dagrun for example_task_group_decorator to 2026-05-28T08:35:29.757695+00:00, run_after=2026-05-29T08:35:29.757695+00:00
[2026-05-29T10:35:29.775+0200] {processor.py:179} INFO - Processing /home/frederic/airflow_venv/lib/python3.10/site-packages/airflow/example_dags/example_task_group_decorator.py took 0.069 seconds
[2026-05-29T10:36:15.240+0200] {processor.py:157} INFO - Started process (PID=713177) to work on /home/frederic/airflow_venv/lib/python3.10/site-packages/airflow/example_dags/example_task_group_decorator.py
[2026-05-29T10:36:15.241+0200] {processor.py:829} INFO - Processing file /home/frederic/airflow_venv/lib/python3.10/site-packages/airflow/example_dags/example_task_group_decorator.py for tasks to queue
[2026-05-29T10:36:15.242+0200] {logging_mixin.py:151} INFO - [2026-05-29T10:36:15.242+0200] {dagbag.py:539} INFO - Filling up the DagBag from /home/frederic/airflow_venv/lib/python3.10/site-packages/airflow/example_dags/example_task_group_decorator.py
[2026-05-29T10:36:15.256+0200] {processor.py:839} INFO - DAG(s) dict_keys(['example_task_group_decorator']) retrieved from /home/frederic/airflow_venv/lib/python3.10/site-packages/airflow/example_dags/example_task_group_decorator.py
[2026-05-29T10:36:15.274+0200] {logging_mixin.py:151} INFO - [2026-05-29T10:36:15.274+0200] {dag.py:2915} INFO - Sync 1 DAGs
[2026-05-29T10:36:15.291+0200] {logging_mixin.py:151} INFO - [2026-05-29T10:36:15.291+0200] {dag.py:3696} INFO - Setting next_dagrun for example_task_group_decorator to 2026-05-28T08:36:15.291546+00:00, run_after=2026-05-29T08:36:15.291546+00:00
[2026-05-29T10:36:15.308+0200] {processor.py:179} INFO - Processing /home/frederic/airflow_venv/lib/python3.10/site-packages/airflow/example_dags/example_task_group_decorator.py took 0.071 seconds
[2026-05-29T10:36:57.497+0200] {processor.py:157} INFO - Started process (PID=713622) to work on /home/frederic/airflow_venv/lib/python3.10/site-packages/airflow/example_dags/example_task_group_decorator.py
[2026-05-29T10:36:57.498+0200] {processor.py:829} INFO - Processing file /home/frederic/airflow_venv/lib/python3.10/site-packages/airflow/example_dags/example_task_group_decorator.py for tasks to queue
[2026-05-29T10:36:57.498+0200] {logging_mixin.py:151} INFO - [2026-05-29T10:36:57.498+0200] {dagbag.py:539} INFO - Filling up the DagBag from /home/frederic/airflow_venv/lib/python3.10/site-packages/airflow/example_dags/example_task_group_decorator.py
[2026-05-29T10:36:57.511+0200] {processor.py:839} INFO - DAG(s) dict_keys(['example_task_group_decorator']) retrieved from /home/frederic/airflow_venv/lib/python3.10/site-packages/airflow/example_dags/example_task_group_decorator.py
[2026-05-29T10:36:57.527+0200] {logging_mixin.py:151} INFO - [2026-05-29T10:36:57.526+0200] {dag.py:2915} INFO - Sync 1 DAGs
[2026-05-29T10:36:57.541+0200] {logging_mixin.py:151} INFO - [2026-05-29T10:36:57.541+0200] {dag.py:3696} INFO - Setting next_dagrun for example_task_group_decorator to 2026-05-28T08:36:57.541313+00:00, run_after=2026-05-29T08:36:57.541313+00:00
[2026-05-29T10:36:57.556+0200] {processor.py:179} INFO - Processing /home/frederic/airflow_venv/lib/python3.10/site-packages/airflow/example_dags/example_task_group_decorator.py took 0.061 seconds
[2026-05-29T10:37:33.924+0200] {processor.py:157} INFO - Started process (PID=714079) to work on /home/frederic/airflow_venv/lib/python3.10/site-packages/airflow/example_dags/example_task_group_decorator.py
[2026-05-29T10:37:33.925+0200] {processor.py:829} INFO - Processing file /home/frederic/airflow_venv/lib/python3.10/site-packages/airflow/example_dags/example_task_group_decorator.py for tasks to queue
[2026-05-29T10:37:33.926+0200] {logging_mixin.py:151} INFO - [2026-05-29T10:37:33.926+0200] {dagbag.py:539} INFO - Filling up the DagBag from /home/frederic/airflow_venv/lib/python3.10/site-packages/airflow/example_dags/example_task_group_decorator.py
[2026-05-29T10:37:33.946+0200] {processor.py:839} INFO - DAG(s) dict_keys(['example_task_group_decorator']) retrieved from /home/frederic/airflow_venv/lib/python3.10/site-packages/airflow/example_dags/example_task_group_decorator.py
[2026-05-29T10:37:33.969+0200] {logging_mixin.py:151} INFO - [2026-05-29T10:37:33.969+0200] {dag.py:2915} INFO - Sync 1 DAGs
[2026-05-29T10:37:33.988+0200] {logging_mixin.py:151} INFO - [2026-05-29T10:37:33.988+0200] {dag.py:3696} INFO - Setting next_dagrun for example_task_group_decorator to 2026-05-28T08:37:33.988349+00:00, run_after=2026-05-29T08:37:33.988349+00:00
[2026-05-29T10:37:34.003+0200] {processor.py:179} INFO - Processing /home/frederic/airflow_venv/lib/python3.10/site-packages/airflow/example_dags/example_task_group_decorator.py took 0.081 seconds
[2026-05-29T10:38:18.565+0200] {processor.py:157} INFO - Started process (PID=714867) to work on /home/frederic/airflow_venv/lib/python3.10/site-packages/airflow/example_dags/example_task_group_decorator.py
[2026-05-29T10:38:18.565+0200] {processor.py:829} INFO - Processing file /home/frederic/airflow_venv/lib/python3.10/site-packages/airflow/example_dags/example_task_group_decorator.py for tasks to queue
[2026-05-29T10:38:18.566+0200] {logging_mixin.py:151} INFO - [2026-05-29T10:38:18.566+0200] {dagbag.py:539} INFO - Filling up the DagBag from /home/frederic/airflow_venv/lib/python3.10/site-packages/airflow/example_dags/example_task_group_decorator.py
[2026-05-29T10:38:18.581+0200] {processor.py:839} INFO - DAG(s) dict_keys(['example_task_group_decorator']) retrieved from /home/frederic/airflow_venv/lib/python3.10/site-packages/airflow/example_dags/example_task_group_decorator.py
[2026-05-29T10:38:18.601+0200] {logging_mixin.py:151} INFO - [2026-05-29T10:38:18.601+0200] {dag.py:2915} INFO - Sync 1 DAGs
[2026-05-29T10:38:18.627+0200] {logging_mixin.py:151} INFO - [2026-05-29T10:38:18.627+0200] {dag.py:3696} INFO - Setting next_dagrun for example_task_group_decorator to 2026-05-28T08:38:18.626881+00:00, run_after=2026-05-29T08:38:18.626881+00:00
[2026-05-29T10:38:18.644+0200] {processor.py:179} INFO - Processing /home/frederic/airflow_venv/lib/python3.10/site-packages/airflow/example_dags/example_task_group_decorator.py took 0.082 seconds
[2026-05-29T10:39:02.461+0200] {processor.py:157} INFO - Started process (PID=715419) to work on /home/frederic/airflow_venv/lib/python3.10/site-packages/airflow/example_dags/example_task_group_decorator.py
[2026-05-29T10:39:02.462+0200] {processor.py:829} INFO - Processing file /home/frederic/airflow_venv/lib/python3.10/site-packages/airflow/example_dags/example_task_group_decorator.py for tasks to queue
[2026-05-29T10:39:02.462+0200] {logging_mixin.py:151} INFO - [2026-05-29T10:39:02.462+0200] {dagbag.py:539} INFO - Filling up the DagBag from /home/frederic/airflow_venv/lib/python3.10/site-packages/airflow/example_dags/example_task_group_decorator.py
[2026-05-29T10:39:02.478+0200] {processor.py:839} INFO - DAG(s) dict_keys(['example_task_group_decorator']) retrieved from /home/frederic/airflow_venv/lib/python3.10/site-packages/airflow/example_dags/example_task_group_decorator.py
[2026-05-29T10:39:02.498+0200] {logging_mixin.py:151} INFO - [2026-05-29T10:39:02.497+0200] {dag.py:2915} INFO - Sync 1 DAGs
[2026-05-29T10:39:02.514+0200] {logging_mixin.py:151} INFO - [2026-05-29T10:39:02.514+0200] {dag.py:3696} INFO - Setting next_dagrun for example_task_group_decorator to 2026-05-28T08:39:02.514688+00:00, run_after=2026-05-29T08:39:02.514688+00:00
[2026-05-29T10:39:02.533+0200] {processor.py:179} INFO - Processing /home/frederic/airflow_venv/lib/python3.10/site-packages/airflow/example_dags/example_task_group_decorator.py took 0.075 seconds
[2026-05-29T10:39:51.190+0200] {processor.py:157} INFO - Started process (PID=716164) to work on /home/frederic/airflow_venv/lib/python3.10/site-packages/airflow/example_dags/example_task_group_decorator.py
[2026-05-29T10:39:51.192+0200] {processor.py:829} INFO - Processing file /home/frederic/airflow_venv/lib/python3.10/site-packages/airflow/example_dags/example_task_group_decorator.py for tasks to queue
[2026-05-29T10:39:51.193+0200] {logging_mixin.py:151} INFO - [2026-05-29T10:39:51.192+0200] {dagbag.py:539} INFO - Filling up the DagBag from /home/frederic/airflow_venv/lib/python3.10/site-packages/airflow/example_dags/example_task_group_decorator.py
[2026-05-29T10:39:51.211+0200] {processor.py:839} INFO - DAG(s) dict_keys(['example_task_group_decorator']) retrieved from /home/frederic/airflow_venv/lib/python3.10/site-packages/airflow/example_dags/example_task_group_decorator.py
[2026-05-29T10:39:51.230+0200] {logging_mixin.py:151} INFO - [2026-05-29T10:39:51.230+0200] {dag.py:2915} INFO - Sync 1 DAGs
[2026-05-29T10:39:51.251+0200] {logging_mixin.py:151} INFO - [2026-05-29T10:39:51.251+0200] {dag.py:3696} INFO - Setting next_dagrun for example_task_group_decorator to 2026-05-28T08:39:51.250989+00:00, run_after=2026-05-29T08:39:51.250989+00:00
[2026-05-29T10:39:51.274+0200] {processor.py:179} INFO - Processing /home/frederic/airflow_venv/lib/python3.10/site-packages/airflow/example_dags/example_task_group_decorator.py took 0.087 seconds
[2026-05-29T10:40:33.610+0200] {processor.py:157} INFO - Started process (PID=716675) to work on /home/frederic/airflow_venv/lib/python3.10/site-packages/airflow/example_dags/example_task_group_decorator.py
[2026-05-29T10:40:33.612+0200] {processor.py:829} INFO - Processing file /home/frederic/airflow_venv/lib/python3.10/site-packages/airflow/example_dags/example_task_group_decorator.py for tasks to queue
[2026-05-29T10:40:33.612+0200] {logging_mixin.py:151} INFO - [2026-05-29T10:40:33.612+0200] {dagbag.py:539} INFO - Filling up the DagBag from /home/frederic/airflow_venv/lib/python3.10/site-packages/airflow/example_dags/example_task_group_decorator.py
[2026-05-29T10:40:33.628+0200] {processor.py:839} INFO - DAG(s) dict_keys(['example_task_group_decorator']) retrieved from /home/frederic/airflow_venv/lib/python3.10/site-packages/airflow/example_dags/example_task_group_decorator.py
[2026-05-29T10:40:33.646+0200] {logging_mixin.py:151} INFO - [2026-05-29T10:40:33.645+0200] {dag.py:2915} INFO - Sync 1 DAGs
[2026-05-29T10:40:33.663+0200] {logging_mixin.py:151} INFO - [2026-05-29T10:40:33.663+0200] {dag.py:3696} INFO - Setting next_dagrun for example_task_group_decorator to 2026-05-28T08:40:33.663347+00:00, run_after=2026-05-29T08:40:33.663347+00:00
[2026-05-29T10:40:33.677+0200] {processor.py:179} INFO - Processing /home/frederic/airflow_venv/lib/python3.10/site-packages/airflow/example_dags/example_task_group_decorator.py took 0.070 seconds
[2026-05-29T10:41:19.746+0200] {processor.py:157} INFO - Started process (PID=717170) to work on /home/frederic/airflow_venv/lib/python3.10/site-packages/airflow/example_dags/example_task_group_decorator.py
[2026-05-29T10:41:19.747+0200] {processor.py:829} INFO - Processing file /home/frederic/airflow_venv/lib/python3.10/site-packages/airflow/example_dags/example_task_group_decorator.py for tasks to queue
[2026-05-29T10:41:19.748+0200] {logging_mixin.py:151} INFO - [2026-05-29T10:41:19.748+0200] {dagbag.py:539} INFO - Filling up the DagBag from /home/frederic/airflow_venv/lib/python3.10/site-packages/airflow/example_dags/example_task_group_decorator.py
[2026-05-29T10:41:19.768+0200] {processor.py:839} INFO - DAG(s) dict_keys(['example_task_group_decorator']) retrieved from /home/frederic/airflow_venv/lib/python3.10/site-packages/airflow/example_dags/example_task_group_decorator.py
[2026-05-29T10:41:19.788+0200] {logging_mixin.py:151} INFO - [2026-05-29T10:41:19.788+0200] {dag.py:2915} INFO - Sync 1 DAGs
[2026-05-29T10:41:19.808+0200] {logging_mixin.py:151} INFO - [2026-05-29T10:41:19.808+0200] {dag.py:3696} INFO - Setting next_dagrun for example_task_group_decorator to 2026-05-28T08:41:19.808670+00:00, run_after=2026-05-29T08:41:19.808670+00:00
[2026-05-29T10:41:19.825+0200] {processor.py:179} INFO - Processing /home/frederic/airflow_venv/lib/python3.10/site-packages/airflow/example_dags/example_task_group_decorator.py took 0.082 seconds
[2026-05-29T10:42:06.071+0200] {processor.py:157} INFO - Started process (PID=717645) to work on /home/frederic/airflow_venv/lib/python3.10/site-packages/airflow/example_dags/example_task_group_decorator.py
[2026-05-29T10:42:06.072+0200] {processor.py:829} INFO - Processing file /home/frederic/airflow_venv/lib/python3.10/site-packages/airflow/example_dags/example_task_group_decorator.py for tasks to queue
[2026-05-29T10:42:06.072+0200] {logging_mixin.py:151} INFO - [2026-05-29T10:42:06.072+0200] {dagbag.py:539} INFO - Filling up the DagBag from /home/frederic/airflow_venv/lib/python3.10/site-packages/airflow/example_dags/example_task_group_decorator.py
[2026-05-29T10:42:06.087+0200] {processor.py:839} INFO - DAG(s) dict_keys(['example_task_group_decorator']) retrieved from /home/frederic/airflow_venv/lib/python3.10/site-packages/airflow/example_dags/example_task_group_decorator.py
[2026-05-29T10:42:06.103+0200] {logging_mixin.py:151} INFO - [2026-05-29T10:42:06.103+0200] {dag.py:2915} INFO - Sync 1 DAGs
[2026-05-29T10:42:06.121+0200] {logging_mixin.py:151} INFO - [2026-05-29T10:42:06.121+0200] {dag.py:3696} INFO - Setting next_dagrun for example_task_group_decorator to 2026-05-28T08:42:06.120956+00:00, run_after=2026-05-29T08:42:06.120956+00:00
[2026-05-29T10:42:06.135+0200] {processor.py:179} INFO - Processing /home/frederic/airflow_venv/lib/python3.10/site-packages/airflow/example_dags/example_task_group_decorator.py took 0.068 seconds
[2026-05-29T10:42:54.339+0200] {processor.py:157} INFO - Started process (PID=718111) to work on /home/frederic/airflow_venv/lib/python3.10/site-packages/airflow/example_dags/example_task_group_decorator.py
[2026-05-29T10:42:54.340+0200] {processor.py:829} INFO - Processing file /home/frederic/airflow_venv/lib/python3.10/site-packages/airflow/example_dags/example_task_group_decorator.py for tasks to queue
[2026-05-29T10:42:54.341+0200] {logging_mixin.py:151} INFO - [2026-05-29T10:42:54.340+0200] {dagbag.py:539} INFO - Filling up the DagBag from /home/frederic/airflow_venv/lib/python3.10/site-packages/airflow/example_dags/example_task_group_decorator.py
[2026-05-29T10:42:54.354+0200] {processor.py:839} INFO - DAG(s) dict_keys(['example_task_group_decorator']) retrieved from /home/frederic/airflow_venv/lib/python3.10/site-packages/airflow/example_dags/example_task_group_decorator.py
[2026-05-29T10:42:54.370+0200] {logging_mixin.py:151} INFO - [2026-05-29T10:42:54.369+0200] {dag.py:2915} INFO - Sync 1 DAGs
[2026-05-29T10:42:54.387+0200] {logging_mixin.py:151} INFO - [2026-05-29T10:42:54.387+0200] {dag.py:3696} INFO - Setting next_dagrun for example_task_group_decorator to 2026-05-28T08:42:54.387527+00:00, run_after=2026-05-29T08:42:54.387527+00:00
[2026-05-29T10:42:54.403+0200] {processor.py:179} INFO - Processing /home/frederic/airflow_venv/lib/python3.10/site-packages/airflow/example_dags/example_task_group_decorator.py took 0.067 seconds
[2026-05-29T10:43:36.179+0200] {processor.py:157} INFO - Started process (PID=718617) to work on /home/frederic/airflow_venv/lib/python3.10/site-packages/airflow/example_dags/example_task_group_decorator.py
[2026-05-29T10:43:36.180+0200] {processor.py:829} INFO - Processing file /home/frederic/airflow_venv/lib/python3.10/site-packages/airflow/example_dags/example_task_group_decorator.py for tasks to queue
[2026-05-29T10:43:36.180+0200] {logging_mixin.py:151} INFO - [2026-05-29T10:43:36.180+0200] {dagbag.py:539} INFO - Filling up the DagBag from /home/frederic/airflow_venv/lib/python3.10/site-packages/airflow/example_dags/example_task_group_decorator.py
[2026-05-29T10:43:36.195+0200] {processor.py:839} INFO - DAG(s) dict_keys(['example_task_group_decorator']) retrieved from /home/frederic/airflow_venv/lib/python3.10/site-packages/airflow/example_dags/example_task_group_decorator.py
[2026-05-29T10:43:36.214+0200] {logging_mixin.py:151} INFO - [2026-05-29T10:43:36.214+0200] {dag.py:2915} INFO - Sync 1 DAGs
[2026-05-29T10:43:36.231+0200] {logging_mixin.py:151} INFO - [2026-05-29T10:43:36.231+0200] {dag.py:3696} INFO - Setting next_dagrun for example_task_group_decorator to 2026-05-28T08:43:36.231040+00:00, run_after=2026-05-29T08:43:36.231040+00:00
[2026-05-29T10:43:36.246+0200] {processor.py:179} INFO - Processing /home/frederic/airflow_venv/lib/python3.10/site-packages/airflow/example_dags/example_task_group_decorator.py took 0.070 seconds
[2026-05-29T10:44:20.577+0200] {processor.py:157} INFO - Started process (PID=719146) to work on /home/frederic/airflow_venv/lib/python3.10/site-packages/airflow/example_dags/example_task_group_decorator.py
[2026-05-29T10:44:20.578+0200] {processor.py:829} INFO - Processing file /home/frederic/airflow_venv/lib/python3.10/site-packages/airflow/example_dags/example_task_group_decorator.py for tasks to queue
[2026-05-29T10:44:20.579+0200] {logging_mixin.py:151} INFO - [2026-05-29T10:44:20.579+0200] {dagbag.py:539} INFO - Filling up the DagBag from /home/frederic/airflow_venv/lib/python3.10/site-packages/airflow/example_dags/example_task_group_decorator.py
[2026-05-29T10:44:20.596+0200] {processor.py:839} INFO - DAG(s) dict_keys(['example_task_group_decorator']) retrieved from /home/frederic/airflow_venv/lib/python3.10/site-packages/airflow/example_dags/example_task_group_decorator.py
[2026-05-29T10:44:20.614+0200] {logging_mixin.py:151} INFO - [2026-05-29T10:44:20.614+0200] {dag.py:2915} INFO - Sync 1 DAGs
[2026-05-29T10:44:20.633+0200] {logging_mixin.py:151} INFO - [2026-05-29T10:44:20.633+0200] {dag.py:3696} INFO - Setting next_dagrun for example_task_group_decorator to 2026-05-28T08:44:20.632885+00:00, run_after=2026-05-29T08:44:20.632885+00:00
[2026-05-29T10:44:20.649+0200] {processor.py:179} INFO - Processing /home/frederic/airflow_venv/lib/python3.10/site-packages/airflow/example_dags/example_task_group_decorator.py took 0.076 seconds
[2026-05-29T10:45:10.533+0200] {processor.py:157} INFO - Started process (PID=719933) to work on /home/frederic/airflow_venv/lib/python3.10/site-packages/airflow/example_dags/example_task_group_decorator.py
[2026-05-29T10:45:10.534+0200] {processor.py:829} INFO - Processing file /home/frederic/airflow_venv/lib/python3.10/site-packages/airflow/example_dags/example_task_group_decorator.py for tasks to queue
[2026-05-29T10:45:10.535+0200] {logging_mixin.py:151} INFO - [2026-05-29T10:45:10.534+0200] {dagbag.py:539} INFO - Filling up the DagBag from /home/frederic/airflow_venv/lib/python3.10/site-packages/airflow/example_dags/example_task_group_decorator.py
[2026-05-29T10:45:10.547+0200] {processor.py:839} INFO - DAG(s) dict_keys(['example_task_group_decorator']) retrieved from /home/frederic/airflow_venv/lib/python3.10/site-packages/airflow/example_dags/example_task_group_decorator.py
[2026-05-29T10:45:10.563+0200] {logging_mixin.py:151} INFO - [2026-05-29T10:45:10.562+0200] {dag.py:2915} INFO - Sync 1 DAGs
[2026-05-29T10:45:10.578+0200] {logging_mixin.py:151} INFO - [2026-05-29T10:45:10.578+0200] {dag.py:3696} INFO - Setting next_dagrun for example_task_group_decorator to 2026-05-28T08:45:10.577877+00:00, run_after=2026-05-29T08:45:10.577877+00:00
[2026-05-29T10:45:10.593+0200] {processor.py:179} INFO - Processing /home/frederic/airflow_venv/lib/python3.10/site-packages/airflow/example_dags/example_task_group_decorator.py took 0.062 seconds
[2026-05-29T10:45:54.807+0200] {processor.py:157} INFO - Started process (PID=720347) to work on /home/frederic/airflow_venv/lib/python3.10/site-packages/airflow/example_dags/example_task_group_decorator.py
[2026-05-29T10:45:54.808+0200] {processor.py:829} INFO - Processing file /home/frederic/airflow_venv/lib/python3.10/site-packages/airflow/example_dags/example_task_group_decorator.py for tasks to queue
[2026-05-29T10:45:54.808+0200] {logging_mixin.py:151} INFO - [2026-05-29T10:45:54.808+0200] {dagbag.py:539} INFO - Filling up the DagBag from /home/frederic/airflow_venv/lib/python3.10/site-packages/airflow/example_dags/example_task_group_decorator.py
[2026-05-29T10:45:54.823+0200] {processor.py:839} INFO - DAG(s) dict_keys(['example_task_group_decorator']) retrieved from /home/frederic/airflow_venv/lib/python3.10/site-packages/airflow/example_dags/example_task_group_decorator.py
[2026-05-29T10:45:54.839+0200] {logging_mixin.py:151} INFO - [2026-05-29T10:45:54.839+0200] {dag.py:2915} INFO - Sync 1 DAGs
[2026-05-29T10:45:54.856+0200] {logging_mixin.py:151} INFO - [2026-05-29T10:45:54.856+0200] {dag.py:3696} INFO - Setting next_dagrun for example_task_group_decorator to 2026-05-28T08:45:54.856299+00:00, run_after=2026-05-29T08:45:54.856299+00:00
[2026-05-29T10:45:54.871+0200] {processor.py:179} INFO - Processing /home/frederic/airflow_venv/lib/python3.10/site-packages/airflow/example_dags/example_task_group_decorator.py took 0.067 seconds
[2026-05-29T10:46:44.694+0200] {processor.py:157} INFO - Started process (PID=720877) to work on /home/frederic/airflow_venv/lib/python3.10/site-packages/airflow/example_dags/example_task_group_decorator.py
[2026-05-29T10:46:44.695+0200] {processor.py:829} INFO - Processing file /home/frederic/airflow_venv/lib/python3.10/site-packages/airflow/example_dags/example_task_group_decorator.py for tasks to queue
[2026-05-29T10:46:44.696+0200] {logging_mixin.py:151} INFO - [2026-05-29T10:46:44.696+0200] {dagbag.py:539} INFO - Filling up the DagBag from /home/frederic/airflow_venv/lib/python3.10/site-packages/airflow/example_dags/example_task_group_decorator.py
[2026-05-29T10:46:44.708+0200] {processor.py:839} INFO - DAG(s) dict_keys(['example_task_group_decorator']) retrieved from /home/frederic/airflow_venv/lib/python3.10/site-packages/airflow/example_dags/example_task_group_decorator.py
[2026-05-29T10:46:44.722+0200] {logging_mixin.py:151} INFO - [2026-05-29T10:46:44.722+0200] {dag.py:2915} INFO - Sync 1 DAGs
[2026-05-29T10:46:44.737+0200] {logging_mixin.py:151} INFO - [2026-05-29T10:46:44.737+0200] {dag.py:3696} INFO - Setting next_dagrun for example_task_group_decorator to 2026-05-28T08:46:44.736882+00:00, run_after=2026-05-29T08:46:44.736882+00:00
[2026-05-29T10:46:44.750+0200] {processor.py:179} INFO - Processing /home/frederic/airflow_venv/lib/python3.10/site-packages/airflow/example_dags/example_task_group_decorator.py took 0.058 seconds
[2026-05-29T10:47:25.261+0200] {processor.py:157} INFO - Started process (PID=721873) to work on /home/frederic/airflow_venv/lib/python3.10/site-packages/airflow/example_dags/example_task_group_decorator.py
[2026-05-29T10:47:25.262+0200] {processor.py:829} INFO - Processing file /home/frederic/airflow_venv/lib/python3.10/site-packages/airflow/example_dags/example_task_group_decorator.py for tasks to queue
[2026-05-29T10:47:25.263+0200] {logging_mixin.py:151} INFO - [2026-05-29T10:47:25.262+0200] {dagbag.py:539} INFO - Filling up the DagBag from /home/frederic/airflow_venv/lib/python3.10/site-packages/airflow/example_dags/example_task_group_decorator.py
[2026-05-29T10:47:25.276+0200] {processor.py:839} INFO - DAG(s) dict_keys(['example_task_group_decorator']) retrieved from /home/frederic/airflow_venv/lib/python3.10/site-packages/airflow/example_dags/example_task_group_decorator.py
[2026-05-29T10:47:25.292+0200] {logging_mixin.py:151} INFO - [2026-05-29T10:47:25.291+0200] {dag.py:2915} INFO - Sync 1 DAGs
[2026-05-29T10:47:25.309+0200] {logging_mixin.py:151} INFO - [2026-05-29T10:47:25.309+0200] {dag.py:3696} INFO - Setting next_dagrun for example_task_group_decorator to 2026-05-28T08:47:25.308909+00:00, run_after=2026-05-29T08:47:25.308909+00:00
[2026-05-29T10:47:25.324+0200] {processor.py:179} INFO - Processing /home/frederic/airflow_venv/lib/python3.10/site-packages/airflow/example_dags/example_task_group_decorator.py took 0.066 seconds
[2026-05-29T10:48:09.302+0200] {processor.py:157} INFO - Started process (PID=722390) to work on /home/frederic/airflow_venv/lib/python3.10/site-packages/airflow/example_dags/example_task_group_decorator.py
[2026-05-29T10:48:09.303+0200] {processor.py:829} INFO - Processing file /home/frederic/airflow_venv/lib/python3.10/site-packages/airflow/example_dags/example_task_group_decorator.py for tasks to queue
[2026-05-29T10:48:09.304+0200] {logging_mixin.py:151} INFO - [2026-05-29T10:48:09.303+0200] {dagbag.py:539} INFO - Filling up the DagBag from /home/frederic/airflow_venv/lib/python3.10/site-packages/airflow/example_dags/example_task_group_decorator.py
[2026-05-29T10:48:09.321+0200] {processor.py:839} INFO - DAG(s) dict_keys(['example_task_group_decorator']) retrieved from /home/frederic/airflow_venv/lib/python3.10/site-packages/airflow/example_dags/example_task_group_decorator.py
[2026-05-29T10:48:09.340+0200] {logging_mixin.py:151} INFO - [2026-05-29T10:48:09.339+0200] {dag.py:2915} INFO - Sync 1 DAGs
[2026-05-29T10:48:09.355+0200] {logging_mixin.py:151} INFO - [2026-05-29T10:48:09.355+0200] {dag.py:3696} INFO - Setting next_dagrun for example_task_group_decorator to 2026-05-28T08:48:09.355609+00:00, run_after=2026-05-29T08:48:09.355609+00:00
[2026-05-29T10:48:09.371+0200] {processor.py:179} INFO - Processing /home/frederic/airflow_venv/lib/python3.10/site-packages/airflow/example_dags/example_task_group_decorator.py took 0.071 seconds
[2026-05-29T10:48:49.439+0200] {processor.py:157} INFO - Started process (PID=722750) to work on /home/frederic/airflow_venv/lib/python3.10/site-packages/airflow/example_dags/example_task_group_decorator.py
[2026-05-29T10:48:49.445+0200] {processor.py:829} INFO - Processing file /home/frederic/airflow_venv/lib/python3.10/site-packages/airflow/example_dags/example_task_group_decorator.py for tasks to queue
[2026-05-29T10:48:49.446+0200] {logging_mixin.py:151} INFO - [2026-05-29T10:48:49.445+0200] {dagbag.py:539} INFO - Filling up the DagBag from /home/frederic/airflow_venv/lib/python3.10/site-packages/airflow/example_dags/example_task_group_decorator.py
[2026-05-29T10:48:49.460+0200] {processor.py:839} INFO - DAG(s) dict_keys(['example_task_group_decorator']) retrieved from /home/frederic/airflow_venv/lib/python3.10/site-packages/airflow/example_dags/example_task_group_decorator.py
[2026-05-29T10:48:49.475+0200] {logging_mixin.py:151} INFO - [2026-05-29T10:48:49.475+0200] {dag.py:2915} INFO - Sync 1 DAGs
[2026-05-29T10:48:49.489+0200] {logging_mixin.py:151} INFO - [2026-05-29T10:48:49.489+0200] {dag.py:3696} INFO - Setting next_dagrun for example_task_group_decorator to 2026-05-28T08:48:49.489524+00:00, run_after=2026-05-29T08:48:49.489524+00:00
[2026-05-29T10:48:49.506+0200] {processor.py:179} INFO - Processing /home/frederic/airflow_venv/lib/python3.10/site-packages/airflow/example_dags/example_task_group_decorator.py took 0.070 seconds
[2026-05-29T10:49:39.181+0200] {processor.py:157} INFO - Started process (PID=723309) to work on /home/frederic/airflow_venv/lib/python3.10/site-packages/airflow/example_dags/example_task_group_decorator.py
[2026-05-29T10:49:39.182+0200] {processor.py:829} INFO - Processing file /home/frederic/airflow_venv/lib/python3.10/site-packages/airflow/example_dags/example_task_group_decorator.py for tasks to queue
[2026-05-29T10:49:39.183+0200] {logging_mixin.py:151} INFO - [2026-05-29T10:49:39.183+0200] {dagbag.py:539} INFO - Filling up the DagBag from /home/frederic/airflow_venv/lib/python3.10/site-packages/airflow/example_dags/example_task_group_decorator.py
[2026-05-29T10:49:39.197+0200] {processor.py:839} INFO - DAG(s) dict_keys(['example_task_group_decorator']) retrieved from /home/frederic/airflow_venv/lib/python3.10/site-packages/airflow/example_dags/example_task_group_decorator.py
[2026-05-29T10:49:39.215+0200] {logging_mixin.py:151} INFO - [2026-05-29T10:49:39.215+0200] {dag.py:2915} INFO - Sync 1 DAGs
[2026-05-29T10:49:39.233+0200] {logging_mixin.py:151} INFO - [2026-05-29T10:49:39.232+0200] {dag.py:3696} INFO - Setting next_dagrun for example_task_group_decorator to 2026-05-28T08:49:39.232600+00:00, run_after=2026-05-29T08:49:39.232600+00:00
[2026-05-29T10:49:39.249+0200] {processor.py:179} INFO - Processing /home/frederic/airflow_venv/lib/python3.10/site-packages/airflow/example_dags/example_task_group_decorator.py took 0.071 seconds
[2026-05-29T10:50:26.037+0200] {processor.py:157} INFO - Started process (PID=723821) to work on /home/frederic/airflow_venv/lib/python3.10/site-packages/airflow/example_dags/example_task_group_decorator.py
[2026-05-29T10:50:26.038+0200] {processor.py:829} INFO - Processing file /home/frederic/airflow_venv/lib/python3.10/site-packages/airflow/example_dags/example_task_group_decorator.py for tasks to queue
[2026-05-29T10:50:26.039+0200] {logging_mixin.py:151} INFO - [2026-05-29T10:50:26.038+0200] {dagbag.py:539} INFO - Filling up the DagBag from /home/frederic/airflow_venv/lib/python3.10/site-packages/airflow/example_dags/example_task_group_decorator.py
[2026-05-29T10:50:26.054+0200] {processor.py:839} INFO - DAG(s) dict_keys(['example_task_group_decorator']) retrieved from /home/frederic/airflow_venv/lib/python3.10/site-packages/airflow/example_dags/example_task_group_decorator.py
[2026-05-29T10:50:26.070+0200] {logging_mixin.py:151} INFO - [2026-05-29T10:50:26.070+0200] {dag.py:2915} INFO - Sync 1 DAGs
[2026-05-29T10:50:26.087+0200] {logging_mixin.py:151} INFO - [2026-05-29T10:50:26.087+0200] {dag.py:3696} INFO - Setting next_dagrun for example_task_group_decorator to 2026-05-28T08:50:26.087107+00:00, run_after=2026-05-29T08:50:26.087107+00:00
[2026-05-29T10:50:26.104+0200] {processor.py:179} INFO - Processing /home/frederic/airflow_venv/lib/python3.10/site-packages/airflow/example_dags/example_task_group_decorator.py took 0.070 seconds
[2026-05-29T10:51:12.553+0200] {processor.py:157} INFO - Started process (PID=724272) to work on /home/frederic/airflow_venv/lib/python3.10/site-packages/airflow/example_dags/example_task_group_decorator.py
[2026-05-29T10:51:12.554+0200] {processor.py:829} INFO - Processing file /home/frederic/airflow_venv/lib/python3.10/site-packages/airflow/example_dags/example_task_group_decorator.py for tasks to queue
[2026-05-29T10:51:12.555+0200] {logging_mixin.py:151} INFO - [2026-05-29T10:51:12.555+0200] {dagbag.py:539} INFO - Filling up the DagBag from /home/frederic/airflow_venv/lib/python3.10/site-packages/airflow/example_dags/example_task_group_decorator.py
[2026-05-29T10:51:12.570+0200] {processor.py:839} INFO - DAG(s) dict_keys(['example_task_group_decorator']) retrieved from /home/frederic/airflow_venv/lib/python3.10/site-packages/airflow/example_dags/example_task_group_decorator.py
[2026-05-29T10:51:12.591+0200] {logging_mixin.py:151} INFO - [2026-05-29T10:51:12.591+0200] {dag.py:2915} INFO - Sync 1 DAGs
[2026-05-29T10:51:12.609+0200] {logging_mixin.py:151} INFO - [2026-05-29T10:51:12.609+0200] {dag.py:3696} INFO - Setting next_dagrun for example_task_group_decorator to 2026-05-28T08:51:12.609128+00:00, run_after=2026-05-29T08:51:12.609128+00:00
[2026-05-29T10:51:12.627+0200] {processor.py:179} INFO - Processing /home/frederic/airflow_venv/lib/python3.10/site-packages/airflow/example_dags/example_task_group_decorator.py took 0.076 seconds
