[2026-05-29T02:00:30.740+0200] {processor.py:157} INFO - Started process (PID=634038) to work on /home/frederic/airflow_venv/lib/python3.10/site-packages/airflow/example_dags/example_branch_labels.py
[2026-05-29T02:00:30.741+0200] {processor.py:829} INFO - Processing file /home/frederic/airflow_venv/lib/python3.10/site-packages/airflow/example_dags/example_branch_labels.py for tasks to queue
[2026-05-29T02:00:30.742+0200] {logging_mixin.py:151} INFO - [2026-05-29T02:00:30.741+0200] {dagbag.py:539} INFO - Filling up the DagBag from /home/frederic/airflow_venv/lib/python3.10/site-packages/airflow/example_dags/example_branch_labels.py
[2026-05-29T02:00:30.751+0200] {processor.py:839} INFO - DAG(s) dict_keys(['example_branch_labels']) retrieved from /home/frederic/airflow_venv/lib/python3.10/site-packages/airflow/example_dags/example_branch_labels.py
[2026-05-29T02:00:30.770+0200] {logging_mixin.py:151} INFO - [2026-05-29T02:00:30.770+0200] {dag.py:2915} INFO - Sync 1 DAGs
[2026-05-29T02:00:30.797+0200] {logging_mixin.py:151} INFO - [2026-05-29T02:00:30.796+0200] {dag.py:3696} INFO - Setting next_dagrun for example_branch_labels to 2026-05-28T00:00:00+00:00, run_after=2026-05-29T00:00:00+00:00
[2026-05-29T02:00:30.824+0200] {processor.py:179} INFO - Processing /home/frederic/airflow_venv/lib/python3.10/site-packages/airflow/example_dags/example_branch_labels.py took 0.089 seconds
[2026-05-29T02:00:51.195+0200] {processor.py:157} INFO - Started process (PID=634678) to work on /home/frederic/airflow_venv/lib/python3.10/site-packages/airflow/example_dags/example_branch_labels.py
[2026-05-29T02:00:51.196+0200] {processor.py:829} INFO - Processing file /home/frederic/airflow_venv/lib/python3.10/site-packages/airflow/example_dags/example_branch_labels.py for tasks to queue
[2026-05-29T02:00:51.197+0200] {logging_mixin.py:151} INFO - [2026-05-29T02:00:51.197+0200] {dagbag.py:539} INFO - Filling up the DagBag from /home/frederic/airflow_venv/lib/python3.10/site-packages/airflow/example_dags/example_branch_labels.py
[2026-05-29T02:00:51.208+0200] {processor.py:839} INFO - DAG(s) dict_keys(['example_branch_labels']) retrieved from /home/frederic/airflow_venv/lib/python3.10/site-packages/airflow/example_dags/example_branch_labels.py
[2026-05-29T02:00:51.226+0200] {logging_mixin.py:151} INFO - [2026-05-29T02:00:51.226+0200] {dag.py:2915} INFO - Sync 1 DAGs
[2026-05-29T02:00:51.255+0200] {logging_mixin.py:151} INFO - [2026-05-29T02:00:51.254+0200] {dag.py:3696} INFO - Setting next_dagrun for example_branch_labels to 2026-05-28T00:00:00+00:00, run_after=2026-05-29T00:00:00+00:00
[2026-05-29T02:00:51.278+0200] {processor.py:179} INFO - Processing /home/frederic/airflow_venv/lib/python3.10/site-packages/airflow/example_dags/example_branch_labels.py took 0.086 seconds
[2026-05-29T02:01:17.100+0200] {processor.py:157} INFO - Started process (PID=635314) to work on /home/frederic/airflow_venv/lib/python3.10/site-packages/airflow/example_dags/example_branch_labels.py
[2026-05-29T02:01:17.101+0200] {processor.py:829} INFO - Processing file /home/frederic/airflow_venv/lib/python3.10/site-packages/airflow/example_dags/example_branch_labels.py for tasks to queue
[2026-05-29T02:01:17.101+0200] {logging_mixin.py:151} INFO - [2026-05-29T02:01:17.101+0200] {dagbag.py:539} INFO - Filling up the DagBag from /home/frederic/airflow_venv/lib/python3.10/site-packages/airflow/example_dags/example_branch_labels.py
[2026-05-29T02:01:17.108+0200] {processor.py:839} INFO - DAG(s) dict_keys(['example_branch_labels']) retrieved from /home/frederic/airflow_venv/lib/python3.10/site-packages/airflow/example_dags/example_branch_labels.py
[2026-05-29T02:01:17.122+0200] {logging_mixin.py:151} INFO - [2026-05-29T02:01:17.122+0200] {dag.py:2915} INFO - Sync 1 DAGs
[2026-05-29T02:01:17.141+0200] {logging_mixin.py:151} INFO - [2026-05-29T02:01:17.141+0200] {dag.py:3696} INFO - Setting next_dagrun for example_branch_labels to 2026-05-28T00:00:00+00:00, run_after=2026-05-29T00:00:00+00:00
[2026-05-29T02:01:17.157+0200] {processor.py:179} INFO - Processing /home/frederic/airflow_venv/lib/python3.10/site-packages/airflow/example_dags/example_branch_labels.py took 0.060 seconds
[2026-05-29T02:01:43.898+0200] {processor.py:157} INFO - Started process (PID=636121) to work on /home/frederic/airflow_venv/lib/python3.10/site-packages/airflow/example_dags/example_branch_labels.py
[2026-05-29T02:01:43.899+0200] {processor.py:829} INFO - Processing file /home/frederic/airflow_venv/lib/python3.10/site-packages/airflow/example_dags/example_branch_labels.py for tasks to queue
[2026-05-29T02:01:43.900+0200] {logging_mixin.py:151} INFO - [2026-05-29T02:01:43.899+0200] {dagbag.py:539} INFO - Filling up the DagBag from /home/frederic/airflow_venv/lib/python3.10/site-packages/airflow/example_dags/example_branch_labels.py
[2026-05-29T02:01:43.907+0200] {processor.py:839} INFO - DAG(s) dict_keys(['example_branch_labels']) retrieved from /home/frederic/airflow_venv/lib/python3.10/site-packages/airflow/example_dags/example_branch_labels.py
[2026-05-29T02:01:43.924+0200] {logging_mixin.py:151} INFO - [2026-05-29T02:01:43.924+0200] {dag.py:2915} INFO - Sync 1 DAGs
[2026-05-29T02:01:43.943+0200] {logging_mixin.py:151} INFO - [2026-05-29T02:01:43.942+0200] {dag.py:3696} INFO - Setting next_dagrun for example_branch_labels to 2026-05-28T00:00:00+00:00, run_after=2026-05-29T00:00:00+00:00
[2026-05-29T02:01:43.956+0200] {processor.py:179} INFO - Processing /home/frederic/airflow_venv/lib/python3.10/site-packages/airflow/example_dags/example_branch_labels.py took 0.061 seconds
[2026-05-29T02:02:00.556+0200] {processor.py:157} INFO - Started process (PID=636539) to work on /home/frederic/airflow_venv/lib/python3.10/site-packages/airflow/example_dags/example_branch_labels.py
[2026-05-29T02:02:00.557+0200] {processor.py:829} INFO - Processing file /home/frederic/airflow_venv/lib/python3.10/site-packages/airflow/example_dags/example_branch_labels.py for tasks to queue
[2026-05-29T02:02:00.557+0200] {logging_mixin.py:151} INFO - [2026-05-29T02:02:00.557+0200] {dagbag.py:539} INFO - Filling up the DagBag from /home/frederic/airflow_venv/lib/python3.10/site-packages/airflow/example_dags/example_branch_labels.py
[2026-05-29T02:02:00.564+0200] {processor.py:839} INFO - DAG(s) dict_keys(['example_branch_labels']) retrieved from /home/frederic/airflow_venv/lib/python3.10/site-packages/airflow/example_dags/example_branch_labels.py
[2026-05-29T02:02:00.578+0200] {logging_mixin.py:151} INFO - [2026-05-29T02:02:00.578+0200] {dag.py:2915} INFO - Sync 1 DAGs
[2026-05-29T02:02:00.596+0200] {logging_mixin.py:151} INFO - [2026-05-29T02:02:00.596+0200] {dag.py:3696} INFO - Setting next_dagrun for example_branch_labels to 2026-05-28T00:00:00+00:00, run_after=2026-05-29T00:00:00+00:00
[2026-05-29T02:02:00.611+0200] {processor.py:179} INFO - Processing /home/frederic/airflow_venv/lib/python3.10/site-packages/airflow/example_dags/example_branch_labels.py took 0.058 seconds
[2026-05-29T02:02:36.191+0200] {processor.py:157} INFO - Started process (PID=637656) to work on /home/frederic/airflow_venv/lib/python3.10/site-packages/airflow/example_dags/example_branch_labels.py
[2026-05-29T02:02:36.192+0200] {processor.py:829} INFO - Processing file /home/frederic/airflow_venv/lib/python3.10/site-packages/airflow/example_dags/example_branch_labels.py for tasks to queue
[2026-05-29T02:02:36.194+0200] {logging_mixin.py:151} INFO - [2026-05-29T02:02:36.193+0200] {dagbag.py:539} INFO - Filling up the DagBag from /home/frederic/airflow_venv/lib/python3.10/site-packages/airflow/example_dags/example_branch_labels.py
[2026-05-29T02:02:36.206+0200] {processor.py:839} INFO - DAG(s) dict_keys(['example_branch_labels']) retrieved from /home/frederic/airflow_venv/lib/python3.10/site-packages/airflow/example_dags/example_branch_labels.py
[2026-05-29T02:02:36.222+0200] {logging_mixin.py:151} INFO - [2026-05-29T02:02:36.222+0200] {dag.py:2915} INFO - Sync 1 DAGs
[2026-05-29T02:02:36.243+0200] {logging_mixin.py:151} INFO - [2026-05-29T02:02:36.243+0200] {dag.py:3696} INFO - Setting next_dagrun for example_branch_labels to 2026-05-28T00:00:00+00:00, run_after=2026-05-29T00:00:00+00:00
[2026-05-29T02:02:36.261+0200] {processor.py:179} INFO - Processing /home/frederic/airflow_venv/lib/python3.10/site-packages/airflow/example_dags/example_branch_labels.py took 0.072 seconds
[2026-05-29T02:02:48.977+0200] {processor.py:157} INFO - Started process (PID=638091) to work on /home/frederic/airflow_venv/lib/python3.10/site-packages/airflow/example_dags/example_branch_labels.py
[2026-05-29T02:02:48.978+0200] {processor.py:829} INFO - Processing file /home/frederic/airflow_venv/lib/python3.10/site-packages/airflow/example_dags/example_branch_labels.py for tasks to queue
[2026-05-29T02:02:48.979+0200] {logging_mixin.py:151} INFO - [2026-05-29T02:02:48.979+0200] {dagbag.py:539} INFO - Filling up the DagBag from /home/frederic/airflow_venv/lib/python3.10/site-packages/airflow/example_dags/example_branch_labels.py
[2026-05-29T02:02:48.986+0200] {processor.py:839} INFO - DAG(s) dict_keys(['example_branch_labels']) retrieved from /home/frederic/airflow_venv/lib/python3.10/site-packages/airflow/example_dags/example_branch_labels.py
[2026-05-29T02:02:48.999+0200] {logging_mixin.py:151} INFO - [2026-05-29T02:02:48.999+0200] {dag.py:2915} INFO - Sync 1 DAGs
[2026-05-29T02:02:49.015+0200] {logging_mixin.py:151} INFO - [2026-05-29T02:02:49.015+0200] {dag.py:3696} INFO - Setting next_dagrun for example_branch_labels to 2026-05-28T00:00:00+00:00, run_after=2026-05-29T00:00:00+00:00
[2026-05-29T02:02:49.031+0200] {processor.py:179} INFO - Processing /home/frederic/airflow_venv/lib/python3.10/site-packages/airflow/example_dags/example_branch_labels.py took 0.057 seconds
[2026-05-29T02:03:24.287+0200] {processor.py:157} INFO - Started process (PID=639041) to work on /home/frederic/airflow_venv/lib/python3.10/site-packages/airflow/example_dags/example_branch_labels.py
[2026-05-29T02:03:24.288+0200] {processor.py:829} INFO - Processing file /home/frederic/airflow_venv/lib/python3.10/site-packages/airflow/example_dags/example_branch_labels.py for tasks to queue
[2026-05-29T02:03:24.289+0200] {logging_mixin.py:151} INFO - [2026-05-29T02:03:24.289+0200] {dagbag.py:539} INFO - Filling up the DagBag from /home/frederic/airflow_venv/lib/python3.10/site-packages/airflow/example_dags/example_branch_labels.py
[2026-05-29T02:03:24.301+0200] {processor.py:839} INFO - DAG(s) dict_keys(['example_branch_labels']) retrieved from /home/frederic/airflow_venv/lib/python3.10/site-packages/airflow/example_dags/example_branch_labels.py
[2026-05-29T02:03:24.321+0200] {logging_mixin.py:151} INFO - [2026-05-29T02:03:24.320+0200] {dag.py:2915} INFO - Sync 1 DAGs
[2026-05-29T02:03:24.346+0200] {logging_mixin.py:151} INFO - [2026-05-29T02:03:24.345+0200] {dag.py:3696} INFO - Setting next_dagrun for example_branch_labels to 2026-05-28T00:00:00+00:00, run_after=2026-05-29T00:00:00+00:00
[2026-05-29T02:03:24.363+0200] {processor.py:179} INFO - Processing /home/frederic/airflow_venv/lib/python3.10/site-packages/airflow/example_dags/example_branch_labels.py took 0.079 seconds
[2026-05-29T02:03:37.946+0200] {processor.py:157} INFO - Started process (PID=639521) to work on /home/frederic/airflow_venv/lib/python3.10/site-packages/airflow/example_dags/example_branch_labels.py
[2026-05-29T02:03:37.947+0200] {processor.py:829} INFO - Processing file /home/frederic/airflow_venv/lib/python3.10/site-packages/airflow/example_dags/example_branch_labels.py for tasks to queue
[2026-05-29T02:03:37.947+0200] {logging_mixin.py:151} INFO - [2026-05-29T02:03:37.947+0200] {dagbag.py:539} INFO - Filling up the DagBag from /home/frederic/airflow_venv/lib/python3.10/site-packages/airflow/example_dags/example_branch_labels.py
[2026-05-29T02:03:37.954+0200] {processor.py:839} INFO - DAG(s) dict_keys(['example_branch_labels']) retrieved from /home/frederic/airflow_venv/lib/python3.10/site-packages/airflow/example_dags/example_branch_labels.py
[2026-05-29T02:03:37.968+0200] {logging_mixin.py:151} INFO - [2026-05-29T02:03:37.968+0200] {dag.py:2915} INFO - Sync 1 DAGs
[2026-05-29T02:03:37.984+0200] {logging_mixin.py:151} INFO - [2026-05-29T02:03:37.984+0200] {dag.py:3696} INFO - Setting next_dagrun for example_branch_labels to 2026-05-28T00:00:00+00:00, run_after=2026-05-29T00:00:00+00:00
[2026-05-29T02:03:37.999+0200] {processor.py:179} INFO - Processing /home/frederic/airflow_venv/lib/python3.10/site-packages/airflow/example_dags/example_branch_labels.py took 0.055 seconds
[2026-05-29T09:58:39.220+0200] {processor.py:157} INFO - Started process (PID=682215) to work on /home/frederic/airflow_venv/lib/python3.10/site-packages/airflow/example_dags/example_branch_labels.py
[2026-05-29T09:58:39.223+0200] {processor.py:829} INFO - Processing file /home/frederic/airflow_venv/lib/python3.10/site-packages/airflow/example_dags/example_branch_labels.py for tasks to queue
[2026-05-29T09:58:39.224+0200] {logging_mixin.py:151} INFO - [2026-05-29T09:58:39.223+0200] {dagbag.py:539} INFO - Filling up the DagBag from /home/frederic/airflow_venv/lib/python3.10/site-packages/airflow/example_dags/example_branch_labels.py
[2026-05-29T09:58:39.230+0200] {processor.py:839} INFO - DAG(s) dict_keys(['example_branch_labels']) retrieved from /home/frederic/airflow_venv/lib/python3.10/site-packages/airflow/example_dags/example_branch_labels.py
[2026-05-29T09:58:39.244+0200] {logging_mixin.py:151} INFO - [2026-05-29T09:58:39.244+0200] {dag.py:2915} INFO - Sync 1 DAGs
[2026-05-29T09:58:39.260+0200] {logging_mixin.py:151} INFO - [2026-05-29T09:58:39.260+0200] {dag.py:3696} INFO - Setting next_dagrun for example_branch_labels to 2026-05-28T00:00:00+00:00, run_after=2026-05-29T00:00:00+00:00
[2026-05-29T09:58:39.276+0200] {processor.py:179} INFO - Processing /home/frederic/airflow_venv/lib/python3.10/site-packages/airflow/example_dags/example_branch_labels.py took 0.058 seconds
[2026-05-29T09:59:42.489+0200] {processor.py:157} INFO - Started process (PID=683752) to work on /home/frederic/airflow_venv/lib/python3.10/site-packages/airflow/example_dags/example_branch_labels.py
[2026-05-29T09:59:42.490+0200] {processor.py:829} INFO - Processing file /home/frederic/airflow_venv/lib/python3.10/site-packages/airflow/example_dags/example_branch_labels.py for tasks to queue
[2026-05-29T09:59:42.490+0200] {logging_mixin.py:151} INFO - [2026-05-29T09:59:42.490+0200] {dagbag.py:539} INFO - Filling up the DagBag from /home/frederic/airflow_venv/lib/python3.10/site-packages/airflow/example_dags/example_branch_labels.py
[2026-05-29T09:59:42.498+0200] {processor.py:839} INFO - DAG(s) dict_keys(['example_branch_labels']) retrieved from /home/frederic/airflow_venv/lib/python3.10/site-packages/airflow/example_dags/example_branch_labels.py
[2026-05-29T09:59:42.514+0200] {logging_mixin.py:151} INFO - [2026-05-29T09:59:42.514+0200] {dag.py:2915} INFO - Sync 1 DAGs
[2026-05-29T09:59:42.536+0200] {logging_mixin.py:151} INFO - [2026-05-29T09:59:42.536+0200] {dag.py:3696} INFO - Setting next_dagrun for example_branch_labels to 2026-05-28T00:00:00+00:00, run_after=2026-05-29T00:00:00+00:00
[2026-05-29T09:59:42.552+0200] {processor.py:179} INFO - Processing /home/frederic/airflow_venv/lib/python3.10/site-packages/airflow/example_dags/example_branch_labels.py took 0.067 seconds
[2026-05-29T10:00:33.726+0200] {processor.py:157} INFO - Started process (PID=684498) to work on /home/frederic/airflow_venv/lib/python3.10/site-packages/airflow/example_dags/example_branch_labels.py
[2026-05-29T10:00:33.727+0200] {processor.py:829} INFO - Processing file /home/frederic/airflow_venv/lib/python3.10/site-packages/airflow/example_dags/example_branch_labels.py for tasks to queue
[2026-05-29T10:00:33.729+0200] {logging_mixin.py:151} INFO - [2026-05-29T10:00:33.728+0200] {dagbag.py:539} INFO - Filling up the DagBag from /home/frederic/airflow_venv/lib/python3.10/site-packages/airflow/example_dags/example_branch_labels.py
[2026-05-29T10:00:33.738+0200] {processor.py:839} INFO - DAG(s) dict_keys(['example_branch_labels']) retrieved from /home/frederic/airflow_venv/lib/python3.10/site-packages/airflow/example_dags/example_branch_labels.py
[2026-05-29T10:00:33.755+0200] {logging_mixin.py:151} INFO - [2026-05-29T10:00:33.754+0200] {dag.py:2915} INFO - Sync 1 DAGs
[2026-05-29T10:00:33.783+0200] {logging_mixin.py:151} INFO - [2026-05-29T10:00:33.783+0200] {dag.py:3696} INFO - Setting next_dagrun for example_branch_labels to 2026-05-28T00:00:00+00:00, run_after=2026-05-29T00:00:00+00:00
[2026-05-29T10:00:33.803+0200] {processor.py:179} INFO - Processing /home/frederic/airflow_venv/lib/python3.10/site-packages/airflow/example_dags/example_branch_labels.py took 0.079 seconds
[2026-05-29T10:01:22.888+0200] {processor.py:157} INFO - Started process (PID=685407) to work on /home/frederic/airflow_venv/lib/python3.10/site-packages/airflow/example_dags/example_branch_labels.py
[2026-05-29T10:01:22.889+0200] {processor.py:829} INFO - Processing file /home/frederic/airflow_venv/lib/python3.10/site-packages/airflow/example_dags/example_branch_labels.py for tasks to queue
[2026-05-29T10:01:22.890+0200] {logging_mixin.py:151} INFO - [2026-05-29T10:01:22.889+0200] {dagbag.py:539} INFO - Filling up the DagBag from /home/frederic/airflow_venv/lib/python3.10/site-packages/airflow/example_dags/example_branch_labels.py
[2026-05-29T10:01:22.898+0200] {processor.py:839} INFO - DAG(s) dict_keys(['example_branch_labels']) retrieved from /home/frederic/airflow_venv/lib/python3.10/site-packages/airflow/example_dags/example_branch_labels.py
[2026-05-29T10:01:22.916+0200] {logging_mixin.py:151} INFO - [2026-05-29T10:01:22.915+0200] {dag.py:2915} INFO - Sync 1 DAGs
[2026-05-29T10:01:22.938+0200] {logging_mixin.py:151} INFO - [2026-05-29T10:01:22.938+0200] {dag.py:3696} INFO - Setting next_dagrun for example_branch_labels to 2026-05-28T00:00:00+00:00, run_after=2026-05-29T00:00:00+00:00
[2026-05-29T10:01:22.958+0200] {processor.py:179} INFO - Processing /home/frederic/airflow_venv/lib/python3.10/site-packages/airflow/example_dags/example_branch_labels.py took 0.073 seconds
[2026-05-29T10:02:11.739+0200] {processor.py:157} INFO - Started process (PID=686008) to work on /home/frederic/airflow_venv/lib/python3.10/site-packages/airflow/example_dags/example_branch_labels.py
[2026-05-29T10:02:11.740+0200] {processor.py:829} INFO - Processing file /home/frederic/airflow_venv/lib/python3.10/site-packages/airflow/example_dags/example_branch_labels.py for tasks to queue
[2026-05-29T10:02:11.741+0200] {logging_mixin.py:151} INFO - [2026-05-29T10:02:11.740+0200] {dagbag.py:539} INFO - Filling up the DagBag from /home/frederic/airflow_venv/lib/python3.10/site-packages/airflow/example_dags/example_branch_labels.py
[2026-05-29T10:02:11.748+0200] {processor.py:839} INFO - DAG(s) dict_keys(['example_branch_labels']) retrieved from /home/frederic/airflow_venv/lib/python3.10/site-packages/airflow/example_dags/example_branch_labels.py
[2026-05-29T10:02:11.763+0200] {logging_mixin.py:151} INFO - [2026-05-29T10:02:11.763+0200] {dag.py:2915} INFO - Sync 1 DAGs
[2026-05-29T10:02:11.784+0200] {logging_mixin.py:151} INFO - [2026-05-29T10:02:11.784+0200] {dag.py:3696} INFO - Setting next_dagrun for example_branch_labels to 2026-05-28T00:00:00+00:00, run_after=2026-05-29T00:00:00+00:00
[2026-05-29T10:02:11.801+0200] {processor.py:179} INFO - Processing /home/frederic/airflow_venv/lib/python3.10/site-packages/airflow/example_dags/example_branch_labels.py took 0.066 seconds
[2026-05-29T10:02:56.772+0200] {processor.py:157} INFO - Started process (PID=686411) to work on /home/frederic/airflow_venv/lib/python3.10/site-packages/airflow/example_dags/example_branch_labels.py
[2026-05-29T10:02:56.775+0200] {processor.py:829} INFO - Processing file /home/frederic/airflow_venv/lib/python3.10/site-packages/airflow/example_dags/example_branch_labels.py for tasks to queue
[2026-05-29T10:02:56.776+0200] {logging_mixin.py:151} INFO - [2026-05-29T10:02:56.776+0200] {dagbag.py:539} INFO - Filling up the DagBag from /home/frederic/airflow_venv/lib/python3.10/site-packages/airflow/example_dags/example_branch_labels.py
[2026-05-29T10:02:56.784+0200] {processor.py:839} INFO - DAG(s) dict_keys(['example_branch_labels']) retrieved from /home/frederic/airflow_venv/lib/python3.10/site-packages/airflow/example_dags/example_branch_labels.py
[2026-05-29T10:02:56.799+0200] {logging_mixin.py:151} INFO - [2026-05-29T10:02:56.798+0200] {dag.py:2915} INFO - Sync 1 DAGs
[2026-05-29T10:02:56.818+0200] {logging_mixin.py:151} INFO - [2026-05-29T10:02:56.817+0200] {dag.py:3696} INFO - Setting next_dagrun for example_branch_labels to 2026-05-28T00:00:00+00:00, run_after=2026-05-29T00:00:00+00:00
[2026-05-29T10:02:56.833+0200] {processor.py:179} INFO - Processing /home/frederic/airflow_venv/lib/python3.10/site-packages/airflow/example_dags/example_branch_labels.py took 0.064 seconds
[2026-05-29T10:03:44.614+0200] {processor.py:157} INFO - Started process (PID=687180) to work on /home/frederic/airflow_venv/lib/python3.10/site-packages/airflow/example_dags/example_branch_labels.py
[2026-05-29T10:03:44.615+0200] {processor.py:829} INFO - Processing file /home/frederic/airflow_venv/lib/python3.10/site-packages/airflow/example_dags/example_branch_labels.py for tasks to queue
[2026-05-29T10:03:44.617+0200] {logging_mixin.py:151} INFO - [2026-05-29T10:03:44.616+0200] {dagbag.py:539} INFO - Filling up the DagBag from /home/frederic/airflow_venv/lib/python3.10/site-packages/airflow/example_dags/example_branch_labels.py
[2026-05-29T10:03:44.624+0200] {processor.py:839} INFO - DAG(s) dict_keys(['example_branch_labels']) retrieved from /home/frederic/airflow_venv/lib/python3.10/site-packages/airflow/example_dags/example_branch_labels.py
[2026-05-29T10:03:44.640+0200] {logging_mixin.py:151} INFO - [2026-05-29T10:03:44.640+0200] {dag.py:2915} INFO - Sync 1 DAGs
[2026-05-29T10:03:44.662+0200] {logging_mixin.py:151} INFO - [2026-05-29T10:03:44.662+0200] {dag.py:3696} INFO - Setting next_dagrun for example_branch_labels to 2026-05-28T00:00:00+00:00, run_after=2026-05-29T00:00:00+00:00
[2026-05-29T10:03:44.680+0200] {processor.py:179} INFO - Processing /home/frederic/airflow_venv/lib/python3.10/site-packages/airflow/example_dags/example_branch_labels.py took 0.069 seconds
[2026-05-29T10:04:32.168+0200] {processor.py:157} INFO - Started process (PID=688213) to work on /home/frederic/airflow_venv/lib/python3.10/site-packages/airflow/example_dags/example_branch_labels.py
[2026-05-29T10:04:32.172+0200] {processor.py:829} INFO - Processing file /home/frederic/airflow_venv/lib/python3.10/site-packages/airflow/example_dags/example_branch_labels.py for tasks to queue
[2026-05-29T10:04:32.173+0200] {logging_mixin.py:151} INFO - [2026-05-29T10:04:32.173+0200] {dagbag.py:539} INFO - Filling up the DagBag from /home/frederic/airflow_venv/lib/python3.10/site-packages/airflow/example_dags/example_branch_labels.py
[2026-05-29T10:04:32.181+0200] {processor.py:839} INFO - DAG(s) dict_keys(['example_branch_labels']) retrieved from /home/frederic/airflow_venv/lib/python3.10/site-packages/airflow/example_dags/example_branch_labels.py
[2026-05-29T10:04:32.197+0200] {logging_mixin.py:151} INFO - [2026-05-29T10:04:32.197+0200] {dag.py:2915} INFO - Sync 1 DAGs
[2026-05-29T10:04:32.220+0200] {logging_mixin.py:151} INFO - [2026-05-29T10:04:32.220+0200] {dag.py:3696} INFO - Setting next_dagrun for example_branch_labels to 2026-05-28T00:00:00+00:00, run_after=2026-05-29T00:00:00+00:00
[2026-05-29T10:04:32.237+0200] {processor.py:179} INFO - Processing /home/frederic/airflow_venv/lib/python3.10/site-packages/airflow/example_dags/example_branch_labels.py took 0.070 seconds
[2026-05-29T10:05:19.530+0200] {processor.py:157} INFO - Started process (PID=689291) to work on /home/frederic/airflow_venv/lib/python3.10/site-packages/airflow/example_dags/example_branch_labels.py
[2026-05-29T10:05:19.531+0200] {processor.py:829} INFO - Processing file /home/frederic/airflow_venv/lib/python3.10/site-packages/airflow/example_dags/example_branch_labels.py for tasks to queue
[2026-05-29T10:05:19.532+0200] {logging_mixin.py:151} INFO - [2026-05-29T10:05:19.531+0200] {dagbag.py:539} INFO - Filling up the DagBag from /home/frederic/airflow_venv/lib/python3.10/site-packages/airflow/example_dags/example_branch_labels.py
[2026-05-29T10:05:19.539+0200] {processor.py:839} INFO - DAG(s) dict_keys(['example_branch_labels']) retrieved from /home/frederic/airflow_venv/lib/python3.10/site-packages/airflow/example_dags/example_branch_labels.py
[2026-05-29T10:05:19.555+0200] {logging_mixin.py:151} INFO - [2026-05-29T10:05:19.554+0200] {dag.py:2915} INFO - Sync 1 DAGs
[2026-05-29T10:05:19.574+0200] {logging_mixin.py:151} INFO - [2026-05-29T10:05:19.573+0200] {dag.py:3696} INFO - Setting next_dagrun for example_branch_labels to 2026-05-28T00:00:00+00:00, run_after=2026-05-29T00:00:00+00:00
[2026-05-29T10:05:19.613+0200] {processor.py:179} INFO - Processing /home/frederic/airflow_venv/lib/python3.10/site-packages/airflow/example_dags/example_branch_labels.py took 0.087 seconds
[2026-05-29T10:06:07.112+0200] {processor.py:157} INFO - Started process (PID=690012) to work on /home/frederic/airflow_venv/lib/python3.10/site-packages/airflow/example_dags/example_branch_labels.py
[2026-05-29T10:06:07.113+0200] {processor.py:829} INFO - Processing file /home/frederic/airflow_venv/lib/python3.10/site-packages/airflow/example_dags/example_branch_labels.py for tasks to queue
[2026-05-29T10:06:07.113+0200] {logging_mixin.py:151} INFO - [2026-05-29T10:06:07.113+0200] {dagbag.py:539} INFO - Filling up the DagBag from /home/frederic/airflow_venv/lib/python3.10/site-packages/airflow/example_dags/example_branch_labels.py
[2026-05-29T10:06:07.122+0200] {processor.py:839} INFO - DAG(s) dict_keys(['example_branch_labels']) retrieved from /home/frederic/airflow_venv/lib/python3.10/site-packages/airflow/example_dags/example_branch_labels.py
[2026-05-29T10:06:07.140+0200] {logging_mixin.py:151} INFO - [2026-05-29T10:06:07.139+0200] {dag.py:2915} INFO - Sync 1 DAGs
[2026-05-29T10:06:07.161+0200] {logging_mixin.py:151} INFO - [2026-05-29T10:06:07.160+0200] {dag.py:3696} INFO - Setting next_dagrun for example_branch_labels to 2026-05-28T00:00:00+00:00, run_after=2026-05-29T00:00:00+00:00
[2026-05-29T10:06:07.182+0200] {processor.py:179} INFO - Processing /home/frederic/airflow_venv/lib/python3.10/site-packages/airflow/example_dags/example_branch_labels.py took 0.073 seconds
[2026-05-29T10:07:00.903+0200] {processor.py:157} INFO - Started process (PID=690734) to work on /home/frederic/airflow_venv/lib/python3.10/site-packages/airflow/example_dags/example_branch_labels.py
[2026-05-29T10:07:00.903+0200] {processor.py:829} INFO - Processing file /home/frederic/airflow_venv/lib/python3.10/site-packages/airflow/example_dags/example_branch_labels.py for tasks to queue
[2026-05-29T10:07:00.904+0200] {logging_mixin.py:151} INFO - [2026-05-29T10:07:00.904+0200] {dagbag.py:539} INFO - Filling up the DagBag from /home/frederic/airflow_venv/lib/python3.10/site-packages/airflow/example_dags/example_branch_labels.py
[2026-05-29T10:07:00.912+0200] {processor.py:839} INFO - DAG(s) dict_keys(['example_branch_labels']) retrieved from /home/frederic/airflow_venv/lib/python3.10/site-packages/airflow/example_dags/example_branch_labels.py
[2026-05-29T10:07:00.927+0200] {logging_mixin.py:151} INFO - [2026-05-29T10:07:00.927+0200] {dag.py:2915} INFO - Sync 1 DAGs
[2026-05-29T10:07:00.949+0200] {logging_mixin.py:151} INFO - [2026-05-29T10:07:00.948+0200] {dag.py:3696} INFO - Setting next_dagrun for example_branch_labels to 2026-05-28T00:00:00+00:00, run_after=2026-05-29T00:00:00+00:00
[2026-05-29T10:07:00.966+0200] {processor.py:179} INFO - Processing /home/frederic/airflow_venv/lib/python3.10/site-packages/airflow/example_dags/example_branch_labels.py took 0.066 seconds
[2026-05-29T10:07:55.403+0200] {processor.py:157} INFO - Started process (PID=691348) to work on /home/frederic/airflow_venv/lib/python3.10/site-packages/airflow/example_dags/example_branch_labels.py
[2026-05-29T10:07:55.404+0200] {processor.py:829} INFO - Processing file /home/frederic/airflow_venv/lib/python3.10/site-packages/airflow/example_dags/example_branch_labels.py for tasks to queue
[2026-05-29T10:07:55.405+0200] {logging_mixin.py:151} INFO - [2026-05-29T10:07:55.405+0200] {dagbag.py:539} INFO - Filling up the DagBag from /home/frederic/airflow_venv/lib/python3.10/site-packages/airflow/example_dags/example_branch_labels.py
[2026-05-29T10:07:55.413+0200] {processor.py:839} INFO - DAG(s) dict_keys(['example_branch_labels']) retrieved from /home/frederic/airflow_venv/lib/python3.10/site-packages/airflow/example_dags/example_branch_labels.py
[2026-05-29T10:07:55.428+0200] {logging_mixin.py:151} INFO - [2026-05-29T10:07:55.428+0200] {dag.py:2915} INFO - Sync 1 DAGs
[2026-05-29T10:07:55.449+0200] {logging_mixin.py:151} INFO - [2026-05-29T10:07:55.448+0200] {dag.py:3696} INFO - Setting next_dagrun for example_branch_labels to 2026-05-28T00:00:00+00:00, run_after=2026-05-29T00:00:00+00:00
[2026-05-29T10:07:55.465+0200] {processor.py:179} INFO - Processing /home/frederic/airflow_venv/lib/python3.10/site-packages/airflow/example_dags/example_branch_labels.py took 0.064 seconds
[2026-05-29T10:08:40.498+0200] {processor.py:157} INFO - Started process (PID=691863) to work on /home/frederic/airflow_venv/lib/python3.10/site-packages/airflow/example_dags/example_branch_labels.py
[2026-05-29T10:08:40.499+0200] {processor.py:829} INFO - Processing file /home/frederic/airflow_venv/lib/python3.10/site-packages/airflow/example_dags/example_branch_labels.py for tasks to queue
[2026-05-29T10:08:40.500+0200] {logging_mixin.py:151} INFO - [2026-05-29T10:08:40.499+0200] {dagbag.py:539} INFO - Filling up the DagBag from /home/frederic/airflow_venv/lib/python3.10/site-packages/airflow/example_dags/example_branch_labels.py
[2026-05-29T10:08:40.509+0200] {processor.py:839} INFO - DAG(s) dict_keys(['example_branch_labels']) retrieved from /home/frederic/airflow_venv/lib/python3.10/site-packages/airflow/example_dags/example_branch_labels.py
[2026-05-29T10:08:40.526+0200] {logging_mixin.py:151} INFO - [2026-05-29T10:08:40.526+0200] {dag.py:2915} INFO - Sync 1 DAGs
[2026-05-29T10:08:40.548+0200] {logging_mixin.py:151} INFO - [2026-05-29T10:08:40.547+0200] {dag.py:3696} INFO - Setting next_dagrun for example_branch_labels to 2026-05-28T00:00:00+00:00, run_after=2026-05-29T00:00:00+00:00
[2026-05-29T10:08:40.565+0200] {processor.py:179} INFO - Processing /home/frederic/airflow_venv/lib/python3.10/site-packages/airflow/example_dags/example_branch_labels.py took 0.072 seconds
[2026-05-29T10:09:26.783+0200] {processor.py:157} INFO - Started process (PID=692468) to work on /home/frederic/airflow_venv/lib/python3.10/site-packages/airflow/example_dags/example_branch_labels.py
[2026-05-29T10:09:26.786+0200] {processor.py:829} INFO - Processing file /home/frederic/airflow_venv/lib/python3.10/site-packages/airflow/example_dags/example_branch_labels.py for tasks to queue
[2026-05-29T10:09:26.787+0200] {logging_mixin.py:151} INFO - [2026-05-29T10:09:26.787+0200] {dagbag.py:539} INFO - Filling up the DagBag from /home/frederic/airflow_venv/lib/python3.10/site-packages/airflow/example_dags/example_branch_labels.py
[2026-05-29T10:09:26.794+0200] {processor.py:839} INFO - DAG(s) dict_keys(['example_branch_labels']) retrieved from /home/frederic/airflow_venv/lib/python3.10/site-packages/airflow/example_dags/example_branch_labels.py
[2026-05-29T10:09:26.811+0200] {logging_mixin.py:151} INFO - [2026-05-29T10:09:26.811+0200] {dag.py:2915} INFO - Sync 1 DAGs
[2026-05-29T10:09:26.831+0200] {logging_mixin.py:151} INFO - [2026-05-29T10:09:26.831+0200] {dag.py:3696} INFO - Setting next_dagrun for example_branch_labels to 2026-05-28T00:00:00+00:00, run_after=2026-05-29T00:00:00+00:00
[2026-05-29T10:09:26.846+0200] {processor.py:179} INFO - Processing /home/frederic/airflow_venv/lib/python3.10/site-packages/airflow/example_dags/example_branch_labels.py took 0.067 seconds
[2026-05-29T10:10:17.692+0200] {processor.py:157} INFO - Started process (PID=693132) to work on /home/frederic/airflow_venv/lib/python3.10/site-packages/airflow/example_dags/example_branch_labels.py
[2026-05-29T10:10:17.693+0200] {processor.py:829} INFO - Processing file /home/frederic/airflow_venv/lib/python3.10/site-packages/airflow/example_dags/example_branch_labels.py for tasks to queue
[2026-05-29T10:10:17.693+0200] {logging_mixin.py:151} INFO - [2026-05-29T10:10:17.693+0200] {dagbag.py:539} INFO - Filling up the DagBag from /home/frederic/airflow_venv/lib/python3.10/site-packages/airflow/example_dags/example_branch_labels.py
[2026-05-29T10:10:17.702+0200] {processor.py:839} INFO - DAG(s) dict_keys(['example_branch_labels']) retrieved from /home/frederic/airflow_venv/lib/python3.10/site-packages/airflow/example_dags/example_branch_labels.py
[2026-05-29T10:10:17.721+0200] {logging_mixin.py:151} INFO - [2026-05-29T10:10:17.721+0200] {dag.py:2915} INFO - Sync 1 DAGs
[2026-05-29T10:10:17.745+0200] {logging_mixin.py:151} INFO - [2026-05-29T10:10:17.744+0200] {dag.py:3696} INFO - Setting next_dagrun for example_branch_labels to 2026-05-28T00:00:00+00:00, run_after=2026-05-29T00:00:00+00:00
[2026-05-29T10:10:17.760+0200] {processor.py:179} INFO - Processing /home/frederic/airflow_venv/lib/python3.10/site-packages/airflow/example_dags/example_branch_labels.py took 0.071 seconds
[2026-05-29T10:11:05.584+0200] {processor.py:157} INFO - Started process (PID=694162) to work on /home/frederic/airflow_venv/lib/python3.10/site-packages/airflow/example_dags/example_branch_labels.py
[2026-05-29T10:11:05.584+0200] {processor.py:829} INFO - Processing file /home/frederic/airflow_venv/lib/python3.10/site-packages/airflow/example_dags/example_branch_labels.py for tasks to queue
[2026-05-29T10:11:05.585+0200] {logging_mixin.py:151} INFO - [2026-05-29T10:11:05.585+0200] {dagbag.py:539} INFO - Filling up the DagBag from /home/frederic/airflow_venv/lib/python3.10/site-packages/airflow/example_dags/example_branch_labels.py
[2026-05-29T10:11:05.595+0200] {processor.py:839} INFO - DAG(s) dict_keys(['example_branch_labels']) retrieved from /home/frederic/airflow_venv/lib/python3.10/site-packages/airflow/example_dags/example_branch_labels.py
[2026-05-29T10:11:05.611+0200] {logging_mixin.py:151} INFO - [2026-05-29T10:11:05.610+0200] {dag.py:2915} INFO - Sync 1 DAGs
[2026-05-29T10:11:05.630+0200] {logging_mixin.py:151} INFO - [2026-05-29T10:11:05.630+0200] {dag.py:3696} INFO - Setting next_dagrun for example_branch_labels to 2026-05-28T00:00:00+00:00, run_after=2026-05-29T00:00:00+00:00
[2026-05-29T10:11:05.648+0200] {processor.py:179} INFO - Processing /home/frederic/airflow_venv/lib/python3.10/site-packages/airflow/example_dags/example_branch_labels.py took 0.066 seconds
[2026-05-29T10:11:54.909+0200] {processor.py:157} INFO - Started process (PID=695142) to work on /home/frederic/airflow_venv/lib/python3.10/site-packages/airflow/example_dags/example_branch_labels.py
[2026-05-29T10:11:54.910+0200] {processor.py:829} INFO - Processing file /home/frederic/airflow_venv/lib/python3.10/site-packages/airflow/example_dags/example_branch_labels.py for tasks to queue
[2026-05-29T10:11:54.911+0200] {logging_mixin.py:151} INFO - [2026-05-29T10:11:54.911+0200] {dagbag.py:539} INFO - Filling up the DagBag from /home/frederic/airflow_venv/lib/python3.10/site-packages/airflow/example_dags/example_branch_labels.py
[2026-05-29T10:11:54.922+0200] {processor.py:839} INFO - DAG(s) dict_keys(['example_branch_labels']) retrieved from /home/frederic/airflow_venv/lib/python3.10/site-packages/airflow/example_dags/example_branch_labels.py
[2026-05-29T10:11:54.942+0200] {logging_mixin.py:151} INFO - [2026-05-29T10:11:54.942+0200] {dag.py:2915} INFO - Sync 1 DAGs
[2026-05-29T10:11:54.964+0200] {logging_mixin.py:151} INFO - [2026-05-29T10:11:54.964+0200] {dag.py:3696} INFO - Setting next_dagrun for example_branch_labels to 2026-05-28T00:00:00+00:00, run_after=2026-05-29T00:00:00+00:00
[2026-05-29T10:11:54.994+0200] {processor.py:179} INFO - Processing /home/frederic/airflow_venv/lib/python3.10/site-packages/airflow/example_dags/example_branch_labels.py took 0.089 seconds
[2026-05-29T10:12:36.783+0200] {processor.py:157} INFO - Started process (PID=695590) to work on /home/frederic/airflow_venv/lib/python3.10/site-packages/airflow/example_dags/example_branch_labels.py
[2026-05-29T10:12:36.784+0200] {processor.py:829} INFO - Processing file /home/frederic/airflow_venv/lib/python3.10/site-packages/airflow/example_dags/example_branch_labels.py for tasks to queue
[2026-05-29T10:12:36.785+0200] {logging_mixin.py:151} INFO - [2026-05-29T10:12:36.785+0200] {dagbag.py:539} INFO - Filling up the DagBag from /home/frederic/airflow_venv/lib/python3.10/site-packages/airflow/example_dags/example_branch_labels.py
[2026-05-29T10:12:36.792+0200] {processor.py:839} INFO - DAG(s) dict_keys(['example_branch_labels']) retrieved from /home/frederic/airflow_venv/lib/python3.10/site-packages/airflow/example_dags/example_branch_labels.py
[2026-05-29T10:12:36.805+0200] {logging_mixin.py:151} INFO - [2026-05-29T10:12:36.805+0200] {dag.py:2915} INFO - Sync 1 DAGs
[2026-05-29T10:12:36.821+0200] {logging_mixin.py:151} INFO - [2026-05-29T10:12:36.821+0200] {dag.py:3696} INFO - Setting next_dagrun for example_branch_labels to 2026-05-28T00:00:00+00:00, run_after=2026-05-29T00:00:00+00:00
[2026-05-29T10:12:36.837+0200] {processor.py:179} INFO - Processing /home/frederic/airflow_venv/lib/python3.10/site-packages/airflow/example_dags/example_branch_labels.py took 0.056 seconds
[2026-05-29T10:13:30.433+0200] {processor.py:157} INFO - Started process (PID=696185) to work on /home/frederic/airflow_venv/lib/python3.10/site-packages/airflow/example_dags/example_branch_labels.py
[2026-05-29T10:13:30.434+0200] {processor.py:829} INFO - Processing file /home/frederic/airflow_venv/lib/python3.10/site-packages/airflow/example_dags/example_branch_labels.py for tasks to queue
[2026-05-29T10:13:30.435+0200] {logging_mixin.py:151} INFO - [2026-05-29T10:13:30.435+0200] {dagbag.py:539} INFO - Filling up the DagBag from /home/frederic/airflow_venv/lib/python3.10/site-packages/airflow/example_dags/example_branch_labels.py
[2026-05-29T10:13:30.442+0200] {processor.py:839} INFO - DAG(s) dict_keys(['example_branch_labels']) retrieved from /home/frederic/airflow_venv/lib/python3.10/site-packages/airflow/example_dags/example_branch_labels.py
[2026-05-29T10:13:30.456+0200] {logging_mixin.py:151} INFO - [2026-05-29T10:13:30.456+0200] {dag.py:2915} INFO - Sync 1 DAGs
[2026-05-29T10:13:30.473+0200] {logging_mixin.py:151} INFO - [2026-05-29T10:13:30.473+0200] {dag.py:3696} INFO - Setting next_dagrun for example_branch_labels to 2026-05-28T00:00:00+00:00, run_after=2026-05-29T00:00:00+00:00
[2026-05-29T10:13:30.487+0200] {processor.py:179} INFO - Processing /home/frederic/airflow_venv/lib/python3.10/site-packages/airflow/example_dags/example_branch_labels.py took 0.056 seconds
[2026-05-29T10:14:22.718+0200] {processor.py:157} INFO - Started process (PID=696806) to work on /home/frederic/airflow_venv/lib/python3.10/site-packages/airflow/example_dags/example_branch_labels.py
[2026-05-29T10:14:22.719+0200] {processor.py:829} INFO - Processing file /home/frederic/airflow_venv/lib/python3.10/site-packages/airflow/example_dags/example_branch_labels.py for tasks to queue
[2026-05-29T10:14:22.720+0200] {logging_mixin.py:151} INFO - [2026-05-29T10:14:22.719+0200] {dagbag.py:539} INFO - Filling up the DagBag from /home/frederic/airflow_venv/lib/python3.10/site-packages/airflow/example_dags/example_branch_labels.py
[2026-05-29T10:14:22.726+0200] {processor.py:839} INFO - DAG(s) dict_keys(['example_branch_labels']) retrieved from /home/frederic/airflow_venv/lib/python3.10/site-packages/airflow/example_dags/example_branch_labels.py
[2026-05-29T10:14:22.739+0200] {logging_mixin.py:151} INFO - [2026-05-29T10:14:22.739+0200] {dag.py:2915} INFO - Sync 1 DAGs
[2026-05-29T10:14:22.755+0200] {logging_mixin.py:151} INFO - [2026-05-29T10:14:22.755+0200] {dag.py:3696} INFO - Setting next_dagrun for example_branch_labels to 2026-05-28T00:00:00+00:00, run_after=2026-05-29T00:00:00+00:00
[2026-05-29T10:14:22.770+0200] {processor.py:179} INFO - Processing /home/frederic/airflow_venv/lib/python3.10/site-packages/airflow/example_dags/example_branch_labels.py took 0.054 seconds
[2026-05-29T10:15:11.221+0200] {processor.py:157} INFO - Started process (PID=697422) to work on /home/frederic/airflow_venv/lib/python3.10/site-packages/airflow/example_dags/example_branch_labels.py
[2026-05-29T10:15:11.222+0200] {processor.py:829} INFO - Processing file /home/frederic/airflow_venv/lib/python3.10/site-packages/airflow/example_dags/example_branch_labels.py for tasks to queue
[2026-05-29T10:15:11.223+0200] {logging_mixin.py:151} INFO - [2026-05-29T10:15:11.222+0200] {dagbag.py:539} INFO - Filling up the DagBag from /home/frederic/airflow_venv/lib/python3.10/site-packages/airflow/example_dags/example_branch_labels.py
[2026-05-29T10:15:11.229+0200] {processor.py:839} INFO - DAG(s) dict_keys(['example_branch_labels']) retrieved from /home/frederic/airflow_venv/lib/python3.10/site-packages/airflow/example_dags/example_branch_labels.py
[2026-05-29T10:15:11.243+0200] {logging_mixin.py:151} INFO - [2026-05-29T10:15:11.243+0200] {dag.py:2915} INFO - Sync 1 DAGs
[2026-05-29T10:15:11.260+0200] {logging_mixin.py:151} INFO - [2026-05-29T10:15:11.260+0200] {dag.py:3696} INFO - Setting next_dagrun for example_branch_labels to 2026-05-28T00:00:00+00:00, run_after=2026-05-29T00:00:00+00:00
[2026-05-29T10:15:11.274+0200] {processor.py:179} INFO - Processing /home/frederic/airflow_venv/lib/python3.10/site-packages/airflow/example_dags/example_branch_labels.py took 0.055 seconds
[2026-05-29T10:15:59.866+0200] {processor.py:157} INFO - Started process (PID=698340) to work on /home/frederic/airflow_venv/lib/python3.10/site-packages/airflow/example_dags/example_branch_labels.py
[2026-05-29T10:15:59.867+0200] {processor.py:829} INFO - Processing file /home/frederic/airflow_venv/lib/python3.10/site-packages/airflow/example_dags/example_branch_labels.py for tasks to queue
[2026-05-29T10:15:59.868+0200] {logging_mixin.py:151} INFO - [2026-05-29T10:15:59.868+0200] {dagbag.py:539} INFO - Filling up the DagBag from /home/frederic/airflow_venv/lib/python3.10/site-packages/airflow/example_dags/example_branch_labels.py
[2026-05-29T10:15:59.875+0200] {processor.py:839} INFO - DAG(s) dict_keys(['example_branch_labels']) retrieved from /home/frederic/airflow_venv/lib/python3.10/site-packages/airflow/example_dags/example_branch_labels.py
[2026-05-29T10:15:59.890+0200] {logging_mixin.py:151} INFO - [2026-05-29T10:15:59.889+0200] {dag.py:2915} INFO - Sync 1 DAGs
[2026-05-29T10:15:59.907+0200] {logging_mixin.py:151} INFO - [2026-05-29T10:15:59.907+0200] {dag.py:3696} INFO - Setting next_dagrun for example_branch_labels to 2026-05-28T00:00:00+00:00, run_after=2026-05-29T00:00:00+00:00
[2026-05-29T10:15:59.921+0200] {processor.py:179} INFO - Processing /home/frederic/airflow_venv/lib/python3.10/site-packages/airflow/example_dags/example_branch_labels.py took 0.057 seconds
[2026-05-29T10:16:47.138+0200] {processor.py:157} INFO - Started process (PID=698920) to work on /home/frederic/airflow_venv/lib/python3.10/site-packages/airflow/example_dags/example_branch_labels.py
[2026-05-29T10:16:47.138+0200] {processor.py:829} INFO - Processing file /home/frederic/airflow_venv/lib/python3.10/site-packages/airflow/example_dags/example_branch_labels.py for tasks to queue
[2026-05-29T10:16:47.139+0200] {logging_mixin.py:151} INFO - [2026-05-29T10:16:47.139+0200] {dagbag.py:539} INFO - Filling up the DagBag from /home/frederic/airflow_venv/lib/python3.10/site-packages/airflow/example_dags/example_branch_labels.py
[2026-05-29T10:16:47.145+0200] {processor.py:839} INFO - DAG(s) dict_keys(['example_branch_labels']) retrieved from /home/frederic/airflow_venv/lib/python3.10/site-packages/airflow/example_dags/example_branch_labels.py
[2026-05-29T10:16:47.169+0200] {logging_mixin.py:151} INFO - [2026-05-29T10:16:47.169+0200] {dag.py:2915} INFO - Sync 1 DAGs
[2026-05-29T10:16:47.192+0200] {logging_mixin.py:151} INFO - [2026-05-29T10:16:47.191+0200] {dag.py:3696} INFO - Setting next_dagrun for example_branch_labels to 2026-05-28T00:00:00+00:00, run_after=2026-05-29T00:00:00+00:00
[2026-05-29T10:16:47.207+0200] {processor.py:179} INFO - Processing /home/frederic/airflow_venv/lib/python3.10/site-packages/airflow/example_dags/example_branch_labels.py took 0.072 seconds
[2026-05-29T10:17:31.002+0200] {processor.py:157} INFO - Started process (PID=700056) to work on /home/frederic/airflow_venv/lib/python3.10/site-packages/airflow/example_dags/example_branch_labels.py
[2026-05-29T10:17:31.003+0200] {processor.py:829} INFO - Processing file /home/frederic/airflow_venv/lib/python3.10/site-packages/airflow/example_dags/example_branch_labels.py for tasks to queue
[2026-05-29T10:17:31.003+0200] {logging_mixin.py:151} INFO - [2026-05-29T10:17:31.003+0200] {dagbag.py:539} INFO - Filling up the DagBag from /home/frederic/airflow_venv/lib/python3.10/site-packages/airflow/example_dags/example_branch_labels.py
[2026-05-29T10:17:31.009+0200] {processor.py:839} INFO - DAG(s) dict_keys(['example_branch_labels']) retrieved from /home/frederic/airflow_venv/lib/python3.10/site-packages/airflow/example_dags/example_branch_labels.py
[2026-05-29T10:17:31.022+0200] {logging_mixin.py:151} INFO - [2026-05-29T10:17:31.022+0200] {dag.py:2915} INFO - Sync 1 DAGs
[2026-05-29T10:17:31.039+0200] {logging_mixin.py:151} INFO - [2026-05-29T10:17:31.039+0200] {dag.py:3696} INFO - Setting next_dagrun for example_branch_labels to 2026-05-28T00:00:00+00:00, run_after=2026-05-29T00:00:00+00:00
[2026-05-29T10:17:31.057+0200] {processor.py:179} INFO - Processing /home/frederic/airflow_venv/lib/python3.10/site-packages/airflow/example_dags/example_branch_labels.py took 0.058 seconds
[2026-05-29T10:18:19.518+0200] {processor.py:157} INFO - Started process (PID=700801) to work on /home/frederic/airflow_venv/lib/python3.10/site-packages/airflow/example_dags/example_branch_labels.py
[2026-05-29T10:18:19.518+0200] {processor.py:829} INFO - Processing file /home/frederic/airflow_venv/lib/python3.10/site-packages/airflow/example_dags/example_branch_labels.py for tasks to queue
[2026-05-29T10:18:19.519+0200] {logging_mixin.py:151} INFO - [2026-05-29T10:18:19.519+0200] {dagbag.py:539} INFO - Filling up the DagBag from /home/frederic/airflow_venv/lib/python3.10/site-packages/airflow/example_dags/example_branch_labels.py
[2026-05-29T10:18:19.526+0200] {processor.py:839} INFO - DAG(s) dict_keys(['example_branch_labels']) retrieved from /home/frederic/airflow_venv/lib/python3.10/site-packages/airflow/example_dags/example_branch_labels.py
[2026-05-29T10:18:19.540+0200] {logging_mixin.py:151} INFO - [2026-05-29T10:18:19.540+0200] {dag.py:2915} INFO - Sync 1 DAGs
[2026-05-29T10:18:19.556+0200] {logging_mixin.py:151} INFO - [2026-05-29T10:18:19.556+0200] {dag.py:3696} INFO - Setting next_dagrun for example_branch_labels to 2026-05-28T00:00:00+00:00, run_after=2026-05-29T00:00:00+00:00
[2026-05-29T10:18:19.569+0200] {processor.py:179} INFO - Processing /home/frederic/airflow_venv/lib/python3.10/site-packages/airflow/example_dags/example_branch_labels.py took 0.054 seconds
[2026-05-29T10:19:04.937+0200] {processor.py:157} INFO - Started process (PID=701263) to work on /home/frederic/airflow_venv/lib/python3.10/site-packages/airflow/example_dags/example_branch_labels.py
[2026-05-29T10:19:04.938+0200] {processor.py:829} INFO - Processing file /home/frederic/airflow_venv/lib/python3.10/site-packages/airflow/example_dags/example_branch_labels.py for tasks to queue
[2026-05-29T10:19:04.938+0200] {logging_mixin.py:151} INFO - [2026-05-29T10:19:04.938+0200] {dagbag.py:539} INFO - Filling up the DagBag from /home/frederic/airflow_venv/lib/python3.10/site-packages/airflow/example_dags/example_branch_labels.py
[2026-05-29T10:19:04.946+0200] {processor.py:839} INFO - DAG(s) dict_keys(['example_branch_labels']) retrieved from /home/frederic/airflow_venv/lib/python3.10/site-packages/airflow/example_dags/example_branch_labels.py
[2026-05-29T10:19:04.960+0200] {logging_mixin.py:151} INFO - [2026-05-29T10:19:04.960+0200] {dag.py:2915} INFO - Sync 1 DAGs
[2026-05-29T10:19:04.977+0200] {logging_mixin.py:151} INFO - [2026-05-29T10:19:04.976+0200] {dag.py:3696} INFO - Setting next_dagrun for example_branch_labels to 2026-05-28T00:00:00+00:00, run_after=2026-05-29T00:00:00+00:00
[2026-05-29T10:19:04.990+0200] {processor.py:179} INFO - Processing /home/frederic/airflow_venv/lib/python3.10/site-packages/airflow/example_dags/example_branch_labels.py took 0.056 seconds
[2026-05-29T10:19:53.234+0200] {processor.py:157} INFO - Started process (PID=701681) to work on /home/frederic/airflow_venv/lib/python3.10/site-packages/airflow/example_dags/example_branch_labels.py
[2026-05-29T10:19:53.235+0200] {processor.py:829} INFO - Processing file /home/frederic/airflow_venv/lib/python3.10/site-packages/airflow/example_dags/example_branch_labels.py for tasks to queue
[2026-05-29T10:19:53.236+0200] {logging_mixin.py:151} INFO - [2026-05-29T10:19:53.236+0200] {dagbag.py:539} INFO - Filling up the DagBag from /home/frederic/airflow_venv/lib/python3.10/site-packages/airflow/example_dags/example_branch_labels.py
[2026-05-29T10:19:53.242+0200] {processor.py:839} INFO - DAG(s) dict_keys(['example_branch_labels']) retrieved from /home/frederic/airflow_venv/lib/python3.10/site-packages/airflow/example_dags/example_branch_labels.py
[2026-05-29T10:19:53.255+0200] {logging_mixin.py:151} INFO - [2026-05-29T10:19:53.255+0200] {dag.py:2915} INFO - Sync 1 DAGs
[2026-05-29T10:19:53.270+0200] {logging_mixin.py:151} INFO - [2026-05-29T10:19:53.270+0200] {dag.py:3696} INFO - Setting next_dagrun for example_branch_labels to 2026-05-28T00:00:00+00:00, run_after=2026-05-29T00:00:00+00:00
[2026-05-29T10:19:53.284+0200] {processor.py:179} INFO - Processing /home/frederic/airflow_venv/lib/python3.10/site-packages/airflow/example_dags/example_branch_labels.py took 0.052 seconds
[2026-05-29T10:20:43.216+0200] {processor.py:157} INFO - Started process (PID=702352) to work on /home/frederic/airflow_venv/lib/python3.10/site-packages/airflow/example_dags/example_branch_labels.py
[2026-05-29T10:20:43.217+0200] {processor.py:829} INFO - Processing file /home/frederic/airflow_venv/lib/python3.10/site-packages/airflow/example_dags/example_branch_labels.py for tasks to queue
[2026-05-29T10:20:43.218+0200] {logging_mixin.py:151} INFO - [2026-05-29T10:20:43.218+0200] {dagbag.py:539} INFO - Filling up the DagBag from /home/frederic/airflow_venv/lib/python3.10/site-packages/airflow/example_dags/example_branch_labels.py
[2026-05-29T10:20:43.224+0200] {processor.py:839} INFO - DAG(s) dict_keys(['example_branch_labels']) retrieved from /home/frederic/airflow_venv/lib/python3.10/site-packages/airflow/example_dags/example_branch_labels.py
[2026-05-29T10:20:43.238+0200] {logging_mixin.py:151} INFO - [2026-05-29T10:20:43.238+0200] {dag.py:2915} INFO - Sync 1 DAGs
[2026-05-29T10:20:43.255+0200] {logging_mixin.py:151} INFO - [2026-05-29T10:20:43.254+0200] {dag.py:3696} INFO - Setting next_dagrun for example_branch_labels to 2026-05-28T00:00:00+00:00, run_after=2026-05-29T00:00:00+00:00
[2026-05-29T10:20:43.269+0200] {processor.py:179} INFO - Processing /home/frederic/airflow_venv/lib/python3.10/site-packages/airflow/example_dags/example_branch_labels.py took 0.054 seconds
[2026-05-29T10:21:31.644+0200] {processor.py:157} INFO - Started process (PID=702846) to work on /home/frederic/airflow_venv/lib/python3.10/site-packages/airflow/example_dags/example_branch_labels.py
[2026-05-29T10:21:31.645+0200] {processor.py:829} INFO - Processing file /home/frederic/airflow_venv/lib/python3.10/site-packages/airflow/example_dags/example_branch_labels.py for tasks to queue
[2026-05-29T10:21:31.645+0200] {logging_mixin.py:151} INFO - [2026-05-29T10:21:31.645+0200] {dagbag.py:539} INFO - Filling up the DagBag from /home/frederic/airflow_venv/lib/python3.10/site-packages/airflow/example_dags/example_branch_labels.py
[2026-05-29T10:21:31.652+0200] {processor.py:839} INFO - DAG(s) dict_keys(['example_branch_labels']) retrieved from /home/frederic/airflow_venv/lib/python3.10/site-packages/airflow/example_dags/example_branch_labels.py
[2026-05-29T10:21:31.666+0200] {logging_mixin.py:151} INFO - [2026-05-29T10:21:31.666+0200] {dag.py:2915} INFO - Sync 1 DAGs
[2026-05-29T10:21:31.684+0200] {logging_mixin.py:151} INFO - [2026-05-29T10:21:31.684+0200] {dag.py:3696} INFO - Setting next_dagrun for example_branch_labels to 2026-05-28T00:00:00+00:00, run_after=2026-05-29T00:00:00+00:00
[2026-05-29T10:21:31.701+0200] {processor.py:179} INFO - Processing /home/frederic/airflow_venv/lib/python3.10/site-packages/airflow/example_dags/example_branch_labels.py took 0.060 seconds
[2026-05-29T10:22:17.900+0200] {processor.py:157} INFO - Started process (PID=703301) to work on /home/frederic/airflow_venv/lib/python3.10/site-packages/airflow/example_dags/example_branch_labels.py
[2026-05-29T10:22:17.902+0200] {processor.py:829} INFO - Processing file /home/frederic/airflow_venv/lib/python3.10/site-packages/airflow/example_dags/example_branch_labels.py for tasks to queue
[2026-05-29T10:22:17.902+0200] {logging_mixin.py:151} INFO - [2026-05-29T10:22:17.902+0200] {dagbag.py:539} INFO - Filling up the DagBag from /home/frederic/airflow_venv/lib/python3.10/site-packages/airflow/example_dags/example_branch_labels.py
[2026-05-29T10:22:17.909+0200] {processor.py:839} INFO - DAG(s) dict_keys(['example_branch_labels']) retrieved from /home/frederic/airflow_venv/lib/python3.10/site-packages/airflow/example_dags/example_branch_labels.py
[2026-05-29T10:22:17.923+0200] {logging_mixin.py:151} INFO - [2026-05-29T10:22:17.923+0200] {dag.py:2915} INFO - Sync 1 DAGs
[2026-05-29T10:22:17.939+0200] {logging_mixin.py:151} INFO - [2026-05-29T10:22:17.939+0200] {dag.py:3696} INFO - Setting next_dagrun for example_branch_labels to 2026-05-28T00:00:00+00:00, run_after=2026-05-29T00:00:00+00:00
[2026-05-29T10:22:17.954+0200] {processor.py:179} INFO - Processing /home/frederic/airflow_venv/lib/python3.10/site-packages/airflow/example_dags/example_branch_labels.py took 0.056 seconds
[2026-05-29T10:23:07.758+0200] {processor.py:157} INFO - Started process (PID=703919) to work on /home/frederic/airflow_venv/lib/python3.10/site-packages/airflow/example_dags/example_branch_labels.py
[2026-05-29T10:23:07.759+0200] {processor.py:829} INFO - Processing file /home/frederic/airflow_venv/lib/python3.10/site-packages/airflow/example_dags/example_branch_labels.py for tasks to queue
[2026-05-29T10:23:07.760+0200] {logging_mixin.py:151} INFO - [2026-05-29T10:23:07.760+0200] {dagbag.py:539} INFO - Filling up the DagBag from /home/frederic/airflow_venv/lib/python3.10/site-packages/airflow/example_dags/example_branch_labels.py
[2026-05-29T10:23:07.767+0200] {processor.py:839} INFO - DAG(s) dict_keys(['example_branch_labels']) retrieved from /home/frederic/airflow_venv/lib/python3.10/site-packages/airflow/example_dags/example_branch_labels.py
[2026-05-29T10:23:07.781+0200] {logging_mixin.py:151} INFO - [2026-05-29T10:23:07.780+0200] {dag.py:2915} INFO - Sync 1 DAGs
[2026-05-29T10:23:07.878+0200] {logging_mixin.py:151} INFO - [2026-05-29T10:23:07.878+0200] {dag.py:3696} INFO - Setting next_dagrun for example_branch_labels to 2026-05-28T00:00:00+00:00, run_after=2026-05-29T00:00:00+00:00
[2026-05-29T10:23:07.892+0200] {processor.py:179} INFO - Processing /home/frederic/airflow_venv/lib/python3.10/site-packages/airflow/example_dags/example_branch_labels.py took 0.135 seconds
[2026-05-29T10:23:56.888+0200] {processor.py:157} INFO - Started process (PID=704365) to work on /home/frederic/airflow_venv/lib/python3.10/site-packages/airflow/example_dags/example_branch_labels.py
[2026-05-29T10:23:56.889+0200] {processor.py:829} INFO - Processing file /home/frederic/airflow_venv/lib/python3.10/site-packages/airflow/example_dags/example_branch_labels.py for tasks to queue
[2026-05-29T10:23:56.890+0200] {logging_mixin.py:151} INFO - [2026-05-29T10:23:56.890+0200] {dagbag.py:539} INFO - Filling up the DagBag from /home/frederic/airflow_venv/lib/python3.10/site-packages/airflow/example_dags/example_branch_labels.py
[2026-05-29T10:23:56.898+0200] {processor.py:839} INFO - DAG(s) dict_keys(['example_branch_labels']) retrieved from /home/frederic/airflow_venv/lib/python3.10/site-packages/airflow/example_dags/example_branch_labels.py
[2026-05-29T10:23:56.912+0200] {logging_mixin.py:151} INFO - [2026-05-29T10:23:56.912+0200] {dag.py:2915} INFO - Sync 1 DAGs
[2026-05-29T10:23:56.929+0200] {logging_mixin.py:151} INFO - [2026-05-29T10:23:56.929+0200] {dag.py:3696} INFO - Setting next_dagrun for example_branch_labels to 2026-05-28T00:00:00+00:00, run_after=2026-05-29T00:00:00+00:00
[2026-05-29T10:23:56.944+0200] {processor.py:179} INFO - Processing /home/frederic/airflow_venv/lib/python3.10/site-packages/airflow/example_dags/example_branch_labels.py took 0.059 seconds
[2026-05-29T10:24:50.595+0200] {processor.py:157} INFO - Started process (PID=704906) to work on /home/frederic/airflow_venv/lib/python3.10/site-packages/airflow/example_dags/example_branch_labels.py
[2026-05-29T10:24:50.596+0200] {processor.py:829} INFO - Processing file /home/frederic/airflow_venv/lib/python3.10/site-packages/airflow/example_dags/example_branch_labels.py for tasks to queue
[2026-05-29T10:24:50.597+0200] {logging_mixin.py:151} INFO - [2026-05-29T10:24:50.596+0200] {dagbag.py:539} INFO - Filling up the DagBag from /home/frederic/airflow_venv/lib/python3.10/site-packages/airflow/example_dags/example_branch_labels.py
[2026-05-29T10:24:50.605+0200] {processor.py:839} INFO - DAG(s) dict_keys(['example_branch_labels']) retrieved from /home/frederic/airflow_venv/lib/python3.10/site-packages/airflow/example_dags/example_branch_labels.py
[2026-05-29T10:24:50.620+0200] {logging_mixin.py:151} INFO - [2026-05-29T10:24:50.619+0200] {dag.py:2915} INFO - Sync 1 DAGs
[2026-05-29T10:24:50.641+0200] {logging_mixin.py:151} INFO - [2026-05-29T10:24:50.641+0200] {dag.py:3696} INFO - Setting next_dagrun for example_branch_labels to 2026-05-28T00:00:00+00:00, run_after=2026-05-29T00:00:00+00:00
[2026-05-29T10:24:50.661+0200] {processor.py:179} INFO - Processing /home/frederic/airflow_venv/lib/python3.10/site-packages/airflow/example_dags/example_branch_labels.py took 0.069 seconds
[2026-05-29T10:25:46.565+0200] {processor.py:157} INFO - Started process (PID=705451) to work on /home/frederic/airflow_venv/lib/python3.10/site-packages/airflow/example_dags/example_branch_labels.py
[2026-05-29T10:25:46.566+0200] {processor.py:829} INFO - Processing file /home/frederic/airflow_venv/lib/python3.10/site-packages/airflow/example_dags/example_branch_labels.py for tasks to queue
[2026-05-29T10:25:46.567+0200] {logging_mixin.py:151} INFO - [2026-05-29T10:25:46.566+0200] {dagbag.py:539} INFO - Filling up the DagBag from /home/frederic/airflow_venv/lib/python3.10/site-packages/airflow/example_dags/example_branch_labels.py
[2026-05-29T10:25:46.572+0200] {processor.py:839} INFO - DAG(s) dict_keys(['example_branch_labels']) retrieved from /home/frederic/airflow_venv/lib/python3.10/site-packages/airflow/example_dags/example_branch_labels.py
[2026-05-29T10:25:46.663+0200] {logging_mixin.py:151} INFO - [2026-05-29T10:25:46.663+0200] {dag.py:2915} INFO - Sync 1 DAGs
[2026-05-29T10:25:46.678+0200] {logging_mixin.py:151} INFO - [2026-05-29T10:25:46.678+0200] {dag.py:3696} INFO - Setting next_dagrun for example_branch_labels to 2026-05-28T00:00:00+00:00, run_after=2026-05-29T00:00:00+00:00
[2026-05-29T10:25:46.692+0200] {processor.py:179} INFO - Processing /home/frederic/airflow_venv/lib/python3.10/site-packages/airflow/example_dags/example_branch_labels.py took 0.129 seconds
[2026-05-29T10:26:37.466+0200] {processor.py:157} INFO - Started process (PID=705975) to work on /home/frederic/airflow_venv/lib/python3.10/site-packages/airflow/example_dags/example_branch_labels.py
[2026-05-29T10:26:37.468+0200] {processor.py:829} INFO - Processing file /home/frederic/airflow_venv/lib/python3.10/site-packages/airflow/example_dags/example_branch_labels.py for tasks to queue
[2026-05-29T10:26:37.469+0200] {logging_mixin.py:151} INFO - [2026-05-29T10:26:37.468+0200] {dagbag.py:539} INFO - Filling up the DagBag from /home/frederic/airflow_venv/lib/python3.10/site-packages/airflow/example_dags/example_branch_labels.py
[2026-05-29T10:26:37.475+0200] {processor.py:839} INFO - DAG(s) dict_keys(['example_branch_labels']) retrieved from /home/frederic/airflow_venv/lib/python3.10/site-packages/airflow/example_dags/example_branch_labels.py
[2026-05-29T10:26:37.490+0200] {logging_mixin.py:151} INFO - [2026-05-29T10:26:37.489+0200] {dag.py:2915} INFO - Sync 1 DAGs
[2026-05-29T10:26:37.584+0200] {logging_mixin.py:151} INFO - [2026-05-29T10:26:37.583+0200] {dag.py:3696} INFO - Setting next_dagrun for example_branch_labels to 2026-05-28T00:00:00+00:00, run_after=2026-05-29T00:00:00+00:00
[2026-05-29T10:26:37.597+0200] {processor.py:179} INFO - Processing /home/frederic/airflow_venv/lib/python3.10/site-packages/airflow/example_dags/example_branch_labels.py took 0.133 seconds
[2026-05-29T10:27:29.266+0200] {processor.py:157} INFO - Started process (PID=706503) to work on /home/frederic/airflow_venv/lib/python3.10/site-packages/airflow/example_dags/example_branch_labels.py
[2026-05-29T10:27:29.267+0200] {processor.py:829} INFO - Processing file /home/frederic/airflow_venv/lib/python3.10/site-packages/airflow/example_dags/example_branch_labels.py for tasks to queue
[2026-05-29T10:27:29.268+0200] {logging_mixin.py:151} INFO - [2026-05-29T10:27:29.267+0200] {dagbag.py:539} INFO - Filling up the DagBag from /home/frederic/airflow_venv/lib/python3.10/site-packages/airflow/example_dags/example_branch_labels.py
[2026-05-29T10:27:29.275+0200] {processor.py:839} INFO - DAG(s) dict_keys(['example_branch_labels']) retrieved from /home/frederic/airflow_venv/lib/python3.10/site-packages/airflow/example_dags/example_branch_labels.py
[2026-05-29T10:27:29.296+0200] {logging_mixin.py:151} INFO - [2026-05-29T10:27:29.296+0200] {dag.py:2915} INFO - Sync 1 DAGs
[2026-05-29T10:27:29.317+0200] {logging_mixin.py:151} INFO - [2026-05-29T10:27:29.317+0200] {dag.py:3696} INFO - Setting next_dagrun for example_branch_labels to 2026-05-28T00:00:00+00:00, run_after=2026-05-29T00:00:00+00:00
[2026-05-29T10:27:29.334+0200] {processor.py:179} INFO - Processing /home/frederic/airflow_venv/lib/python3.10/site-packages/airflow/example_dags/example_branch_labels.py took 0.071 seconds
[2026-05-29T10:28:11.506+0200] {processor.py:157} INFO - Started process (PID=706981) to work on /home/frederic/airflow_venv/lib/python3.10/site-packages/airflow/example_dags/example_branch_labels.py
[2026-05-29T10:28:11.507+0200] {processor.py:829} INFO - Processing file /home/frederic/airflow_venv/lib/python3.10/site-packages/airflow/example_dags/example_branch_labels.py for tasks to queue
[2026-05-29T10:28:11.508+0200] {logging_mixin.py:151} INFO - [2026-05-29T10:28:11.507+0200] {dagbag.py:539} INFO - Filling up the DagBag from /home/frederic/airflow_venv/lib/python3.10/site-packages/airflow/example_dags/example_branch_labels.py
[2026-05-29T10:28:11.515+0200] {processor.py:839} INFO - DAG(s) dict_keys(['example_branch_labels']) retrieved from /home/frederic/airflow_venv/lib/python3.10/site-packages/airflow/example_dags/example_branch_labels.py
[2026-05-29T10:28:11.533+0200] {logging_mixin.py:151} INFO - [2026-05-29T10:28:11.533+0200] {dag.py:2915} INFO - Sync 1 DAGs
[2026-05-29T10:28:11.555+0200] {logging_mixin.py:151} INFO - [2026-05-29T10:28:11.555+0200] {dag.py:3696} INFO - Setting next_dagrun for example_branch_labels to 2026-05-28T00:00:00+00:00, run_after=2026-05-29T00:00:00+00:00
[2026-05-29T10:28:11.574+0200] {processor.py:179} INFO - Processing /home/frederic/airflow_venv/lib/python3.10/site-packages/airflow/example_dags/example_branch_labels.py took 0.071 seconds
[2026-05-29T10:28:59.994+0200] {processor.py:157} INFO - Started process (PID=707615) to work on /home/frederic/airflow_venv/lib/python3.10/site-packages/airflow/example_dags/example_branch_labels.py
[2026-05-29T10:28:59.995+0200] {processor.py:829} INFO - Processing file /home/frederic/airflow_venv/lib/python3.10/site-packages/airflow/example_dags/example_branch_labels.py for tasks to queue
[2026-05-29T10:28:59.996+0200] {logging_mixin.py:151} INFO - [2026-05-29T10:28:59.996+0200] {dagbag.py:539} INFO - Filling up the DagBag from /home/frederic/airflow_venv/lib/python3.10/site-packages/airflow/example_dags/example_branch_labels.py
[2026-05-29T10:29:00.002+0200] {processor.py:839} INFO - DAG(s) dict_keys(['example_branch_labels']) retrieved from /home/frederic/airflow_venv/lib/python3.10/site-packages/airflow/example_dags/example_branch_labels.py
[2026-05-29T10:29:00.018+0200] {logging_mixin.py:151} INFO - [2026-05-29T10:29:00.017+0200] {dag.py:2915} INFO - Sync 1 DAGs
[2026-05-29T10:29:00.037+0200] {logging_mixin.py:151} INFO - [2026-05-29T10:29:00.037+0200] {dag.py:3696} INFO - Setting next_dagrun for example_branch_labels to 2026-05-28T00:00:00+00:00, run_after=2026-05-29T00:00:00+00:00
[2026-05-29T10:29:00.051+0200] {processor.py:179} INFO - Processing /home/frederic/airflow_venv/lib/python3.10/site-packages/airflow/example_dags/example_branch_labels.py took 0.059 seconds
[2026-05-29T10:29:46.020+0200] {processor.py:157} INFO - Started process (PID=708142) to work on /home/frederic/airflow_venv/lib/python3.10/site-packages/airflow/example_dags/example_branch_labels.py
[2026-05-29T10:29:46.022+0200] {processor.py:829} INFO - Processing file /home/frederic/airflow_venv/lib/python3.10/site-packages/airflow/example_dags/example_branch_labels.py for tasks to queue
[2026-05-29T10:29:46.022+0200] {logging_mixin.py:151} INFO - [2026-05-29T10:29:46.022+0200] {dagbag.py:539} INFO - Filling up the DagBag from /home/frederic/airflow_venv/lib/python3.10/site-packages/airflow/example_dags/example_branch_labels.py
[2026-05-29T10:29:46.029+0200] {processor.py:839} INFO - DAG(s) dict_keys(['example_branch_labels']) retrieved from /home/frederic/airflow_venv/lib/python3.10/site-packages/airflow/example_dags/example_branch_labels.py
[2026-05-29T10:29:46.043+0200] {logging_mixin.py:151} INFO - [2026-05-29T10:29:46.043+0200] {dag.py:2915} INFO - Sync 1 DAGs
[2026-05-29T10:29:46.061+0200] {logging_mixin.py:151} INFO - [2026-05-29T10:29:46.061+0200] {dag.py:3696} INFO - Setting next_dagrun for example_branch_labels to 2026-05-28T00:00:00+00:00, run_after=2026-05-29T00:00:00+00:00
[2026-05-29T10:29:46.077+0200] {processor.py:179} INFO - Processing /home/frederic/airflow_venv/lib/python3.10/site-packages/airflow/example_dags/example_branch_labels.py took 0.059 seconds
[2026-05-29T10:30:35.386+0200] {processor.py:157} INFO - Started process (PID=708872) to work on /home/frederic/airflow_venv/lib/python3.10/site-packages/airflow/example_dags/example_branch_labels.py
[2026-05-29T10:30:35.387+0200] {processor.py:829} INFO - Processing file /home/frederic/airflow_venv/lib/python3.10/site-packages/airflow/example_dags/example_branch_labels.py for tasks to queue
[2026-05-29T10:30:35.388+0200] {logging_mixin.py:151} INFO - [2026-05-29T10:30:35.387+0200] {dagbag.py:539} INFO - Filling up the DagBag from /home/frederic/airflow_venv/lib/python3.10/site-packages/airflow/example_dags/example_branch_labels.py
[2026-05-29T10:30:35.394+0200] {processor.py:839} INFO - DAG(s) dict_keys(['example_branch_labels']) retrieved from /home/frederic/airflow_venv/lib/python3.10/site-packages/airflow/example_dags/example_branch_labels.py
[2026-05-29T10:30:35.411+0200] {logging_mixin.py:151} INFO - [2026-05-29T10:30:35.411+0200] {dag.py:2915} INFO - Sync 1 DAGs
[2026-05-29T10:30:35.430+0200] {logging_mixin.py:151} INFO - [2026-05-29T10:30:35.430+0200] {dag.py:3696} INFO - Setting next_dagrun for example_branch_labels to 2026-05-28T00:00:00+00:00, run_after=2026-05-29T00:00:00+00:00
[2026-05-29T10:30:35.448+0200] {processor.py:179} INFO - Processing /home/frederic/airflow_venv/lib/python3.10/site-packages/airflow/example_dags/example_branch_labels.py took 0.064 seconds
[2026-05-29T10:31:34.880+0200] {processor.py:157} INFO - Started process (PID=709485) to work on /home/frederic/airflow_venv/lib/python3.10/site-packages/airflow/example_dags/example_branch_labels.py
[2026-05-29T10:31:34.881+0200] {processor.py:829} INFO - Processing file /home/frederic/airflow_venv/lib/python3.10/site-packages/airflow/example_dags/example_branch_labels.py for tasks to queue
[2026-05-29T10:31:34.882+0200] {logging_mixin.py:151} INFO - [2026-05-29T10:31:34.881+0200] {dagbag.py:539} INFO - Filling up the DagBag from /home/frederic/airflow_venv/lib/python3.10/site-packages/airflow/example_dags/example_branch_labels.py
[2026-05-29T10:31:34.888+0200] {processor.py:839} INFO - DAG(s) dict_keys(['example_branch_labels']) retrieved from /home/frederic/airflow_venv/lib/python3.10/site-packages/airflow/example_dags/example_branch_labels.py
[2026-05-29T10:31:34.902+0200] {logging_mixin.py:151} INFO - [2026-05-29T10:31:34.902+0200] {dag.py:2915} INFO - Sync 1 DAGs
[2026-05-29T10:31:34.919+0200] {logging_mixin.py:151} INFO - [2026-05-29T10:31:34.919+0200] {dag.py:3696} INFO - Setting next_dagrun for example_branch_labels to 2026-05-28T00:00:00+00:00, run_after=2026-05-29T00:00:00+00:00
[2026-05-29T10:31:34.932+0200] {processor.py:179} INFO - Processing /home/frederic/airflow_venv/lib/python3.10/site-packages/airflow/example_dags/example_branch_labels.py took 0.055 seconds
[2026-05-29T10:32:19.995+0200] {processor.py:157} INFO - Started process (PID=710076) to work on /home/frederic/airflow_venv/lib/python3.10/site-packages/airflow/example_dags/example_branch_labels.py
[2026-05-29T10:32:19.996+0200] {processor.py:829} INFO - Processing file /home/frederic/airflow_venv/lib/python3.10/site-packages/airflow/example_dags/example_branch_labels.py for tasks to queue
[2026-05-29T10:32:19.996+0200] {logging_mixin.py:151} INFO - [2026-05-29T10:32:19.996+0200] {dagbag.py:539} INFO - Filling up the DagBag from /home/frederic/airflow_venv/lib/python3.10/site-packages/airflow/example_dags/example_branch_labels.py
[2026-05-29T10:32:20.003+0200] {processor.py:839} INFO - DAG(s) dict_keys(['example_branch_labels']) retrieved from /home/frederic/airflow_venv/lib/python3.10/site-packages/airflow/example_dags/example_branch_labels.py
[2026-05-29T10:32:20.017+0200] {logging_mixin.py:151} INFO - [2026-05-29T10:32:20.016+0200] {dag.py:2915} INFO - Sync 1 DAGs
[2026-05-29T10:32:20.035+0200] {logging_mixin.py:151} INFO - [2026-05-29T10:32:20.035+0200] {dag.py:3696} INFO - Setting next_dagrun for example_branch_labels to 2026-05-28T00:00:00+00:00, run_after=2026-05-29T00:00:00+00:00
[2026-05-29T10:32:20.049+0200] {processor.py:179} INFO - Processing /home/frederic/airflow_venv/lib/python3.10/site-packages/airflow/example_dags/example_branch_labels.py took 0.056 seconds
[2026-05-29T10:33:06.132+0200] {processor.py:157} INFO - Started process (PID=710732) to work on /home/frederic/airflow_venv/lib/python3.10/site-packages/airflow/example_dags/example_branch_labels.py
[2026-05-29T10:33:06.133+0200] {processor.py:829} INFO - Processing file /home/frederic/airflow_venv/lib/python3.10/site-packages/airflow/example_dags/example_branch_labels.py for tasks to queue
[2026-05-29T10:33:06.133+0200] {logging_mixin.py:151} INFO - [2026-05-29T10:33:06.133+0200] {dagbag.py:539} INFO - Filling up the DagBag from /home/frederic/airflow_venv/lib/python3.10/site-packages/airflow/example_dags/example_branch_labels.py
[2026-05-29T10:33:06.140+0200] {processor.py:839} INFO - DAG(s) dict_keys(['example_branch_labels']) retrieved from /home/frederic/airflow_venv/lib/python3.10/site-packages/airflow/example_dags/example_branch_labels.py
[2026-05-29T10:33:06.152+0200] {logging_mixin.py:151} INFO - [2026-05-29T10:33:06.152+0200] {dag.py:2915} INFO - Sync 1 DAGs
[2026-05-29T10:33:06.167+0200] {logging_mixin.py:151} INFO - [2026-05-29T10:33:06.167+0200] {dag.py:3696} INFO - Setting next_dagrun for example_branch_labels to 2026-05-28T00:00:00+00:00, run_after=2026-05-29T00:00:00+00:00
[2026-05-29T10:33:06.181+0200] {processor.py:179} INFO - Processing /home/frederic/airflow_venv/lib/python3.10/site-packages/airflow/example_dags/example_branch_labels.py took 0.052 seconds
[2026-05-29T10:33:53.426+0200] {processor.py:157} INFO - Started process (PID=711558) to work on /home/frederic/airflow_venv/lib/python3.10/site-packages/airflow/example_dags/example_branch_labels.py
[2026-05-29T10:33:53.427+0200] {processor.py:829} INFO - Processing file /home/frederic/airflow_venv/lib/python3.10/site-packages/airflow/example_dags/example_branch_labels.py for tasks to queue
[2026-05-29T10:33:53.428+0200] {logging_mixin.py:151} INFO - [2026-05-29T10:33:53.427+0200] {dagbag.py:539} INFO - Filling up the DagBag from /home/frederic/airflow_venv/lib/python3.10/site-packages/airflow/example_dags/example_branch_labels.py
[2026-05-29T10:33:53.434+0200] {processor.py:839} INFO - DAG(s) dict_keys(['example_branch_labels']) retrieved from /home/frederic/airflow_venv/lib/python3.10/site-packages/airflow/example_dags/example_branch_labels.py
[2026-05-29T10:33:53.449+0200] {logging_mixin.py:151} INFO - [2026-05-29T10:33:53.449+0200] {dag.py:2915} INFO - Sync 1 DAGs
[2026-05-29T10:33:53.466+0200] {logging_mixin.py:151} INFO - [2026-05-29T10:33:53.466+0200] {dag.py:3696} INFO - Setting next_dagrun for example_branch_labels to 2026-05-28T00:00:00+00:00, run_after=2026-05-29T00:00:00+00:00
[2026-05-29T10:33:53.480+0200] {processor.py:179} INFO - Processing /home/frederic/airflow_venv/lib/python3.10/site-packages/airflow/example_dags/example_branch_labels.py took 0.057 seconds
[2026-05-29T10:34:49.173+0200] {processor.py:157} INFO - Started process (PID=712164) to work on /home/frederic/airflow_venv/lib/python3.10/site-packages/airflow/example_dags/example_branch_labels.py
[2026-05-29T10:34:49.174+0200] {processor.py:829} INFO - Processing file /home/frederic/airflow_venv/lib/python3.10/site-packages/airflow/example_dags/example_branch_labels.py for tasks to queue
[2026-05-29T10:34:49.174+0200] {logging_mixin.py:151} INFO - [2026-05-29T10:34:49.174+0200] {dagbag.py:539} INFO - Filling up the DagBag from /home/frederic/airflow_venv/lib/python3.10/site-packages/airflow/example_dags/example_branch_labels.py
[2026-05-29T10:34:49.181+0200] {processor.py:839} INFO - DAG(s) dict_keys(['example_branch_labels']) retrieved from /home/frederic/airflow_venv/lib/python3.10/site-packages/airflow/example_dags/example_branch_labels.py
[2026-05-29T10:34:49.195+0200] {logging_mixin.py:151} INFO - [2026-05-29T10:34:49.195+0200] {dag.py:2915} INFO - Sync 1 DAGs
[2026-05-29T10:34:49.214+0200] {logging_mixin.py:151} INFO - [2026-05-29T10:34:49.214+0200] {dag.py:3696} INFO - Setting next_dagrun for example_branch_labels to 2026-05-28T00:00:00+00:00, run_after=2026-05-29T00:00:00+00:00
[2026-05-29T10:34:49.229+0200] {processor.py:179} INFO - Processing /home/frederic/airflow_venv/lib/python3.10/site-packages/airflow/example_dags/example_branch_labels.py took 0.058 seconds
[2026-05-29T10:35:39.393+0200] {processor.py:157} INFO - Started process (PID=712686) to work on /home/frederic/airflow_venv/lib/python3.10/site-packages/airflow/example_dags/example_branch_labels.py
[2026-05-29T10:35:39.394+0200] {processor.py:829} INFO - Processing file /home/frederic/airflow_venv/lib/python3.10/site-packages/airflow/example_dags/example_branch_labels.py for tasks to queue
[2026-05-29T10:35:39.395+0200] {logging_mixin.py:151} INFO - [2026-05-29T10:35:39.394+0200] {dagbag.py:539} INFO - Filling up the DagBag from /home/frederic/airflow_venv/lib/python3.10/site-packages/airflow/example_dags/example_branch_labels.py
[2026-05-29T10:35:39.402+0200] {processor.py:839} INFO - DAG(s) dict_keys(['example_branch_labels']) retrieved from /home/frederic/airflow_venv/lib/python3.10/site-packages/airflow/example_dags/example_branch_labels.py
[2026-05-29T10:35:39.417+0200] {logging_mixin.py:151} INFO - [2026-05-29T10:35:39.417+0200] {dag.py:2915} INFO - Sync 1 DAGs
[2026-05-29T10:35:39.435+0200] {logging_mixin.py:151} INFO - [2026-05-29T10:35:39.434+0200] {dag.py:3696} INFO - Setting next_dagrun for example_branch_labels to 2026-05-28T00:00:00+00:00, run_after=2026-05-29T00:00:00+00:00
[2026-05-29T10:35:39.450+0200] {processor.py:179} INFO - Processing /home/frederic/airflow_venv/lib/python3.10/site-packages/airflow/example_dags/example_branch_labels.py took 0.060 seconds
[2026-05-29T10:36:23.259+0200] {processor.py:157} INFO - Started process (PID=713262) to work on /home/frederic/airflow_venv/lib/python3.10/site-packages/airflow/example_dags/example_branch_labels.py
[2026-05-29T10:36:23.260+0200] {processor.py:829} INFO - Processing file /home/frederic/airflow_venv/lib/python3.10/site-packages/airflow/example_dags/example_branch_labels.py for tasks to queue
[2026-05-29T10:36:23.261+0200] {logging_mixin.py:151} INFO - [2026-05-29T10:36:23.261+0200] {dagbag.py:539} INFO - Filling up the DagBag from /home/frederic/airflow_venv/lib/python3.10/site-packages/airflow/example_dags/example_branch_labels.py
[2026-05-29T10:36:23.269+0200] {processor.py:839} INFO - DAG(s) dict_keys(['example_branch_labels']) retrieved from /home/frederic/airflow_venv/lib/python3.10/site-packages/airflow/example_dags/example_branch_labels.py
[2026-05-29T10:36:23.290+0200] {logging_mixin.py:151} INFO - [2026-05-29T10:36:23.290+0200] {dag.py:2915} INFO - Sync 1 DAGs
[2026-05-29T10:36:23.326+0200] {logging_mixin.py:151} INFO - [2026-05-29T10:36:23.326+0200] {dag.py:3696} INFO - Setting next_dagrun for example_branch_labels to 2026-05-28T00:00:00+00:00, run_after=2026-05-29T00:00:00+00:00
[2026-05-29T10:36:23.354+0200] {processor.py:179} INFO - Processing /home/frederic/airflow_venv/lib/python3.10/site-packages/airflow/example_dags/example_branch_labels.py took 0.097 seconds
[2026-05-29T10:37:09.491+0200] {processor.py:157} INFO - Started process (PID=713788) to work on /home/frederic/airflow_venv/lib/python3.10/site-packages/airflow/example_dags/example_branch_labels.py
[2026-05-29T10:37:09.492+0200] {processor.py:829} INFO - Processing file /home/frederic/airflow_venv/lib/python3.10/site-packages/airflow/example_dags/example_branch_labels.py for tasks to queue
[2026-05-29T10:37:09.493+0200] {logging_mixin.py:151} INFO - [2026-05-29T10:37:09.492+0200] {dagbag.py:539} INFO - Filling up the DagBag from /home/frederic/airflow_venv/lib/python3.10/site-packages/airflow/example_dags/example_branch_labels.py
[2026-05-29T10:37:09.500+0200] {processor.py:839} INFO - DAG(s) dict_keys(['example_branch_labels']) retrieved from /home/frederic/airflow_venv/lib/python3.10/site-packages/airflow/example_dags/example_branch_labels.py
[2026-05-29T10:37:09.515+0200] {logging_mixin.py:151} INFO - [2026-05-29T10:37:09.514+0200] {dag.py:2915} INFO - Sync 1 DAGs
[2026-05-29T10:37:09.533+0200] {logging_mixin.py:151} INFO - [2026-05-29T10:37:09.533+0200] {dag.py:3696} INFO - Setting next_dagrun for example_branch_labels to 2026-05-28T00:00:00+00:00, run_after=2026-05-29T00:00:00+00:00
[2026-05-29T10:37:09.548+0200] {processor.py:179} INFO - Processing /home/frederic/airflow_venv/lib/python3.10/site-packages/airflow/example_dags/example_branch_labels.py took 0.059 seconds
[2026-05-29T10:37:56.753+0200] {processor.py:157} INFO - Started process (PID=714543) to work on /home/frederic/airflow_venv/lib/python3.10/site-packages/airflow/example_dags/example_branch_labels.py
[2026-05-29T10:37:56.755+0200] {processor.py:829} INFO - Processing file /home/frederic/airflow_venv/lib/python3.10/site-packages/airflow/example_dags/example_branch_labels.py for tasks to queue
[2026-05-29T10:37:56.755+0200] {logging_mixin.py:151} INFO - [2026-05-29T10:37:56.755+0200] {dagbag.py:539} INFO - Filling up the DagBag from /home/frederic/airflow_venv/lib/python3.10/site-packages/airflow/example_dags/example_branch_labels.py
[2026-05-29T10:37:56.761+0200] {processor.py:839} INFO - DAG(s) dict_keys(['example_branch_labels']) retrieved from /home/frederic/airflow_venv/lib/python3.10/site-packages/airflow/example_dags/example_branch_labels.py
[2026-05-29T10:37:56.774+0200] {logging_mixin.py:151} INFO - [2026-05-29T10:37:56.773+0200] {dag.py:2915} INFO - Sync 1 DAGs
[2026-05-29T10:37:56.789+0200] {logging_mixin.py:151} INFO - [2026-05-29T10:37:56.789+0200] {dag.py:3696} INFO - Setting next_dagrun for example_branch_labels to 2026-05-28T00:00:00+00:00, run_after=2026-05-29T00:00:00+00:00
[2026-05-29T10:37:56.803+0200] {processor.py:179} INFO - Processing /home/frederic/airflow_venv/lib/python3.10/site-packages/airflow/example_dags/example_branch_labels.py took 0.051 seconds
[2026-05-29T10:38:42.177+0200] {processor.py:157} INFO - Started process (PID=715101) to work on /home/frederic/airflow_venv/lib/python3.10/site-packages/airflow/example_dags/example_branch_labels.py
[2026-05-29T10:38:42.178+0200] {processor.py:829} INFO - Processing file /home/frederic/airflow_venv/lib/python3.10/site-packages/airflow/example_dags/example_branch_labels.py for tasks to queue
[2026-05-29T10:38:42.180+0200] {logging_mixin.py:151} INFO - [2026-05-29T10:38:42.179+0200] {dagbag.py:539} INFO - Filling up the DagBag from /home/frederic/airflow_venv/lib/python3.10/site-packages/airflow/example_dags/example_branch_labels.py
[2026-05-29T10:38:42.188+0200] {processor.py:839} INFO - DAG(s) dict_keys(['example_branch_labels']) retrieved from /home/frederic/airflow_venv/lib/python3.10/site-packages/airflow/example_dags/example_branch_labels.py
[2026-05-29T10:38:42.206+0200] {logging_mixin.py:151} INFO - [2026-05-29T10:38:42.206+0200] {dag.py:2915} INFO - Sync 1 DAGs
[2026-05-29T10:38:42.226+0200] {logging_mixin.py:151} INFO - [2026-05-29T10:38:42.226+0200] {dag.py:3696} INFO - Setting next_dagrun for example_branch_labels to 2026-05-28T00:00:00+00:00, run_after=2026-05-29T00:00:00+00:00
[2026-05-29T10:38:42.243+0200] {processor.py:179} INFO - Processing /home/frederic/airflow_venv/lib/python3.10/site-packages/airflow/example_dags/example_branch_labels.py took 0.068 seconds
[2026-05-29T10:39:28.354+0200] {processor.py:157} INFO - Started process (PID=715868) to work on /home/frederic/airflow_venv/lib/python3.10/site-packages/airflow/example_dags/example_branch_labels.py
[2026-05-29T10:39:28.355+0200] {processor.py:829} INFO - Processing file /home/frederic/airflow_venv/lib/python3.10/site-packages/airflow/example_dags/example_branch_labels.py for tasks to queue
[2026-05-29T10:39:28.356+0200] {logging_mixin.py:151} INFO - [2026-05-29T10:39:28.355+0200] {dagbag.py:539} INFO - Filling up the DagBag from /home/frederic/airflow_venv/lib/python3.10/site-packages/airflow/example_dags/example_branch_labels.py
[2026-05-29T10:39:28.362+0200] {processor.py:839} INFO - DAG(s) dict_keys(['example_branch_labels']) retrieved from /home/frederic/airflow_venv/lib/python3.10/site-packages/airflow/example_dags/example_branch_labels.py
[2026-05-29T10:39:28.376+0200] {logging_mixin.py:151} INFO - [2026-05-29T10:39:28.376+0200] {dag.py:2915} INFO - Sync 1 DAGs
[2026-05-29T10:39:28.392+0200] {logging_mixin.py:151} INFO - [2026-05-29T10:39:28.392+0200] {dag.py:3696} INFO - Setting next_dagrun for example_branch_labels to 2026-05-28T00:00:00+00:00, run_after=2026-05-29T00:00:00+00:00
[2026-05-29T10:39:28.409+0200] {processor.py:179} INFO - Processing /home/frederic/airflow_venv/lib/python3.10/site-packages/airflow/example_dags/example_branch_labels.py took 0.057 seconds
[2026-05-29T10:40:12.877+0200] {processor.py:157} INFO - Started process (PID=716465) to work on /home/frederic/airflow_venv/lib/python3.10/site-packages/airflow/example_dags/example_branch_labels.py
[2026-05-29T10:40:12.879+0200] {processor.py:829} INFO - Processing file /home/frederic/airflow_venv/lib/python3.10/site-packages/airflow/example_dags/example_branch_labels.py for tasks to queue
[2026-05-29T10:40:12.879+0200] {logging_mixin.py:151} INFO - [2026-05-29T10:40:12.879+0200] {dagbag.py:539} INFO - Filling up the DagBag from /home/frederic/airflow_venv/lib/python3.10/site-packages/airflow/example_dags/example_branch_labels.py
[2026-05-29T10:40:12.886+0200] {processor.py:839} INFO - DAG(s) dict_keys(['example_branch_labels']) retrieved from /home/frederic/airflow_venv/lib/python3.10/site-packages/airflow/example_dags/example_branch_labels.py
[2026-05-29T10:40:12.899+0200] {logging_mixin.py:151} INFO - [2026-05-29T10:40:12.898+0200] {dag.py:2915} INFO - Sync 1 DAGs
[2026-05-29T10:40:12.916+0200] {logging_mixin.py:151} INFO - [2026-05-29T10:40:12.916+0200] {dag.py:3696} INFO - Setting next_dagrun for example_branch_labels to 2026-05-28T00:00:00+00:00, run_after=2026-05-29T00:00:00+00:00
[2026-05-29T10:40:12.930+0200] {processor.py:179} INFO - Processing /home/frederic/airflow_venv/lib/python3.10/site-packages/airflow/example_dags/example_branch_labels.py took 0.055 seconds
[2026-05-29T10:40:56.773+0200] {processor.py:157} INFO - Started process (PID=716904) to work on /home/frederic/airflow_venv/lib/python3.10/site-packages/airflow/example_dags/example_branch_labels.py
[2026-05-29T10:40:56.774+0200] {processor.py:829} INFO - Processing file /home/frederic/airflow_venv/lib/python3.10/site-packages/airflow/example_dags/example_branch_labels.py for tasks to queue
[2026-05-29T10:40:56.775+0200] {logging_mixin.py:151} INFO - [2026-05-29T10:40:56.775+0200] {dagbag.py:539} INFO - Filling up the DagBag from /home/frederic/airflow_venv/lib/python3.10/site-packages/airflow/example_dags/example_branch_labels.py
[2026-05-29T10:40:56.784+0200] {processor.py:839} INFO - DAG(s) dict_keys(['example_branch_labels']) retrieved from /home/frederic/airflow_venv/lib/python3.10/site-packages/airflow/example_dags/example_branch_labels.py
[2026-05-29T10:40:56.801+0200] {logging_mixin.py:151} INFO - [2026-05-29T10:40:56.801+0200] {dag.py:2915} INFO - Sync 1 DAGs
[2026-05-29T10:40:56.822+0200] {logging_mixin.py:151} INFO - [2026-05-29T10:40:56.822+0200] {dag.py:3696} INFO - Setting next_dagrun for example_branch_labels to 2026-05-28T00:00:00+00:00, run_after=2026-05-29T00:00:00+00:00
[2026-05-29T10:40:56.842+0200] {processor.py:179} INFO - Processing /home/frederic/airflow_venv/lib/python3.10/site-packages/airflow/example_dags/example_branch_labels.py took 0.072 seconds
[2026-05-29T10:41:44.694+0200] {processor.py:157} INFO - Started process (PID=717402) to work on /home/frederic/airflow_venv/lib/python3.10/site-packages/airflow/example_dags/example_branch_labels.py
[2026-05-29T10:41:44.695+0200] {processor.py:829} INFO - Processing file /home/frederic/airflow_venv/lib/python3.10/site-packages/airflow/example_dags/example_branch_labels.py for tasks to queue
[2026-05-29T10:41:44.696+0200] {logging_mixin.py:151} INFO - [2026-05-29T10:41:44.696+0200] {dagbag.py:539} INFO - Filling up the DagBag from /home/frederic/airflow_venv/lib/python3.10/site-packages/airflow/example_dags/example_branch_labels.py
[2026-05-29T10:41:44.704+0200] {processor.py:839} INFO - DAG(s) dict_keys(['example_branch_labels']) retrieved from /home/frederic/airflow_venv/lib/python3.10/site-packages/airflow/example_dags/example_branch_labels.py
[2026-05-29T10:41:44.722+0200] {logging_mixin.py:151} INFO - [2026-05-29T10:41:44.722+0200] {dag.py:2915} INFO - Sync 1 DAGs
[2026-05-29T10:41:44.745+0200] {logging_mixin.py:151} INFO - [2026-05-29T10:41:44.745+0200] {dag.py:3696} INFO - Setting next_dagrun for example_branch_labels to 2026-05-28T00:00:00+00:00, run_after=2026-05-29T00:00:00+00:00
[2026-05-29T10:41:44.764+0200] {processor.py:179} INFO - Processing /home/frederic/airflow_venv/lib/python3.10/site-packages/airflow/example_dags/example_branch_labels.py took 0.072 seconds
[2026-05-29T10:42:32.627+0200] {processor.py:157} INFO - Started process (PID=717894) to work on /home/frederic/airflow_venv/lib/python3.10/site-packages/airflow/example_dags/example_branch_labels.py
[2026-05-29T10:42:32.628+0200] {processor.py:829} INFO - Processing file /home/frederic/airflow_venv/lib/python3.10/site-packages/airflow/example_dags/example_branch_labels.py for tasks to queue
[2026-05-29T10:42:32.629+0200] {logging_mixin.py:151} INFO - [2026-05-29T10:42:32.628+0200] {dagbag.py:539} INFO - Filling up the DagBag from /home/frederic/airflow_venv/lib/python3.10/site-packages/airflow/example_dags/example_branch_labels.py
[2026-05-29T10:42:32.636+0200] {processor.py:839} INFO - DAG(s) dict_keys(['example_branch_labels']) retrieved from /home/frederic/airflow_venv/lib/python3.10/site-packages/airflow/example_dags/example_branch_labels.py
[2026-05-29T10:42:32.650+0200] {logging_mixin.py:151} INFO - [2026-05-29T10:42:32.650+0200] {dag.py:2915} INFO - Sync 1 DAGs
[2026-05-29T10:42:32.667+0200] {logging_mixin.py:151} INFO - [2026-05-29T10:42:32.667+0200] {dag.py:3696} INFO - Setting next_dagrun for example_branch_labels to 2026-05-28T00:00:00+00:00, run_after=2026-05-29T00:00:00+00:00
[2026-05-29T10:42:32.685+0200] {processor.py:179} INFO - Processing /home/frederic/airflow_venv/lib/python3.10/site-packages/airflow/example_dags/example_branch_labels.py took 0.061 seconds
[2026-05-29T10:43:14.895+0200] {processor.py:157} INFO - Started process (PID=718422) to work on /home/frederic/airflow_venv/lib/python3.10/site-packages/airflow/example_dags/example_branch_labels.py
[2026-05-29T10:43:14.897+0200] {processor.py:829} INFO - Processing file /home/frederic/airflow_venv/lib/python3.10/site-packages/airflow/example_dags/example_branch_labels.py for tasks to queue
[2026-05-29T10:43:14.897+0200] {logging_mixin.py:151} INFO - [2026-05-29T10:43:14.897+0200] {dagbag.py:539} INFO - Filling up the DagBag from /home/frederic/airflow_venv/lib/python3.10/site-packages/airflow/example_dags/example_branch_labels.py
[2026-05-29T10:43:14.905+0200] {processor.py:839} INFO - DAG(s) dict_keys(['example_branch_labels']) retrieved from /home/frederic/airflow_venv/lib/python3.10/site-packages/airflow/example_dags/example_branch_labels.py
[2026-05-29T10:43:14.920+0200] {logging_mixin.py:151} INFO - [2026-05-29T10:43:14.920+0200] {dag.py:2915} INFO - Sync 1 DAGs
[2026-05-29T10:43:14.941+0200] {logging_mixin.py:151} INFO - [2026-05-29T10:43:14.941+0200] {dag.py:3696} INFO - Setting next_dagrun for example_branch_labels to 2026-05-28T00:00:00+00:00, run_after=2026-05-29T00:00:00+00:00
[2026-05-29T10:43:14.959+0200] {processor.py:179} INFO - Processing /home/frederic/airflow_venv/lib/python3.10/site-packages/airflow/example_dags/example_branch_labels.py took 0.067 seconds
[2026-05-29T10:44:01.340+0200] {processor.py:157} INFO - Started process (PID=718846) to work on /home/frederic/airflow_venv/lib/python3.10/site-packages/airflow/example_dags/example_branch_labels.py
[2026-05-29T10:44:01.342+0200] {processor.py:829} INFO - Processing file /home/frederic/airflow_venv/lib/python3.10/site-packages/airflow/example_dags/example_branch_labels.py for tasks to queue
[2026-05-29T10:44:01.342+0200] {logging_mixin.py:151} INFO - [2026-05-29T10:44:01.342+0200] {dagbag.py:539} INFO - Filling up the DagBag from /home/frederic/airflow_venv/lib/python3.10/site-packages/airflow/example_dags/example_branch_labels.py
[2026-05-29T10:44:01.352+0200] {processor.py:839} INFO - DAG(s) dict_keys(['example_branch_labels']) retrieved from /home/frederic/airflow_venv/lib/python3.10/site-packages/airflow/example_dags/example_branch_labels.py
[2026-05-29T10:44:01.367+0200] {logging_mixin.py:151} INFO - [2026-05-29T10:44:01.367+0200] {dag.py:2915} INFO - Sync 1 DAGs
[2026-05-29T10:44:01.388+0200] {logging_mixin.py:151} INFO - [2026-05-29T10:44:01.388+0200] {dag.py:3696} INFO - Setting next_dagrun for example_branch_labels to 2026-05-28T00:00:00+00:00, run_after=2026-05-29T00:00:00+00:00
[2026-05-29T10:44:01.407+0200] {processor.py:179} INFO - Processing /home/frederic/airflow_venv/lib/python3.10/site-packages/airflow/example_dags/example_branch_labels.py took 0.069 seconds
[2026-05-29T10:44:47.156+0200] {processor.py:157} INFO - Started process (PID=719621) to work on /home/frederic/airflow_venv/lib/python3.10/site-packages/airflow/example_dags/example_branch_labels.py
[2026-05-29T10:44:47.158+0200] {processor.py:829} INFO - Processing file /home/frederic/airflow_venv/lib/python3.10/site-packages/airflow/example_dags/example_branch_labels.py for tasks to queue
[2026-05-29T10:44:47.159+0200] {logging_mixin.py:151} INFO - [2026-05-29T10:44:47.159+0200] {dagbag.py:539} INFO - Filling up the DagBag from /home/frederic/airflow_venv/lib/python3.10/site-packages/airflow/example_dags/example_branch_labels.py
[2026-05-29T10:44:47.168+0200] {processor.py:839} INFO - DAG(s) dict_keys(['example_branch_labels']) retrieved from /home/frederic/airflow_venv/lib/python3.10/site-packages/airflow/example_dags/example_branch_labels.py
[2026-05-29T10:44:47.184+0200] {logging_mixin.py:151} INFO - [2026-05-29T10:44:47.184+0200] {dag.py:2915} INFO - Sync 1 DAGs
[2026-05-29T10:44:47.206+0200] {logging_mixin.py:151} INFO - [2026-05-29T10:44:47.205+0200] {dag.py:3696} INFO - Setting next_dagrun for example_branch_labels to 2026-05-28T00:00:00+00:00, run_after=2026-05-29T00:00:00+00:00
[2026-05-29T10:44:47.222+0200] {processor.py:179} INFO - Processing /home/frederic/airflow_venv/lib/python3.10/site-packages/airflow/example_dags/example_branch_labels.py took 0.069 seconds
[2026-05-29T10:45:36.176+0200] {processor.py:157} INFO - Started process (PID=720181) to work on /home/frederic/airflow_venv/lib/python3.10/site-packages/airflow/example_dags/example_branch_labels.py
[2026-05-29T10:45:36.177+0200] {processor.py:829} INFO - Processing file /home/frederic/airflow_venv/lib/python3.10/site-packages/airflow/example_dags/example_branch_labels.py for tasks to queue
[2026-05-29T10:45:36.178+0200] {logging_mixin.py:151} INFO - [2026-05-29T10:45:36.177+0200] {dagbag.py:539} INFO - Filling up the DagBag from /home/frederic/airflow_venv/lib/python3.10/site-packages/airflow/example_dags/example_branch_labels.py
[2026-05-29T10:45:36.185+0200] {processor.py:839} INFO - DAG(s) dict_keys(['example_branch_labels']) retrieved from /home/frederic/airflow_venv/lib/python3.10/site-packages/airflow/example_dags/example_branch_labels.py
[2026-05-29T10:45:36.199+0200] {logging_mixin.py:151} INFO - [2026-05-29T10:45:36.199+0200] {dag.py:2915} INFO - Sync 1 DAGs
[2026-05-29T10:45:36.218+0200] {logging_mixin.py:151} INFO - [2026-05-29T10:45:36.218+0200] {dag.py:3696} INFO - Setting next_dagrun for example_branch_labels to 2026-05-28T00:00:00+00:00, run_after=2026-05-29T00:00:00+00:00
[2026-05-29T10:45:36.232+0200] {processor.py:179} INFO - Processing /home/frederic/airflow_venv/lib/python3.10/site-packages/airflow/example_dags/example_branch_labels.py took 0.058 seconds
[2026-05-29T10:46:21.299+0200] {processor.py:157} INFO - Started process (PID=720659) to work on /home/frederic/airflow_venv/lib/python3.10/site-packages/airflow/example_dags/example_branch_labels.py
[2026-05-29T10:46:21.300+0200] {processor.py:829} INFO - Processing file /home/frederic/airflow_venv/lib/python3.10/site-packages/airflow/example_dags/example_branch_labels.py for tasks to queue
[2026-05-29T10:46:21.301+0200] {logging_mixin.py:151} INFO - [2026-05-29T10:46:21.300+0200] {dagbag.py:539} INFO - Filling up the DagBag from /home/frederic/airflow_venv/lib/python3.10/site-packages/airflow/example_dags/example_branch_labels.py
[2026-05-29T10:46:21.307+0200] {processor.py:839} INFO - DAG(s) dict_keys(['example_branch_labels']) retrieved from /home/frederic/airflow_venv/lib/python3.10/site-packages/airflow/example_dags/example_branch_labels.py
[2026-05-29T10:46:21.324+0200] {logging_mixin.py:151} INFO - [2026-05-29T10:46:21.324+0200] {dag.py:2915} INFO - Sync 1 DAGs
[2026-05-29T10:46:21.342+0200] {logging_mixin.py:151} INFO - [2026-05-29T10:46:21.342+0200] {dag.py:3696} INFO - Setting next_dagrun for example_branch_labels to 2026-05-28T00:00:00+00:00, run_after=2026-05-29T00:00:00+00:00
[2026-05-29T10:46:21.357+0200] {processor.py:179} INFO - Processing /home/frederic/airflow_venv/lib/python3.10/site-packages/airflow/example_dags/example_branch_labels.py took 0.060 seconds
[2026-05-29T10:47:13.844+0200] {processor.py:157} INFO - Started process (PID=721761) to work on /home/frederic/airflow_venv/lib/python3.10/site-packages/airflow/example_dags/example_branch_labels.py
[2026-05-29T10:47:13.845+0200] {processor.py:829} INFO - Processing file /home/frederic/airflow_venv/lib/python3.10/site-packages/airflow/example_dags/example_branch_labels.py for tasks to queue
[2026-05-29T10:47:13.846+0200] {logging_mixin.py:151} INFO - [2026-05-29T10:47:13.846+0200] {dagbag.py:539} INFO - Filling up the DagBag from /home/frederic/airflow_venv/lib/python3.10/site-packages/airflow/example_dags/example_branch_labels.py
[2026-05-29T10:47:13.853+0200] {processor.py:839} INFO - DAG(s) dict_keys(['example_branch_labels']) retrieved from /home/frederic/airflow_venv/lib/python3.10/site-packages/airflow/example_dags/example_branch_labels.py
[2026-05-29T10:47:13.870+0200] {logging_mixin.py:151} INFO - [2026-05-29T10:47:13.870+0200] {dag.py:2915} INFO - Sync 1 DAGs
[2026-05-29T10:47:13.889+0200] {logging_mixin.py:151} INFO - [2026-05-29T10:47:13.889+0200] {dag.py:3696} INFO - Setting next_dagrun for example_branch_labels to 2026-05-28T00:00:00+00:00, run_after=2026-05-29T00:00:00+00:00
[2026-05-29T10:47:13.904+0200] {processor.py:179} INFO - Processing /home/frederic/airflow_venv/lib/python3.10/site-packages/airflow/example_dags/example_branch_labels.py took 0.062 seconds
[2026-05-29T10:48:01.616+0200] {processor.py:157} INFO - Started process (PID=722224) to work on /home/frederic/airflow_venv/lib/python3.10/site-packages/airflow/example_dags/example_branch_labels.py
[2026-05-29T10:48:01.617+0200] {processor.py:829} INFO - Processing file /home/frederic/airflow_venv/lib/python3.10/site-packages/airflow/example_dags/example_branch_labels.py for tasks to queue
[2026-05-29T10:48:01.618+0200] {logging_mixin.py:151} INFO - [2026-05-29T10:48:01.617+0200] {dagbag.py:539} INFO - Filling up the DagBag from /home/frederic/airflow_venv/lib/python3.10/site-packages/airflow/example_dags/example_branch_labels.py
[2026-05-29T10:48:01.624+0200] {processor.py:839} INFO - DAG(s) dict_keys(['example_branch_labels']) retrieved from /home/frederic/airflow_venv/lib/python3.10/site-packages/airflow/example_dags/example_branch_labels.py
[2026-05-29T10:48:01.640+0200] {logging_mixin.py:151} INFO - [2026-05-29T10:48:01.640+0200] {dag.py:2915} INFO - Sync 1 DAGs
[2026-05-29T10:48:01.658+0200] {logging_mixin.py:151} INFO - [2026-05-29T10:48:01.658+0200] {dag.py:3696} INFO - Setting next_dagrun for example_branch_labels to 2026-05-28T00:00:00+00:00, run_after=2026-05-29T00:00:00+00:00
[2026-05-29T10:48:01.675+0200] {processor.py:179} INFO - Processing /home/frederic/airflow_venv/lib/python3.10/site-packages/airflow/example_dags/example_branch_labels.py took 0.062 seconds
[2026-05-29T10:48:56.287+0200] {processor.py:157} INFO - Started process (PID=722855) to work on /home/frederic/airflow_venv/lib/python3.10/site-packages/airflow/example_dags/example_branch_labels.py
[2026-05-29T10:48:56.288+0200] {processor.py:829} INFO - Processing file /home/frederic/airflow_venv/lib/python3.10/site-packages/airflow/example_dags/example_branch_labels.py for tasks to queue
[2026-05-29T10:48:56.289+0200] {logging_mixin.py:151} INFO - [2026-05-29T10:48:56.288+0200] {dagbag.py:539} INFO - Filling up the DagBag from /home/frederic/airflow_venv/lib/python3.10/site-packages/airflow/example_dags/example_branch_labels.py
[2026-05-29T10:48:56.295+0200] {processor.py:839} INFO - DAG(s) dict_keys(['example_branch_labels']) retrieved from /home/frederic/airflow_venv/lib/python3.10/site-packages/airflow/example_dags/example_branch_labels.py
[2026-05-29T10:48:56.310+0200] {logging_mixin.py:151} INFO - [2026-05-29T10:48:56.309+0200] {dag.py:2915} INFO - Sync 1 DAGs
[2026-05-29T10:48:56.327+0200] {logging_mixin.py:151} INFO - [2026-05-29T10:48:56.327+0200] {dag.py:3696} INFO - Setting next_dagrun for example_branch_labels to 2026-05-28T00:00:00+00:00, run_after=2026-05-29T00:00:00+00:00
[2026-05-29T10:48:56.340+0200] {processor.py:179} INFO - Processing /home/frederic/airflow_venv/lib/python3.10/site-packages/airflow/example_dags/example_branch_labels.py took 0.056 seconds
[2026-05-29T10:49:46.063+0200] {processor.py:157} INFO - Started process (PID=723366) to work on /home/frederic/airflow_venv/lib/python3.10/site-packages/airflow/example_dags/example_branch_labels.py
[2026-05-29T10:49:46.064+0200] {processor.py:829} INFO - Processing file /home/frederic/airflow_venv/lib/python3.10/site-packages/airflow/example_dags/example_branch_labels.py for tasks to queue
[2026-05-29T10:49:46.065+0200] {logging_mixin.py:151} INFO - [2026-05-29T10:49:46.065+0200] {dagbag.py:539} INFO - Filling up the DagBag from /home/frederic/airflow_venv/lib/python3.10/site-packages/airflow/example_dags/example_branch_labels.py
[2026-05-29T10:49:46.074+0200] {processor.py:839} INFO - DAG(s) dict_keys(['example_branch_labels']) retrieved from /home/frederic/airflow_venv/lib/python3.10/site-packages/airflow/example_dags/example_branch_labels.py
[2026-05-29T10:49:46.092+0200] {logging_mixin.py:151} INFO - [2026-05-29T10:49:46.092+0200] {dag.py:2915} INFO - Sync 1 DAGs
[2026-05-29T10:49:46.112+0200] {logging_mixin.py:151} INFO - [2026-05-29T10:49:46.112+0200] {dag.py:3696} INFO - Setting next_dagrun for example_branch_labels to 2026-05-28T00:00:00+00:00, run_after=2026-05-29T00:00:00+00:00
[2026-05-29T10:49:46.132+0200] {processor.py:179} INFO - Processing /home/frederic/airflow_venv/lib/python3.10/site-packages/airflow/example_dags/example_branch_labels.py took 0.071 seconds
[2026-05-29T10:50:32.765+0200] {processor.py:157} INFO - Started process (PID=723871) to work on /home/frederic/airflow_venv/lib/python3.10/site-packages/airflow/example_dags/example_branch_labels.py
[2026-05-29T10:50:32.767+0200] {processor.py:829} INFO - Processing file /home/frederic/airflow_venv/lib/python3.10/site-packages/airflow/example_dags/example_branch_labels.py for tasks to queue
[2026-05-29T10:50:32.767+0200] {logging_mixin.py:151} INFO - [2026-05-29T10:50:32.767+0200] {dagbag.py:539} INFO - Filling up the DagBag from /home/frederic/airflow_venv/lib/python3.10/site-packages/airflow/example_dags/example_branch_labels.py
[2026-05-29T10:50:32.773+0200] {processor.py:839} INFO - DAG(s) dict_keys(['example_branch_labels']) retrieved from /home/frederic/airflow_venv/lib/python3.10/site-packages/airflow/example_dags/example_branch_labels.py
[2026-05-29T10:50:32.788+0200] {logging_mixin.py:151} INFO - [2026-05-29T10:50:32.788+0200] {dag.py:2915} INFO - Sync 1 DAGs
[2026-05-29T10:50:32.806+0200] {logging_mixin.py:151} INFO - [2026-05-29T10:50:32.806+0200] {dag.py:3696} INFO - Setting next_dagrun for example_branch_labels to 2026-05-28T00:00:00+00:00, run_after=2026-05-29T00:00:00+00:00
[2026-05-29T10:50:32.820+0200] {processor.py:179} INFO - Processing /home/frederic/airflow_venv/lib/python3.10/site-packages/airflow/example_dags/example_branch_labels.py took 0.057 seconds
[2026-05-29T10:51:19.597+0200] {processor.py:157} INFO - Started process (PID=724329) to work on /home/frederic/airflow_venv/lib/python3.10/site-packages/airflow/example_dags/example_branch_labels.py
[2026-05-29T10:51:19.599+0200] {processor.py:829} INFO - Processing file /home/frederic/airflow_venv/lib/python3.10/site-packages/airflow/example_dags/example_branch_labels.py for tasks to queue
[2026-05-29T10:51:19.600+0200] {logging_mixin.py:151} INFO - [2026-05-29T10:51:19.599+0200] {dagbag.py:539} INFO - Filling up the DagBag from /home/frederic/airflow_venv/lib/python3.10/site-packages/airflow/example_dags/example_branch_labels.py
[2026-05-29T10:51:19.609+0200] {processor.py:839} INFO - DAG(s) dict_keys(['example_branch_labels']) retrieved from /home/frederic/airflow_venv/lib/python3.10/site-packages/airflow/example_dags/example_branch_labels.py
[2026-05-29T10:51:19.628+0200] {logging_mixin.py:151} INFO - [2026-05-29T10:51:19.628+0200] {dag.py:2915} INFO - Sync 1 DAGs
[2026-05-29T10:51:19.653+0200] {logging_mixin.py:151} INFO - [2026-05-29T10:51:19.653+0200] {dag.py:3696} INFO - Setting next_dagrun for example_branch_labels to 2026-05-28T00:00:00+00:00, run_after=2026-05-29T00:00:00+00:00
[2026-05-29T10:51:19.671+0200] {processor.py:179} INFO - Processing /home/frederic/airflow_venv/lib/python3.10/site-packages/airflow/example_dags/example_branch_labels.py took 0.079 seconds
