[2026-05-29T02:00:20.900+0200] {processor.py:157} INFO - Started process (PID=633665) to work on /home/frederic/airflow_venv/lib/python3.10/site-packages/airflow/example_dags/example_setup_teardown.py
[2026-05-29T02:00:20.901+0200] {processor.py:829} INFO - Processing file /home/frederic/airflow_venv/lib/python3.10/site-packages/airflow/example_dags/example_setup_teardown.py for tasks to queue
[2026-05-29T02:00:20.902+0200] {logging_mixin.py:151} INFO - [2026-05-29T02:00:20.901+0200] {dagbag.py:539} INFO - Filling up the DagBag from /home/frederic/airflow_venv/lib/python3.10/site-packages/airflow/example_dags/example_setup_teardown.py
[2026-05-29T02:00:20.909+0200] {processor.py:839} INFO - DAG(s) dict_keys(['example_setup_teardown']) retrieved from /home/frederic/airflow_venv/lib/python3.10/site-packages/airflow/example_dags/example_setup_teardown.py
[2026-05-29T02:00:20.923+0200] {logging_mixin.py:151} INFO - [2026-05-29T02:00:20.922+0200] {dag.py:2915} INFO - Sync 1 DAGs
[2026-05-29T02:00:20.942+0200] {logging_mixin.py:151} INFO - [2026-05-29T02:00:20.941+0200] {dag.py:3696} INFO - Setting next_dagrun for example_setup_teardown to 2026-05-28T00:00:20.941585+00:00, run_after=2026-05-29T00:00:20.941585+00:00
[2026-05-29T02:00:20.958+0200] {processor.py:179} INFO - Processing /home/frederic/airflow_venv/lib/python3.10/site-packages/airflow/example_dags/example_setup_teardown.py took 0.060 seconds
[2026-05-29T02:00:29.578+0200] {processor.py:157} INFO - Started process (PID=633986) to work on /home/frederic/airflow_venv/lib/python3.10/site-packages/airflow/example_dags/example_setup_teardown.py
[2026-05-29T02:00:29.579+0200] {processor.py:829} INFO - Processing file /home/frederic/airflow_venv/lib/python3.10/site-packages/airflow/example_dags/example_setup_teardown.py for tasks to queue
[2026-05-29T02:00:29.580+0200] {logging_mixin.py:151} INFO - [2026-05-29T02:00:29.580+0200] {dagbag.py:539} INFO - Filling up the DagBag from /home/frederic/airflow_venv/lib/python3.10/site-packages/airflow/example_dags/example_setup_teardown.py
[2026-05-29T02:00:29.589+0200] {processor.py:839} INFO - DAG(s) dict_keys(['example_setup_teardown']) retrieved from /home/frederic/airflow_venv/lib/python3.10/site-packages/airflow/example_dags/example_setup_teardown.py
[2026-05-29T02:00:29.606+0200] {logging_mixin.py:151} INFO - [2026-05-29T02:00:29.605+0200] {dag.py:2915} INFO - Sync 1 DAGs
[2026-05-29T02:00:29.628+0200] {logging_mixin.py:151} INFO - [2026-05-29T02:00:29.628+0200] {dag.py:3696} INFO - Setting next_dagrun for example_setup_teardown to 2026-05-28T00:00:29.628440+00:00, run_after=2026-05-29T00:00:29.628440+00:00
[2026-05-29T02:00:29.651+0200] {processor.py:179} INFO - Processing /home/frederic/airflow_venv/lib/python3.10/site-packages/airflow/example_dags/example_setup_teardown.py took 0.076 seconds
[2026-05-29T02:01:06.332+0200] {processor.py:157} INFO - Started process (PID=635026) to work on /home/frederic/airflow_venv/lib/python3.10/site-packages/airflow/example_dags/example_setup_teardown.py
[2026-05-29T02:01:06.333+0200] {processor.py:829} INFO - Processing file /home/frederic/airflow_venv/lib/python3.10/site-packages/airflow/example_dags/example_setup_teardown.py for tasks to queue
[2026-05-29T02:01:06.334+0200] {logging_mixin.py:151} INFO - [2026-05-29T02:01:06.333+0200] {dagbag.py:539} INFO - Filling up the DagBag from /home/frederic/airflow_venv/lib/python3.10/site-packages/airflow/example_dags/example_setup_teardown.py
[2026-05-29T02:01:06.341+0200] {processor.py:839} INFO - DAG(s) dict_keys(['example_setup_teardown']) retrieved from /home/frederic/airflow_venv/lib/python3.10/site-packages/airflow/example_dags/example_setup_teardown.py
[2026-05-29T02:01:06.356+0200] {logging_mixin.py:151} INFO - [2026-05-29T02:01:06.356+0200] {dag.py:2915} INFO - Sync 1 DAGs
[2026-05-29T02:01:06.378+0200] {logging_mixin.py:151} INFO - [2026-05-29T02:01:06.378+0200] {dag.py:3696} INFO - Setting next_dagrun for example_setup_teardown to 2026-05-28T00:01:06.377891+00:00, run_after=2026-05-29T00:01:06.377891+00:00
[2026-05-29T02:01:06.396+0200] {processor.py:179} INFO - Processing /home/frederic/airflow_venv/lib/python3.10/site-packages/airflow/example_dags/example_setup_teardown.py took 0.067 seconds
[2026-05-29T02:01:15.959+0200] {processor.py:157} INFO - Started process (PID=635296) to work on /home/frederic/airflow_venv/lib/python3.10/site-packages/airflow/example_dags/example_setup_teardown.py
[2026-05-29T02:01:15.960+0200] {processor.py:829} INFO - Processing file /home/frederic/airflow_venv/lib/python3.10/site-packages/airflow/example_dags/example_setup_teardown.py for tasks to queue
[2026-05-29T02:01:15.960+0200] {logging_mixin.py:151} INFO - [2026-05-29T02:01:15.960+0200] {dagbag.py:539} INFO - Filling up the DagBag from /home/frederic/airflow_venv/lib/python3.10/site-packages/airflow/example_dags/example_setup_teardown.py
[2026-05-29T02:01:15.967+0200] {processor.py:839} INFO - DAG(s) dict_keys(['example_setup_teardown']) retrieved from /home/frederic/airflow_venv/lib/python3.10/site-packages/airflow/example_dags/example_setup_teardown.py
[2026-05-29T02:01:15.979+0200] {logging_mixin.py:151} INFO - [2026-05-29T02:01:15.979+0200] {dag.py:2915} INFO - Sync 1 DAGs
[2026-05-29T02:01:15.997+0200] {logging_mixin.py:151} INFO - [2026-05-29T02:01:15.997+0200] {dag.py:3696} INFO - Setting next_dagrun for example_setup_teardown to 2026-05-28T00:01:15.997462+00:00, run_after=2026-05-29T00:01:15.997462+00:00
[2026-05-29T02:01:16.014+0200] {processor.py:179} INFO - Processing /home/frederic/airflow_venv/lib/python3.10/site-packages/airflow/example_dags/example_setup_teardown.py took 0.058 seconds
[2026-05-29T02:01:54.178+0200] {processor.py:157} INFO - Started process (PID=636349) to work on /home/frederic/airflow_venv/lib/python3.10/site-packages/airflow/example_dags/example_setup_teardown.py
[2026-05-29T02:01:54.179+0200] {processor.py:829} INFO - Processing file /home/frederic/airflow_venv/lib/python3.10/site-packages/airflow/example_dags/example_setup_teardown.py for tasks to queue
[2026-05-29T02:01:54.180+0200] {logging_mixin.py:151} INFO - [2026-05-29T02:01:54.180+0200] {dagbag.py:539} INFO - Filling up the DagBag from /home/frederic/airflow_venv/lib/python3.10/site-packages/airflow/example_dags/example_setup_teardown.py
[2026-05-29T02:01:54.187+0200] {processor.py:839} INFO - DAG(s) dict_keys(['example_setup_teardown']) retrieved from /home/frederic/airflow_venv/lib/python3.10/site-packages/airflow/example_dags/example_setup_teardown.py
[2026-05-29T02:01:54.201+0200] {logging_mixin.py:151} INFO - [2026-05-29T02:01:54.201+0200] {dag.py:2915} INFO - Sync 1 DAGs
[2026-05-29T02:01:54.222+0200] {logging_mixin.py:151} INFO - [2026-05-29T02:01:54.222+0200] {dag.py:3696} INFO - Setting next_dagrun for example_setup_teardown to 2026-05-28T00:01:54.222238+00:00, run_after=2026-05-29T00:01:54.222238+00:00
[2026-05-29T02:01:54.238+0200] {processor.py:179} INFO - Processing /home/frederic/airflow_venv/lib/python3.10/site-packages/airflow/example_dags/example_setup_teardown.py took 0.062 seconds
[2026-05-29T02:01:59.419+0200] {processor.py:157} INFO - Started process (PID=636513) to work on /home/frederic/airflow_venv/lib/python3.10/site-packages/airflow/example_dags/example_setup_teardown.py
[2026-05-29T02:01:59.420+0200] {processor.py:829} INFO - Processing file /home/frederic/airflow_venv/lib/python3.10/site-packages/airflow/example_dags/example_setup_teardown.py for tasks to queue
[2026-05-29T02:01:59.421+0200] {logging_mixin.py:151} INFO - [2026-05-29T02:01:59.420+0200] {dagbag.py:539} INFO - Filling up the DagBag from /home/frederic/airflow_venv/lib/python3.10/site-packages/airflow/example_dags/example_setup_teardown.py
[2026-05-29T02:01:59.427+0200] {processor.py:839} INFO - DAG(s) dict_keys(['example_setup_teardown']) retrieved from /home/frederic/airflow_venv/lib/python3.10/site-packages/airflow/example_dags/example_setup_teardown.py
[2026-05-29T02:01:59.440+0200] {logging_mixin.py:151} INFO - [2026-05-29T02:01:59.439+0200] {dag.py:2915} INFO - Sync 1 DAGs
[2026-05-29T02:01:59.461+0200] {logging_mixin.py:151} INFO - [2026-05-29T02:01:59.460+0200] {dag.py:3696} INFO - Setting next_dagrun for example_setup_teardown to 2026-05-28T00:01:59.460777+00:00, run_after=2026-05-29T00:01:59.460777+00:00
[2026-05-29T02:01:59.477+0200] {processor.py:179} INFO - Processing /home/frederic/airflow_venv/lib/python3.10/site-packages/airflow/example_dags/example_setup_teardown.py took 0.060 seconds
[2026-05-29T02:02:46.341+0200] {processor.py:157} INFO - Started process (PID=638012) to work on /home/frederic/airflow_venv/lib/python3.10/site-packages/airflow/example_dags/example_setup_teardown.py
[2026-05-29T02:02:46.341+0200] {processor.py:829} INFO - Processing file /home/frederic/airflow_venv/lib/python3.10/site-packages/airflow/example_dags/example_setup_teardown.py for tasks to queue
[2026-05-29T02:02:46.342+0200] {logging_mixin.py:151} INFO - [2026-05-29T02:02:46.342+0200] {dagbag.py:539} INFO - Filling up the DagBag from /home/frederic/airflow_venv/lib/python3.10/site-packages/airflow/example_dags/example_setup_teardown.py
[2026-05-29T02:02:46.351+0200] {processor.py:839} INFO - DAG(s) dict_keys(['example_setup_teardown']) retrieved from /home/frederic/airflow_venv/lib/python3.10/site-packages/airflow/example_dags/example_setup_teardown.py
[2026-05-29T02:02:46.369+0200] {logging_mixin.py:151} INFO - [2026-05-29T02:02:46.369+0200] {dag.py:2915} INFO - Sync 1 DAGs
[2026-05-29T02:02:46.390+0200] {logging_mixin.py:151} INFO - [2026-05-29T02:02:46.390+0200] {dag.py:3696} INFO - Setting next_dagrun for example_setup_teardown to 2026-05-28T00:02:46.390454+00:00, run_after=2026-05-29T00:02:46.390454+00:00
[2026-05-29T02:02:46.410+0200] {processor.py:179} INFO - Processing /home/frederic/airflow_venv/lib/python3.10/site-packages/airflow/example_dags/example_setup_teardown.py took 0.073 seconds
[2026-05-29T02:02:47.904+0200] {processor.py:157} INFO - Started process (PID=638036) to work on /home/frederic/airflow_venv/lib/python3.10/site-packages/airflow/example_dags/example_setup_teardown.py
[2026-05-29T02:02:47.905+0200] {processor.py:829} INFO - Processing file /home/frederic/airflow_venv/lib/python3.10/site-packages/airflow/example_dags/example_setup_teardown.py for tasks to queue
[2026-05-29T02:02:47.906+0200] {logging_mixin.py:151} INFO - [2026-05-29T02:02:47.905+0200] {dagbag.py:539} INFO - Filling up the DagBag from /home/frederic/airflow_venv/lib/python3.10/site-packages/airflow/example_dags/example_setup_teardown.py
[2026-05-29T02:02:47.918+0200] {processor.py:839} INFO - DAG(s) dict_keys(['example_setup_teardown']) retrieved from /home/frederic/airflow_venv/lib/python3.10/site-packages/airflow/example_dags/example_setup_teardown.py
[2026-05-29T02:02:47.941+0200] {logging_mixin.py:151} INFO - [2026-05-29T02:02:47.941+0200] {dag.py:2915} INFO - Sync 1 DAGs
[2026-05-29T02:02:47.961+0200] {logging_mixin.py:151} INFO - [2026-05-29T02:02:47.960+0200] {dag.py:3696} INFO - Setting next_dagrun for example_setup_teardown to 2026-05-28T00:02:47.960573+00:00, run_after=2026-05-29T00:02:47.960573+00:00
[2026-05-29T02:02:47.979+0200] {processor.py:179} INFO - Processing /home/frederic/airflow_venv/lib/python3.10/site-packages/airflow/example_dags/example_setup_teardown.py took 0.078 seconds
[2026-05-29T02:03:34.585+0200] {processor.py:157} INFO - Started process (PID=639397) to work on /home/frederic/airflow_venv/lib/python3.10/site-packages/airflow/example_dags/example_setup_teardown.py
[2026-05-29T02:03:34.588+0200] {processor.py:829} INFO - Processing file /home/frederic/airflow_venv/lib/python3.10/site-packages/airflow/example_dags/example_setup_teardown.py for tasks to queue
[2026-05-29T02:03:34.589+0200] {logging_mixin.py:151} INFO - [2026-05-29T02:03:34.589+0200] {dagbag.py:539} INFO - Filling up the DagBag from /home/frederic/airflow_venv/lib/python3.10/site-packages/airflow/example_dags/example_setup_teardown.py
[2026-05-29T02:03:34.602+0200] {processor.py:839} INFO - DAG(s) dict_keys(['example_setup_teardown']) retrieved from /home/frederic/airflow_venv/lib/python3.10/site-packages/airflow/example_dags/example_setup_teardown.py
[2026-05-29T02:03:34.628+0200] {logging_mixin.py:151} INFO - [2026-05-29T02:03:34.628+0200] {dag.py:2915} INFO - Sync 1 DAGs
[2026-05-29T02:03:34.666+0200] {logging_mixin.py:151} INFO - [2026-05-29T02:03:34.666+0200] {dag.py:3696} INFO - Setting next_dagrun for example_setup_teardown to 2026-05-28T00:03:34.666091+00:00, run_after=2026-05-29T00:03:34.666091+00:00
[2026-05-29T02:03:34.796+0200] {processor.py:179} INFO - Processing /home/frederic/airflow_venv/lib/python3.10/site-packages/airflow/example_dags/example_setup_teardown.py took 0.219 seconds
[2026-05-29T02:03:35.677+0200] {processor.py:157} INFO - Started process (PID=639474) to work on /home/frederic/airflow_venv/lib/python3.10/site-packages/airflow/example_dags/example_setup_teardown.py
[2026-05-29T02:03:35.678+0200] {processor.py:829} INFO - Processing file /home/frederic/airflow_venv/lib/python3.10/site-packages/airflow/example_dags/example_setup_teardown.py for tasks to queue
[2026-05-29T02:03:35.679+0200] {logging_mixin.py:151} INFO - [2026-05-29T02:03:35.678+0200] {dagbag.py:539} INFO - Filling up the DagBag from /home/frederic/airflow_venv/lib/python3.10/site-packages/airflow/example_dags/example_setup_teardown.py
[2026-05-29T02:03:35.686+0200] {processor.py:839} INFO - DAG(s) dict_keys(['example_setup_teardown']) retrieved from /home/frederic/airflow_venv/lib/python3.10/site-packages/airflow/example_dags/example_setup_teardown.py
[2026-05-29T02:03:35.701+0200] {logging_mixin.py:151} INFO - [2026-05-29T02:03:35.701+0200] {dag.py:2915} INFO - Sync 1 DAGs
[2026-05-29T02:03:35.719+0200] {logging_mixin.py:151} INFO - [2026-05-29T02:03:35.719+0200] {dag.py:3696} INFO - Setting next_dagrun for example_setup_teardown to 2026-05-28T00:03:35.718947+00:00, run_after=2026-05-29T00:03:35.718947+00:00
[2026-05-29T02:03:35.741+0200] {processor.py:179} INFO - Processing /home/frederic/airflow_venv/lib/python3.10/site-packages/airflow/example_dags/example_setup_teardown.py took 0.068 seconds
[2026-05-29T09:58:18.951+0200] {processor.py:157} INFO - Started process (PID=681827) to work on /home/frederic/airflow_venv/lib/python3.10/site-packages/airflow/example_dags/example_setup_teardown.py
[2026-05-29T09:58:18.952+0200] {processor.py:829} INFO - Processing file /home/frederic/airflow_venv/lib/python3.10/site-packages/airflow/example_dags/example_setup_teardown.py for tasks to queue
[2026-05-29T09:58:18.953+0200] {logging_mixin.py:151} INFO - [2026-05-29T09:58:18.952+0200] {dagbag.py:539} INFO - Filling up the DagBag from /home/frederic/airflow_venv/lib/python3.10/site-packages/airflow/example_dags/example_setup_teardown.py
[2026-05-29T09:58:18.959+0200] {processor.py:839} INFO - DAG(s) dict_keys(['example_setup_teardown']) retrieved from /home/frederic/airflow_venv/lib/python3.10/site-packages/airflow/example_dags/example_setup_teardown.py
[2026-05-29T09:58:18.965+0200] {logging_mixin.py:151} INFO - [2026-05-29T09:58:18.965+0200] {dag.py:2915} INFO - Sync 1 DAGs
[2026-05-29T09:58:18.983+0200] {logging_mixin.py:151} INFO - [2026-05-29T09:58:18.983+0200] {dag.py:3696} INFO - Setting next_dagrun for example_setup_teardown to 2026-05-28T07:58:18.983410+00:00, run_after=2026-05-29T07:58:18.983410+00:00
[2026-05-29T09:58:18.999+0200] {processor.py:179} INFO - Processing /home/frederic/airflow_venv/lib/python3.10/site-packages/airflow/example_dags/example_setup_teardown.py took 0.051 seconds
[2026-05-29T09:59:08.984+0200] {processor.py:157} INFO - Started process (PID=683135) to work on /home/frederic/airflow_venv/lib/python3.10/site-packages/airflow/example_dags/example_setup_teardown.py
[2026-05-29T09:59:08.985+0200] {processor.py:829} INFO - Processing file /home/frederic/airflow_venv/lib/python3.10/site-packages/airflow/example_dags/example_setup_teardown.py for tasks to queue
[2026-05-29T09:59:08.986+0200] {logging_mixin.py:151} INFO - [2026-05-29T09:59:08.986+0200] {dagbag.py:539} INFO - Filling up the DagBag from /home/frederic/airflow_venv/lib/python3.10/site-packages/airflow/example_dags/example_setup_teardown.py
[2026-05-29T09:59:08.994+0200] {processor.py:839} INFO - DAG(s) dict_keys(['example_setup_teardown']) retrieved from /home/frederic/airflow_venv/lib/python3.10/site-packages/airflow/example_dags/example_setup_teardown.py
[2026-05-29T09:59:09.009+0200] {logging_mixin.py:151} INFO - [2026-05-29T09:59:09.008+0200] {dag.py:2915} INFO - Sync 1 DAGs
[2026-05-29T09:59:09.029+0200] {logging_mixin.py:151} INFO - [2026-05-29T09:59:09.029+0200] {dag.py:3696} INFO - Setting next_dagrun for example_setup_teardown to 2026-05-28T07:59:09.028818+00:00, run_after=2026-05-29T07:59:09.028818+00:00
[2026-05-29T09:59:09.048+0200] {processor.py:179} INFO - Processing /home/frederic/airflow_venv/lib/python3.10/site-packages/airflow/example_dags/example_setup_teardown.py took 0.067 seconds
[2026-05-29T09:59:55.497+0200] {processor.py:157} INFO - Started process (PID=683909) to work on /home/frederic/airflow_venv/lib/python3.10/site-packages/airflow/example_dags/example_setup_teardown.py
[2026-05-29T09:59:55.500+0200] {processor.py:829} INFO - Processing file /home/frederic/airflow_venv/lib/python3.10/site-packages/airflow/example_dags/example_setup_teardown.py for tasks to queue
[2026-05-29T09:59:55.501+0200] {logging_mixin.py:151} INFO - [2026-05-29T09:59:55.501+0200] {dagbag.py:539} INFO - Filling up the DagBag from /home/frederic/airflow_venv/lib/python3.10/site-packages/airflow/example_dags/example_setup_teardown.py
[2026-05-29T09:59:55.511+0200] {processor.py:839} INFO - DAG(s) dict_keys(['example_setup_teardown']) retrieved from /home/frederic/airflow_venv/lib/python3.10/site-packages/airflow/example_dags/example_setup_teardown.py
[2026-05-29T09:59:55.527+0200] {logging_mixin.py:151} INFO - [2026-05-29T09:59:55.527+0200] {dag.py:2915} INFO - Sync 1 DAGs
[2026-05-29T09:59:55.549+0200] {logging_mixin.py:151} INFO - [2026-05-29T09:59:55.548+0200] {dag.py:3696} INFO - Setting next_dagrun for example_setup_teardown to 2026-05-28T07:59:55.548805+00:00, run_after=2026-05-29T07:59:55.548805+00:00
[2026-05-29T09:59:55.564+0200] {processor.py:179} INFO - Processing /home/frederic/airflow_venv/lib/python3.10/site-packages/airflow/example_dags/example_setup_teardown.py took 0.070 seconds
[2026-05-29T10:00:46.897+0200] {processor.py:157} INFO - Started process (PID=684860) to work on /home/frederic/airflow_venv/lib/python3.10/site-packages/airflow/example_dags/example_setup_teardown.py
[2026-05-29T10:00:46.898+0200] {processor.py:829} INFO - Processing file /home/frederic/airflow_venv/lib/python3.10/site-packages/airflow/example_dags/example_setup_teardown.py for tasks to queue
[2026-05-29T10:00:46.899+0200] {logging_mixin.py:151} INFO - [2026-05-29T10:00:46.898+0200] {dagbag.py:539} INFO - Filling up the DagBag from /home/frederic/airflow_venv/lib/python3.10/site-packages/airflow/example_dags/example_setup_teardown.py
[2026-05-29T10:00:46.906+0200] {processor.py:839} INFO - DAG(s) dict_keys(['example_setup_teardown']) retrieved from /home/frederic/airflow_venv/lib/python3.10/site-packages/airflow/example_dags/example_setup_teardown.py
[2026-05-29T10:00:46.922+0200] {logging_mixin.py:151} INFO - [2026-05-29T10:00:46.922+0200] {dag.py:2915} INFO - Sync 1 DAGs
[2026-05-29T10:00:46.941+0200] {logging_mixin.py:151} INFO - [2026-05-29T10:00:46.941+0200] {dag.py:3696} INFO - Setting next_dagrun for example_setup_teardown to 2026-05-28T08:00:46.941423+00:00, run_after=2026-05-29T08:00:46.941423+00:00
[2026-05-29T10:00:46.964+0200] {processor.py:179} INFO - Processing /home/frederic/airflow_venv/lib/python3.10/site-packages/airflow/example_dags/example_setup_teardown.py took 0.070 seconds
[2026-05-29T10:01:34.710+0200] {processor.py:157} INFO - Started process (PID=685504) to work on /home/frederic/airflow_venv/lib/python3.10/site-packages/airflow/example_dags/example_setup_teardown.py
[2026-05-29T10:01:34.714+0200] {processor.py:829} INFO - Processing file /home/frederic/airflow_venv/lib/python3.10/site-packages/airflow/example_dags/example_setup_teardown.py for tasks to queue
[2026-05-29T10:01:34.714+0200] {logging_mixin.py:151} INFO - [2026-05-29T10:01:34.714+0200] {dagbag.py:539} INFO - Filling up the DagBag from /home/frederic/airflow_venv/lib/python3.10/site-packages/airflow/example_dags/example_setup_teardown.py
[2026-05-29T10:01:34.723+0200] {processor.py:839} INFO - DAG(s) dict_keys(['example_setup_teardown']) retrieved from /home/frederic/airflow_venv/lib/python3.10/site-packages/airflow/example_dags/example_setup_teardown.py
[2026-05-29T10:01:34.740+0200] {logging_mixin.py:151} INFO - [2026-05-29T10:01:34.740+0200] {dag.py:2915} INFO - Sync 1 DAGs
[2026-05-29T10:01:34.764+0200] {logging_mixin.py:151} INFO - [2026-05-29T10:01:34.764+0200] {dag.py:3696} INFO - Setting next_dagrun for example_setup_teardown to 2026-05-28T08:01:34.764079+00:00, run_after=2026-05-29T08:01:34.764079+00:00
[2026-05-29T10:01:34.786+0200] {processor.py:179} INFO - Processing /home/frederic/airflow_venv/lib/python3.10/site-packages/airflow/example_dags/example_setup_teardown.py took 0.078 seconds
[2026-05-29T10:02:23.467+0200] {processor.py:157} INFO - Started process (PID=686129) to work on /home/frederic/airflow_venv/lib/python3.10/site-packages/airflow/example_dags/example_setup_teardown.py
[2026-05-29T10:02:23.468+0200] {processor.py:829} INFO - Processing file /home/frederic/airflow_venv/lib/python3.10/site-packages/airflow/example_dags/example_setup_teardown.py for tasks to queue
[2026-05-29T10:02:23.469+0200] {logging_mixin.py:151} INFO - [2026-05-29T10:02:23.468+0200] {dagbag.py:539} INFO - Filling up the DagBag from /home/frederic/airflow_venv/lib/python3.10/site-packages/airflow/example_dags/example_setup_teardown.py
[2026-05-29T10:02:23.476+0200] {processor.py:839} INFO - DAG(s) dict_keys(['example_setup_teardown']) retrieved from /home/frederic/airflow_venv/lib/python3.10/site-packages/airflow/example_dags/example_setup_teardown.py
[2026-05-29T10:02:23.491+0200] {logging_mixin.py:151} INFO - [2026-05-29T10:02:23.491+0200] {dag.py:2915} INFO - Sync 1 DAGs
[2026-05-29T10:02:23.508+0200] {logging_mixin.py:151} INFO - [2026-05-29T10:02:23.508+0200] {dag.py:3696} INFO - Setting next_dagrun for example_setup_teardown to 2026-05-28T08:02:23.508051+00:00, run_after=2026-05-29T08:02:23.508051+00:00
[2026-05-29T10:02:23.525+0200] {processor.py:179} INFO - Processing /home/frederic/airflow_venv/lib/python3.10/site-packages/airflow/example_dags/example_setup_teardown.py took 0.060 seconds
[2026-05-29T10:03:09.333+0200] {processor.py:157} INFO - Started process (PID=686566) to work on /home/frederic/airflow_venv/lib/python3.10/site-packages/airflow/example_dags/example_setup_teardown.py
[2026-05-29T10:03:09.337+0200] {processor.py:829} INFO - Processing file /home/frederic/airflow_venv/lib/python3.10/site-packages/airflow/example_dags/example_setup_teardown.py for tasks to queue
[2026-05-29T10:03:09.338+0200] {logging_mixin.py:151} INFO - [2026-05-29T10:03:09.338+0200] {dagbag.py:539} INFO - Filling up the DagBag from /home/frederic/airflow_venv/lib/python3.10/site-packages/airflow/example_dags/example_setup_teardown.py
[2026-05-29T10:03:09.348+0200] {processor.py:839} INFO - DAG(s) dict_keys(['example_setup_teardown']) retrieved from /home/frederic/airflow_venv/lib/python3.10/site-packages/airflow/example_dags/example_setup_teardown.py
[2026-05-29T10:03:09.372+0200] {logging_mixin.py:151} INFO - [2026-05-29T10:03:09.372+0200] {dag.py:2915} INFO - Sync 1 DAGs
[2026-05-29T10:03:09.394+0200] {logging_mixin.py:151} INFO - [2026-05-29T10:03:09.393+0200] {dag.py:3696} INFO - Setting next_dagrun for example_setup_teardown to 2026-05-28T08:03:09.393586+00:00, run_after=2026-05-29T08:03:09.393586+00:00
[2026-05-29T10:03:09.414+0200] {processor.py:179} INFO - Processing /home/frederic/airflow_venv/lib/python3.10/site-packages/airflow/example_dags/example_setup_teardown.py took 0.083 seconds
[2026-05-29T10:03:57.333+0200] {processor.py:157} INFO - Started process (PID=687531) to work on /home/frederic/airflow_venv/lib/python3.10/site-packages/airflow/example_dags/example_setup_teardown.py
[2026-05-29T10:03:57.334+0200] {processor.py:829} INFO - Processing file /home/frederic/airflow_venv/lib/python3.10/site-packages/airflow/example_dags/example_setup_teardown.py for tasks to queue
[2026-05-29T10:03:57.334+0200] {logging_mixin.py:151} INFO - [2026-05-29T10:03:57.334+0200] {dagbag.py:539} INFO - Filling up the DagBag from /home/frederic/airflow_venv/lib/python3.10/site-packages/airflow/example_dags/example_setup_teardown.py
[2026-05-29T10:03:57.343+0200] {processor.py:839} INFO - DAG(s) dict_keys(['example_setup_teardown']) retrieved from /home/frederic/airflow_venv/lib/python3.10/site-packages/airflow/example_dags/example_setup_teardown.py
[2026-05-29T10:03:57.358+0200] {logging_mixin.py:151} INFO - [2026-05-29T10:03:57.358+0200] {dag.py:2915} INFO - Sync 1 DAGs
[2026-05-29T10:03:57.378+0200] {logging_mixin.py:151} INFO - [2026-05-29T10:03:57.377+0200] {dag.py:3696} INFO - Setting next_dagrun for example_setup_teardown to 2026-05-28T08:03:57.377741+00:00, run_after=2026-05-29T08:03:57.377741+00:00
[2026-05-29T10:03:57.400+0200] {processor.py:179} INFO - Processing /home/frederic/airflow_venv/lib/python3.10/site-packages/airflow/example_dags/example_setup_teardown.py took 0.070 seconds
[2026-05-29T10:04:47.313+0200] {processor.py:157} INFO - Started process (PID=688482) to work on /home/frederic/airflow_venv/lib/python3.10/site-packages/airflow/example_dags/example_setup_teardown.py
[2026-05-29T10:04:47.317+0200] {processor.py:829} INFO - Processing file /home/frederic/airflow_venv/lib/python3.10/site-packages/airflow/example_dags/example_setup_teardown.py for tasks to queue
[2026-05-29T10:04:47.317+0200] {logging_mixin.py:151} INFO - [2026-05-29T10:04:47.317+0200] {dagbag.py:539} INFO - Filling up the DagBag from /home/frederic/airflow_venv/lib/python3.10/site-packages/airflow/example_dags/example_setup_teardown.py
[2026-05-29T10:04:47.325+0200] {processor.py:839} INFO - DAG(s) dict_keys(['example_setup_teardown']) retrieved from /home/frederic/airflow_venv/lib/python3.10/site-packages/airflow/example_dags/example_setup_teardown.py
[2026-05-29T10:04:47.340+0200] {logging_mixin.py:151} INFO - [2026-05-29T10:04:47.339+0200] {dag.py:2915} INFO - Sync 1 DAGs
[2026-05-29T10:04:47.358+0200] {logging_mixin.py:151} INFO - [2026-05-29T10:04:47.358+0200] {dag.py:3696} INFO - Setting next_dagrun for example_setup_teardown to 2026-05-28T08:04:47.358097+00:00, run_after=2026-05-29T08:04:47.358097+00:00
[2026-05-29T10:04:47.374+0200] {processor.py:179} INFO - Processing /home/frederic/airflow_venv/lib/python3.10/site-packages/airflow/example_dags/example_setup_teardown.py took 0.064 seconds
[2026-05-29T10:05:32.850+0200] {processor.py:157} INFO - Started process (PID=689598) to work on /home/frederic/airflow_venv/lib/python3.10/site-packages/airflow/example_dags/example_setup_teardown.py
[2026-05-29T10:05:32.852+0200] {processor.py:829} INFO - Processing file /home/frederic/airflow_venv/lib/python3.10/site-packages/airflow/example_dags/example_setup_teardown.py for tasks to queue
[2026-05-29T10:05:32.853+0200] {logging_mixin.py:151} INFO - [2026-05-29T10:05:32.853+0200] {dagbag.py:539} INFO - Filling up the DagBag from /home/frederic/airflow_venv/lib/python3.10/site-packages/airflow/example_dags/example_setup_teardown.py
[2026-05-29T10:05:32.861+0200] {processor.py:839} INFO - DAG(s) dict_keys(['example_setup_teardown']) retrieved from /home/frederic/airflow_venv/lib/python3.10/site-packages/airflow/example_dags/example_setup_teardown.py
[2026-05-29T10:05:32.880+0200] {logging_mixin.py:151} INFO - [2026-05-29T10:05:32.880+0200] {dag.py:2915} INFO - Sync 1 DAGs
[2026-05-29T10:05:32.901+0200] {logging_mixin.py:151} INFO - [2026-05-29T10:05:32.900+0200] {dag.py:3696} INFO - Setting next_dagrun for example_setup_teardown to 2026-05-28T08:05:32.900794+00:00, run_after=2026-05-29T08:05:32.900794+00:00
[2026-05-29T10:05:32.918+0200] {processor.py:179} INFO - Processing /home/frederic/airflow_venv/lib/python3.10/site-packages/airflow/example_dags/example_setup_teardown.py took 0.070 seconds
[2026-05-29T10:06:20.533+0200] {processor.py:157} INFO - Started process (PID=690177) to work on /home/frederic/airflow_venv/lib/python3.10/site-packages/airflow/example_dags/example_setup_teardown.py
[2026-05-29T10:06:20.534+0200] {processor.py:829} INFO - Processing file /home/frederic/airflow_venv/lib/python3.10/site-packages/airflow/example_dags/example_setup_teardown.py for tasks to queue
[2026-05-29T10:06:20.535+0200] {logging_mixin.py:151} INFO - [2026-05-29T10:06:20.535+0200] {dagbag.py:539} INFO - Filling up the DagBag from /home/frederic/airflow_venv/lib/python3.10/site-packages/airflow/example_dags/example_setup_teardown.py
[2026-05-29T10:06:20.543+0200] {processor.py:839} INFO - DAG(s) dict_keys(['example_setup_teardown']) retrieved from /home/frederic/airflow_venv/lib/python3.10/site-packages/airflow/example_dags/example_setup_teardown.py
[2026-05-29T10:06:20.559+0200] {logging_mixin.py:151} INFO - [2026-05-29T10:06:20.559+0200] {dag.py:2915} INFO - Sync 1 DAGs
[2026-05-29T10:06:20.578+0200] {logging_mixin.py:151} INFO - [2026-05-29T10:06:20.578+0200] {dag.py:3696} INFO - Setting next_dagrun for example_setup_teardown to 2026-05-28T08:06:20.578362+00:00, run_after=2026-05-29T08:06:20.578362+00:00
[2026-05-29T10:06:20.599+0200] {processor.py:179} INFO - Processing /home/frederic/airflow_venv/lib/python3.10/site-packages/airflow/example_dags/example_setup_teardown.py took 0.068 seconds
[2026-05-29T10:07:14.062+0200] {processor.py:157} INFO - Started process (PID=690877) to work on /home/frederic/airflow_venv/lib/python3.10/site-packages/airflow/example_dags/example_setup_teardown.py
[2026-05-29T10:07:14.063+0200] {processor.py:829} INFO - Processing file /home/frederic/airflow_venv/lib/python3.10/site-packages/airflow/example_dags/example_setup_teardown.py for tasks to queue
[2026-05-29T10:07:14.064+0200] {logging_mixin.py:151} INFO - [2026-05-29T10:07:14.063+0200] {dagbag.py:539} INFO - Filling up the DagBag from /home/frederic/airflow_venv/lib/python3.10/site-packages/airflow/example_dags/example_setup_teardown.py
[2026-05-29T10:07:14.071+0200] {processor.py:839} INFO - DAG(s) dict_keys(['example_setup_teardown']) retrieved from /home/frederic/airflow_venv/lib/python3.10/site-packages/airflow/example_dags/example_setup_teardown.py
[2026-05-29T10:07:14.085+0200] {logging_mixin.py:151} INFO - [2026-05-29T10:07:14.085+0200] {dag.py:2915} INFO - Sync 1 DAGs
[2026-05-29T10:07:14.104+0200] {logging_mixin.py:151} INFO - [2026-05-29T10:07:14.103+0200] {dag.py:3696} INFO - Setting next_dagrun for example_setup_teardown to 2026-05-28T08:07:14.103749+00:00, run_after=2026-05-29T08:07:14.103749+00:00
[2026-05-29T10:07:14.120+0200] {processor.py:179} INFO - Processing /home/frederic/airflow_venv/lib/python3.10/site-packages/airflow/example_dags/example_setup_teardown.py took 0.061 seconds
[2026-05-29T10:08:05.684+0200] {processor.py:157} INFO - Started process (PID=691509) to work on /home/frederic/airflow_venv/lib/python3.10/site-packages/airflow/example_dags/example_setup_teardown.py
[2026-05-29T10:08:05.687+0200] {processor.py:829} INFO - Processing file /home/frederic/airflow_venv/lib/python3.10/site-packages/airflow/example_dags/example_setup_teardown.py for tasks to queue
[2026-05-29T10:08:05.689+0200] {logging_mixin.py:151} INFO - [2026-05-29T10:08:05.688+0200] {dagbag.py:539} INFO - Filling up the DagBag from /home/frederic/airflow_venv/lib/python3.10/site-packages/airflow/example_dags/example_setup_teardown.py
[2026-05-29T10:08:05.695+0200] {processor.py:839} INFO - DAG(s) dict_keys(['example_setup_teardown']) retrieved from /home/frederic/airflow_venv/lib/python3.10/site-packages/airflow/example_dags/example_setup_teardown.py
[2026-05-29T10:08:05.710+0200] {logging_mixin.py:151} INFO - [2026-05-29T10:08:05.710+0200] {dag.py:2915} INFO - Sync 1 DAGs
[2026-05-29T10:08:05.728+0200] {logging_mixin.py:151} INFO - [2026-05-29T10:08:05.727+0200] {dag.py:3696} INFO - Setting next_dagrun for example_setup_teardown to 2026-05-28T08:08:05.727745+00:00, run_after=2026-05-29T08:08:05.727745+00:00
[2026-05-29T10:08:05.746+0200] {processor.py:179} INFO - Processing /home/frederic/airflow_venv/lib/python3.10/site-packages/airflow/example_dags/example_setup_teardown.py took 0.065 seconds
[2026-05-29T10:08:53.068+0200] {processor.py:157} INFO - Started process (PID=692095) to work on /home/frederic/airflow_venv/lib/python3.10/site-packages/airflow/example_dags/example_setup_teardown.py
[2026-05-29T10:08:53.071+0200] {processor.py:829} INFO - Processing file /home/frederic/airflow_venv/lib/python3.10/site-packages/airflow/example_dags/example_setup_teardown.py for tasks to queue
[2026-05-29T10:08:53.072+0200] {logging_mixin.py:151} INFO - [2026-05-29T10:08:53.072+0200] {dagbag.py:539} INFO - Filling up the DagBag from /home/frederic/airflow_venv/lib/python3.10/site-packages/airflow/example_dags/example_setup_teardown.py
[2026-05-29T10:08:53.079+0200] {processor.py:839} INFO - DAG(s) dict_keys(['example_setup_teardown']) retrieved from /home/frederic/airflow_venv/lib/python3.10/site-packages/airflow/example_dags/example_setup_teardown.py
[2026-05-29T10:08:53.093+0200] {logging_mixin.py:151} INFO - [2026-05-29T10:08:53.093+0200] {dag.py:2915} INFO - Sync 1 DAGs
[2026-05-29T10:08:53.110+0200] {logging_mixin.py:151} INFO - [2026-05-29T10:08:53.109+0200] {dag.py:3696} INFO - Setting next_dagrun for example_setup_teardown to 2026-05-28T08:08:53.109689+00:00, run_after=2026-05-29T08:08:53.109689+00:00
[2026-05-29T10:08:53.127+0200] {processor.py:179} INFO - Processing /home/frederic/airflow_venv/lib/python3.10/site-packages/airflow/example_dags/example_setup_teardown.py took 0.061 seconds
[2026-05-29T10:09:39.052+0200] {processor.py:157} INFO - Started process (PID=692580) to work on /home/frederic/airflow_venv/lib/python3.10/site-packages/airflow/example_dags/example_setup_teardown.py
[2026-05-29T10:09:39.056+0200] {processor.py:829} INFO - Processing file /home/frederic/airflow_venv/lib/python3.10/site-packages/airflow/example_dags/example_setup_teardown.py for tasks to queue
[2026-05-29T10:09:39.057+0200] {logging_mixin.py:151} INFO - [2026-05-29T10:09:39.056+0200] {dagbag.py:539} INFO - Filling up the DagBag from /home/frederic/airflow_venv/lib/python3.10/site-packages/airflow/example_dags/example_setup_teardown.py
[2026-05-29T10:09:39.064+0200] {processor.py:839} INFO - DAG(s) dict_keys(['example_setup_teardown']) retrieved from /home/frederic/airflow_venv/lib/python3.10/site-packages/airflow/example_dags/example_setup_teardown.py
[2026-05-29T10:09:39.078+0200] {logging_mixin.py:151} INFO - [2026-05-29T10:09:39.078+0200] {dag.py:2915} INFO - Sync 1 DAGs
[2026-05-29T10:09:39.095+0200] {logging_mixin.py:151} INFO - [2026-05-29T10:09:39.095+0200] {dag.py:3696} INFO - Setting next_dagrun for example_setup_teardown to 2026-05-28T08:09:39.094986+00:00, run_after=2026-05-29T08:09:39.094986+00:00
[2026-05-29T10:09:39.112+0200] {processor.py:179} INFO - Processing /home/frederic/airflow_venv/lib/python3.10/site-packages/airflow/example_dags/example_setup_teardown.py took 0.062 seconds
[2026-05-29T10:10:26.842+0200] {processor.py:157} INFO - Started process (PID=693239) to work on /home/frederic/airflow_venv/lib/python3.10/site-packages/airflow/example_dags/example_setup_teardown.py
[2026-05-29T10:10:26.846+0200] {processor.py:829} INFO - Processing file /home/frederic/airflow_venv/lib/python3.10/site-packages/airflow/example_dags/example_setup_teardown.py for tasks to queue
[2026-05-29T10:10:26.846+0200] {logging_mixin.py:151} INFO - [2026-05-29T10:10:26.846+0200] {dagbag.py:539} INFO - Filling up the DagBag from /home/frederic/airflow_venv/lib/python3.10/site-packages/airflow/example_dags/example_setup_teardown.py
[2026-05-29T10:10:26.852+0200] {processor.py:839} INFO - DAG(s) dict_keys(['example_setup_teardown']) retrieved from /home/frederic/airflow_venv/lib/python3.10/site-packages/airflow/example_dags/example_setup_teardown.py
[2026-05-29T10:10:26.873+0200] {logging_mixin.py:151} INFO - [2026-05-29T10:10:26.873+0200] {dag.py:2915} INFO - Sync 1 DAGs
[2026-05-29T10:10:26.892+0200] {logging_mixin.py:151} INFO - [2026-05-29T10:10:26.892+0200] {dag.py:3696} INFO - Setting next_dagrun for example_setup_teardown to 2026-05-28T08:10:26.892000+00:00, run_after=2026-05-29T08:10:26.892000+00:00
[2026-05-29T10:10:26.908+0200] {processor.py:179} INFO - Processing /home/frederic/airflow_venv/lib/python3.10/site-packages/airflow/example_dags/example_setup_teardown.py took 0.069 seconds
[2026-05-29T10:11:16.996+0200] {processor.py:157} INFO - Started process (PID=694271) to work on /home/frederic/airflow_venv/lib/python3.10/site-packages/airflow/example_dags/example_setup_teardown.py
[2026-05-29T10:11:16.997+0200] {processor.py:829} INFO - Processing file /home/frederic/airflow_venv/lib/python3.10/site-packages/airflow/example_dags/example_setup_teardown.py for tasks to queue
[2026-05-29T10:11:16.997+0200] {logging_mixin.py:151} INFO - [2026-05-29T10:11:16.997+0200] {dagbag.py:539} INFO - Filling up the DagBag from /home/frederic/airflow_venv/lib/python3.10/site-packages/airflow/example_dags/example_setup_teardown.py
[2026-05-29T10:11:17.003+0200] {processor.py:839} INFO - DAG(s) dict_keys(['example_setup_teardown']) retrieved from /home/frederic/airflow_venv/lib/python3.10/site-packages/airflow/example_dags/example_setup_teardown.py
[2026-05-29T10:11:17.015+0200] {logging_mixin.py:151} INFO - [2026-05-29T10:11:17.014+0200] {dag.py:2915} INFO - Sync 1 DAGs
[2026-05-29T10:11:17.030+0200] {logging_mixin.py:151} INFO - [2026-05-29T10:11:17.030+0200] {dag.py:3696} INFO - Setting next_dagrun for example_setup_teardown to 2026-05-28T08:11:17.030599+00:00, run_after=2026-05-29T08:11:17.030599+00:00
[2026-05-29T10:11:17.050+0200] {processor.py:179} INFO - Processing /home/frederic/airflow_venv/lib/python3.10/site-packages/airflow/example_dags/example_setup_teardown.py took 0.057 seconds
[2026-05-29T10:12:06.134+0200] {processor.py:157} INFO - Started process (PID=695311) to work on /home/frederic/airflow_venv/lib/python3.10/site-packages/airflow/example_dags/example_setup_teardown.py
[2026-05-29T10:12:06.135+0200] {processor.py:829} INFO - Processing file /home/frederic/airflow_venv/lib/python3.10/site-packages/airflow/example_dags/example_setup_teardown.py for tasks to queue
[2026-05-29T10:12:06.135+0200] {logging_mixin.py:151} INFO - [2026-05-29T10:12:06.135+0200] {dagbag.py:539} INFO - Filling up the DagBag from /home/frederic/airflow_venv/lib/python3.10/site-packages/airflow/example_dags/example_setup_teardown.py
[2026-05-29T10:12:06.141+0200] {processor.py:839} INFO - DAG(s) dict_keys(['example_setup_teardown']) retrieved from /home/frederic/airflow_venv/lib/python3.10/site-packages/airflow/example_dags/example_setup_teardown.py
[2026-05-29T10:12:06.153+0200] {logging_mixin.py:151} INFO - [2026-05-29T10:12:06.153+0200] {dag.py:2915} INFO - Sync 1 DAGs
[2026-05-29T10:12:06.168+0200] {logging_mixin.py:151} INFO - [2026-05-29T10:12:06.168+0200] {dag.py:3696} INFO - Setting next_dagrun for example_setup_teardown to 2026-05-28T08:12:06.168613+00:00, run_after=2026-05-29T08:12:06.168613+00:00
[2026-05-29T10:12:06.183+0200] {processor.py:179} INFO - Processing /home/frederic/airflow_venv/lib/python3.10/site-packages/airflow/example_dags/example_setup_teardown.py took 0.051 seconds
[2026-05-29T10:12:48.203+0200] {processor.py:157} INFO - Started process (PID=695707) to work on /home/frederic/airflow_venv/lib/python3.10/site-packages/airflow/example_dags/example_setup_teardown.py
[2026-05-29T10:12:48.204+0200] {processor.py:829} INFO - Processing file /home/frederic/airflow_venv/lib/python3.10/site-packages/airflow/example_dags/example_setup_teardown.py for tasks to queue
[2026-05-29T10:12:48.205+0200] {logging_mixin.py:151} INFO - [2026-05-29T10:12:48.205+0200] {dagbag.py:539} INFO - Filling up the DagBag from /home/frederic/airflow_venv/lib/python3.10/site-packages/airflow/example_dags/example_setup_teardown.py
[2026-05-29T10:12:48.211+0200] {processor.py:839} INFO - DAG(s) dict_keys(['example_setup_teardown']) retrieved from /home/frederic/airflow_venv/lib/python3.10/site-packages/airflow/example_dags/example_setup_teardown.py
[2026-05-29T10:12:48.222+0200] {logging_mixin.py:151} INFO - [2026-05-29T10:12:48.222+0200] {dag.py:2915} INFO - Sync 1 DAGs
[2026-05-29T10:12:48.238+0200] {logging_mixin.py:151} INFO - [2026-05-29T10:12:48.238+0200] {dag.py:3696} INFO - Setting next_dagrun for example_setup_teardown to 2026-05-28T08:12:48.238147+00:00, run_after=2026-05-29T08:12:48.238147+00:00
[2026-05-29T10:12:48.252+0200] {processor.py:179} INFO - Processing /home/frederic/airflow_venv/lib/python3.10/site-packages/airflow/example_dags/example_setup_teardown.py took 0.052 seconds
[2026-05-29T10:13:28.165+0200] {processor.py:157} INFO - Started process (PID=696163) to work on /home/frederic/airflow_venv/lib/python3.10/site-packages/airflow/example_dags/example_setup_teardown.py
[2026-05-29T10:13:28.166+0200] {processor.py:829} INFO - Processing file /home/frederic/airflow_venv/lib/python3.10/site-packages/airflow/example_dags/example_setup_teardown.py for tasks to queue
[2026-05-29T10:13:28.166+0200] {logging_mixin.py:151} INFO - [2026-05-29T10:13:28.166+0200] {dagbag.py:539} INFO - Filling up the DagBag from /home/frederic/airflow_venv/lib/python3.10/site-packages/airflow/example_dags/example_setup_teardown.py
[2026-05-29T10:13:28.172+0200] {processor.py:839} INFO - DAG(s) dict_keys(['example_setup_teardown']) retrieved from /home/frederic/airflow_venv/lib/python3.10/site-packages/airflow/example_dags/example_setup_teardown.py
[2026-05-29T10:13:28.184+0200] {logging_mixin.py:151} INFO - [2026-05-29T10:13:28.184+0200] {dag.py:2915} INFO - Sync 1 DAGs
[2026-05-29T10:13:28.199+0200] {logging_mixin.py:151} INFO - [2026-05-29T10:13:28.199+0200] {dag.py:3696} INFO - Setting next_dagrun for example_setup_teardown to 2026-05-28T08:13:28.199441+00:00, run_after=2026-05-29T08:13:28.199441+00:00
[2026-05-29T10:13:28.216+0200] {processor.py:179} INFO - Processing /home/frederic/airflow_venv/lib/python3.10/site-packages/airflow/example_dags/example_setup_teardown.py took 0.054 seconds
[2026-05-29T10:14:19.849+0200] {processor.py:157} INFO - Started process (PID=696790) to work on /home/frederic/airflow_venv/lib/python3.10/site-packages/airflow/example_dags/example_setup_teardown.py
[2026-05-29T10:14:19.850+0200] {processor.py:829} INFO - Processing file /home/frederic/airflow_venv/lib/python3.10/site-packages/airflow/example_dags/example_setup_teardown.py for tasks to queue
[2026-05-29T10:14:19.850+0200] {logging_mixin.py:151} INFO - [2026-05-29T10:14:19.850+0200] {dagbag.py:539} INFO - Filling up the DagBag from /home/frederic/airflow_venv/lib/python3.10/site-packages/airflow/example_dags/example_setup_teardown.py
[2026-05-29T10:14:19.856+0200] {processor.py:839} INFO - DAG(s) dict_keys(['example_setup_teardown']) retrieved from /home/frederic/airflow_venv/lib/python3.10/site-packages/airflow/example_dags/example_setup_teardown.py
[2026-05-29T10:14:19.868+0200] {logging_mixin.py:151} INFO - [2026-05-29T10:14:19.868+0200] {dag.py:2915} INFO - Sync 1 DAGs
[2026-05-29T10:14:19.884+0200] {logging_mixin.py:151} INFO - [2026-05-29T10:14:19.884+0200] {dag.py:3696} INFO - Setting next_dagrun for example_setup_teardown to 2026-05-28T08:14:19.884375+00:00, run_after=2026-05-29T08:14:19.884375+00:00
[2026-05-29T10:14:19.899+0200] {processor.py:179} INFO - Processing /home/frederic/airflow_venv/lib/python3.10/site-packages/airflow/example_dags/example_setup_teardown.py took 0.052 seconds
[2026-05-29T10:15:08.131+0200] {processor.py:157} INFO - Started process (PID=697404) to work on /home/frederic/airflow_venv/lib/python3.10/site-packages/airflow/example_dags/example_setup_teardown.py
[2026-05-29T10:15:08.132+0200] {processor.py:829} INFO - Processing file /home/frederic/airflow_venv/lib/python3.10/site-packages/airflow/example_dags/example_setup_teardown.py for tasks to queue
[2026-05-29T10:15:08.133+0200] {logging_mixin.py:151} INFO - [2026-05-29T10:15:08.132+0200] {dagbag.py:539} INFO - Filling up the DagBag from /home/frederic/airflow_venv/lib/python3.10/site-packages/airflow/example_dags/example_setup_teardown.py
[2026-05-29T10:15:08.138+0200] {processor.py:839} INFO - DAG(s) dict_keys(['example_setup_teardown']) retrieved from /home/frederic/airflow_venv/lib/python3.10/site-packages/airflow/example_dags/example_setup_teardown.py
[2026-05-29T10:15:08.150+0200] {logging_mixin.py:151} INFO - [2026-05-29T10:15:08.150+0200] {dag.py:2915} INFO - Sync 1 DAGs
[2026-05-29T10:15:08.164+0200] {logging_mixin.py:151} INFO - [2026-05-29T10:15:08.164+0200] {dag.py:3696} INFO - Setting next_dagrun for example_setup_teardown to 2026-05-28T08:15:08.163923+00:00, run_after=2026-05-29T08:15:08.163923+00:00
[2026-05-29T10:15:08.179+0200] {processor.py:179} INFO - Processing /home/frederic/airflow_venv/lib/python3.10/site-packages/airflow/example_dags/example_setup_teardown.py took 0.050 seconds
[2026-05-29T10:15:57.421+0200] {processor.py:157} INFO - Started process (PID=698316) to work on /home/frederic/airflow_venv/lib/python3.10/site-packages/airflow/example_dags/example_setup_teardown.py
[2026-05-29T10:15:57.422+0200] {processor.py:829} INFO - Processing file /home/frederic/airflow_venv/lib/python3.10/site-packages/airflow/example_dags/example_setup_teardown.py for tasks to queue
[2026-05-29T10:15:57.422+0200] {logging_mixin.py:151} INFO - [2026-05-29T10:15:57.422+0200] {dagbag.py:539} INFO - Filling up the DagBag from /home/frederic/airflow_venv/lib/python3.10/site-packages/airflow/example_dags/example_setup_teardown.py
[2026-05-29T10:15:57.428+0200] {processor.py:839} INFO - DAG(s) dict_keys(['example_setup_teardown']) retrieved from /home/frederic/airflow_venv/lib/python3.10/site-packages/airflow/example_dags/example_setup_teardown.py
[2026-05-29T10:15:57.442+0200] {logging_mixin.py:151} INFO - [2026-05-29T10:15:57.442+0200] {dag.py:2915} INFO - Sync 1 DAGs
[2026-05-29T10:15:57.465+0200] {logging_mixin.py:151} INFO - [2026-05-29T10:15:57.465+0200] {dag.py:3696} INFO - Setting next_dagrun for example_setup_teardown to 2026-05-28T08:15:57.464900+00:00, run_after=2026-05-29T08:15:57.464900+00:00
[2026-05-29T10:15:57.487+0200] {processor.py:179} INFO - Processing /home/frederic/airflow_venv/lib/python3.10/site-packages/airflow/example_dags/example_setup_teardown.py took 0.069 seconds
[2026-05-29T10:16:43.741+0200] {processor.py:157} INFO - Started process (PID=698893) to work on /home/frederic/airflow_venv/lib/python3.10/site-packages/airflow/example_dags/example_setup_teardown.py
[2026-05-29T10:16:43.742+0200] {processor.py:829} INFO - Processing file /home/frederic/airflow_venv/lib/python3.10/site-packages/airflow/example_dags/example_setup_teardown.py for tasks to queue
[2026-05-29T10:16:43.742+0200] {logging_mixin.py:151} INFO - [2026-05-29T10:16:43.742+0200] {dagbag.py:539} INFO - Filling up the DagBag from /home/frederic/airflow_venv/lib/python3.10/site-packages/airflow/example_dags/example_setup_teardown.py
[2026-05-29T10:16:43.748+0200] {processor.py:839} INFO - DAG(s) dict_keys(['example_setup_teardown']) retrieved from /home/frederic/airflow_venv/lib/python3.10/site-packages/airflow/example_dags/example_setup_teardown.py
[2026-05-29T10:16:43.761+0200] {logging_mixin.py:151} INFO - [2026-05-29T10:16:43.761+0200] {dag.py:2915} INFO - Sync 1 DAGs
[2026-05-29T10:16:43.779+0200] {logging_mixin.py:151} INFO - [2026-05-29T10:16:43.779+0200] {dag.py:3696} INFO - Setting next_dagrun for example_setup_teardown to 2026-05-28T08:16:43.779399+00:00, run_after=2026-05-29T08:16:43.779399+00:00
[2026-05-29T10:16:43.796+0200] {processor.py:179} INFO - Processing /home/frederic/airflow_venv/lib/python3.10/site-packages/airflow/example_dags/example_setup_teardown.py took 0.058 seconds
[2026-05-29T10:17:28.151+0200] {processor.py:157} INFO - Started process (PID=700025) to work on /home/frederic/airflow_venv/lib/python3.10/site-packages/airflow/example_dags/example_setup_teardown.py
[2026-05-29T10:17:28.152+0200] {processor.py:829} INFO - Processing file /home/frederic/airflow_venv/lib/python3.10/site-packages/airflow/example_dags/example_setup_teardown.py for tasks to queue
[2026-05-29T10:17:28.153+0200] {logging_mixin.py:151} INFO - [2026-05-29T10:17:28.153+0200] {dagbag.py:539} INFO - Filling up the DagBag from /home/frederic/airflow_venv/lib/python3.10/site-packages/airflow/example_dags/example_setup_teardown.py
[2026-05-29T10:17:28.161+0200] {processor.py:839} INFO - DAG(s) dict_keys(['example_setup_teardown']) retrieved from /home/frederic/airflow_venv/lib/python3.10/site-packages/airflow/example_dags/example_setup_teardown.py
[2026-05-29T10:17:28.178+0200] {logging_mixin.py:151} INFO - [2026-05-29T10:17:28.178+0200] {dag.py:2915} INFO - Sync 1 DAGs
[2026-05-29T10:17:28.195+0200] {logging_mixin.py:151} INFO - [2026-05-29T10:17:28.195+0200] {dag.py:3696} INFO - Setting next_dagrun for example_setup_teardown to 2026-05-28T08:17:28.194855+00:00, run_after=2026-05-29T08:17:28.194855+00:00
[2026-05-29T10:17:28.210+0200] {processor.py:179} INFO - Processing /home/frederic/airflow_venv/lib/python3.10/site-packages/airflow/example_dags/example_setup_teardown.py took 0.062 seconds
[2026-05-29T10:18:16.114+0200] {processor.py:157} INFO - Started process (PID=700764) to work on /home/frederic/airflow_venv/lib/python3.10/site-packages/airflow/example_dags/example_setup_teardown.py
[2026-05-29T10:18:16.114+0200] {processor.py:829} INFO - Processing file /home/frederic/airflow_venv/lib/python3.10/site-packages/airflow/example_dags/example_setup_teardown.py for tasks to queue
[2026-05-29T10:18:16.115+0200] {logging_mixin.py:151} INFO - [2026-05-29T10:18:16.115+0200] {dagbag.py:539} INFO - Filling up the DagBag from /home/frederic/airflow_venv/lib/python3.10/site-packages/airflow/example_dags/example_setup_teardown.py
[2026-05-29T10:18:16.121+0200] {processor.py:839} INFO - DAG(s) dict_keys(['example_setup_teardown']) retrieved from /home/frederic/airflow_venv/lib/python3.10/site-packages/airflow/example_dags/example_setup_teardown.py
[2026-05-29T10:18:16.133+0200] {logging_mixin.py:151} INFO - [2026-05-29T10:18:16.133+0200] {dag.py:2915} INFO - Sync 1 DAGs
[2026-05-29T10:18:16.147+0200] {logging_mixin.py:151} INFO - [2026-05-29T10:18:16.147+0200] {dag.py:3696} INFO - Setting next_dagrun for example_setup_teardown to 2026-05-28T08:18:16.147634+00:00, run_after=2026-05-29T08:18:16.147634+00:00
[2026-05-29T10:18:16.161+0200] {processor.py:179} INFO - Processing /home/frederic/airflow_venv/lib/python3.10/site-packages/airflow/example_dags/example_setup_teardown.py took 0.050 seconds
[2026-05-29T10:19:01.525+0200] {processor.py:157} INFO - Started process (PID=701196) to work on /home/frederic/airflow_venv/lib/python3.10/site-packages/airflow/example_dags/example_setup_teardown.py
[2026-05-29T10:19:01.526+0200] {processor.py:829} INFO - Processing file /home/frederic/airflow_venv/lib/python3.10/site-packages/airflow/example_dags/example_setup_teardown.py for tasks to queue
[2026-05-29T10:19:01.527+0200] {logging_mixin.py:151} INFO - [2026-05-29T10:19:01.527+0200] {dagbag.py:539} INFO - Filling up the DagBag from /home/frederic/airflow_venv/lib/python3.10/site-packages/airflow/example_dags/example_setup_teardown.py
[2026-05-29T10:19:01.533+0200] {processor.py:839} INFO - DAG(s) dict_keys(['example_setup_teardown']) retrieved from /home/frederic/airflow_venv/lib/python3.10/site-packages/airflow/example_dags/example_setup_teardown.py
[2026-05-29T10:19:01.545+0200] {logging_mixin.py:151} INFO - [2026-05-29T10:19:01.545+0200] {dag.py:2915} INFO - Sync 1 DAGs
[2026-05-29T10:19:01.560+0200] {logging_mixin.py:151} INFO - [2026-05-29T10:19:01.560+0200] {dag.py:3696} INFO - Setting next_dagrun for example_setup_teardown to 2026-05-28T08:19:01.560116+00:00, run_after=2026-05-29T08:19:01.560116+00:00
[2026-05-29T10:19:01.575+0200] {processor.py:179} INFO - Processing /home/frederic/airflow_venv/lib/python3.10/site-packages/airflow/example_dags/example_setup_teardown.py took 0.052 seconds
[2026-05-29T10:19:49.830+0200] {processor.py:157} INFO - Started process (PID=701652) to work on /home/frederic/airflow_venv/lib/python3.10/site-packages/airflow/example_dags/example_setup_teardown.py
[2026-05-29T10:19:49.831+0200] {processor.py:829} INFO - Processing file /home/frederic/airflow_venv/lib/python3.10/site-packages/airflow/example_dags/example_setup_teardown.py for tasks to queue
[2026-05-29T10:19:49.832+0200] {logging_mixin.py:151} INFO - [2026-05-29T10:19:49.832+0200] {dagbag.py:539} INFO - Filling up the DagBag from /home/frederic/airflow_venv/lib/python3.10/site-packages/airflow/example_dags/example_setup_teardown.py
[2026-05-29T10:19:49.839+0200] {processor.py:839} INFO - DAG(s) dict_keys(['example_setup_teardown']) retrieved from /home/frederic/airflow_venv/lib/python3.10/site-packages/airflow/example_dags/example_setup_teardown.py
[2026-05-29T10:19:49.854+0200] {logging_mixin.py:151} INFO - [2026-05-29T10:19:49.853+0200] {dag.py:2915} INFO - Sync 1 DAGs
[2026-05-29T10:19:49.872+0200] {logging_mixin.py:151} INFO - [2026-05-29T10:19:49.872+0200] {dag.py:3696} INFO - Setting next_dagrun for example_setup_teardown to 2026-05-28T08:19:49.871844+00:00, run_after=2026-05-29T08:19:49.871844+00:00
[2026-05-29T10:19:49.887+0200] {processor.py:179} INFO - Processing /home/frederic/airflow_venv/lib/python3.10/site-packages/airflow/example_dags/example_setup_teardown.py took 0.059 seconds
[2026-05-29T10:20:40.118+0200] {processor.py:157} INFO - Started process (PID=702324) to work on /home/frederic/airflow_venv/lib/python3.10/site-packages/airflow/example_dags/example_setup_teardown.py
[2026-05-29T10:20:40.119+0200] {processor.py:829} INFO - Processing file /home/frederic/airflow_venv/lib/python3.10/site-packages/airflow/example_dags/example_setup_teardown.py for tasks to queue
[2026-05-29T10:20:40.120+0200] {logging_mixin.py:151} INFO - [2026-05-29T10:20:40.120+0200] {dagbag.py:539} INFO - Filling up the DagBag from /home/frederic/airflow_venv/lib/python3.10/site-packages/airflow/example_dags/example_setup_teardown.py
[2026-05-29T10:20:40.126+0200] {processor.py:839} INFO - DAG(s) dict_keys(['example_setup_teardown']) retrieved from /home/frederic/airflow_venv/lib/python3.10/site-packages/airflow/example_dags/example_setup_teardown.py
[2026-05-29T10:20:40.137+0200] {logging_mixin.py:151} INFO - [2026-05-29T10:20:40.137+0200] {dag.py:2915} INFO - Sync 1 DAGs
[2026-05-29T10:20:40.152+0200] {logging_mixin.py:151} INFO - [2026-05-29T10:20:40.152+0200] {dag.py:3696} INFO - Setting next_dagrun for example_setup_teardown to 2026-05-28T08:20:40.152563+00:00, run_after=2026-05-29T08:20:40.152563+00:00
[2026-05-29T10:20:40.248+0200] {processor.py:179} INFO - Processing /home/frederic/airflow_venv/lib/python3.10/site-packages/airflow/example_dags/example_setup_teardown.py took 0.132 seconds
[2026-05-29T10:21:28.325+0200] {processor.py:157} INFO - Started process (PID=702815) to work on /home/frederic/airflow_venv/lib/python3.10/site-packages/airflow/example_dags/example_setup_teardown.py
[2026-05-29T10:21:28.326+0200] {processor.py:829} INFO - Processing file /home/frederic/airflow_venv/lib/python3.10/site-packages/airflow/example_dags/example_setup_teardown.py for tasks to queue
[2026-05-29T10:21:28.327+0200] {logging_mixin.py:151} INFO - [2026-05-29T10:21:28.326+0200] {dagbag.py:539} INFO - Filling up the DagBag from /home/frederic/airflow_venv/lib/python3.10/site-packages/airflow/example_dags/example_setup_teardown.py
[2026-05-29T10:21:28.335+0200] {processor.py:839} INFO - DAG(s) dict_keys(['example_setup_teardown']) retrieved from /home/frederic/airflow_venv/lib/python3.10/site-packages/airflow/example_dags/example_setup_teardown.py
[2026-05-29T10:21:28.349+0200] {logging_mixin.py:151} INFO - [2026-05-29T10:21:28.349+0200] {dag.py:2915} INFO - Sync 1 DAGs
[2026-05-29T10:21:28.367+0200] {logging_mixin.py:151} INFO - [2026-05-29T10:21:28.367+0200] {dag.py:3696} INFO - Setting next_dagrun for example_setup_teardown to 2026-05-28T08:21:28.367340+00:00, run_after=2026-05-29T08:21:28.367340+00:00
[2026-05-29T10:21:28.385+0200] {processor.py:179} INFO - Processing /home/frederic/airflow_venv/lib/python3.10/site-packages/airflow/example_dags/example_setup_teardown.py took 0.062 seconds
[2026-05-29T10:22:15.032+0200] {processor.py:157} INFO - Started process (PID=703283) to work on /home/frederic/airflow_venv/lib/python3.10/site-packages/airflow/example_dags/example_setup_teardown.py
[2026-05-29T10:22:15.033+0200] {processor.py:829} INFO - Processing file /home/frederic/airflow_venv/lib/python3.10/site-packages/airflow/example_dags/example_setup_teardown.py for tasks to queue
[2026-05-29T10:22:15.033+0200] {logging_mixin.py:151} INFO - [2026-05-29T10:22:15.033+0200] {dagbag.py:539} INFO - Filling up the DagBag from /home/frederic/airflow_venv/lib/python3.10/site-packages/airflow/example_dags/example_setup_teardown.py
[2026-05-29T10:22:15.039+0200] {processor.py:839} INFO - DAG(s) dict_keys(['example_setup_teardown']) retrieved from /home/frederic/airflow_venv/lib/python3.10/site-packages/airflow/example_dags/example_setup_teardown.py
[2026-05-29T10:22:15.052+0200] {logging_mixin.py:151} INFO - [2026-05-29T10:22:15.051+0200] {dag.py:2915} INFO - Sync 1 DAGs
[2026-05-29T10:22:15.067+0200] {logging_mixin.py:151} INFO - [2026-05-29T10:22:15.066+0200] {dag.py:3696} INFO - Setting next_dagrun for example_setup_teardown to 2026-05-28T08:22:15.066737+00:00, run_after=2026-05-29T08:22:15.066737+00:00
[2026-05-29T10:22:15.082+0200] {processor.py:179} INFO - Processing /home/frederic/airflow_venv/lib/python3.10/site-packages/airflow/example_dags/example_setup_teardown.py took 0.052 seconds
[2026-05-29T10:23:04.046+0200] {processor.py:157} INFO - Started process (PID=703829) to work on /home/frederic/airflow_venv/lib/python3.10/site-packages/airflow/example_dags/example_setup_teardown.py
[2026-05-29T10:23:04.047+0200] {processor.py:829} INFO - Processing file /home/frederic/airflow_venv/lib/python3.10/site-packages/airflow/example_dags/example_setup_teardown.py for tasks to queue
[2026-05-29T10:23:04.047+0200] {logging_mixin.py:151} INFO - [2026-05-29T10:23:04.047+0200] {dagbag.py:539} INFO - Filling up the DagBag from /home/frederic/airflow_venv/lib/python3.10/site-packages/airflow/example_dags/example_setup_teardown.py
[2026-05-29T10:23:04.053+0200] {processor.py:839} INFO - DAG(s) dict_keys(['example_setup_teardown']) retrieved from /home/frederic/airflow_venv/lib/python3.10/site-packages/airflow/example_dags/example_setup_teardown.py
[2026-05-29T10:23:04.065+0200] {logging_mixin.py:151} INFO - [2026-05-29T10:23:04.065+0200] {dag.py:2915} INFO - Sync 1 DAGs
[2026-05-29T10:23:04.166+0200] {logging_mixin.py:151} INFO - [2026-05-29T10:23:04.166+0200] {dag.py:3696} INFO - Setting next_dagrun for example_setup_teardown to 2026-05-28T08:23:04.166576+00:00, run_after=2026-05-29T08:23:04.166576+00:00
[2026-05-29T10:23:04.181+0200] {processor.py:179} INFO - Processing /home/frederic/airflow_venv/lib/python3.10/site-packages/airflow/example_dags/example_setup_teardown.py took 0.137 seconds
[2026-05-29T10:23:53.921+0200] {processor.py:157} INFO - Started process (PID=704349) to work on /home/frederic/airflow_venv/lib/python3.10/site-packages/airflow/example_dags/example_setup_teardown.py
[2026-05-29T10:23:53.922+0200] {processor.py:829} INFO - Processing file /home/frederic/airflow_venv/lib/python3.10/site-packages/airflow/example_dags/example_setup_teardown.py for tasks to queue
[2026-05-29T10:23:53.923+0200] {logging_mixin.py:151} INFO - [2026-05-29T10:23:53.923+0200] {dagbag.py:539} INFO - Filling up the DagBag from /home/frederic/airflow_venv/lib/python3.10/site-packages/airflow/example_dags/example_setup_teardown.py
[2026-05-29T10:23:53.929+0200] {processor.py:839} INFO - DAG(s) dict_keys(['example_setup_teardown']) retrieved from /home/frederic/airflow_venv/lib/python3.10/site-packages/airflow/example_dags/example_setup_teardown.py
[2026-05-29T10:23:53.941+0200] {logging_mixin.py:151} INFO - [2026-05-29T10:23:53.941+0200] {dag.py:2915} INFO - Sync 1 DAGs
[2026-05-29T10:23:53.957+0200] {logging_mixin.py:151} INFO - [2026-05-29T10:23:53.956+0200] {dag.py:3696} INFO - Setting next_dagrun for example_setup_teardown to 2026-05-28T08:23:53.956704+00:00, run_after=2026-05-29T08:23:53.956704+00:00
[2026-05-29T10:23:53.973+0200] {processor.py:179} INFO - Processing /home/frederic/airflow_venv/lib/python3.10/site-packages/airflow/example_dags/example_setup_teardown.py took 0.054 seconds
[2026-05-29T10:24:46.568+0200] {processor.py:157} INFO - Started process (PID=704850) to work on /home/frederic/airflow_venv/lib/python3.10/site-packages/airflow/example_dags/example_setup_teardown.py
[2026-05-29T10:24:46.569+0200] {processor.py:829} INFO - Processing file /home/frederic/airflow_venv/lib/python3.10/site-packages/airflow/example_dags/example_setup_teardown.py for tasks to queue
[2026-05-29T10:24:46.570+0200] {logging_mixin.py:151} INFO - [2026-05-29T10:24:46.570+0200] {dagbag.py:539} INFO - Filling up the DagBag from /home/frederic/airflow_venv/lib/python3.10/site-packages/airflow/example_dags/example_setup_teardown.py
[2026-05-29T10:24:46.576+0200] {processor.py:839} INFO - DAG(s) dict_keys(['example_setup_teardown']) retrieved from /home/frederic/airflow_venv/lib/python3.10/site-packages/airflow/example_dags/example_setup_teardown.py
[2026-05-29T10:24:46.590+0200] {logging_mixin.py:151} INFO - [2026-05-29T10:24:46.590+0200] {dag.py:2915} INFO - Sync 1 DAGs
[2026-05-29T10:24:46.608+0200] {logging_mixin.py:151} INFO - [2026-05-29T10:24:46.608+0200] {dag.py:3696} INFO - Setting next_dagrun for example_setup_teardown to 2026-05-28T08:24:46.608140+00:00, run_after=2026-05-29T08:24:46.608140+00:00
[2026-05-29T10:24:46.628+0200] {processor.py:179} INFO - Processing /home/frederic/airflow_venv/lib/python3.10/site-packages/airflow/example_dags/example_setup_teardown.py took 0.065 seconds
[2026-05-29T10:25:42.560+0200] {processor.py:157} INFO - Started process (PID=705410) to work on /home/frederic/airflow_venv/lib/python3.10/site-packages/airflow/example_dags/example_setup_teardown.py
[2026-05-29T10:25:42.561+0200] {processor.py:829} INFO - Processing file /home/frederic/airflow_venv/lib/python3.10/site-packages/airflow/example_dags/example_setup_teardown.py for tasks to queue
[2026-05-29T10:25:42.561+0200] {logging_mixin.py:151} INFO - [2026-05-29T10:25:42.561+0200] {dagbag.py:539} INFO - Filling up the DagBag from /home/frederic/airflow_venv/lib/python3.10/site-packages/airflow/example_dags/example_setup_teardown.py
[2026-05-29T10:25:42.567+0200] {processor.py:839} INFO - DAG(s) dict_keys(['example_setup_teardown']) retrieved from /home/frederic/airflow_venv/lib/python3.10/site-packages/airflow/example_dags/example_setup_teardown.py
[2026-05-29T10:25:42.579+0200] {logging_mixin.py:151} INFO - [2026-05-29T10:25:42.579+0200] {dag.py:2915} INFO - Sync 1 DAGs
[2026-05-29T10:25:42.698+0200] {logging_mixin.py:151} INFO - [2026-05-29T10:25:42.698+0200] {dag.py:3696} INFO - Setting next_dagrun for example_setup_teardown to 2026-05-28T08:25:42.698053+00:00, run_after=2026-05-29T08:25:42.698053+00:00
[2026-05-29T10:25:42.714+0200] {processor.py:179} INFO - Processing /home/frederic/airflow_venv/lib/python3.10/site-packages/airflow/example_dags/example_setup_teardown.py took 0.156 seconds
[2026-05-29T10:26:33.330+0200] {processor.py:157} INFO - Started process (PID=705946) to work on /home/frederic/airflow_venv/lib/python3.10/site-packages/airflow/example_dags/example_setup_teardown.py
[2026-05-29T10:26:33.331+0200] {processor.py:829} INFO - Processing file /home/frederic/airflow_venv/lib/python3.10/site-packages/airflow/example_dags/example_setup_teardown.py for tasks to queue
[2026-05-29T10:26:33.332+0200] {logging_mixin.py:151} INFO - [2026-05-29T10:26:33.332+0200] {dagbag.py:539} INFO - Filling up the DagBag from /home/frederic/airflow_venv/lib/python3.10/site-packages/airflow/example_dags/example_setup_teardown.py
[2026-05-29T10:26:33.339+0200] {processor.py:839} INFO - DAG(s) dict_keys(['example_setup_teardown']) retrieved from /home/frederic/airflow_venv/lib/python3.10/site-packages/airflow/example_dags/example_setup_teardown.py
[2026-05-29T10:26:33.352+0200] {logging_mixin.py:151} INFO - [2026-05-29T10:26:33.351+0200] {dag.py:2915} INFO - Sync 1 DAGs
[2026-05-29T10:26:33.455+0200] {logging_mixin.py:151} INFO - [2026-05-29T10:26:33.455+0200] {dag.py:3696} INFO - Setting next_dagrun for example_setup_teardown to 2026-05-28T08:26:33.455393+00:00, run_after=2026-05-29T08:26:33.455393+00:00
[2026-05-29T10:26:33.469+0200] {processor.py:179} INFO - Processing /home/frederic/airflow_venv/lib/python3.10/site-packages/airflow/example_dags/example_setup_teardown.py took 0.141 seconds
[2026-05-29T10:27:25.264+0200] {processor.py:157} INFO - Started process (PID=706481) to work on /home/frederic/airflow_venv/lib/python3.10/site-packages/airflow/example_dags/example_setup_teardown.py
[2026-05-29T10:27:25.265+0200] {processor.py:829} INFO - Processing file /home/frederic/airflow_venv/lib/python3.10/site-packages/airflow/example_dags/example_setup_teardown.py for tasks to queue
[2026-05-29T10:27:25.266+0200] {logging_mixin.py:151} INFO - [2026-05-29T10:27:25.265+0200] {dagbag.py:539} INFO - Filling up the DagBag from /home/frederic/airflow_venv/lib/python3.10/site-packages/airflow/example_dags/example_setup_teardown.py
[2026-05-29T10:27:25.274+0200] {processor.py:839} INFO - DAG(s) dict_keys(['example_setup_teardown']) retrieved from /home/frederic/airflow_venv/lib/python3.10/site-packages/airflow/example_dags/example_setup_teardown.py
[2026-05-29T10:27:25.288+0200] {logging_mixin.py:151} INFO - [2026-05-29T10:27:25.288+0200] {dag.py:2915} INFO - Sync 1 DAGs
[2026-05-29T10:27:25.305+0200] {logging_mixin.py:151} INFO - [2026-05-29T10:27:25.305+0200] {dag.py:3696} INFO - Setting next_dagrun for example_setup_teardown to 2026-05-28T08:27:25.304965+00:00, run_after=2026-05-29T08:27:25.304965+00:00
[2026-05-29T10:27:25.322+0200] {processor.py:179} INFO - Processing /home/frederic/airflow_venv/lib/python3.10/site-packages/airflow/example_dags/example_setup_teardown.py took 0.061 seconds
[2026-05-29T10:28:07.494+0200] {processor.py:157} INFO - Started process (PID=706949) to work on /home/frederic/airflow_venv/lib/python3.10/site-packages/airflow/example_dags/example_setup_teardown.py
[2026-05-29T10:28:07.495+0200] {processor.py:829} INFO - Processing file /home/frederic/airflow_venv/lib/python3.10/site-packages/airflow/example_dags/example_setup_teardown.py for tasks to queue
[2026-05-29T10:28:07.496+0200] {logging_mixin.py:151} INFO - [2026-05-29T10:28:07.496+0200] {dagbag.py:539} INFO - Filling up the DagBag from /home/frederic/airflow_venv/lib/python3.10/site-packages/airflow/example_dags/example_setup_teardown.py
[2026-05-29T10:28:07.502+0200] {processor.py:839} INFO - DAG(s) dict_keys(['example_setup_teardown']) retrieved from /home/frederic/airflow_venv/lib/python3.10/site-packages/airflow/example_dags/example_setup_teardown.py
[2026-05-29T10:28:07.514+0200] {logging_mixin.py:151} INFO - [2026-05-29T10:28:07.514+0200] {dag.py:2915} INFO - Sync 1 DAGs
[2026-05-29T10:28:07.530+0200] {logging_mixin.py:151} INFO - [2026-05-29T10:28:07.530+0200] {dag.py:3696} INFO - Setting next_dagrun for example_setup_teardown to 2026-05-28T08:28:07.529964+00:00, run_after=2026-05-29T08:28:07.529964+00:00
[2026-05-29T10:28:07.545+0200] {processor.py:179} INFO - Processing /home/frederic/airflow_venv/lib/python3.10/site-packages/airflow/example_dags/example_setup_teardown.py took 0.053 seconds
[2026-05-29T10:28:51.464+0200] {processor.py:157} INFO - Started process (PID=707507) to work on /home/frederic/airflow_venv/lib/python3.10/site-packages/airflow/example_dags/example_setup_teardown.py
[2026-05-29T10:28:51.465+0200] {processor.py:829} INFO - Processing file /home/frederic/airflow_venv/lib/python3.10/site-packages/airflow/example_dags/example_setup_teardown.py for tasks to queue
[2026-05-29T10:28:51.465+0200] {logging_mixin.py:151} INFO - [2026-05-29T10:28:51.465+0200] {dagbag.py:539} INFO - Filling up the DagBag from /home/frederic/airflow_venv/lib/python3.10/site-packages/airflow/example_dags/example_setup_teardown.py
[2026-05-29T10:28:51.471+0200] {processor.py:839} INFO - DAG(s) dict_keys(['example_setup_teardown']) retrieved from /home/frederic/airflow_venv/lib/python3.10/site-packages/airflow/example_dags/example_setup_teardown.py
[2026-05-29T10:28:51.485+0200] {logging_mixin.py:151} INFO - [2026-05-29T10:28:51.485+0200] {dag.py:2915} INFO - Sync 1 DAGs
[2026-05-29T10:28:51.500+0200] {logging_mixin.py:151} INFO - [2026-05-29T10:28:51.500+0200] {dag.py:3696} INFO - Setting next_dagrun for example_setup_teardown to 2026-05-28T08:28:51.499858+00:00, run_after=2026-05-29T08:28:51.499858+00:00
[2026-05-29T10:28:51.516+0200] {processor.py:179} INFO - Processing /home/frederic/airflow_venv/lib/python3.10/site-packages/airflow/example_dags/example_setup_teardown.py took 0.054 seconds
[2026-05-29T10:29:37.756+0200] {processor.py:157} INFO - Started process (PID=708045) to work on /home/frederic/airflow_venv/lib/python3.10/site-packages/airflow/example_dags/example_setup_teardown.py
[2026-05-29T10:29:37.757+0200] {processor.py:829} INFO - Processing file /home/frederic/airflow_venv/lib/python3.10/site-packages/airflow/example_dags/example_setup_teardown.py for tasks to queue
[2026-05-29T10:29:37.758+0200] {logging_mixin.py:151} INFO - [2026-05-29T10:29:37.757+0200] {dagbag.py:539} INFO - Filling up the DagBag from /home/frederic/airflow_venv/lib/python3.10/site-packages/airflow/example_dags/example_setup_teardown.py
[2026-05-29T10:29:37.764+0200] {processor.py:839} INFO - DAG(s) dict_keys(['example_setup_teardown']) retrieved from /home/frederic/airflow_venv/lib/python3.10/site-packages/airflow/example_dags/example_setup_teardown.py
[2026-05-29T10:29:37.776+0200] {logging_mixin.py:151} INFO - [2026-05-29T10:29:37.776+0200] {dag.py:2915} INFO - Sync 1 DAGs
[2026-05-29T10:29:37.790+0200] {logging_mixin.py:151} INFO - [2026-05-29T10:29:37.790+0200] {dag.py:3696} INFO - Setting next_dagrun for example_setup_teardown to 2026-05-28T08:29:37.790686+00:00, run_after=2026-05-29T08:29:37.790686+00:00
[2026-05-29T10:29:37.805+0200] {processor.py:179} INFO - Processing /home/frederic/airflow_venv/lib/python3.10/site-packages/airflow/example_dags/example_setup_teardown.py took 0.051 seconds
[2026-05-29T10:30:27.961+0200] {processor.py:157} INFO - Started process (PID=708642) to work on /home/frederic/airflow_venv/lib/python3.10/site-packages/airflow/example_dags/example_setup_teardown.py
[2026-05-29T10:30:27.962+0200] {processor.py:829} INFO - Processing file /home/frederic/airflow_venv/lib/python3.10/site-packages/airflow/example_dags/example_setup_teardown.py for tasks to queue
[2026-05-29T10:30:27.962+0200] {logging_mixin.py:151} INFO - [2026-05-29T10:30:27.962+0200] {dagbag.py:539} INFO - Filling up the DagBag from /home/frederic/airflow_venv/lib/python3.10/site-packages/airflow/example_dags/example_setup_teardown.py
[2026-05-29T10:30:27.968+0200] {processor.py:839} INFO - DAG(s) dict_keys(['example_setup_teardown']) retrieved from /home/frederic/airflow_venv/lib/python3.10/site-packages/airflow/example_dags/example_setup_teardown.py
[2026-05-29T10:30:27.980+0200] {logging_mixin.py:151} INFO - [2026-05-29T10:30:27.980+0200] {dag.py:2915} INFO - Sync 1 DAGs
[2026-05-29T10:30:27.995+0200] {logging_mixin.py:151} INFO - [2026-05-29T10:30:27.995+0200] {dag.py:3696} INFO - Setting next_dagrun for example_setup_teardown to 2026-05-28T08:30:27.995570+00:00, run_after=2026-05-29T08:30:27.995570+00:00
[2026-05-29T10:30:28.010+0200] {processor.py:179} INFO - Processing /home/frederic/airflow_venv/lib/python3.10/site-packages/airflow/example_dags/example_setup_teardown.py took 0.051 seconds
[2026-05-29T10:31:12.487+0200] {processor.py:157} INFO - Started process (PID=709272) to work on /home/frederic/airflow_venv/lib/python3.10/site-packages/airflow/example_dags/example_setup_teardown.py
[2026-05-29T10:31:12.488+0200] {processor.py:829} INFO - Processing file /home/frederic/airflow_venv/lib/python3.10/site-packages/airflow/example_dags/example_setup_teardown.py for tasks to queue
[2026-05-29T10:31:12.489+0200] {logging_mixin.py:151} INFO - [2026-05-29T10:31:12.489+0200] {dagbag.py:539} INFO - Filling up the DagBag from /home/frederic/airflow_venv/lib/python3.10/site-packages/airflow/example_dags/example_setup_teardown.py
[2026-05-29T10:31:12.495+0200] {processor.py:839} INFO - DAG(s) dict_keys(['example_setup_teardown']) retrieved from /home/frederic/airflow_venv/lib/python3.10/site-packages/airflow/example_dags/example_setup_teardown.py
[2026-05-29T10:31:12.507+0200] {logging_mixin.py:151} INFO - [2026-05-29T10:31:12.507+0200] {dag.py:2915} INFO - Sync 1 DAGs
[2026-05-29T10:31:12.522+0200] {logging_mixin.py:151} INFO - [2026-05-29T10:31:12.522+0200] {dag.py:3696} INFO - Setting next_dagrun for example_setup_teardown to 2026-05-28T08:31:12.522671+00:00, run_after=2026-05-29T08:31:12.522671+00:00
[2026-05-29T10:31:12.537+0200] {processor.py:179} INFO - Processing /home/frederic/airflow_venv/lib/python3.10/site-packages/airflow/example_dags/example_setup_teardown.py took 0.054 seconds
[2026-05-29T10:32:00.451+0200] {processor.py:157} INFO - Started process (PID=709834) to work on /home/frederic/airflow_venv/lib/python3.10/site-packages/airflow/example_dags/example_setup_teardown.py
[2026-05-29T10:32:00.452+0200] {processor.py:829} INFO - Processing file /home/frederic/airflow_venv/lib/python3.10/site-packages/airflow/example_dags/example_setup_teardown.py for tasks to queue
[2026-05-29T10:32:00.453+0200] {logging_mixin.py:151} INFO - [2026-05-29T10:32:00.452+0200] {dagbag.py:539} INFO - Filling up the DagBag from /home/frederic/airflow_venv/lib/python3.10/site-packages/airflow/example_dags/example_setup_teardown.py
[2026-05-29T10:32:00.459+0200] {processor.py:839} INFO - DAG(s) dict_keys(['example_setup_teardown']) retrieved from /home/frederic/airflow_venv/lib/python3.10/site-packages/airflow/example_dags/example_setup_teardown.py
[2026-05-29T10:32:00.471+0200] {logging_mixin.py:151} INFO - [2026-05-29T10:32:00.471+0200] {dag.py:2915} INFO - Sync 1 DAGs
[2026-05-29T10:32:00.487+0200] {logging_mixin.py:151} INFO - [2026-05-29T10:32:00.486+0200] {dag.py:3696} INFO - Setting next_dagrun for example_setup_teardown to 2026-05-28T08:32:00.486797+00:00, run_after=2026-05-29T08:32:00.486797+00:00
[2026-05-29T10:32:00.501+0200] {processor.py:179} INFO - Processing /home/frederic/airflow_venv/lib/python3.10/site-packages/airflow/example_dags/example_setup_teardown.py took 0.053 seconds
[2026-05-29T10:32:44.983+0200] {processor.py:157} INFO - Started process (PID=710347) to work on /home/frederic/airflow_venv/lib/python3.10/site-packages/airflow/example_dags/example_setup_teardown.py
[2026-05-29T10:32:44.984+0200] {processor.py:829} INFO - Processing file /home/frederic/airflow_venv/lib/python3.10/site-packages/airflow/example_dags/example_setup_teardown.py for tasks to queue
[2026-05-29T10:32:44.985+0200] {logging_mixin.py:151} INFO - [2026-05-29T10:32:44.985+0200] {dagbag.py:539} INFO - Filling up the DagBag from /home/frederic/airflow_venv/lib/python3.10/site-packages/airflow/example_dags/example_setup_teardown.py
[2026-05-29T10:32:44.992+0200] {processor.py:839} INFO - DAG(s) dict_keys(['example_setup_teardown']) retrieved from /home/frederic/airflow_venv/lib/python3.10/site-packages/airflow/example_dags/example_setup_teardown.py
[2026-05-29T10:32:45.008+0200] {logging_mixin.py:151} INFO - [2026-05-29T10:32:45.008+0200] {dag.py:2915} INFO - Sync 1 DAGs
[2026-05-29T10:32:45.029+0200] {logging_mixin.py:151} INFO - [2026-05-29T10:32:45.029+0200] {dag.py:3696} INFO - Setting next_dagrun for example_setup_teardown to 2026-05-28T08:32:45.029141+00:00, run_after=2026-05-29T08:32:45.029141+00:00
[2026-05-29T10:32:45.047+0200] {processor.py:179} INFO - Processing /home/frederic/airflow_venv/lib/python3.10/site-packages/airflow/example_dags/example_setup_teardown.py took 0.067 seconds
[2026-05-29T10:33:32.872+0200] {processor.py:157} INFO - Started process (PID=711110) to work on /home/frederic/airflow_venv/lib/python3.10/site-packages/airflow/example_dags/example_setup_teardown.py
[2026-05-29T10:33:32.873+0200] {processor.py:829} INFO - Processing file /home/frederic/airflow_venv/lib/python3.10/site-packages/airflow/example_dags/example_setup_teardown.py for tasks to queue
[2026-05-29T10:33:32.873+0200] {logging_mixin.py:151} INFO - [2026-05-29T10:33:32.873+0200] {dagbag.py:539} INFO - Filling up the DagBag from /home/frederic/airflow_venv/lib/python3.10/site-packages/airflow/example_dags/example_setup_teardown.py
[2026-05-29T10:33:32.880+0200] {processor.py:839} INFO - DAG(s) dict_keys(['example_setup_teardown']) retrieved from /home/frederic/airflow_venv/lib/python3.10/site-packages/airflow/example_dags/example_setup_teardown.py
[2026-05-29T10:33:32.898+0200] {logging_mixin.py:151} INFO - [2026-05-29T10:33:32.898+0200] {dag.py:2915} INFO - Sync 1 DAGs
[2026-05-29T10:33:32.921+0200] {logging_mixin.py:151} INFO - [2026-05-29T10:33:32.921+0200] {dag.py:3696} INFO - Setting next_dagrun for example_setup_teardown to 2026-05-28T08:33:32.921357+00:00, run_after=2026-05-29T08:33:32.921357+00:00
[2026-05-29T10:33:32.936+0200] {processor.py:179} INFO - Processing /home/frederic/airflow_venv/lib/python3.10/site-packages/airflow/example_dags/example_setup_teardown.py took 0.066 seconds
[2026-05-29T10:34:16.111+0200] {processor.py:157} INFO - Started process (PID=711875) to work on /home/frederic/airflow_venv/lib/python3.10/site-packages/airflow/example_dags/example_setup_teardown.py
[2026-05-29T10:34:16.112+0200] {processor.py:829} INFO - Processing file /home/frederic/airflow_venv/lib/python3.10/site-packages/airflow/example_dags/example_setup_teardown.py for tasks to queue
[2026-05-29T10:34:16.113+0200] {logging_mixin.py:151} INFO - [2026-05-29T10:34:16.112+0200] {dagbag.py:539} INFO - Filling up the DagBag from /home/frederic/airflow_venv/lib/python3.10/site-packages/airflow/example_dags/example_setup_teardown.py
[2026-05-29T10:34:16.118+0200] {processor.py:839} INFO - DAG(s) dict_keys(['example_setup_teardown']) retrieved from /home/frederic/airflow_venv/lib/python3.10/site-packages/airflow/example_dags/example_setup_teardown.py
[2026-05-29T10:34:16.130+0200] {logging_mixin.py:151} INFO - [2026-05-29T10:34:16.130+0200] {dag.py:2915} INFO - Sync 1 DAGs
[2026-05-29T10:34:16.145+0200] {logging_mixin.py:151} INFO - [2026-05-29T10:34:16.144+0200] {dag.py:3696} INFO - Setting next_dagrun for example_setup_teardown to 2026-05-28T08:34:16.144831+00:00, run_after=2026-05-29T08:34:16.144831+00:00
[2026-05-29T10:34:16.160+0200] {processor.py:179} INFO - Processing /home/frederic/airflow_venv/lib/python3.10/site-packages/airflow/example_dags/example_setup_teardown.py took 0.051 seconds
[2026-05-29T10:34:59.306+0200] {processor.py:157} INFO - Started process (PID=712273) to work on /home/frederic/airflow_venv/lib/python3.10/site-packages/airflow/example_dags/example_setup_teardown.py
[2026-05-29T10:34:59.307+0200] {processor.py:829} INFO - Processing file /home/frederic/airflow_venv/lib/python3.10/site-packages/airflow/example_dags/example_setup_teardown.py for tasks to queue
[2026-05-29T10:34:59.307+0200] {logging_mixin.py:151} INFO - [2026-05-29T10:34:59.307+0200] {dagbag.py:539} INFO - Filling up the DagBag from /home/frederic/airflow_venv/lib/python3.10/site-packages/airflow/example_dags/example_setup_teardown.py
[2026-05-29T10:34:59.314+0200] {processor.py:839} INFO - DAG(s) dict_keys(['example_setup_teardown']) retrieved from /home/frederic/airflow_venv/lib/python3.10/site-packages/airflow/example_dags/example_setup_teardown.py
[2026-05-29T10:34:59.327+0200] {logging_mixin.py:151} INFO - [2026-05-29T10:34:59.327+0200] {dag.py:2915} INFO - Sync 1 DAGs
[2026-05-29T10:34:59.344+0200] {logging_mixin.py:151} INFO - [2026-05-29T10:34:59.343+0200] {dag.py:3696} INFO - Setting next_dagrun for example_setup_teardown to 2026-05-28T08:34:59.343699+00:00, run_after=2026-05-29T08:34:59.343699+00:00
[2026-05-29T10:34:59.362+0200] {processor.py:179} INFO - Processing /home/frederic/airflow_venv/lib/python3.10/site-packages/airflow/example_dags/example_setup_teardown.py took 0.059 seconds
[2026-05-29T10:35:49.996+0200] {processor.py:157} INFO - Started process (PID=712790) to work on /home/frederic/airflow_venv/lib/python3.10/site-packages/airflow/example_dags/example_setup_teardown.py
[2026-05-29T10:35:49.999+0200] {processor.py:829} INFO - Processing file /home/frederic/airflow_venv/lib/python3.10/site-packages/airflow/example_dags/example_setup_teardown.py for tasks to queue
[2026-05-29T10:35:49.999+0200] {logging_mixin.py:151} INFO - [2026-05-29T10:35:49.999+0200] {dagbag.py:539} INFO - Filling up the DagBag from /home/frederic/airflow_venv/lib/python3.10/site-packages/airflow/example_dags/example_setup_teardown.py
[2026-05-29T10:35:50.006+0200] {processor.py:839} INFO - DAG(s) dict_keys(['example_setup_teardown']) retrieved from /home/frederic/airflow_venv/lib/python3.10/site-packages/airflow/example_dags/example_setup_teardown.py
[2026-05-29T10:35:50.019+0200] {logging_mixin.py:151} INFO - [2026-05-29T10:35:50.018+0200] {dag.py:2915} INFO - Sync 1 DAGs
[2026-05-29T10:35:50.034+0200] {logging_mixin.py:151} INFO - [2026-05-29T10:35:50.034+0200] {dag.py:3696} INFO - Setting next_dagrun for example_setup_teardown to 2026-05-28T08:35:50.034366+00:00, run_after=2026-05-29T08:35:50.034366+00:00
[2026-05-29T10:35:50.049+0200] {processor.py:179} INFO - Processing /home/frederic/airflow_venv/lib/python3.10/site-packages/airflow/example_dags/example_setup_teardown.py took 0.055 seconds
[2026-05-29T10:36:33.537+0200] {processor.py:157} INFO - Started process (PID=713392) to work on /home/frederic/airflow_venv/lib/python3.10/site-packages/airflow/example_dags/example_setup_teardown.py
[2026-05-29T10:36:33.538+0200] {processor.py:829} INFO - Processing file /home/frederic/airflow_venv/lib/python3.10/site-packages/airflow/example_dags/example_setup_teardown.py for tasks to queue
[2026-05-29T10:36:33.539+0200] {logging_mixin.py:151} INFO - [2026-05-29T10:36:33.539+0200] {dagbag.py:539} INFO - Filling up the DagBag from /home/frederic/airflow_venv/lib/python3.10/site-packages/airflow/example_dags/example_setup_teardown.py
[2026-05-29T10:36:33.545+0200] {processor.py:839} INFO - DAG(s) dict_keys(['example_setup_teardown']) retrieved from /home/frederic/airflow_venv/lib/python3.10/site-packages/airflow/example_dags/example_setup_teardown.py
[2026-05-29T10:36:33.560+0200] {logging_mixin.py:151} INFO - [2026-05-29T10:36:33.560+0200] {dag.py:2915} INFO - Sync 1 DAGs
[2026-05-29T10:36:33.576+0200] {logging_mixin.py:151} INFO - [2026-05-29T10:36:33.576+0200] {dag.py:3696} INFO - Setting next_dagrun for example_setup_teardown to 2026-05-28T08:36:33.575937+00:00, run_after=2026-05-29T08:36:33.575937+00:00
[2026-05-29T10:36:33.596+0200] {processor.py:179} INFO - Processing /home/frederic/airflow_venv/lib/python3.10/site-packages/airflow/example_dags/example_setup_teardown.py took 0.061 seconds
[2026-05-29T10:37:22.348+0200] {processor.py:157} INFO - Started process (PID=713985) to work on /home/frederic/airflow_venv/lib/python3.10/site-packages/airflow/example_dags/example_setup_teardown.py
[2026-05-29T10:37:22.349+0200] {processor.py:829} INFO - Processing file /home/frederic/airflow_venv/lib/python3.10/site-packages/airflow/example_dags/example_setup_teardown.py for tasks to queue
[2026-05-29T10:37:22.349+0200] {logging_mixin.py:151} INFO - [2026-05-29T10:37:22.349+0200] {dagbag.py:539} INFO - Filling up the DagBag from /home/frederic/airflow_venv/lib/python3.10/site-packages/airflow/example_dags/example_setup_teardown.py
[2026-05-29T10:37:22.355+0200] {processor.py:839} INFO - DAG(s) dict_keys(['example_setup_teardown']) retrieved from /home/frederic/airflow_venv/lib/python3.10/site-packages/airflow/example_dags/example_setup_teardown.py
[2026-05-29T10:37:22.368+0200] {logging_mixin.py:151} INFO - [2026-05-29T10:37:22.368+0200] {dag.py:2915} INFO - Sync 1 DAGs
[2026-05-29T10:37:22.385+0200] {logging_mixin.py:151} INFO - [2026-05-29T10:37:22.384+0200] {dag.py:3696} INFO - Setting next_dagrun for example_setup_teardown to 2026-05-28T08:37:22.384719+00:00, run_after=2026-05-29T08:37:22.384719+00:00
[2026-05-29T10:37:22.400+0200] {processor.py:179} INFO - Processing /home/frederic/airflow_venv/lib/python3.10/site-packages/airflow/example_dags/example_setup_teardown.py took 0.054 seconds
[2026-05-29T10:38:05.617+0200] {processor.py:157} INFO - Started process (PID=714670) to work on /home/frederic/airflow_venv/lib/python3.10/site-packages/airflow/example_dags/example_setup_teardown.py
[2026-05-29T10:38:05.618+0200] {processor.py:829} INFO - Processing file /home/frederic/airflow_venv/lib/python3.10/site-packages/airflow/example_dags/example_setup_teardown.py for tasks to queue
[2026-05-29T10:38:05.619+0200] {logging_mixin.py:151} INFO - [2026-05-29T10:38:05.618+0200] {dagbag.py:539} INFO - Filling up the DagBag from /home/frederic/airflow_venv/lib/python3.10/site-packages/airflow/example_dags/example_setup_teardown.py
[2026-05-29T10:38:05.626+0200] {processor.py:839} INFO - DAG(s) dict_keys(['example_setup_teardown']) retrieved from /home/frederic/airflow_venv/lib/python3.10/site-packages/airflow/example_dags/example_setup_teardown.py
[2026-05-29T10:38:05.638+0200] {logging_mixin.py:151} INFO - [2026-05-29T10:38:05.638+0200] {dag.py:2915} INFO - Sync 1 DAGs
[2026-05-29T10:38:05.658+0200] {logging_mixin.py:151} INFO - [2026-05-29T10:38:05.657+0200] {dag.py:3696} INFO - Setting next_dagrun for example_setup_teardown to 2026-05-28T08:38:05.657505+00:00, run_after=2026-05-29T08:38:05.657505+00:00
[2026-05-29T10:38:05.675+0200] {processor.py:179} INFO - Processing /home/frederic/airflow_venv/lib/python3.10/site-packages/airflow/example_dags/example_setup_teardown.py took 0.061 seconds
[2026-05-29T10:38:52.323+0200] {processor.py:157} INFO - Started process (PID=715225) to work on /home/frederic/airflow_venv/lib/python3.10/site-packages/airflow/example_dags/example_setup_teardown.py
[2026-05-29T10:38:52.325+0200] {processor.py:829} INFO - Processing file /home/frederic/airflow_venv/lib/python3.10/site-packages/airflow/example_dags/example_setup_teardown.py for tasks to queue
[2026-05-29T10:38:52.325+0200] {logging_mixin.py:151} INFO - [2026-05-29T10:38:52.325+0200] {dagbag.py:539} INFO - Filling up the DagBag from /home/frederic/airflow_venv/lib/python3.10/site-packages/airflow/example_dags/example_setup_teardown.py
[2026-05-29T10:38:52.332+0200] {processor.py:839} INFO - DAG(s) dict_keys(['example_setup_teardown']) retrieved from /home/frederic/airflow_venv/lib/python3.10/site-packages/airflow/example_dags/example_setup_teardown.py
[2026-05-29T10:38:52.348+0200] {logging_mixin.py:151} INFO - [2026-05-29T10:38:52.348+0200] {dag.py:2915} INFO - Sync 1 DAGs
[2026-05-29T10:38:52.371+0200] {logging_mixin.py:151} INFO - [2026-05-29T10:38:52.370+0200] {dag.py:3696} INFO - Setting next_dagrun for example_setup_teardown to 2026-05-28T08:38:52.370666+00:00, run_after=2026-05-29T08:38:52.370666+00:00
[2026-05-29T10:38:52.392+0200] {processor.py:179} INFO - Processing /home/frederic/airflow_venv/lib/python3.10/site-packages/airflow/example_dags/example_setup_teardown.py took 0.072 seconds
[2026-05-29T10:39:37.497+0200] {processor.py:157} INFO - Started process (PID=715977) to work on /home/frederic/airflow_venv/lib/python3.10/site-packages/airflow/example_dags/example_setup_teardown.py
[2026-05-29T10:39:37.497+0200] {processor.py:829} INFO - Processing file /home/frederic/airflow_venv/lib/python3.10/site-packages/airflow/example_dags/example_setup_teardown.py for tasks to queue
[2026-05-29T10:39:37.498+0200] {logging_mixin.py:151} INFO - [2026-05-29T10:39:37.498+0200] {dagbag.py:539} INFO - Filling up the DagBag from /home/frederic/airflow_venv/lib/python3.10/site-packages/airflow/example_dags/example_setup_teardown.py
[2026-05-29T10:39:37.504+0200] {processor.py:839} INFO - DAG(s) dict_keys(['example_setup_teardown']) retrieved from /home/frederic/airflow_venv/lib/python3.10/site-packages/airflow/example_dags/example_setup_teardown.py
[2026-05-29T10:39:37.517+0200] {logging_mixin.py:151} INFO - [2026-05-29T10:39:37.516+0200] {dag.py:2915} INFO - Sync 1 DAGs
[2026-05-29T10:39:37.531+0200] {logging_mixin.py:151} INFO - [2026-05-29T10:39:37.531+0200] {dag.py:3696} INFO - Setting next_dagrun for example_setup_teardown to 2026-05-28T08:39:37.531411+00:00, run_after=2026-05-29T08:39:37.531411+00:00
[2026-05-29T10:39:37.545+0200] {processor.py:179} INFO - Processing /home/frederic/airflow_venv/lib/python3.10/site-packages/airflow/example_dags/example_setup_teardown.py took 0.051 seconds
[2026-05-29T10:40:21.879+0200] {processor.py:157} INFO - Started process (PID=716574) to work on /home/frederic/airflow_venv/lib/python3.10/site-packages/airflow/example_dags/example_setup_teardown.py
[2026-05-29T10:40:21.880+0200] {processor.py:829} INFO - Processing file /home/frederic/airflow_venv/lib/python3.10/site-packages/airflow/example_dags/example_setup_teardown.py for tasks to queue
[2026-05-29T10:40:21.881+0200] {logging_mixin.py:151} INFO - [2026-05-29T10:40:21.881+0200] {dagbag.py:539} INFO - Filling up the DagBag from /home/frederic/airflow_venv/lib/python3.10/site-packages/airflow/example_dags/example_setup_teardown.py
[2026-05-29T10:40:21.887+0200] {processor.py:839} INFO - DAG(s) dict_keys(['example_setup_teardown']) retrieved from /home/frederic/airflow_venv/lib/python3.10/site-packages/airflow/example_dags/example_setup_teardown.py
[2026-05-29T10:40:21.898+0200] {logging_mixin.py:151} INFO - [2026-05-29T10:40:21.898+0200] {dag.py:2915} INFO - Sync 1 DAGs
[2026-05-29T10:40:21.912+0200] {logging_mixin.py:151} INFO - [2026-05-29T10:40:21.912+0200] {dag.py:3696} INFO - Setting next_dagrun for example_setup_teardown to 2026-05-28T08:40:21.912093+00:00, run_after=2026-05-29T08:40:21.912093+00:00
[2026-05-29T10:40:21.929+0200] {processor.py:179} INFO - Processing /home/frederic/airflow_venv/lib/python3.10/site-packages/airflow/example_dags/example_setup_teardown.py took 0.052 seconds
[2026-05-29T10:41:07.301+0200] {processor.py:157} INFO - Started process (PID=717064) to work on /home/frederic/airflow_venv/lib/python3.10/site-packages/airflow/example_dags/example_setup_teardown.py
[2026-05-29T10:41:07.302+0200] {processor.py:829} INFO - Processing file /home/frederic/airflow_venv/lib/python3.10/site-packages/airflow/example_dags/example_setup_teardown.py for tasks to queue
[2026-05-29T10:41:07.303+0200] {logging_mixin.py:151} INFO - [2026-05-29T10:41:07.303+0200] {dagbag.py:539} INFO - Filling up the DagBag from /home/frederic/airflow_venv/lib/python3.10/site-packages/airflow/example_dags/example_setup_teardown.py
[2026-05-29T10:41:07.312+0200] {processor.py:839} INFO - DAG(s) dict_keys(['example_setup_teardown']) retrieved from /home/frederic/airflow_venv/lib/python3.10/site-packages/airflow/example_dags/example_setup_teardown.py
[2026-05-29T10:41:07.328+0200] {logging_mixin.py:151} INFO - [2026-05-29T10:41:07.328+0200] {dag.py:2915} INFO - Sync 1 DAGs
[2026-05-29T10:41:07.346+0200] {logging_mixin.py:151} INFO - [2026-05-29T10:41:07.346+0200] {dag.py:3696} INFO - Setting next_dagrun for example_setup_teardown to 2026-05-28T08:41:07.346609+00:00, run_after=2026-05-29T08:41:07.346609+00:00
[2026-05-29T10:41:07.365+0200] {processor.py:179} INFO - Processing /home/frederic/airflow_venv/lib/python3.10/site-packages/airflow/example_dags/example_setup_teardown.py took 0.067 seconds
[2026-05-29T10:41:54.835+0200] {processor.py:157} INFO - Started process (PID=717501) to work on /home/frederic/airflow_venv/lib/python3.10/site-packages/airflow/example_dags/example_setup_teardown.py
[2026-05-29T10:41:54.836+0200] {processor.py:829} INFO - Processing file /home/frederic/airflow_venv/lib/python3.10/site-packages/airflow/example_dags/example_setup_teardown.py for tasks to queue
[2026-05-29T10:41:54.837+0200] {logging_mixin.py:151} INFO - [2026-05-29T10:41:54.837+0200] {dagbag.py:539} INFO - Filling up the DagBag from /home/frederic/airflow_venv/lib/python3.10/site-packages/airflow/example_dags/example_setup_teardown.py
[2026-05-29T10:41:54.845+0200] {processor.py:839} INFO - DAG(s) dict_keys(['example_setup_teardown']) retrieved from /home/frederic/airflow_venv/lib/python3.10/site-packages/airflow/example_dags/example_setup_teardown.py
[2026-05-29T10:41:54.861+0200] {logging_mixin.py:151} INFO - [2026-05-29T10:41:54.861+0200] {dag.py:2915} INFO - Sync 1 DAGs
[2026-05-29T10:41:54.882+0200] {logging_mixin.py:151} INFO - [2026-05-29T10:41:54.882+0200] {dag.py:3696} INFO - Setting next_dagrun for example_setup_teardown to 2026-05-28T08:41:54.882126+00:00, run_after=2026-05-29T08:41:54.882126+00:00
[2026-05-29T10:41:54.900+0200] {processor.py:179} INFO - Processing /home/frederic/airflow_venv/lib/python3.10/site-packages/airflow/example_dags/example_setup_teardown.py took 0.068 seconds
[2026-05-29T10:42:44.042+0200] {processor.py:157} INFO - Started process (PID=717994) to work on /home/frederic/airflow_venv/lib/python3.10/site-packages/airflow/example_dags/example_setup_teardown.py
[2026-05-29T10:42:44.043+0200] {processor.py:829} INFO - Processing file /home/frederic/airflow_venv/lib/python3.10/site-packages/airflow/example_dags/example_setup_teardown.py for tasks to queue
[2026-05-29T10:42:44.044+0200] {logging_mixin.py:151} INFO - [2026-05-29T10:42:44.044+0200] {dagbag.py:539} INFO - Filling up the DagBag from /home/frederic/airflow_venv/lib/python3.10/site-packages/airflow/example_dags/example_setup_teardown.py
[2026-05-29T10:42:44.052+0200] {processor.py:839} INFO - DAG(s) dict_keys(['example_setup_teardown']) retrieved from /home/frederic/airflow_venv/lib/python3.10/site-packages/airflow/example_dags/example_setup_teardown.py
[2026-05-29T10:42:44.065+0200] {logging_mixin.py:151} INFO - [2026-05-29T10:42:44.065+0200] {dag.py:2915} INFO - Sync 1 DAGs
[2026-05-29T10:42:44.083+0200] {logging_mixin.py:151} INFO - [2026-05-29T10:42:44.083+0200] {dag.py:3696} INFO - Setting next_dagrun for example_setup_teardown to 2026-05-28T08:42:44.083474+00:00, run_after=2026-05-29T08:42:44.083474+00:00
[2026-05-29T10:42:44.098+0200] {processor.py:179} INFO - Processing /home/frederic/airflow_venv/lib/python3.10/site-packages/airflow/example_dags/example_setup_teardown.py took 0.059 seconds
[2026-05-29T10:43:28.313+0200] {processor.py:157} INFO - Started process (PID=718555) to work on /home/frederic/airflow_venv/lib/python3.10/site-packages/airflow/example_dags/example_setup_teardown.py
[2026-05-29T10:43:28.314+0200] {processor.py:829} INFO - Processing file /home/frederic/airflow_venv/lib/python3.10/site-packages/airflow/example_dags/example_setup_teardown.py for tasks to queue
[2026-05-29T10:43:28.315+0200] {logging_mixin.py:151} INFO - [2026-05-29T10:43:28.314+0200] {dagbag.py:539} INFO - Filling up the DagBag from /home/frederic/airflow_venv/lib/python3.10/site-packages/airflow/example_dags/example_setup_teardown.py
[2026-05-29T10:43:28.321+0200] {processor.py:839} INFO - DAG(s) dict_keys(['example_setup_teardown']) retrieved from /home/frederic/airflow_venv/lib/python3.10/site-packages/airflow/example_dags/example_setup_teardown.py
[2026-05-29T10:43:28.333+0200] {logging_mixin.py:151} INFO - [2026-05-29T10:43:28.333+0200] {dag.py:2915} INFO - Sync 1 DAGs
[2026-05-29T10:43:28.350+0200] {logging_mixin.py:151} INFO - [2026-05-29T10:43:28.349+0200] {dag.py:3696} INFO - Setting next_dagrun for example_setup_teardown to 2026-05-28T08:43:28.349751+00:00, run_after=2026-05-29T08:43:28.349751+00:00
[2026-05-29T10:43:28.366+0200] {processor.py:179} INFO - Processing /home/frederic/airflow_venv/lib/python3.10/site-packages/airflow/example_dags/example_setup_teardown.py took 0.057 seconds
[2026-05-29T10:44:15.428+0200] {processor.py:157} INFO - Started process (PID=719036) to work on /home/frederic/airflow_venv/lib/python3.10/site-packages/airflow/example_dags/example_setup_teardown.py
[2026-05-29T10:44:15.429+0200] {processor.py:829} INFO - Processing file /home/frederic/airflow_venv/lib/python3.10/site-packages/airflow/example_dags/example_setup_teardown.py for tasks to queue
[2026-05-29T10:44:15.430+0200] {logging_mixin.py:151} INFO - [2026-05-29T10:44:15.430+0200] {dagbag.py:539} INFO - Filling up the DagBag from /home/frederic/airflow_venv/lib/python3.10/site-packages/airflow/example_dags/example_setup_teardown.py
[2026-05-29T10:44:15.437+0200] {processor.py:839} INFO - DAG(s) dict_keys(['example_setup_teardown']) retrieved from /home/frederic/airflow_venv/lib/python3.10/site-packages/airflow/example_dags/example_setup_teardown.py
[2026-05-29T10:44:15.451+0200] {logging_mixin.py:151} INFO - [2026-05-29T10:44:15.451+0200] {dag.py:2915} INFO - Sync 1 DAGs
[2026-05-29T10:44:15.469+0200] {logging_mixin.py:151} INFO - [2026-05-29T10:44:15.469+0200] {dag.py:3696} INFO - Setting next_dagrun for example_setup_teardown to 2026-05-28T08:44:15.469134+00:00, run_after=2026-05-29T08:44:15.469134+00:00
[2026-05-29T10:44:15.485+0200] {processor.py:179} INFO - Processing /home/frederic/airflow_venv/lib/python3.10/site-packages/airflow/example_dags/example_setup_teardown.py took 0.059 seconds
[2026-05-29T10:45:04.095+0200] {processor.py:157} INFO - Started process (PID=719837) to work on /home/frederic/airflow_venv/lib/python3.10/site-packages/airflow/example_dags/example_setup_teardown.py
[2026-05-29T10:45:04.096+0200] {processor.py:829} INFO - Processing file /home/frederic/airflow_venv/lib/python3.10/site-packages/airflow/example_dags/example_setup_teardown.py for tasks to queue
[2026-05-29T10:45:04.096+0200] {logging_mixin.py:151} INFO - [2026-05-29T10:45:04.096+0200] {dagbag.py:539} INFO - Filling up the DagBag from /home/frederic/airflow_venv/lib/python3.10/site-packages/airflow/example_dags/example_setup_teardown.py
[2026-05-29T10:45:04.103+0200] {processor.py:839} INFO - DAG(s) dict_keys(['example_setup_teardown']) retrieved from /home/frederic/airflow_venv/lib/python3.10/site-packages/airflow/example_dags/example_setup_teardown.py
[2026-05-29T10:45:04.119+0200] {logging_mixin.py:151} INFO - [2026-05-29T10:45:04.119+0200] {dag.py:2915} INFO - Sync 1 DAGs
[2026-05-29T10:45:04.135+0200] {logging_mixin.py:151} INFO - [2026-05-29T10:45:04.135+0200] {dag.py:3696} INFO - Setting next_dagrun for example_setup_teardown to 2026-05-28T08:45:04.135362+00:00, run_after=2026-05-29T08:45:04.135362+00:00
[2026-05-29T10:45:04.155+0200] {processor.py:179} INFO - Processing /home/frederic/airflow_venv/lib/python3.10/site-packages/airflow/example_dags/example_setup_teardown.py took 0.063 seconds
[2026-05-29T10:45:49.323+0200] {processor.py:157} INFO - Started process (PID=720293) to work on /home/frederic/airflow_venv/lib/python3.10/site-packages/airflow/example_dags/example_setup_teardown.py
[2026-05-29T10:45:49.324+0200] {processor.py:829} INFO - Processing file /home/frederic/airflow_venv/lib/python3.10/site-packages/airflow/example_dags/example_setup_teardown.py for tasks to queue
[2026-05-29T10:45:49.325+0200] {logging_mixin.py:151} INFO - [2026-05-29T10:45:49.324+0200] {dagbag.py:539} INFO - Filling up the DagBag from /home/frederic/airflow_venv/lib/python3.10/site-packages/airflow/example_dags/example_setup_teardown.py
[2026-05-29T10:45:49.331+0200] {processor.py:839} INFO - DAG(s) dict_keys(['example_setup_teardown']) retrieved from /home/frederic/airflow_venv/lib/python3.10/site-packages/airflow/example_dags/example_setup_teardown.py
[2026-05-29T10:45:49.345+0200] {logging_mixin.py:151} INFO - [2026-05-29T10:45:49.345+0200] {dag.py:2915} INFO - Sync 1 DAGs
[2026-05-29T10:45:49.362+0200] {logging_mixin.py:151} INFO - [2026-05-29T10:45:49.362+0200] {dag.py:3696} INFO - Setting next_dagrun for example_setup_teardown to 2026-05-28T08:45:49.361909+00:00, run_after=2026-05-29T08:45:49.361909+00:00
[2026-05-29T10:45:49.378+0200] {processor.py:179} INFO - Processing /home/frederic/airflow_venv/lib/python3.10/site-packages/airflow/example_dags/example_setup_teardown.py took 0.058 seconds
[2026-05-29T10:46:36.711+0200] {processor.py:157} INFO - Started process (PID=720809) to work on /home/frederic/airflow_venv/lib/python3.10/site-packages/airflow/example_dags/example_setup_teardown.py
[2026-05-29T10:46:36.712+0200] {processor.py:829} INFO - Processing file /home/frederic/airflow_venv/lib/python3.10/site-packages/airflow/example_dags/example_setup_teardown.py for tasks to queue
[2026-05-29T10:46:36.713+0200] {logging_mixin.py:151} INFO - [2026-05-29T10:46:36.713+0200] {dagbag.py:539} INFO - Filling up the DagBag from /home/frederic/airflow_venv/lib/python3.10/site-packages/airflow/example_dags/example_setup_teardown.py
[2026-05-29T10:46:36.719+0200] {processor.py:839} INFO - DAG(s) dict_keys(['example_setup_teardown']) retrieved from /home/frederic/airflow_venv/lib/python3.10/site-packages/airflow/example_dags/example_setup_teardown.py
[2026-05-29T10:46:36.731+0200] {logging_mixin.py:151} INFO - [2026-05-29T10:46:36.730+0200] {dag.py:2915} INFO - Sync 1 DAGs
[2026-05-29T10:46:36.745+0200] {logging_mixin.py:151} INFO - [2026-05-29T10:46:36.745+0200] {dag.py:3696} INFO - Setting next_dagrun for example_setup_teardown to 2026-05-28T08:46:36.745156+00:00, run_after=2026-05-29T08:46:36.745156+00:00
[2026-05-29T10:46:36.759+0200] {processor.py:179} INFO - Processing /home/frederic/airflow_venv/lib/python3.10/site-packages/airflow/example_dags/example_setup_teardown.py took 0.049 seconds
[2026-05-29T10:47:29.056+0200] {processor.py:157} INFO - Started process (PID=721904) to work on /home/frederic/airflow_venv/lib/python3.10/site-packages/airflow/example_dags/example_setup_teardown.py
[2026-05-29T10:47:29.057+0200] {processor.py:829} INFO - Processing file /home/frederic/airflow_venv/lib/python3.10/site-packages/airflow/example_dags/example_setup_teardown.py for tasks to queue
[2026-05-29T10:47:29.058+0200] {logging_mixin.py:151} INFO - [2026-05-29T10:47:29.058+0200] {dagbag.py:539} INFO - Filling up the DagBag from /home/frederic/airflow_venv/lib/python3.10/site-packages/airflow/example_dags/example_setup_teardown.py
[2026-05-29T10:47:29.065+0200] {processor.py:839} INFO - DAG(s) dict_keys(['example_setup_teardown']) retrieved from /home/frederic/airflow_venv/lib/python3.10/site-packages/airflow/example_dags/example_setup_teardown.py
[2026-05-29T10:47:29.076+0200] {logging_mixin.py:151} INFO - [2026-05-29T10:47:29.076+0200] {dag.py:2915} INFO - Sync 1 DAGs
[2026-05-29T10:47:29.092+0200] {logging_mixin.py:151} INFO - [2026-05-29T10:47:29.092+0200] {dag.py:3696} INFO - Setting next_dagrun for example_setup_teardown to 2026-05-28T08:47:29.092519+00:00, run_after=2026-05-29T08:47:29.092519+00:00
[2026-05-29T10:47:29.108+0200] {processor.py:179} INFO - Processing /home/frederic/airflow_venv/lib/python3.10/site-packages/airflow/example_dags/example_setup_teardown.py took 0.054 seconds
[2026-05-29T10:48:13.270+0200] {processor.py:157} INFO - Started process (PID=722424) to work on /home/frederic/airflow_venv/lib/python3.10/site-packages/airflow/example_dags/example_setup_teardown.py
[2026-05-29T10:48:13.271+0200] {processor.py:829} INFO - Processing file /home/frederic/airflow_venv/lib/python3.10/site-packages/airflow/example_dags/example_setup_teardown.py for tasks to queue
[2026-05-29T10:48:13.272+0200] {logging_mixin.py:151} INFO - [2026-05-29T10:48:13.272+0200] {dagbag.py:539} INFO - Filling up the DagBag from /home/frederic/airflow_venv/lib/python3.10/site-packages/airflow/example_dags/example_setup_teardown.py
[2026-05-29T10:48:13.279+0200] {processor.py:839} INFO - DAG(s) dict_keys(['example_setup_teardown']) retrieved from /home/frederic/airflow_venv/lib/python3.10/site-packages/airflow/example_dags/example_setup_teardown.py
[2026-05-29T10:48:13.291+0200] {logging_mixin.py:151} INFO - [2026-05-29T10:48:13.291+0200] {dag.py:2915} INFO - Sync 1 DAGs
[2026-05-29T10:48:13.308+0200] {logging_mixin.py:151} INFO - [2026-05-29T10:48:13.308+0200] {dag.py:3696} INFO - Setting next_dagrun for example_setup_teardown to 2026-05-28T08:48:13.307945+00:00, run_after=2026-05-29T08:48:13.307945+00:00
[2026-05-29T10:48:13.326+0200] {processor.py:179} INFO - Processing /home/frederic/airflow_venv/lib/python3.10/site-packages/airflow/example_dags/example_setup_teardown.py took 0.058 seconds
[2026-05-29T10:49:05.662+0200] {processor.py:157} INFO - Started process (PID=723001) to work on /home/frederic/airflow_venv/lib/python3.10/site-packages/airflow/example_dags/example_setup_teardown.py
[2026-05-29T10:49:05.663+0200] {processor.py:829} INFO - Processing file /home/frederic/airflow_venv/lib/python3.10/site-packages/airflow/example_dags/example_setup_teardown.py for tasks to queue
[2026-05-29T10:49:05.665+0200] {logging_mixin.py:151} INFO - [2026-05-29T10:49:05.664+0200] {dagbag.py:539} INFO - Filling up the DagBag from /home/frederic/airflow_venv/lib/python3.10/site-packages/airflow/example_dags/example_setup_teardown.py
[2026-05-29T10:49:05.673+0200] {processor.py:839} INFO - DAG(s) dict_keys(['example_setup_teardown']) retrieved from /home/frederic/airflow_venv/lib/python3.10/site-packages/airflow/example_dags/example_setup_teardown.py
[2026-05-29T10:49:05.693+0200] {logging_mixin.py:151} INFO - [2026-05-29T10:49:05.693+0200] {dag.py:2915} INFO - Sync 1 DAGs
[2026-05-29T10:49:05.715+0200] {logging_mixin.py:151} INFO - [2026-05-29T10:49:05.715+0200] {dag.py:3696} INFO - Setting next_dagrun for example_setup_teardown to 2026-05-28T08:49:05.715422+00:00, run_after=2026-05-29T08:49:05.715422+00:00
[2026-05-29T10:49:05.740+0200] {processor.py:179} INFO - Processing /home/frederic/airflow_venv/lib/python3.10/site-packages/airflow/example_dags/example_setup_teardown.py took 0.081 seconds
[2026-05-29T10:49:54.479+0200] {processor.py:157} INFO - Started process (PID=723450) to work on /home/frederic/airflow_venv/lib/python3.10/site-packages/airflow/example_dags/example_setup_teardown.py
[2026-05-29T10:49:54.480+0200] {processor.py:829} INFO - Processing file /home/frederic/airflow_venv/lib/python3.10/site-packages/airflow/example_dags/example_setup_teardown.py for tasks to queue
[2026-05-29T10:49:54.482+0200] {logging_mixin.py:151} INFO - [2026-05-29T10:49:54.481+0200] {dagbag.py:539} INFO - Filling up the DagBag from /home/frederic/airflow_venv/lib/python3.10/site-packages/airflow/example_dags/example_setup_teardown.py
[2026-05-29T10:49:54.488+0200] {processor.py:839} INFO - DAG(s) dict_keys(['example_setup_teardown']) retrieved from /home/frederic/airflow_venv/lib/python3.10/site-packages/airflow/example_dags/example_setup_teardown.py
[2026-05-29T10:49:54.500+0200] {logging_mixin.py:151} INFO - [2026-05-29T10:49:54.500+0200] {dag.py:2915} INFO - Sync 1 DAGs
[2026-05-29T10:49:54.516+0200] {logging_mixin.py:151} INFO - [2026-05-29T10:49:54.516+0200] {dag.py:3696} INFO - Setting next_dagrun for example_setup_teardown to 2026-05-28T08:49:54.515903+00:00, run_after=2026-05-29T08:49:54.515903+00:00
[2026-05-29T10:49:54.534+0200] {processor.py:179} INFO - Processing /home/frederic/airflow_venv/lib/python3.10/site-packages/airflow/example_dags/example_setup_teardown.py took 0.059 seconds
[2026-05-29T10:50:41.326+0200] {processor.py:157} INFO - Started process (PID=723933) to work on /home/frederic/airflow_venv/lib/python3.10/site-packages/airflow/example_dags/example_setup_teardown.py
[2026-05-29T10:50:41.327+0200] {processor.py:829} INFO - Processing file /home/frederic/airflow_venv/lib/python3.10/site-packages/airflow/example_dags/example_setup_teardown.py for tasks to queue
[2026-05-29T10:50:41.328+0200] {logging_mixin.py:151} INFO - [2026-05-29T10:50:41.327+0200] {dagbag.py:539} INFO - Filling up the DagBag from /home/frederic/airflow_venv/lib/python3.10/site-packages/airflow/example_dags/example_setup_teardown.py
[2026-05-29T10:50:41.334+0200] {processor.py:839} INFO - DAG(s) dict_keys(['example_setup_teardown']) retrieved from /home/frederic/airflow_venv/lib/python3.10/site-packages/airflow/example_dags/example_setup_teardown.py
[2026-05-29T10:50:41.349+0200] {logging_mixin.py:151} INFO - [2026-05-29T10:50:41.349+0200] {dag.py:2915} INFO - Sync 1 DAGs
[2026-05-29T10:50:41.365+0200] {logging_mixin.py:151} INFO - [2026-05-29T10:50:41.365+0200] {dag.py:3696} INFO - Setting next_dagrun for example_setup_teardown to 2026-05-28T08:50:41.364971+00:00, run_after=2026-05-29T08:50:41.364971+00:00
[2026-05-29T10:50:41.380+0200] {processor.py:179} INFO - Processing /home/frederic/airflow_venv/lib/python3.10/site-packages/airflow/example_dags/example_setup_teardown.py took 0.057 seconds
[2026-05-29T10:51:25.874+0200] {processor.py:157} INFO - Started process (PID=724448) to work on /home/frederic/airflow_venv/lib/python3.10/site-packages/airflow/example_dags/example_setup_teardown.py
[2026-05-29T10:51:25.875+0200] {processor.py:829} INFO - Processing file /home/frederic/airflow_venv/lib/python3.10/site-packages/airflow/example_dags/example_setup_teardown.py for tasks to queue
[2026-05-29T10:51:25.875+0200] {logging_mixin.py:151} INFO - [2026-05-29T10:51:25.875+0200] {dagbag.py:539} INFO - Filling up the DagBag from /home/frederic/airflow_venv/lib/python3.10/site-packages/airflow/example_dags/example_setup_teardown.py
[2026-05-29T10:51:25.883+0200] {processor.py:839} INFO - DAG(s) dict_keys(['example_setup_teardown']) retrieved from /home/frederic/airflow_venv/lib/python3.10/site-packages/airflow/example_dags/example_setup_teardown.py
[2026-05-29T10:51:25.895+0200] {logging_mixin.py:151} INFO - [2026-05-29T10:51:25.895+0200] {dag.py:2915} INFO - Sync 1 DAGs
[2026-05-29T10:51:25.912+0200] {logging_mixin.py:151} INFO - [2026-05-29T10:51:25.912+0200] {dag.py:3696} INFO - Setting next_dagrun for example_setup_teardown to 2026-05-28T08:51:25.912462+00:00, run_after=2026-05-29T08:51:25.912462+00:00
[2026-05-29T10:51:25.930+0200] {processor.py:179} INFO - Processing /home/frederic/airflow_venv/lib/python3.10/site-packages/airflow/example_dags/example_setup_teardown.py took 0.059 seconds
