[2026-05-29T02:00:39.881+0200] {processor.py:157} INFO - Started process (PID=634319) to work on /home/frederic/airflow_venv/lib/python3.10/site-packages/airflow/example_dags/example_params_ui_tutorial.py
[2026-05-29T02:00:39.883+0200] {processor.py:829} INFO - Processing file /home/frederic/airflow_venv/lib/python3.10/site-packages/airflow/example_dags/example_params_ui_tutorial.py for tasks to queue
[2026-05-29T02:00:39.884+0200] {logging_mixin.py:151} INFO - [2026-05-29T02:00:39.883+0200] {dagbag.py:539} INFO - Filling up the DagBag from /home/frederic/airflow_venv/lib/python3.10/site-packages/airflow/example_dags/example_params_ui_tutorial.py
[2026-05-29T02:00:39.915+0200] {processor.py:839} INFO - DAG(s) dict_keys(['example_params_ui_tutorial']) retrieved from /home/frederic/airflow_venv/lib/python3.10/site-packages/airflow/example_dags/example_params_ui_tutorial.py
[2026-05-29T02:00:39.974+0200] {logging_mixin.py:151} INFO - [2026-05-29T02:00:39.974+0200] {dag.py:2915} INFO - Sync 1 DAGs
[2026-05-29T02:00:39.987+0200] {logging_mixin.py:151} INFO - [2026-05-29T02:00:39.986+0200] {dag.py:3696} INFO - Setting next_dagrun for example_params_ui_tutorial to None, run_after=None
[2026-05-29T02:00:40.005+0200] {processor.py:179} INFO - Processing /home/frederic/airflow_venv/lib/python3.10/site-packages/airflow/example_dags/example_params_ui_tutorial.py took 0.127 seconds
[2026-05-29T02:00:43.347+0200] {processor.py:157} INFO - Started process (PID=634442) to work on /home/frederic/airflow_venv/lib/python3.10/site-packages/airflow/example_dags/example_params_ui_tutorial.py
[2026-05-29T02:00:43.348+0200] {processor.py:829} INFO - Processing file /home/frederic/airflow_venv/lib/python3.10/site-packages/airflow/example_dags/example_params_ui_tutorial.py for tasks to queue
[2026-05-29T02:00:43.349+0200] {logging_mixin.py:151} INFO - [2026-05-29T02:00:43.348+0200] {dagbag.py:539} INFO - Filling up the DagBag from /home/frederic/airflow_venv/lib/python3.10/site-packages/airflow/example_dags/example_params_ui_tutorial.py
[2026-05-29T02:00:43.380+0200] {processor.py:839} INFO - DAG(s) dict_keys(['example_params_ui_tutorial']) retrieved from /home/frederic/airflow_venv/lib/python3.10/site-packages/airflow/example_dags/example_params_ui_tutorial.py
[2026-05-29T02:00:43.428+0200] {logging_mixin.py:151} INFO - [2026-05-29T02:00:43.428+0200] {dag.py:2915} INFO - Sync 1 DAGs
[2026-05-29T02:00:43.440+0200] {logging_mixin.py:151} INFO - [2026-05-29T02:00:43.439+0200] {dag.py:3696} INFO - Setting next_dagrun for example_params_ui_tutorial to None, run_after=None
[2026-05-29T02:00:43.460+0200] {processor.py:179} INFO - Processing /home/frederic/airflow_venv/lib/python3.10/site-packages/airflow/example_dags/example_params_ui_tutorial.py took 0.117 seconds
[2026-05-29T02:01:25.646+0200] {processor.py:157} INFO - Started process (PID=635619) to work on /home/frederic/airflow_venv/lib/python3.10/site-packages/airflow/example_dags/example_params_ui_tutorial.py
[2026-05-29T02:01:25.647+0200] {processor.py:829} INFO - Processing file /home/frederic/airflow_venv/lib/python3.10/site-packages/airflow/example_dags/example_params_ui_tutorial.py for tasks to queue
[2026-05-29T02:01:25.647+0200] {logging_mixin.py:151} INFO - [2026-05-29T02:01:25.647+0200] {dagbag.py:539} INFO - Filling up the DagBag from /home/frederic/airflow_venv/lib/python3.10/site-packages/airflow/example_dags/example_params_ui_tutorial.py
[2026-05-29T02:01:25.672+0200] {processor.py:839} INFO - DAG(s) dict_keys(['example_params_ui_tutorial']) retrieved from /home/frederic/airflow_venv/lib/python3.10/site-packages/airflow/example_dags/example_params_ui_tutorial.py
[2026-05-29T02:01:25.713+0200] {logging_mixin.py:151} INFO - [2026-05-29T02:01:25.713+0200] {dag.py:2915} INFO - Sync 1 DAGs
[2026-05-29T02:01:25.722+0200] {logging_mixin.py:151} INFO - [2026-05-29T02:01:25.722+0200] {dag.py:3696} INFO - Setting next_dagrun for example_params_ui_tutorial to None, run_after=None
[2026-05-29T02:01:25.736+0200] {processor.py:179} INFO - Processing /home/frederic/airflow_venv/lib/python3.10/site-packages/airflow/example_dags/example_params_ui_tutorial.py took 0.092 seconds
[2026-05-29T02:01:26.209+0200] {processor.py:157} INFO - Started process (PID=635622) to work on /home/frederic/airflow_venv/lib/python3.10/site-packages/airflow/example_dags/example_params_ui_tutorial.py
[2026-05-29T02:01:26.210+0200] {processor.py:829} INFO - Processing file /home/frederic/airflow_venv/lib/python3.10/site-packages/airflow/example_dags/example_params_ui_tutorial.py for tasks to queue
[2026-05-29T02:01:26.210+0200] {logging_mixin.py:151} INFO - [2026-05-29T02:01:26.210+0200] {dagbag.py:539} INFO - Filling up the DagBag from /home/frederic/airflow_venv/lib/python3.10/site-packages/airflow/example_dags/example_params_ui_tutorial.py
[2026-05-29T02:01:26.238+0200] {processor.py:839} INFO - DAG(s) dict_keys(['example_params_ui_tutorial']) retrieved from /home/frederic/airflow_venv/lib/python3.10/site-packages/airflow/example_dags/example_params_ui_tutorial.py
[2026-05-29T02:01:26.285+0200] {logging_mixin.py:151} INFO - [2026-05-29T02:01:26.285+0200] {dag.py:2915} INFO - Sync 1 DAGs
[2026-05-29T02:01:26.295+0200] {logging_mixin.py:151} INFO - [2026-05-29T02:01:26.295+0200] {dag.py:3696} INFO - Setting next_dagrun for example_params_ui_tutorial to None, run_after=None
[2026-05-29T02:01:26.311+0200] {processor.py:179} INFO - Processing /home/frederic/airflow_venv/lib/python3.10/site-packages/airflow/example_dags/example_params_ui_tutorial.py took 0.104 seconds
[2026-05-29T02:02:08.420+0200] {processor.py:157} INFO - Started process (PID=636757) to work on /home/frederic/airflow_venv/lib/python3.10/site-packages/airflow/example_dags/example_params_ui_tutorial.py
[2026-05-29T02:02:08.421+0200] {processor.py:829} INFO - Processing file /home/frederic/airflow_venv/lib/python3.10/site-packages/airflow/example_dags/example_params_ui_tutorial.py for tasks to queue
[2026-05-29T02:02:08.422+0200] {logging_mixin.py:151} INFO - [2026-05-29T02:02:08.422+0200] {dagbag.py:539} INFO - Filling up the DagBag from /home/frederic/airflow_venv/lib/python3.10/site-packages/airflow/example_dags/example_params_ui_tutorial.py
[2026-05-29T02:02:08.448+0200] {processor.py:839} INFO - DAG(s) dict_keys(['example_params_ui_tutorial']) retrieved from /home/frederic/airflow_venv/lib/python3.10/site-packages/airflow/example_dags/example_params_ui_tutorial.py
[2026-05-29T02:02:08.488+0200] {logging_mixin.py:151} INFO - [2026-05-29T02:02:08.488+0200] {dag.py:2915} INFO - Sync 1 DAGs
[2026-05-29T02:02:08.497+0200] {logging_mixin.py:151} INFO - [2026-05-29T02:02:08.497+0200] {dag.py:3696} INFO - Setting next_dagrun for example_params_ui_tutorial to None, run_after=None
[2026-05-29T02:02:08.512+0200] {processor.py:179} INFO - Processing /home/frederic/airflow_venv/lib/python3.10/site-packages/airflow/example_dags/example_params_ui_tutorial.py took 0.094 seconds
[2026-05-29T02:02:14.956+0200] {processor.py:157} INFO - Started process (PID=637016) to work on /home/frederic/airflow_venv/lib/python3.10/site-packages/airflow/example_dags/example_params_ui_tutorial.py
[2026-05-29T02:02:14.957+0200] {processor.py:829} INFO - Processing file /home/frederic/airflow_venv/lib/python3.10/site-packages/airflow/example_dags/example_params_ui_tutorial.py for tasks to queue
[2026-05-29T02:02:14.958+0200] {logging_mixin.py:151} INFO - [2026-05-29T02:02:14.957+0200] {dagbag.py:539} INFO - Filling up the DagBag from /home/frederic/airflow_venv/lib/python3.10/site-packages/airflow/example_dags/example_params_ui_tutorial.py
[2026-05-29T02:02:14.991+0200] {processor.py:839} INFO - DAG(s) dict_keys(['example_params_ui_tutorial']) retrieved from /home/frederic/airflow_venv/lib/python3.10/site-packages/airflow/example_dags/example_params_ui_tutorial.py
[2026-05-29T02:02:15.049+0200] {logging_mixin.py:151} INFO - [2026-05-29T02:02:15.049+0200] {dag.py:2915} INFO - Sync 1 DAGs
[2026-05-29T02:02:15.061+0200] {logging_mixin.py:151} INFO - [2026-05-29T02:02:15.061+0200] {dag.py:3696} INFO - Setting next_dagrun for example_params_ui_tutorial to None, run_after=None
[2026-05-29T02:02:15.080+0200] {processor.py:179} INFO - Processing /home/frederic/airflow_venv/lib/python3.10/site-packages/airflow/example_dags/example_params_ui_tutorial.py took 0.127 seconds
[2026-05-29T02:02:59.113+0200] {processor.py:157} INFO - Started process (PID=638293) to work on /home/frederic/airflow_venv/lib/python3.10/site-packages/airflow/example_dags/example_params_ui_tutorial.py
[2026-05-29T02:02:59.114+0200] {processor.py:829} INFO - Processing file /home/frederic/airflow_venv/lib/python3.10/site-packages/airflow/example_dags/example_params_ui_tutorial.py for tasks to queue
[2026-05-29T02:02:59.115+0200] {logging_mixin.py:151} INFO - [2026-05-29T02:02:59.115+0200] {dagbag.py:539} INFO - Filling up the DagBag from /home/frederic/airflow_venv/lib/python3.10/site-packages/airflow/example_dags/example_params_ui_tutorial.py
[2026-05-29T02:02:59.149+0200] {processor.py:839} INFO - DAG(s) dict_keys(['example_params_ui_tutorial']) retrieved from /home/frederic/airflow_venv/lib/python3.10/site-packages/airflow/example_dags/example_params_ui_tutorial.py
[2026-05-29T02:02:59.194+0200] {logging_mixin.py:151} INFO - [2026-05-29T02:02:59.194+0200] {dag.py:2915} INFO - Sync 1 DAGs
[2026-05-29T02:02:59.202+0200] {logging_mixin.py:151} INFO - [2026-05-29T02:02:59.202+0200] {dag.py:3696} INFO - Setting next_dagrun for example_params_ui_tutorial to None, run_after=None
[2026-05-29T02:02:59.218+0200] {processor.py:179} INFO - Processing /home/frederic/airflow_venv/lib/python3.10/site-packages/airflow/example_dags/example_params_ui_tutorial.py took 0.107 seconds
[2026-05-29T02:03:05.671+0200] {processor.py:157} INFO - Started process (PID=638438) to work on /home/frederic/airflow_venv/lib/python3.10/site-packages/airflow/example_dags/example_params_ui_tutorial.py
[2026-05-29T02:03:05.672+0200] {processor.py:829} INFO - Processing file /home/frederic/airflow_venv/lib/python3.10/site-packages/airflow/example_dags/example_params_ui_tutorial.py for tasks to queue
[2026-05-29T02:03:05.673+0200] {logging_mixin.py:151} INFO - [2026-05-29T02:03:05.673+0200] {dagbag.py:539} INFO - Filling up the DagBag from /home/frederic/airflow_venv/lib/python3.10/site-packages/airflow/example_dags/example_params_ui_tutorial.py
[2026-05-29T02:03:05.706+0200] {processor.py:839} INFO - DAG(s) dict_keys(['example_params_ui_tutorial']) retrieved from /home/frederic/airflow_venv/lib/python3.10/site-packages/airflow/example_dags/example_params_ui_tutorial.py
[2026-05-29T02:03:05.750+0200] {logging_mixin.py:151} INFO - [2026-05-29T02:03:05.750+0200] {dag.py:2915} INFO - Sync 1 DAGs
[2026-05-29T02:03:05.761+0200] {logging_mixin.py:151} INFO - [2026-05-29T02:03:05.761+0200] {dag.py:3696} INFO - Setting next_dagrun for example_params_ui_tutorial to None, run_after=None
[2026-05-29T02:03:05.782+0200] {processor.py:179} INFO - Processing /home/frederic/airflow_venv/lib/python3.10/site-packages/airflow/example_dags/example_params_ui_tutorial.py took 0.113 seconds
[2026-05-29T02:03:47.013+0200] {processor.py:157} INFO - Started process (PID=639785) to work on /home/frederic/airflow_venv/lib/python3.10/site-packages/airflow/example_dags/example_params_ui_tutorial.py
[2026-05-29T02:03:47.014+0200] {processor.py:829} INFO - Processing file /home/frederic/airflow_venv/lib/python3.10/site-packages/airflow/example_dags/example_params_ui_tutorial.py for tasks to queue
[2026-05-29T02:03:47.015+0200] {logging_mixin.py:151} INFO - [2026-05-29T02:03:47.015+0200] {dagbag.py:539} INFO - Filling up the DagBag from /home/frederic/airflow_venv/lib/python3.10/site-packages/airflow/example_dags/example_params_ui_tutorial.py
[2026-05-29T02:03:47.058+0200] {processor.py:839} INFO - DAG(s) dict_keys(['example_params_ui_tutorial']) retrieved from /home/frederic/airflow_venv/lib/python3.10/site-packages/airflow/example_dags/example_params_ui_tutorial.py
[2026-05-29T02:03:47.108+0200] {logging_mixin.py:151} INFO - [2026-05-29T02:03:47.108+0200] {dag.py:2915} INFO - Sync 1 DAGs
[2026-05-29T02:03:47.118+0200] {logging_mixin.py:151} INFO - [2026-05-29T02:03:47.118+0200] {dag.py:3696} INFO - Setting next_dagrun for example_params_ui_tutorial to None, run_after=None
[2026-05-29T02:03:47.138+0200] {processor.py:179} INFO - Processing /home/frederic/airflow_venv/lib/python3.10/site-packages/airflow/example_dags/example_params_ui_tutorial.py took 0.129 seconds
[2026-05-29T02:03:54.002+0200] {processor.py:157} INFO - Started process (PID=639985) to work on /home/frederic/airflow_venv/lib/python3.10/site-packages/airflow/example_dags/example_params_ui_tutorial.py
[2026-05-29T02:03:54.003+0200] {processor.py:829} INFO - Processing file /home/frederic/airflow_venv/lib/python3.10/site-packages/airflow/example_dags/example_params_ui_tutorial.py for tasks to queue
[2026-05-29T02:03:54.004+0200] {logging_mixin.py:151} INFO - [2026-05-29T02:03:54.003+0200] {dagbag.py:539} INFO - Filling up the DagBag from /home/frederic/airflow_venv/lib/python3.10/site-packages/airflow/example_dags/example_params_ui_tutorial.py
[2026-05-29T02:03:54.039+0200] {processor.py:839} INFO - DAG(s) dict_keys(['example_params_ui_tutorial']) retrieved from /home/frederic/airflow_venv/lib/python3.10/site-packages/airflow/example_dags/example_params_ui_tutorial.py
[2026-05-29T02:03:54.088+0200] {logging_mixin.py:151} INFO - [2026-05-29T02:03:54.088+0200] {dag.py:2915} INFO - Sync 1 DAGs
[2026-05-29T02:03:54.111+0200] {logging_mixin.py:151} INFO - [2026-05-29T02:03:54.111+0200] {dag.py:3696} INFO - Setting next_dagrun for example_params_ui_tutorial to None, run_after=None
[2026-05-29T02:03:54.187+0200] {processor.py:179} INFO - Processing /home/frederic/airflow_venv/lib/python3.10/site-packages/airflow/example_dags/example_params_ui_tutorial.py took 0.189 seconds
[2026-05-29T09:58:23.783+0200] {processor.py:157} INFO - Started process (PID=681923) to work on /home/frederic/airflow_venv/lib/python3.10/site-packages/airflow/example_dags/example_params_ui_tutorial.py
[2026-05-29T09:58:23.785+0200] {processor.py:829} INFO - Processing file /home/frederic/airflow_venv/lib/python3.10/site-packages/airflow/example_dags/example_params_ui_tutorial.py for tasks to queue
[2026-05-29T09:58:23.786+0200] {logging_mixin.py:151} INFO - [2026-05-29T09:58:23.785+0200] {dagbag.py:539} INFO - Filling up the DagBag from /home/frederic/airflow_venv/lib/python3.10/site-packages/airflow/example_dags/example_params_ui_tutorial.py
[2026-05-29T09:58:23.830+0200] {processor.py:839} INFO - DAG(s) dict_keys(['example_params_ui_tutorial']) retrieved from /home/frederic/airflow_venv/lib/python3.10/site-packages/airflow/example_dags/example_params_ui_tutorial.py
[2026-05-29T09:58:23.840+0200] {logging_mixin.py:151} INFO - [2026-05-29T09:58:23.840+0200] {dag.py:2915} INFO - Sync 1 DAGs
[2026-05-29T09:58:23.856+0200] {logging_mixin.py:151} INFO - [2026-05-29T09:58:23.855+0200] {dag.py:3696} INFO - Setting next_dagrun for example_params_ui_tutorial to None, run_after=None
[2026-05-29T09:58:23.880+0200] {processor.py:179} INFO - Processing /home/frederic/airflow_venv/lib/python3.10/site-packages/airflow/example_dags/example_params_ui_tutorial.py took 0.099 seconds
[2026-05-29T09:59:14.132+0200] {processor.py:157} INFO - Started process (PID=683413) to work on /home/frederic/airflow_venv/lib/python3.10/site-packages/airflow/example_dags/example_params_ui_tutorial.py
[2026-05-29T09:59:14.133+0200] {processor.py:829} INFO - Processing file /home/frederic/airflow_venv/lib/python3.10/site-packages/airflow/example_dags/example_params_ui_tutorial.py for tasks to queue
[2026-05-29T09:59:14.134+0200] {logging_mixin.py:151} INFO - [2026-05-29T09:59:14.133+0200] {dagbag.py:539} INFO - Filling up the DagBag from /home/frederic/airflow_venv/lib/python3.10/site-packages/airflow/example_dags/example_params_ui_tutorial.py
[2026-05-29T09:59:14.166+0200] {processor.py:839} INFO - DAG(s) dict_keys(['example_params_ui_tutorial']) retrieved from /home/frederic/airflow_venv/lib/python3.10/site-packages/airflow/example_dags/example_params_ui_tutorial.py
[2026-05-29T09:59:14.230+0200] {logging_mixin.py:151} INFO - [2026-05-29T09:59:14.230+0200] {dag.py:2915} INFO - Sync 1 DAGs
[2026-05-29T09:59:14.243+0200] {logging_mixin.py:151} INFO - [2026-05-29T09:59:14.243+0200] {dag.py:3696} INFO - Setting next_dagrun for example_params_ui_tutorial to None, run_after=None
[2026-05-29T09:59:14.263+0200] {processor.py:179} INFO - Processing /home/frederic/airflow_venv/lib/python3.10/site-packages/airflow/example_dags/example_params_ui_tutorial.py took 0.134 seconds
[2026-05-29T10:00:00.499+0200] {processor.py:157} INFO - Started process (PID=683960) to work on /home/frederic/airflow_venv/lib/python3.10/site-packages/airflow/example_dags/example_params_ui_tutorial.py
[2026-05-29T10:00:00.500+0200] {processor.py:829} INFO - Processing file /home/frederic/airflow_venv/lib/python3.10/site-packages/airflow/example_dags/example_params_ui_tutorial.py for tasks to queue
[2026-05-29T10:00:00.501+0200] {logging_mixin.py:151} INFO - [2026-05-29T10:00:00.501+0200] {dagbag.py:539} INFO - Filling up the DagBag from /home/frederic/airflow_venv/lib/python3.10/site-packages/airflow/example_dags/example_params_ui_tutorial.py
[2026-05-29T10:00:00.530+0200] {processor.py:839} INFO - DAG(s) dict_keys(['example_params_ui_tutorial']) retrieved from /home/frederic/airflow_venv/lib/python3.10/site-packages/airflow/example_dags/example_params_ui_tutorial.py
[2026-05-29T10:00:00.579+0200] {logging_mixin.py:151} INFO - [2026-05-29T10:00:00.579+0200] {dag.py:2915} INFO - Sync 1 DAGs
[2026-05-29T10:00:00.591+0200] {logging_mixin.py:151} INFO - [2026-05-29T10:00:00.590+0200] {dag.py:3696} INFO - Setting next_dagrun for example_params_ui_tutorial to None, run_after=None
[2026-05-29T10:00:00.611+0200] {processor.py:179} INFO - Processing /home/frederic/airflow_venv/lib/python3.10/site-packages/airflow/example_dags/example_params_ui_tutorial.py took 0.114 seconds
[2026-05-29T10:00:52.049+0200] {processor.py:157} INFO - Started process (PID=684911) to work on /home/frederic/airflow_venv/lib/python3.10/site-packages/airflow/example_dags/example_params_ui_tutorial.py
[2026-05-29T10:00:52.050+0200] {processor.py:829} INFO - Processing file /home/frederic/airflow_venv/lib/python3.10/site-packages/airflow/example_dags/example_params_ui_tutorial.py for tasks to queue
[2026-05-29T10:00:52.051+0200] {logging_mixin.py:151} INFO - [2026-05-29T10:00:52.051+0200] {dagbag.py:539} INFO - Filling up the DagBag from /home/frederic/airflow_venv/lib/python3.10/site-packages/airflow/example_dags/example_params_ui_tutorial.py
[2026-05-29T10:00:52.092+0200] {processor.py:839} INFO - DAG(s) dict_keys(['example_params_ui_tutorial']) retrieved from /home/frederic/airflow_venv/lib/python3.10/site-packages/airflow/example_dags/example_params_ui_tutorial.py
[2026-05-29T10:00:52.154+0200] {logging_mixin.py:151} INFO - [2026-05-29T10:00:52.154+0200] {dag.py:2915} INFO - Sync 1 DAGs
[2026-05-29T10:00:52.166+0200] {logging_mixin.py:151} INFO - [2026-05-29T10:00:52.166+0200] {dag.py:3696} INFO - Setting next_dagrun for example_params_ui_tutorial to None, run_after=None
[2026-05-29T10:00:52.183+0200] {processor.py:179} INFO - Processing /home/frederic/airflow_venv/lib/python3.10/site-packages/airflow/example_dags/example_params_ui_tutorial.py took 0.137 seconds
[2026-05-29T10:01:39.849+0200] {processor.py:157} INFO - Started process (PID=685553) to work on /home/frederic/airflow_venv/lib/python3.10/site-packages/airflow/example_dags/example_params_ui_tutorial.py
[2026-05-29T10:01:39.853+0200] {processor.py:829} INFO - Processing file /home/frederic/airflow_venv/lib/python3.10/site-packages/airflow/example_dags/example_params_ui_tutorial.py for tasks to queue
[2026-05-29T10:01:39.853+0200] {logging_mixin.py:151} INFO - [2026-05-29T10:01:39.853+0200] {dagbag.py:539} INFO - Filling up the DagBag from /home/frederic/airflow_venv/lib/python3.10/site-packages/airflow/example_dags/example_params_ui_tutorial.py
[2026-05-29T10:01:39.882+0200] {processor.py:839} INFO - DAG(s) dict_keys(['example_params_ui_tutorial']) retrieved from /home/frederic/airflow_venv/lib/python3.10/site-packages/airflow/example_dags/example_params_ui_tutorial.py
[2026-05-29T10:01:39.930+0200] {logging_mixin.py:151} INFO - [2026-05-29T10:01:39.929+0200] {dag.py:2915} INFO - Sync 1 DAGs
[2026-05-29T10:01:39.941+0200] {logging_mixin.py:151} INFO - [2026-05-29T10:01:39.941+0200] {dag.py:3696} INFO - Setting next_dagrun for example_params_ui_tutorial to None, run_after=None
[2026-05-29T10:01:39.958+0200] {processor.py:179} INFO - Processing /home/frederic/airflow_venv/lib/python3.10/site-packages/airflow/example_dags/example_params_ui_tutorial.py took 0.112 seconds
[2026-05-29T10:02:28.182+0200] {processor.py:157} INFO - Started process (PID=686160) to work on /home/frederic/airflow_venv/lib/python3.10/site-packages/airflow/example_dags/example_params_ui_tutorial.py
[2026-05-29T10:02:28.183+0200] {processor.py:829} INFO - Processing file /home/frederic/airflow_venv/lib/python3.10/site-packages/airflow/example_dags/example_params_ui_tutorial.py for tasks to queue
[2026-05-29T10:02:28.183+0200] {logging_mixin.py:151} INFO - [2026-05-29T10:02:28.183+0200] {dagbag.py:539} INFO - Filling up the DagBag from /home/frederic/airflow_venv/lib/python3.10/site-packages/airflow/example_dags/example_params_ui_tutorial.py
[2026-05-29T10:02:28.219+0200] {processor.py:839} INFO - DAG(s) dict_keys(['example_params_ui_tutorial']) retrieved from /home/frederic/airflow_venv/lib/python3.10/site-packages/airflow/example_dags/example_params_ui_tutorial.py
[2026-05-29T10:02:28.267+0200] {logging_mixin.py:151} INFO - [2026-05-29T10:02:28.267+0200] {dag.py:2915} INFO - Sync 1 DAGs
[2026-05-29T10:02:28.282+0200] {logging_mixin.py:151} INFO - [2026-05-29T10:02:28.281+0200] {dag.py:3696} INFO - Setting next_dagrun for example_params_ui_tutorial to None, run_after=None
[2026-05-29T10:02:28.299+0200] {processor.py:179} INFO - Processing /home/frederic/airflow_venv/lib/python3.10/site-packages/airflow/example_dags/example_params_ui_tutorial.py took 0.120 seconds
[2026-05-29T10:03:14.187+0200] {processor.py:157} INFO - Started process (PID=686616) to work on /home/frederic/airflow_venv/lib/python3.10/site-packages/airflow/example_dags/example_params_ui_tutorial.py
[2026-05-29T10:03:14.188+0200] {processor.py:829} INFO - Processing file /home/frederic/airflow_venv/lib/python3.10/site-packages/airflow/example_dags/example_params_ui_tutorial.py for tasks to queue
[2026-05-29T10:03:14.189+0200] {logging_mixin.py:151} INFO - [2026-05-29T10:03:14.188+0200] {dagbag.py:539} INFO - Filling up the DagBag from /home/frederic/airflow_venv/lib/python3.10/site-packages/airflow/example_dags/example_params_ui_tutorial.py
[2026-05-29T10:03:14.222+0200] {processor.py:839} INFO - DAG(s) dict_keys(['example_params_ui_tutorial']) retrieved from /home/frederic/airflow_venv/lib/python3.10/site-packages/airflow/example_dags/example_params_ui_tutorial.py
[2026-05-29T10:03:14.267+0200] {logging_mixin.py:151} INFO - [2026-05-29T10:03:14.267+0200] {dag.py:2915} INFO - Sync 1 DAGs
[2026-05-29T10:03:14.277+0200] {logging_mixin.py:151} INFO - [2026-05-29T10:03:14.277+0200] {dag.py:3696} INFO - Setting next_dagrun for example_params_ui_tutorial to None, run_after=None
[2026-05-29T10:03:14.294+0200] {processor.py:179} INFO - Processing /home/frederic/airflow_venv/lib/python3.10/site-packages/airflow/example_dags/example_params_ui_tutorial.py took 0.109 seconds
[2026-05-29T10:04:01.673+0200] {processor.py:157} INFO - Started process (PID=687661) to work on /home/frederic/airflow_venv/lib/python3.10/site-packages/airflow/example_dags/example_params_ui_tutorial.py
[2026-05-29T10:04:01.674+0200] {processor.py:829} INFO - Processing file /home/frederic/airflow_venv/lib/python3.10/site-packages/airflow/example_dags/example_params_ui_tutorial.py for tasks to queue
[2026-05-29T10:04:01.675+0200] {logging_mixin.py:151} INFO - [2026-05-29T10:04:01.675+0200] {dagbag.py:539} INFO - Filling up the DagBag from /home/frederic/airflow_venv/lib/python3.10/site-packages/airflow/example_dags/example_params_ui_tutorial.py
[2026-05-29T10:04:01.712+0200] {processor.py:839} INFO - DAG(s) dict_keys(['example_params_ui_tutorial']) retrieved from /home/frederic/airflow_venv/lib/python3.10/site-packages/airflow/example_dags/example_params_ui_tutorial.py
[2026-05-29T10:04:01.766+0200] {logging_mixin.py:151} INFO - [2026-05-29T10:04:01.766+0200] {dag.py:2915} INFO - Sync 1 DAGs
[2026-05-29T10:04:01.776+0200] {logging_mixin.py:151} INFO - [2026-05-29T10:04:01.776+0200] {dag.py:3696} INFO - Setting next_dagrun for example_params_ui_tutorial to None, run_after=None
[2026-05-29T10:04:01.795+0200] {processor.py:179} INFO - Processing /home/frederic/airflow_venv/lib/python3.10/site-packages/airflow/example_dags/example_params_ui_tutorial.py took 0.125 seconds
[2026-05-29T10:04:52.186+0200] {processor.py:157} INFO - Started process (PID=688643) to work on /home/frederic/airflow_venv/lib/python3.10/site-packages/airflow/example_dags/example_params_ui_tutorial.py
[2026-05-29T10:04:52.189+0200] {processor.py:829} INFO - Processing file /home/frederic/airflow_venv/lib/python3.10/site-packages/airflow/example_dags/example_params_ui_tutorial.py for tasks to queue
[2026-05-29T10:04:52.190+0200] {logging_mixin.py:151} INFO - [2026-05-29T10:04:52.190+0200] {dagbag.py:539} INFO - Filling up the DagBag from /home/frederic/airflow_venv/lib/python3.10/site-packages/airflow/example_dags/example_params_ui_tutorial.py
[2026-05-29T10:04:52.223+0200] {processor.py:839} INFO - DAG(s) dict_keys(['example_params_ui_tutorial']) retrieved from /home/frederic/airflow_venv/lib/python3.10/site-packages/airflow/example_dags/example_params_ui_tutorial.py
[2026-05-29T10:04:52.287+0200] {logging_mixin.py:151} INFO - [2026-05-29T10:04:52.287+0200] {dag.py:2915} INFO - Sync 1 DAGs
[2026-05-29T10:04:52.300+0200] {logging_mixin.py:151} INFO - [2026-05-29T10:04:52.300+0200] {dag.py:3696} INFO - Setting next_dagrun for example_params_ui_tutorial to None, run_after=None
[2026-05-29T10:04:52.320+0200] {processor.py:179} INFO - Processing /home/frederic/airflow_venv/lib/python3.10/site-packages/airflow/example_dags/example_params_ui_tutorial.py took 0.139 seconds
[2026-05-29T10:05:37.288+0200] {processor.py:157} INFO - Started process (PID=689646) to work on /home/frederic/airflow_venv/lib/python3.10/site-packages/airflow/example_dags/example_params_ui_tutorial.py
[2026-05-29T10:05:37.289+0200] {processor.py:829} INFO - Processing file /home/frederic/airflow_venv/lib/python3.10/site-packages/airflow/example_dags/example_params_ui_tutorial.py for tasks to queue
[2026-05-29T10:05:37.290+0200] {logging_mixin.py:151} INFO - [2026-05-29T10:05:37.290+0200] {dagbag.py:539} INFO - Filling up the DagBag from /home/frederic/airflow_venv/lib/python3.10/site-packages/airflow/example_dags/example_params_ui_tutorial.py
[2026-05-29T10:05:37.327+0200] {processor.py:839} INFO - DAG(s) dict_keys(['example_params_ui_tutorial']) retrieved from /home/frederic/airflow_venv/lib/python3.10/site-packages/airflow/example_dags/example_params_ui_tutorial.py
[2026-05-29T10:05:37.379+0200] {logging_mixin.py:151} INFO - [2026-05-29T10:05:37.379+0200] {dag.py:2915} INFO - Sync 1 DAGs
[2026-05-29T10:05:37.392+0200] {logging_mixin.py:151} INFO - [2026-05-29T10:05:37.391+0200] {dag.py:3696} INFO - Setting next_dagrun for example_params_ui_tutorial to None, run_after=None
[2026-05-29T10:05:37.413+0200] {processor.py:179} INFO - Processing /home/frederic/airflow_venv/lib/python3.10/site-packages/airflow/example_dags/example_params_ui_tutorial.py took 0.127 seconds
[2026-05-29T10:06:25.559+0200] {processor.py:157} INFO - Started process (PID=690224) to work on /home/frederic/airflow_venv/lib/python3.10/site-packages/airflow/example_dags/example_params_ui_tutorial.py
[2026-05-29T10:06:25.561+0200] {processor.py:829} INFO - Processing file /home/frederic/airflow_venv/lib/python3.10/site-packages/airflow/example_dags/example_params_ui_tutorial.py for tasks to queue
[2026-05-29T10:06:25.562+0200] {logging_mixin.py:151} INFO - [2026-05-29T10:06:25.562+0200] {dagbag.py:539} INFO - Filling up the DagBag from /home/frederic/airflow_venv/lib/python3.10/site-packages/airflow/example_dags/example_params_ui_tutorial.py
[2026-05-29T10:06:25.598+0200] {processor.py:839} INFO - DAG(s) dict_keys(['example_params_ui_tutorial']) retrieved from /home/frederic/airflow_venv/lib/python3.10/site-packages/airflow/example_dags/example_params_ui_tutorial.py
[2026-05-29T10:06:25.662+0200] {logging_mixin.py:151} INFO - [2026-05-29T10:06:25.662+0200] {dag.py:2915} INFO - Sync 1 DAGs
[2026-05-29T10:06:25.675+0200] {logging_mixin.py:151} INFO - [2026-05-29T10:06:25.675+0200] {dag.py:3696} INFO - Setting next_dagrun for example_params_ui_tutorial to None, run_after=None
[2026-05-29T10:06:25.695+0200] {processor.py:179} INFO - Processing /home/frederic/airflow_venv/lib/python3.10/site-packages/airflow/example_dags/example_params_ui_tutorial.py took 0.139 seconds
[2026-05-29T10:07:18.828+0200] {processor.py:157} INFO - Started process (PID=690967) to work on /home/frederic/airflow_venv/lib/python3.10/site-packages/airflow/example_dags/example_params_ui_tutorial.py
[2026-05-29T10:07:18.829+0200] {processor.py:829} INFO - Processing file /home/frederic/airflow_venv/lib/python3.10/site-packages/airflow/example_dags/example_params_ui_tutorial.py for tasks to queue
[2026-05-29T10:07:18.830+0200] {logging_mixin.py:151} INFO - [2026-05-29T10:07:18.830+0200] {dagbag.py:539} INFO - Filling up the DagBag from /home/frederic/airflow_venv/lib/python3.10/site-packages/airflow/example_dags/example_params_ui_tutorial.py
[2026-05-29T10:07:18.860+0200] {processor.py:839} INFO - DAG(s) dict_keys(['example_params_ui_tutorial']) retrieved from /home/frederic/airflow_venv/lib/python3.10/site-packages/airflow/example_dags/example_params_ui_tutorial.py
[2026-05-29T10:07:18.905+0200] {logging_mixin.py:151} INFO - [2026-05-29T10:07:18.905+0200] {dag.py:2915} INFO - Sync 1 DAGs
[2026-05-29T10:07:18.918+0200] {logging_mixin.py:151} INFO - [2026-05-29T10:07:18.918+0200] {dag.py:3696} INFO - Setting next_dagrun for example_params_ui_tutorial to None, run_after=None
[2026-05-29T10:07:18.937+0200] {processor.py:179} INFO - Processing /home/frederic/airflow_venv/lib/python3.10/site-packages/airflow/example_dags/example_params_ui_tutorial.py took 0.112 seconds
[2026-05-29T10:08:10.824+0200] {processor.py:157} INFO - Started process (PID=691581) to work on /home/frederic/airflow_venv/lib/python3.10/site-packages/airflow/example_dags/example_params_ui_tutorial.py
[2026-05-29T10:08:10.826+0200] {processor.py:829} INFO - Processing file /home/frederic/airflow_venv/lib/python3.10/site-packages/airflow/example_dags/example_params_ui_tutorial.py for tasks to queue
[2026-05-29T10:08:10.827+0200] {logging_mixin.py:151} INFO - [2026-05-29T10:08:10.826+0200] {dagbag.py:539} INFO - Filling up the DagBag from /home/frederic/airflow_venv/lib/python3.10/site-packages/airflow/example_dags/example_params_ui_tutorial.py
[2026-05-29T10:08:10.858+0200] {processor.py:839} INFO - DAG(s) dict_keys(['example_params_ui_tutorial']) retrieved from /home/frederic/airflow_venv/lib/python3.10/site-packages/airflow/example_dags/example_params_ui_tutorial.py
[2026-05-29T10:08:10.903+0200] {logging_mixin.py:151} INFO - [2026-05-29T10:08:10.903+0200] {dag.py:2915} INFO - Sync 1 DAGs
[2026-05-29T10:08:10.915+0200] {logging_mixin.py:151} INFO - [2026-05-29T10:08:10.914+0200] {dag.py:3696} INFO - Setting next_dagrun for example_params_ui_tutorial to None, run_after=None
[2026-05-29T10:08:10.931+0200] {processor.py:179} INFO - Processing /home/frederic/airflow_venv/lib/python3.10/site-packages/airflow/example_dags/example_params_ui_tutorial.py took 0.111 seconds
[2026-05-29T10:08:57.361+0200] {processor.py:157} INFO - Started process (PID=692132) to work on /home/frederic/airflow_venv/lib/python3.10/site-packages/airflow/example_dags/example_params_ui_tutorial.py
[2026-05-29T10:08:57.365+0200] {processor.py:829} INFO - Processing file /home/frederic/airflow_venv/lib/python3.10/site-packages/airflow/example_dags/example_params_ui_tutorial.py for tasks to queue
[2026-05-29T10:08:57.365+0200] {logging_mixin.py:151} INFO - [2026-05-29T10:08:57.365+0200] {dagbag.py:539} INFO - Filling up the DagBag from /home/frederic/airflow_venv/lib/python3.10/site-packages/airflow/example_dags/example_params_ui_tutorial.py
[2026-05-29T10:08:57.394+0200] {processor.py:839} INFO - DAG(s) dict_keys(['example_params_ui_tutorial']) retrieved from /home/frederic/airflow_venv/lib/python3.10/site-packages/airflow/example_dags/example_params_ui_tutorial.py
[2026-05-29T10:08:57.444+0200] {logging_mixin.py:151} INFO - [2026-05-29T10:08:57.444+0200] {dag.py:2915} INFO - Sync 1 DAGs
[2026-05-29T10:08:57.455+0200] {logging_mixin.py:151} INFO - [2026-05-29T10:08:57.454+0200] {dag.py:3696} INFO - Setting next_dagrun for example_params_ui_tutorial to None, run_after=None
[2026-05-29T10:08:57.472+0200] {processor.py:179} INFO - Processing /home/frederic/airflow_venv/lib/python3.10/site-packages/airflow/example_dags/example_params_ui_tutorial.py took 0.113 seconds
[2026-05-29T10:09:44.509+0200] {processor.py:157} INFO - Started process (PID=692629) to work on /home/frederic/airflow_venv/lib/python3.10/site-packages/airflow/example_dags/example_params_ui_tutorial.py
[2026-05-29T10:09:44.510+0200] {processor.py:829} INFO - Processing file /home/frederic/airflow_venv/lib/python3.10/site-packages/airflow/example_dags/example_params_ui_tutorial.py for tasks to queue
[2026-05-29T10:09:44.511+0200] {logging_mixin.py:151} INFO - [2026-05-29T10:09:44.510+0200] {dagbag.py:539} INFO - Filling up the DagBag from /home/frederic/airflow_venv/lib/python3.10/site-packages/airflow/example_dags/example_params_ui_tutorial.py
[2026-05-29T10:09:44.551+0200] {processor.py:839} INFO - DAG(s) dict_keys(['example_params_ui_tutorial']) retrieved from /home/frederic/airflow_venv/lib/python3.10/site-packages/airflow/example_dags/example_params_ui_tutorial.py
[2026-05-29T10:09:44.606+0200] {logging_mixin.py:151} INFO - [2026-05-29T10:09:44.606+0200] {dag.py:2915} INFO - Sync 1 DAGs
[2026-05-29T10:09:44.617+0200] {logging_mixin.py:151} INFO - [2026-05-29T10:09:44.617+0200] {dag.py:3696} INFO - Setting next_dagrun for example_params_ui_tutorial to None, run_after=None
[2026-05-29T10:09:44.634+0200] {processor.py:179} INFO - Processing /home/frederic/airflow_venv/lib/python3.10/site-packages/airflow/example_dags/example_params_ui_tutorial.py took 0.127 seconds
[2026-05-29T10:10:31.988+0200] {processor.py:157} INFO - Started process (PID=693358) to work on /home/frederic/airflow_venv/lib/python3.10/site-packages/airflow/example_dags/example_params_ui_tutorial.py
[2026-05-29T10:10:31.992+0200] {processor.py:829} INFO - Processing file /home/frederic/airflow_venv/lib/python3.10/site-packages/airflow/example_dags/example_params_ui_tutorial.py for tasks to queue
[2026-05-29T10:10:31.993+0200] {logging_mixin.py:151} INFO - [2026-05-29T10:10:31.993+0200] {dagbag.py:539} INFO - Filling up the DagBag from /home/frederic/airflow_venv/lib/python3.10/site-packages/airflow/example_dags/example_params_ui_tutorial.py
[2026-05-29T10:10:32.023+0200] {processor.py:839} INFO - DAG(s) dict_keys(['example_params_ui_tutorial']) retrieved from /home/frederic/airflow_venv/lib/python3.10/site-packages/airflow/example_dags/example_params_ui_tutorial.py
[2026-05-29T10:10:32.075+0200] {logging_mixin.py:151} INFO - [2026-05-29T10:10:32.075+0200] {dag.py:2915} INFO - Sync 1 DAGs
[2026-05-29T10:10:32.085+0200] {logging_mixin.py:151} INFO - [2026-05-29T10:10:32.085+0200] {dag.py:3696} INFO - Setting next_dagrun for example_params_ui_tutorial to None, run_after=None
[2026-05-29T10:10:32.103+0200] {processor.py:179} INFO - Processing /home/frederic/airflow_venv/lib/python3.10/site-packages/airflow/example_dags/example_params_ui_tutorial.py took 0.118 seconds
[2026-05-29T10:11:21.005+0200] {processor.py:157} INFO - Started process (PID=694347) to work on /home/frederic/airflow_venv/lib/python3.10/site-packages/airflow/example_dags/example_params_ui_tutorial.py
[2026-05-29T10:11:21.006+0200] {processor.py:829} INFO - Processing file /home/frederic/airflow_venv/lib/python3.10/site-packages/airflow/example_dags/example_params_ui_tutorial.py for tasks to queue
[2026-05-29T10:11:21.007+0200] {logging_mixin.py:151} INFO - [2026-05-29T10:11:21.007+0200] {dagbag.py:539} INFO - Filling up the DagBag from /home/frederic/airflow_venv/lib/python3.10/site-packages/airflow/example_dags/example_params_ui_tutorial.py
[2026-05-29T10:11:21.039+0200] {processor.py:839} INFO - DAG(s) dict_keys(['example_params_ui_tutorial']) retrieved from /home/frederic/airflow_venv/lib/python3.10/site-packages/airflow/example_dags/example_params_ui_tutorial.py
[2026-05-29T10:11:21.094+0200] {logging_mixin.py:151} INFO - [2026-05-29T10:11:21.094+0200] {dag.py:2915} INFO - Sync 1 DAGs
[2026-05-29T10:11:21.106+0200] {logging_mixin.py:151} INFO - [2026-05-29T10:11:21.106+0200] {dag.py:3696} INFO - Setting next_dagrun for example_params_ui_tutorial to None, run_after=None
[2026-05-29T10:11:21.122+0200] {processor.py:179} INFO - Processing /home/frederic/airflow_venv/lib/python3.10/site-packages/airflow/example_dags/example_params_ui_tutorial.py took 0.122 seconds
[2026-05-29T10:12:10.086+0200] {processor.py:157} INFO - Started process (PID=695350) to work on /home/frederic/airflow_venv/lib/python3.10/site-packages/airflow/example_dags/example_params_ui_tutorial.py
[2026-05-29T10:12:10.087+0200] {processor.py:829} INFO - Processing file /home/frederic/airflow_venv/lib/python3.10/site-packages/airflow/example_dags/example_params_ui_tutorial.py for tasks to queue
[2026-05-29T10:12:10.087+0200] {logging_mixin.py:151} INFO - [2026-05-29T10:12:10.087+0200] {dagbag.py:539} INFO - Filling up the DagBag from /home/frederic/airflow_venv/lib/python3.10/site-packages/airflow/example_dags/example_params_ui_tutorial.py
[2026-05-29T10:12:10.113+0200] {processor.py:839} INFO - DAG(s) dict_keys(['example_params_ui_tutorial']) retrieved from /home/frederic/airflow_venv/lib/python3.10/site-packages/airflow/example_dags/example_params_ui_tutorial.py
[2026-05-29T10:12:10.153+0200] {logging_mixin.py:151} INFO - [2026-05-29T10:12:10.152+0200] {dag.py:2915} INFO - Sync 1 DAGs
[2026-05-29T10:12:10.161+0200] {logging_mixin.py:151} INFO - [2026-05-29T10:12:10.161+0200] {dag.py:3696} INFO - Setting next_dagrun for example_params_ui_tutorial to None, run_after=None
[2026-05-29T10:12:10.176+0200] {processor.py:179} INFO - Processing /home/frederic/airflow_venv/lib/python3.10/site-packages/airflow/example_dags/example_params_ui_tutorial.py took 0.093 seconds
[2026-05-29T10:12:51.927+0200] {processor.py:157} INFO - Started process (PID=695727) to work on /home/frederic/airflow_venv/lib/python3.10/site-packages/airflow/example_dags/example_params_ui_tutorial.py
[2026-05-29T10:12:51.928+0200] {processor.py:829} INFO - Processing file /home/frederic/airflow_venv/lib/python3.10/site-packages/airflow/example_dags/example_params_ui_tutorial.py for tasks to queue
[2026-05-29T10:12:51.929+0200] {logging_mixin.py:151} INFO - [2026-05-29T10:12:51.928+0200] {dagbag.py:539} INFO - Filling up the DagBag from /home/frederic/airflow_venv/lib/python3.10/site-packages/airflow/example_dags/example_params_ui_tutorial.py
[2026-05-29T10:12:51.954+0200] {processor.py:839} INFO - DAG(s) dict_keys(['example_params_ui_tutorial']) retrieved from /home/frederic/airflow_venv/lib/python3.10/site-packages/airflow/example_dags/example_params_ui_tutorial.py
[2026-05-29T10:12:51.993+0200] {logging_mixin.py:151} INFO - [2026-05-29T10:12:51.993+0200] {dag.py:2915} INFO - Sync 1 DAGs
[2026-05-29T10:12:52.002+0200] {logging_mixin.py:151} INFO - [2026-05-29T10:12:52.002+0200] {dag.py:3696} INFO - Setting next_dagrun for example_params_ui_tutorial to None, run_after=None
[2026-05-29T10:12:52.017+0200] {processor.py:179} INFO - Processing /home/frederic/airflow_venv/lib/python3.10/site-packages/airflow/example_dags/example_params_ui_tutorial.py took 0.093 seconds
[2026-05-29T10:13:42.434+0200] {processor.py:157} INFO - Started process (PID=696297) to work on /home/frederic/airflow_venv/lib/python3.10/site-packages/airflow/example_dags/example_params_ui_tutorial.py
[2026-05-29T10:13:42.435+0200] {processor.py:829} INFO - Processing file /home/frederic/airflow_venv/lib/python3.10/site-packages/airflow/example_dags/example_params_ui_tutorial.py for tasks to queue
[2026-05-29T10:13:42.436+0200] {logging_mixin.py:151} INFO - [2026-05-29T10:13:42.436+0200] {dagbag.py:539} INFO - Filling up the DagBag from /home/frederic/airflow_venv/lib/python3.10/site-packages/airflow/example_dags/example_params_ui_tutorial.py
[2026-05-29T10:13:42.464+0200] {processor.py:839} INFO - DAG(s) dict_keys(['example_params_ui_tutorial']) retrieved from /home/frederic/airflow_venv/lib/python3.10/site-packages/airflow/example_dags/example_params_ui_tutorial.py
[2026-05-29T10:13:42.504+0200] {logging_mixin.py:151} INFO - [2026-05-29T10:13:42.503+0200] {dag.py:2915} INFO - Sync 1 DAGs
[2026-05-29T10:13:42.512+0200] {logging_mixin.py:151} INFO - [2026-05-29T10:13:42.512+0200] {dag.py:3696} INFO - Setting next_dagrun for example_params_ui_tutorial to None, run_after=None
[2026-05-29T10:13:42.526+0200] {processor.py:179} INFO - Processing /home/frederic/airflow_venv/lib/python3.10/site-packages/airflow/example_dags/example_params_ui_tutorial.py took 0.095 seconds
[2026-05-29T10:14:34.257+0200] {processor.py:157} INFO - Started process (PID=696911) to work on /home/frederic/airflow_venv/lib/python3.10/site-packages/airflow/example_dags/example_params_ui_tutorial.py
[2026-05-29T10:14:34.258+0200] {processor.py:829} INFO - Processing file /home/frederic/airflow_venv/lib/python3.10/site-packages/airflow/example_dags/example_params_ui_tutorial.py for tasks to queue
[2026-05-29T10:14:34.258+0200] {logging_mixin.py:151} INFO - [2026-05-29T10:14:34.258+0200] {dagbag.py:539} INFO - Filling up the DagBag from /home/frederic/airflow_venv/lib/python3.10/site-packages/airflow/example_dags/example_params_ui_tutorial.py
[2026-05-29T10:14:34.284+0200] {processor.py:839} INFO - DAG(s) dict_keys(['example_params_ui_tutorial']) retrieved from /home/frederic/airflow_venv/lib/python3.10/site-packages/airflow/example_dags/example_params_ui_tutorial.py
[2026-05-29T10:14:34.323+0200] {logging_mixin.py:151} INFO - [2026-05-29T10:14:34.323+0200] {dag.py:2915} INFO - Sync 1 DAGs
[2026-05-29T10:14:34.332+0200] {logging_mixin.py:151} INFO - [2026-05-29T10:14:34.332+0200] {dag.py:3696} INFO - Setting next_dagrun for example_params_ui_tutorial to None, run_after=None
[2026-05-29T10:14:34.346+0200] {processor.py:179} INFO - Processing /home/frederic/airflow_venv/lib/python3.10/site-packages/airflow/example_dags/example_params_ui_tutorial.py took 0.092 seconds
[2026-05-29T10:15:20.906+0200] {processor.py:157} INFO - Started process (PID=697530) to work on /home/frederic/airflow_venv/lib/python3.10/site-packages/airflow/example_dags/example_params_ui_tutorial.py
[2026-05-29T10:15:20.907+0200] {processor.py:829} INFO - Processing file /home/frederic/airflow_venv/lib/python3.10/site-packages/airflow/example_dags/example_params_ui_tutorial.py for tasks to queue
[2026-05-29T10:15:20.908+0200] {logging_mixin.py:151} INFO - [2026-05-29T10:15:20.908+0200] {dagbag.py:539} INFO - Filling up the DagBag from /home/frederic/airflow_venv/lib/python3.10/site-packages/airflow/example_dags/example_params_ui_tutorial.py
[2026-05-29T10:15:20.935+0200] {processor.py:839} INFO - DAG(s) dict_keys(['example_params_ui_tutorial']) retrieved from /home/frederic/airflow_venv/lib/python3.10/site-packages/airflow/example_dags/example_params_ui_tutorial.py
[2026-05-29T10:15:20.980+0200] {logging_mixin.py:151} INFO - [2026-05-29T10:15:20.980+0200] {dag.py:2915} INFO - Sync 1 DAGs
[2026-05-29T10:15:20.989+0200] {logging_mixin.py:151} INFO - [2026-05-29T10:15:20.989+0200] {dag.py:3696} INFO - Setting next_dagrun for example_params_ui_tutorial to None, run_after=None
[2026-05-29T10:15:21.006+0200] {processor.py:179} INFO - Processing /home/frederic/airflow_venv/lib/python3.10/site-packages/airflow/example_dags/example_params_ui_tutorial.py took 0.102 seconds
[2026-05-29T10:16:09.822+0200] {processor.py:157} INFO - Started process (PID=698486) to work on /home/frederic/airflow_venv/lib/python3.10/site-packages/airflow/example_dags/example_params_ui_tutorial.py
[2026-05-29T10:16:09.823+0200] {processor.py:829} INFO - Processing file /home/frederic/airflow_venv/lib/python3.10/site-packages/airflow/example_dags/example_params_ui_tutorial.py for tasks to queue
[2026-05-29T10:16:09.824+0200] {logging_mixin.py:151} INFO - [2026-05-29T10:16:09.824+0200] {dagbag.py:539} INFO - Filling up the DagBag from /home/frederic/airflow_venv/lib/python3.10/site-packages/airflow/example_dags/example_params_ui_tutorial.py
[2026-05-29T10:16:09.851+0200] {processor.py:839} INFO - DAG(s) dict_keys(['example_params_ui_tutorial']) retrieved from /home/frederic/airflow_venv/lib/python3.10/site-packages/airflow/example_dags/example_params_ui_tutorial.py
[2026-05-29T10:16:09.896+0200] {logging_mixin.py:151} INFO - [2026-05-29T10:16:09.896+0200] {dag.py:2915} INFO - Sync 1 DAGs
[2026-05-29T10:16:09.906+0200] {logging_mixin.py:151} INFO - [2026-05-29T10:16:09.906+0200] {dag.py:3696} INFO - Setting next_dagrun for example_params_ui_tutorial to None, run_after=None
[2026-05-29T10:16:09.923+0200] {processor.py:179} INFO - Processing /home/frederic/airflow_venv/lib/python3.10/site-packages/airflow/example_dags/example_params_ui_tutorial.py took 0.104 seconds
[2026-05-29T10:16:55.248+0200] {processor.py:157} INFO - Started process (PID=699204) to work on /home/frederic/airflow_venv/lib/python3.10/site-packages/airflow/example_dags/example_params_ui_tutorial.py
[2026-05-29T10:16:55.249+0200] {processor.py:829} INFO - Processing file /home/frederic/airflow_venv/lib/python3.10/site-packages/airflow/example_dags/example_params_ui_tutorial.py for tasks to queue
[2026-05-29T10:16:55.250+0200] {logging_mixin.py:151} INFO - [2026-05-29T10:16:55.249+0200] {dagbag.py:539} INFO - Filling up the DagBag from /home/frederic/airflow_venv/lib/python3.10/site-packages/airflow/example_dags/example_params_ui_tutorial.py
[2026-05-29T10:16:55.276+0200] {processor.py:839} INFO - DAG(s) dict_keys(['example_params_ui_tutorial']) retrieved from /home/frederic/airflow_venv/lib/python3.10/site-packages/airflow/example_dags/example_params_ui_tutorial.py
[2026-05-29T10:16:55.318+0200] {logging_mixin.py:151} INFO - [2026-05-29T10:16:55.318+0200] {dag.py:2915} INFO - Sync 1 DAGs
[2026-05-29T10:16:55.328+0200] {logging_mixin.py:151} INFO - [2026-05-29T10:16:55.328+0200] {dag.py:3696} INFO - Setting next_dagrun for example_params_ui_tutorial to None, run_after=None
[2026-05-29T10:16:55.343+0200] {processor.py:179} INFO - Processing /home/frederic/airflow_venv/lib/python3.10/site-packages/airflow/example_dags/example_params_ui_tutorial.py took 0.097 seconds
[2026-05-29T10:17:41.296+0200] {processor.py:157} INFO - Started process (PID=700204) to work on /home/frederic/airflow_venv/lib/python3.10/site-packages/airflow/example_dags/example_params_ui_tutorial.py
[2026-05-29T10:17:41.298+0200] {processor.py:829} INFO - Processing file /home/frederic/airflow_venv/lib/python3.10/site-packages/airflow/example_dags/example_params_ui_tutorial.py for tasks to queue
[2026-05-29T10:17:41.298+0200] {logging_mixin.py:151} INFO - [2026-05-29T10:17:41.298+0200] {dagbag.py:539} INFO - Filling up the DagBag from /home/frederic/airflow_venv/lib/python3.10/site-packages/airflow/example_dags/example_params_ui_tutorial.py
[2026-05-29T10:17:41.325+0200] {processor.py:839} INFO - DAG(s) dict_keys(['example_params_ui_tutorial']) retrieved from /home/frederic/airflow_venv/lib/python3.10/site-packages/airflow/example_dags/example_params_ui_tutorial.py
[2026-05-29T10:17:41.364+0200] {logging_mixin.py:151} INFO - [2026-05-29T10:17:41.364+0200] {dag.py:2915} INFO - Sync 1 DAGs
[2026-05-29T10:17:41.373+0200] {logging_mixin.py:151} INFO - [2026-05-29T10:17:41.373+0200] {dag.py:3696} INFO - Setting next_dagrun for example_params_ui_tutorial to None, run_after=None
[2026-05-29T10:17:41.389+0200] {processor.py:179} INFO - Processing /home/frederic/airflow_venv/lib/python3.10/site-packages/airflow/example_dags/example_params_ui_tutorial.py took 0.095 seconds
[2026-05-29T10:18:26.389+0200] {processor.py:157} INFO - Started process (PID=700868) to work on /home/frederic/airflow_venv/lib/python3.10/site-packages/airflow/example_dags/example_params_ui_tutorial.py
[2026-05-29T10:18:26.390+0200] {processor.py:829} INFO - Processing file /home/frederic/airflow_venv/lib/python3.10/site-packages/airflow/example_dags/example_params_ui_tutorial.py for tasks to queue
[2026-05-29T10:18:26.391+0200] {logging_mixin.py:151} INFO - [2026-05-29T10:18:26.391+0200] {dagbag.py:539} INFO - Filling up the DagBag from /home/frederic/airflow_venv/lib/python3.10/site-packages/airflow/example_dags/example_params_ui_tutorial.py
[2026-05-29T10:18:26.418+0200] {processor.py:839} INFO - DAG(s) dict_keys(['example_params_ui_tutorial']) retrieved from /home/frederic/airflow_venv/lib/python3.10/site-packages/airflow/example_dags/example_params_ui_tutorial.py
[2026-05-29T10:18:26.466+0200] {logging_mixin.py:151} INFO - [2026-05-29T10:18:26.466+0200] {dag.py:2915} INFO - Sync 1 DAGs
[2026-05-29T10:18:26.477+0200] {logging_mixin.py:151} INFO - [2026-05-29T10:18:26.477+0200] {dag.py:3696} INFO - Setting next_dagrun for example_params_ui_tutorial to None, run_after=None
[2026-05-29T10:18:26.493+0200] {processor.py:179} INFO - Processing /home/frederic/airflow_venv/lib/python3.10/site-packages/airflow/example_dags/example_params_ui_tutorial.py took 0.106 seconds
[2026-05-29T10:19:15.118+0200] {processor.py:157} INFO - Started process (PID=701351) to work on /home/frederic/airflow_venv/lib/python3.10/site-packages/airflow/example_dags/example_params_ui_tutorial.py
[2026-05-29T10:19:15.119+0200] {processor.py:829} INFO - Processing file /home/frederic/airflow_venv/lib/python3.10/site-packages/airflow/example_dags/example_params_ui_tutorial.py for tasks to queue
[2026-05-29T10:19:15.119+0200] {logging_mixin.py:151} INFO - [2026-05-29T10:19:15.119+0200] {dagbag.py:539} INFO - Filling up the DagBag from /home/frederic/airflow_venv/lib/python3.10/site-packages/airflow/example_dags/example_params_ui_tutorial.py
[2026-05-29T10:19:15.145+0200] {processor.py:839} INFO - DAG(s) dict_keys(['example_params_ui_tutorial']) retrieved from /home/frederic/airflow_venv/lib/python3.10/site-packages/airflow/example_dags/example_params_ui_tutorial.py
[2026-05-29T10:19:15.186+0200] {logging_mixin.py:151} INFO - [2026-05-29T10:19:15.186+0200] {dag.py:2915} INFO - Sync 1 DAGs
[2026-05-29T10:19:15.195+0200] {logging_mixin.py:151} INFO - [2026-05-29T10:19:15.195+0200] {dag.py:3696} INFO - Setting next_dagrun for example_params_ui_tutorial to None, run_after=None
[2026-05-29T10:19:15.213+0200] {processor.py:179} INFO - Processing /home/frederic/airflow_venv/lib/python3.10/site-packages/airflow/example_dags/example_params_ui_tutorial.py took 0.097 seconds
[2026-05-29T10:20:02.800+0200] {processor.py:157} INFO - Started process (PID=701901) to work on /home/frederic/airflow_venv/lib/python3.10/site-packages/airflow/example_dags/example_params_ui_tutorial.py
[2026-05-29T10:20:02.801+0200] {processor.py:829} INFO - Processing file /home/frederic/airflow_venv/lib/python3.10/site-packages/airflow/example_dags/example_params_ui_tutorial.py for tasks to queue
[2026-05-29T10:20:02.802+0200] {logging_mixin.py:151} INFO - [2026-05-29T10:20:02.802+0200] {dagbag.py:539} INFO - Filling up the DagBag from /home/frederic/airflow_venv/lib/python3.10/site-packages/airflow/example_dags/example_params_ui_tutorial.py
[2026-05-29T10:20:02.829+0200] {processor.py:839} INFO - DAG(s) dict_keys(['example_params_ui_tutorial']) retrieved from /home/frederic/airflow_venv/lib/python3.10/site-packages/airflow/example_dags/example_params_ui_tutorial.py
[2026-05-29T10:20:02.871+0200] {logging_mixin.py:151} INFO - [2026-05-29T10:20:02.871+0200] {dag.py:2915} INFO - Sync 1 DAGs
[2026-05-29T10:20:02.881+0200] {logging_mixin.py:151} INFO - [2026-05-29T10:20:02.881+0200] {dag.py:3696} INFO - Setting next_dagrun for example_params_ui_tutorial to None, run_after=None
[2026-05-29T10:20:02.895+0200] {processor.py:179} INFO - Processing /home/frederic/airflow_venv/lib/python3.10/site-packages/airflow/example_dags/example_params_ui_tutorial.py took 0.098 seconds
[2026-05-29T10:20:55.645+0200] {processor.py:157} INFO - Started process (PID=702472) to work on /home/frederic/airflow_venv/lib/python3.10/site-packages/airflow/example_dags/example_params_ui_tutorial.py
[2026-05-29T10:20:55.646+0200] {processor.py:829} INFO - Processing file /home/frederic/airflow_venv/lib/python3.10/site-packages/airflow/example_dags/example_params_ui_tutorial.py for tasks to queue
[2026-05-29T10:20:55.647+0200] {logging_mixin.py:151} INFO - [2026-05-29T10:20:55.647+0200] {dagbag.py:539} INFO - Filling up the DagBag from /home/frederic/airflow_venv/lib/python3.10/site-packages/airflow/example_dags/example_params_ui_tutorial.py
[2026-05-29T10:20:55.672+0200] {processor.py:839} INFO - DAG(s) dict_keys(['example_params_ui_tutorial']) retrieved from /home/frederic/airflow_venv/lib/python3.10/site-packages/airflow/example_dags/example_params_ui_tutorial.py
[2026-05-29T10:20:55.711+0200] {logging_mixin.py:151} INFO - [2026-05-29T10:20:55.711+0200] {dag.py:2915} INFO - Sync 1 DAGs
[2026-05-29T10:20:55.720+0200] {logging_mixin.py:151} INFO - [2026-05-29T10:20:55.719+0200] {dag.py:3696} INFO - Setting next_dagrun for example_params_ui_tutorial to None, run_after=None
[2026-05-29T10:20:55.735+0200] {processor.py:179} INFO - Processing /home/frederic/airflow_venv/lib/python3.10/site-packages/airflow/example_dags/example_params_ui_tutorial.py took 0.092 seconds
[2026-05-29T10:21:41.485+0200] {processor.py:157} INFO - Started process (PID=702916) to work on /home/frederic/airflow_venv/lib/python3.10/site-packages/airflow/example_dags/example_params_ui_tutorial.py
[2026-05-29T10:21:41.485+0200] {processor.py:829} INFO - Processing file /home/frederic/airflow_venv/lib/python3.10/site-packages/airflow/example_dags/example_params_ui_tutorial.py for tasks to queue
[2026-05-29T10:21:41.486+0200] {logging_mixin.py:151} INFO - [2026-05-29T10:21:41.486+0200] {dagbag.py:539} INFO - Filling up the DagBag from /home/frederic/airflow_venv/lib/python3.10/site-packages/airflow/example_dags/example_params_ui_tutorial.py
[2026-05-29T10:21:41.515+0200] {processor.py:839} INFO - DAG(s) dict_keys(['example_params_ui_tutorial']) retrieved from /home/frederic/airflow_venv/lib/python3.10/site-packages/airflow/example_dags/example_params_ui_tutorial.py
[2026-05-29T10:21:41.558+0200] {logging_mixin.py:151} INFO - [2026-05-29T10:21:41.558+0200] {dag.py:2915} INFO - Sync 1 DAGs
[2026-05-29T10:21:41.568+0200] {logging_mixin.py:151} INFO - [2026-05-29T10:21:41.568+0200] {dag.py:3696} INFO - Setting next_dagrun for example_params_ui_tutorial to None, run_after=None
[2026-05-29T10:21:41.584+0200] {processor.py:179} INFO - Processing /home/frederic/airflow_venv/lib/python3.10/site-packages/airflow/example_dags/example_params_ui_tutorial.py took 0.102 seconds
[2026-05-29T10:22:29.183+0200] {processor.py:157} INFO - Started process (PID=703412) to work on /home/frederic/airflow_venv/lib/python3.10/site-packages/airflow/example_dags/example_params_ui_tutorial.py
[2026-05-29T10:22:29.184+0200] {processor.py:829} INFO - Processing file /home/frederic/airflow_venv/lib/python3.10/site-packages/airflow/example_dags/example_params_ui_tutorial.py for tasks to queue
[2026-05-29T10:22:29.185+0200] {logging_mixin.py:151} INFO - [2026-05-29T10:22:29.185+0200] {dagbag.py:539} INFO - Filling up the DagBag from /home/frederic/airflow_venv/lib/python3.10/site-packages/airflow/example_dags/example_params_ui_tutorial.py
[2026-05-29T10:22:29.216+0200] {processor.py:839} INFO - DAG(s) dict_keys(['example_params_ui_tutorial']) retrieved from /home/frederic/airflow_venv/lib/python3.10/site-packages/airflow/example_dags/example_params_ui_tutorial.py
[2026-05-29T10:22:29.270+0200] {logging_mixin.py:151} INFO - [2026-05-29T10:22:29.270+0200] {dag.py:2915} INFO - Sync 1 DAGs
[2026-05-29T10:22:29.282+0200] {logging_mixin.py:151} INFO - [2026-05-29T10:22:29.282+0200] {dag.py:3696} INFO - Setting next_dagrun for example_params_ui_tutorial to None, run_after=None
[2026-05-29T10:22:29.306+0200] {processor.py:179} INFO - Processing /home/frederic/airflow_venv/lib/python3.10/site-packages/airflow/example_dags/example_params_ui_tutorial.py took 0.127 seconds
[2026-05-29T10:23:17.960+0200] {processor.py:157} INFO - Started process (PID=704006) to work on /home/frederic/airflow_venv/lib/python3.10/site-packages/airflow/example_dags/example_params_ui_tutorial.py
[2026-05-29T10:23:17.961+0200] {processor.py:829} INFO - Processing file /home/frederic/airflow_venv/lib/python3.10/site-packages/airflow/example_dags/example_params_ui_tutorial.py for tasks to queue
[2026-05-29T10:23:17.962+0200] {logging_mixin.py:151} INFO - [2026-05-29T10:23:17.961+0200] {dagbag.py:539} INFO - Filling up the DagBag from /home/frederic/airflow_venv/lib/python3.10/site-packages/airflow/example_dags/example_params_ui_tutorial.py
[2026-05-29T10:23:17.992+0200] {processor.py:839} INFO - DAG(s) dict_keys(['example_params_ui_tutorial']) retrieved from /home/frederic/airflow_venv/lib/python3.10/site-packages/airflow/example_dags/example_params_ui_tutorial.py
[2026-05-29T10:23:18.044+0200] {logging_mixin.py:151} INFO - [2026-05-29T10:23:18.044+0200] {dag.py:2915} INFO - Sync 1 DAGs
[2026-05-29T10:23:18.054+0200] {logging_mixin.py:151} INFO - [2026-05-29T10:23:18.054+0200] {dag.py:3696} INFO - Setting next_dagrun for example_params_ui_tutorial to None, run_after=None
[2026-05-29T10:23:18.077+0200] {processor.py:179} INFO - Processing /home/frederic/airflow_venv/lib/python3.10/site-packages/airflow/example_dags/example_params_ui_tutorial.py took 0.120 seconds
[2026-05-29T10:24:07.270+0200] {processor.py:157} INFO - Started process (PID=704516) to work on /home/frederic/airflow_venv/lib/python3.10/site-packages/airflow/example_dags/example_params_ui_tutorial.py
[2026-05-29T10:24:07.271+0200] {processor.py:829} INFO - Processing file /home/frederic/airflow_venv/lib/python3.10/site-packages/airflow/example_dags/example_params_ui_tutorial.py for tasks to queue
[2026-05-29T10:24:07.272+0200] {logging_mixin.py:151} INFO - [2026-05-29T10:24:07.271+0200] {dagbag.py:539} INFO - Filling up the DagBag from /home/frederic/airflow_venv/lib/python3.10/site-packages/airflow/example_dags/example_params_ui_tutorial.py
[2026-05-29T10:24:07.296+0200] {processor.py:839} INFO - DAG(s) dict_keys(['example_params_ui_tutorial']) retrieved from /home/frederic/airflow_venv/lib/python3.10/site-packages/airflow/example_dags/example_params_ui_tutorial.py
[2026-05-29T10:24:07.338+0200] {logging_mixin.py:151} INFO - [2026-05-29T10:24:07.338+0200] {dag.py:2915} INFO - Sync 1 DAGs
[2026-05-29T10:24:07.439+0200] {logging_mixin.py:151} INFO - [2026-05-29T10:24:07.438+0200] {dag.py:3696} INFO - Setting next_dagrun for example_params_ui_tutorial to None, run_after=None
[2026-05-29T10:24:07.455+0200] {processor.py:179} INFO - Processing /home/frederic/airflow_venv/lib/python3.10/site-packages/airflow/example_dags/example_params_ui_tutorial.py took 0.187 seconds
[2026-05-29T10:25:01.872+0200] {processor.py:157} INFO - Started process (PID=705028) to work on /home/frederic/airflow_venv/lib/python3.10/site-packages/airflow/example_dags/example_params_ui_tutorial.py
[2026-05-29T10:25:01.873+0200] {processor.py:829} INFO - Processing file /home/frederic/airflow_venv/lib/python3.10/site-packages/airflow/example_dags/example_params_ui_tutorial.py for tasks to queue
[2026-05-29T10:25:01.874+0200] {logging_mixin.py:151} INFO - [2026-05-29T10:25:01.873+0200] {dagbag.py:539} INFO - Filling up the DagBag from /home/frederic/airflow_venv/lib/python3.10/site-packages/airflow/example_dags/example_params_ui_tutorial.py
[2026-05-29T10:25:01.902+0200] {processor.py:839} INFO - DAG(s) dict_keys(['example_params_ui_tutorial']) retrieved from /home/frederic/airflow_venv/lib/python3.10/site-packages/airflow/example_dags/example_params_ui_tutorial.py
[2026-05-29T10:25:01.951+0200] {logging_mixin.py:151} INFO - [2026-05-29T10:25:01.951+0200] {dag.py:2915} INFO - Sync 1 DAGs
[2026-05-29T10:25:01.961+0200] {logging_mixin.py:151} INFO - [2026-05-29T10:25:01.961+0200] {dag.py:3696} INFO - Setting next_dagrun for example_params_ui_tutorial to None, run_after=None
[2026-05-29T10:25:01.979+0200] {processor.py:179} INFO - Processing /home/frederic/airflow_venv/lib/python3.10/site-packages/airflow/example_dags/example_params_ui_tutorial.py took 0.109 seconds
[2026-05-29T10:25:59.624+0200] {processor.py:157} INFO - Started process (PID=705579) to work on /home/frederic/airflow_venv/lib/python3.10/site-packages/airflow/example_dags/example_params_ui_tutorial.py
[2026-05-29T10:25:59.626+0200] {processor.py:829} INFO - Processing file /home/frederic/airflow_venv/lib/python3.10/site-packages/airflow/example_dags/example_params_ui_tutorial.py for tasks to queue
[2026-05-29T10:25:59.627+0200] {logging_mixin.py:151} INFO - [2026-05-29T10:25:59.626+0200] {dagbag.py:539} INFO - Filling up the DagBag from /home/frederic/airflow_venv/lib/python3.10/site-packages/airflow/example_dags/example_params_ui_tutorial.py
[2026-05-29T10:25:59.659+0200] {processor.py:839} INFO - DAG(s) dict_keys(['example_params_ui_tutorial']) retrieved from /home/frederic/airflow_venv/lib/python3.10/site-packages/airflow/example_dags/example_params_ui_tutorial.py
[2026-05-29T10:25:59.706+0200] {logging_mixin.py:151} INFO - [2026-05-29T10:25:59.706+0200] {dag.py:2915} INFO - Sync 1 DAGs
[2026-05-29T10:25:59.716+0200] {logging_mixin.py:151} INFO - [2026-05-29T10:25:59.716+0200] {dag.py:3696} INFO - Setting next_dagrun for example_params_ui_tutorial to None, run_after=None
[2026-05-29T10:25:59.735+0200] {processor.py:179} INFO - Processing /home/frederic/airflow_venv/lib/python3.10/site-packages/airflow/example_dags/example_params_ui_tutorial.py took 0.115 seconds
[2026-05-29T10:26:49.078+0200] {processor.py:157} INFO - Started process (PID=706096) to work on /home/frederic/airflow_venv/lib/python3.10/site-packages/airflow/example_dags/example_params_ui_tutorial.py
[2026-05-29T10:26:49.079+0200] {processor.py:829} INFO - Processing file /home/frederic/airflow_venv/lib/python3.10/site-packages/airflow/example_dags/example_params_ui_tutorial.py for tasks to queue
[2026-05-29T10:26:49.079+0200] {logging_mixin.py:151} INFO - [2026-05-29T10:26:49.079+0200] {dagbag.py:539} INFO - Filling up the DagBag from /home/frederic/airflow_venv/lib/python3.10/site-packages/airflow/example_dags/example_params_ui_tutorial.py
[2026-05-29T10:26:49.108+0200] {processor.py:839} INFO - DAG(s) dict_keys(['example_params_ui_tutorial']) retrieved from /home/frederic/airflow_venv/lib/python3.10/site-packages/airflow/example_dags/example_params_ui_tutorial.py
[2026-05-29T10:26:49.233+0200] {logging_mixin.py:151} INFO - [2026-05-29T10:26:49.232+0200] {dag.py:2915} INFO - Sync 1 DAGs
[2026-05-29T10:26:49.241+0200] {logging_mixin.py:151} INFO - [2026-05-29T10:26:49.240+0200] {dag.py:3696} INFO - Setting next_dagrun for example_params_ui_tutorial to None, run_after=None
[2026-05-29T10:26:49.254+0200] {processor.py:179} INFO - Processing /home/frederic/airflow_venv/lib/python3.10/site-packages/airflow/example_dags/example_params_ui_tutorial.py took 0.179 seconds
[2026-05-29T10:27:38.405+0200] {processor.py:157} INFO - Started process (PID=706578) to work on /home/frederic/airflow_venv/lib/python3.10/site-packages/airflow/example_dags/example_params_ui_tutorial.py
[2026-05-29T10:27:38.407+0200] {processor.py:829} INFO - Processing file /home/frederic/airflow_venv/lib/python3.10/site-packages/airflow/example_dags/example_params_ui_tutorial.py for tasks to queue
[2026-05-29T10:27:38.408+0200] {logging_mixin.py:151} INFO - [2026-05-29T10:27:38.407+0200] {dagbag.py:539} INFO - Filling up the DagBag from /home/frederic/airflow_venv/lib/python3.10/site-packages/airflow/example_dags/example_params_ui_tutorial.py
[2026-05-29T10:27:38.447+0200] {processor.py:839} INFO - DAG(s) dict_keys(['example_params_ui_tutorial']) retrieved from /home/frederic/airflow_venv/lib/python3.10/site-packages/airflow/example_dags/example_params_ui_tutorial.py
[2026-05-29T10:27:38.500+0200] {logging_mixin.py:151} INFO - [2026-05-29T10:27:38.500+0200] {dag.py:2915} INFO - Sync 1 DAGs
[2026-05-29T10:27:38.512+0200] {logging_mixin.py:151} INFO - [2026-05-29T10:27:38.512+0200] {dag.py:3696} INFO - Setting next_dagrun for example_params_ui_tutorial to None, run_after=None
[2026-05-29T10:27:38.529+0200] {processor.py:179} INFO - Processing /home/frederic/airflow_venv/lib/python3.10/site-packages/airflow/example_dags/example_params_ui_tutorial.py took 0.127 seconds
[2026-05-29T10:28:20.657+0200] {processor.py:157} INFO - Started process (PID=707087) to work on /home/frederic/airflow_venv/lib/python3.10/site-packages/airflow/example_dags/example_params_ui_tutorial.py
[2026-05-29T10:28:20.658+0200] {processor.py:829} INFO - Processing file /home/frederic/airflow_venv/lib/python3.10/site-packages/airflow/example_dags/example_params_ui_tutorial.py for tasks to queue
[2026-05-29T10:28:20.658+0200] {logging_mixin.py:151} INFO - [2026-05-29T10:28:20.658+0200] {dagbag.py:539} INFO - Filling up the DagBag from /home/frederic/airflow_venv/lib/python3.10/site-packages/airflow/example_dags/example_params_ui_tutorial.py
[2026-05-29T10:28:20.689+0200] {processor.py:839} INFO - DAG(s) dict_keys(['example_params_ui_tutorial']) retrieved from /home/frederic/airflow_venv/lib/python3.10/site-packages/airflow/example_dags/example_params_ui_tutorial.py
[2026-05-29T10:28:20.740+0200] {logging_mixin.py:151} INFO - [2026-05-29T10:28:20.740+0200] {dag.py:2915} INFO - Sync 1 DAGs
[2026-05-29T10:28:20.752+0200] {logging_mixin.py:151} INFO - [2026-05-29T10:28:20.752+0200] {dag.py:3696} INFO - Setting next_dagrun for example_params_ui_tutorial to None, run_after=None
[2026-05-29T10:28:20.771+0200] {processor.py:179} INFO - Processing /home/frederic/airflow_venv/lib/python3.10/site-packages/airflow/example_dags/example_params_ui_tutorial.py took 0.117 seconds
[2026-05-29T10:29:10.866+0200] {processor.py:157} INFO - Started process (PID=707771) to work on /home/frederic/airflow_venv/lib/python3.10/site-packages/airflow/example_dags/example_params_ui_tutorial.py
[2026-05-29T10:29:10.867+0200] {processor.py:829} INFO - Processing file /home/frederic/airflow_venv/lib/python3.10/site-packages/airflow/example_dags/example_params_ui_tutorial.py for tasks to queue
[2026-05-29T10:29:10.868+0200] {logging_mixin.py:151} INFO - [2026-05-29T10:29:10.867+0200] {dagbag.py:539} INFO - Filling up the DagBag from /home/frederic/airflow_venv/lib/python3.10/site-packages/airflow/example_dags/example_params_ui_tutorial.py
[2026-05-29T10:29:10.897+0200] {processor.py:839} INFO - DAG(s) dict_keys(['example_params_ui_tutorial']) retrieved from /home/frederic/airflow_venv/lib/python3.10/site-packages/airflow/example_dags/example_params_ui_tutorial.py
[2026-05-29T10:29:10.941+0200] {logging_mixin.py:151} INFO - [2026-05-29T10:29:10.941+0200] {dag.py:2915} INFO - Sync 1 DAGs
[2026-05-29T10:29:10.952+0200] {logging_mixin.py:151} INFO - [2026-05-29T10:29:10.951+0200] {dag.py:3696} INFO - Setting next_dagrun for example_params_ui_tutorial to None, run_after=None
[2026-05-29T10:29:10.967+0200] {processor.py:179} INFO - Processing /home/frederic/airflow_venv/lib/python3.10/site-packages/airflow/example_dags/example_params_ui_tutorial.py took 0.103 seconds
[2026-05-29T10:29:56.270+0200] {processor.py:157} INFO - Started process (PID=708275) to work on /home/frederic/airflow_venv/lib/python3.10/site-packages/airflow/example_dags/example_params_ui_tutorial.py
[2026-05-29T10:29:56.270+0200] {processor.py:829} INFO - Processing file /home/frederic/airflow_venv/lib/python3.10/site-packages/airflow/example_dags/example_params_ui_tutorial.py for tasks to queue
[2026-05-29T10:29:56.271+0200] {logging_mixin.py:151} INFO - [2026-05-29T10:29:56.271+0200] {dagbag.py:539} INFO - Filling up the DagBag from /home/frederic/airflow_venv/lib/python3.10/site-packages/airflow/example_dags/example_params_ui_tutorial.py
[2026-05-29T10:29:56.298+0200] {processor.py:839} INFO - DAG(s) dict_keys(['example_params_ui_tutorial']) retrieved from /home/frederic/airflow_venv/lib/python3.10/site-packages/airflow/example_dags/example_params_ui_tutorial.py
[2026-05-29T10:29:56.342+0200] {logging_mixin.py:151} INFO - [2026-05-29T10:29:56.342+0200] {dag.py:2915} INFO - Sync 1 DAGs
[2026-05-29T10:29:56.351+0200] {logging_mixin.py:151} INFO - [2026-05-29T10:29:56.351+0200] {dag.py:3696} INFO - Setting next_dagrun for example_params_ui_tutorial to None, run_after=None
[2026-05-29T10:29:56.365+0200] {processor.py:179} INFO - Processing /home/frederic/airflow_venv/lib/python3.10/site-packages/airflow/example_dags/example_params_ui_tutorial.py took 0.098 seconds
[2026-05-29T10:30:45.662+0200] {processor.py:157} INFO - Started process (PID=708960) to work on /home/frederic/airflow_venv/lib/python3.10/site-packages/airflow/example_dags/example_params_ui_tutorial.py
[2026-05-29T10:30:45.663+0200] {processor.py:829} INFO - Processing file /home/frederic/airflow_venv/lib/python3.10/site-packages/airflow/example_dags/example_params_ui_tutorial.py for tasks to queue
[2026-05-29T10:30:45.664+0200] {logging_mixin.py:151} INFO - [2026-05-29T10:30:45.664+0200] {dagbag.py:539} INFO - Filling up the DagBag from /home/frederic/airflow_venv/lib/python3.10/site-packages/airflow/example_dags/example_params_ui_tutorial.py
[2026-05-29T10:30:45.689+0200] {processor.py:839} INFO - DAG(s) dict_keys(['example_params_ui_tutorial']) retrieved from /home/frederic/airflow_venv/lib/python3.10/site-packages/airflow/example_dags/example_params_ui_tutorial.py
[2026-05-29T10:30:45.726+0200] {logging_mixin.py:151} INFO - [2026-05-29T10:30:45.726+0200] {dag.py:2915} INFO - Sync 1 DAGs
[2026-05-29T10:30:45.735+0200] {logging_mixin.py:151} INFO - [2026-05-29T10:30:45.735+0200] {dag.py:3696} INFO - Setting next_dagrun for example_params_ui_tutorial to None, run_after=None
[2026-05-29T10:30:45.748+0200] {processor.py:179} INFO - Processing /home/frederic/airflow_venv/lib/python3.10/site-packages/airflow/example_dags/example_params_ui_tutorial.py took 0.088 seconds
[2026-05-29T10:31:29.639+0200] {processor.py:157} INFO - Started process (PID=709440) to work on /home/frederic/airflow_venv/lib/python3.10/site-packages/airflow/example_dags/example_params_ui_tutorial.py
[2026-05-29T10:31:29.640+0200] {processor.py:829} INFO - Processing file /home/frederic/airflow_venv/lib/python3.10/site-packages/airflow/example_dags/example_params_ui_tutorial.py for tasks to queue
[2026-05-29T10:31:29.641+0200] {logging_mixin.py:151} INFO - [2026-05-29T10:31:29.640+0200] {dagbag.py:539} INFO - Filling up the DagBag from /home/frederic/airflow_venv/lib/python3.10/site-packages/airflow/example_dags/example_params_ui_tutorial.py
[2026-05-29T10:31:29.673+0200] {processor.py:839} INFO - DAG(s) dict_keys(['example_params_ui_tutorial']) retrieved from /home/frederic/airflow_venv/lib/python3.10/site-packages/airflow/example_dags/example_params_ui_tutorial.py
[2026-05-29T10:31:29.720+0200] {logging_mixin.py:151} INFO - [2026-05-29T10:31:29.720+0200] {dag.py:2915} INFO - Sync 1 DAGs
[2026-05-29T10:31:29.732+0200] {logging_mixin.py:151} INFO - [2026-05-29T10:31:29.732+0200] {dag.py:3696} INFO - Setting next_dagrun for example_params_ui_tutorial to None, run_after=None
[2026-05-29T10:31:29.750+0200] {processor.py:179} INFO - Processing /home/frederic/airflow_venv/lib/python3.10/site-packages/airflow/example_dags/example_params_ui_tutorial.py took 0.114 seconds
[2026-05-29T10:32:14.138+0200] {processor.py:157} INFO - Started process (PID=710013) to work on /home/frederic/airflow_venv/lib/python3.10/site-packages/airflow/example_dags/example_params_ui_tutorial.py
[2026-05-29T10:32:14.139+0200] {processor.py:829} INFO - Processing file /home/frederic/airflow_venv/lib/python3.10/site-packages/airflow/example_dags/example_params_ui_tutorial.py for tasks to queue
[2026-05-29T10:32:14.140+0200] {logging_mixin.py:151} INFO - [2026-05-29T10:32:14.139+0200] {dagbag.py:539} INFO - Filling up the DagBag from /home/frederic/airflow_venv/lib/python3.10/site-packages/airflow/example_dags/example_params_ui_tutorial.py
[2026-05-29T10:32:14.165+0200] {processor.py:839} INFO - DAG(s) dict_keys(['example_params_ui_tutorial']) retrieved from /home/frederic/airflow_venv/lib/python3.10/site-packages/airflow/example_dags/example_params_ui_tutorial.py
[2026-05-29T10:32:14.207+0200] {logging_mixin.py:151} INFO - [2026-05-29T10:32:14.207+0200] {dag.py:2915} INFO - Sync 1 DAGs
[2026-05-29T10:32:14.216+0200] {logging_mixin.py:151} INFO - [2026-05-29T10:32:14.216+0200] {dag.py:3696} INFO - Setting next_dagrun for example_params_ui_tutorial to None, run_after=None
[2026-05-29T10:32:14.230+0200] {processor.py:179} INFO - Processing /home/frederic/airflow_venv/lib/python3.10/site-packages/airflow/example_dags/example_params_ui_tutorial.py took 0.095 seconds
[2026-05-29T10:32:58.779+0200] {processor.py:157} INFO - Started process (PID=710584) to work on /home/frederic/airflow_venv/lib/python3.10/site-packages/airflow/example_dags/example_params_ui_tutorial.py
[2026-05-29T10:32:58.780+0200] {processor.py:829} INFO - Processing file /home/frederic/airflow_venv/lib/python3.10/site-packages/airflow/example_dags/example_params_ui_tutorial.py for tasks to queue
[2026-05-29T10:32:58.781+0200] {logging_mixin.py:151} INFO - [2026-05-29T10:32:58.781+0200] {dagbag.py:539} INFO - Filling up the DagBag from /home/frederic/airflow_venv/lib/python3.10/site-packages/airflow/example_dags/example_params_ui_tutorial.py
[2026-05-29T10:32:58.806+0200] {processor.py:839} INFO - DAG(s) dict_keys(['example_params_ui_tutorial']) retrieved from /home/frederic/airflow_venv/lib/python3.10/site-packages/airflow/example_dags/example_params_ui_tutorial.py
[2026-05-29T10:32:58.845+0200] {logging_mixin.py:151} INFO - [2026-05-29T10:32:58.845+0200] {dag.py:2915} INFO - Sync 1 DAGs
[2026-05-29T10:32:58.853+0200] {logging_mixin.py:151} INFO - [2026-05-29T10:32:58.853+0200] {dag.py:3696} INFO - Setting next_dagrun for example_params_ui_tutorial to None, run_after=None
[2026-05-29T10:32:58.870+0200] {processor.py:179} INFO - Processing /home/frederic/airflow_venv/lib/python3.10/site-packages/airflow/example_dags/example_params_ui_tutorial.py took 0.094 seconds
[2026-05-29T10:33:47.707+0200] {processor.py:157} INFO - Started process (PID=711331) to work on /home/frederic/airflow_venv/lib/python3.10/site-packages/airflow/example_dags/example_params_ui_tutorial.py
[2026-05-29T10:33:47.708+0200] {processor.py:829} INFO - Processing file /home/frederic/airflow_venv/lib/python3.10/site-packages/airflow/example_dags/example_params_ui_tutorial.py for tasks to queue
[2026-05-29T10:33:47.709+0200] {logging_mixin.py:151} INFO - [2026-05-29T10:33:47.709+0200] {dagbag.py:539} INFO - Filling up the DagBag from /home/frederic/airflow_venv/lib/python3.10/site-packages/airflow/example_dags/example_params_ui_tutorial.py
[2026-05-29T10:33:47.735+0200] {processor.py:839} INFO - DAG(s) dict_keys(['example_params_ui_tutorial']) retrieved from /home/frederic/airflow_venv/lib/python3.10/site-packages/airflow/example_dags/example_params_ui_tutorial.py
[2026-05-29T10:33:47.776+0200] {logging_mixin.py:151} INFO - [2026-05-29T10:33:47.776+0200] {dag.py:2915} INFO - Sync 1 DAGs
[2026-05-29T10:33:47.787+0200] {logging_mixin.py:151} INFO - [2026-05-29T10:33:47.787+0200] {dag.py:3696} INFO - Setting next_dagrun for example_params_ui_tutorial to None, run_after=None
[2026-05-29T10:33:47.803+0200] {processor.py:179} INFO - Processing /home/frederic/airflow_venv/lib/python3.10/site-packages/airflow/example_dags/example_params_ui_tutorial.py took 0.098 seconds
[2026-05-29T10:34:28.904+0200] {processor.py:157} INFO - Started process (PID=711995) to work on /home/frederic/airflow_venv/lib/python3.10/site-packages/airflow/example_dags/example_params_ui_tutorial.py
[2026-05-29T10:34:28.904+0200] {processor.py:829} INFO - Processing file /home/frederic/airflow_venv/lib/python3.10/site-packages/airflow/example_dags/example_params_ui_tutorial.py for tasks to queue
[2026-05-29T10:34:28.905+0200] {logging_mixin.py:151} INFO - [2026-05-29T10:34:28.905+0200] {dagbag.py:539} INFO - Filling up the DagBag from /home/frederic/airflow_venv/lib/python3.10/site-packages/airflow/example_dags/example_params_ui_tutorial.py
[2026-05-29T10:34:28.931+0200] {processor.py:839} INFO - DAG(s) dict_keys(['example_params_ui_tutorial']) retrieved from /home/frederic/airflow_venv/lib/python3.10/site-packages/airflow/example_dags/example_params_ui_tutorial.py
[2026-05-29T10:34:28.970+0200] {logging_mixin.py:151} INFO - [2026-05-29T10:34:28.970+0200] {dag.py:2915} INFO - Sync 1 DAGs
[2026-05-29T10:34:28.979+0200] {logging_mixin.py:151} INFO - [2026-05-29T10:34:28.979+0200] {dag.py:3696} INFO - Setting next_dagrun for example_params_ui_tutorial to None, run_after=None
[2026-05-29T10:34:28.994+0200] {processor.py:179} INFO - Processing /home/frederic/airflow_venv/lib/python3.10/site-packages/airflow/example_dags/example_params_ui_tutorial.py took 0.092 seconds
[2026-05-29T10:35:16.615+0200] {processor.py:157} INFO - Started process (PID=712483) to work on /home/frederic/airflow_venv/lib/python3.10/site-packages/airflow/example_dags/example_params_ui_tutorial.py
[2026-05-29T10:35:16.616+0200] {processor.py:829} INFO - Processing file /home/frederic/airflow_venv/lib/python3.10/site-packages/airflow/example_dags/example_params_ui_tutorial.py for tasks to queue
[2026-05-29T10:35:16.617+0200] {logging_mixin.py:151} INFO - [2026-05-29T10:35:16.616+0200] {dagbag.py:539} INFO - Filling up the DagBag from /home/frederic/airflow_venv/lib/python3.10/site-packages/airflow/example_dags/example_params_ui_tutorial.py
[2026-05-29T10:35:16.645+0200] {processor.py:839} INFO - DAG(s) dict_keys(['example_params_ui_tutorial']) retrieved from /home/frederic/airflow_venv/lib/python3.10/site-packages/airflow/example_dags/example_params_ui_tutorial.py
[2026-05-29T10:35:16.686+0200] {logging_mixin.py:151} INFO - [2026-05-29T10:35:16.686+0200] {dag.py:2915} INFO - Sync 1 DAGs
[2026-05-29T10:35:16.697+0200] {logging_mixin.py:151} INFO - [2026-05-29T10:35:16.697+0200] {dag.py:3696} INFO - Setting next_dagrun for example_params_ui_tutorial to None, run_after=None
[2026-05-29T10:35:16.711+0200] {processor.py:179} INFO - Processing /home/frederic/airflow_venv/lib/python3.10/site-packages/airflow/example_dags/example_params_ui_tutorial.py took 0.099 seconds
[2026-05-29T10:36:04.530+0200] {processor.py:157} INFO - Started process (PID=712983) to work on /home/frederic/airflow_venv/lib/python3.10/site-packages/airflow/example_dags/example_params_ui_tutorial.py
[2026-05-29T10:36:04.534+0200] {processor.py:829} INFO - Processing file /home/frederic/airflow_venv/lib/python3.10/site-packages/airflow/example_dags/example_params_ui_tutorial.py for tasks to queue
[2026-05-29T10:36:04.534+0200] {logging_mixin.py:151} INFO - [2026-05-29T10:36:04.534+0200] {dagbag.py:539} INFO - Filling up the DagBag from /home/frederic/airflow_venv/lib/python3.10/site-packages/airflow/example_dags/example_params_ui_tutorial.py
[2026-05-29T10:36:04.561+0200] {processor.py:839} INFO - DAG(s) dict_keys(['example_params_ui_tutorial']) retrieved from /home/frederic/airflow_venv/lib/python3.10/site-packages/airflow/example_dags/example_params_ui_tutorial.py
[2026-05-29T10:36:04.602+0200] {logging_mixin.py:151} INFO - [2026-05-29T10:36:04.602+0200] {dag.py:2915} INFO - Sync 1 DAGs
[2026-05-29T10:36:04.612+0200] {logging_mixin.py:151} INFO - [2026-05-29T10:36:04.612+0200] {dag.py:3696} INFO - Setting next_dagrun for example_params_ui_tutorial to None, run_after=None
[2026-05-29T10:36:04.628+0200] {processor.py:179} INFO - Processing /home/frederic/airflow_venv/lib/python3.10/site-packages/airflow/example_dags/example_params_ui_tutorial.py took 0.100 seconds
[2026-05-29T10:36:47.822+0200] {processor.py:157} INFO - Started process (PID=713517) to work on /home/frederic/airflow_venv/lib/python3.10/site-packages/airflow/example_dags/example_params_ui_tutorial.py
[2026-05-29T10:36:47.823+0200] {processor.py:829} INFO - Processing file /home/frederic/airflow_venv/lib/python3.10/site-packages/airflow/example_dags/example_params_ui_tutorial.py for tasks to queue
[2026-05-29T10:36:47.823+0200] {logging_mixin.py:151} INFO - [2026-05-29T10:36:47.823+0200] {dagbag.py:539} INFO - Filling up the DagBag from /home/frederic/airflow_venv/lib/python3.10/site-packages/airflow/example_dags/example_params_ui_tutorial.py
[2026-05-29T10:36:47.848+0200] {processor.py:839} INFO - DAG(s) dict_keys(['example_params_ui_tutorial']) retrieved from /home/frederic/airflow_venv/lib/python3.10/site-packages/airflow/example_dags/example_params_ui_tutorial.py
[2026-05-29T10:36:47.889+0200] {logging_mixin.py:151} INFO - [2026-05-29T10:36:47.889+0200] {dag.py:2915} INFO - Sync 1 DAGs
[2026-05-29T10:36:47.898+0200] {logging_mixin.py:151} INFO - [2026-05-29T10:36:47.898+0200] {dag.py:3696} INFO - Setting next_dagrun for example_params_ui_tutorial to None, run_after=None
[2026-05-29T10:36:47.912+0200] {processor.py:179} INFO - Processing /home/frederic/airflow_venv/lib/python3.10/site-packages/airflow/example_dags/example_params_ui_tutorial.py took 0.093 seconds
[2026-05-29T10:37:38.858+0200] {processor.py:157} INFO - Started process (PID=714271) to work on /home/frederic/airflow_venv/lib/python3.10/site-packages/airflow/example_dags/example_params_ui_tutorial.py
[2026-05-29T10:37:38.859+0200] {processor.py:829} INFO - Processing file /home/frederic/airflow_venv/lib/python3.10/site-packages/airflow/example_dags/example_params_ui_tutorial.py for tasks to queue
[2026-05-29T10:37:38.860+0200] {logging_mixin.py:151} INFO - [2026-05-29T10:37:38.860+0200] {dagbag.py:539} INFO - Filling up the DagBag from /home/frederic/airflow_venv/lib/python3.10/site-packages/airflow/example_dags/example_params_ui_tutorial.py
[2026-05-29T10:37:38.885+0200] {processor.py:839} INFO - DAG(s) dict_keys(['example_params_ui_tutorial']) retrieved from /home/frederic/airflow_venv/lib/python3.10/site-packages/airflow/example_dags/example_params_ui_tutorial.py
[2026-05-29T10:37:38.925+0200] {logging_mixin.py:151} INFO - [2026-05-29T10:37:38.925+0200] {dag.py:2915} INFO - Sync 1 DAGs
[2026-05-29T10:37:38.934+0200] {logging_mixin.py:151} INFO - [2026-05-29T10:37:38.934+0200] {dag.py:3696} INFO - Setting next_dagrun for example_params_ui_tutorial to None, run_after=None
[2026-05-29T10:37:38.950+0200] {processor.py:179} INFO - Processing /home/frederic/airflow_venv/lib/python3.10/site-packages/airflow/example_dags/example_params_ui_tutorial.py took 0.093 seconds
[2026-05-29T10:38:23.043+0200] {processor.py:157} INFO - Started process (PID=714925) to work on /home/frederic/airflow_venv/lib/python3.10/site-packages/airflow/example_dags/example_params_ui_tutorial.py
[2026-05-29T10:38:23.044+0200] {processor.py:829} INFO - Processing file /home/frederic/airflow_venv/lib/python3.10/site-packages/airflow/example_dags/example_params_ui_tutorial.py for tasks to queue
[2026-05-29T10:38:23.045+0200] {logging_mixin.py:151} INFO - [2026-05-29T10:38:23.045+0200] {dagbag.py:539} INFO - Filling up the DagBag from /home/frederic/airflow_venv/lib/python3.10/site-packages/airflow/example_dags/example_params_ui_tutorial.py
[2026-05-29T10:38:23.070+0200] {processor.py:839} INFO - DAG(s) dict_keys(['example_params_ui_tutorial']) retrieved from /home/frederic/airflow_venv/lib/python3.10/site-packages/airflow/example_dags/example_params_ui_tutorial.py
[2026-05-29T10:38:23.112+0200] {logging_mixin.py:151} INFO - [2026-05-29T10:38:23.112+0200] {dag.py:2915} INFO - Sync 1 DAGs
[2026-05-29T10:38:23.121+0200] {logging_mixin.py:151} INFO - [2026-05-29T10:38:23.121+0200] {dag.py:3696} INFO - Setting next_dagrun for example_params_ui_tutorial to None, run_after=None
[2026-05-29T10:38:23.136+0200] {processor.py:179} INFO - Processing /home/frederic/airflow_venv/lib/python3.10/site-packages/airflow/example_dags/example_params_ui_tutorial.py took 0.095 seconds
[2026-05-29T10:39:06.551+0200] {processor.py:157} INFO - Started process (PID=715623) to work on /home/frederic/airflow_venv/lib/python3.10/site-packages/airflow/example_dags/example_params_ui_tutorial.py
[2026-05-29T10:39:06.552+0200] {processor.py:829} INFO - Processing file /home/frederic/airflow_venv/lib/python3.10/site-packages/airflow/example_dags/example_params_ui_tutorial.py for tasks to queue
[2026-05-29T10:39:06.552+0200] {logging_mixin.py:151} INFO - [2026-05-29T10:39:06.552+0200] {dagbag.py:539} INFO - Filling up the DagBag from /home/frederic/airflow_venv/lib/python3.10/site-packages/airflow/example_dags/example_params_ui_tutorial.py
[2026-05-29T10:39:06.581+0200] {processor.py:839} INFO - DAG(s) dict_keys(['example_params_ui_tutorial']) retrieved from /home/frederic/airflow_venv/lib/python3.10/site-packages/airflow/example_dags/example_params_ui_tutorial.py
[2026-05-29T10:39:06.629+0200] {logging_mixin.py:151} INFO - [2026-05-29T10:39:06.629+0200] {dag.py:2915} INFO - Sync 1 DAGs
[2026-05-29T10:39:06.647+0200] {logging_mixin.py:151} INFO - [2026-05-29T10:39:06.647+0200] {dag.py:3696} INFO - Setting next_dagrun for example_params_ui_tutorial to None, run_after=None
[2026-05-29T10:39:06.664+0200] {processor.py:179} INFO - Processing /home/frederic/airflow_venv/lib/python3.10/site-packages/airflow/example_dags/example_params_ui_tutorial.py took 0.117 seconds
[2026-05-29T10:39:54.283+0200] {processor.py:157} INFO - Started process (PID=716243) to work on /home/frederic/airflow_venv/lib/python3.10/site-packages/airflow/example_dags/example_params_ui_tutorial.py
[2026-05-29T10:39:54.284+0200] {processor.py:829} INFO - Processing file /home/frederic/airflow_venv/lib/python3.10/site-packages/airflow/example_dags/example_params_ui_tutorial.py for tasks to queue
[2026-05-29T10:39:54.285+0200] {logging_mixin.py:151} INFO - [2026-05-29T10:39:54.285+0200] {dagbag.py:539} INFO - Filling up the DagBag from /home/frederic/airflow_venv/lib/python3.10/site-packages/airflow/example_dags/example_params_ui_tutorial.py
[2026-05-29T10:39:54.320+0200] {processor.py:839} INFO - DAG(s) dict_keys(['example_params_ui_tutorial']) retrieved from /home/frederic/airflow_venv/lib/python3.10/site-packages/airflow/example_dags/example_params_ui_tutorial.py
[2026-05-29T10:39:54.363+0200] {logging_mixin.py:151} INFO - [2026-05-29T10:39:54.363+0200] {dag.py:2915} INFO - Sync 1 DAGs
[2026-05-29T10:39:54.373+0200] {logging_mixin.py:151} INFO - [2026-05-29T10:39:54.373+0200] {dag.py:3696} INFO - Setting next_dagrun for example_params_ui_tutorial to None, run_after=None
[2026-05-29T10:39:54.389+0200] {processor.py:179} INFO - Processing /home/frederic/airflow_venv/lib/python3.10/site-packages/airflow/example_dags/example_params_ui_tutorial.py took 0.109 seconds
[2026-05-29T10:40:38.155+0200] {processor.py:157} INFO - Started process (PID=716710) to work on /home/frederic/airflow_venv/lib/python3.10/site-packages/airflow/example_dags/example_params_ui_tutorial.py
[2026-05-29T10:40:38.155+0200] {processor.py:829} INFO - Processing file /home/frederic/airflow_venv/lib/python3.10/site-packages/airflow/example_dags/example_params_ui_tutorial.py for tasks to queue
[2026-05-29T10:40:38.156+0200] {logging_mixin.py:151} INFO - [2026-05-29T10:40:38.156+0200] {dagbag.py:539} INFO - Filling up the DagBag from /home/frederic/airflow_venv/lib/python3.10/site-packages/airflow/example_dags/example_params_ui_tutorial.py
[2026-05-29T10:40:38.180+0200] {processor.py:839} INFO - DAG(s) dict_keys(['example_params_ui_tutorial']) retrieved from /home/frederic/airflow_venv/lib/python3.10/site-packages/airflow/example_dags/example_params_ui_tutorial.py
[2026-05-29T10:40:38.228+0200] {logging_mixin.py:151} INFO - [2026-05-29T10:40:38.228+0200] {dag.py:2915} INFO - Sync 1 DAGs
[2026-05-29T10:40:38.240+0200] {logging_mixin.py:151} INFO - [2026-05-29T10:40:38.240+0200] {dag.py:3696} INFO - Setting next_dagrun for example_params_ui_tutorial to None, run_after=None
[2026-05-29T10:40:38.254+0200] {processor.py:179} INFO - Processing /home/frederic/airflow_venv/lib/python3.10/site-packages/airflow/example_dags/example_params_ui_tutorial.py took 0.102 seconds
[2026-05-29T10:41:24.309+0200] {processor.py:157} INFO - Started process (PID=717241) to work on /home/frederic/airflow_venv/lib/python3.10/site-packages/airflow/example_dags/example_params_ui_tutorial.py
[2026-05-29T10:41:24.310+0200] {processor.py:829} INFO - Processing file /home/frederic/airflow_venv/lib/python3.10/site-packages/airflow/example_dags/example_params_ui_tutorial.py for tasks to queue
[2026-05-29T10:41:24.311+0200] {logging_mixin.py:151} INFO - [2026-05-29T10:41:24.311+0200] {dagbag.py:539} INFO - Filling up the DagBag from /home/frederic/airflow_venv/lib/python3.10/site-packages/airflow/example_dags/example_params_ui_tutorial.py
[2026-05-29T10:41:24.347+0200] {processor.py:839} INFO - DAG(s) dict_keys(['example_params_ui_tutorial']) retrieved from /home/frederic/airflow_venv/lib/python3.10/site-packages/airflow/example_dags/example_params_ui_tutorial.py
[2026-05-29T10:41:24.404+0200] {logging_mixin.py:151} INFO - [2026-05-29T10:41:24.404+0200] {dag.py:2915} INFO - Sync 1 DAGs
[2026-05-29T10:41:24.418+0200] {logging_mixin.py:151} INFO - [2026-05-29T10:41:24.418+0200] {dag.py:3696} INFO - Setting next_dagrun for example_params_ui_tutorial to None, run_after=None
[2026-05-29T10:41:24.441+0200] {processor.py:179} INFO - Processing /home/frederic/airflow_venv/lib/python3.10/site-packages/airflow/example_dags/example_params_ui_tutorial.py took 0.134 seconds
[2026-05-29T10:42:11.282+0200] {processor.py:157} INFO - Started process (PID=717697) to work on /home/frederic/airflow_venv/lib/python3.10/site-packages/airflow/example_dags/example_params_ui_tutorial.py
[2026-05-29T10:42:11.284+0200] {processor.py:829} INFO - Processing file /home/frederic/airflow_venv/lib/python3.10/site-packages/airflow/example_dags/example_params_ui_tutorial.py for tasks to queue
[2026-05-29T10:42:11.284+0200] {logging_mixin.py:151} INFO - [2026-05-29T10:42:11.284+0200] {dagbag.py:539} INFO - Filling up the DagBag from /home/frederic/airflow_venv/lib/python3.10/site-packages/airflow/example_dags/example_params_ui_tutorial.py
[2026-05-29T10:42:11.325+0200] {processor.py:839} INFO - DAG(s) dict_keys(['example_params_ui_tutorial']) retrieved from /home/frederic/airflow_venv/lib/python3.10/site-packages/airflow/example_dags/example_params_ui_tutorial.py
[2026-05-29T10:42:11.380+0200] {logging_mixin.py:151} INFO - [2026-05-29T10:42:11.380+0200] {dag.py:2915} INFO - Sync 1 DAGs
[2026-05-29T10:42:11.391+0200] {logging_mixin.py:151} INFO - [2026-05-29T10:42:11.391+0200] {dag.py:3696} INFO - Setting next_dagrun for example_params_ui_tutorial to None, run_after=None
[2026-05-29T10:42:11.410+0200] {processor.py:179} INFO - Processing /home/frederic/airflow_venv/lib/python3.10/site-packages/airflow/example_dags/example_params_ui_tutorial.py took 0.130 seconds
[2026-05-29T10:42:58.339+0200] {processor.py:157} INFO - Started process (PID=718142) to work on /home/frederic/airflow_venv/lib/python3.10/site-packages/airflow/example_dags/example_params_ui_tutorial.py
[2026-05-29T10:42:58.339+0200] {processor.py:829} INFO - Processing file /home/frederic/airflow_venv/lib/python3.10/site-packages/airflow/example_dags/example_params_ui_tutorial.py for tasks to queue
[2026-05-29T10:42:58.340+0200] {logging_mixin.py:151} INFO - [2026-05-29T10:42:58.340+0200] {dagbag.py:539} INFO - Filling up the DagBag from /home/frederic/airflow_venv/lib/python3.10/site-packages/airflow/example_dags/example_params_ui_tutorial.py
[2026-05-29T10:42:58.365+0200] {processor.py:839} INFO - DAG(s) dict_keys(['example_params_ui_tutorial']) retrieved from /home/frederic/airflow_venv/lib/python3.10/site-packages/airflow/example_dags/example_params_ui_tutorial.py
[2026-05-29T10:42:58.410+0200] {logging_mixin.py:151} INFO - [2026-05-29T10:42:58.410+0200] {dag.py:2915} INFO - Sync 1 DAGs
[2026-05-29T10:42:58.418+0200] {logging_mixin.py:151} INFO - [2026-05-29T10:42:58.418+0200] {dag.py:3696} INFO - Setting next_dagrun for example_params_ui_tutorial to None, run_after=None
[2026-05-29T10:42:58.436+0200] {processor.py:179} INFO - Processing /home/frederic/airflow_venv/lib/python3.10/site-packages/airflow/example_dags/example_params_ui_tutorial.py took 0.099 seconds
[2026-05-29T10:43:40.597+0200] {processor.py:157} INFO - Started process (PID=718654) to work on /home/frederic/airflow_venv/lib/python3.10/site-packages/airflow/example_dags/example_params_ui_tutorial.py
[2026-05-29T10:43:40.598+0200] {processor.py:829} INFO - Processing file /home/frederic/airflow_venv/lib/python3.10/site-packages/airflow/example_dags/example_params_ui_tutorial.py for tasks to queue
[2026-05-29T10:43:40.599+0200] {logging_mixin.py:151} INFO - [2026-05-29T10:43:40.598+0200] {dagbag.py:539} INFO - Filling up the DagBag from /home/frederic/airflow_venv/lib/python3.10/site-packages/airflow/example_dags/example_params_ui_tutorial.py
[2026-05-29T10:43:40.624+0200] {processor.py:839} INFO - DAG(s) dict_keys(['example_params_ui_tutorial']) retrieved from /home/frederic/airflow_venv/lib/python3.10/site-packages/airflow/example_dags/example_params_ui_tutorial.py
[2026-05-29T10:43:40.667+0200] {logging_mixin.py:151} INFO - [2026-05-29T10:43:40.667+0200] {dag.py:2915} INFO - Sync 1 DAGs
[2026-05-29T10:43:40.676+0200] {logging_mixin.py:151} INFO - [2026-05-29T10:43:40.676+0200] {dag.py:3696} INFO - Setting next_dagrun for example_params_ui_tutorial to None, run_after=None
[2026-05-29T10:43:40.692+0200] {processor.py:179} INFO - Processing /home/frederic/airflow_venv/lib/python3.10/site-packages/airflow/example_dags/example_params_ui_tutorial.py took 0.097 seconds
[2026-05-29T10:44:25.723+0200] {processor.py:157} INFO - Started process (PID=719204) to work on /home/frederic/airflow_venv/lib/python3.10/site-packages/airflow/example_dags/example_params_ui_tutorial.py
[2026-05-29T10:44:25.724+0200] {processor.py:829} INFO - Processing file /home/frederic/airflow_venv/lib/python3.10/site-packages/airflow/example_dags/example_params_ui_tutorial.py for tasks to queue
[2026-05-29T10:44:25.724+0200] {logging_mixin.py:151} INFO - [2026-05-29T10:44:25.724+0200] {dagbag.py:539} INFO - Filling up the DagBag from /home/frederic/airflow_venv/lib/python3.10/site-packages/airflow/example_dags/example_params_ui_tutorial.py
[2026-05-29T10:44:25.752+0200] {processor.py:839} INFO - DAG(s) dict_keys(['example_params_ui_tutorial']) retrieved from /home/frederic/airflow_venv/lib/python3.10/site-packages/airflow/example_dags/example_params_ui_tutorial.py
[2026-05-29T10:44:25.798+0200] {logging_mixin.py:151} INFO - [2026-05-29T10:44:25.798+0200] {dag.py:2915} INFO - Sync 1 DAGs
[2026-05-29T10:44:25.807+0200] {logging_mixin.py:151} INFO - [2026-05-29T10:44:25.807+0200] {dag.py:3696} INFO - Setting next_dagrun for example_params_ui_tutorial to None, run_after=None
[2026-05-29T10:44:25.823+0200] {processor.py:179} INFO - Processing /home/frederic/airflow_venv/lib/python3.10/site-packages/airflow/example_dags/example_params_ui_tutorial.py took 0.104 seconds
[2026-05-29T10:45:16.633+0200] {processor.py:157} INFO - Started process (PID=719995) to work on /home/frederic/airflow_venv/lib/python3.10/site-packages/airflow/example_dags/example_params_ui_tutorial.py
[2026-05-29T10:45:16.633+0200] {processor.py:829} INFO - Processing file /home/frederic/airflow_venv/lib/python3.10/site-packages/airflow/example_dags/example_params_ui_tutorial.py for tasks to queue
[2026-05-29T10:45:16.634+0200] {logging_mixin.py:151} INFO - [2026-05-29T10:45:16.634+0200] {dagbag.py:539} INFO - Filling up the DagBag from /home/frederic/airflow_venv/lib/python3.10/site-packages/airflow/example_dags/example_params_ui_tutorial.py
[2026-05-29T10:45:16.658+0200] {processor.py:839} INFO - DAG(s) dict_keys(['example_params_ui_tutorial']) retrieved from /home/frederic/airflow_venv/lib/python3.10/site-packages/airflow/example_dags/example_params_ui_tutorial.py
[2026-05-29T10:45:16.698+0200] {logging_mixin.py:151} INFO - [2026-05-29T10:45:16.698+0200] {dag.py:2915} INFO - Sync 1 DAGs
[2026-05-29T10:45:16.706+0200] {logging_mixin.py:151} INFO - [2026-05-29T10:45:16.706+0200] {dag.py:3696} INFO - Setting next_dagrun for example_params_ui_tutorial to None, run_after=None
[2026-05-29T10:45:16.721+0200] {processor.py:179} INFO - Processing /home/frederic/airflow_venv/lib/python3.10/site-packages/airflow/example_dags/example_params_ui_tutorial.py took 0.090 seconds
[2026-05-29T10:46:00.743+0200] {processor.py:157} INFO - Started process (PID=720397) to work on /home/frederic/airflow_venv/lib/python3.10/site-packages/airflow/example_dags/example_params_ui_tutorial.py
[2026-05-29T10:46:00.744+0200] {processor.py:829} INFO - Processing file /home/frederic/airflow_venv/lib/python3.10/site-packages/airflow/example_dags/example_params_ui_tutorial.py for tasks to queue
[2026-05-29T10:46:00.744+0200] {logging_mixin.py:151} INFO - [2026-05-29T10:46:00.744+0200] {dagbag.py:539} INFO - Filling up the DagBag from /home/frederic/airflow_venv/lib/python3.10/site-packages/airflow/example_dags/example_params_ui_tutorial.py
[2026-05-29T10:46:00.770+0200] {processor.py:839} INFO - DAG(s) dict_keys(['example_params_ui_tutorial']) retrieved from /home/frederic/airflow_venv/lib/python3.10/site-packages/airflow/example_dags/example_params_ui_tutorial.py
[2026-05-29T10:46:00.816+0200] {logging_mixin.py:151} INFO - [2026-05-29T10:46:00.816+0200] {dag.py:2915} INFO - Sync 1 DAGs
[2026-05-29T10:46:00.825+0200] {logging_mixin.py:151} INFO - [2026-05-29T10:46:00.825+0200] {dag.py:3696} INFO - Setting next_dagrun for example_params_ui_tutorial to None, run_after=None
[2026-05-29T10:46:00.841+0200] {processor.py:179} INFO - Processing /home/frederic/airflow_venv/lib/python3.10/site-packages/airflow/example_dags/example_params_ui_tutorial.py took 0.100 seconds
[2026-05-29T10:46:50.972+0200] {processor.py:157} INFO - Started process (PID=720981) to work on /home/frederic/airflow_venv/lib/python3.10/site-packages/airflow/example_dags/example_params_ui_tutorial.py
[2026-05-29T10:46:50.973+0200] {processor.py:829} INFO - Processing file /home/frederic/airflow_venv/lib/python3.10/site-packages/airflow/example_dags/example_params_ui_tutorial.py for tasks to queue
[2026-05-29T10:46:50.974+0200] {logging_mixin.py:151} INFO - [2026-05-29T10:46:50.974+0200] {dagbag.py:539} INFO - Filling up the DagBag from /home/frederic/airflow_venv/lib/python3.10/site-packages/airflow/example_dags/example_params_ui_tutorial.py
[2026-05-29T10:46:50.999+0200] {processor.py:839} INFO - DAG(s) dict_keys(['example_params_ui_tutorial']) retrieved from /home/frederic/airflow_venv/lib/python3.10/site-packages/airflow/example_dags/example_params_ui_tutorial.py
[2026-05-29T10:46:51.042+0200] {logging_mixin.py:151} INFO - [2026-05-29T10:46:51.042+0200] {dag.py:2915} INFO - Sync 1 DAGs
[2026-05-29T10:46:51.056+0200] {logging_mixin.py:151} INFO - [2026-05-29T10:46:51.056+0200] {dag.py:3696} INFO - Setting next_dagrun for example_params_ui_tutorial to None, run_after=None
[2026-05-29T10:46:51.076+0200] {processor.py:179} INFO - Processing /home/frederic/airflow_venv/lib/python3.10/site-packages/airflow/example_dags/example_params_ui_tutorial.py took 0.106 seconds
[2026-05-29T10:47:41.276+0200] {processor.py:157} INFO - Started process (PID=722012) to work on /home/frederic/airflow_venv/lib/python3.10/site-packages/airflow/example_dags/example_params_ui_tutorial.py
[2026-05-29T10:47:41.277+0200] {processor.py:829} INFO - Processing file /home/frederic/airflow_venv/lib/python3.10/site-packages/airflow/example_dags/example_params_ui_tutorial.py for tasks to queue
[2026-05-29T10:47:41.278+0200] {logging_mixin.py:151} INFO - [2026-05-29T10:47:41.278+0200] {dagbag.py:539} INFO - Filling up the DagBag from /home/frederic/airflow_venv/lib/python3.10/site-packages/airflow/example_dags/example_params_ui_tutorial.py
[2026-05-29T10:47:41.307+0200] {processor.py:839} INFO - DAG(s) dict_keys(['example_params_ui_tutorial']) retrieved from /home/frederic/airflow_venv/lib/python3.10/site-packages/airflow/example_dags/example_params_ui_tutorial.py
[2026-05-29T10:47:41.352+0200] {logging_mixin.py:151} INFO - [2026-05-29T10:47:41.352+0200] {dag.py:2915} INFO - Sync 1 DAGs
[2026-05-29T10:47:41.362+0200] {logging_mixin.py:151} INFO - [2026-05-29T10:47:41.362+0200] {dag.py:3696} INFO - Setting next_dagrun for example_params_ui_tutorial to None, run_after=None
[2026-05-29T10:47:41.380+0200] {processor.py:179} INFO - Processing /home/frederic/airflow_venv/lib/python3.10/site-packages/airflow/example_dags/example_params_ui_tutorial.py took 0.107 seconds
[2026-05-29T10:48:24.688+0200] {processor.py:157} INFO - Started process (PID=722540) to work on /home/frederic/airflow_venv/lib/python3.10/site-packages/airflow/example_dags/example_params_ui_tutorial.py
[2026-05-29T10:48:24.689+0200] {processor.py:829} INFO - Processing file /home/frederic/airflow_venv/lib/python3.10/site-packages/airflow/example_dags/example_params_ui_tutorial.py for tasks to queue
[2026-05-29T10:48:24.691+0200] {logging_mixin.py:151} INFO - [2026-05-29T10:48:24.690+0200] {dagbag.py:539} INFO - Filling up the DagBag from /home/frederic/airflow_venv/lib/python3.10/site-packages/airflow/example_dags/example_params_ui_tutorial.py
[2026-05-29T10:48:24.720+0200] {processor.py:839} INFO - DAG(s) dict_keys(['example_params_ui_tutorial']) retrieved from /home/frederic/airflow_venv/lib/python3.10/site-packages/airflow/example_dags/example_params_ui_tutorial.py
[2026-05-29T10:48:24.761+0200] {logging_mixin.py:151} INFO - [2026-05-29T10:48:24.761+0200] {dag.py:2915} INFO - Sync 1 DAGs
[2026-05-29T10:48:24.771+0200] {logging_mixin.py:151} INFO - [2026-05-29T10:48:24.770+0200] {dag.py:3696} INFO - Setting next_dagrun for example_params_ui_tutorial to None, run_after=None
[2026-05-29T10:48:24.787+0200] {processor.py:179} INFO - Processing /home/frederic/airflow_venv/lib/python3.10/site-packages/airflow/example_dags/example_params_ui_tutorial.py took 0.103 seconds
[2026-05-29T10:49:10.428+0200] {processor.py:157} INFO - Started process (PID=723044) to work on /home/frederic/airflow_venv/lib/python3.10/site-packages/airflow/example_dags/example_params_ui_tutorial.py
[2026-05-29T10:49:10.430+0200] {processor.py:829} INFO - Processing file /home/frederic/airflow_venv/lib/python3.10/site-packages/airflow/example_dags/example_params_ui_tutorial.py for tasks to queue
[2026-05-29T10:49:10.431+0200] {logging_mixin.py:151} INFO - [2026-05-29T10:49:10.431+0200] {dagbag.py:539} INFO - Filling up the DagBag from /home/frederic/airflow_venv/lib/python3.10/site-packages/airflow/example_dags/example_params_ui_tutorial.py
[2026-05-29T10:49:10.464+0200] {processor.py:839} INFO - DAG(s) dict_keys(['example_params_ui_tutorial']) retrieved from /home/frederic/airflow_venv/lib/python3.10/site-packages/airflow/example_dags/example_params_ui_tutorial.py
[2026-05-29T10:49:10.510+0200] {logging_mixin.py:151} INFO - [2026-05-29T10:49:10.509+0200] {dag.py:2915} INFO - Sync 1 DAGs
[2026-05-29T10:49:10.521+0200] {logging_mixin.py:151} INFO - [2026-05-29T10:49:10.521+0200] {dag.py:3696} INFO - Setting next_dagrun for example_params_ui_tutorial to None, run_after=None
[2026-05-29T10:49:10.537+0200] {processor.py:179} INFO - Processing /home/frederic/airflow_venv/lib/python3.10/site-packages/airflow/example_dags/example_params_ui_tutorial.py took 0.112 seconds
[2026-05-29T10:49:59.121+0200] {processor.py:157} INFO - Started process (PID=723490) to work on /home/frederic/airflow_venv/lib/python3.10/site-packages/airflow/example_dags/example_params_ui_tutorial.py
[2026-05-29T10:49:59.122+0200] {processor.py:829} INFO - Processing file /home/frederic/airflow_venv/lib/python3.10/site-packages/airflow/example_dags/example_params_ui_tutorial.py for tasks to queue
[2026-05-29T10:49:59.122+0200] {logging_mixin.py:151} INFO - [2026-05-29T10:49:59.122+0200] {dagbag.py:539} INFO - Filling up the DagBag from /home/frederic/airflow_venv/lib/python3.10/site-packages/airflow/example_dags/example_params_ui_tutorial.py
[2026-05-29T10:49:59.150+0200] {processor.py:839} INFO - DAG(s) dict_keys(['example_params_ui_tutorial']) retrieved from /home/frederic/airflow_venv/lib/python3.10/site-packages/airflow/example_dags/example_params_ui_tutorial.py
[2026-05-29T10:49:59.195+0200] {logging_mixin.py:151} INFO - [2026-05-29T10:49:59.195+0200] {dag.py:2915} INFO - Sync 1 DAGs
[2026-05-29T10:49:59.207+0200] {logging_mixin.py:151} INFO - [2026-05-29T10:49:59.207+0200] {dag.py:3696} INFO - Setting next_dagrun for example_params_ui_tutorial to None, run_after=None
[2026-05-29T10:49:59.222+0200] {processor.py:179} INFO - Processing /home/frederic/airflow_venv/lib/python3.10/site-packages/airflow/example_dags/example_params_ui_tutorial.py took 0.104 seconds
[2026-05-29T10:50:45.680+0200] {processor.py:157} INFO - Started process (PID=723971) to work on /home/frederic/airflow_venv/lib/python3.10/site-packages/airflow/example_dags/example_params_ui_tutorial.py
[2026-05-29T10:50:45.684+0200] {processor.py:829} INFO - Processing file /home/frederic/airflow_venv/lib/python3.10/site-packages/airflow/example_dags/example_params_ui_tutorial.py for tasks to queue
[2026-05-29T10:50:45.685+0200] {logging_mixin.py:151} INFO - [2026-05-29T10:50:45.684+0200] {dagbag.py:539} INFO - Filling up the DagBag from /home/frederic/airflow_venv/lib/python3.10/site-packages/airflow/example_dags/example_params_ui_tutorial.py
[2026-05-29T10:50:45.716+0200] {processor.py:839} INFO - DAG(s) dict_keys(['example_params_ui_tutorial']) retrieved from /home/frederic/airflow_venv/lib/python3.10/site-packages/airflow/example_dags/example_params_ui_tutorial.py
[2026-05-29T10:50:45.762+0200] {logging_mixin.py:151} INFO - [2026-05-29T10:50:45.762+0200] {dag.py:2915} INFO - Sync 1 DAGs
[2026-05-29T10:50:45.772+0200] {logging_mixin.py:151} INFO - [2026-05-29T10:50:45.771+0200] {dag.py:3696} INFO - Setting next_dagrun for example_params_ui_tutorial to None, run_after=None
[2026-05-29T10:50:45.788+0200] {processor.py:179} INFO - Processing /home/frederic/airflow_venv/lib/python3.10/site-packages/airflow/example_dags/example_params_ui_tutorial.py took 0.111 seconds
