[2026-05-29T02:00:18.032+0200] {processor.py:157} INFO - Started process (PID=633534) to work on /home/frederic/airflow_venv/lib/python3.10/site-packages/airflow/example_dags/example_branch_operator_decorator.py
[2026-05-29T02:00:18.033+0200] {processor.py:829} INFO - Processing file /home/frederic/airflow_venv/lib/python3.10/site-packages/airflow/example_dags/example_branch_operator_decorator.py for tasks to queue
[2026-05-29T02:00:18.034+0200] {logging_mixin.py:151} INFO - [2026-05-29T02:00:18.034+0200] {dagbag.py:539} INFO - Filling up the DagBag from /home/frederic/airflow_venv/lib/python3.10/site-packages/airflow/example_dags/example_branch_operator_decorator.py
[2026-05-29T02:00:18.045+0200] {processor.py:839} INFO - DAG(s) dict_keys(['example_branch_python_operator_decorator']) retrieved from /home/frederic/airflow_venv/lib/python3.10/site-packages/airflow/example_dags/example_branch_operator_decorator.py
[2026-05-29T02:00:18.069+0200] {logging_mixin.py:151} INFO - [2026-05-29T02:00:18.069+0200] {dag.py:2915} INFO - Sync 1 DAGs
[2026-05-29T02:00:18.093+0200] {logging_mixin.py:151} INFO - [2026-05-29T02:00:18.093+0200] {dag.py:3696} INFO - Setting next_dagrun for example_branch_python_operator_decorator to 2026-05-28T00:00:00+00:00, run_after=2026-05-29T00:00:00+00:00
[2026-05-29T02:00:18.116+0200] {processor.py:179} INFO - Processing /home/frederic/airflow_venv/lib/python3.10/site-packages/airflow/example_dags/example_branch_operator_decorator.py took 0.088 seconds
[2026-05-29T02:00:49.174+0200] {processor.py:157} INFO - Started process (PID=634638) to work on /home/frederic/airflow_venv/lib/python3.10/site-packages/airflow/example_dags/example_branch_operator_decorator.py
[2026-05-29T02:00:49.175+0200] {processor.py:829} INFO - Processing file /home/frederic/airflow_venv/lib/python3.10/site-packages/airflow/example_dags/example_branch_operator_decorator.py for tasks to queue
[2026-05-29T02:00:49.176+0200] {logging_mixin.py:151} INFO - [2026-05-29T02:00:49.176+0200] {dagbag.py:539} INFO - Filling up the DagBag from /home/frederic/airflow_venv/lib/python3.10/site-packages/airflow/example_dags/example_branch_operator_decorator.py
[2026-05-29T02:00:49.185+0200] {processor.py:839} INFO - DAG(s) dict_keys(['example_branch_python_operator_decorator']) retrieved from /home/frederic/airflow_venv/lib/python3.10/site-packages/airflow/example_dags/example_branch_operator_decorator.py
[2026-05-29T02:00:49.201+0200] {logging_mixin.py:151} INFO - [2026-05-29T02:00:49.200+0200] {dag.py:2915} INFO - Sync 1 DAGs
[2026-05-29T02:00:49.218+0200] {logging_mixin.py:151} INFO - [2026-05-29T02:00:49.218+0200] {dag.py:3696} INFO - Setting next_dagrun for example_branch_python_operator_decorator to 2026-05-28T00:00:00+00:00, run_after=2026-05-29T00:00:00+00:00
[2026-05-29T02:00:49.233+0200] {processor.py:179} INFO - Processing /home/frederic/airflow_venv/lib/python3.10/site-packages/airflow/example_dags/example_branch_operator_decorator.py took 0.061 seconds
[2026-05-29T02:01:02.821+0200] {processor.py:157} INFO - Started process (PID=634898) to work on /home/frederic/airflow_venv/lib/python3.10/site-packages/airflow/example_dags/example_branch_operator_decorator.py
[2026-05-29T02:01:02.821+0200] {processor.py:829} INFO - Processing file /home/frederic/airflow_venv/lib/python3.10/site-packages/airflow/example_dags/example_branch_operator_decorator.py for tasks to queue
[2026-05-29T02:01:02.822+0200] {logging_mixin.py:151} INFO - [2026-05-29T02:01:02.822+0200] {dagbag.py:539} INFO - Filling up the DagBag from /home/frederic/airflow_venv/lib/python3.10/site-packages/airflow/example_dags/example_branch_operator_decorator.py
[2026-05-29T02:01:02.833+0200] {processor.py:839} INFO - DAG(s) dict_keys(['example_branch_python_operator_decorator']) retrieved from /home/frederic/airflow_venv/lib/python3.10/site-packages/airflow/example_dags/example_branch_operator_decorator.py
[2026-05-29T02:01:02.848+0200] {logging_mixin.py:151} INFO - [2026-05-29T02:01:02.848+0200] {dag.py:2915} INFO - Sync 1 DAGs
[2026-05-29T02:01:02.871+0200] {logging_mixin.py:151} INFO - [2026-05-29T02:01:02.871+0200] {dag.py:3696} INFO - Setting next_dagrun for example_branch_python_operator_decorator to 2026-05-28T00:00:00+00:00, run_after=2026-05-29T00:00:00+00:00
[2026-05-29T02:01:02.892+0200] {processor.py:179} INFO - Processing /home/frederic/airflow_venv/lib/python3.10/site-packages/airflow/example_dags/example_branch_operator_decorator.py took 0.074 seconds
[2026-05-29T02:01:41.634+0200] {processor.py:157} INFO - Started process (PID=636035) to work on /home/frederic/airflow_venv/lib/python3.10/site-packages/airflow/example_dags/example_branch_operator_decorator.py
[2026-05-29T02:01:41.636+0200] {processor.py:829} INFO - Processing file /home/frederic/airflow_venv/lib/python3.10/site-packages/airflow/example_dags/example_branch_operator_decorator.py for tasks to queue
[2026-05-29T02:01:41.636+0200] {logging_mixin.py:151} INFO - [2026-05-29T02:01:41.636+0200] {dagbag.py:539} INFO - Filling up the DagBag from /home/frederic/airflow_venv/lib/python3.10/site-packages/airflow/example_dags/example_branch_operator_decorator.py
[2026-05-29T02:01:41.647+0200] {processor.py:839} INFO - DAG(s) dict_keys(['example_branch_python_operator_decorator']) retrieved from /home/frederic/airflow_venv/lib/python3.10/site-packages/airflow/example_dags/example_branch_operator_decorator.py
[2026-05-29T02:01:41.666+0200] {logging_mixin.py:151} INFO - [2026-05-29T02:01:41.665+0200] {dag.py:2915} INFO - Sync 1 DAGs
[2026-05-29T02:01:41.684+0200] {logging_mixin.py:151} INFO - [2026-05-29T02:01:41.684+0200] {dag.py:3696} INFO - Setting next_dagrun for example_branch_python_operator_decorator to 2026-05-28T00:00:00+00:00, run_after=2026-05-29T00:00:00+00:00
[2026-05-29T02:01:41.699+0200] {processor.py:179} INFO - Processing /home/frederic/airflow_venv/lib/python3.10/site-packages/airflow/example_dags/example_branch_operator_decorator.py took 0.068 seconds
[2026-05-29T02:01:46.730+0200] {processor.py:157} INFO - Started process (PID=636166) to work on /home/frederic/airflow_venv/lib/python3.10/site-packages/airflow/example_dags/example_branch_operator_decorator.py
[2026-05-29T02:01:46.731+0200] {processor.py:829} INFO - Processing file /home/frederic/airflow_venv/lib/python3.10/site-packages/airflow/example_dags/example_branch_operator_decorator.py for tasks to queue
[2026-05-29T02:01:46.732+0200] {logging_mixin.py:151} INFO - [2026-05-29T02:01:46.732+0200] {dagbag.py:539} INFO - Filling up the DagBag from /home/frederic/airflow_venv/lib/python3.10/site-packages/airflow/example_dags/example_branch_operator_decorator.py
[2026-05-29T02:01:46.740+0200] {processor.py:839} INFO - DAG(s) dict_keys(['example_branch_python_operator_decorator']) retrieved from /home/frederic/airflow_venv/lib/python3.10/site-packages/airflow/example_dags/example_branch_operator_decorator.py
[2026-05-29T02:01:46.755+0200] {logging_mixin.py:151} INFO - [2026-05-29T02:01:46.755+0200] {dag.py:2915} INFO - Sync 1 DAGs
[2026-05-29T02:01:46.773+0200] {logging_mixin.py:151} INFO - [2026-05-29T02:01:46.773+0200] {dag.py:3696} INFO - Setting next_dagrun for example_branch_python_operator_decorator to 2026-05-28T00:00:00+00:00, run_after=2026-05-29T00:00:00+00:00
[2026-05-29T02:01:46.790+0200] {processor.py:179} INFO - Processing /home/frederic/airflow_venv/lib/python3.10/site-packages/airflow/example_dags/example_branch_operator_decorator.py took 0.062 seconds
[2026-05-29T02:02:33.058+0200] {processor.py:157} INFO - Started process (PID=637580) to work on /home/frederic/airflow_venv/lib/python3.10/site-packages/airflow/example_dags/example_branch_operator_decorator.py
[2026-05-29T02:02:33.060+0200] {processor.py:829} INFO - Processing file /home/frederic/airflow_venv/lib/python3.10/site-packages/airflow/example_dags/example_branch_operator_decorator.py for tasks to queue
[2026-05-29T02:02:33.060+0200] {logging_mixin.py:151} INFO - [2026-05-29T02:02:33.060+0200] {dagbag.py:539} INFO - Filling up the DagBag from /home/frederic/airflow_venv/lib/python3.10/site-packages/airflow/example_dags/example_branch_operator_decorator.py
[2026-05-29T02:02:33.070+0200] {processor.py:839} INFO - DAG(s) dict_keys(['example_branch_python_operator_decorator']) retrieved from /home/frederic/airflow_venv/lib/python3.10/site-packages/airflow/example_dags/example_branch_operator_decorator.py
[2026-05-29T02:02:33.087+0200] {logging_mixin.py:151} INFO - [2026-05-29T02:02:33.087+0200] {dag.py:2915} INFO - Sync 1 DAGs
[2026-05-29T02:02:33.110+0200] {logging_mixin.py:151} INFO - [2026-05-29T02:02:33.110+0200] {dag.py:3696} INFO - Setting next_dagrun for example_branch_python_operator_decorator to 2026-05-28T00:00:00+00:00, run_after=2026-05-29T00:00:00+00:00
[2026-05-29T02:02:33.128+0200] {processor.py:179} INFO - Processing /home/frederic/airflow_venv/lib/python3.10/site-packages/airflow/example_dags/example_branch_operator_decorator.py took 0.073 seconds
[2026-05-29T02:02:34.987+0200] {processor.py:157} INFO - Started process (PID=637620) to work on /home/frederic/airflow_venv/lib/python3.10/site-packages/airflow/example_dags/example_branch_operator_decorator.py
[2026-05-29T02:02:34.988+0200] {processor.py:829} INFO - Processing file /home/frederic/airflow_venv/lib/python3.10/site-packages/airflow/example_dags/example_branch_operator_decorator.py for tasks to queue
[2026-05-29T02:02:34.989+0200] {logging_mixin.py:151} INFO - [2026-05-29T02:02:34.989+0200] {dagbag.py:539} INFO - Filling up the DagBag from /home/frederic/airflow_venv/lib/python3.10/site-packages/airflow/example_dags/example_branch_operator_decorator.py
[2026-05-29T02:02:34.998+0200] {processor.py:839} INFO - DAG(s) dict_keys(['example_branch_python_operator_decorator']) retrieved from /home/frederic/airflow_venv/lib/python3.10/site-packages/airflow/example_dags/example_branch_operator_decorator.py
[2026-05-29T02:02:35.015+0200] {logging_mixin.py:151} INFO - [2026-05-29T02:02:35.014+0200] {dag.py:2915} INFO - Sync 1 DAGs
[2026-05-29T02:02:35.037+0200] {logging_mixin.py:151} INFO - [2026-05-29T02:02:35.037+0200] {dag.py:3696} INFO - Setting next_dagrun for example_branch_python_operator_decorator to 2026-05-28T00:00:00+00:00, run_after=2026-05-29T00:00:00+00:00
[2026-05-29T02:02:35.053+0200] {processor.py:179} INFO - Processing /home/frederic/airflow_venv/lib/python3.10/site-packages/airflow/example_dags/example_branch_operator_decorator.py took 0.068 seconds
[2026-05-29T02:03:22.572+0200] {processor.py:157} INFO - Started process (PID=639035) to work on /home/frederic/airflow_venv/lib/python3.10/site-packages/airflow/example_dags/example_branch_operator_decorator.py
[2026-05-29T02:03:22.573+0200] {processor.py:829} INFO - Processing file /home/frederic/airflow_venv/lib/python3.10/site-packages/airflow/example_dags/example_branch_operator_decorator.py for tasks to queue
[2026-05-29T02:03:22.574+0200] {logging_mixin.py:151} INFO - [2026-05-29T02:03:22.573+0200] {dagbag.py:539} INFO - Filling up the DagBag from /home/frederic/airflow_venv/lib/python3.10/site-packages/airflow/example_dags/example_branch_operator_decorator.py
[2026-05-29T02:03:22.586+0200] {processor.py:839} INFO - DAG(s) dict_keys(['example_branch_python_operator_decorator']) retrieved from /home/frederic/airflow_venv/lib/python3.10/site-packages/airflow/example_dags/example_branch_operator_decorator.py
[2026-05-29T02:03:22.605+0200] {logging_mixin.py:151} INFO - [2026-05-29T02:03:22.605+0200] {dag.py:2915} INFO - Sync 1 DAGs
[2026-05-29T02:03:22.626+0200] {logging_mixin.py:151} INFO - [2026-05-29T02:03:22.625+0200] {dag.py:3696} INFO - Setting next_dagrun for example_branch_python_operator_decorator to 2026-05-28T00:00:00+00:00, run_after=2026-05-29T00:00:00+00:00
[2026-05-29T02:03:22.763+0200] {processor.py:179} INFO - Processing /home/frederic/airflow_venv/lib/python3.10/site-packages/airflow/example_dags/example_branch_operator_decorator.py took 0.195 seconds
[2026-05-29T02:03:23.052+0200] {processor.py:157} INFO - Started process (PID=639036) to work on /home/frederic/airflow_venv/lib/python3.10/site-packages/airflow/example_dags/example_branch_operator_decorator.py
[2026-05-29T02:03:23.053+0200] {processor.py:829} INFO - Processing file /home/frederic/airflow_venv/lib/python3.10/site-packages/airflow/example_dags/example_branch_operator_decorator.py for tasks to queue
[2026-05-29T02:03:23.053+0200] {logging_mixin.py:151} INFO - [2026-05-29T02:03:23.053+0200] {dagbag.py:539} INFO - Filling up the DagBag from /home/frederic/airflow_venv/lib/python3.10/site-packages/airflow/example_dags/example_branch_operator_decorator.py
[2026-05-29T02:03:23.062+0200] {processor.py:839} INFO - DAG(s) dict_keys(['example_branch_python_operator_decorator']) retrieved from /home/frederic/airflow_venv/lib/python3.10/site-packages/airflow/example_dags/example_branch_operator_decorator.py
[2026-05-29T02:03:23.078+0200] {logging_mixin.py:151} INFO - [2026-05-29T02:03:23.078+0200] {dag.py:2915} INFO - Sync 1 DAGs
[2026-05-29T02:03:23.095+0200] {logging_mixin.py:151} INFO - [2026-05-29T02:03:23.095+0200] {dag.py:3696} INFO - Setting next_dagrun for example_branch_python_operator_decorator to 2026-05-28T00:00:00+00:00, run_after=2026-05-29T00:00:00+00:00
[2026-05-29T02:03:23.110+0200] {processor.py:179} INFO - Processing /home/frederic/airflow_venv/lib/python3.10/site-packages/airflow/example_dags/example_branch_operator_decorator.py took 0.060 seconds
[2026-05-29T09:58:36.979+0200] {processor.py:157} INFO - Started process (PID=682140) to work on /home/frederic/airflow_venv/lib/python3.10/site-packages/airflow/example_dags/example_branch_operator_decorator.py
[2026-05-29T09:58:36.982+0200] {processor.py:829} INFO - Processing file /home/frederic/airflow_venv/lib/python3.10/site-packages/airflow/example_dags/example_branch_operator_decorator.py for tasks to queue
[2026-05-29T09:58:36.983+0200] {logging_mixin.py:151} INFO - [2026-05-29T09:58:36.982+0200] {dagbag.py:539} INFO - Filling up the DagBag from /home/frederic/airflow_venv/lib/python3.10/site-packages/airflow/example_dags/example_branch_operator_decorator.py
[2026-05-29T09:58:36.991+0200] {processor.py:839} INFO - DAG(s) dict_keys(['example_branch_python_operator_decorator']) retrieved from /home/frederic/airflow_venv/lib/python3.10/site-packages/airflow/example_dags/example_branch_operator_decorator.py
[2026-05-29T09:58:37.005+0200] {logging_mixin.py:151} INFO - [2026-05-29T09:58:37.005+0200] {dag.py:2915} INFO - Sync 1 DAGs
[2026-05-29T09:58:37.024+0200] {logging_mixin.py:151} INFO - [2026-05-29T09:58:37.023+0200] {dag.py:3696} INFO - Setting next_dagrun for example_branch_python_operator_decorator to 2026-05-28T00:00:00+00:00, run_after=2026-05-29T00:00:00+00:00
[2026-05-29T09:58:37.039+0200] {processor.py:179} INFO - Processing /home/frederic/airflow_venv/lib/python3.10/site-packages/airflow/example_dags/example_branch_operator_decorator.py took 0.063 seconds
[2026-05-29T09:59:40.214+0200] {processor.py:157} INFO - Started process (PID=683733) to work on /home/frederic/airflow_venv/lib/python3.10/site-packages/airflow/example_dags/example_branch_operator_decorator.py
[2026-05-29T09:59:40.215+0200] {processor.py:829} INFO - Processing file /home/frederic/airflow_venv/lib/python3.10/site-packages/airflow/example_dags/example_branch_operator_decorator.py for tasks to queue
[2026-05-29T09:59:40.216+0200] {logging_mixin.py:151} INFO - [2026-05-29T09:59:40.216+0200] {dagbag.py:539} INFO - Filling up the DagBag from /home/frederic/airflow_venv/lib/python3.10/site-packages/airflow/example_dags/example_branch_operator_decorator.py
[2026-05-29T09:59:40.226+0200] {processor.py:839} INFO - DAG(s) dict_keys(['example_branch_python_operator_decorator']) retrieved from /home/frederic/airflow_venv/lib/python3.10/site-packages/airflow/example_dags/example_branch_operator_decorator.py
[2026-05-29T09:59:40.244+0200] {logging_mixin.py:151} INFO - [2026-05-29T09:59:40.244+0200] {dag.py:2915} INFO - Sync 1 DAGs
[2026-05-29T09:59:40.267+0200] {logging_mixin.py:151} INFO - [2026-05-29T09:59:40.266+0200] {dag.py:3696} INFO - Setting next_dagrun for example_branch_python_operator_decorator to 2026-05-28T00:00:00+00:00, run_after=2026-05-29T00:00:00+00:00
[2026-05-29T09:59:40.284+0200] {processor.py:179} INFO - Processing /home/frederic/airflow_venv/lib/python3.10/site-packages/airflow/example_dags/example_branch_operator_decorator.py took 0.072 seconds
[2026-05-29T10:00:31.433+0200] {processor.py:157} INFO - Started process (PID=684446) to work on /home/frederic/airflow_venv/lib/python3.10/site-packages/airflow/example_dags/example_branch_operator_decorator.py
[2026-05-29T10:00:31.437+0200] {processor.py:829} INFO - Processing file /home/frederic/airflow_venv/lib/python3.10/site-packages/airflow/example_dags/example_branch_operator_decorator.py for tasks to queue
[2026-05-29T10:00:31.438+0200] {logging_mixin.py:151} INFO - [2026-05-29T10:00:31.437+0200] {dagbag.py:539} INFO - Filling up the DagBag from /home/frederic/airflow_venv/lib/python3.10/site-packages/airflow/example_dags/example_branch_operator_decorator.py
[2026-05-29T10:00:31.450+0200] {processor.py:839} INFO - DAG(s) dict_keys(['example_branch_python_operator_decorator']) retrieved from /home/frederic/airflow_venv/lib/python3.10/site-packages/airflow/example_dags/example_branch_operator_decorator.py
[2026-05-29T10:00:31.468+0200] {logging_mixin.py:151} INFO - [2026-05-29T10:00:31.467+0200] {dag.py:2915} INFO - Sync 1 DAGs
[2026-05-29T10:00:31.490+0200] {logging_mixin.py:151} INFO - [2026-05-29T10:00:31.490+0200] {dag.py:3696} INFO - Setting next_dagrun for example_branch_python_operator_decorator to 2026-05-28T00:00:00+00:00, run_after=2026-05-29T00:00:00+00:00
[2026-05-29T10:00:31.507+0200] {processor.py:179} INFO - Processing /home/frederic/airflow_venv/lib/python3.10/site-packages/airflow/example_dags/example_branch_operator_decorator.py took 0.076 seconds
[2026-05-29T10:01:21.540+0200] {processor.py:157} INFO - Started process (PID=685387) to work on /home/frederic/airflow_venv/lib/python3.10/site-packages/airflow/example_dags/example_branch_operator_decorator.py
[2026-05-29T10:01:21.541+0200] {processor.py:829} INFO - Processing file /home/frederic/airflow_venv/lib/python3.10/site-packages/airflow/example_dags/example_branch_operator_decorator.py for tasks to queue
[2026-05-29T10:01:21.542+0200] {logging_mixin.py:151} INFO - [2026-05-29T10:01:21.542+0200] {dagbag.py:539} INFO - Filling up the DagBag from /home/frederic/airflow_venv/lib/python3.10/site-packages/airflow/example_dags/example_branch_operator_decorator.py
[2026-05-29T10:01:21.554+0200] {processor.py:839} INFO - DAG(s) dict_keys(['example_branch_python_operator_decorator']) retrieved from /home/frederic/airflow_venv/lib/python3.10/site-packages/airflow/example_dags/example_branch_operator_decorator.py
[2026-05-29T10:01:21.570+0200] {logging_mixin.py:151} INFO - [2026-05-29T10:01:21.570+0200] {dag.py:2915} INFO - Sync 1 DAGs
[2026-05-29T10:01:21.592+0200] {logging_mixin.py:151} INFO - [2026-05-29T10:01:21.592+0200] {dag.py:3696} INFO - Setting next_dagrun for example_branch_python_operator_decorator to 2026-05-28T00:00:00+00:00, run_after=2026-05-29T00:00:00+00:00
[2026-05-29T10:01:21.611+0200] {processor.py:179} INFO - Processing /home/frederic/airflow_venv/lib/python3.10/site-packages/airflow/example_dags/example_branch_operator_decorator.py took 0.076 seconds
[2026-05-29T10:02:09.455+0200] {processor.py:157} INFO - Started process (PID=685991) to work on /home/frederic/airflow_venv/lib/python3.10/site-packages/airflow/example_dags/example_branch_operator_decorator.py
[2026-05-29T10:02:09.456+0200] {processor.py:829} INFO - Processing file /home/frederic/airflow_venv/lib/python3.10/site-packages/airflow/example_dags/example_branch_operator_decorator.py for tasks to queue
[2026-05-29T10:02:09.456+0200] {logging_mixin.py:151} INFO - [2026-05-29T10:02:09.456+0200] {dagbag.py:539} INFO - Filling up the DagBag from /home/frederic/airflow_venv/lib/python3.10/site-packages/airflow/example_dags/example_branch_operator_decorator.py
[2026-05-29T10:02:09.467+0200] {processor.py:839} INFO - DAG(s) dict_keys(['example_branch_python_operator_decorator']) retrieved from /home/frederic/airflow_venv/lib/python3.10/site-packages/airflow/example_dags/example_branch_operator_decorator.py
[2026-05-29T10:02:09.484+0200] {logging_mixin.py:151} INFO - [2026-05-29T10:02:09.484+0200] {dag.py:2915} INFO - Sync 1 DAGs
[2026-05-29T10:02:09.507+0200] {logging_mixin.py:151} INFO - [2026-05-29T10:02:09.507+0200] {dag.py:3696} INFO - Setting next_dagrun for example_branch_python_operator_decorator to 2026-05-28T00:00:00+00:00, run_after=2026-05-29T00:00:00+00:00
[2026-05-29T10:02:09.523+0200] {processor.py:179} INFO - Processing /home/frederic/airflow_venv/lib/python3.10/site-packages/airflow/example_dags/example_branch_operator_decorator.py took 0.070 seconds
[2026-05-29T10:02:55.035+0200] {processor.py:157} INFO - Started process (PID=686397) to work on /home/frederic/airflow_venv/lib/python3.10/site-packages/airflow/example_dags/example_branch_operator_decorator.py
[2026-05-29T10:02:55.039+0200] {processor.py:829} INFO - Processing file /home/frederic/airflow_venv/lib/python3.10/site-packages/airflow/example_dags/example_branch_operator_decorator.py for tasks to queue
[2026-05-29T10:02:55.039+0200] {logging_mixin.py:151} INFO - [2026-05-29T10:02:55.039+0200] {dagbag.py:539} INFO - Filling up the DagBag from /home/frederic/airflow_venv/lib/python3.10/site-packages/airflow/example_dags/example_branch_operator_decorator.py
[2026-05-29T10:02:55.049+0200] {processor.py:839} INFO - DAG(s) dict_keys(['example_branch_python_operator_decorator']) retrieved from /home/frederic/airflow_venv/lib/python3.10/site-packages/airflow/example_dags/example_branch_operator_decorator.py
[2026-05-29T10:02:55.066+0200] {logging_mixin.py:151} INFO - [2026-05-29T10:02:55.066+0200] {dag.py:2915} INFO - Sync 1 DAGs
[2026-05-29T10:02:55.086+0200] {logging_mixin.py:151} INFO - [2026-05-29T10:02:55.086+0200] {dag.py:3696} INFO - Setting next_dagrun for example_branch_python_operator_decorator to 2026-05-28T00:00:00+00:00, run_after=2026-05-29T00:00:00+00:00
[2026-05-29T10:02:55.105+0200] {processor.py:179} INFO - Processing /home/frederic/airflow_venv/lib/python3.10/site-packages/airflow/example_dags/example_branch_operator_decorator.py took 0.073 seconds
[2026-05-29T10:03:43.047+0200] {processor.py:157} INFO - Started process (PID=687166) to work on /home/frederic/airflow_venv/lib/python3.10/site-packages/airflow/example_dags/example_branch_operator_decorator.py
[2026-05-29T10:03:43.048+0200] {processor.py:829} INFO - Processing file /home/frederic/airflow_venv/lib/python3.10/site-packages/airflow/example_dags/example_branch_operator_decorator.py for tasks to queue
[2026-05-29T10:03:43.049+0200] {logging_mixin.py:151} INFO - [2026-05-29T10:03:43.048+0200] {dagbag.py:539} INFO - Filling up the DagBag from /home/frederic/airflow_venv/lib/python3.10/site-packages/airflow/example_dags/example_branch_operator_decorator.py
[2026-05-29T10:03:43.058+0200] {processor.py:839} INFO - DAG(s) dict_keys(['example_branch_python_operator_decorator']) retrieved from /home/frederic/airflow_venv/lib/python3.10/site-packages/airflow/example_dags/example_branch_operator_decorator.py
[2026-05-29T10:03:43.079+0200] {logging_mixin.py:151} INFO - [2026-05-29T10:03:43.079+0200] {dag.py:2915} INFO - Sync 1 DAGs
[2026-05-29T10:03:43.100+0200] {logging_mixin.py:151} INFO - [2026-05-29T10:03:43.100+0200] {dag.py:3696} INFO - Setting next_dagrun for example_branch_python_operator_decorator to 2026-05-28T00:00:00+00:00, run_after=2026-05-29T00:00:00+00:00
[2026-05-29T10:03:43.120+0200] {processor.py:179} INFO - Processing /home/frederic/airflow_venv/lib/python3.10/site-packages/airflow/example_dags/example_branch_operator_decorator.py took 0.077 seconds
[2026-05-29T10:04:30.494+0200] {processor.py:157} INFO - Started process (PID=688201) to work on /home/frederic/airflow_venv/lib/python3.10/site-packages/airflow/example_dags/example_branch_operator_decorator.py
[2026-05-29T10:04:30.498+0200] {processor.py:829} INFO - Processing file /home/frederic/airflow_venv/lib/python3.10/site-packages/airflow/example_dags/example_branch_operator_decorator.py for tasks to queue
[2026-05-29T10:04:30.499+0200] {logging_mixin.py:151} INFO - [2026-05-29T10:04:30.499+0200] {dagbag.py:539} INFO - Filling up the DagBag from /home/frederic/airflow_venv/lib/python3.10/site-packages/airflow/example_dags/example_branch_operator_decorator.py
[2026-05-29T10:04:30.510+0200] {processor.py:839} INFO - DAG(s) dict_keys(['example_branch_python_operator_decorator']) retrieved from /home/frederic/airflow_venv/lib/python3.10/site-packages/airflow/example_dags/example_branch_operator_decorator.py
[2026-05-29T10:04:30.528+0200] {logging_mixin.py:151} INFO - [2026-05-29T10:04:30.528+0200] {dag.py:2915} INFO - Sync 1 DAGs
[2026-05-29T10:04:30.549+0200] {logging_mixin.py:151} INFO - [2026-05-29T10:04:30.548+0200] {dag.py:3696} INFO - Setting next_dagrun for example_branch_python_operator_decorator to 2026-05-28T00:00:00+00:00, run_after=2026-05-29T00:00:00+00:00
[2026-05-29T10:04:30.566+0200] {processor.py:179} INFO - Processing /home/frederic/airflow_venv/lib/python3.10/site-packages/airflow/example_dags/example_branch_operator_decorator.py took 0.074 seconds
[2026-05-29T10:05:17.609+0200] {processor.py:157} INFO - Started process (PID=689273) to work on /home/frederic/airflow_venv/lib/python3.10/site-packages/airflow/example_dags/example_branch_operator_decorator.py
[2026-05-29T10:05:17.610+0200] {processor.py:829} INFO - Processing file /home/frederic/airflow_venv/lib/python3.10/site-packages/airflow/example_dags/example_branch_operator_decorator.py for tasks to queue
[2026-05-29T10:05:17.611+0200] {logging_mixin.py:151} INFO - [2026-05-29T10:05:17.611+0200] {dagbag.py:539} INFO - Filling up the DagBag from /home/frederic/airflow_venv/lib/python3.10/site-packages/airflow/example_dags/example_branch_operator_decorator.py
[2026-05-29T10:05:17.627+0200] {processor.py:839} INFO - DAG(s) dict_keys(['example_branch_python_operator_decorator']) retrieved from /home/frederic/airflow_venv/lib/python3.10/site-packages/airflow/example_dags/example_branch_operator_decorator.py
[2026-05-29T10:05:17.656+0200] {logging_mixin.py:151} INFO - [2026-05-29T10:05:17.656+0200] {dag.py:2915} INFO - Sync 1 DAGs
[2026-05-29T10:05:17.681+0200] {logging_mixin.py:151} INFO - [2026-05-29T10:05:17.681+0200] {dag.py:3696} INFO - Setting next_dagrun for example_branch_python_operator_decorator to 2026-05-28T00:00:00+00:00, run_after=2026-05-29T00:00:00+00:00
[2026-05-29T10:05:17.703+0200] {processor.py:179} INFO - Processing /home/frederic/airflow_venv/lib/python3.10/site-packages/airflow/example_dags/example_branch_operator_decorator.py took 0.100 seconds
[2026-05-29T10:06:05.274+0200] {processor.py:157} INFO - Started process (PID=689996) to work on /home/frederic/airflow_venv/lib/python3.10/site-packages/airflow/example_dags/example_branch_operator_decorator.py
[2026-05-29T10:06:05.275+0200] {processor.py:829} INFO - Processing file /home/frederic/airflow_venv/lib/python3.10/site-packages/airflow/example_dags/example_branch_operator_decorator.py for tasks to queue
[2026-05-29T10:06:05.276+0200] {logging_mixin.py:151} INFO - [2026-05-29T10:06:05.275+0200] {dagbag.py:539} INFO - Filling up the DagBag from /home/frederic/airflow_venv/lib/python3.10/site-packages/airflow/example_dags/example_branch_operator_decorator.py
[2026-05-29T10:06:05.287+0200] {processor.py:839} INFO - DAG(s) dict_keys(['example_branch_python_operator_decorator']) retrieved from /home/frederic/airflow_venv/lib/python3.10/site-packages/airflow/example_dags/example_branch_operator_decorator.py
[2026-05-29T10:06:05.306+0200] {logging_mixin.py:151} INFO - [2026-05-29T10:06:05.306+0200] {dag.py:2915} INFO - Sync 1 DAGs
[2026-05-29T10:06:05.329+0200] {logging_mixin.py:151} INFO - [2026-05-29T10:06:05.329+0200] {dag.py:3696} INFO - Setting next_dagrun for example_branch_python_operator_decorator to 2026-05-28T00:00:00+00:00, run_after=2026-05-29T00:00:00+00:00
[2026-05-29T10:06:05.346+0200] {processor.py:179} INFO - Processing /home/frederic/airflow_venv/lib/python3.10/site-packages/airflow/example_dags/example_branch_operator_decorator.py took 0.075 seconds
[2026-05-29T10:06:58.629+0200] {processor.py:157} INFO - Started process (PID=690694) to work on /home/frederic/airflow_venv/lib/python3.10/site-packages/airflow/example_dags/example_branch_operator_decorator.py
[2026-05-29T10:06:58.630+0200] {processor.py:829} INFO - Processing file /home/frederic/airflow_venv/lib/python3.10/site-packages/airflow/example_dags/example_branch_operator_decorator.py for tasks to queue
[2026-05-29T10:06:58.631+0200] {logging_mixin.py:151} INFO - [2026-05-29T10:06:58.631+0200] {dagbag.py:539} INFO - Filling up the DagBag from /home/frederic/airflow_venv/lib/python3.10/site-packages/airflow/example_dags/example_branch_operator_decorator.py
[2026-05-29T10:06:58.641+0200] {processor.py:839} INFO - DAG(s) dict_keys(['example_branch_python_operator_decorator']) retrieved from /home/frederic/airflow_venv/lib/python3.10/site-packages/airflow/example_dags/example_branch_operator_decorator.py
[2026-05-29T10:06:58.657+0200] {logging_mixin.py:151} INFO - [2026-05-29T10:06:58.656+0200] {dag.py:2915} INFO - Sync 1 DAGs
[2026-05-29T10:06:58.678+0200] {logging_mixin.py:151} INFO - [2026-05-29T10:06:58.678+0200] {dag.py:3696} INFO - Setting next_dagrun for example_branch_python_operator_decorator to 2026-05-28T00:00:00+00:00, run_after=2026-05-29T00:00:00+00:00
[2026-05-29T10:06:58.696+0200] {processor.py:179} INFO - Processing /home/frederic/airflow_venv/lib/python3.10/site-packages/airflow/example_dags/example_branch_operator_decorator.py took 0.069 seconds
[2026-05-29T10:07:53.784+0200] {processor.py:157} INFO - Started process (PID=691329) to work on /home/frederic/airflow_venv/lib/python3.10/site-packages/airflow/example_dags/example_branch_operator_decorator.py
[2026-05-29T10:07:53.786+0200] {processor.py:829} INFO - Processing file /home/frederic/airflow_venv/lib/python3.10/site-packages/airflow/example_dags/example_branch_operator_decorator.py for tasks to queue
[2026-05-29T10:07:53.786+0200] {logging_mixin.py:151} INFO - [2026-05-29T10:07:53.786+0200] {dagbag.py:539} INFO - Filling up the DagBag from /home/frederic/airflow_venv/lib/python3.10/site-packages/airflow/example_dags/example_branch_operator_decorator.py
[2026-05-29T10:07:53.795+0200] {processor.py:839} INFO - DAG(s) dict_keys(['example_branch_python_operator_decorator']) retrieved from /home/frederic/airflow_venv/lib/python3.10/site-packages/airflow/example_dags/example_branch_operator_decorator.py
[2026-05-29T10:07:53.812+0200] {logging_mixin.py:151} INFO - [2026-05-29T10:07:53.812+0200] {dag.py:2915} INFO - Sync 1 DAGs
[2026-05-29T10:07:53.831+0200] {logging_mixin.py:151} INFO - [2026-05-29T10:07:53.831+0200] {dag.py:3696} INFO - Setting next_dagrun for example_branch_python_operator_decorator to 2026-05-28T00:00:00+00:00, run_after=2026-05-29T00:00:00+00:00
[2026-05-29T10:07:53.848+0200] {processor.py:179} INFO - Processing /home/frederic/airflow_venv/lib/python3.10/site-packages/airflow/example_dags/example_branch_operator_decorator.py took 0.068 seconds
[2026-05-29T10:08:38.222+0200] {processor.py:157} INFO - Started process (PID=691841) to work on /home/frederic/airflow_venv/lib/python3.10/site-packages/airflow/example_dags/example_branch_operator_decorator.py
[2026-05-29T10:08:38.225+0200] {processor.py:829} INFO - Processing file /home/frederic/airflow_venv/lib/python3.10/site-packages/airflow/example_dags/example_branch_operator_decorator.py for tasks to queue
[2026-05-29T10:08:38.226+0200] {logging_mixin.py:151} INFO - [2026-05-29T10:08:38.226+0200] {dagbag.py:539} INFO - Filling up the DagBag from /home/frederic/airflow_venv/lib/python3.10/site-packages/airflow/example_dags/example_branch_operator_decorator.py
[2026-05-29T10:08:38.236+0200] {processor.py:839} INFO - DAG(s) dict_keys(['example_branch_python_operator_decorator']) retrieved from /home/frederic/airflow_venv/lib/python3.10/site-packages/airflow/example_dags/example_branch_operator_decorator.py
[2026-05-29T10:08:38.252+0200] {logging_mixin.py:151} INFO - [2026-05-29T10:08:38.252+0200] {dag.py:2915} INFO - Sync 1 DAGs
[2026-05-29T10:08:38.270+0200] {logging_mixin.py:151} INFO - [2026-05-29T10:08:38.270+0200] {dag.py:3696} INFO - Setting next_dagrun for example_branch_python_operator_decorator to 2026-05-28T00:00:00+00:00, run_after=2026-05-29T00:00:00+00:00
[2026-05-29T10:08:38.288+0200] {processor.py:179} INFO - Processing /home/frederic/airflow_venv/lib/python3.10/site-packages/airflow/example_dags/example_branch_operator_decorator.py took 0.068 seconds
[2026-05-29T10:09:25.057+0200] {processor.py:157} INFO - Started process (PID=692455) to work on /home/frederic/airflow_venv/lib/python3.10/site-packages/airflow/example_dags/example_branch_operator_decorator.py
[2026-05-29T10:09:25.060+0200] {processor.py:829} INFO - Processing file /home/frederic/airflow_venv/lib/python3.10/site-packages/airflow/example_dags/example_branch_operator_decorator.py for tasks to queue
[2026-05-29T10:09:25.061+0200] {logging_mixin.py:151} INFO - [2026-05-29T10:09:25.061+0200] {dagbag.py:539} INFO - Filling up the DagBag from /home/frederic/airflow_venv/lib/python3.10/site-packages/airflow/example_dags/example_branch_operator_decorator.py
[2026-05-29T10:09:25.070+0200] {processor.py:839} INFO - DAG(s) dict_keys(['example_branch_python_operator_decorator']) retrieved from /home/frederic/airflow_venv/lib/python3.10/site-packages/airflow/example_dags/example_branch_operator_decorator.py
[2026-05-29T10:09:25.087+0200] {logging_mixin.py:151} INFO - [2026-05-29T10:09:25.087+0200] {dag.py:2915} INFO - Sync 1 DAGs
[2026-05-29T10:09:25.106+0200] {logging_mixin.py:151} INFO - [2026-05-29T10:09:25.106+0200] {dag.py:3696} INFO - Setting next_dagrun for example_branch_python_operator_decorator to 2026-05-28T00:00:00+00:00, run_after=2026-05-29T00:00:00+00:00
[2026-05-29T10:09:25.122+0200] {processor.py:179} INFO - Processing /home/frederic/airflow_venv/lib/python3.10/site-packages/airflow/example_dags/example_branch_operator_decorator.py took 0.069 seconds
[2026-05-29T10:10:15.418+0200] {processor.py:157} INFO - Started process (PID=693022) to work on /home/frederic/airflow_venv/lib/python3.10/site-packages/airflow/example_dags/example_branch_operator_decorator.py
[2026-05-29T10:10:15.419+0200] {processor.py:829} INFO - Processing file /home/frederic/airflow_venv/lib/python3.10/site-packages/airflow/example_dags/example_branch_operator_decorator.py for tasks to queue
[2026-05-29T10:10:15.420+0200] {logging_mixin.py:151} INFO - [2026-05-29T10:10:15.420+0200] {dagbag.py:539} INFO - Filling up the DagBag from /home/frederic/airflow_venv/lib/python3.10/site-packages/airflow/example_dags/example_branch_operator_decorator.py
[2026-05-29T10:10:15.432+0200] {processor.py:839} INFO - DAG(s) dict_keys(['example_branch_python_operator_decorator']) retrieved from /home/frederic/airflow_venv/lib/python3.10/site-packages/airflow/example_dags/example_branch_operator_decorator.py
[2026-05-29T10:10:15.452+0200] {logging_mixin.py:151} INFO - [2026-05-29T10:10:15.452+0200] {dag.py:2915} INFO - Sync 1 DAGs
[2026-05-29T10:10:15.476+0200] {logging_mixin.py:151} INFO - [2026-05-29T10:10:15.476+0200] {dag.py:3696} INFO - Setting next_dagrun for example_branch_python_operator_decorator to 2026-05-28T00:00:00+00:00, run_after=2026-05-29T00:00:00+00:00
[2026-05-29T10:10:15.498+0200] {processor.py:179} INFO - Processing /home/frederic/airflow_venv/lib/python3.10/site-packages/airflow/example_dags/example_branch_operator_decorator.py took 0.083 seconds
[2026-05-29T10:11:03.846+0200] {processor.py:157} INFO - Started process (PID=694145) to work on /home/frederic/airflow_venv/lib/python3.10/site-packages/airflow/example_dags/example_branch_operator_decorator.py
[2026-05-29T10:11:03.850+0200] {processor.py:829} INFO - Processing file /home/frederic/airflow_venv/lib/python3.10/site-packages/airflow/example_dags/example_branch_operator_decorator.py for tasks to queue
[2026-05-29T10:11:03.851+0200] {logging_mixin.py:151} INFO - [2026-05-29T10:11:03.850+0200] {dagbag.py:539} INFO - Filling up the DagBag from /home/frederic/airflow_venv/lib/python3.10/site-packages/airflow/example_dags/example_branch_operator_decorator.py
[2026-05-29T10:11:03.860+0200] {processor.py:839} INFO - DAG(s) dict_keys(['example_branch_python_operator_decorator']) retrieved from /home/frederic/airflow_venv/lib/python3.10/site-packages/airflow/example_dags/example_branch_operator_decorator.py
[2026-05-29T10:11:03.877+0200] {logging_mixin.py:151} INFO - [2026-05-29T10:11:03.877+0200] {dag.py:2915} INFO - Sync 1 DAGs
[2026-05-29T10:11:03.899+0200] {logging_mixin.py:151} INFO - [2026-05-29T10:11:03.899+0200] {dag.py:3696} INFO - Setting next_dagrun for example_branch_python_operator_decorator to 2026-05-28T00:00:00+00:00, run_after=2026-05-29T00:00:00+00:00
[2026-05-29T10:11:03.918+0200] {processor.py:179} INFO - Processing /home/frederic/airflow_venv/lib/python3.10/site-packages/airflow/example_dags/example_branch_operator_decorator.py took 0.075 seconds
[2026-05-29T10:11:52.524+0200] {processor.py:157} INFO - Started process (PID=695029) to work on /home/frederic/airflow_venv/lib/python3.10/site-packages/airflow/example_dags/example_branch_operator_decorator.py
[2026-05-29T10:11:52.525+0200] {processor.py:829} INFO - Processing file /home/frederic/airflow_venv/lib/python3.10/site-packages/airflow/example_dags/example_branch_operator_decorator.py for tasks to queue
[2026-05-29T10:11:52.525+0200] {logging_mixin.py:151} INFO - [2026-05-29T10:11:52.525+0200] {dagbag.py:539} INFO - Filling up the DagBag from /home/frederic/airflow_venv/lib/python3.10/site-packages/airflow/example_dags/example_branch_operator_decorator.py
[2026-05-29T10:11:52.536+0200] {processor.py:839} INFO - DAG(s) dict_keys(['example_branch_python_operator_decorator']) retrieved from /home/frederic/airflow_venv/lib/python3.10/site-packages/airflow/example_dags/example_branch_operator_decorator.py
[2026-05-29T10:11:52.555+0200] {logging_mixin.py:151} INFO - [2026-05-29T10:11:52.555+0200] {dag.py:2915} INFO - Sync 1 DAGs
[2026-05-29T10:11:52.579+0200] {logging_mixin.py:151} INFO - [2026-05-29T10:11:52.578+0200] {dag.py:3696} INFO - Setting next_dagrun for example_branch_python_operator_decorator to 2026-05-28T00:00:00+00:00, run_after=2026-05-29T00:00:00+00:00
[2026-05-29T10:11:52.609+0200] {processor.py:179} INFO - Processing /home/frederic/airflow_venv/lib/python3.10/site-packages/airflow/example_dags/example_branch_operator_decorator.py took 0.088 seconds
[2026-05-29T10:12:35.164+0200] {processor.py:157} INFO - Started process (PID=695574) to work on /home/frederic/airflow_venv/lib/python3.10/site-packages/airflow/example_dags/example_branch_operator_decorator.py
[2026-05-29T10:12:35.165+0200] {processor.py:829} INFO - Processing file /home/frederic/airflow_venv/lib/python3.10/site-packages/airflow/example_dags/example_branch_operator_decorator.py for tasks to queue
[2026-05-29T10:12:35.166+0200] {logging_mixin.py:151} INFO - [2026-05-29T10:12:35.165+0200] {dagbag.py:539} INFO - Filling up the DagBag from /home/frederic/airflow_venv/lib/python3.10/site-packages/airflow/example_dags/example_branch_operator_decorator.py
[2026-05-29T10:12:35.176+0200] {processor.py:839} INFO - DAG(s) dict_keys(['example_branch_python_operator_decorator']) retrieved from /home/frederic/airflow_venv/lib/python3.10/site-packages/airflow/example_dags/example_branch_operator_decorator.py
[2026-05-29T10:12:35.193+0200] {logging_mixin.py:151} INFO - [2026-05-29T10:12:35.193+0200] {dag.py:2915} INFO - Sync 1 DAGs
[2026-05-29T10:12:35.213+0200] {logging_mixin.py:151} INFO - [2026-05-29T10:12:35.213+0200] {dag.py:3696} INFO - Setting next_dagrun for example_branch_python_operator_decorator to 2026-05-28T00:00:00+00:00, run_after=2026-05-29T00:00:00+00:00
[2026-05-29T10:12:35.231+0200] {processor.py:179} INFO - Processing /home/frederic/airflow_venv/lib/python3.10/site-packages/airflow/example_dags/example_branch_operator_decorator.py took 0.069 seconds
[2026-05-29T10:13:17.893+0200] {processor.py:157} INFO - Started process (PID=696089) to work on /home/frederic/airflow_venv/lib/python3.10/site-packages/airflow/example_dags/example_branch_operator_decorator.py
[2026-05-29T10:13:17.894+0200] {processor.py:829} INFO - Processing file /home/frederic/airflow_venv/lib/python3.10/site-packages/airflow/example_dags/example_branch_operator_decorator.py for tasks to queue
[2026-05-29T10:13:17.894+0200] {logging_mixin.py:151} INFO - [2026-05-29T10:13:17.894+0200] {dagbag.py:539} INFO - Filling up the DagBag from /home/frederic/airflow_venv/lib/python3.10/site-packages/airflow/example_dags/example_branch_operator_decorator.py
[2026-05-29T10:13:17.903+0200] {processor.py:839} INFO - DAG(s) dict_keys(['example_branch_python_operator_decorator']) retrieved from /home/frederic/airflow_venv/lib/python3.10/site-packages/airflow/example_dags/example_branch_operator_decorator.py
[2026-05-29T10:13:17.917+0200] {logging_mixin.py:151} INFO - [2026-05-29T10:13:17.917+0200] {dag.py:2915} INFO - Sync 1 DAGs
[2026-05-29T10:13:17.934+0200] {logging_mixin.py:151} INFO - [2026-05-29T10:13:17.934+0200] {dag.py:3696} INFO - Setting next_dagrun for example_branch_python_operator_decorator to 2026-05-28T00:00:00+00:00, run_after=2026-05-29T00:00:00+00:00
[2026-05-29T10:13:17.949+0200] {processor.py:179} INFO - Processing /home/frederic/airflow_venv/lib/python3.10/site-packages/airflow/example_dags/example_branch_operator_decorator.py took 0.058 seconds
[2026-05-29T10:14:07.567+0200] {processor.py:157} INFO - Started process (PID=696656) to work on /home/frederic/airflow_venv/lib/python3.10/site-packages/airflow/example_dags/example_branch_operator_decorator.py
[2026-05-29T10:14:07.568+0200] {processor.py:829} INFO - Processing file /home/frederic/airflow_venv/lib/python3.10/site-packages/airflow/example_dags/example_branch_operator_decorator.py for tasks to queue
[2026-05-29T10:14:07.569+0200] {logging_mixin.py:151} INFO - [2026-05-29T10:14:07.569+0200] {dagbag.py:539} INFO - Filling up the DagBag from /home/frederic/airflow_venv/lib/python3.10/site-packages/airflow/example_dags/example_branch_operator_decorator.py
[2026-05-29T10:14:07.579+0200] {processor.py:839} INFO - DAG(s) dict_keys(['example_branch_python_operator_decorator']) retrieved from /home/frederic/airflow_venv/lib/python3.10/site-packages/airflow/example_dags/example_branch_operator_decorator.py
[2026-05-29T10:14:07.596+0200] {logging_mixin.py:151} INFO - [2026-05-29T10:14:07.595+0200] {dag.py:2915} INFO - Sync 1 DAGs
[2026-05-29T10:14:07.614+0200] {logging_mixin.py:151} INFO - [2026-05-29T10:14:07.614+0200] {dag.py:3696} INFO - Setting next_dagrun for example_branch_python_operator_decorator to 2026-05-28T00:00:00+00:00, run_after=2026-05-29T00:00:00+00:00
[2026-05-29T10:14:07.633+0200] {processor.py:179} INFO - Processing /home/frederic/airflow_venv/lib/python3.10/site-packages/airflow/example_dags/example_branch_operator_decorator.py took 0.068 seconds
[2026-05-29T10:14:58.073+0200] {processor.py:157} INFO - Started process (PID=697262) to work on /home/frederic/airflow_venv/lib/python3.10/site-packages/airflow/example_dags/example_branch_operator_decorator.py
[2026-05-29T10:14:58.074+0200] {processor.py:829} INFO - Processing file /home/frederic/airflow_venv/lib/python3.10/site-packages/airflow/example_dags/example_branch_operator_decorator.py for tasks to queue
[2026-05-29T10:14:58.074+0200] {logging_mixin.py:151} INFO - [2026-05-29T10:14:58.074+0200] {dagbag.py:539} INFO - Filling up the DagBag from /home/frederic/airflow_venv/lib/python3.10/site-packages/airflow/example_dags/example_branch_operator_decorator.py
[2026-05-29T10:14:58.083+0200] {processor.py:839} INFO - DAG(s) dict_keys(['example_branch_python_operator_decorator']) retrieved from /home/frederic/airflow_venv/lib/python3.10/site-packages/airflow/example_dags/example_branch_operator_decorator.py
[2026-05-29T10:14:58.098+0200] {logging_mixin.py:151} INFO - [2026-05-29T10:14:58.098+0200] {dag.py:2915} INFO - Sync 1 DAGs
[2026-05-29T10:14:58.115+0200] {logging_mixin.py:151} INFO - [2026-05-29T10:14:58.115+0200] {dag.py:3696} INFO - Setting next_dagrun for example_branch_python_operator_decorator to 2026-05-28T00:00:00+00:00, run_after=2026-05-29T00:00:00+00:00
[2026-05-29T10:14:58.130+0200] {processor.py:179} INFO - Processing /home/frederic/airflow_venv/lib/python3.10/site-packages/airflow/example_dags/example_branch_operator_decorator.py took 0.059 seconds
[2026-05-29T10:15:45.193+0200] {processor.py:157} INFO - Started process (PID=698031) to work on /home/frederic/airflow_venv/lib/python3.10/site-packages/airflow/example_dags/example_branch_operator_decorator.py
[2026-05-29T10:15:45.195+0200] {processor.py:829} INFO - Processing file /home/frederic/airflow_venv/lib/python3.10/site-packages/airflow/example_dags/example_branch_operator_decorator.py for tasks to queue
[2026-05-29T10:15:45.195+0200] {logging_mixin.py:151} INFO - [2026-05-29T10:15:45.195+0200] {dagbag.py:539} INFO - Filling up the DagBag from /home/frederic/airflow_venv/lib/python3.10/site-packages/airflow/example_dags/example_branch_operator_decorator.py
[2026-05-29T10:15:45.205+0200] {processor.py:839} INFO - DAG(s) dict_keys(['example_branch_python_operator_decorator']) retrieved from /home/frederic/airflow_venv/lib/python3.10/site-packages/airflow/example_dags/example_branch_operator_decorator.py
[2026-05-29T10:15:45.221+0200] {logging_mixin.py:151} INFO - [2026-05-29T10:15:45.220+0200] {dag.py:2915} INFO - Sync 1 DAGs
[2026-05-29T10:15:45.242+0200] {logging_mixin.py:151} INFO - [2026-05-29T10:15:45.242+0200] {dag.py:3696} INFO - Setting next_dagrun for example_branch_python_operator_decorator to 2026-05-28T00:00:00+00:00, run_after=2026-05-29T00:00:00+00:00
[2026-05-29T10:15:45.258+0200] {processor.py:179} INFO - Processing /home/frederic/airflow_venv/lib/python3.10/site-packages/airflow/example_dags/example_branch_operator_decorator.py took 0.067 seconds
[2026-05-29T10:16:33.306+0200] {processor.py:157} INFO - Started process (PID=698793) to work on /home/frederic/airflow_venv/lib/python3.10/site-packages/airflow/example_dags/example_branch_operator_decorator.py
[2026-05-29T10:16:33.308+0200] {processor.py:829} INFO - Processing file /home/frederic/airflow_venv/lib/python3.10/site-packages/airflow/example_dags/example_branch_operator_decorator.py for tasks to queue
[2026-05-29T10:16:33.309+0200] {logging_mixin.py:151} INFO - [2026-05-29T10:16:33.308+0200] {dagbag.py:539} INFO - Filling up the DagBag from /home/frederic/airflow_venv/lib/python3.10/site-packages/airflow/example_dags/example_branch_operator_decorator.py
[2026-05-29T10:16:33.318+0200] {processor.py:839} INFO - DAG(s) dict_keys(['example_branch_python_operator_decorator']) retrieved from /home/frederic/airflow_venv/lib/python3.10/site-packages/airflow/example_dags/example_branch_operator_decorator.py
[2026-05-29T10:16:33.334+0200] {logging_mixin.py:151} INFO - [2026-05-29T10:16:33.334+0200] {dag.py:2915} INFO - Sync 1 DAGs
[2026-05-29T10:16:33.352+0200] {logging_mixin.py:151} INFO - [2026-05-29T10:16:33.352+0200] {dag.py:3696} INFO - Setting next_dagrun for example_branch_python_operator_decorator to 2026-05-28T00:00:00+00:00, run_after=2026-05-29T00:00:00+00:00
[2026-05-29T10:16:33.371+0200] {processor.py:179} INFO - Processing /home/frederic/airflow_venv/lib/python3.10/site-packages/airflow/example_dags/example_branch_operator_decorator.py took 0.067 seconds
[2026-05-29T10:17:17.837+0200] {processor.py:157} INFO - Started process (PID=699746) to work on /home/frederic/airflow_venv/lib/python3.10/site-packages/airflow/example_dags/example_branch_operator_decorator.py
[2026-05-29T10:17:17.838+0200] {processor.py:829} INFO - Processing file /home/frederic/airflow_venv/lib/python3.10/site-packages/airflow/example_dags/example_branch_operator_decorator.py for tasks to queue
[2026-05-29T10:17:17.839+0200] {logging_mixin.py:151} INFO - [2026-05-29T10:17:17.839+0200] {dagbag.py:539} INFO - Filling up the DagBag from /home/frederic/airflow_venv/lib/python3.10/site-packages/airflow/example_dags/example_branch_operator_decorator.py
[2026-05-29T10:17:17.847+0200] {processor.py:839} INFO - DAG(s) dict_keys(['example_branch_python_operator_decorator']) retrieved from /home/frederic/airflow_venv/lib/python3.10/site-packages/airflow/example_dags/example_branch_operator_decorator.py
[2026-05-29T10:17:17.861+0200] {logging_mixin.py:151} INFO - [2026-05-29T10:17:17.861+0200] {dag.py:2915} INFO - Sync 1 DAGs
[2026-05-29T10:17:17.878+0200] {logging_mixin.py:151} INFO - [2026-05-29T10:17:17.877+0200] {dag.py:3696} INFO - Setting next_dagrun for example_branch_python_operator_decorator to 2026-05-28T00:00:00+00:00, run_after=2026-05-29T00:00:00+00:00
[2026-05-29T10:17:17.892+0200] {processor.py:179} INFO - Processing /home/frederic/airflow_venv/lib/python3.10/site-packages/airflow/example_dags/example_branch_operator_decorator.py took 0.057 seconds
[2026-05-29T10:18:05.837+0200] {processor.py:157} INFO - Started process (PID=700642) to work on /home/frederic/airflow_venv/lib/python3.10/site-packages/airflow/example_dags/example_branch_operator_decorator.py
[2026-05-29T10:18:05.839+0200] {processor.py:829} INFO - Processing file /home/frederic/airflow_venv/lib/python3.10/site-packages/airflow/example_dags/example_branch_operator_decorator.py for tasks to queue
[2026-05-29T10:18:05.840+0200] {logging_mixin.py:151} INFO - [2026-05-29T10:18:05.839+0200] {dagbag.py:539} INFO - Filling up the DagBag from /home/frederic/airflow_venv/lib/python3.10/site-packages/airflow/example_dags/example_branch_operator_decorator.py
[2026-05-29T10:18:05.853+0200] {processor.py:839} INFO - DAG(s) dict_keys(['example_branch_python_operator_decorator']) retrieved from /home/frederic/airflow_venv/lib/python3.10/site-packages/airflow/example_dags/example_branch_operator_decorator.py
[2026-05-29T10:18:05.872+0200] {logging_mixin.py:151} INFO - [2026-05-29T10:18:05.872+0200] {dag.py:2915} INFO - Sync 1 DAGs
[2026-05-29T10:18:05.898+0200] {logging_mixin.py:151} INFO - [2026-05-29T10:18:05.897+0200] {dag.py:3696} INFO - Setting next_dagrun for example_branch_python_operator_decorator to 2026-05-28T00:00:00+00:00, run_after=2026-05-29T00:00:00+00:00
[2026-05-29T10:18:05.916+0200] {processor.py:179} INFO - Processing /home/frederic/airflow_venv/lib/python3.10/site-packages/airflow/example_dags/example_branch_operator_decorator.py took 0.083 seconds
[2026-05-29T10:18:50.651+0200] {processor.py:157} INFO - Started process (PID=701093) to work on /home/frederic/airflow_venv/lib/python3.10/site-packages/airflow/example_dags/example_branch_operator_decorator.py
[2026-05-29T10:18:50.652+0200] {processor.py:829} INFO - Processing file /home/frederic/airflow_venv/lib/python3.10/site-packages/airflow/example_dags/example_branch_operator_decorator.py for tasks to queue
[2026-05-29T10:18:50.653+0200] {logging_mixin.py:151} INFO - [2026-05-29T10:18:50.653+0200] {dagbag.py:539} INFO - Filling up the DagBag from /home/frederic/airflow_venv/lib/python3.10/site-packages/airflow/example_dags/example_branch_operator_decorator.py
[2026-05-29T10:18:50.661+0200] {processor.py:839} INFO - DAG(s) dict_keys(['example_branch_python_operator_decorator']) retrieved from /home/frederic/airflow_venv/lib/python3.10/site-packages/airflow/example_dags/example_branch_operator_decorator.py
[2026-05-29T10:18:50.676+0200] {logging_mixin.py:151} INFO - [2026-05-29T10:18:50.676+0200] {dag.py:2915} INFO - Sync 1 DAGs
[2026-05-29T10:18:50.694+0200] {logging_mixin.py:151} INFO - [2026-05-29T10:18:50.693+0200] {dag.py:3696} INFO - Setting next_dagrun for example_branch_python_operator_decorator to 2026-05-28T00:00:00+00:00, run_after=2026-05-29T00:00:00+00:00
[2026-05-29T10:18:50.711+0200] {processor.py:179} INFO - Processing /home/frederic/airflow_venv/lib/python3.10/site-packages/airflow/example_dags/example_branch_operator_decorator.py took 0.062 seconds
[2026-05-29T10:19:38.407+0200] {processor.py:157} INFO - Started process (PID=701542) to work on /home/frederic/airflow_venv/lib/python3.10/site-packages/airflow/example_dags/example_branch_operator_decorator.py
[2026-05-29T10:19:38.407+0200] {processor.py:829} INFO - Processing file /home/frederic/airflow_venv/lib/python3.10/site-packages/airflow/example_dags/example_branch_operator_decorator.py for tasks to queue
[2026-05-29T10:19:38.408+0200] {logging_mixin.py:151} INFO - [2026-05-29T10:19:38.408+0200] {dagbag.py:539} INFO - Filling up the DagBag from /home/frederic/airflow_venv/lib/python3.10/site-packages/airflow/example_dags/example_branch_operator_decorator.py
[2026-05-29T10:19:38.417+0200] {processor.py:839} INFO - DAG(s) dict_keys(['example_branch_python_operator_decorator']) retrieved from /home/frederic/airflow_venv/lib/python3.10/site-packages/airflow/example_dags/example_branch_operator_decorator.py
[2026-05-29T10:19:38.433+0200] {logging_mixin.py:151} INFO - [2026-05-29T10:19:38.433+0200] {dag.py:2915} INFO - Sync 1 DAGs
[2026-05-29T10:19:38.450+0200] {logging_mixin.py:151} INFO - [2026-05-29T10:19:38.450+0200] {dag.py:3696} INFO - Setting next_dagrun for example_branch_python_operator_decorator to 2026-05-28T00:00:00+00:00, run_after=2026-05-29T00:00:00+00:00
[2026-05-29T10:19:38.464+0200] {processor.py:179} INFO - Processing /home/frederic/airflow_venv/lib/python3.10/site-packages/airflow/example_dags/example_branch_operator_decorator.py took 0.060 seconds
[2026-05-29T10:20:27.510+0200] {processor.py:157} INFO - Started process (PID=702226) to work on /home/frederic/airflow_venv/lib/python3.10/site-packages/airflow/example_dags/example_branch_operator_decorator.py
[2026-05-29T10:20:27.511+0200] {processor.py:829} INFO - Processing file /home/frederic/airflow_venv/lib/python3.10/site-packages/airflow/example_dags/example_branch_operator_decorator.py for tasks to queue
[2026-05-29T10:20:27.511+0200] {logging_mixin.py:151} INFO - [2026-05-29T10:20:27.511+0200] {dagbag.py:539} INFO - Filling up the DagBag from /home/frederic/airflow_venv/lib/python3.10/site-packages/airflow/example_dags/example_branch_operator_decorator.py
[2026-05-29T10:20:27.519+0200] {processor.py:839} INFO - DAG(s) dict_keys(['example_branch_python_operator_decorator']) retrieved from /home/frederic/airflow_venv/lib/python3.10/site-packages/airflow/example_dags/example_branch_operator_decorator.py
[2026-05-29T10:20:27.533+0200] {logging_mixin.py:151} INFO - [2026-05-29T10:20:27.533+0200] {dag.py:2915} INFO - Sync 1 DAGs
[2026-05-29T10:20:27.549+0200] {logging_mixin.py:151} INFO - [2026-05-29T10:20:27.549+0200] {dag.py:3696} INFO - Setting next_dagrun for example_branch_python_operator_decorator to 2026-05-28T00:00:00+00:00, run_after=2026-05-29T00:00:00+00:00
[2026-05-29T10:20:27.643+0200] {processor.py:179} INFO - Processing /home/frederic/airflow_venv/lib/python3.10/site-packages/airflow/example_dags/example_branch_operator_decorator.py took 0.136 seconds
[2026-05-29T10:21:18.191+0200] {processor.py:157} INFO - Started process (PID=702731) to work on /home/frederic/airflow_venv/lib/python3.10/site-packages/airflow/example_dags/example_branch_operator_decorator.py
[2026-05-29T10:21:18.192+0200] {processor.py:829} INFO - Processing file /home/frederic/airflow_venv/lib/python3.10/site-packages/airflow/example_dags/example_branch_operator_decorator.py for tasks to queue
[2026-05-29T10:21:18.193+0200] {logging_mixin.py:151} INFO - [2026-05-29T10:21:18.193+0200] {dagbag.py:539} INFO - Filling up the DagBag from /home/frederic/airflow_venv/lib/python3.10/site-packages/airflow/example_dags/example_branch_operator_decorator.py
[2026-05-29T10:21:18.207+0200] {processor.py:839} INFO - DAG(s) dict_keys(['example_branch_python_operator_decorator']) retrieved from /home/frederic/airflow_venv/lib/python3.10/site-packages/airflow/example_dags/example_branch_operator_decorator.py
[2026-05-29T10:21:18.228+0200] {logging_mixin.py:151} INFO - [2026-05-29T10:21:18.228+0200] {dag.py:2915} INFO - Sync 1 DAGs
[2026-05-29T10:21:18.247+0200] {logging_mixin.py:151} INFO - [2026-05-29T10:21:18.247+0200] {dag.py:3696} INFO - Setting next_dagrun for example_branch_python_operator_decorator to 2026-05-28T00:00:00+00:00, run_after=2026-05-29T00:00:00+00:00
[2026-05-29T10:21:18.265+0200] {processor.py:179} INFO - Processing /home/frederic/airflow_venv/lib/python3.10/site-packages/airflow/example_dags/example_branch_operator_decorator.py took 0.077 seconds
[2026-05-29T10:22:04.750+0200] {processor.py:157} INFO - Started process (PID=703193) to work on /home/frederic/airflow_venv/lib/python3.10/site-packages/airflow/example_dags/example_branch_operator_decorator.py
[2026-05-29T10:22:04.751+0200] {processor.py:829} INFO - Processing file /home/frederic/airflow_venv/lib/python3.10/site-packages/airflow/example_dags/example_branch_operator_decorator.py for tasks to queue
[2026-05-29T10:22:04.752+0200] {logging_mixin.py:151} INFO - [2026-05-29T10:22:04.752+0200] {dagbag.py:539} INFO - Filling up the DagBag from /home/frederic/airflow_venv/lib/python3.10/site-packages/airflow/example_dags/example_branch_operator_decorator.py
[2026-05-29T10:22:04.759+0200] {processor.py:839} INFO - DAG(s) dict_keys(['example_branch_python_operator_decorator']) retrieved from /home/frederic/airflow_venv/lib/python3.10/site-packages/airflow/example_dags/example_branch_operator_decorator.py
[2026-05-29T10:22:04.776+0200] {logging_mixin.py:151} INFO - [2026-05-29T10:22:04.776+0200] {dag.py:2915} INFO - Sync 1 DAGs
[2026-05-29T10:22:04.793+0200] {logging_mixin.py:151} INFO - [2026-05-29T10:22:04.793+0200] {dag.py:3696} INFO - Setting next_dagrun for example_branch_python_operator_decorator to 2026-05-28T00:00:00+00:00, run_after=2026-05-29T00:00:00+00:00
[2026-05-29T10:22:04.807+0200] {processor.py:179} INFO - Processing /home/frederic/airflow_venv/lib/python3.10/site-packages/airflow/example_dags/example_branch_operator_decorator.py took 0.059 seconds
[2026-05-29T10:22:53.666+0200] {processor.py:157} INFO - Started process (PID=703684) to work on /home/frederic/airflow_venv/lib/python3.10/site-packages/airflow/example_dags/example_branch_operator_decorator.py
[2026-05-29T10:22:53.667+0200] {processor.py:829} INFO - Processing file /home/frederic/airflow_venv/lib/python3.10/site-packages/airflow/example_dags/example_branch_operator_decorator.py for tasks to queue
[2026-05-29T10:22:53.668+0200] {logging_mixin.py:151} INFO - [2026-05-29T10:22:53.668+0200] {dagbag.py:539} INFO - Filling up the DagBag from /home/frederic/airflow_venv/lib/python3.10/site-packages/airflow/example_dags/example_branch_operator_decorator.py
[2026-05-29T10:22:53.678+0200] {processor.py:839} INFO - DAG(s) dict_keys(['example_branch_python_operator_decorator']) retrieved from /home/frederic/airflow_venv/lib/python3.10/site-packages/airflow/example_dags/example_branch_operator_decorator.py
[2026-05-29T10:22:53.694+0200] {logging_mixin.py:151} INFO - [2026-05-29T10:22:53.694+0200] {dag.py:2915} INFO - Sync 1 DAGs
[2026-05-29T10:22:53.713+0200] {logging_mixin.py:151} INFO - [2026-05-29T10:22:53.712+0200] {dag.py:3696} INFO - Setting next_dagrun for example_branch_python_operator_decorator to 2026-05-28T00:00:00+00:00, run_after=2026-05-29T00:00:00+00:00
[2026-05-29T10:22:53.821+0200] {processor.py:179} INFO - Processing /home/frederic/airflow_venv/lib/python3.10/site-packages/airflow/example_dags/example_branch_operator_decorator.py took 0.157 seconds
[2026-05-29T10:23:42.508+0200] {processor.py:157} INFO - Started process (PID=704217) to work on /home/frederic/airflow_venv/lib/python3.10/site-packages/airflow/example_dags/example_branch_operator_decorator.py
[2026-05-29T10:23:42.509+0200] {processor.py:829} INFO - Processing file /home/frederic/airflow_venv/lib/python3.10/site-packages/airflow/example_dags/example_branch_operator_decorator.py for tasks to queue
[2026-05-29T10:23:42.509+0200] {logging_mixin.py:151} INFO - [2026-05-29T10:23:42.509+0200] {dagbag.py:539} INFO - Filling up the DagBag from /home/frederic/airflow_venv/lib/python3.10/site-packages/airflow/example_dags/example_branch_operator_decorator.py
[2026-05-29T10:23:42.518+0200] {processor.py:839} INFO - DAG(s) dict_keys(['example_branch_python_operator_decorator']) retrieved from /home/frederic/airflow_venv/lib/python3.10/site-packages/airflow/example_dags/example_branch_operator_decorator.py
[2026-05-29T10:23:42.533+0200] {logging_mixin.py:151} INFO - [2026-05-29T10:23:42.533+0200] {dag.py:2915} INFO - Sync 1 DAGs
[2026-05-29T10:23:42.549+0200] {logging_mixin.py:151} INFO - [2026-05-29T10:23:42.549+0200] {dag.py:3696} INFO - Setting next_dagrun for example_branch_python_operator_decorator to 2026-05-28T00:00:00+00:00, run_after=2026-05-29T00:00:00+00:00
[2026-05-29T10:23:42.564+0200] {processor.py:179} INFO - Processing /home/frederic/airflow_venv/lib/python3.10/site-packages/airflow/example_dags/example_branch_operator_decorator.py took 0.059 seconds
[2026-05-29T10:24:33.166+0200] {processor.py:157} INFO - Started process (PID=704740) to work on /home/frederic/airflow_venv/lib/python3.10/site-packages/airflow/example_dags/example_branch_operator_decorator.py
[2026-05-29T10:24:33.167+0200] {processor.py:829} INFO - Processing file /home/frederic/airflow_venv/lib/python3.10/site-packages/airflow/example_dags/example_branch_operator_decorator.py for tasks to queue
[2026-05-29T10:24:33.168+0200] {logging_mixin.py:151} INFO - [2026-05-29T10:24:33.167+0200] {dagbag.py:539} INFO - Filling up the DagBag from /home/frederic/airflow_venv/lib/python3.10/site-packages/airflow/example_dags/example_branch_operator_decorator.py
[2026-05-29T10:24:33.177+0200] {processor.py:839} INFO - DAG(s) dict_keys(['example_branch_python_operator_decorator']) retrieved from /home/frederic/airflow_venv/lib/python3.10/site-packages/airflow/example_dags/example_branch_operator_decorator.py
[2026-05-29T10:24:33.196+0200] {logging_mixin.py:151} INFO - [2026-05-29T10:24:33.195+0200] {dag.py:2915} INFO - Sync 1 DAGs
[2026-05-29T10:24:33.216+0200] {logging_mixin.py:151} INFO - [2026-05-29T10:24:33.215+0200] {dag.py:3696} INFO - Setting next_dagrun for example_branch_python_operator_decorator to 2026-05-28T00:00:00+00:00, run_after=2026-05-29T00:00:00+00:00
[2026-05-29T10:24:33.230+0200] {processor.py:179} INFO - Processing /home/frederic/airflow_venv/lib/python3.10/site-packages/airflow/example_dags/example_branch_operator_decorator.py took 0.067 seconds
[2026-05-29T10:25:28.525+0200] {processor.py:157} INFO - Started process (PID=705296) to work on /home/frederic/airflow_venv/lib/python3.10/site-packages/airflow/example_dags/example_branch_operator_decorator.py
[2026-05-29T10:25:28.526+0200] {processor.py:829} INFO - Processing file /home/frederic/airflow_venv/lib/python3.10/site-packages/airflow/example_dags/example_branch_operator_decorator.py for tasks to queue
[2026-05-29T10:25:28.526+0200] {logging_mixin.py:151} INFO - [2026-05-29T10:25:28.526+0200] {dagbag.py:539} INFO - Filling up the DagBag from /home/frederic/airflow_venv/lib/python3.10/site-packages/airflow/example_dags/example_branch_operator_decorator.py
[2026-05-29T10:25:28.535+0200] {processor.py:839} INFO - DAG(s) dict_keys(['example_branch_python_operator_decorator']) retrieved from /home/frederic/airflow_venv/lib/python3.10/site-packages/airflow/example_dags/example_branch_operator_decorator.py
[2026-05-29T10:25:28.548+0200] {logging_mixin.py:151} INFO - [2026-05-29T10:25:28.548+0200] {dag.py:2915} INFO - Sync 1 DAGs
[2026-05-29T10:25:28.649+0200] {logging_mixin.py:151} INFO - [2026-05-29T10:25:28.649+0200] {dag.py:3696} INFO - Setting next_dagrun for example_branch_python_operator_decorator to 2026-05-28T00:00:00+00:00, run_after=2026-05-29T00:00:00+00:00
[2026-05-29T10:25:28.663+0200] {processor.py:179} INFO - Processing /home/frederic/airflow_venv/lib/python3.10/site-packages/airflow/example_dags/example_branch_operator_decorator.py took 0.140 seconds
[2026-05-29T10:26:23.098+0200] {processor.py:157} INFO - Started process (PID=705858) to work on /home/frederic/airflow_venv/lib/python3.10/site-packages/airflow/example_dags/example_branch_operator_decorator.py
[2026-05-29T10:26:23.099+0200] {processor.py:829} INFO - Processing file /home/frederic/airflow_venv/lib/python3.10/site-packages/airflow/example_dags/example_branch_operator_decorator.py for tasks to queue
[2026-05-29T10:26:23.099+0200] {logging_mixin.py:151} INFO - [2026-05-29T10:26:23.099+0200] {dagbag.py:539} INFO - Filling up the DagBag from /home/frederic/airflow_venv/lib/python3.10/site-packages/airflow/example_dags/example_branch_operator_decorator.py
[2026-05-29T10:26:23.108+0200] {processor.py:839} INFO - DAG(s) dict_keys(['example_branch_python_operator_decorator']) retrieved from /home/frederic/airflow_venv/lib/python3.10/site-packages/airflow/example_dags/example_branch_operator_decorator.py
[2026-05-29T10:26:23.124+0200] {logging_mixin.py:151} INFO - [2026-05-29T10:26:23.124+0200] {dag.py:2915} INFO - Sync 1 DAGs
[2026-05-29T10:26:23.145+0200] {logging_mixin.py:151} INFO - [2026-05-29T10:26:23.145+0200] {dag.py:3696} INFO - Setting next_dagrun for example_branch_python_operator_decorator to 2026-05-28T00:00:00+00:00, run_after=2026-05-29T00:00:00+00:00
[2026-05-29T10:26:23.250+0200] {processor.py:179} INFO - Processing /home/frederic/airflow_venv/lib/python3.10/site-packages/airflow/example_dags/example_branch_operator_decorator.py took 0.155 seconds
[2026-05-29T10:27:14.071+0200] {processor.py:157} INFO - Started process (PID=706363) to work on /home/frederic/airflow_venv/lib/python3.10/site-packages/airflow/example_dags/example_branch_operator_decorator.py
[2026-05-29T10:27:14.072+0200] {processor.py:829} INFO - Processing file /home/frederic/airflow_venv/lib/python3.10/site-packages/airflow/example_dags/example_branch_operator_decorator.py for tasks to queue
[2026-05-29T10:27:14.072+0200] {logging_mixin.py:151} INFO - [2026-05-29T10:27:14.072+0200] {dagbag.py:539} INFO - Filling up the DagBag from /home/frederic/airflow_venv/lib/python3.10/site-packages/airflow/example_dags/example_branch_operator_decorator.py
[2026-05-29T10:27:14.083+0200] {processor.py:839} INFO - DAG(s) dict_keys(['example_branch_python_operator_decorator']) retrieved from /home/frederic/airflow_venv/lib/python3.10/site-packages/airflow/example_dags/example_branch_operator_decorator.py
[2026-05-29T10:27:14.099+0200] {logging_mixin.py:151} INFO - [2026-05-29T10:27:14.099+0200] {dag.py:2915} INFO - Sync 1 DAGs
[2026-05-29T10:27:14.122+0200] {logging_mixin.py:151} INFO - [2026-05-29T10:27:14.122+0200] {dag.py:3696} INFO - Setting next_dagrun for example_branch_python_operator_decorator to 2026-05-28T00:00:00+00:00, run_after=2026-05-29T00:00:00+00:00
[2026-05-29T10:27:14.138+0200] {processor.py:179} INFO - Processing /home/frederic/airflow_venv/lib/python3.10/site-packages/airflow/example_dags/example_branch_operator_decorator.py took 0.070 seconds
[2026-05-29T10:28:00.398+0200] {processor.py:157} INFO - Started process (PID=706782) to work on /home/frederic/airflow_venv/lib/python3.10/site-packages/airflow/example_dags/example_branch_operator_decorator.py
[2026-05-29T10:28:00.399+0200] {processor.py:829} INFO - Processing file /home/frederic/airflow_venv/lib/python3.10/site-packages/airflow/example_dags/example_branch_operator_decorator.py for tasks to queue
[2026-05-29T10:28:00.400+0200] {logging_mixin.py:151} INFO - [2026-05-29T10:28:00.399+0200] {dagbag.py:539} INFO - Filling up the DagBag from /home/frederic/airflow_venv/lib/python3.10/site-packages/airflow/example_dags/example_branch_operator_decorator.py
[2026-05-29T10:28:00.409+0200] {processor.py:839} INFO - DAG(s) dict_keys(['example_branch_python_operator_decorator']) retrieved from /home/frederic/airflow_venv/lib/python3.10/site-packages/airflow/example_dags/example_branch_operator_decorator.py
[2026-05-29T10:28:00.425+0200] {logging_mixin.py:151} INFO - [2026-05-29T10:28:00.425+0200] {dag.py:2915} INFO - Sync 1 DAGs
[2026-05-29T10:28:00.445+0200] {logging_mixin.py:151} INFO - [2026-05-29T10:28:00.444+0200] {dag.py:3696} INFO - Setting next_dagrun for example_branch_python_operator_decorator to 2026-05-28T00:00:00+00:00, run_after=2026-05-29T00:00:00+00:00
[2026-05-29T10:28:00.460+0200] {processor.py:179} INFO - Processing /home/frederic/airflow_venv/lib/python3.10/site-packages/airflow/example_dags/example_branch_operator_decorator.py took 0.065 seconds
[2026-05-29T10:28:57.727+0200] {processor.py:157} INFO - Started process (PID=707597) to work on /home/frederic/airflow_venv/lib/python3.10/site-packages/airflow/example_dags/example_branch_operator_decorator.py
[2026-05-29T10:28:57.728+0200] {processor.py:829} INFO - Processing file /home/frederic/airflow_venv/lib/python3.10/site-packages/airflow/example_dags/example_branch_operator_decorator.py for tasks to queue
[2026-05-29T10:28:57.728+0200] {logging_mixin.py:151} INFO - [2026-05-29T10:28:57.728+0200] {dagbag.py:539} INFO - Filling up the DagBag from /home/frederic/airflow_venv/lib/python3.10/site-packages/airflow/example_dags/example_branch_operator_decorator.py
[2026-05-29T10:28:57.737+0200] {processor.py:839} INFO - DAG(s) dict_keys(['example_branch_python_operator_decorator']) retrieved from /home/frederic/airflow_venv/lib/python3.10/site-packages/airflow/example_dags/example_branch_operator_decorator.py
[2026-05-29T10:28:57.750+0200] {logging_mixin.py:151} INFO - [2026-05-29T10:28:57.750+0200] {dag.py:2915} INFO - Sync 1 DAGs
[2026-05-29T10:28:57.765+0200] {logging_mixin.py:151} INFO - [2026-05-29T10:28:57.765+0200] {dag.py:3696} INFO - Setting next_dagrun for example_branch_python_operator_decorator to 2026-05-28T00:00:00+00:00, run_after=2026-05-29T00:00:00+00:00
[2026-05-29T10:28:57.781+0200] {processor.py:179} INFO - Processing /home/frederic/airflow_venv/lib/python3.10/site-packages/airflow/example_dags/example_branch_operator_decorator.py took 0.056 seconds
[2026-05-29T10:29:44.035+0200] {processor.py:157} INFO - Started process (PID=708103) to work on /home/frederic/airflow_venv/lib/python3.10/site-packages/airflow/example_dags/example_branch_operator_decorator.py
[2026-05-29T10:29:44.036+0200] {processor.py:829} INFO - Processing file /home/frederic/airflow_venv/lib/python3.10/site-packages/airflow/example_dags/example_branch_operator_decorator.py for tasks to queue
[2026-05-29T10:29:44.037+0200] {logging_mixin.py:151} INFO - [2026-05-29T10:29:44.037+0200] {dagbag.py:539} INFO - Filling up the DagBag from /home/frederic/airflow_venv/lib/python3.10/site-packages/airflow/example_dags/example_branch_operator_decorator.py
[2026-05-29T10:29:44.047+0200] {processor.py:839} INFO - DAG(s) dict_keys(['example_branch_python_operator_decorator']) retrieved from /home/frederic/airflow_venv/lib/python3.10/site-packages/airflow/example_dags/example_branch_operator_decorator.py
[2026-05-29T10:29:44.063+0200] {logging_mixin.py:151} INFO - [2026-05-29T10:29:44.063+0200] {dag.py:2915} INFO - Sync 1 DAGs
[2026-05-29T10:29:44.083+0200] {logging_mixin.py:151} INFO - [2026-05-29T10:29:44.082+0200] {dag.py:3696} INFO - Setting next_dagrun for example_branch_python_operator_decorator to 2026-05-28T00:00:00+00:00, run_after=2026-05-29T00:00:00+00:00
[2026-05-29T10:29:44.100+0200] {processor.py:179} INFO - Processing /home/frederic/airflow_venv/lib/python3.10/site-packages/airflow/example_dags/example_branch_operator_decorator.py took 0.067 seconds
[2026-05-29T10:30:33.097+0200] {processor.py:157} INFO - Started process (PID=708830) to work on /home/frederic/airflow_venv/lib/python3.10/site-packages/airflow/example_dags/example_branch_operator_decorator.py
[2026-05-29T10:30:33.098+0200] {processor.py:829} INFO - Processing file /home/frederic/airflow_venv/lib/python3.10/site-packages/airflow/example_dags/example_branch_operator_decorator.py for tasks to queue
[2026-05-29T10:30:33.099+0200] {logging_mixin.py:151} INFO - [2026-05-29T10:30:33.098+0200] {dagbag.py:539} INFO - Filling up the DagBag from /home/frederic/airflow_venv/lib/python3.10/site-packages/airflow/example_dags/example_branch_operator_decorator.py
[2026-05-29T10:30:33.108+0200] {processor.py:839} INFO - DAG(s) dict_keys(['example_branch_python_operator_decorator']) retrieved from /home/frederic/airflow_venv/lib/python3.10/site-packages/airflow/example_dags/example_branch_operator_decorator.py
[2026-05-29T10:30:33.123+0200] {logging_mixin.py:151} INFO - [2026-05-29T10:30:33.122+0200] {dag.py:2915} INFO - Sync 1 DAGs
[2026-05-29T10:30:33.139+0200] {logging_mixin.py:151} INFO - [2026-05-29T10:30:33.139+0200] {dag.py:3696} INFO - Setting next_dagrun for example_branch_python_operator_decorator to 2026-05-28T00:00:00+00:00, run_after=2026-05-29T00:00:00+00:00
[2026-05-29T10:30:33.154+0200] {processor.py:179} INFO - Processing /home/frederic/airflow_venv/lib/python3.10/site-packages/airflow/example_dags/example_branch_operator_decorator.py took 0.060 seconds
[2026-05-29T10:31:18.219+0200] {processor.py:157} INFO - Started process (PID=709334) to work on /home/frederic/airflow_venv/lib/python3.10/site-packages/airflow/example_dags/example_branch_operator_decorator.py
[2026-05-29T10:31:18.220+0200] {processor.py:829} INFO - Processing file /home/frederic/airflow_venv/lib/python3.10/site-packages/airflow/example_dags/example_branch_operator_decorator.py for tasks to queue
[2026-05-29T10:31:18.221+0200] {logging_mixin.py:151} INFO - [2026-05-29T10:31:18.220+0200] {dagbag.py:539} INFO - Filling up the DagBag from /home/frederic/airflow_venv/lib/python3.10/site-packages/airflow/example_dags/example_branch_operator_decorator.py
[2026-05-29T10:31:18.229+0200] {processor.py:839} INFO - DAG(s) dict_keys(['example_branch_python_operator_decorator']) retrieved from /home/frederic/airflow_venv/lib/python3.10/site-packages/airflow/example_dags/example_branch_operator_decorator.py
[2026-05-29T10:31:18.243+0200] {logging_mixin.py:151} INFO - [2026-05-29T10:31:18.243+0200] {dag.py:2915} INFO - Sync 1 DAGs
[2026-05-29T10:31:18.261+0200] {logging_mixin.py:151} INFO - [2026-05-29T10:31:18.261+0200] {dag.py:3696} INFO - Setting next_dagrun for example_branch_python_operator_decorator to 2026-05-28T00:00:00+00:00, run_after=2026-05-29T00:00:00+00:00
[2026-05-29T10:31:18.284+0200] {processor.py:179} INFO - Processing /home/frederic/airflow_venv/lib/python3.10/site-packages/airflow/example_dags/example_branch_operator_decorator.py took 0.068 seconds
[2026-05-29T10:32:05.590+0200] {processor.py:157} INFO - Started process (PID=709937) to work on /home/frederic/airflow_venv/lib/python3.10/site-packages/airflow/example_dags/example_branch_operator_decorator.py
[2026-05-29T10:32:05.591+0200] {processor.py:829} INFO - Processing file /home/frederic/airflow_venv/lib/python3.10/site-packages/airflow/example_dags/example_branch_operator_decorator.py for tasks to queue
[2026-05-29T10:32:05.592+0200] {logging_mixin.py:151} INFO - [2026-05-29T10:32:05.591+0200] {dagbag.py:539} INFO - Filling up the DagBag from /home/frederic/airflow_venv/lib/python3.10/site-packages/airflow/example_dags/example_branch_operator_decorator.py
[2026-05-29T10:32:05.600+0200] {processor.py:839} INFO - DAG(s) dict_keys(['example_branch_python_operator_decorator']) retrieved from /home/frederic/airflow_venv/lib/python3.10/site-packages/airflow/example_dags/example_branch_operator_decorator.py
[2026-05-29T10:32:05.615+0200] {logging_mixin.py:151} INFO - [2026-05-29T10:32:05.614+0200] {dag.py:2915} INFO - Sync 1 DAGs
[2026-05-29T10:32:05.631+0200] {logging_mixin.py:151} INFO - [2026-05-29T10:32:05.631+0200] {dag.py:3696} INFO - Setting next_dagrun for example_branch_python_operator_decorator to 2026-05-28T00:00:00+00:00, run_after=2026-05-29T00:00:00+00:00
[2026-05-29T10:32:05.646+0200] {processor.py:179} INFO - Processing /home/frederic/airflow_venv/lib/python3.10/site-packages/airflow/example_dags/example_branch_operator_decorator.py took 0.058 seconds
[2026-05-29T10:32:50.274+0200] {processor.py:157} INFO - Started process (PID=710492) to work on /home/frederic/airflow_venv/lib/python3.10/site-packages/airflow/example_dags/example_branch_operator_decorator.py
[2026-05-29T10:32:50.275+0200] {processor.py:829} INFO - Processing file /home/frederic/airflow_venv/lib/python3.10/site-packages/airflow/example_dags/example_branch_operator_decorator.py for tasks to queue
[2026-05-29T10:32:50.276+0200] {logging_mixin.py:151} INFO - [2026-05-29T10:32:50.276+0200] {dagbag.py:539} INFO - Filling up the DagBag from /home/frederic/airflow_venv/lib/python3.10/site-packages/airflow/example_dags/example_branch_operator_decorator.py
[2026-05-29T10:32:50.287+0200] {processor.py:839} INFO - DAG(s) dict_keys(['example_branch_python_operator_decorator']) retrieved from /home/frederic/airflow_venv/lib/python3.10/site-packages/airflow/example_dags/example_branch_operator_decorator.py
[2026-05-29T10:32:50.303+0200] {logging_mixin.py:151} INFO - [2026-05-29T10:32:50.302+0200] {dag.py:2915} INFO - Sync 1 DAGs
[2026-05-29T10:32:50.321+0200] {logging_mixin.py:151} INFO - [2026-05-29T10:32:50.321+0200] {dag.py:3696} INFO - Setting next_dagrun for example_branch_python_operator_decorator to 2026-05-28T00:00:00+00:00, run_after=2026-05-29T00:00:00+00:00
[2026-05-29T10:32:50.335+0200] {processor.py:179} INFO - Processing /home/frederic/airflow_venv/lib/python3.10/site-packages/airflow/example_dags/example_branch_operator_decorator.py took 0.063 seconds
[2026-05-29T10:33:38.186+0200] {processor.py:157} INFO - Started process (PID=711239) to work on /home/frederic/airflow_venv/lib/python3.10/site-packages/airflow/example_dags/example_branch_operator_decorator.py
[2026-05-29T10:33:38.187+0200] {processor.py:829} INFO - Processing file /home/frederic/airflow_venv/lib/python3.10/site-packages/airflow/example_dags/example_branch_operator_decorator.py for tasks to queue
[2026-05-29T10:33:38.188+0200] {logging_mixin.py:151} INFO - [2026-05-29T10:33:38.188+0200] {dagbag.py:539} INFO - Filling up the DagBag from /home/frederic/airflow_venv/lib/python3.10/site-packages/airflow/example_dags/example_branch_operator_decorator.py
[2026-05-29T10:33:38.201+0200] {processor.py:839} INFO - DAG(s) dict_keys(['example_branch_python_operator_decorator']) retrieved from /home/frederic/airflow_venv/lib/python3.10/site-packages/airflow/example_dags/example_branch_operator_decorator.py
[2026-05-29T10:33:38.217+0200] {logging_mixin.py:151} INFO - [2026-05-29T10:33:38.217+0200] {dag.py:2915} INFO - Sync 1 DAGs
[2026-05-29T10:33:38.235+0200] {logging_mixin.py:151} INFO - [2026-05-29T10:33:38.235+0200] {dag.py:3696} INFO - Setting next_dagrun for example_branch_python_operator_decorator to 2026-05-28T00:00:00+00:00, run_after=2026-05-29T00:00:00+00:00
[2026-05-29T10:33:38.249+0200] {processor.py:179} INFO - Processing /home/frederic/airflow_venv/lib/python3.10/site-packages/airflow/example_dags/example_branch_operator_decorator.py took 0.066 seconds
[2026-05-29T10:34:21.250+0200] {processor.py:157} INFO - Started process (PID=711932) to work on /home/frederic/airflow_venv/lib/python3.10/site-packages/airflow/example_dags/example_branch_operator_decorator.py
[2026-05-29T10:34:21.251+0200] {processor.py:829} INFO - Processing file /home/frederic/airflow_venv/lib/python3.10/site-packages/airflow/example_dags/example_branch_operator_decorator.py for tasks to queue
[2026-05-29T10:34:21.252+0200] {logging_mixin.py:151} INFO - [2026-05-29T10:34:21.252+0200] {dagbag.py:539} INFO - Filling up the DagBag from /home/frederic/airflow_venv/lib/python3.10/site-packages/airflow/example_dags/example_branch_operator_decorator.py
[2026-05-29T10:34:21.260+0200] {processor.py:839} INFO - DAG(s) dict_keys(['example_branch_python_operator_decorator']) retrieved from /home/frederic/airflow_venv/lib/python3.10/site-packages/airflow/example_dags/example_branch_operator_decorator.py
[2026-05-29T10:34:21.274+0200] {logging_mixin.py:151} INFO - [2026-05-29T10:34:21.274+0200] {dag.py:2915} INFO - Sync 1 DAGs
[2026-05-29T10:34:21.291+0200] {logging_mixin.py:151} INFO - [2026-05-29T10:34:21.291+0200] {dag.py:3696} INFO - Setting next_dagrun for example_branch_python_operator_decorator to 2026-05-28T00:00:00+00:00, run_after=2026-05-29T00:00:00+00:00
[2026-05-29T10:34:21.306+0200] {processor.py:179} INFO - Processing /home/frederic/airflow_venv/lib/python3.10/site-packages/airflow/example_dags/example_branch_operator_decorator.py took 0.059 seconds
[2026-05-29T10:35:21.749+0200] {processor.py:157} INFO - Started process (PID=712538) to work on /home/frederic/airflow_venv/lib/python3.10/site-packages/airflow/example_dags/example_branch_operator_decorator.py
[2026-05-29T10:35:21.750+0200] {processor.py:829} INFO - Processing file /home/frederic/airflow_venv/lib/python3.10/site-packages/airflow/example_dags/example_branch_operator_decorator.py for tasks to queue
[2026-05-29T10:35:21.751+0200] {logging_mixin.py:151} INFO - [2026-05-29T10:35:21.751+0200] {dagbag.py:539} INFO - Filling up the DagBag from /home/frederic/airflow_venv/lib/python3.10/site-packages/airflow/example_dags/example_branch_operator_decorator.py
[2026-05-29T10:35:21.759+0200] {processor.py:839} INFO - DAG(s) dict_keys(['example_branch_python_operator_decorator']) retrieved from /home/frederic/airflow_venv/lib/python3.10/site-packages/airflow/example_dags/example_branch_operator_decorator.py
[2026-05-29T10:35:21.777+0200] {logging_mixin.py:151} INFO - [2026-05-29T10:35:21.776+0200] {dag.py:2915} INFO - Sync 1 DAGs
[2026-05-29T10:35:21.794+0200] {logging_mixin.py:151} INFO - [2026-05-29T10:35:21.794+0200] {dag.py:3696} INFO - Setting next_dagrun for example_branch_python_operator_decorator to 2026-05-28T00:00:00+00:00, run_after=2026-05-29T00:00:00+00:00
[2026-05-29T10:35:21.810+0200] {processor.py:179} INFO - Processing /home/frederic/airflow_venv/lib/python3.10/site-packages/airflow/example_dags/example_branch_operator_decorator.py took 0.063 seconds
[2026-05-29T10:36:10.270+0200] {processor.py:157} INFO - Started process (PID=713119) to work on /home/frederic/airflow_venv/lib/python3.10/site-packages/airflow/example_dags/example_branch_operator_decorator.py
[2026-05-29T10:36:10.271+0200] {processor.py:829} INFO - Processing file /home/frederic/airflow_venv/lib/python3.10/site-packages/airflow/example_dags/example_branch_operator_decorator.py for tasks to queue
[2026-05-29T10:36:10.272+0200] {logging_mixin.py:151} INFO - [2026-05-29T10:36:10.272+0200] {dagbag.py:539} INFO - Filling up the DagBag from /home/frederic/airflow_venv/lib/python3.10/site-packages/airflow/example_dags/example_branch_operator_decorator.py
[2026-05-29T10:36:10.282+0200] {processor.py:839} INFO - DAG(s) dict_keys(['example_branch_python_operator_decorator']) retrieved from /home/frederic/airflow_venv/lib/python3.10/site-packages/airflow/example_dags/example_branch_operator_decorator.py
[2026-05-29T10:36:10.302+0200] {logging_mixin.py:151} INFO - [2026-05-29T10:36:10.302+0200] {dag.py:2915} INFO - Sync 1 DAGs
[2026-05-29T10:36:10.322+0200] {logging_mixin.py:151} INFO - [2026-05-29T10:36:10.322+0200] {dag.py:3696} INFO - Setting next_dagrun for example_branch_python_operator_decorator to 2026-05-28T00:00:00+00:00, run_after=2026-05-29T00:00:00+00:00
[2026-05-29T10:36:10.339+0200] {processor.py:179} INFO - Processing /home/frederic/airflow_venv/lib/python3.10/site-packages/airflow/example_dags/example_branch_operator_decorator.py took 0.072 seconds
[2026-05-29T10:37:07.453+0200] {processor.py:157} INFO - Started process (PID=713767) to work on /home/frederic/airflow_venv/lib/python3.10/site-packages/airflow/example_dags/example_branch_operator_decorator.py
[2026-05-29T10:37:07.454+0200] {processor.py:829} INFO - Processing file /home/frederic/airflow_venv/lib/python3.10/site-packages/airflow/example_dags/example_branch_operator_decorator.py for tasks to queue
[2026-05-29T10:37:07.454+0200] {logging_mixin.py:151} INFO - [2026-05-29T10:37:07.454+0200] {dagbag.py:539} INFO - Filling up the DagBag from /home/frederic/airflow_venv/lib/python3.10/site-packages/airflow/example_dags/example_branch_operator_decorator.py
[2026-05-29T10:37:07.465+0200] {processor.py:839} INFO - DAG(s) dict_keys(['example_branch_python_operator_decorator']) retrieved from /home/frederic/airflow_venv/lib/python3.10/site-packages/airflow/example_dags/example_branch_operator_decorator.py
[2026-05-29T10:37:07.481+0200] {logging_mixin.py:151} INFO - [2026-05-29T10:37:07.480+0200] {dag.py:2915} INFO - Sync 1 DAGs
[2026-05-29T10:37:07.499+0200] {logging_mixin.py:151} INFO - [2026-05-29T10:37:07.499+0200] {dag.py:3696} INFO - Setting next_dagrun for example_branch_python_operator_decorator to 2026-05-28T00:00:00+00:00, run_after=2026-05-29T00:00:00+00:00
[2026-05-29T10:37:07.514+0200] {processor.py:179} INFO - Processing /home/frederic/airflow_venv/lib/python3.10/site-packages/airflow/example_dags/example_branch_operator_decorator.py took 0.064 seconds
[2026-05-29T10:37:54.477+0200] {processor.py:157} INFO - Started process (PID=714526) to work on /home/frederic/airflow_venv/lib/python3.10/site-packages/airflow/example_dags/example_branch_operator_decorator.py
[2026-05-29T10:37:54.478+0200] {processor.py:829} INFO - Processing file /home/frederic/airflow_venv/lib/python3.10/site-packages/airflow/example_dags/example_branch_operator_decorator.py for tasks to queue
[2026-05-29T10:37:54.479+0200] {logging_mixin.py:151} INFO - [2026-05-29T10:37:54.479+0200] {dagbag.py:539} INFO - Filling up the DagBag from /home/frederic/airflow_venv/lib/python3.10/site-packages/airflow/example_dags/example_branch_operator_decorator.py
[2026-05-29T10:37:54.487+0200] {processor.py:839} INFO - DAG(s) dict_keys(['example_branch_python_operator_decorator']) retrieved from /home/frederic/airflow_venv/lib/python3.10/site-packages/airflow/example_dags/example_branch_operator_decorator.py
[2026-05-29T10:37:54.502+0200] {logging_mixin.py:151} INFO - [2026-05-29T10:37:54.502+0200] {dag.py:2915} INFO - Sync 1 DAGs
[2026-05-29T10:37:54.519+0200] {logging_mixin.py:151} INFO - [2026-05-29T10:37:54.519+0200] {dag.py:3696} INFO - Setting next_dagrun for example_branch_python_operator_decorator to 2026-05-28T00:00:00+00:00, run_after=2026-05-29T00:00:00+00:00
[2026-05-29T10:37:54.535+0200] {processor.py:179} INFO - Processing /home/frederic/airflow_venv/lib/python3.10/site-packages/airflow/example_dags/example_branch_operator_decorator.py took 0.060 seconds
[2026-05-29T10:38:40.735+0200] {processor.py:157} INFO - Started process (PID=715089) to work on /home/frederic/airflow_venv/lib/python3.10/site-packages/airflow/example_dags/example_branch_operator_decorator.py
[2026-05-29T10:38:40.736+0200] {processor.py:829} INFO - Processing file /home/frederic/airflow_venv/lib/python3.10/site-packages/airflow/example_dags/example_branch_operator_decorator.py for tasks to queue
[2026-05-29T10:38:40.737+0200] {logging_mixin.py:151} INFO - [2026-05-29T10:38:40.736+0200] {dagbag.py:539} INFO - Filling up the DagBag from /home/frederic/airflow_venv/lib/python3.10/site-packages/airflow/example_dags/example_branch_operator_decorator.py
[2026-05-29T10:38:40.745+0200] {processor.py:839} INFO - DAG(s) dict_keys(['example_branch_python_operator_decorator']) retrieved from /home/frederic/airflow_venv/lib/python3.10/site-packages/airflow/example_dags/example_branch_operator_decorator.py
[2026-05-29T10:38:40.759+0200] {logging_mixin.py:151} INFO - [2026-05-29T10:38:40.759+0200] {dag.py:2915} INFO - Sync 1 DAGs
[2026-05-29T10:38:40.778+0200] {logging_mixin.py:151} INFO - [2026-05-29T10:38:40.777+0200] {dag.py:3696} INFO - Setting next_dagrun for example_branch_python_operator_decorator to 2026-05-28T00:00:00+00:00, run_after=2026-05-29T00:00:00+00:00
[2026-05-29T10:38:40.793+0200] {processor.py:179} INFO - Processing /home/frederic/airflow_venv/lib/python3.10/site-packages/airflow/example_dags/example_branch_operator_decorator.py took 0.060 seconds
[2026-05-29T10:39:26.147+0200] {processor.py:157} INFO - Started process (PID=715853) to work on /home/frederic/airflow_venv/lib/python3.10/site-packages/airflow/example_dags/example_branch_operator_decorator.py
[2026-05-29T10:39:26.148+0200] {processor.py:829} INFO - Processing file /home/frederic/airflow_venv/lib/python3.10/site-packages/airflow/example_dags/example_branch_operator_decorator.py for tasks to queue
[2026-05-29T10:39:26.149+0200] {logging_mixin.py:151} INFO - [2026-05-29T10:39:26.149+0200] {dagbag.py:539} INFO - Filling up the DagBag from /home/frederic/airflow_venv/lib/python3.10/site-packages/airflow/example_dags/example_branch_operator_decorator.py
[2026-05-29T10:39:26.157+0200] {processor.py:839} INFO - DAG(s) dict_keys(['example_branch_python_operator_decorator']) retrieved from /home/frederic/airflow_venv/lib/python3.10/site-packages/airflow/example_dags/example_branch_operator_decorator.py
[2026-05-29T10:39:26.170+0200] {logging_mixin.py:151} INFO - [2026-05-29T10:39:26.170+0200] {dag.py:2915} INFO - Sync 1 DAGs
[2026-05-29T10:39:26.187+0200] {logging_mixin.py:151} INFO - [2026-05-29T10:39:26.187+0200] {dag.py:3696} INFO - Setting next_dagrun for example_branch_python_operator_decorator to 2026-05-28T00:00:00+00:00, run_after=2026-05-29T00:00:00+00:00
[2026-05-29T10:39:26.203+0200] {processor.py:179} INFO - Processing /home/frederic/airflow_venv/lib/python3.10/site-packages/airflow/example_dags/example_branch_operator_decorator.py took 0.058 seconds
[2026-05-29T10:40:10.604+0200] {processor.py:157} INFO - Started process (PID=716442) to work on /home/frederic/airflow_venv/lib/python3.10/site-packages/airflow/example_dags/example_branch_operator_decorator.py
[2026-05-29T10:40:10.605+0200] {processor.py:829} INFO - Processing file /home/frederic/airflow_venv/lib/python3.10/site-packages/airflow/example_dags/example_branch_operator_decorator.py for tasks to queue
[2026-05-29T10:40:10.606+0200] {logging_mixin.py:151} INFO - [2026-05-29T10:40:10.605+0200] {dagbag.py:539} INFO - Filling up the DagBag from /home/frederic/airflow_venv/lib/python3.10/site-packages/airflow/example_dags/example_branch_operator_decorator.py
[2026-05-29T10:40:10.621+0200] {processor.py:839} INFO - DAG(s) dict_keys(['example_branch_python_operator_decorator']) retrieved from /home/frederic/airflow_venv/lib/python3.10/site-packages/airflow/example_dags/example_branch_operator_decorator.py
[2026-05-29T10:40:10.637+0200] {logging_mixin.py:151} INFO - [2026-05-29T10:40:10.637+0200] {dag.py:2915} INFO - Sync 1 DAGs
[2026-05-29T10:40:10.653+0200] {logging_mixin.py:151} INFO - [2026-05-29T10:40:10.653+0200] {dag.py:3696} INFO - Setting next_dagrun for example_branch_python_operator_decorator to 2026-05-28T00:00:00+00:00, run_after=2026-05-29T00:00:00+00:00
[2026-05-29T10:40:10.668+0200] {processor.py:179} INFO - Processing /home/frederic/airflow_venv/lib/python3.10/site-packages/airflow/example_dags/example_branch_operator_decorator.py took 0.067 seconds
[2026-05-29T10:40:54.487+0200] {processor.py:157} INFO - Started process (PID=716867) to work on /home/frederic/airflow_venv/lib/python3.10/site-packages/airflow/example_dags/example_branch_operator_decorator.py
[2026-05-29T10:40:54.489+0200] {processor.py:829} INFO - Processing file /home/frederic/airflow_venv/lib/python3.10/site-packages/airflow/example_dags/example_branch_operator_decorator.py for tasks to queue
[2026-05-29T10:40:54.489+0200] {logging_mixin.py:151} INFO - [2026-05-29T10:40:54.489+0200] {dagbag.py:539} INFO - Filling up the DagBag from /home/frederic/airflow_venv/lib/python3.10/site-packages/airflow/example_dags/example_branch_operator_decorator.py
[2026-05-29T10:40:54.500+0200] {processor.py:839} INFO - DAG(s) dict_keys(['example_branch_python_operator_decorator']) retrieved from /home/frederic/airflow_venv/lib/python3.10/site-packages/airflow/example_dags/example_branch_operator_decorator.py
[2026-05-29T10:40:54.519+0200] {logging_mixin.py:151} INFO - [2026-05-29T10:40:54.518+0200] {dag.py:2915} INFO - Sync 1 DAGs
[2026-05-29T10:40:54.540+0200] {logging_mixin.py:151} INFO - [2026-05-29T10:40:54.539+0200] {dag.py:3696} INFO - Setting next_dagrun for example_branch_python_operator_decorator to 2026-05-28T00:00:00+00:00, run_after=2026-05-29T00:00:00+00:00
[2026-05-29T10:40:54.559+0200] {processor.py:179} INFO - Processing /home/frederic/airflow_venv/lib/python3.10/site-packages/airflow/example_dags/example_branch_operator_decorator.py took 0.076 seconds
[2026-05-29T10:41:43.291+0200] {processor.py:157} INFO - Started process (PID=717380) to work on /home/frederic/airflow_venv/lib/python3.10/site-packages/airflow/example_dags/example_branch_operator_decorator.py
[2026-05-29T10:41:43.292+0200] {processor.py:829} INFO - Processing file /home/frederic/airflow_venv/lib/python3.10/site-packages/airflow/example_dags/example_branch_operator_decorator.py for tasks to queue
[2026-05-29T10:41:43.293+0200] {logging_mixin.py:151} INFO - [2026-05-29T10:41:43.293+0200] {dagbag.py:539} INFO - Filling up the DagBag from /home/frederic/airflow_venv/lib/python3.10/site-packages/airflow/example_dags/example_branch_operator_decorator.py
[2026-05-29T10:41:43.305+0200] {processor.py:839} INFO - DAG(s) dict_keys(['example_branch_python_operator_decorator']) retrieved from /home/frederic/airflow_venv/lib/python3.10/site-packages/airflow/example_dags/example_branch_operator_decorator.py
[2026-05-29T10:41:43.324+0200] {logging_mixin.py:151} INFO - [2026-05-29T10:41:43.324+0200] {dag.py:2915} INFO - Sync 1 DAGs
[2026-05-29T10:41:43.344+0200] {logging_mixin.py:151} INFO - [2026-05-29T10:41:43.344+0200] {dag.py:3696} INFO - Setting next_dagrun for example_branch_python_operator_decorator to 2026-05-28T00:00:00+00:00, run_after=2026-05-29T00:00:00+00:00
[2026-05-29T10:41:43.360+0200] {processor.py:179} INFO - Processing /home/frederic/airflow_venv/lib/python3.10/site-packages/airflow/example_dags/example_branch_operator_decorator.py took 0.071 seconds
[2026-05-29T10:42:30.895+0200] {processor.py:157} INFO - Started process (PID=717890) to work on /home/frederic/airflow_venv/lib/python3.10/site-packages/airflow/example_dags/example_branch_operator_decorator.py
[2026-05-29T10:42:30.896+0200] {processor.py:829} INFO - Processing file /home/frederic/airflow_venv/lib/python3.10/site-packages/airflow/example_dags/example_branch_operator_decorator.py for tasks to queue
[2026-05-29T10:42:30.897+0200] {logging_mixin.py:151} INFO - [2026-05-29T10:42:30.896+0200] {dagbag.py:539} INFO - Filling up the DagBag from /home/frederic/airflow_venv/lib/python3.10/site-packages/airflow/example_dags/example_branch_operator_decorator.py
[2026-05-29T10:42:30.905+0200] {processor.py:839} INFO - DAG(s) dict_keys(['example_branch_python_operator_decorator']) retrieved from /home/frederic/airflow_venv/lib/python3.10/site-packages/airflow/example_dags/example_branch_operator_decorator.py
[2026-05-29T10:42:30.919+0200] {logging_mixin.py:151} INFO - [2026-05-29T10:42:30.919+0200] {dag.py:2915} INFO - Sync 1 DAGs
[2026-05-29T10:42:30.938+0200] {logging_mixin.py:151} INFO - [2026-05-29T10:42:30.938+0200] {dag.py:3696} INFO - Setting next_dagrun for example_branch_python_operator_decorator to 2026-05-28T00:00:00+00:00, run_after=2026-05-29T00:00:00+00:00
[2026-05-29T10:42:30.953+0200] {processor.py:179} INFO - Processing /home/frederic/airflow_venv/lib/python3.10/site-packages/airflow/example_dags/example_branch_operator_decorator.py took 0.060 seconds
[2026-05-29T10:43:13.152+0200] {processor.py:157} INFO - Started process (PID=718401) to work on /home/frederic/airflow_venv/lib/python3.10/site-packages/airflow/example_dags/example_branch_operator_decorator.py
[2026-05-29T10:43:13.153+0200] {processor.py:829} INFO - Processing file /home/frederic/airflow_venv/lib/python3.10/site-packages/airflow/example_dags/example_branch_operator_decorator.py for tasks to queue
[2026-05-29T10:43:13.154+0200] {logging_mixin.py:151} INFO - [2026-05-29T10:43:13.154+0200] {dagbag.py:539} INFO - Filling up the DagBag from /home/frederic/airflow_venv/lib/python3.10/site-packages/airflow/example_dags/example_branch_operator_decorator.py
[2026-05-29T10:43:13.164+0200] {processor.py:839} INFO - DAG(s) dict_keys(['example_branch_python_operator_decorator']) retrieved from /home/frederic/airflow_venv/lib/python3.10/site-packages/airflow/example_dags/example_branch_operator_decorator.py
[2026-05-29T10:43:13.180+0200] {logging_mixin.py:151} INFO - [2026-05-29T10:43:13.179+0200] {dag.py:2915} INFO - Sync 1 DAGs
[2026-05-29T10:43:13.198+0200] {logging_mixin.py:151} INFO - [2026-05-29T10:43:13.198+0200] {dag.py:3696} INFO - Setting next_dagrun for example_branch_python_operator_decorator to 2026-05-28T00:00:00+00:00, run_after=2026-05-29T00:00:00+00:00
[2026-05-29T10:43:13.216+0200] {processor.py:179} INFO - Processing /home/frederic/airflow_venv/lib/python3.10/site-packages/airflow/example_dags/example_branch_operator_decorator.py took 0.066 seconds
[2026-05-29T10:44:00.002+0200] {processor.py:157} INFO - Started process (PID=718834) to work on /home/frederic/airflow_venv/lib/python3.10/site-packages/airflow/example_dags/example_branch_operator_decorator.py
[2026-05-29T10:44:00.004+0200] {processor.py:829} INFO - Processing file /home/frederic/airflow_venv/lib/python3.10/site-packages/airflow/example_dags/example_branch_operator_decorator.py for tasks to queue
[2026-05-29T10:44:00.004+0200] {logging_mixin.py:151} INFO - [2026-05-29T10:44:00.004+0200] {dagbag.py:539} INFO - Filling up the DagBag from /home/frederic/airflow_venv/lib/python3.10/site-packages/airflow/example_dags/example_branch_operator_decorator.py
[2026-05-29T10:44:00.014+0200] {processor.py:839} INFO - DAG(s) dict_keys(['example_branch_python_operator_decorator']) retrieved from /home/frederic/airflow_venv/lib/python3.10/site-packages/airflow/example_dags/example_branch_operator_decorator.py
[2026-05-29T10:44:00.031+0200] {logging_mixin.py:151} INFO - [2026-05-29T10:44:00.030+0200] {dag.py:2915} INFO - Sync 1 DAGs
[2026-05-29T10:44:00.047+0200] {logging_mixin.py:151} INFO - [2026-05-29T10:44:00.047+0200] {dag.py:3696} INFO - Setting next_dagrun for example_branch_python_operator_decorator to 2026-05-28T00:00:00+00:00, run_after=2026-05-29T00:00:00+00:00
[2026-05-29T10:44:00.063+0200] {processor.py:179} INFO - Processing /home/frederic/airflow_venv/lib/python3.10/site-packages/airflow/example_dags/example_branch_operator_decorator.py took 0.064 seconds
[2026-05-29T10:44:45.797+0200] {processor.py:157} INFO - Started process (PID=719604) to work on /home/frederic/airflow_venv/lib/python3.10/site-packages/airflow/example_dags/example_branch_operator_decorator.py
[2026-05-29T10:44:45.798+0200] {processor.py:829} INFO - Processing file /home/frederic/airflow_venv/lib/python3.10/site-packages/airflow/example_dags/example_branch_operator_decorator.py for tasks to queue
[2026-05-29T10:44:45.799+0200] {logging_mixin.py:151} INFO - [2026-05-29T10:44:45.798+0200] {dagbag.py:539} INFO - Filling up the DagBag from /home/frederic/airflow_venv/lib/python3.10/site-packages/airflow/example_dags/example_branch_operator_decorator.py
[2026-05-29T10:44:45.809+0200] {processor.py:839} INFO - DAG(s) dict_keys(['example_branch_python_operator_decorator']) retrieved from /home/frederic/airflow_venv/lib/python3.10/site-packages/airflow/example_dags/example_branch_operator_decorator.py
[2026-05-29T10:44:45.828+0200] {logging_mixin.py:151} INFO - [2026-05-29T10:44:45.828+0200] {dag.py:2915} INFO - Sync 1 DAGs
[2026-05-29T10:44:45.848+0200] {logging_mixin.py:151} INFO - [2026-05-29T10:44:45.848+0200] {dag.py:3696} INFO - Setting next_dagrun for example_branch_python_operator_decorator to 2026-05-28T00:00:00+00:00, run_after=2026-05-29T00:00:00+00:00
[2026-05-29T10:44:45.868+0200] {processor.py:179} INFO - Processing /home/frederic/airflow_venv/lib/python3.10/site-packages/airflow/example_dags/example_branch_operator_decorator.py took 0.075 seconds
[2026-05-29T10:45:33.906+0200] {processor.py:157} INFO - Started process (PID=720162) to work on /home/frederic/airflow_venv/lib/python3.10/site-packages/airflow/example_dags/example_branch_operator_decorator.py
[2026-05-29T10:45:33.907+0200] {processor.py:829} INFO - Processing file /home/frederic/airflow_venv/lib/python3.10/site-packages/airflow/example_dags/example_branch_operator_decorator.py for tasks to queue
[2026-05-29T10:45:33.908+0200] {logging_mixin.py:151} INFO - [2026-05-29T10:45:33.907+0200] {dagbag.py:539} INFO - Filling up the DagBag from /home/frederic/airflow_venv/lib/python3.10/site-packages/airflow/example_dags/example_branch_operator_decorator.py
[2026-05-29T10:45:33.916+0200] {processor.py:839} INFO - DAG(s) dict_keys(['example_branch_python_operator_decorator']) retrieved from /home/frederic/airflow_venv/lib/python3.10/site-packages/airflow/example_dags/example_branch_operator_decorator.py
[2026-05-29T10:45:33.933+0200] {logging_mixin.py:151} INFO - [2026-05-29T10:45:33.933+0200] {dag.py:2915} INFO - Sync 1 DAGs
[2026-05-29T10:45:33.951+0200] {logging_mixin.py:151} INFO - [2026-05-29T10:45:33.951+0200] {dag.py:3696} INFO - Setting next_dagrun for example_branch_python_operator_decorator to 2026-05-28T00:00:00+00:00, run_after=2026-05-29T00:00:00+00:00
[2026-05-29T10:45:33.969+0200] {processor.py:179} INFO - Processing /home/frederic/airflow_venv/lib/python3.10/site-packages/airflow/example_dags/example_branch_operator_decorator.py took 0.065 seconds
[2026-05-29T10:46:19.026+0200] {processor.py:157} INFO - Started process (PID=720608) to work on /home/frederic/airflow_venv/lib/python3.10/site-packages/airflow/example_dags/example_branch_operator_decorator.py
[2026-05-29T10:46:19.027+0200] {processor.py:829} INFO - Processing file /home/frederic/airflow_venv/lib/python3.10/site-packages/airflow/example_dags/example_branch_operator_decorator.py for tasks to queue
[2026-05-29T10:46:19.028+0200] {logging_mixin.py:151} INFO - [2026-05-29T10:46:19.027+0200] {dagbag.py:539} INFO - Filling up the DagBag from /home/frederic/airflow_venv/lib/python3.10/site-packages/airflow/example_dags/example_branch_operator_decorator.py
[2026-05-29T10:46:19.036+0200] {processor.py:839} INFO - DAG(s) dict_keys(['example_branch_python_operator_decorator']) retrieved from /home/frederic/airflow_venv/lib/python3.10/site-packages/airflow/example_dags/example_branch_operator_decorator.py
[2026-05-29T10:46:19.052+0200] {logging_mixin.py:151} INFO - [2026-05-29T10:46:19.052+0200] {dag.py:2915} INFO - Sync 1 DAGs
[2026-05-29T10:46:19.071+0200] {logging_mixin.py:151} INFO - [2026-05-29T10:46:19.070+0200] {dag.py:3696} INFO - Setting next_dagrun for example_branch_python_operator_decorator to 2026-05-28T00:00:00+00:00, run_after=2026-05-29T00:00:00+00:00
[2026-05-29T10:46:19.091+0200] {processor.py:179} INFO - Processing /home/frederic/airflow_venv/lib/python3.10/site-packages/airflow/example_dags/example_branch_operator_decorator.py took 0.067 seconds
[2026-05-29T10:47:11.578+0200] {processor.py:157} INFO - Started process (PID=721738) to work on /home/frederic/airflow_venv/lib/python3.10/site-packages/airflow/example_dags/example_branch_operator_decorator.py
[2026-05-29T10:47:11.579+0200] {processor.py:829} INFO - Processing file /home/frederic/airflow_venv/lib/python3.10/site-packages/airflow/example_dags/example_branch_operator_decorator.py for tasks to queue
[2026-05-29T10:47:11.580+0200] {logging_mixin.py:151} INFO - [2026-05-29T10:47:11.580+0200] {dagbag.py:539} INFO - Filling up the DagBag from /home/frederic/airflow_venv/lib/python3.10/site-packages/airflow/example_dags/example_branch_operator_decorator.py
[2026-05-29T10:47:11.589+0200] {processor.py:839} INFO - DAG(s) dict_keys(['example_branch_python_operator_decorator']) retrieved from /home/frederic/airflow_venv/lib/python3.10/site-packages/airflow/example_dags/example_branch_operator_decorator.py
[2026-05-29T10:47:11.603+0200] {logging_mixin.py:151} INFO - [2026-05-29T10:47:11.602+0200] {dag.py:2915} INFO - Sync 1 DAGs
[2026-05-29T10:47:11.619+0200] {logging_mixin.py:151} INFO - [2026-05-29T10:47:11.619+0200] {dag.py:3696} INFO - Setting next_dagrun for example_branch_python_operator_decorator to 2026-05-28T00:00:00+00:00, run_after=2026-05-29T00:00:00+00:00
[2026-05-29T10:47:11.639+0200] {processor.py:179} INFO - Processing /home/frederic/airflow_venv/lib/python3.10/site-packages/airflow/example_dags/example_branch_operator_decorator.py took 0.063 seconds
[2026-05-29T10:48:00.223+0200] {processor.py:157} INFO - Started process (PID=722189) to work on /home/frederic/airflow_venv/lib/python3.10/site-packages/airflow/example_dags/example_branch_operator_decorator.py
[2026-05-29T10:48:00.224+0200] {processor.py:829} INFO - Processing file /home/frederic/airflow_venv/lib/python3.10/site-packages/airflow/example_dags/example_branch_operator_decorator.py for tasks to queue
[2026-05-29T10:48:00.225+0200] {logging_mixin.py:151} INFO - [2026-05-29T10:48:00.224+0200] {dagbag.py:539} INFO - Filling up the DagBag from /home/frederic/airflow_venv/lib/python3.10/site-packages/airflow/example_dags/example_branch_operator_decorator.py
[2026-05-29T10:48:00.234+0200] {processor.py:839} INFO - DAG(s) dict_keys(['example_branch_python_operator_decorator']) retrieved from /home/frederic/airflow_venv/lib/python3.10/site-packages/airflow/example_dags/example_branch_operator_decorator.py
[2026-05-29T10:48:00.251+0200] {logging_mixin.py:151} INFO - [2026-05-29T10:48:00.251+0200] {dag.py:2915} INFO - Sync 1 DAGs
[2026-05-29T10:48:00.269+0200] {logging_mixin.py:151} INFO - [2026-05-29T10:48:00.268+0200] {dag.py:3696} INFO - Setting next_dagrun for example_branch_python_operator_decorator to 2026-05-28T00:00:00+00:00, run_after=2026-05-29T00:00:00+00:00
[2026-05-29T10:48:00.286+0200] {processor.py:179} INFO - Processing /home/frederic/airflow_venv/lib/python3.10/site-packages/airflow/example_dags/example_branch_operator_decorator.py took 0.066 seconds
[2026-05-29T10:48:54.579+0200] {processor.py:157} INFO - Started process (PID=722840) to work on /home/frederic/airflow_venv/lib/python3.10/site-packages/airflow/example_dags/example_branch_operator_decorator.py
[2026-05-29T10:48:54.580+0200] {processor.py:829} INFO - Processing file /home/frederic/airflow_venv/lib/python3.10/site-packages/airflow/example_dags/example_branch_operator_decorator.py for tasks to queue
[2026-05-29T10:48:54.581+0200] {logging_mixin.py:151} INFO - [2026-05-29T10:48:54.580+0200] {dagbag.py:539} INFO - Filling up the DagBag from /home/frederic/airflow_venv/lib/python3.10/site-packages/airflow/example_dags/example_branch_operator_decorator.py
[2026-05-29T10:48:54.590+0200] {processor.py:839} INFO - DAG(s) dict_keys(['example_branch_python_operator_decorator']) retrieved from /home/frederic/airflow_venv/lib/python3.10/site-packages/airflow/example_dags/example_branch_operator_decorator.py
[2026-05-29T10:48:54.604+0200] {logging_mixin.py:151} INFO - [2026-05-29T10:48:54.604+0200] {dag.py:2915} INFO - Sync 1 DAGs
[2026-05-29T10:48:54.625+0200] {logging_mixin.py:151} INFO - [2026-05-29T10:48:54.625+0200] {dag.py:3696} INFO - Setting next_dagrun for example_branch_python_operator_decorator to 2026-05-28T00:00:00+00:00, run_after=2026-05-29T00:00:00+00:00
[2026-05-29T10:48:54.646+0200] {processor.py:179} INFO - Processing /home/frederic/airflow_venv/lib/python3.10/site-packages/airflow/example_dags/example_branch_operator_decorator.py took 0.070 seconds
[2026-05-29T10:49:43.986+0200] {processor.py:157} INFO - Started process (PID=723352) to work on /home/frederic/airflow_venv/lib/python3.10/site-packages/airflow/example_dags/example_branch_operator_decorator.py
[2026-05-29T10:49:43.987+0200] {processor.py:829} INFO - Processing file /home/frederic/airflow_venv/lib/python3.10/site-packages/airflow/example_dags/example_branch_operator_decorator.py for tasks to queue
[2026-05-29T10:49:43.988+0200] {logging_mixin.py:151} INFO - [2026-05-29T10:49:43.988+0200] {dagbag.py:539} INFO - Filling up the DagBag from /home/frederic/airflow_venv/lib/python3.10/site-packages/airflow/example_dags/example_branch_operator_decorator.py
[2026-05-29T10:49:43.998+0200] {processor.py:839} INFO - DAG(s) dict_keys(['example_branch_python_operator_decorator']) retrieved from /home/frederic/airflow_venv/lib/python3.10/site-packages/airflow/example_dags/example_branch_operator_decorator.py
[2026-05-29T10:49:44.015+0200] {logging_mixin.py:151} INFO - [2026-05-29T10:49:44.014+0200] {dag.py:2915} INFO - Sync 1 DAGs
[2026-05-29T10:49:44.033+0200] {logging_mixin.py:151} INFO - [2026-05-29T10:49:44.033+0200] {dag.py:3696} INFO - Setting next_dagrun for example_branch_python_operator_decorator to 2026-05-28T00:00:00+00:00, run_after=2026-05-29T00:00:00+00:00
[2026-05-29T10:49:44.049+0200] {processor.py:179} INFO - Processing /home/frederic/airflow_venv/lib/python3.10/site-packages/airflow/example_dags/example_branch_operator_decorator.py took 0.066 seconds
[2026-05-29T10:50:31.182+0200] {processor.py:157} INFO - Started process (PID=723853) to work on /home/frederic/airflow_venv/lib/python3.10/site-packages/airflow/example_dags/example_branch_operator_decorator.py
[2026-05-29T10:50:31.183+0200] {processor.py:829} INFO - Processing file /home/frederic/airflow_venv/lib/python3.10/site-packages/airflow/example_dags/example_branch_operator_decorator.py for tasks to queue
[2026-05-29T10:50:31.184+0200] {logging_mixin.py:151} INFO - [2026-05-29T10:50:31.184+0200] {dagbag.py:539} INFO - Filling up the DagBag from /home/frederic/airflow_venv/lib/python3.10/site-packages/airflow/example_dags/example_branch_operator_decorator.py
[2026-05-29T10:50:31.193+0200] {processor.py:839} INFO - DAG(s) dict_keys(['example_branch_python_operator_decorator']) retrieved from /home/frederic/airflow_venv/lib/python3.10/site-packages/airflow/example_dags/example_branch_operator_decorator.py
[2026-05-29T10:50:31.210+0200] {logging_mixin.py:151} INFO - [2026-05-29T10:50:31.210+0200] {dag.py:2915} INFO - Sync 1 DAGs
[2026-05-29T10:50:31.231+0200] {logging_mixin.py:151} INFO - [2026-05-29T10:50:31.231+0200] {dag.py:3696} INFO - Setting next_dagrun for example_branch_python_operator_decorator to 2026-05-28T00:00:00+00:00, run_after=2026-05-29T00:00:00+00:00
[2026-05-29T10:50:31.246+0200] {processor.py:179} INFO - Processing /home/frederic/airflow_venv/lib/python3.10/site-packages/airflow/example_dags/example_branch_operator_decorator.py took 0.066 seconds
[2026-05-29T10:51:17.313+0200] {processor.py:157} INFO - Started process (PID=724308) to work on /home/frederic/airflow_venv/lib/python3.10/site-packages/airflow/example_dags/example_branch_operator_decorator.py
[2026-05-29T10:51:17.314+0200] {processor.py:829} INFO - Processing file /home/frederic/airflow_venv/lib/python3.10/site-packages/airflow/example_dags/example_branch_operator_decorator.py for tasks to queue
[2026-05-29T10:51:17.314+0200] {logging_mixin.py:151} INFO - [2026-05-29T10:51:17.314+0200] {dagbag.py:539} INFO - Filling up the DagBag from /home/frederic/airflow_venv/lib/python3.10/site-packages/airflow/example_dags/example_branch_operator_decorator.py
[2026-05-29T10:51:17.324+0200] {processor.py:839} INFO - DAG(s) dict_keys(['example_branch_python_operator_decorator']) retrieved from /home/frederic/airflow_venv/lib/python3.10/site-packages/airflow/example_dags/example_branch_operator_decorator.py
[2026-05-29T10:51:17.341+0200] {logging_mixin.py:151} INFO - [2026-05-29T10:51:17.341+0200] {dag.py:2915} INFO - Sync 1 DAGs
[2026-05-29T10:51:17.361+0200] {logging_mixin.py:151} INFO - [2026-05-29T10:51:17.361+0200] {dag.py:3696} INFO - Setting next_dagrun for example_branch_python_operator_decorator to 2026-05-28T00:00:00+00:00, run_after=2026-05-29T00:00:00+00:00
[2026-05-29T10:51:17.376+0200] {processor.py:179} INFO - Processing /home/frederic/airflow_venv/lib/python3.10/site-packages/airflow/example_dags/example_branch_operator_decorator.py took 0.066 seconds
