[2026-05-29T02:00:18.019+0200] {processor.py:157} INFO - Started process (PID=633533) to work on /home/frederic/airflow_venv/lib/python3.10/site-packages/airflow/example_dags/example_task_group.py
[2026-05-29T02:00:18.020+0200] {processor.py:829} INFO - Processing file /home/frederic/airflow_venv/lib/python3.10/site-packages/airflow/example_dags/example_task_group.py for tasks to queue
[2026-05-29T02:00:18.021+0200] {logging_mixin.py:151} INFO - [2026-05-29T02:00:18.020+0200] {dagbag.py:539} INFO - Filling up the DagBag from /home/frederic/airflow_venv/lib/python3.10/site-packages/airflow/example_dags/example_task_group.py
[2026-05-29T02:00:18.033+0200] {processor.py:839} INFO - DAG(s) dict_keys(['example_task_group']) retrieved from /home/frederic/airflow_venv/lib/python3.10/site-packages/airflow/example_dags/example_task_group.py
[2026-05-29T02:00:18.054+0200] {logging_mixin.py:151} INFO - [2026-05-29T02:00:18.054+0200] {dag.py:2915} INFO - Sync 1 DAGs
[2026-05-29T02:00:18.080+0200] {logging_mixin.py:151} INFO - [2026-05-29T02:00:18.079+0200] {dag.py:3696} INFO - Setting next_dagrun for example_task_group to 2026-05-28T00:00:18.079581+00:00, run_after=2026-05-29T00:00:18.079581+00:00
[2026-05-29T02:00:18.102+0200] {processor.py:179} INFO - Processing /home/frederic/airflow_venv/lib/python3.10/site-packages/airflow/example_dags/example_task_group.py took 0.089 seconds
[2026-05-29T02:00:23.801+0200] {processor.py:157} INFO - Started process (PID=633744) to work on /home/frederic/airflow_venv/lib/python3.10/site-packages/airflow/example_dags/example_task_group.py
[2026-05-29T02:00:23.802+0200] {processor.py:829} INFO - Processing file /home/frederic/airflow_venv/lib/python3.10/site-packages/airflow/example_dags/example_task_group.py for tasks to queue
[2026-05-29T02:00:23.803+0200] {logging_mixin.py:151} INFO - [2026-05-29T02:00:23.803+0200] {dagbag.py:539} INFO - Filling up the DagBag from /home/frederic/airflow_venv/lib/python3.10/site-packages/airflow/example_dags/example_task_group.py
[2026-05-29T02:00:23.813+0200] {processor.py:839} INFO - DAG(s) dict_keys(['example_task_group']) retrieved from /home/frederic/airflow_venv/lib/python3.10/site-packages/airflow/example_dags/example_task_group.py
[2026-05-29T02:00:23.837+0200] {logging_mixin.py:151} INFO - [2026-05-29T02:00:23.836+0200] {dag.py:2915} INFO - Sync 1 DAGs
[2026-05-29T02:00:23.872+0200] {logging_mixin.py:151} INFO - [2026-05-29T02:00:23.872+0200] {dag.py:3696} INFO - Setting next_dagrun for example_task_group to 2026-05-28T00:00:23.871824+00:00, run_after=2026-05-29T00:00:23.871824+00:00
[2026-05-29T02:00:23.903+0200] {processor.py:179} INFO - Processing /home/frederic/airflow_venv/lib/python3.10/site-packages/airflow/example_dags/example_task_group.py took 0.106 seconds
[2026-05-29T02:01:03.998+0200] {processor.py:157} INFO - Started process (PID=634923) to work on /home/frederic/airflow_venv/lib/python3.10/site-packages/airflow/example_dags/example_task_group.py
[2026-05-29T02:01:03.999+0200] {processor.py:829} INFO - Processing file /home/frederic/airflow_venv/lib/python3.10/site-packages/airflow/example_dags/example_task_group.py for tasks to queue
[2026-05-29T02:01:04.000+0200] {logging_mixin.py:151} INFO - [2026-05-29T02:01:04.000+0200] {dagbag.py:539} INFO - Filling up the DagBag from /home/frederic/airflow_venv/lib/python3.10/site-packages/airflow/example_dags/example_task_group.py
[2026-05-29T02:01:04.008+0200] {processor.py:839} INFO - DAG(s) dict_keys(['example_task_group']) retrieved from /home/frederic/airflow_venv/lib/python3.10/site-packages/airflow/example_dags/example_task_group.py
[2026-05-29T02:01:04.025+0200] {logging_mixin.py:151} INFO - [2026-05-29T02:01:04.025+0200] {dag.py:2915} INFO - Sync 1 DAGs
[2026-05-29T02:01:04.051+0200] {logging_mixin.py:151} INFO - [2026-05-29T02:01:04.051+0200] {dag.py:3696} INFO - Setting next_dagrun for example_task_group to 2026-05-28T00:01:04.051031+00:00, run_after=2026-05-29T00:01:04.051031+00:00
[2026-05-29T02:01:04.073+0200] {processor.py:179} INFO - Processing /home/frederic/airflow_venv/lib/python3.10/site-packages/airflow/example_dags/example_task_group.py took 0.079 seconds
[2026-05-29T02:01:09.886+0200] {processor.py:157} INFO - Started process (PID=635106) to work on /home/frederic/airflow_venv/lib/python3.10/site-packages/airflow/example_dags/example_task_group.py
[2026-05-29T02:01:09.887+0200] {processor.py:829} INFO - Processing file /home/frederic/airflow_venv/lib/python3.10/site-packages/airflow/example_dags/example_task_group.py for tasks to queue
[2026-05-29T02:01:09.887+0200] {logging_mixin.py:151} INFO - [2026-05-29T02:01:09.887+0200] {dagbag.py:539} INFO - Filling up the DagBag from /home/frederic/airflow_venv/lib/python3.10/site-packages/airflow/example_dags/example_task_group.py
[2026-05-29T02:01:09.894+0200] {processor.py:839} INFO - DAG(s) dict_keys(['example_task_group']) retrieved from /home/frederic/airflow_venv/lib/python3.10/site-packages/airflow/example_dags/example_task_group.py
[2026-05-29T02:01:09.908+0200] {logging_mixin.py:151} INFO - [2026-05-29T02:01:09.908+0200] {dag.py:2915} INFO - Sync 1 DAGs
[2026-05-29T02:01:09.924+0200] {logging_mixin.py:151} INFO - [2026-05-29T02:01:09.924+0200] {dag.py:3696} INFO - Setting next_dagrun for example_task_group to 2026-05-28T00:01:09.923890+00:00, run_after=2026-05-29T00:01:09.923890+00:00
[2026-05-29T02:01:09.938+0200] {processor.py:179} INFO - Processing /home/frederic/airflow_venv/lib/python3.10/site-packages/airflow/example_dags/example_task_group.py took 0.055 seconds
[2026-05-29T02:01:50.769+0200] {processor.py:157} INFO - Started process (PID=636270) to work on /home/frederic/airflow_venv/lib/python3.10/site-packages/airflow/example_dags/example_task_group.py
[2026-05-29T02:01:50.770+0200] {processor.py:829} INFO - Processing file /home/frederic/airflow_venv/lib/python3.10/site-packages/airflow/example_dags/example_task_group.py for tasks to queue
[2026-05-29T02:01:50.770+0200] {logging_mixin.py:151} INFO - [2026-05-29T02:01:50.770+0200] {dagbag.py:539} INFO - Filling up the DagBag from /home/frederic/airflow_venv/lib/python3.10/site-packages/airflow/example_dags/example_task_group.py
[2026-05-29T02:01:50.778+0200] {processor.py:839} INFO - DAG(s) dict_keys(['example_task_group']) retrieved from /home/frederic/airflow_venv/lib/python3.10/site-packages/airflow/example_dags/example_task_group.py
[2026-05-29T02:01:50.791+0200] {logging_mixin.py:151} INFO - [2026-05-29T02:01:50.791+0200] {dag.py:2915} INFO - Sync 1 DAGs
[2026-05-29T02:01:50.807+0200] {logging_mixin.py:151} INFO - [2026-05-29T02:01:50.807+0200] {dag.py:3696} INFO - Setting next_dagrun for example_task_group to 2026-05-28T00:01:50.807546+00:00, run_after=2026-05-29T00:01:50.807546+00:00
[2026-05-29T02:01:50.823+0200] {processor.py:179} INFO - Processing /home/frederic/airflow_venv/lib/python3.10/site-packages/airflow/example_dags/example_task_group.py took 0.057 seconds
[2026-05-29T02:01:53.013+0200] {processor.py:157} INFO - Started process (PID=636312) to work on /home/frederic/airflow_venv/lib/python3.10/site-packages/airflow/example_dags/example_task_group.py
[2026-05-29T02:01:53.014+0200] {processor.py:829} INFO - Processing file /home/frederic/airflow_venv/lib/python3.10/site-packages/airflow/example_dags/example_task_group.py for tasks to queue
[2026-05-29T02:01:53.015+0200] {logging_mixin.py:151} INFO - [2026-05-29T02:01:53.015+0200] {dagbag.py:539} INFO - Filling up the DagBag from /home/frederic/airflow_venv/lib/python3.10/site-packages/airflow/example_dags/example_task_group.py
[2026-05-29T02:01:53.024+0200] {processor.py:839} INFO - DAG(s) dict_keys(['example_task_group']) retrieved from /home/frederic/airflow_venv/lib/python3.10/site-packages/airflow/example_dags/example_task_group.py
[2026-05-29T02:01:53.046+0200] {logging_mixin.py:151} INFO - [2026-05-29T02:01:53.046+0200] {dag.py:2915} INFO - Sync 1 DAGs
[2026-05-29T02:01:53.065+0200] {logging_mixin.py:151} INFO - [2026-05-29T02:01:53.065+0200] {dag.py:3696} INFO - Setting next_dagrun for example_task_group to 2026-05-28T00:01:53.065340+00:00, run_after=2026-05-29T00:01:53.065340+00:00
[2026-05-29T02:01:53.083+0200] {processor.py:179} INFO - Processing /home/frederic/airflow_venv/lib/python3.10/site-packages/airflow/example_dags/example_task_group.py took 0.072 seconds
[2026-05-29T02:02:41.114+0200] {processor.py:157} INFO - Started process (PID=637877) to work on /home/frederic/airflow_venv/lib/python3.10/site-packages/airflow/example_dags/example_task_group.py
[2026-05-29T02:02:41.115+0200] {processor.py:829} INFO - Processing file /home/frederic/airflow_venv/lib/python3.10/site-packages/airflow/example_dags/example_task_group.py for tasks to queue
[2026-05-29T02:02:41.116+0200] {logging_mixin.py:151} INFO - [2026-05-29T02:02:41.116+0200] {dagbag.py:539} INFO - Filling up the DagBag from /home/frederic/airflow_venv/lib/python3.10/site-packages/airflow/example_dags/example_task_group.py
[2026-05-29T02:02:41.124+0200] {processor.py:839} INFO - DAG(s) dict_keys(['example_task_group']) retrieved from /home/frederic/airflow_venv/lib/python3.10/site-packages/airflow/example_dags/example_task_group.py
[2026-05-29T02:02:41.146+0200] {logging_mixin.py:151} INFO - [2026-05-29T02:02:41.146+0200] {dag.py:2915} INFO - Sync 1 DAGs
[2026-05-29T02:02:41.168+0200] {logging_mixin.py:151} INFO - [2026-05-29T02:02:41.168+0200] {dag.py:3696} INFO - Setting next_dagrun for example_task_group to 2026-05-28T00:02:41.167866+00:00, run_after=2026-05-29T00:02:41.167866+00:00
[2026-05-29T02:02:41.190+0200] {processor.py:179} INFO - Processing /home/frederic/airflow_venv/lib/python3.10/site-packages/airflow/example_dags/example_task_group.py took 0.080 seconds
[2026-05-29T02:02:42.913+0200] {processor.py:157} INFO - Started process (PID=637919) to work on /home/frederic/airflow_venv/lib/python3.10/site-packages/airflow/example_dags/example_task_group.py
[2026-05-29T02:02:42.914+0200] {processor.py:829} INFO - Processing file /home/frederic/airflow_venv/lib/python3.10/site-packages/airflow/example_dags/example_task_group.py for tasks to queue
[2026-05-29T02:02:42.915+0200] {logging_mixin.py:151} INFO - [2026-05-29T02:02:42.915+0200] {dagbag.py:539} INFO - Filling up the DagBag from /home/frederic/airflow_venv/lib/python3.10/site-packages/airflow/example_dags/example_task_group.py
[2026-05-29T02:02:42.922+0200] {processor.py:839} INFO - DAG(s) dict_keys(['example_task_group']) retrieved from /home/frederic/airflow_venv/lib/python3.10/site-packages/airflow/example_dags/example_task_group.py
[2026-05-29T02:02:42.938+0200] {logging_mixin.py:151} INFO - [2026-05-29T02:02:42.938+0200] {dag.py:2915} INFO - Sync 1 DAGs
[2026-05-29T02:02:42.956+0200] {logging_mixin.py:151} INFO - [2026-05-29T02:02:42.956+0200] {dag.py:3696} INFO - Setting next_dagrun for example_task_group to 2026-05-28T00:02:42.956284+00:00, run_after=2026-05-29T00:02:42.956284+00:00
[2026-05-29T02:02:42.973+0200] {processor.py:179} INFO - Processing /home/frederic/airflow_venv/lib/python3.10/site-packages/airflow/example_dags/example_task_group.py took 0.063 seconds
[2026-05-29T02:03:29.362+0200] {processor.py:157} INFO - Started process (PID=639229) to work on /home/frederic/airflow_venv/lib/python3.10/site-packages/airflow/example_dags/example_task_group.py
[2026-05-29T02:03:29.364+0200] {processor.py:829} INFO - Processing file /home/frederic/airflow_venv/lib/python3.10/site-packages/airflow/example_dags/example_task_group.py for tasks to queue
[2026-05-29T02:03:29.365+0200] {logging_mixin.py:151} INFO - [2026-05-29T02:03:29.364+0200] {dagbag.py:539} INFO - Filling up the DagBag from /home/frederic/airflow_venv/lib/python3.10/site-packages/airflow/example_dags/example_task_group.py
[2026-05-29T02:03:29.372+0200] {processor.py:839} INFO - DAG(s) dict_keys(['example_task_group']) retrieved from /home/frederic/airflow_venv/lib/python3.10/site-packages/airflow/example_dags/example_task_group.py
[2026-05-29T02:03:29.402+0200] {logging_mixin.py:151} INFO - [2026-05-29T02:03:29.401+0200] {dag.py:2915} INFO - Sync 1 DAGs
[2026-05-29T02:03:29.422+0200] {logging_mixin.py:151} INFO - [2026-05-29T02:03:29.422+0200] {dag.py:3696} INFO - Setting next_dagrun for example_task_group to 2026-05-28T00:03:29.421860+00:00, run_after=2026-05-29T00:03:29.421860+00:00
[2026-05-29T02:03:29.447+0200] {processor.py:179} INFO - Processing /home/frederic/airflow_venv/lib/python3.10/site-packages/airflow/example_dags/example_task_group.py took 0.089 seconds
[2026-05-29T02:03:31.721+0200] {processor.py:157} INFO - Started process (PID=639323) to work on /home/frederic/airflow_venv/lib/python3.10/site-packages/airflow/example_dags/example_task_group.py
[2026-05-29T02:03:31.721+0200] {processor.py:829} INFO - Processing file /home/frederic/airflow_venv/lib/python3.10/site-packages/airflow/example_dags/example_task_group.py for tasks to queue
[2026-05-29T02:03:31.722+0200] {logging_mixin.py:151} INFO - [2026-05-29T02:03:31.722+0200] {dagbag.py:539} INFO - Filling up the DagBag from /home/frederic/airflow_venv/lib/python3.10/site-packages/airflow/example_dags/example_task_group.py
[2026-05-29T02:03:31.732+0200] {processor.py:839} INFO - DAG(s) dict_keys(['example_task_group']) retrieved from /home/frederic/airflow_venv/lib/python3.10/site-packages/airflow/example_dags/example_task_group.py
[2026-05-29T02:03:31.746+0200] {logging_mixin.py:151} INFO - [2026-05-29T02:03:31.746+0200] {dag.py:2915} INFO - Sync 1 DAGs
[2026-05-29T02:03:31.766+0200] {logging_mixin.py:151} INFO - [2026-05-29T02:03:31.766+0200] {dag.py:3696} INFO - Setting next_dagrun for example_task_group to 2026-05-28T00:03:31.766487+00:00, run_after=2026-05-29T00:03:31.766487+00:00
[2026-05-29T02:03:31.898+0200] {processor.py:179} INFO - Processing /home/frederic/airflow_venv/lib/python3.10/site-packages/airflow/example_dags/example_task_group.py took 0.181 seconds
[2026-05-29T09:58:13.516+0200] {processor.py:157} INFO - Started process (PID=681689) to work on /home/frederic/airflow_venv/lib/python3.10/site-packages/airflow/example_dags/example_task_group.py
[2026-05-29T09:58:13.517+0200] {processor.py:829} INFO - Processing file /home/frederic/airflow_venv/lib/python3.10/site-packages/airflow/example_dags/example_task_group.py for tasks to queue
[2026-05-29T09:58:13.518+0200] {logging_mixin.py:151} INFO - [2026-05-29T09:58:13.518+0200] {dagbag.py:539} INFO - Filling up the DagBag from /home/frederic/airflow_venv/lib/python3.10/site-packages/airflow/example_dags/example_task_group.py
[2026-05-29T09:58:13.528+0200] {processor.py:839} INFO - DAG(s) dict_keys(['example_task_group']) retrieved from /home/frederic/airflow_venv/lib/python3.10/site-packages/airflow/example_dags/example_task_group.py
[2026-05-29T09:58:13.535+0200] {logging_mixin.py:151} INFO - [2026-05-29T09:58:13.534+0200] {dag.py:2915} INFO - Sync 1 DAGs
[2026-05-29T09:58:13.556+0200] {logging_mixin.py:151} INFO - [2026-05-29T09:58:13.555+0200] {dag.py:3696} INFO - Setting next_dagrun for example_task_group to 2026-05-28T07:58:13.555678+00:00, run_after=2026-05-29T07:58:13.555678+00:00
[2026-05-29T09:58:13.572+0200] {processor.py:179} INFO - Processing /home/frederic/airflow_venv/lib/python3.10/site-packages/airflow/example_dags/example_task_group.py took 0.059 seconds
[2026-05-29T09:59:01.783+0200] {processor.py:157} INFO - Started process (PID=682655) to work on /home/frederic/airflow_venv/lib/python3.10/site-packages/airflow/example_dags/example_task_group.py
[2026-05-29T09:59:01.788+0200] {processor.py:829} INFO - Processing file /home/frederic/airflow_venv/lib/python3.10/site-packages/airflow/example_dags/example_task_group.py for tasks to queue
[2026-05-29T09:59:01.789+0200] {logging_mixin.py:151} INFO - [2026-05-29T09:59:01.788+0200] {dagbag.py:539} INFO - Filling up the DagBag from /home/frederic/airflow_venv/lib/python3.10/site-packages/airflow/example_dags/example_task_group.py
[2026-05-29T09:59:01.797+0200] {processor.py:839} INFO - DAG(s) dict_keys(['example_task_group']) retrieved from /home/frederic/airflow_venv/lib/python3.10/site-packages/airflow/example_dags/example_task_group.py
[2026-05-29T09:59:01.816+0200] {logging_mixin.py:151} INFO - [2026-05-29T09:59:01.815+0200] {dag.py:2915} INFO - Sync 1 DAGs
[2026-05-29T09:59:01.835+0200] {logging_mixin.py:151} INFO - [2026-05-29T09:59:01.835+0200] {dag.py:3696} INFO - Setting next_dagrun for example_task_group to 2026-05-28T07:59:01.835002+00:00, run_after=2026-05-29T07:59:01.835002+00:00
[2026-05-29T09:59:01.852+0200] {processor.py:179} INFO - Processing /home/frederic/airflow_venv/lib/python3.10/site-packages/airflow/example_dags/example_task_group.py took 0.072 seconds
[2026-05-29T09:59:48.618+0200] {processor.py:157} INFO - Started process (PID=683822) to work on /home/frederic/airflow_venv/lib/python3.10/site-packages/airflow/example_dags/example_task_group.py
[2026-05-29T09:59:48.619+0200] {processor.py:829} INFO - Processing file /home/frederic/airflow_venv/lib/python3.10/site-packages/airflow/example_dags/example_task_group.py for tasks to queue
[2026-05-29T09:59:48.620+0200] {logging_mixin.py:151} INFO - [2026-05-29T09:59:48.619+0200] {dagbag.py:539} INFO - Filling up the DagBag from /home/frederic/airflow_venv/lib/python3.10/site-packages/airflow/example_dags/example_task_group.py
[2026-05-29T09:59:48.627+0200] {processor.py:839} INFO - DAG(s) dict_keys(['example_task_group']) retrieved from /home/frederic/airflow_venv/lib/python3.10/site-packages/airflow/example_dags/example_task_group.py
[2026-05-29T09:59:48.642+0200] {logging_mixin.py:151} INFO - [2026-05-29T09:59:48.642+0200] {dag.py:2915} INFO - Sync 1 DAGs
[2026-05-29T09:59:48.665+0200] {logging_mixin.py:151} INFO - [2026-05-29T09:59:48.665+0200] {dag.py:3696} INFO - Setting next_dagrun for example_task_group to 2026-05-28T07:59:48.664853+00:00, run_after=2026-05-29T07:59:48.664853+00:00
[2026-05-29T09:59:48.685+0200] {processor.py:179} INFO - Processing /home/frederic/airflow_venv/lib/python3.10/site-packages/airflow/example_dags/example_task_group.py took 0.070 seconds
[2026-05-29T10:00:29.822+0200] {processor.py:157} INFO - Started process (PID=684436) to work on /home/frederic/airflow_venv/lib/python3.10/site-packages/airflow/example_dags/example_task_group.py
[2026-05-29T10:00:29.825+0200] {processor.py:829} INFO - Processing file /home/frederic/airflow_venv/lib/python3.10/site-packages/airflow/example_dags/example_task_group.py for tasks to queue
[2026-05-29T10:00:29.826+0200] {logging_mixin.py:151} INFO - [2026-05-29T10:00:29.826+0200] {dagbag.py:539} INFO - Filling up the DagBag from /home/frederic/airflow_venv/lib/python3.10/site-packages/airflow/example_dags/example_task_group.py
[2026-05-29T10:00:29.835+0200] {processor.py:839} INFO - DAG(s) dict_keys(['example_task_group']) retrieved from /home/frederic/airflow_venv/lib/python3.10/site-packages/airflow/example_dags/example_task_group.py
[2026-05-29T10:00:29.852+0200] {logging_mixin.py:151} INFO - [2026-05-29T10:00:29.852+0200] {dag.py:2915} INFO - Sync 1 DAGs
[2026-05-29T10:00:29.871+0200] {logging_mixin.py:151} INFO - [2026-05-29T10:00:29.871+0200] {dag.py:3696} INFO - Setting next_dagrun for example_task_group to 2026-05-28T08:00:29.870847+00:00, run_after=2026-05-29T08:00:29.870847+00:00
[2026-05-29T10:00:29.891+0200] {processor.py:179} INFO - Processing /home/frederic/airflow_venv/lib/python3.10/site-packages/airflow/example_dags/example_task_group.py took 0.071 seconds
[2026-05-29T10:01:18.117+0200] {processor.py:157} INFO - Started process (PID=685350) to work on /home/frederic/airflow_venv/lib/python3.10/site-packages/airflow/example_dags/example_task_group.py
[2026-05-29T10:01:18.118+0200] {processor.py:829} INFO - Processing file /home/frederic/airflow_venv/lib/python3.10/site-packages/airflow/example_dags/example_task_group.py for tasks to queue
[2026-05-29T10:01:18.119+0200] {logging_mixin.py:151} INFO - [2026-05-29T10:01:18.118+0200] {dagbag.py:539} INFO - Filling up the DagBag from /home/frederic/airflow_venv/lib/python3.10/site-packages/airflow/example_dags/example_task_group.py
[2026-05-29T10:01:18.127+0200] {processor.py:839} INFO - DAG(s) dict_keys(['example_task_group']) retrieved from /home/frederic/airflow_venv/lib/python3.10/site-packages/airflow/example_dags/example_task_group.py
[2026-05-29T10:01:18.151+0200] {logging_mixin.py:151} INFO - [2026-05-29T10:01:18.150+0200] {dag.py:2915} INFO - Sync 1 DAGs
[2026-05-29T10:01:18.172+0200] {logging_mixin.py:151} INFO - [2026-05-29T10:01:18.172+0200] {dag.py:3696} INFO - Setting next_dagrun for example_task_group to 2026-05-28T08:01:18.172476+00:00, run_after=2026-05-29T08:01:18.172476+00:00
[2026-05-29T10:01:18.191+0200] {processor.py:179} INFO - Processing /home/frederic/airflow_venv/lib/python3.10/site-packages/airflow/example_dags/example_task_group.py took 0.077 seconds
[2026-05-29T10:02:06.589+0200] {processor.py:157} INFO - Started process (PID=685956) to work on /home/frederic/airflow_venv/lib/python3.10/site-packages/airflow/example_dags/example_task_group.py
[2026-05-29T10:02:06.590+0200] {processor.py:829} INFO - Processing file /home/frederic/airflow_venv/lib/python3.10/site-packages/airflow/example_dags/example_task_group.py for tasks to queue
[2026-05-29T10:02:06.591+0200] {logging_mixin.py:151} INFO - [2026-05-29T10:02:06.590+0200] {dagbag.py:539} INFO - Filling up the DagBag from /home/frederic/airflow_venv/lib/python3.10/site-packages/airflow/example_dags/example_task_group.py
[2026-05-29T10:02:06.599+0200] {processor.py:839} INFO - DAG(s) dict_keys(['example_task_group']) retrieved from /home/frederic/airflow_venv/lib/python3.10/site-packages/airflow/example_dags/example_task_group.py
[2026-05-29T10:02:06.614+0200] {logging_mixin.py:151} INFO - [2026-05-29T10:02:06.614+0200] {dag.py:2915} INFO - Sync 1 DAGs
[2026-05-29T10:02:06.631+0200] {logging_mixin.py:151} INFO - [2026-05-29T10:02:06.631+0200] {dag.py:3696} INFO - Setting next_dagrun for example_task_group to 2026-05-28T08:02:06.631131+00:00, run_after=2026-05-29T08:02:06.631131+00:00
[2026-05-29T10:02:06.648+0200] {processor.py:179} INFO - Processing /home/frederic/airflow_venv/lib/python3.10/site-packages/airflow/example_dags/example_task_group.py took 0.062 seconds
[2026-05-29T10:02:51.628+0200] {processor.py:157} INFO - Started process (PID=686371) to work on /home/frederic/airflow_venv/lib/python3.10/site-packages/airflow/example_dags/example_task_group.py
[2026-05-29T10:02:51.631+0200] {processor.py:829} INFO - Processing file /home/frederic/airflow_venv/lib/python3.10/site-packages/airflow/example_dags/example_task_group.py for tasks to queue
[2026-05-29T10:02:51.632+0200] {logging_mixin.py:151} INFO - [2026-05-29T10:02:51.632+0200] {dagbag.py:539} INFO - Filling up the DagBag from /home/frederic/airflow_venv/lib/python3.10/site-packages/airflow/example_dags/example_task_group.py
[2026-05-29T10:02:51.640+0200] {processor.py:839} INFO - DAG(s) dict_keys(['example_task_group']) retrieved from /home/frederic/airflow_venv/lib/python3.10/site-packages/airflow/example_dags/example_task_group.py
[2026-05-29T10:02:51.655+0200] {logging_mixin.py:151} INFO - [2026-05-29T10:02:51.654+0200] {dag.py:2915} INFO - Sync 1 DAGs
[2026-05-29T10:02:51.672+0200] {logging_mixin.py:151} INFO - [2026-05-29T10:02:51.672+0200] {dag.py:3696} INFO - Setting next_dagrun for example_task_group to 2026-05-28T08:02:51.671986+00:00, run_after=2026-05-29T08:02:51.671986+00:00
[2026-05-29T10:02:51.690+0200] {processor.py:179} INFO - Processing /home/frederic/airflow_venv/lib/python3.10/site-packages/airflow/example_dags/example_task_group.py took 0.064 seconds
[2026-05-29T10:03:40.188+0200] {processor.py:157} INFO - Started process (PID=687149) to work on /home/frederic/airflow_venv/lib/python3.10/site-packages/airflow/example_dags/example_task_group.py
[2026-05-29T10:03:40.192+0200] {processor.py:829} INFO - Processing file /home/frederic/airflow_venv/lib/python3.10/site-packages/airflow/example_dags/example_task_group.py for tasks to queue
[2026-05-29T10:03:40.193+0200] {logging_mixin.py:151} INFO - [2026-05-29T10:03:40.193+0200] {dagbag.py:539} INFO - Filling up the DagBag from /home/frederic/airflow_venv/lib/python3.10/site-packages/airflow/example_dags/example_task_group.py
[2026-05-29T10:03:40.202+0200] {processor.py:839} INFO - DAG(s) dict_keys(['example_task_group']) retrieved from /home/frederic/airflow_venv/lib/python3.10/site-packages/airflow/example_dags/example_task_group.py
[2026-05-29T10:03:40.221+0200] {logging_mixin.py:151} INFO - [2026-05-29T10:03:40.221+0200] {dag.py:2915} INFO - Sync 1 DAGs
[2026-05-29T10:03:40.241+0200] {logging_mixin.py:151} INFO - [2026-05-29T10:03:40.240+0200] {dag.py:3696} INFO - Setting next_dagrun for example_task_group to 2026-05-28T08:03:40.240644+00:00, run_after=2026-05-29T08:03:40.240644+00:00
[2026-05-29T10:03:40.258+0200] {processor.py:179} INFO - Processing /home/frederic/airflow_venv/lib/python3.10/site-packages/airflow/example_dags/example_task_group.py took 0.073 seconds
[2026-05-29T10:04:27.326+0200] {processor.py:157} INFO - Started process (PID=688161) to work on /home/frederic/airflow_venv/lib/python3.10/site-packages/airflow/example_dags/example_task_group.py
[2026-05-29T10:04:27.327+0200] {processor.py:829} INFO - Processing file /home/frederic/airflow_venv/lib/python3.10/site-packages/airflow/example_dags/example_task_group.py for tasks to queue
[2026-05-29T10:04:27.328+0200] {logging_mixin.py:151} INFO - [2026-05-29T10:04:27.328+0200] {dagbag.py:539} INFO - Filling up the DagBag from /home/frederic/airflow_venv/lib/python3.10/site-packages/airflow/example_dags/example_task_group.py
[2026-05-29T10:04:27.335+0200] {processor.py:839} INFO - DAG(s) dict_keys(['example_task_group']) retrieved from /home/frederic/airflow_venv/lib/python3.10/site-packages/airflow/example_dags/example_task_group.py
[2026-05-29T10:04:27.352+0200] {logging_mixin.py:151} INFO - [2026-05-29T10:04:27.352+0200] {dag.py:2915} INFO - Sync 1 DAGs
[2026-05-29T10:04:27.369+0200] {logging_mixin.py:151} INFO - [2026-05-29T10:04:27.369+0200] {dag.py:3696} INFO - Setting next_dagrun for example_task_group to 2026-05-28T08:04:27.369339+00:00, run_after=2026-05-29T08:04:27.369339+00:00
[2026-05-29T10:04:27.386+0200] {processor.py:179} INFO - Processing /home/frederic/airflow_venv/lib/python3.10/site-packages/airflow/example_dags/example_task_group.py took 0.063 seconds
[2026-05-29T10:05:14.606+0200] {processor.py:157} INFO - Started process (PID=689225) to work on /home/frederic/airflow_venv/lib/python3.10/site-packages/airflow/example_dags/example_task_group.py
[2026-05-29T10:05:14.607+0200] {processor.py:829} INFO - Processing file /home/frederic/airflow_venv/lib/python3.10/site-packages/airflow/example_dags/example_task_group.py for tasks to queue
[2026-05-29T10:05:14.608+0200] {logging_mixin.py:151} INFO - [2026-05-29T10:05:14.608+0200] {dagbag.py:539} INFO - Filling up the DagBag from /home/frederic/airflow_venv/lib/python3.10/site-packages/airflow/example_dags/example_task_group.py
[2026-05-29T10:05:14.615+0200] {processor.py:839} INFO - DAG(s) dict_keys(['example_task_group']) retrieved from /home/frederic/airflow_venv/lib/python3.10/site-packages/airflow/example_dags/example_task_group.py
[2026-05-29T10:05:14.630+0200] {logging_mixin.py:151} INFO - [2026-05-29T10:05:14.630+0200] {dag.py:2915} INFO - Sync 1 DAGs
[2026-05-29T10:05:14.649+0200] {logging_mixin.py:151} INFO - [2026-05-29T10:05:14.648+0200] {dag.py:3696} INFO - Setting next_dagrun for example_task_group to 2026-05-28T08:05:14.648819+00:00, run_after=2026-05-29T08:05:14.648819+00:00
[2026-05-29T10:05:14.667+0200] {processor.py:179} INFO - Processing /home/frederic/airflow_venv/lib/python3.10/site-packages/airflow/example_dags/example_task_group.py took 0.064 seconds
[2026-05-29T10:06:01.966+0200] {processor.py:157} INFO - Started process (PID=689962) to work on /home/frederic/airflow_venv/lib/python3.10/site-packages/airflow/example_dags/example_task_group.py
[2026-05-29T10:06:01.967+0200] {processor.py:829} INFO - Processing file /home/frederic/airflow_venv/lib/python3.10/site-packages/airflow/example_dags/example_task_group.py for tasks to queue
[2026-05-29T10:06:01.968+0200] {logging_mixin.py:151} INFO - [2026-05-29T10:06:01.968+0200] {dagbag.py:539} INFO - Filling up the DagBag from /home/frederic/airflow_venv/lib/python3.10/site-packages/airflow/example_dags/example_task_group.py
[2026-05-29T10:06:01.977+0200] {processor.py:839} INFO - DAG(s) dict_keys(['example_task_group']) retrieved from /home/frederic/airflow_venv/lib/python3.10/site-packages/airflow/example_dags/example_task_group.py
[2026-05-29T10:06:02.000+0200] {logging_mixin.py:151} INFO - [2026-05-29T10:06:02.000+0200] {dag.py:2915} INFO - Sync 1 DAGs
[2026-05-29T10:06:02.026+0200] {logging_mixin.py:151} INFO - [2026-05-29T10:06:02.026+0200] {dag.py:3696} INFO - Setting next_dagrun for example_task_group to 2026-05-28T08:06:02.026321+00:00, run_after=2026-05-29T08:06:02.026321+00:00
[2026-05-29T10:06:02.047+0200] {processor.py:179} INFO - Processing /home/frederic/airflow_venv/lib/python3.10/site-packages/airflow/example_dags/example_task_group.py took 0.084 seconds
[2026-05-29T10:06:54.630+0200] {processor.py:157} INFO - Started process (PID=690649) to work on /home/frederic/airflow_venv/lib/python3.10/site-packages/airflow/example_dags/example_task_group.py
[2026-05-29T10:06:54.631+0200] {processor.py:829} INFO - Processing file /home/frederic/airflow_venv/lib/python3.10/site-packages/airflow/example_dags/example_task_group.py for tasks to queue
[2026-05-29T10:06:54.631+0200] {logging_mixin.py:151} INFO - [2026-05-29T10:06:54.631+0200] {dagbag.py:539} INFO - Filling up the DagBag from /home/frederic/airflow_venv/lib/python3.10/site-packages/airflow/example_dags/example_task_group.py
[2026-05-29T10:06:54.639+0200] {processor.py:839} INFO - DAG(s) dict_keys(['example_task_group']) retrieved from /home/frederic/airflow_venv/lib/python3.10/site-packages/airflow/example_dags/example_task_group.py
[2026-05-29T10:06:54.654+0200] {logging_mixin.py:151} INFO - [2026-05-29T10:06:54.654+0200] {dag.py:2915} INFO - Sync 1 DAGs
[2026-05-29T10:06:54.683+0200] {logging_mixin.py:151} INFO - [2026-05-29T10:06:54.682+0200] {dag.py:3696} INFO - Setting next_dagrun for example_task_group to 2026-05-28T08:06:54.682466+00:00, run_after=2026-05-29T08:06:54.682466+00:00
[2026-05-29T10:06:54.703+0200] {processor.py:179} INFO - Processing /home/frederic/airflow_venv/lib/python3.10/site-packages/airflow/example_dags/example_task_group.py took 0.077 seconds
[2026-05-29T10:07:48.765+0200] {processor.py:157} INFO - Started process (PID=691226) to work on /home/frederic/airflow_venv/lib/python3.10/site-packages/airflow/example_dags/example_task_group.py
[2026-05-29T10:07:48.767+0200] {processor.py:829} INFO - Processing file /home/frederic/airflow_venv/lib/python3.10/site-packages/airflow/example_dags/example_task_group.py for tasks to queue
[2026-05-29T10:07:48.768+0200] {logging_mixin.py:151} INFO - [2026-05-29T10:07:48.767+0200] {dagbag.py:539} INFO - Filling up the DagBag from /home/frederic/airflow_venv/lib/python3.10/site-packages/airflow/example_dags/example_task_group.py
[2026-05-29T10:07:48.774+0200] {processor.py:839} INFO - DAG(s) dict_keys(['example_task_group']) retrieved from /home/frederic/airflow_venv/lib/python3.10/site-packages/airflow/example_dags/example_task_group.py
[2026-05-29T10:07:48.790+0200] {logging_mixin.py:151} INFO - [2026-05-29T10:07:48.790+0200] {dag.py:2915} INFO - Sync 1 DAGs
[2026-05-29T10:07:48.811+0200] {logging_mixin.py:151} INFO - [2026-05-29T10:07:48.811+0200] {dag.py:3696} INFO - Setting next_dagrun for example_task_group to 2026-05-28T08:07:48.811030+00:00, run_after=2026-05-29T08:07:48.811030+00:00
[2026-05-29T10:07:48.830+0200] {processor.py:179} INFO - Processing /home/frederic/airflow_venv/lib/python3.10/site-packages/airflow/example_dags/example_task_group.py took 0.068 seconds
[2026-05-29T10:08:33.677+0200] {processor.py:157} INFO - Started process (PID=691814) to work on /home/frederic/airflow_venv/lib/python3.10/site-packages/airflow/example_dags/example_task_group.py
[2026-05-29T10:08:33.680+0200] {processor.py:829} INFO - Processing file /home/frederic/airflow_venv/lib/python3.10/site-packages/airflow/example_dags/example_task_group.py for tasks to queue
[2026-05-29T10:08:33.681+0200] {logging_mixin.py:151} INFO - [2026-05-29T10:08:33.680+0200] {dagbag.py:539} INFO - Filling up the DagBag from /home/frederic/airflow_venv/lib/python3.10/site-packages/airflow/example_dags/example_task_group.py
[2026-05-29T10:08:33.688+0200] {processor.py:839} INFO - DAG(s) dict_keys(['example_task_group']) retrieved from /home/frederic/airflow_venv/lib/python3.10/site-packages/airflow/example_dags/example_task_group.py
[2026-05-29T10:08:33.703+0200] {logging_mixin.py:151} INFO - [2026-05-29T10:08:33.703+0200] {dag.py:2915} INFO - Sync 1 DAGs
[2026-05-29T10:08:33.721+0200] {logging_mixin.py:151} INFO - [2026-05-29T10:08:33.720+0200] {dag.py:3696} INFO - Setting next_dagrun for example_task_group to 2026-05-28T08:08:33.720818+00:00, run_after=2026-05-29T08:08:33.720818+00:00
[2026-05-29T10:08:33.739+0200] {processor.py:179} INFO - Processing /home/frederic/airflow_venv/lib/python3.10/site-packages/airflow/example_dags/example_task_group.py took 0.065 seconds
[2026-05-29T10:09:19.915+0200] {processor.py:157} INFO - Started process (PID=692400) to work on /home/frederic/airflow_venv/lib/python3.10/site-packages/airflow/example_dags/example_task_group.py
[2026-05-29T10:09:19.918+0200] {processor.py:829} INFO - Processing file /home/frederic/airflow_venv/lib/python3.10/site-packages/airflow/example_dags/example_task_group.py for tasks to queue
[2026-05-29T10:09:19.919+0200] {logging_mixin.py:151} INFO - [2026-05-29T10:09:19.918+0200] {dagbag.py:539} INFO - Filling up the DagBag from /home/frederic/airflow_venv/lib/python3.10/site-packages/airflow/example_dags/example_task_group.py
[2026-05-29T10:09:19.926+0200] {processor.py:839} INFO - DAG(s) dict_keys(['example_task_group']) retrieved from /home/frederic/airflow_venv/lib/python3.10/site-packages/airflow/example_dags/example_task_group.py
[2026-05-29T10:09:19.943+0200] {logging_mixin.py:151} INFO - [2026-05-29T10:09:19.943+0200] {dag.py:2915} INFO - Sync 1 DAGs
[2026-05-29T10:09:19.961+0200] {logging_mixin.py:151} INFO - [2026-05-29T10:09:19.961+0200] {dag.py:3696} INFO - Setting next_dagrun for example_task_group to 2026-05-28T08:09:19.961573+00:00, run_after=2026-05-29T08:09:19.961573+00:00
[2026-05-29T10:09:19.978+0200] {processor.py:179} INFO - Processing /home/frederic/airflow_venv/lib/python3.10/site-packages/airflow/example_dags/example_task_group.py took 0.068 seconds
[2026-05-29T10:10:10.617+0200] {processor.py:157} INFO - Started process (PID=692977) to work on /home/frederic/airflow_venv/lib/python3.10/site-packages/airflow/example_dags/example_task_group.py
[2026-05-29T10:10:10.618+0200] {processor.py:829} INFO - Processing file /home/frederic/airflow_venv/lib/python3.10/site-packages/airflow/example_dags/example_task_group.py for tasks to queue
[2026-05-29T10:10:10.619+0200] {logging_mixin.py:151} INFO - [2026-05-29T10:10:10.619+0200] {dagbag.py:539} INFO - Filling up the DagBag from /home/frederic/airflow_venv/lib/python3.10/site-packages/airflow/example_dags/example_task_group.py
[2026-05-29T10:10:10.626+0200] {processor.py:839} INFO - DAG(s) dict_keys(['example_task_group']) retrieved from /home/frederic/airflow_venv/lib/python3.10/site-packages/airflow/example_dags/example_task_group.py
[2026-05-29T10:10:10.644+0200] {logging_mixin.py:151} INFO - [2026-05-29T10:10:10.644+0200] {dag.py:2915} INFO - Sync 1 DAGs
[2026-05-29T10:10:10.664+0200] {logging_mixin.py:151} INFO - [2026-05-29T10:10:10.664+0200] {dag.py:3696} INFO - Setting next_dagrun for example_task_group to 2026-05-28T08:10:10.664367+00:00, run_after=2026-05-29T08:10:10.664367+00:00
[2026-05-29T10:10:10.685+0200] {processor.py:179} INFO - Processing /home/frederic/airflow_venv/lib/python3.10/site-packages/airflow/example_dags/example_task_group.py took 0.072 seconds
[2026-05-29T10:10:58.840+0200] {processor.py:157} INFO - Started process (PID=694030) to work on /home/frederic/airflow_venv/lib/python3.10/site-packages/airflow/example_dags/example_task_group.py
[2026-05-29T10:10:58.843+0200] {processor.py:829} INFO - Processing file /home/frederic/airflow_venv/lib/python3.10/site-packages/airflow/example_dags/example_task_group.py for tasks to queue
[2026-05-29T10:10:58.844+0200] {logging_mixin.py:151} INFO - [2026-05-29T10:10:58.843+0200] {dagbag.py:539} INFO - Filling up the DagBag from /home/frederic/airflow_venv/lib/python3.10/site-packages/airflow/example_dags/example_task_group.py
[2026-05-29T10:10:58.852+0200] {processor.py:839} INFO - DAG(s) dict_keys(['example_task_group']) retrieved from /home/frederic/airflow_venv/lib/python3.10/site-packages/airflow/example_dags/example_task_group.py
[2026-05-29T10:10:58.867+0200] {logging_mixin.py:151} INFO - [2026-05-29T10:10:58.867+0200] {dag.py:2915} INFO - Sync 1 DAGs
[2026-05-29T10:10:58.886+0200] {logging_mixin.py:151} INFO - [2026-05-29T10:10:58.886+0200] {dag.py:3696} INFO - Setting next_dagrun for example_task_group to 2026-05-28T08:10:58.886634+00:00, run_after=2026-05-29T08:10:58.886634+00:00
[2026-05-29T10:10:58.904+0200] {processor.py:179} INFO - Processing /home/frederic/airflow_venv/lib/python3.10/site-packages/airflow/example_dags/example_task_group.py took 0.067 seconds
[2026-05-29T10:11:47.857+0200] {processor.py:157} INFO - Started process (PID=694976) to work on /home/frederic/airflow_venv/lib/python3.10/site-packages/airflow/example_dags/example_task_group.py
[2026-05-29T10:11:47.858+0200] {processor.py:829} INFO - Processing file /home/frederic/airflow_venv/lib/python3.10/site-packages/airflow/example_dags/example_task_group.py for tasks to queue
[2026-05-29T10:11:47.859+0200] {logging_mixin.py:151} INFO - [2026-05-29T10:11:47.859+0200] {dagbag.py:539} INFO - Filling up the DagBag from /home/frederic/airflow_venv/lib/python3.10/site-packages/airflow/example_dags/example_task_group.py
[2026-05-29T10:11:47.865+0200] {processor.py:839} INFO - DAG(s) dict_keys(['example_task_group']) retrieved from /home/frederic/airflow_venv/lib/python3.10/site-packages/airflow/example_dags/example_task_group.py
[2026-05-29T10:11:47.878+0200] {logging_mixin.py:151} INFO - [2026-05-29T10:11:47.878+0200] {dag.py:2915} INFO - Sync 1 DAGs
[2026-05-29T10:11:47.893+0200] {logging_mixin.py:151} INFO - [2026-05-29T10:11:47.893+0200] {dag.py:3696} INFO - Setting next_dagrun for example_task_group to 2026-05-28T08:11:47.893571+00:00, run_after=2026-05-29T08:11:47.893571+00:00
[2026-05-29T10:11:47.907+0200] {processor.py:179} INFO - Processing /home/frederic/airflow_venv/lib/python3.10/site-packages/airflow/example_dags/example_task_group.py took 0.052 seconds
[2026-05-29T10:12:30.353+0200] {processor.py:157} INFO - Started process (PID=695540) to work on /home/frederic/airflow_venv/lib/python3.10/site-packages/airflow/example_dags/example_task_group.py
[2026-05-29T10:12:30.354+0200] {processor.py:829} INFO - Processing file /home/frederic/airflow_venv/lib/python3.10/site-packages/airflow/example_dags/example_task_group.py for tasks to queue
[2026-05-29T10:12:30.355+0200] {logging_mixin.py:151} INFO - [2026-05-29T10:12:30.354+0200] {dagbag.py:539} INFO - Filling up the DagBag from /home/frederic/airflow_venv/lib/python3.10/site-packages/airflow/example_dags/example_task_group.py
[2026-05-29T10:12:30.361+0200] {processor.py:839} INFO - DAG(s) dict_keys(['example_task_group']) retrieved from /home/frederic/airflow_venv/lib/python3.10/site-packages/airflow/example_dags/example_task_group.py
[2026-05-29T10:12:30.374+0200] {logging_mixin.py:151} INFO - [2026-05-29T10:12:30.374+0200] {dag.py:2915} INFO - Sync 1 DAGs
[2026-05-29T10:12:30.390+0200] {logging_mixin.py:151} INFO - [2026-05-29T10:12:30.389+0200] {dag.py:3696} INFO - Setting next_dagrun for example_task_group to 2026-05-28T08:12:30.389698+00:00, run_after=2026-05-29T08:12:30.389698+00:00
[2026-05-29T10:12:30.404+0200] {processor.py:179} INFO - Processing /home/frederic/airflow_venv/lib/python3.10/site-packages/airflow/example_dags/example_task_group.py took 0.054 seconds
[2026-05-29T10:13:08.756+0200] {processor.py:157} INFO - Started process (PID=695998) to work on /home/frederic/airflow_venv/lib/python3.10/site-packages/airflow/example_dags/example_task_group.py
[2026-05-29T10:13:08.757+0200] {processor.py:829} INFO - Processing file /home/frederic/airflow_venv/lib/python3.10/site-packages/airflow/example_dags/example_task_group.py for tasks to queue
[2026-05-29T10:13:08.758+0200] {logging_mixin.py:151} INFO - [2026-05-29T10:13:08.758+0200] {dagbag.py:539} INFO - Filling up the DagBag from /home/frederic/airflow_venv/lib/python3.10/site-packages/airflow/example_dags/example_task_group.py
[2026-05-29T10:13:08.765+0200] {processor.py:839} INFO - DAG(s) dict_keys(['example_task_group']) retrieved from /home/frederic/airflow_venv/lib/python3.10/site-packages/airflow/example_dags/example_task_group.py
[2026-05-29T10:13:08.782+0200] {logging_mixin.py:151} INFO - [2026-05-29T10:13:08.781+0200] {dag.py:2915} INFO - Sync 1 DAGs
[2026-05-29T10:13:08.798+0200] {logging_mixin.py:151} INFO - [2026-05-29T10:13:08.797+0200] {dag.py:3696} INFO - Setting next_dagrun for example_task_group to 2026-05-28T08:13:08.797801+00:00, run_after=2026-05-29T08:13:08.797801+00:00
[2026-05-29T10:13:08.812+0200] {processor.py:179} INFO - Processing /home/frederic/airflow_venv/lib/python3.10/site-packages/airflow/example_dags/example_task_group.py took 0.059 seconds
[2026-05-29T10:13:57.263+0200] {processor.py:157} INFO - Started process (PID=696497) to work on /home/frederic/airflow_venv/lib/python3.10/site-packages/airflow/example_dags/example_task_group.py
[2026-05-29T10:13:57.264+0200] {processor.py:829} INFO - Processing file /home/frederic/airflow_venv/lib/python3.10/site-packages/airflow/example_dags/example_task_group.py for tasks to queue
[2026-05-29T10:13:57.264+0200] {logging_mixin.py:151} INFO - [2026-05-29T10:13:57.264+0200] {dagbag.py:539} INFO - Filling up the DagBag from /home/frederic/airflow_venv/lib/python3.10/site-packages/airflow/example_dags/example_task_group.py
[2026-05-29T10:13:57.270+0200] {processor.py:839} INFO - DAG(s) dict_keys(['example_task_group']) retrieved from /home/frederic/airflow_venv/lib/python3.10/site-packages/airflow/example_dags/example_task_group.py
[2026-05-29T10:13:57.283+0200] {logging_mixin.py:151} INFO - [2026-05-29T10:13:57.283+0200] {dag.py:2915} INFO - Sync 1 DAGs
[2026-05-29T10:13:57.298+0200] {logging_mixin.py:151} INFO - [2026-05-29T10:13:57.297+0200] {dag.py:3696} INFO - Setting next_dagrun for example_task_group to 2026-05-28T08:13:57.297814+00:00, run_after=2026-05-29T08:13:57.297814+00:00
[2026-05-29T10:13:57.313+0200] {processor.py:179} INFO - Processing /home/frederic/airflow_venv/lib/python3.10/site-packages/airflow/example_dags/example_task_group.py took 0.053 seconds
[2026-05-29T10:14:47.797+0200] {processor.py:157} INFO - Started process (PID=697174) to work on /home/frederic/airflow_venv/lib/python3.10/site-packages/airflow/example_dags/example_task_group.py
[2026-05-29T10:14:47.798+0200] {processor.py:829} INFO - Processing file /home/frederic/airflow_venv/lib/python3.10/site-packages/airflow/example_dags/example_task_group.py for tasks to queue
[2026-05-29T10:14:47.798+0200] {logging_mixin.py:151} INFO - [2026-05-29T10:14:47.798+0200] {dagbag.py:539} INFO - Filling up the DagBag from /home/frederic/airflow_venv/lib/python3.10/site-packages/airflow/example_dags/example_task_group.py
[2026-05-29T10:14:47.805+0200] {processor.py:839} INFO - DAG(s) dict_keys(['example_task_group']) retrieved from /home/frederic/airflow_venv/lib/python3.10/site-packages/airflow/example_dags/example_task_group.py
[2026-05-29T10:14:47.819+0200] {logging_mixin.py:151} INFO - [2026-05-29T10:14:47.819+0200] {dag.py:2915} INFO - Sync 1 DAGs
[2026-05-29T10:14:47.836+0200] {logging_mixin.py:151} INFO - [2026-05-29T10:14:47.835+0200] {dag.py:3696} INFO - Setting next_dagrun for example_task_group to 2026-05-28T08:14:47.835792+00:00, run_after=2026-05-29T08:14:47.835792+00:00
[2026-05-29T10:14:47.852+0200] {processor.py:179} INFO - Processing /home/frederic/airflow_venv/lib/python3.10/site-packages/airflow/example_dags/example_task_group.py took 0.058 seconds
[2026-05-29T10:15:33.908+0200] {processor.py:157} INFO - Started process (PID=697807) to work on /home/frederic/airflow_venv/lib/python3.10/site-packages/airflow/example_dags/example_task_group.py
[2026-05-29T10:15:33.909+0200] {processor.py:829} INFO - Processing file /home/frederic/airflow_venv/lib/python3.10/site-packages/airflow/example_dags/example_task_group.py for tasks to queue
[2026-05-29T10:15:33.910+0200] {logging_mixin.py:151} INFO - [2026-05-29T10:15:33.910+0200] {dagbag.py:539} INFO - Filling up the DagBag from /home/frederic/airflow_venv/lib/python3.10/site-packages/airflow/example_dags/example_task_group.py
[2026-05-29T10:15:33.916+0200] {processor.py:839} INFO - DAG(s) dict_keys(['example_task_group']) retrieved from /home/frederic/airflow_venv/lib/python3.10/site-packages/airflow/example_dags/example_task_group.py
[2026-05-29T10:15:33.929+0200] {logging_mixin.py:151} INFO - [2026-05-29T10:15:33.928+0200] {dag.py:2915} INFO - Sync 1 DAGs
[2026-05-29T10:15:33.944+0200] {logging_mixin.py:151} INFO - [2026-05-29T10:15:33.944+0200] {dag.py:3696} INFO - Setting next_dagrun for example_task_group to 2026-05-28T08:15:33.944599+00:00, run_after=2026-05-29T08:15:33.944599+00:00
[2026-05-29T10:15:33.960+0200] {processor.py:179} INFO - Processing /home/frederic/airflow_venv/lib/python3.10/site-packages/airflow/example_dags/example_task_group.py took 0.054 seconds
[2026-05-29T10:16:23.020+0200] {processor.py:157} INFO - Started process (PID=698627) to work on /home/frederic/airflow_venv/lib/python3.10/site-packages/airflow/example_dags/example_task_group.py
[2026-05-29T10:16:23.021+0200] {processor.py:829} INFO - Processing file /home/frederic/airflow_venv/lib/python3.10/site-packages/airflow/example_dags/example_task_group.py for tasks to queue
[2026-05-29T10:16:23.022+0200] {logging_mixin.py:151} INFO - [2026-05-29T10:16:23.022+0200] {dagbag.py:539} INFO - Filling up the DagBag from /home/frederic/airflow_venv/lib/python3.10/site-packages/airflow/example_dags/example_task_group.py
[2026-05-29T10:16:23.033+0200] {processor.py:839} INFO - DAG(s) dict_keys(['example_task_group']) retrieved from /home/frederic/airflow_venv/lib/python3.10/site-packages/airflow/example_dags/example_task_group.py
[2026-05-29T10:16:23.051+0200] {logging_mixin.py:151} INFO - [2026-05-29T10:16:23.051+0200] {dag.py:2915} INFO - Sync 1 DAGs
[2026-05-29T10:16:23.068+0200] {logging_mixin.py:151} INFO - [2026-05-29T10:16:23.068+0200] {dag.py:3696} INFO - Setting next_dagrun for example_task_group to 2026-05-28T08:16:23.068147+00:00, run_after=2026-05-29T08:16:23.068147+00:00
[2026-05-29T10:16:23.082+0200] {processor.py:179} INFO - Processing /home/frederic/airflow_venv/lib/python3.10/site-packages/airflow/example_dags/example_task_group.py took 0.066 seconds
[2026-05-29T10:17:08.479+0200] {processor.py:157} INFO - Started process (PID=699472) to work on /home/frederic/airflow_venv/lib/python3.10/site-packages/airflow/example_dags/example_task_group.py
[2026-05-29T10:17:08.480+0200] {processor.py:829} INFO - Processing file /home/frederic/airflow_venv/lib/python3.10/site-packages/airflow/example_dags/example_task_group.py for tasks to queue
[2026-05-29T10:17:08.481+0200] {logging_mixin.py:151} INFO - [2026-05-29T10:17:08.480+0200] {dagbag.py:539} INFO - Filling up the DagBag from /home/frederic/airflow_venv/lib/python3.10/site-packages/airflow/example_dags/example_task_group.py
[2026-05-29T10:17:08.487+0200] {processor.py:839} INFO - DAG(s) dict_keys(['example_task_group']) retrieved from /home/frederic/airflow_venv/lib/python3.10/site-packages/airflow/example_dags/example_task_group.py
[2026-05-29T10:17:08.501+0200] {logging_mixin.py:151} INFO - [2026-05-29T10:17:08.501+0200] {dag.py:2915} INFO - Sync 1 DAGs
[2026-05-29T10:17:08.517+0200] {logging_mixin.py:151} INFO - [2026-05-29T10:17:08.516+0200] {dag.py:3696} INFO - Setting next_dagrun for example_task_group to 2026-05-28T08:17:08.516798+00:00, run_after=2026-05-29T08:17:08.516798+00:00
[2026-05-29T10:17:08.532+0200] {processor.py:179} INFO - Processing /home/frederic/airflow_venv/lib/python3.10/site-packages/airflow/example_dags/example_task_group.py took 0.055 seconds
[2026-05-29T10:17:55.580+0200] {processor.py:157} INFO - Started process (PID=700479) to work on /home/frederic/airflow_venv/lib/python3.10/site-packages/airflow/example_dags/example_task_group.py
[2026-05-29T10:17:55.581+0200] {processor.py:829} INFO - Processing file /home/frederic/airflow_venv/lib/python3.10/site-packages/airflow/example_dags/example_task_group.py for tasks to queue
[2026-05-29T10:17:55.581+0200] {logging_mixin.py:151} INFO - [2026-05-29T10:17:55.581+0200] {dagbag.py:539} INFO - Filling up the DagBag from /home/frederic/airflow_venv/lib/python3.10/site-packages/airflow/example_dags/example_task_group.py
[2026-05-29T10:17:55.588+0200] {processor.py:839} INFO - DAG(s) dict_keys(['example_task_group']) retrieved from /home/frederic/airflow_venv/lib/python3.10/site-packages/airflow/example_dags/example_task_group.py
[2026-05-29T10:17:55.604+0200] {logging_mixin.py:151} INFO - [2026-05-29T10:17:55.603+0200] {dag.py:2915} INFO - Sync 1 DAGs
[2026-05-29T10:17:55.622+0200] {logging_mixin.py:151} INFO - [2026-05-29T10:17:55.622+0200] {dag.py:3696} INFO - Setting next_dagrun for example_task_group to 2026-05-28T08:17:55.621877+00:00, run_after=2026-05-29T08:17:55.621877+00:00
[2026-05-29T10:17:55.637+0200] {processor.py:179} INFO - Processing /home/frederic/airflow_venv/lib/python3.10/site-packages/airflow/example_dags/example_task_group.py took 0.060 seconds
[2026-05-29T10:18:39.037+0200] {processor.py:157} INFO - Started process (PID=700975) to work on /home/frederic/airflow_venv/lib/python3.10/site-packages/airflow/example_dags/example_task_group.py
[2026-05-29T10:18:39.038+0200] {processor.py:829} INFO - Processing file /home/frederic/airflow_venv/lib/python3.10/site-packages/airflow/example_dags/example_task_group.py for tasks to queue
[2026-05-29T10:18:39.039+0200] {logging_mixin.py:151} INFO - [2026-05-29T10:18:39.038+0200] {dagbag.py:539} INFO - Filling up the DagBag from /home/frederic/airflow_venv/lib/python3.10/site-packages/airflow/example_dags/example_task_group.py
[2026-05-29T10:18:39.045+0200] {processor.py:839} INFO - DAG(s) dict_keys(['example_task_group']) retrieved from /home/frederic/airflow_venv/lib/python3.10/site-packages/airflow/example_dags/example_task_group.py
[2026-05-29T10:18:39.059+0200] {logging_mixin.py:151} INFO - [2026-05-29T10:18:39.059+0200] {dag.py:2915} INFO - Sync 1 DAGs
[2026-05-29T10:18:39.074+0200] {logging_mixin.py:151} INFO - [2026-05-29T10:18:39.074+0200] {dag.py:3696} INFO - Setting next_dagrun for example_task_group to 2026-05-28T08:18:39.074644+00:00, run_after=2026-05-29T08:18:39.074644+00:00
[2026-05-29T10:18:39.090+0200] {processor.py:179} INFO - Processing /home/frederic/airflow_venv/lib/python3.10/site-packages/airflow/example_dags/example_task_group.py took 0.055 seconds
[2026-05-29T10:19:27.978+0200] {processor.py:157} INFO - Started process (PID=701461) to work on /home/frederic/airflow_venv/lib/python3.10/site-packages/airflow/example_dags/example_task_group.py
[2026-05-29T10:19:27.980+0200] {processor.py:829} INFO - Processing file /home/frederic/airflow_venv/lib/python3.10/site-packages/airflow/example_dags/example_task_group.py for tasks to queue
[2026-05-29T10:19:27.980+0200] {logging_mixin.py:151} INFO - [2026-05-29T10:19:27.980+0200] {dagbag.py:539} INFO - Filling up the DagBag from /home/frederic/airflow_venv/lib/python3.10/site-packages/airflow/example_dags/example_task_group.py
[2026-05-29T10:19:27.986+0200] {processor.py:839} INFO - DAG(s) dict_keys(['example_task_group']) retrieved from /home/frederic/airflow_venv/lib/python3.10/site-packages/airflow/example_dags/example_task_group.py
[2026-05-29T10:19:27.998+0200] {logging_mixin.py:151} INFO - [2026-05-29T10:19:27.998+0200] {dag.py:2915} INFO - Sync 1 DAGs
[2026-05-29T10:19:28.013+0200] {logging_mixin.py:151} INFO - [2026-05-29T10:19:28.013+0200] {dag.py:3696} INFO - Setting next_dagrun for example_task_group to 2026-05-28T08:19:28.013285+00:00, run_after=2026-05-29T08:19:28.013285+00:00
[2026-05-29T10:19:28.030+0200] {processor.py:179} INFO - Processing /home/frederic/airflow_venv/lib/python3.10/site-packages/airflow/example_dags/example_task_group.py took 0.053 seconds
[2026-05-29T10:20:16.242+0200] {processor.py:157} INFO - Started process (PID=702112) to work on /home/frederic/airflow_venv/lib/python3.10/site-packages/airflow/example_dags/example_task_group.py
[2026-05-29T10:20:16.243+0200] {processor.py:829} INFO - Processing file /home/frederic/airflow_venv/lib/python3.10/site-packages/airflow/example_dags/example_task_group.py for tasks to queue
[2026-05-29T10:20:16.243+0200] {logging_mixin.py:151} INFO - [2026-05-29T10:20:16.243+0200] {dagbag.py:539} INFO - Filling up the DagBag from /home/frederic/airflow_venv/lib/python3.10/site-packages/airflow/example_dags/example_task_group.py
[2026-05-29T10:20:16.250+0200] {processor.py:839} INFO - DAG(s) dict_keys(['example_task_group']) retrieved from /home/frederic/airflow_venv/lib/python3.10/site-packages/airflow/example_dags/example_task_group.py
[2026-05-29T10:20:16.263+0200] {logging_mixin.py:151} INFO - [2026-05-29T10:20:16.262+0200] {dag.py:2915} INFO - Sync 1 DAGs
[2026-05-29T10:20:16.277+0200] {logging_mixin.py:151} INFO - [2026-05-29T10:20:16.277+0200] {dag.py:3696} INFO - Setting next_dagrun for example_task_group to 2026-05-28T08:20:16.277194+00:00, run_after=2026-05-29T08:20:16.277194+00:00
[2026-05-29T10:20:16.293+0200] {processor.py:179} INFO - Processing /home/frederic/airflow_venv/lib/python3.10/site-packages/airflow/example_dags/example_task_group.py took 0.053 seconds
[2026-05-29T10:20:51.646+0200] {processor.py:157} INFO - Started process (PID=702443) to work on /home/frederic/airflow_venv/lib/python3.10/site-packages/airflow/example_dags/example_task_group.py
[2026-05-29T10:20:51.647+0200] {processor.py:829} INFO - Processing file /home/frederic/airflow_venv/lib/python3.10/site-packages/airflow/example_dags/example_task_group.py for tasks to queue
[2026-05-29T10:20:51.648+0200] {logging_mixin.py:151} INFO - [2026-05-29T10:20:51.647+0200] {dagbag.py:539} INFO - Filling up the DagBag from /home/frederic/airflow_venv/lib/python3.10/site-packages/airflow/example_dags/example_task_group.py
[2026-05-29T10:20:51.654+0200] {processor.py:839} INFO - DAG(s) dict_keys(['example_task_group']) retrieved from /home/frederic/airflow_venv/lib/python3.10/site-packages/airflow/example_dags/example_task_group.py
[2026-05-29T10:20:51.667+0200] {logging_mixin.py:151} INFO - [2026-05-29T10:20:51.667+0200] {dag.py:2915} INFO - Sync 1 DAGs
[2026-05-29T10:20:51.683+0200] {logging_mixin.py:151} INFO - [2026-05-29T10:20:51.683+0200] {dag.py:3696} INFO - Setting next_dagrun for example_task_group to 2026-05-28T08:20:51.683029+00:00, run_after=2026-05-29T08:20:51.683029+00:00
[2026-05-29T10:20:51.698+0200] {processor.py:179} INFO - Processing /home/frederic/airflow_venv/lib/python3.10/site-packages/airflow/example_dags/example_task_group.py took 0.054 seconds
[2026-05-29T10:21:37.325+0200] {processor.py:157} INFO - Started process (PID=702887) to work on /home/frederic/airflow_venv/lib/python3.10/site-packages/airflow/example_dags/example_task_group.py
[2026-05-29T10:21:37.326+0200] {processor.py:829} INFO - Processing file /home/frederic/airflow_venv/lib/python3.10/site-packages/airflow/example_dags/example_task_group.py for tasks to queue
[2026-05-29T10:21:37.326+0200] {logging_mixin.py:151} INFO - [2026-05-29T10:21:37.326+0200] {dagbag.py:539} INFO - Filling up the DagBag from /home/frederic/airflow_venv/lib/python3.10/site-packages/airflow/example_dags/example_task_group.py
[2026-05-29T10:21:37.333+0200] {processor.py:839} INFO - DAG(s) dict_keys(['example_task_group']) retrieved from /home/frederic/airflow_venv/lib/python3.10/site-packages/airflow/example_dags/example_task_group.py
[2026-05-29T10:21:37.346+0200] {logging_mixin.py:151} INFO - [2026-05-29T10:21:37.346+0200] {dag.py:2915} INFO - Sync 1 DAGs
[2026-05-29T10:21:37.361+0200] {logging_mixin.py:151} INFO - [2026-05-29T10:21:37.361+0200] {dag.py:3696} INFO - Setting next_dagrun for example_task_group to 2026-05-28T08:21:37.361571+00:00, run_after=2026-05-29T08:21:37.361571+00:00
[2026-05-29T10:21:37.379+0200] {processor.py:179} INFO - Processing /home/frederic/airflow_venv/lib/python3.10/site-packages/airflow/example_dags/example_task_group.py took 0.057 seconds
[2026-05-29T10:22:25.310+0200] {processor.py:157} INFO - Started process (PID=703383) to work on /home/frederic/airflow_venv/lib/python3.10/site-packages/airflow/example_dags/example_task_group.py
[2026-05-29T10:22:25.311+0200] {processor.py:829} INFO - Processing file /home/frederic/airflow_venv/lib/python3.10/site-packages/airflow/example_dags/example_task_group.py for tasks to queue
[2026-05-29T10:22:25.312+0200] {logging_mixin.py:151} INFO - [2026-05-29T10:22:25.311+0200] {dagbag.py:539} INFO - Filling up the DagBag from /home/frederic/airflow_venv/lib/python3.10/site-packages/airflow/example_dags/example_task_group.py
[2026-05-29T10:22:25.318+0200] {processor.py:839} INFO - DAG(s) dict_keys(['example_task_group']) retrieved from /home/frederic/airflow_venv/lib/python3.10/site-packages/airflow/example_dags/example_task_group.py
[2026-05-29T10:22:25.331+0200] {logging_mixin.py:151} INFO - [2026-05-29T10:22:25.330+0200] {dag.py:2915} INFO - Sync 1 DAGs
[2026-05-29T10:22:25.346+0200] {logging_mixin.py:151} INFO - [2026-05-29T10:22:25.345+0200] {dag.py:3696} INFO - Setting next_dagrun for example_task_group to 2026-05-28T08:22:25.345789+00:00, run_after=2026-05-29T08:22:25.345789+00:00
[2026-05-29T10:22:25.360+0200] {processor.py:179} INFO - Processing /home/frederic/airflow_venv/lib/python3.10/site-packages/airflow/example_dags/example_task_group.py took 0.053 seconds
[2026-05-29T10:23:13.544+0200] {processor.py:157} INFO - Started process (PID=703972) to work on /home/frederic/airflow_venv/lib/python3.10/site-packages/airflow/example_dags/example_task_group.py
[2026-05-29T10:23:13.545+0200] {processor.py:829} INFO - Processing file /home/frederic/airflow_venv/lib/python3.10/site-packages/airflow/example_dags/example_task_group.py for tasks to queue
[2026-05-29T10:23:13.546+0200] {logging_mixin.py:151} INFO - [2026-05-29T10:23:13.546+0200] {dagbag.py:539} INFO - Filling up the DagBag from /home/frederic/airflow_venv/lib/python3.10/site-packages/airflow/example_dags/example_task_group.py
[2026-05-29T10:23:13.552+0200] {processor.py:839} INFO - DAG(s) dict_keys(['example_task_group']) retrieved from /home/frederic/airflow_venv/lib/python3.10/site-packages/airflow/example_dags/example_task_group.py
[2026-05-29T10:23:13.564+0200] {logging_mixin.py:151} INFO - [2026-05-29T10:23:13.564+0200] {dag.py:2915} INFO - Sync 1 DAGs
[2026-05-29T10:23:13.580+0200] {logging_mixin.py:151} INFO - [2026-05-29T10:23:13.580+0200] {dag.py:3696} INFO - Setting next_dagrun for example_task_group to 2026-05-28T08:23:13.580054+00:00, run_after=2026-05-29T08:23:13.580054+00:00
[2026-05-29T10:23:13.599+0200] {processor.py:179} INFO - Processing /home/frederic/airflow_venv/lib/python3.10/site-packages/airflow/example_dags/example_task_group.py took 0.057 seconds
[2026-05-29T10:24:02.499+0200] {processor.py:157} INFO - Started process (PID=704472) to work on /home/frederic/airflow_venv/lib/python3.10/site-packages/airflow/example_dags/example_task_group.py
[2026-05-29T10:24:02.500+0200] {processor.py:829} INFO - Processing file /home/frederic/airflow_venv/lib/python3.10/site-packages/airflow/example_dags/example_task_group.py for tasks to queue
[2026-05-29T10:24:02.501+0200] {logging_mixin.py:151} INFO - [2026-05-29T10:24:02.501+0200] {dagbag.py:539} INFO - Filling up the DagBag from /home/frederic/airflow_venv/lib/python3.10/site-packages/airflow/example_dags/example_task_group.py
[2026-05-29T10:24:02.508+0200] {processor.py:839} INFO - DAG(s) dict_keys(['example_task_group']) retrieved from /home/frederic/airflow_venv/lib/python3.10/site-packages/airflow/example_dags/example_task_group.py
[2026-05-29T10:24:02.522+0200] {logging_mixin.py:151} INFO - [2026-05-29T10:24:02.522+0200] {dag.py:2915} INFO - Sync 1 DAGs
[2026-05-29T10:24:02.538+0200] {logging_mixin.py:151} INFO - [2026-05-29T10:24:02.538+0200] {dag.py:3696} INFO - Setting next_dagrun for example_task_group to 2026-05-28T08:24:02.538544+00:00, run_after=2026-05-29T08:24:02.538544+00:00
[2026-05-29T10:24:02.641+0200] {processor.py:179} INFO - Processing /home/frederic/airflow_venv/lib/python3.10/site-packages/airflow/example_dags/example_task_group.py took 0.144 seconds
[2026-05-29T10:24:43.150+0200] {processor.py:157} INFO - Started process (PID=704821) to work on /home/frederic/airflow_venv/lib/python3.10/site-packages/airflow/example_dags/example_task_group.py
[2026-05-29T10:24:43.151+0200] {processor.py:829} INFO - Processing file /home/frederic/airflow_venv/lib/python3.10/site-packages/airflow/example_dags/example_task_group.py for tasks to queue
[2026-05-29T10:24:43.152+0200] {logging_mixin.py:151} INFO - [2026-05-29T10:24:43.152+0200] {dagbag.py:539} INFO - Filling up the DagBag from /home/frederic/airflow_venv/lib/python3.10/site-packages/airflow/example_dags/example_task_group.py
[2026-05-29T10:24:43.158+0200] {processor.py:839} INFO - DAG(s) dict_keys(['example_task_group']) retrieved from /home/frederic/airflow_venv/lib/python3.10/site-packages/airflow/example_dags/example_task_group.py
[2026-05-29T10:24:43.172+0200] {logging_mixin.py:151} INFO - [2026-05-29T10:24:43.172+0200] {dag.py:2915} INFO - Sync 1 DAGs
[2026-05-29T10:24:43.189+0200] {logging_mixin.py:151} INFO - [2026-05-29T10:24:43.188+0200] {dag.py:3696} INFO - Setting next_dagrun for example_task_group to 2026-05-28T08:24:43.188813+00:00, run_after=2026-05-29T08:24:43.188813+00:00
[2026-05-29T10:24:43.205+0200] {processor.py:179} INFO - Processing /home/frederic/airflow_venv/lib/python3.10/site-packages/airflow/example_dags/example_task_group.py took 0.058 seconds
[2026-05-29T10:25:38.554+0200] {processor.py:157} INFO - Started process (PID=705381) to work on /home/frederic/airflow_venv/lib/python3.10/site-packages/airflow/example_dags/example_task_group.py
[2026-05-29T10:25:38.555+0200] {processor.py:829} INFO - Processing file /home/frederic/airflow_venv/lib/python3.10/site-packages/airflow/example_dags/example_task_group.py for tasks to queue
[2026-05-29T10:25:38.555+0200] {logging_mixin.py:151} INFO - [2026-05-29T10:25:38.555+0200] {dagbag.py:539} INFO - Filling up the DagBag from /home/frederic/airflow_venv/lib/python3.10/site-packages/airflow/example_dags/example_task_group.py
[2026-05-29T10:25:38.562+0200] {processor.py:839} INFO - DAG(s) dict_keys(['example_task_group']) retrieved from /home/frederic/airflow_venv/lib/python3.10/site-packages/airflow/example_dags/example_task_group.py
[2026-05-29T10:25:38.575+0200] {logging_mixin.py:151} INFO - [2026-05-29T10:25:38.575+0200] {dag.py:2915} INFO - Sync 1 DAGs
[2026-05-29T10:25:38.679+0200] {logging_mixin.py:151} INFO - [2026-05-29T10:25:38.679+0200] {dag.py:3696} INFO - Setting next_dagrun for example_task_group to 2026-05-28T08:25:38.679387+00:00, run_after=2026-05-29T08:25:38.679387+00:00
[2026-05-29T10:25:38.693+0200] {processor.py:179} INFO - Processing /home/frederic/airflow_venv/lib/python3.10/site-packages/airflow/example_dags/example_task_group.py took 0.142 seconds
[2026-05-29T10:26:29.275+0200] {processor.py:157} INFO - Started process (PID=705905) to work on /home/frederic/airflow_venv/lib/python3.10/site-packages/airflow/example_dags/example_task_group.py
[2026-05-29T10:26:29.275+0200] {processor.py:829} INFO - Processing file /home/frederic/airflow_venv/lib/python3.10/site-packages/airflow/example_dags/example_task_group.py for tasks to queue
[2026-05-29T10:26:29.276+0200] {logging_mixin.py:151} INFO - [2026-05-29T10:26:29.276+0200] {dagbag.py:539} INFO - Filling up the DagBag from /home/frederic/airflow_venv/lib/python3.10/site-packages/airflow/example_dags/example_task_group.py
[2026-05-29T10:26:29.282+0200] {processor.py:839} INFO - DAG(s) dict_keys(['example_task_group']) retrieved from /home/frederic/airflow_venv/lib/python3.10/site-packages/airflow/example_dags/example_task_group.py
[2026-05-29T10:26:29.295+0200] {logging_mixin.py:151} INFO - [2026-05-29T10:26:29.295+0200] {dag.py:2915} INFO - Sync 1 DAGs
[2026-05-29T10:26:29.392+0200] {logging_mixin.py:151} INFO - [2026-05-29T10:26:29.392+0200] {dag.py:3696} INFO - Setting next_dagrun for example_task_group to 2026-05-28T08:26:29.392539+00:00, run_after=2026-05-29T08:26:29.392539+00:00
[2026-05-29T10:26:29.407+0200] {processor.py:179} INFO - Processing /home/frederic/airflow_venv/lib/python3.10/site-packages/airflow/example_dags/example_task_group.py took 0.135 seconds
[2026-05-29T10:27:21.253+0200] {processor.py:157} INFO - Started process (PID=706448) to work on /home/frederic/airflow_venv/lib/python3.10/site-packages/airflow/example_dags/example_task_group.py
[2026-05-29T10:27:21.254+0200] {processor.py:829} INFO - Processing file /home/frederic/airflow_venv/lib/python3.10/site-packages/airflow/example_dags/example_task_group.py for tasks to queue
[2026-05-29T10:27:21.255+0200] {logging_mixin.py:151} INFO - [2026-05-29T10:27:21.255+0200] {dagbag.py:539} INFO - Filling up the DagBag from /home/frederic/airflow_venv/lib/python3.10/site-packages/airflow/example_dags/example_task_group.py
[2026-05-29T10:27:21.262+0200] {processor.py:839} INFO - DAG(s) dict_keys(['example_task_group']) retrieved from /home/frederic/airflow_venv/lib/python3.10/site-packages/airflow/example_dags/example_task_group.py
[2026-05-29T10:27:21.277+0200] {logging_mixin.py:151} INFO - [2026-05-29T10:27:21.277+0200] {dag.py:2915} INFO - Sync 1 DAGs
[2026-05-29T10:27:21.294+0200] {logging_mixin.py:151} INFO - [2026-05-29T10:27:21.294+0200] {dag.py:3696} INFO - Setting next_dagrun for example_task_group to 2026-05-28T08:27:21.294625+00:00, run_after=2026-05-29T08:27:21.294625+00:00
[2026-05-29T10:27:21.314+0200] {processor.py:179} INFO - Processing /home/frederic/airflow_venv/lib/python3.10/site-packages/airflow/example_dags/example_task_group.py took 0.063 seconds
[2026-05-29T10:28:03.526+0200] {processor.py:157} INFO - Started process (PID=706861) to work on /home/frederic/airflow_venv/lib/python3.10/site-packages/airflow/example_dags/example_task_group.py
[2026-05-29T10:28:03.527+0200] {processor.py:829} INFO - Processing file /home/frederic/airflow_venv/lib/python3.10/site-packages/airflow/example_dags/example_task_group.py for tasks to queue
[2026-05-29T10:28:03.528+0200] {logging_mixin.py:151} INFO - [2026-05-29T10:28:03.528+0200] {dagbag.py:539} INFO - Filling up the DagBag from /home/frederic/airflow_venv/lib/python3.10/site-packages/airflow/example_dags/example_task_group.py
[2026-05-29T10:28:03.535+0200] {processor.py:839} INFO - DAG(s) dict_keys(['example_task_group']) retrieved from /home/frederic/airflow_venv/lib/python3.10/site-packages/airflow/example_dags/example_task_group.py
[2026-05-29T10:28:03.547+0200] {logging_mixin.py:151} INFO - [2026-05-29T10:28:03.547+0200] {dag.py:2915} INFO - Sync 1 DAGs
[2026-05-29T10:28:03.562+0200] {logging_mixin.py:151} INFO - [2026-05-29T10:28:03.562+0200] {dag.py:3696} INFO - Setting next_dagrun for example_task_group to 2026-05-28T08:28:03.562557+00:00, run_after=2026-05-29T08:28:03.562557+00:00
[2026-05-29T10:28:03.576+0200] {processor.py:179} INFO - Processing /home/frederic/airflow_venv/lib/python3.10/site-packages/airflow/example_dags/example_task_group.py took 0.052 seconds
[2026-05-29T10:28:46.929+0200] {processor.py:157} INFO - Started process (PID=707454) to work on /home/frederic/airflow_venv/lib/python3.10/site-packages/airflow/example_dags/example_task_group.py
[2026-05-29T10:28:46.930+0200] {processor.py:829} INFO - Processing file /home/frederic/airflow_venv/lib/python3.10/site-packages/airflow/example_dags/example_task_group.py for tasks to queue
[2026-05-29T10:28:46.931+0200] {logging_mixin.py:151} INFO - [2026-05-29T10:28:46.930+0200] {dagbag.py:539} INFO - Filling up the DagBag from /home/frederic/airflow_venv/lib/python3.10/site-packages/airflow/example_dags/example_task_group.py
[2026-05-29T10:28:46.937+0200] {processor.py:839} INFO - DAG(s) dict_keys(['example_task_group']) retrieved from /home/frederic/airflow_venv/lib/python3.10/site-packages/airflow/example_dags/example_task_group.py
[2026-05-29T10:28:46.950+0200] {logging_mixin.py:151} INFO - [2026-05-29T10:28:46.950+0200] {dag.py:2915} INFO - Sync 1 DAGs
[2026-05-29T10:28:46.965+0200] {logging_mixin.py:151} INFO - [2026-05-29T10:28:46.965+0200] {dag.py:3696} INFO - Setting next_dagrun for example_task_group to 2026-05-28T08:28:46.965269+00:00, run_after=2026-05-29T08:28:46.965269+00:00
[2026-05-29T10:28:46.979+0200] {processor.py:179} INFO - Processing /home/frederic/airflow_venv/lib/python3.10/site-packages/airflow/example_dags/example_task_group.py took 0.053 seconds
[2026-05-29T10:29:24.613+0200] {processor.py:157} INFO - Started process (PID=707922) to work on /home/frederic/airflow_venv/lib/python3.10/site-packages/airflow/example_dags/example_task_group.py
[2026-05-29T10:29:24.614+0200] {processor.py:829} INFO - Processing file /home/frederic/airflow_venv/lib/python3.10/site-packages/airflow/example_dags/example_task_group.py for tasks to queue
[2026-05-29T10:29:24.614+0200] {logging_mixin.py:151} INFO - [2026-05-29T10:29:24.614+0200] {dagbag.py:539} INFO - Filling up the DagBag from /home/frederic/airflow_venv/lib/python3.10/site-packages/airflow/example_dags/example_task_group.py
[2026-05-29T10:29:24.621+0200] {processor.py:839} INFO - DAG(s) dict_keys(['example_task_group']) retrieved from /home/frederic/airflow_venv/lib/python3.10/site-packages/airflow/example_dags/example_task_group.py
[2026-05-29T10:29:24.633+0200] {logging_mixin.py:151} INFO - [2026-05-29T10:29:24.633+0200] {dag.py:2915} INFO - Sync 1 DAGs
[2026-05-29T10:29:24.647+0200] {logging_mixin.py:151} INFO - [2026-05-29T10:29:24.647+0200] {dag.py:3696} INFO - Setting next_dagrun for example_task_group to 2026-05-28T08:29:24.647695+00:00, run_after=2026-05-29T08:29:24.647695+00:00
[2026-05-29T10:29:24.661+0200] {processor.py:179} INFO - Processing /home/frederic/airflow_venv/lib/python3.10/site-packages/airflow/example_dags/example_task_group.py took 0.051 seconds
[2026-05-29T10:30:12.064+0200] {processor.py:157} INFO - Started process (PID=708476) to work on /home/frederic/airflow_venv/lib/python3.10/site-packages/airflow/example_dags/example_task_group.py
[2026-05-29T10:30:12.065+0200] {processor.py:829} INFO - Processing file /home/frederic/airflow_venv/lib/python3.10/site-packages/airflow/example_dags/example_task_group.py for tasks to queue
[2026-05-29T10:30:12.066+0200] {logging_mixin.py:151} INFO - [2026-05-29T10:30:12.065+0200] {dagbag.py:539} INFO - Filling up the DagBag from /home/frederic/airflow_venv/lib/python3.10/site-packages/airflow/example_dags/example_task_group.py
[2026-05-29T10:30:12.072+0200] {processor.py:839} INFO - DAG(s) dict_keys(['example_task_group']) retrieved from /home/frederic/airflow_venv/lib/python3.10/site-packages/airflow/example_dags/example_task_group.py
[2026-05-29T10:30:12.086+0200] {logging_mixin.py:151} INFO - [2026-05-29T10:30:12.085+0200] {dag.py:2915} INFO - Sync 1 DAGs
[2026-05-29T10:30:12.101+0200] {logging_mixin.py:151} INFO - [2026-05-29T10:30:12.101+0200] {dag.py:3696} INFO - Setting next_dagrun for example_task_group to 2026-05-28T08:30:12.100958+00:00, run_after=2026-05-29T08:30:12.100958+00:00
[2026-05-29T10:30:12.115+0200] {processor.py:179} INFO - Processing /home/frederic/airflow_venv/lib/python3.10/site-packages/airflow/example_dags/example_task_group.py took 0.054 seconds
[2026-05-29T10:30:57.073+0200] {processor.py:157} INFO - Started process (PID=709085) to work on /home/frederic/airflow_venv/lib/python3.10/site-packages/airflow/example_dags/example_task_group.py
[2026-05-29T10:30:57.076+0200] {processor.py:829} INFO - Processing file /home/frederic/airflow_venv/lib/python3.10/site-packages/airflow/example_dags/example_task_group.py for tasks to queue
[2026-05-29T10:30:57.077+0200] {logging_mixin.py:151} INFO - [2026-05-29T10:30:57.077+0200] {dagbag.py:539} INFO - Filling up the DagBag from /home/frederic/airflow_venv/lib/python3.10/site-packages/airflow/example_dags/example_task_group.py
[2026-05-29T10:30:57.085+0200] {processor.py:839} INFO - DAG(s) dict_keys(['example_task_group']) retrieved from /home/frederic/airflow_venv/lib/python3.10/site-packages/airflow/example_dags/example_task_group.py
[2026-05-29T10:30:57.100+0200] {logging_mixin.py:151} INFO - [2026-05-29T10:30:57.100+0200] {dag.py:2915} INFO - Sync 1 DAGs
[2026-05-29T10:30:57.117+0200] {logging_mixin.py:151} INFO - [2026-05-29T10:30:57.117+0200] {dag.py:3696} INFO - Setting next_dagrun for example_task_group to 2026-05-28T08:30:57.116786+00:00, run_after=2026-05-29T08:30:57.116786+00:00
[2026-05-29T10:30:57.132+0200] {processor.py:179} INFO - Processing /home/frederic/airflow_venv/lib/python3.10/site-packages/airflow/example_dags/example_task_group.py took 0.061 seconds
[2026-05-29T10:31:44.434+0200] {processor.py:157} INFO - Started process (PID=709572) to work on /home/frederic/airflow_venv/lib/python3.10/site-packages/airflow/example_dags/example_task_group.py
[2026-05-29T10:31:44.435+0200] {processor.py:829} INFO - Processing file /home/frederic/airflow_venv/lib/python3.10/site-packages/airflow/example_dags/example_task_group.py for tasks to queue
[2026-05-29T10:31:44.436+0200] {logging_mixin.py:151} INFO - [2026-05-29T10:31:44.436+0200] {dagbag.py:539} INFO - Filling up the DagBag from /home/frederic/airflow_venv/lib/python3.10/site-packages/airflow/example_dags/example_task_group.py
[2026-05-29T10:31:44.443+0200] {processor.py:839} INFO - DAG(s) dict_keys(['example_task_group']) retrieved from /home/frederic/airflow_venv/lib/python3.10/site-packages/airflow/example_dags/example_task_group.py
[2026-05-29T10:31:44.457+0200] {logging_mixin.py:151} INFO - [2026-05-29T10:31:44.457+0200] {dag.py:2915} INFO - Sync 1 DAGs
[2026-05-29T10:31:44.473+0200] {logging_mixin.py:151} INFO - [2026-05-29T10:31:44.473+0200] {dag.py:3696} INFO - Setting next_dagrun for example_task_group to 2026-05-28T08:31:44.473536+00:00, run_after=2026-05-29T08:31:44.473536+00:00
[2026-05-29T10:31:44.488+0200] {processor.py:179} INFO - Processing /home/frederic/airflow_venv/lib/python3.10/site-packages/airflow/example_dags/example_task_group.py took 0.056 seconds
[2026-05-29T10:32:28.275+0200] {processor.py:157} INFO - Started process (PID=710144) to work on /home/frederic/airflow_venv/lib/python3.10/site-packages/airflow/example_dags/example_task_group.py
[2026-05-29T10:32:28.276+0200] {processor.py:829} INFO - Processing file /home/frederic/airflow_venv/lib/python3.10/site-packages/airflow/example_dags/example_task_group.py for tasks to queue
[2026-05-29T10:32:28.277+0200] {logging_mixin.py:151} INFO - [2026-05-29T10:32:28.277+0200] {dagbag.py:539} INFO - Filling up the DagBag from /home/frederic/airflow_venv/lib/python3.10/site-packages/airflow/example_dags/example_task_group.py
[2026-05-29T10:32:28.284+0200] {processor.py:839} INFO - DAG(s) dict_keys(['example_task_group']) retrieved from /home/frederic/airflow_venv/lib/python3.10/site-packages/airflow/example_dags/example_task_group.py
[2026-05-29T10:32:28.298+0200] {logging_mixin.py:151} INFO - [2026-05-29T10:32:28.297+0200] {dag.py:2915} INFO - Sync 1 DAGs
[2026-05-29T10:32:28.315+0200] {logging_mixin.py:151} INFO - [2026-05-29T10:32:28.315+0200] {dag.py:3696} INFO - Setting next_dagrun for example_task_group to 2026-05-28T08:32:28.314877+00:00, run_after=2026-05-29T08:32:28.314877+00:00
[2026-05-29T10:32:28.331+0200] {processor.py:179} INFO - Processing /home/frederic/airflow_venv/lib/python3.10/site-packages/airflow/example_dags/example_task_group.py took 0.058 seconds
[2026-05-29T10:33:16.862+0200] {processor.py:157} INFO - Started process (PID=710956) to work on /home/frederic/airflow_venv/lib/python3.10/site-packages/airflow/example_dags/example_task_group.py
[2026-05-29T10:33:16.863+0200] {processor.py:829} INFO - Processing file /home/frederic/airflow_venv/lib/python3.10/site-packages/airflow/example_dags/example_task_group.py for tasks to queue
[2026-05-29T10:33:16.864+0200] {logging_mixin.py:151} INFO - [2026-05-29T10:33:16.864+0200] {dagbag.py:539} INFO - Filling up the DagBag from /home/frederic/airflow_venv/lib/python3.10/site-packages/airflow/example_dags/example_task_group.py
[2026-05-29T10:33:16.871+0200] {processor.py:839} INFO - DAG(s) dict_keys(['example_task_group']) retrieved from /home/frederic/airflow_venv/lib/python3.10/site-packages/airflow/example_dags/example_task_group.py
[2026-05-29T10:33:16.885+0200] {logging_mixin.py:151} INFO - [2026-05-29T10:33:16.885+0200] {dag.py:2915} INFO - Sync 1 DAGs
[2026-05-29T10:33:16.901+0200] {logging_mixin.py:151} INFO - [2026-05-29T10:33:16.901+0200] {dag.py:3696} INFO - Setting next_dagrun for example_task_group to 2026-05-28T08:33:16.900871+00:00, run_after=2026-05-29T08:33:16.900871+00:00
[2026-05-29T10:33:16.918+0200] {processor.py:179} INFO - Processing /home/frederic/airflow_venv/lib/python3.10/site-packages/airflow/example_dags/example_task_group.py took 0.060 seconds
[2026-05-29T10:34:00.901+0200] {processor.py:157} INFO - Started process (PID=711637) to work on /home/frederic/airflow_venv/lib/python3.10/site-packages/airflow/example_dags/example_task_group.py
[2026-05-29T10:34:00.902+0200] {processor.py:829} INFO - Processing file /home/frederic/airflow_venv/lib/python3.10/site-packages/airflow/example_dags/example_task_group.py for tasks to queue
[2026-05-29T10:34:00.903+0200] {logging_mixin.py:151} INFO - [2026-05-29T10:34:00.902+0200] {dagbag.py:539} INFO - Filling up the DagBag from /home/frederic/airflow_venv/lib/python3.10/site-packages/airflow/example_dags/example_task_group.py
[2026-05-29T10:34:00.909+0200] {processor.py:839} INFO - DAG(s) dict_keys(['example_task_group']) retrieved from /home/frederic/airflow_venv/lib/python3.10/site-packages/airflow/example_dags/example_task_group.py
[2026-05-29T10:34:00.922+0200] {logging_mixin.py:151} INFO - [2026-05-29T10:34:00.922+0200] {dag.py:2915} INFO - Sync 1 DAGs
[2026-05-29T10:34:00.937+0200] {logging_mixin.py:151} INFO - [2026-05-29T10:34:00.937+0200] {dag.py:3696} INFO - Setting next_dagrun for example_task_group to 2026-05-28T08:34:00.936952+00:00, run_after=2026-05-29T08:34:00.936952+00:00
[2026-05-29T10:34:00.951+0200] {processor.py:179} INFO - Processing /home/frederic/airflow_venv/lib/python3.10/site-packages/airflow/example_dags/example_task_group.py took 0.052 seconds
[2026-05-29T10:34:41.906+0200] {processor.py:157} INFO - Started process (PID=712111) to work on /home/frederic/airflow_venv/lib/python3.10/site-packages/airflow/example_dags/example_task_group.py
[2026-05-29T10:34:41.912+0200] {processor.py:829} INFO - Processing file /home/frederic/airflow_venv/lib/python3.10/site-packages/airflow/example_dags/example_task_group.py for tasks to queue
[2026-05-29T10:34:41.912+0200] {logging_mixin.py:151} INFO - [2026-05-29T10:34:41.912+0200] {dagbag.py:539} INFO - Filling up the DagBag from /home/frederic/airflow_venv/lib/python3.10/site-packages/airflow/example_dags/example_task_group.py
[2026-05-29T10:34:41.919+0200] {processor.py:839} INFO - DAG(s) dict_keys(['example_task_group']) retrieved from /home/frederic/airflow_venv/lib/python3.10/site-packages/airflow/example_dags/example_task_group.py
[2026-05-29T10:34:41.933+0200] {logging_mixin.py:151} INFO - [2026-05-29T10:34:41.933+0200] {dag.py:2915} INFO - Sync 1 DAGs
[2026-05-29T10:34:41.950+0200] {logging_mixin.py:151} INFO - [2026-05-29T10:34:41.950+0200] {dag.py:3696} INFO - Setting next_dagrun for example_task_group to 2026-05-28T08:34:41.950503+00:00, run_after=2026-05-29T08:34:41.950503+00:00
[2026-05-29T10:34:41.966+0200] {processor.py:179} INFO - Processing /home/frederic/airflow_venv/lib/python3.10/site-packages/airflow/example_dags/example_task_group.py took 0.062 seconds
[2026-05-29T10:35:30.844+0200] {processor.py:157} INFO - Started process (PID=712617) to work on /home/frederic/airflow_venv/lib/python3.10/site-packages/airflow/example_dags/example_task_group.py
[2026-05-29T10:35:30.845+0200] {processor.py:829} INFO - Processing file /home/frederic/airflow_venv/lib/python3.10/site-packages/airflow/example_dags/example_task_group.py for tasks to queue
[2026-05-29T10:35:30.845+0200] {logging_mixin.py:151} INFO - [2026-05-29T10:35:30.845+0200] {dagbag.py:539} INFO - Filling up the DagBag from /home/frederic/airflow_venv/lib/python3.10/site-packages/airflow/example_dags/example_task_group.py
[2026-05-29T10:35:30.852+0200] {processor.py:839} INFO - DAG(s) dict_keys(['example_task_group']) retrieved from /home/frederic/airflow_venv/lib/python3.10/site-packages/airflow/example_dags/example_task_group.py
[2026-05-29T10:35:30.865+0200] {logging_mixin.py:151} INFO - [2026-05-29T10:35:30.865+0200] {dag.py:2915} INFO - Sync 1 DAGs
[2026-05-29T10:35:30.888+0200] {logging_mixin.py:151} INFO - [2026-05-29T10:35:30.888+0200] {dag.py:3696} INFO - Setting next_dagrun for example_task_group to 2026-05-28T08:35:30.888187+00:00, run_after=2026-05-29T08:35:30.888187+00:00
[2026-05-29T10:35:30.907+0200] {processor.py:179} INFO - Processing /home/frederic/airflow_venv/lib/python3.10/site-packages/airflow/example_dags/example_task_group.py took 0.065 seconds
[2026-05-29T10:36:16.375+0200] {processor.py:157} INFO - Started process (PID=713179) to work on /home/frederic/airflow_venv/lib/python3.10/site-packages/airflow/example_dags/example_task_group.py
[2026-05-29T10:36:16.376+0200] {processor.py:829} INFO - Processing file /home/frederic/airflow_venv/lib/python3.10/site-packages/airflow/example_dags/example_task_group.py for tasks to queue
[2026-05-29T10:36:16.376+0200] {logging_mixin.py:151} INFO - [2026-05-29T10:36:16.376+0200] {dagbag.py:539} INFO - Filling up the DagBag from /home/frederic/airflow_venv/lib/python3.10/site-packages/airflow/example_dags/example_task_group.py
[2026-05-29T10:36:16.383+0200] {processor.py:839} INFO - DAG(s) dict_keys(['example_task_group']) retrieved from /home/frederic/airflow_venv/lib/python3.10/site-packages/airflow/example_dags/example_task_group.py
[2026-05-29T10:36:16.397+0200] {logging_mixin.py:151} INFO - [2026-05-29T10:36:16.397+0200] {dag.py:2915} INFO - Sync 1 DAGs
[2026-05-29T10:36:16.412+0200] {logging_mixin.py:151} INFO - [2026-05-29T10:36:16.412+0200] {dag.py:3696} INFO - Setting next_dagrun for example_task_group to 2026-05-28T08:36:16.412108+00:00, run_after=2026-05-29T08:36:16.412108+00:00
[2026-05-29T10:36:16.429+0200] {processor.py:179} INFO - Processing /home/frederic/airflow_venv/lib/python3.10/site-packages/airflow/example_dags/example_task_group.py took 0.057 seconds
[2026-05-29T10:36:58.097+0200] {processor.py:157} INFO - Started process (PID=713624) to work on /home/frederic/airflow_venv/lib/python3.10/site-packages/airflow/example_dags/example_task_group.py
[2026-05-29T10:36:58.098+0200] {processor.py:829} INFO - Processing file /home/frederic/airflow_venv/lib/python3.10/site-packages/airflow/example_dags/example_task_group.py for tasks to queue
[2026-05-29T10:36:58.099+0200] {logging_mixin.py:151} INFO - [2026-05-29T10:36:58.098+0200] {dagbag.py:539} INFO - Filling up the DagBag from /home/frederic/airflow_venv/lib/python3.10/site-packages/airflow/example_dags/example_task_group.py
[2026-05-29T10:36:58.106+0200] {processor.py:839} INFO - DAG(s) dict_keys(['example_task_group']) retrieved from /home/frederic/airflow_venv/lib/python3.10/site-packages/airflow/example_dags/example_task_group.py
[2026-05-29T10:36:58.121+0200] {logging_mixin.py:151} INFO - [2026-05-29T10:36:58.120+0200] {dag.py:2915} INFO - Sync 1 DAGs
[2026-05-29T10:36:58.137+0200] {logging_mixin.py:151} INFO - [2026-05-29T10:36:58.137+0200] {dag.py:3696} INFO - Setting next_dagrun for example_task_group to 2026-05-28T08:36:58.137132+00:00, run_after=2026-05-29T08:36:58.137132+00:00
[2026-05-29T10:36:58.154+0200] {processor.py:179} INFO - Processing /home/frederic/airflow_venv/lib/python3.10/site-packages/airflow/example_dags/example_task_group.py took 0.060 seconds
[2026-05-29T10:37:35.067+0200] {processor.py:157} INFO - Started process (PID=714157) to work on /home/frederic/airflow_venv/lib/python3.10/site-packages/airflow/example_dags/example_task_group.py
[2026-05-29T10:37:35.068+0200] {processor.py:829} INFO - Processing file /home/frederic/airflow_venv/lib/python3.10/site-packages/airflow/example_dags/example_task_group.py for tasks to queue
[2026-05-29T10:37:35.069+0200] {logging_mixin.py:151} INFO - [2026-05-29T10:37:35.069+0200] {dagbag.py:539} INFO - Filling up the DagBag from /home/frederic/airflow_venv/lib/python3.10/site-packages/airflow/example_dags/example_task_group.py
[2026-05-29T10:37:35.077+0200] {processor.py:839} INFO - DAG(s) dict_keys(['example_task_group']) retrieved from /home/frederic/airflow_venv/lib/python3.10/site-packages/airflow/example_dags/example_task_group.py
[2026-05-29T10:37:35.095+0200] {logging_mixin.py:151} INFO - [2026-05-29T10:37:35.095+0200] {dag.py:2915} INFO - Sync 1 DAGs
[2026-05-29T10:37:35.111+0200] {logging_mixin.py:151} INFO - [2026-05-29T10:37:35.111+0200] {dag.py:3696} INFO - Setting next_dagrun for example_task_group to 2026-05-28T08:37:35.111024+00:00, run_after=2026-05-29T08:37:35.111024+00:00
[2026-05-29T10:37:35.125+0200] {processor.py:179} INFO - Processing /home/frederic/airflow_venv/lib/python3.10/site-packages/airflow/example_dags/example_task_group.py took 0.061 seconds
[2026-05-29T10:38:19.701+0200] {processor.py:157} INFO - Started process (PID=714870) to work on /home/frederic/airflow_venv/lib/python3.10/site-packages/airflow/example_dags/example_task_group.py
[2026-05-29T10:38:19.703+0200] {processor.py:829} INFO - Processing file /home/frederic/airflow_venv/lib/python3.10/site-packages/airflow/example_dags/example_task_group.py for tasks to queue
[2026-05-29T10:38:19.704+0200] {logging_mixin.py:151} INFO - [2026-05-29T10:38:19.704+0200] {dagbag.py:539} INFO - Filling up the DagBag from /home/frederic/airflow_venv/lib/python3.10/site-packages/airflow/example_dags/example_task_group.py
[2026-05-29T10:38:19.714+0200] {processor.py:839} INFO - DAG(s) dict_keys(['example_task_group']) retrieved from /home/frederic/airflow_venv/lib/python3.10/site-packages/airflow/example_dags/example_task_group.py
[2026-05-29T10:38:19.735+0200] {logging_mixin.py:151} INFO - [2026-05-29T10:38:19.735+0200] {dag.py:2915} INFO - Sync 1 DAGs
[2026-05-29T10:38:19.752+0200] {logging_mixin.py:151} INFO - [2026-05-29T10:38:19.752+0200] {dag.py:3696} INFO - Setting next_dagrun for example_task_group to 2026-05-28T08:38:19.752250+00:00, run_after=2026-05-29T08:38:19.752250+00:00
[2026-05-29T10:38:19.768+0200] {processor.py:179} INFO - Processing /home/frederic/airflow_venv/lib/python3.10/site-packages/airflow/example_dags/example_task_group.py took 0.070 seconds
[2026-05-29T10:39:03.601+0200] {processor.py:157} INFO - Started process (PID=715597) to work on /home/frederic/airflow_venv/lib/python3.10/site-packages/airflow/example_dags/example_task_group.py
[2026-05-29T10:39:03.603+0200] {processor.py:829} INFO - Processing file /home/frederic/airflow_venv/lib/python3.10/site-packages/airflow/example_dags/example_task_group.py for tasks to queue
[2026-05-29T10:39:03.604+0200] {logging_mixin.py:151} INFO - [2026-05-29T10:39:03.604+0200] {dagbag.py:539} INFO - Filling up the DagBag from /home/frederic/airflow_venv/lib/python3.10/site-packages/airflow/example_dags/example_task_group.py
[2026-05-29T10:39:03.615+0200] {processor.py:839} INFO - DAG(s) dict_keys(['example_task_group']) retrieved from /home/frederic/airflow_venv/lib/python3.10/site-packages/airflow/example_dags/example_task_group.py
[2026-05-29T10:39:03.632+0200] {logging_mixin.py:151} INFO - [2026-05-29T10:39:03.632+0200] {dag.py:2915} INFO - Sync 1 DAGs
[2026-05-29T10:39:03.655+0200] {logging_mixin.py:151} INFO - [2026-05-29T10:39:03.655+0200] {dag.py:3696} INFO - Setting next_dagrun for example_task_group to 2026-05-28T08:39:03.655532+00:00, run_after=2026-05-29T08:39:03.655532+00:00
[2026-05-29T10:39:03.676+0200] {processor.py:179} INFO - Processing /home/frederic/airflow_venv/lib/python3.10/site-packages/airflow/example_dags/example_task_group.py took 0.078 seconds
[2026-05-29T10:39:51.608+0200] {processor.py:157} INFO - Started process (PID=716212) to work on /home/frederic/airflow_venv/lib/python3.10/site-packages/airflow/example_dags/example_task_group.py
[2026-05-29T10:39:51.609+0200] {processor.py:829} INFO - Processing file /home/frederic/airflow_venv/lib/python3.10/site-packages/airflow/example_dags/example_task_group.py for tasks to queue
[2026-05-29T10:39:51.610+0200] {logging_mixin.py:151} INFO - [2026-05-29T10:39:51.609+0200] {dagbag.py:539} INFO - Filling up the DagBag from /home/frederic/airflow_venv/lib/python3.10/site-packages/airflow/example_dags/example_task_group.py
[2026-05-29T10:39:51.617+0200] {processor.py:839} INFO - DAG(s) dict_keys(['example_task_group']) retrieved from /home/frederic/airflow_venv/lib/python3.10/site-packages/airflow/example_dags/example_task_group.py
[2026-05-29T10:39:51.632+0200] {logging_mixin.py:151} INFO - [2026-05-29T10:39:51.632+0200] {dag.py:2915} INFO - Sync 1 DAGs
[2026-05-29T10:39:51.647+0200] {logging_mixin.py:151} INFO - [2026-05-29T10:39:51.647+0200] {dag.py:3696} INFO - Setting next_dagrun for example_task_group to 2026-05-28T08:39:51.647166+00:00, run_after=2026-05-29T08:39:51.647166+00:00
[2026-05-29T10:39:51.661+0200] {processor.py:179} INFO - Processing /home/frederic/airflow_venv/lib/python3.10/site-packages/airflow/example_dags/example_task_group.py took 0.056 seconds
[2026-05-29T10:40:33.899+0200] {processor.py:157} INFO - Started process (PID=716676) to work on /home/frederic/airflow_venv/lib/python3.10/site-packages/airflow/example_dags/example_task_group.py
[2026-05-29T10:40:33.900+0200] {processor.py:829} INFO - Processing file /home/frederic/airflow_venv/lib/python3.10/site-packages/airflow/example_dags/example_task_group.py for tasks to queue
[2026-05-29T10:40:33.901+0200] {logging_mixin.py:151} INFO - [2026-05-29T10:40:33.900+0200] {dagbag.py:539} INFO - Filling up the DagBag from /home/frederic/airflow_venv/lib/python3.10/site-packages/airflow/example_dags/example_task_group.py
[2026-05-29T10:40:33.907+0200] {processor.py:839} INFO - DAG(s) dict_keys(['example_task_group']) retrieved from /home/frederic/airflow_venv/lib/python3.10/site-packages/airflow/example_dags/example_task_group.py
[2026-05-29T10:40:33.923+0200] {logging_mixin.py:151} INFO - [2026-05-29T10:40:33.922+0200] {dag.py:2915} INFO - Sync 1 DAGs
[2026-05-29T10:40:33.942+0200] {logging_mixin.py:151} INFO - [2026-05-29T10:40:33.942+0200] {dag.py:3696} INFO - Setting next_dagrun for example_task_group to 2026-05-28T08:40:33.942592+00:00, run_after=2026-05-29T08:40:33.942592+00:00
[2026-05-29T10:40:33.960+0200] {processor.py:179} INFO - Processing /home/frederic/airflow_venv/lib/python3.10/site-packages/airflow/example_dags/example_task_group.py took 0.064 seconds
[2026-05-29T10:41:20.327+0200] {processor.py:157} INFO - Started process (PID=717183) to work on /home/frederic/airflow_venv/lib/python3.10/site-packages/airflow/example_dags/example_task_group.py
[2026-05-29T10:41:20.328+0200] {processor.py:829} INFO - Processing file /home/frederic/airflow_venv/lib/python3.10/site-packages/airflow/example_dags/example_task_group.py for tasks to queue
[2026-05-29T10:41:20.329+0200] {logging_mixin.py:151} INFO - [2026-05-29T10:41:20.329+0200] {dagbag.py:539} INFO - Filling up the DagBag from /home/frederic/airflow_venv/lib/python3.10/site-packages/airflow/example_dags/example_task_group.py
[2026-05-29T10:41:20.338+0200] {processor.py:839} INFO - DAG(s) dict_keys(['example_task_group']) retrieved from /home/frederic/airflow_venv/lib/python3.10/site-packages/airflow/example_dags/example_task_group.py
[2026-05-29T10:41:20.354+0200] {logging_mixin.py:151} INFO - [2026-05-29T10:41:20.354+0200] {dag.py:2915} INFO - Sync 1 DAGs
[2026-05-29T10:41:20.373+0200] {logging_mixin.py:151} INFO - [2026-05-29T10:41:20.373+0200] {dag.py:3696} INFO - Setting next_dagrun for example_task_group to 2026-05-28T08:41:20.373441+00:00, run_after=2026-05-29T08:41:20.373441+00:00
[2026-05-29T10:41:20.396+0200] {processor.py:179} INFO - Processing /home/frederic/airflow_venv/lib/python3.10/site-packages/airflow/example_dags/example_task_group.py took 0.072 seconds
[2026-05-29T10:42:06.721+0200] {processor.py:157} INFO - Started process (PID=717660) to work on /home/frederic/airflow_venv/lib/python3.10/site-packages/airflow/example_dags/example_task_group.py
[2026-05-29T10:42:06.722+0200] {processor.py:829} INFO - Processing file /home/frederic/airflow_venv/lib/python3.10/site-packages/airflow/example_dags/example_task_group.py for tasks to queue
[2026-05-29T10:42:06.723+0200] {logging_mixin.py:151} INFO - [2026-05-29T10:42:06.722+0200] {dagbag.py:539} INFO - Filling up the DagBag from /home/frederic/airflow_venv/lib/python3.10/site-packages/airflow/example_dags/example_task_group.py
[2026-05-29T10:42:06.730+0200] {processor.py:839} INFO - DAG(s) dict_keys(['example_task_group']) retrieved from /home/frederic/airflow_venv/lib/python3.10/site-packages/airflow/example_dags/example_task_group.py
[2026-05-29T10:42:06.746+0200] {logging_mixin.py:151} INFO - [2026-05-29T10:42:06.745+0200] {dag.py:2915} INFO - Sync 1 DAGs
[2026-05-29T10:42:06.762+0200] {logging_mixin.py:151} INFO - [2026-05-29T10:42:06.762+0200] {dag.py:3696} INFO - Setting next_dagrun for example_task_group to 2026-05-28T08:42:06.761945+00:00, run_after=2026-05-29T08:42:06.761945+00:00
[2026-05-29T10:42:06.784+0200] {processor.py:179} INFO - Processing /home/frederic/airflow_venv/lib/python3.10/site-packages/airflow/example_dags/example_task_group.py took 0.066 seconds
[2026-05-29T10:42:55.475+0200] {processor.py:157} INFO - Started process (PID=718125) to work on /home/frederic/airflow_venv/lib/python3.10/site-packages/airflow/example_dags/example_task_group.py
[2026-05-29T10:42:55.476+0200] {processor.py:829} INFO - Processing file /home/frederic/airflow_venv/lib/python3.10/site-packages/airflow/example_dags/example_task_group.py for tasks to queue
[2026-05-29T10:42:55.477+0200] {logging_mixin.py:151} INFO - [2026-05-29T10:42:55.476+0200] {dagbag.py:539} INFO - Filling up the DagBag from /home/frederic/airflow_venv/lib/python3.10/site-packages/airflow/example_dags/example_task_group.py
[2026-05-29T10:42:55.483+0200] {processor.py:839} INFO - DAG(s) dict_keys(['example_task_group']) retrieved from /home/frederic/airflow_venv/lib/python3.10/site-packages/airflow/example_dags/example_task_group.py
[2026-05-29T10:42:55.498+0200] {logging_mixin.py:151} INFO - [2026-05-29T10:42:55.498+0200] {dag.py:2915} INFO - Sync 1 DAGs
[2026-05-29T10:42:55.514+0200] {logging_mixin.py:151} INFO - [2026-05-29T10:42:55.514+0200] {dag.py:3696} INFO - Setting next_dagrun for example_task_group to 2026-05-28T08:42:55.514260+00:00, run_after=2026-05-29T08:42:55.514260+00:00
[2026-05-29T10:42:55.531+0200] {processor.py:179} INFO - Processing /home/frederic/airflow_venv/lib/python3.10/site-packages/airflow/example_dags/example_task_group.py took 0.059 seconds
[2026-05-29T10:43:37.315+0200] {processor.py:157} INFO - Started process (PID=718618) to work on /home/frederic/airflow_venv/lib/python3.10/site-packages/airflow/example_dags/example_task_group.py
[2026-05-29T10:43:37.316+0200] {processor.py:829} INFO - Processing file /home/frederic/airflow_venv/lib/python3.10/site-packages/airflow/example_dags/example_task_group.py for tasks to queue
[2026-05-29T10:43:37.316+0200] {logging_mixin.py:151} INFO - [2026-05-29T10:43:37.316+0200] {dagbag.py:539} INFO - Filling up the DagBag from /home/frederic/airflow_venv/lib/python3.10/site-packages/airflow/example_dags/example_task_group.py
[2026-05-29T10:43:37.323+0200] {processor.py:839} INFO - DAG(s) dict_keys(['example_task_group']) retrieved from /home/frederic/airflow_venv/lib/python3.10/site-packages/airflow/example_dags/example_task_group.py
[2026-05-29T10:43:37.336+0200] {logging_mixin.py:151} INFO - [2026-05-29T10:43:37.336+0200] {dag.py:2915} INFO - Sync 1 DAGs
[2026-05-29T10:43:37.353+0200] {logging_mixin.py:151} INFO - [2026-05-29T10:43:37.353+0200] {dag.py:3696} INFO - Setting next_dagrun for example_task_group to 2026-05-28T08:43:37.353264+00:00, run_after=2026-05-29T08:43:37.353264+00:00
[2026-05-29T10:43:37.369+0200] {processor.py:179} INFO - Processing /home/frederic/airflow_venv/lib/python3.10/site-packages/airflow/example_dags/example_task_group.py took 0.057 seconds
[2026-05-29T10:44:21.718+0200] {processor.py:157} INFO - Started process (PID=719168) to work on /home/frederic/airflow_venv/lib/python3.10/site-packages/airflow/example_dags/example_task_group.py
[2026-05-29T10:44:21.719+0200] {processor.py:829} INFO - Processing file /home/frederic/airflow_venv/lib/python3.10/site-packages/airflow/example_dags/example_task_group.py for tasks to queue
[2026-05-29T10:44:21.719+0200] {logging_mixin.py:151} INFO - [2026-05-29T10:44:21.719+0200] {dagbag.py:539} INFO - Filling up the DagBag from /home/frederic/airflow_venv/lib/python3.10/site-packages/airflow/example_dags/example_task_group.py
[2026-05-29T10:44:21.728+0200] {processor.py:839} INFO - DAG(s) dict_keys(['example_task_group']) retrieved from /home/frederic/airflow_venv/lib/python3.10/site-packages/airflow/example_dags/example_task_group.py
[2026-05-29T10:44:21.742+0200] {logging_mixin.py:151} INFO - [2026-05-29T10:44:21.742+0200] {dag.py:2915} INFO - Sync 1 DAGs
[2026-05-29T10:44:21.757+0200] {logging_mixin.py:151} INFO - [2026-05-29T10:44:21.757+0200] {dag.py:3696} INFO - Setting next_dagrun for example_task_group to 2026-05-28T08:44:21.757338+00:00, run_after=2026-05-29T08:44:21.757338+00:00
[2026-05-29T10:44:21.772+0200] {processor.py:179} INFO - Processing /home/frederic/airflow_venv/lib/python3.10/site-packages/airflow/example_dags/example_task_group.py took 0.057 seconds
[2026-05-29T10:45:11.672+0200] {processor.py:157} INFO - Started process (PID=719935) to work on /home/frederic/airflow_venv/lib/python3.10/site-packages/airflow/example_dags/example_task_group.py
[2026-05-29T10:45:11.673+0200] {processor.py:829} INFO - Processing file /home/frederic/airflow_venv/lib/python3.10/site-packages/airflow/example_dags/example_task_group.py for tasks to queue
[2026-05-29T10:45:11.674+0200] {logging_mixin.py:151} INFO - [2026-05-29T10:45:11.673+0200] {dagbag.py:539} INFO - Filling up the DagBag from /home/frederic/airflow_venv/lib/python3.10/site-packages/airflow/example_dags/example_task_group.py
[2026-05-29T10:45:11.680+0200] {processor.py:839} INFO - DAG(s) dict_keys(['example_task_group']) retrieved from /home/frederic/airflow_venv/lib/python3.10/site-packages/airflow/example_dags/example_task_group.py
[2026-05-29T10:45:11.693+0200] {logging_mixin.py:151} INFO - [2026-05-29T10:45:11.692+0200] {dag.py:2915} INFO - Sync 1 DAGs
[2026-05-29T10:45:11.707+0200] {logging_mixin.py:151} INFO - [2026-05-29T10:45:11.707+0200] {dag.py:3696} INFO - Setting next_dagrun for example_task_group to 2026-05-28T08:45:11.707242+00:00, run_after=2026-05-29T08:45:11.707242+00:00
[2026-05-29T10:45:11.723+0200] {processor.py:179} INFO - Processing /home/frederic/airflow_venv/lib/python3.10/site-packages/airflow/example_dags/example_task_group.py took 0.054 seconds
[2026-05-29T10:45:55.948+0200] {processor.py:157} INFO - Started process (PID=720359) to work on /home/frederic/airflow_venv/lib/python3.10/site-packages/airflow/example_dags/example_task_group.py
[2026-05-29T10:45:55.949+0200] {processor.py:829} INFO - Processing file /home/frederic/airflow_venv/lib/python3.10/site-packages/airflow/example_dags/example_task_group.py for tasks to queue
[2026-05-29T10:45:55.950+0200] {logging_mixin.py:151} INFO - [2026-05-29T10:45:55.950+0200] {dagbag.py:539} INFO - Filling up the DagBag from /home/frederic/airflow_venv/lib/python3.10/site-packages/airflow/example_dags/example_task_group.py
[2026-05-29T10:45:55.958+0200] {processor.py:839} INFO - DAG(s) dict_keys(['example_task_group']) retrieved from /home/frederic/airflow_venv/lib/python3.10/site-packages/airflow/example_dags/example_task_group.py
[2026-05-29T10:45:55.974+0200] {logging_mixin.py:151} INFO - [2026-05-29T10:45:55.974+0200] {dag.py:2915} INFO - Sync 1 DAGs
[2026-05-29T10:45:55.991+0200] {logging_mixin.py:151} INFO - [2026-05-29T10:45:55.991+0200] {dag.py:3696} INFO - Setting next_dagrun for example_task_group to 2026-05-28T08:45:55.990916+00:00, run_after=2026-05-29T08:45:55.990916+00:00
[2026-05-29T10:45:56.006+0200] {processor.py:179} INFO - Processing /home/frederic/airflow_venv/lib/python3.10/site-packages/airflow/example_dags/example_task_group.py took 0.061 seconds
[2026-05-29T10:46:45.838+0200] {processor.py:157} INFO - Started process (PID=720890) to work on /home/frederic/airflow_venv/lib/python3.10/site-packages/airflow/example_dags/example_task_group.py
[2026-05-29T10:46:45.839+0200] {processor.py:829} INFO - Processing file /home/frederic/airflow_venv/lib/python3.10/site-packages/airflow/example_dags/example_task_group.py for tasks to queue
[2026-05-29T10:46:45.840+0200] {logging_mixin.py:151} INFO - [2026-05-29T10:46:45.840+0200] {dagbag.py:539} INFO - Filling up the DagBag from /home/frederic/airflow_venv/lib/python3.10/site-packages/airflow/example_dags/example_task_group.py
[2026-05-29T10:46:45.846+0200] {processor.py:839} INFO - DAG(s) dict_keys(['example_task_group']) retrieved from /home/frederic/airflow_venv/lib/python3.10/site-packages/airflow/example_dags/example_task_group.py
[2026-05-29T10:46:45.859+0200] {logging_mixin.py:151} INFO - [2026-05-29T10:46:45.859+0200] {dag.py:2915} INFO - Sync 1 DAGs
[2026-05-29T10:46:45.874+0200] {logging_mixin.py:151} INFO - [2026-05-29T10:46:45.874+0200] {dag.py:3696} INFO - Setting next_dagrun for example_task_group to 2026-05-28T08:46:45.874187+00:00, run_after=2026-05-29T08:46:45.874187+00:00
[2026-05-29T10:46:45.888+0200] {processor.py:179} INFO - Processing /home/frederic/airflow_venv/lib/python3.10/site-packages/airflow/example_dags/example_task_group.py took 0.052 seconds
[2026-05-29T10:47:25.575+0200] {processor.py:157} INFO - Started process (PID=721874) to work on /home/frederic/airflow_venv/lib/python3.10/site-packages/airflow/example_dags/example_task_group.py
[2026-05-29T10:47:25.576+0200] {processor.py:829} INFO - Processing file /home/frederic/airflow_venv/lib/python3.10/site-packages/airflow/example_dags/example_task_group.py for tasks to queue
[2026-05-29T10:47:25.576+0200] {logging_mixin.py:151} INFO - [2026-05-29T10:47:25.576+0200] {dagbag.py:539} INFO - Filling up the DagBag from /home/frederic/airflow_venv/lib/python3.10/site-packages/airflow/example_dags/example_task_group.py
[2026-05-29T10:47:25.585+0200] {processor.py:839} INFO - DAG(s) dict_keys(['example_task_group']) retrieved from /home/frederic/airflow_venv/lib/python3.10/site-packages/airflow/example_dags/example_task_group.py
[2026-05-29T10:47:25.599+0200] {logging_mixin.py:151} INFO - [2026-05-29T10:47:25.599+0200] {dag.py:2915} INFO - Sync 1 DAGs
[2026-05-29T10:47:25.616+0200] {logging_mixin.py:151} INFO - [2026-05-29T10:47:25.615+0200] {dag.py:3696} INFO - Setting next_dagrun for example_task_group to 2026-05-28T08:47:25.615755+00:00, run_after=2026-05-29T08:47:25.615755+00:00
[2026-05-29T10:47:25.632+0200] {processor.py:179} INFO - Processing /home/frederic/airflow_venv/lib/python3.10/site-packages/airflow/example_dags/example_task_group.py took 0.059 seconds
[2026-05-29T10:48:09.604+0200] {processor.py:157} INFO - Started process (PID=722391) to work on /home/frederic/airflow_venv/lib/python3.10/site-packages/airflow/example_dags/example_task_group.py
[2026-05-29T10:48:09.605+0200] {processor.py:829} INFO - Processing file /home/frederic/airflow_venv/lib/python3.10/site-packages/airflow/example_dags/example_task_group.py for tasks to queue
[2026-05-29T10:48:09.606+0200] {logging_mixin.py:151} INFO - [2026-05-29T10:48:09.605+0200] {dagbag.py:539} INFO - Filling up the DagBag from /home/frederic/airflow_venv/lib/python3.10/site-packages/airflow/example_dags/example_task_group.py
[2026-05-29T10:48:09.614+0200] {processor.py:839} INFO - DAG(s) dict_keys(['example_task_group']) retrieved from /home/frederic/airflow_venv/lib/python3.10/site-packages/airflow/example_dags/example_task_group.py
[2026-05-29T10:48:09.628+0200] {logging_mixin.py:151} INFO - [2026-05-29T10:48:09.628+0200] {dag.py:2915} INFO - Sync 1 DAGs
[2026-05-29T10:48:09.645+0200] {logging_mixin.py:151} INFO - [2026-05-29T10:48:09.645+0200] {dag.py:3696} INFO - Setting next_dagrun for example_task_group to 2026-05-28T08:48:09.644998+00:00, run_after=2026-05-29T08:48:09.644998+00:00
[2026-05-29T10:48:09.661+0200] {processor.py:179} INFO - Processing /home/frederic/airflow_venv/lib/python3.10/site-packages/airflow/example_dags/example_task_group.py took 0.059 seconds
[2026-05-29T10:48:50.152+0200] {processor.py:157} INFO - Started process (PID=722756) to work on /home/frederic/airflow_venv/lib/python3.10/site-packages/airflow/example_dags/example_task_group.py
[2026-05-29T10:48:50.153+0200] {processor.py:829} INFO - Processing file /home/frederic/airflow_venv/lib/python3.10/site-packages/airflow/example_dags/example_task_group.py for tasks to queue
[2026-05-29T10:48:50.153+0200] {logging_mixin.py:151} INFO - [2026-05-29T10:48:50.153+0200] {dagbag.py:539} INFO - Filling up the DagBag from /home/frederic/airflow_venv/lib/python3.10/site-packages/airflow/example_dags/example_task_group.py
[2026-05-29T10:48:50.160+0200] {processor.py:839} INFO - DAG(s) dict_keys(['example_task_group']) retrieved from /home/frederic/airflow_venv/lib/python3.10/site-packages/airflow/example_dags/example_task_group.py
[2026-05-29T10:48:50.173+0200] {logging_mixin.py:151} INFO - [2026-05-29T10:48:50.172+0200] {dag.py:2915} INFO - Sync 1 DAGs
[2026-05-29T10:48:50.189+0200] {logging_mixin.py:151} INFO - [2026-05-29T10:48:50.189+0200] {dag.py:3696} INFO - Setting next_dagrun for example_task_group to 2026-05-28T08:48:50.188823+00:00, run_after=2026-05-29T08:48:50.188823+00:00
[2026-05-29T10:48:50.206+0200] {processor.py:179} INFO - Processing /home/frederic/airflow_venv/lib/python3.10/site-packages/airflow/example_dags/example_task_group.py took 0.056 seconds
[2026-05-29T10:49:39.781+0200] {processor.py:157} INFO - Started process (PID=723321) to work on /home/frederic/airflow_venv/lib/python3.10/site-packages/airflow/example_dags/example_task_group.py
[2026-05-29T10:49:39.782+0200] {processor.py:829} INFO - Processing file /home/frederic/airflow_venv/lib/python3.10/site-packages/airflow/example_dags/example_task_group.py for tasks to queue
[2026-05-29T10:49:39.783+0200] {logging_mixin.py:151} INFO - [2026-05-29T10:49:39.783+0200] {dagbag.py:539} INFO - Filling up the DagBag from /home/frederic/airflow_venv/lib/python3.10/site-packages/airflow/example_dags/example_task_group.py
[2026-05-29T10:49:39.790+0200] {processor.py:839} INFO - DAG(s) dict_keys(['example_task_group']) retrieved from /home/frederic/airflow_venv/lib/python3.10/site-packages/airflow/example_dags/example_task_group.py
[2026-05-29T10:49:39.803+0200] {logging_mixin.py:151} INFO - [2026-05-29T10:49:39.803+0200] {dag.py:2915} INFO - Sync 1 DAGs
[2026-05-29T10:49:39.821+0200] {logging_mixin.py:151} INFO - [2026-05-29T10:49:39.821+0200] {dag.py:3696} INFO - Setting next_dagrun for example_task_group to 2026-05-28T08:49:39.821365+00:00, run_after=2026-05-29T08:49:39.821365+00:00
[2026-05-29T10:49:39.837+0200] {processor.py:179} INFO - Processing /home/frederic/airflow_venv/lib/python3.10/site-packages/airflow/example_dags/example_task_group.py took 0.060 seconds
[2026-05-29T10:50:27.134+0200] {processor.py:157} INFO - Started process (PID=723822) to work on /home/frederic/airflow_venv/lib/python3.10/site-packages/airflow/example_dags/example_task_group.py
[2026-05-29T10:50:27.135+0200] {processor.py:829} INFO - Processing file /home/frederic/airflow_venv/lib/python3.10/site-packages/airflow/example_dags/example_task_group.py for tasks to queue
[2026-05-29T10:50:27.136+0200] {logging_mixin.py:151} INFO - [2026-05-29T10:50:27.136+0200] {dagbag.py:539} INFO - Filling up the DagBag from /home/frederic/airflow_venv/lib/python3.10/site-packages/airflow/example_dags/example_task_group.py
[2026-05-29T10:50:27.144+0200] {processor.py:839} INFO - DAG(s) dict_keys(['example_task_group']) retrieved from /home/frederic/airflow_venv/lib/python3.10/site-packages/airflow/example_dags/example_task_group.py
[2026-05-29T10:50:27.159+0200] {logging_mixin.py:151} INFO - [2026-05-29T10:50:27.159+0200] {dag.py:2915} INFO - Sync 1 DAGs
[2026-05-29T10:50:27.177+0200] {logging_mixin.py:151} INFO - [2026-05-29T10:50:27.177+0200] {dag.py:3696} INFO - Setting next_dagrun for example_task_group to 2026-05-28T08:50:27.177065+00:00, run_after=2026-05-29T08:50:27.177065+00:00
[2026-05-29T10:50:27.192+0200] {processor.py:179} INFO - Processing /home/frederic/airflow_venv/lib/python3.10/site-packages/airflow/example_dags/example_task_group.py took 0.061 seconds
[2026-05-29T10:51:13.692+0200] {processor.py:157} INFO - Started process (PID=724280) to work on /home/frederic/airflow_venv/lib/python3.10/site-packages/airflow/example_dags/example_task_group.py
[2026-05-29T10:51:13.694+0200] {processor.py:829} INFO - Processing file /home/frederic/airflow_venv/lib/python3.10/site-packages/airflow/example_dags/example_task_group.py for tasks to queue
[2026-05-29T10:51:13.695+0200] {logging_mixin.py:151} INFO - [2026-05-29T10:51:13.694+0200] {dagbag.py:539} INFO - Filling up the DagBag from /home/frederic/airflow_venv/lib/python3.10/site-packages/airflow/example_dags/example_task_group.py
[2026-05-29T10:51:13.702+0200] {processor.py:839} INFO - DAG(s) dict_keys(['example_task_group']) retrieved from /home/frederic/airflow_venv/lib/python3.10/site-packages/airflow/example_dags/example_task_group.py
[2026-05-29T10:51:13.718+0200] {logging_mixin.py:151} INFO - [2026-05-29T10:51:13.717+0200] {dag.py:2915} INFO - Sync 1 DAGs
[2026-05-29T10:51:13.735+0200] {logging_mixin.py:151} INFO - [2026-05-29T10:51:13.735+0200] {dag.py:3696} INFO - Setting next_dagrun for example_task_group to 2026-05-28T08:51:13.734897+00:00, run_after=2026-05-29T08:51:13.734897+00:00
[2026-05-29T10:51:13.752+0200] {processor.py:179} INFO - Processing /home/frederic/airflow_venv/lib/python3.10/site-packages/airflow/example_dags/example_task_group.py took 0.064 seconds
