[2026-05-29T02:00:22.038+0200] {processor.py:157} INFO - Started process (PID=633688) to work on /home/frederic/airflow_venv/lib/python3.10/site-packages/airflow/example_dags/example_sensors.py
[2026-05-29T02:00:22.039+0200] {processor.py:829} INFO - Processing file /home/frederic/airflow_venv/lib/python3.10/site-packages/airflow/example_dags/example_sensors.py for tasks to queue
[2026-05-29T02:00:22.041+0200] {logging_mixin.py:151} INFO - [2026-05-29T02:00:22.040+0200] {dagbag.py:539} INFO - Filling up the DagBag from /home/frederic/airflow_venv/lib/python3.10/site-packages/airflow/example_dags/example_sensors.py
[2026-05-29T02:00:22.051+0200] {processor.py:839} INFO - DAG(s) dict_keys(['example_sensors']) retrieved from /home/frederic/airflow_venv/lib/python3.10/site-packages/airflow/example_dags/example_sensors.py
[2026-05-29T02:00:22.071+0200] {logging_mixin.py:151} INFO - [2026-05-29T02:00:22.070+0200] {dag.py:2915} INFO - Sync 1 DAGs
[2026-05-29T02:00:22.084+0200] {logging_mixin.py:151} INFO - [2026-05-29T02:00:22.084+0200] {dag.py:3696} INFO - Setting next_dagrun for example_sensors to None, run_after=None
[2026-05-29T02:00:22.102+0200] {processor.py:179} INFO - Processing /home/frederic/airflow_venv/lib/python3.10/site-packages/airflow/example_dags/example_sensors.py took 0.066 seconds
[2026-05-29T02:00:37.017+0200] {processor.py:157} INFO - Started process (PID=634252) to work on /home/frederic/airflow_venv/lib/python3.10/site-packages/airflow/example_dags/example_sensors.py
[2026-05-29T02:00:37.019+0200] {processor.py:829} INFO - Processing file /home/frederic/airflow_venv/lib/python3.10/site-packages/airflow/example_dags/example_sensors.py for tasks to queue
[2026-05-29T02:00:37.020+0200] {logging_mixin.py:151} INFO - [2026-05-29T02:00:37.020+0200] {dagbag.py:539} INFO - Filling up the DagBag from /home/frederic/airflow_venv/lib/python3.10/site-packages/airflow/example_dags/example_sensors.py
[2026-05-29T02:00:37.032+0200] {processor.py:839} INFO - DAG(s) dict_keys(['example_sensors']) retrieved from /home/frederic/airflow_venv/lib/python3.10/site-packages/airflow/example_dags/example_sensors.py
[2026-05-29T02:00:37.054+0200] {logging_mixin.py:151} INFO - [2026-05-29T02:00:37.054+0200] {dag.py:2915} INFO - Sync 1 DAGs
[2026-05-29T02:00:37.067+0200] {logging_mixin.py:151} INFO - [2026-05-29T02:00:37.067+0200] {dag.py:3696} INFO - Setting next_dagrun for example_sensors to None, run_after=None
[2026-05-29T02:00:37.088+0200] {processor.py:179} INFO - Processing /home/frederic/airflow_venv/lib/python3.10/site-packages/airflow/example_dags/example_sensors.py took 0.072 seconds
[2026-05-29T02:01:07.005+0200] {processor.py:157} INFO - Started process (PID=635044) to work on /home/frederic/airflow_venv/lib/python3.10/site-packages/airflow/example_dags/example_sensors.py
[2026-05-29T02:01:07.006+0200] {processor.py:829} INFO - Processing file /home/frederic/airflow_venv/lib/python3.10/site-packages/airflow/example_dags/example_sensors.py for tasks to queue
[2026-05-29T02:01:07.007+0200] {logging_mixin.py:151} INFO - [2026-05-29T02:01:07.007+0200] {dagbag.py:539} INFO - Filling up the DagBag from /home/frederic/airflow_venv/lib/python3.10/site-packages/airflow/example_dags/example_sensors.py
[2026-05-29T02:01:07.020+0200] {processor.py:839} INFO - DAG(s) dict_keys(['example_sensors']) retrieved from /home/frederic/airflow_venv/lib/python3.10/site-packages/airflow/example_dags/example_sensors.py
[2026-05-29T02:01:07.044+0200] {logging_mixin.py:151} INFO - [2026-05-29T02:01:07.043+0200] {dag.py:2915} INFO - Sync 1 DAGs
[2026-05-29T02:01:07.058+0200] {logging_mixin.py:151} INFO - [2026-05-29T02:01:07.058+0200] {dag.py:3696} INFO - Setting next_dagrun for example_sensors to None, run_after=None
[2026-05-29T02:01:07.077+0200] {processor.py:179} INFO - Processing /home/frederic/airflow_venv/lib/python3.10/site-packages/airflow/example_dags/example_sensors.py took 0.076 seconds
[2026-05-29T02:01:21.098+0200] {processor.py:157} INFO - Started process (PID=635472) to work on /home/frederic/airflow_venv/lib/python3.10/site-packages/airflow/example_dags/example_sensors.py
[2026-05-29T02:01:21.099+0200] {processor.py:829} INFO - Processing file /home/frederic/airflow_venv/lib/python3.10/site-packages/airflow/example_dags/example_sensors.py for tasks to queue
[2026-05-29T02:01:21.099+0200] {logging_mixin.py:151} INFO - [2026-05-29T02:01:21.099+0200] {dagbag.py:539} INFO - Filling up the DagBag from /home/frederic/airflow_venv/lib/python3.10/site-packages/airflow/example_dags/example_sensors.py
[2026-05-29T02:01:21.107+0200] {processor.py:839} INFO - DAG(s) dict_keys(['example_sensors']) retrieved from /home/frederic/airflow_venv/lib/python3.10/site-packages/airflow/example_dags/example_sensors.py
[2026-05-29T02:01:21.126+0200] {logging_mixin.py:151} INFO - [2026-05-29T02:01:21.126+0200] {dag.py:2915} INFO - Sync 1 DAGs
[2026-05-29T02:01:21.138+0200] {logging_mixin.py:151} INFO - [2026-05-29T02:01:21.138+0200] {dag.py:3696} INFO - Setting next_dagrun for example_sensors to None, run_after=None
[2026-05-29T02:01:21.160+0200] {processor.py:179} INFO - Processing /home/frederic/airflow_venv/lib/python3.10/site-packages/airflow/example_dags/example_sensors.py took 0.064 seconds
[2026-05-29T02:01:55.316+0200] {processor.py:157} INFO - Started process (PID=636363) to work on /home/frederic/airflow_venv/lib/python3.10/site-packages/airflow/example_dags/example_sensors.py
[2026-05-29T02:01:55.317+0200] {processor.py:829} INFO - Processing file /home/frederic/airflow_venv/lib/python3.10/site-packages/airflow/example_dags/example_sensors.py for tasks to queue
[2026-05-29T02:01:55.318+0200] {logging_mixin.py:151} INFO - [2026-05-29T02:01:55.318+0200] {dagbag.py:539} INFO - Filling up the DagBag from /home/frederic/airflow_venv/lib/python3.10/site-packages/airflow/example_dags/example_sensors.py
[2026-05-29T02:01:55.331+0200] {processor.py:839} INFO - DAG(s) dict_keys(['example_sensors']) retrieved from /home/frederic/airflow_venv/lib/python3.10/site-packages/airflow/example_dags/example_sensors.py
[2026-05-29T02:01:55.352+0200] {logging_mixin.py:151} INFO - [2026-05-29T02:01:55.352+0200] {dag.py:2915} INFO - Sync 1 DAGs
[2026-05-29T02:01:55.365+0200] {logging_mixin.py:151} INFO - [2026-05-29T02:01:55.364+0200] {dag.py:3696} INFO - Setting next_dagrun for example_sensors to None, run_after=None
[2026-05-29T02:01:55.382+0200] {processor.py:179} INFO - Processing /home/frederic/airflow_venv/lib/python3.10/site-packages/airflow/example_dags/example_sensors.py took 0.071 seconds
[2026-05-29T02:02:04.440+0200] {processor.py:157} INFO - Started process (PID=636679) to work on /home/frederic/airflow_venv/lib/python3.10/site-packages/airflow/example_dags/example_sensors.py
[2026-05-29T02:02:04.440+0200] {processor.py:829} INFO - Processing file /home/frederic/airflow_venv/lib/python3.10/site-packages/airflow/example_dags/example_sensors.py for tasks to queue
[2026-05-29T02:02:04.441+0200] {logging_mixin.py:151} INFO - [2026-05-29T02:02:04.440+0200] {dagbag.py:539} INFO - Filling up the DagBag from /home/frederic/airflow_venv/lib/python3.10/site-packages/airflow/example_dags/example_sensors.py
[2026-05-29T02:02:04.448+0200] {processor.py:839} INFO - DAG(s) dict_keys(['example_sensors']) retrieved from /home/frederic/airflow_venv/lib/python3.10/site-packages/airflow/example_dags/example_sensors.py
[2026-05-29T02:02:04.464+0200] {logging_mixin.py:151} INFO - [2026-05-29T02:02:04.464+0200] {dag.py:2915} INFO - Sync 1 DAGs
[2026-05-29T02:02:04.473+0200] {logging_mixin.py:151} INFO - [2026-05-29T02:02:04.473+0200] {dag.py:3696} INFO - Setting next_dagrun for example_sensors to None, run_after=None
[2026-05-29T02:02:04.492+0200] {processor.py:179} INFO - Processing /home/frederic/airflow_venv/lib/python3.10/site-packages/airflow/example_dags/example_sensors.py took 0.054 seconds
[2026-05-29T02:02:47.477+0200] {processor.py:157} INFO - Started process (PID=638033) to work on /home/frederic/airflow_venv/lib/python3.10/site-packages/airflow/example_dags/example_sensors.py
[2026-05-29T02:02:47.478+0200] {processor.py:829} INFO - Processing file /home/frederic/airflow_venv/lib/python3.10/site-packages/airflow/example_dags/example_sensors.py for tasks to queue
[2026-05-29T02:02:47.479+0200] {logging_mixin.py:151} INFO - [2026-05-29T02:02:47.478+0200] {dagbag.py:539} INFO - Filling up the DagBag from /home/frederic/airflow_venv/lib/python3.10/site-packages/airflow/example_dags/example_sensors.py
[2026-05-29T02:02:47.488+0200] {processor.py:839} INFO - DAG(s) dict_keys(['example_sensors']) retrieved from /home/frederic/airflow_venv/lib/python3.10/site-packages/airflow/example_dags/example_sensors.py
[2026-05-29T02:02:47.512+0200] {logging_mixin.py:151} INFO - [2026-05-29T02:02:47.512+0200] {dag.py:2915} INFO - Sync 1 DAGs
[2026-05-29T02:02:47.525+0200] {logging_mixin.py:151} INFO - [2026-05-29T02:02:47.525+0200] {dag.py:3696} INFO - Setting next_dagrun for example_sensors to None, run_after=None
[2026-05-29T02:02:47.545+0200] {processor.py:179} INFO - Processing /home/frederic/airflow_venv/lib/python3.10/site-packages/airflow/example_dags/example_sensors.py took 0.071 seconds
[2026-05-29T02:02:55.790+0200] {processor.py:157} INFO - Started process (PID=638212) to work on /home/frederic/airflow_venv/lib/python3.10/site-packages/airflow/example_dags/example_sensors.py
[2026-05-29T02:02:55.791+0200] {processor.py:829} INFO - Processing file /home/frederic/airflow_venv/lib/python3.10/site-packages/airflow/example_dags/example_sensors.py for tasks to queue
[2026-05-29T02:02:55.792+0200] {logging_mixin.py:151} INFO - [2026-05-29T02:02:55.791+0200] {dagbag.py:539} INFO - Filling up the DagBag from /home/frederic/airflow_venv/lib/python3.10/site-packages/airflow/example_dags/example_sensors.py
[2026-05-29T02:02:55.800+0200] {processor.py:839} INFO - DAG(s) dict_keys(['example_sensors']) retrieved from /home/frederic/airflow_venv/lib/python3.10/site-packages/airflow/example_dags/example_sensors.py
[2026-05-29T02:02:55.819+0200] {logging_mixin.py:151} INFO - [2026-05-29T02:02:55.819+0200] {dag.py:2915} INFO - Sync 1 DAGs
[2026-05-29T02:02:55.829+0200] {logging_mixin.py:151} INFO - [2026-05-29T02:02:55.828+0200] {dag.py:3696} INFO - Setting next_dagrun for example_sensors to None, run_after=None
[2026-05-29T02:02:55.844+0200] {processor.py:179} INFO - Processing /home/frederic/airflow_venv/lib/python3.10/site-packages/airflow/example_dags/example_sensors.py took 0.056 seconds
[2026-05-29T02:03:35.921+0200] {processor.py:157} INFO - Started process (PID=639475) to work on /home/frederic/airflow_venv/lib/python3.10/site-packages/airflow/example_dags/example_sensors.py
[2026-05-29T02:03:35.922+0200] {processor.py:829} INFO - Processing file /home/frederic/airflow_venv/lib/python3.10/site-packages/airflow/example_dags/example_sensors.py for tasks to queue
[2026-05-29T02:03:35.922+0200] {logging_mixin.py:151} INFO - [2026-05-29T02:03:35.922+0200] {dagbag.py:539} INFO - Filling up the DagBag from /home/frederic/airflow_venv/lib/python3.10/site-packages/airflow/example_dags/example_sensors.py
[2026-05-29T02:03:35.933+0200] {processor.py:839} INFO - DAG(s) dict_keys(['example_sensors']) retrieved from /home/frederic/airflow_venv/lib/python3.10/site-packages/airflow/example_dags/example_sensors.py
[2026-05-29T02:03:35.952+0200] {logging_mixin.py:151} INFO - [2026-05-29T02:03:35.952+0200] {dag.py:2915} INFO - Sync 1 DAGs
[2026-05-29T02:03:35.962+0200] {logging_mixin.py:151} INFO - [2026-05-29T02:03:35.962+0200] {dag.py:3696} INFO - Setting next_dagrun for example_sensors to None, run_after=None
[2026-05-29T02:03:36.079+0200] {processor.py:179} INFO - Processing /home/frederic/airflow_venv/lib/python3.10/site-packages/airflow/example_dags/example_sensors.py took 0.161 seconds
[2026-05-29T02:03:43.086+0200] {processor.py:157} INFO - Started process (PID=639698) to work on /home/frederic/airflow_venv/lib/python3.10/site-packages/airflow/example_dags/example_sensors.py
[2026-05-29T02:03:43.087+0200] {processor.py:829} INFO - Processing file /home/frederic/airflow_venv/lib/python3.10/site-packages/airflow/example_dags/example_sensors.py for tasks to queue
[2026-05-29T02:03:43.088+0200] {logging_mixin.py:151} INFO - [2026-05-29T02:03:43.087+0200] {dagbag.py:539} INFO - Filling up the DagBag from /home/frederic/airflow_venv/lib/python3.10/site-packages/airflow/example_dags/example_sensors.py
[2026-05-29T02:03:43.096+0200] {processor.py:839} INFO - DAG(s) dict_keys(['example_sensors']) retrieved from /home/frederic/airflow_venv/lib/python3.10/site-packages/airflow/example_dags/example_sensors.py
[2026-05-29T02:03:43.111+0200] {logging_mixin.py:151} INFO - [2026-05-29T02:03:43.111+0200] {dag.py:2915} INFO - Sync 1 DAGs
[2026-05-29T02:03:43.120+0200] {logging_mixin.py:151} INFO - [2026-05-29T02:03:43.120+0200] {dag.py:3696} INFO - Setting next_dagrun for example_sensors to None, run_after=None
[2026-05-29T02:03:43.136+0200] {processor.py:179} INFO - Processing /home/frederic/airflow_venv/lib/python3.10/site-packages/airflow/example_dags/example_sensors.py took 0.052 seconds
[2026-05-29T09:58:19.235+0200] {processor.py:157} INFO - Started process (PID=681828) to work on /home/frederic/airflow_venv/lib/python3.10/site-packages/airflow/example_dags/example_sensors.py
[2026-05-29T09:58:19.236+0200] {processor.py:829} INFO - Processing file /home/frederic/airflow_venv/lib/python3.10/site-packages/airflow/example_dags/example_sensors.py for tasks to queue
[2026-05-29T09:58:19.237+0200] {logging_mixin.py:151} INFO - [2026-05-29T09:58:19.236+0200] {dagbag.py:539} INFO - Filling up the DagBag from /home/frederic/airflow_venv/lib/python3.10/site-packages/airflow/example_dags/example_sensors.py
[2026-05-29T09:58:19.245+0200] {processor.py:839} INFO - DAG(s) dict_keys(['example_sensors']) retrieved from /home/frederic/airflow_venv/lib/python3.10/site-packages/airflow/example_dags/example_sensors.py
[2026-05-29T09:58:19.251+0200] {logging_mixin.py:151} INFO - [2026-05-29T09:58:19.250+0200] {dag.py:2915} INFO - Sync 1 DAGs
[2026-05-29T09:58:19.261+0200] {logging_mixin.py:151} INFO - [2026-05-29T09:58:19.261+0200] {dag.py:3696} INFO - Setting next_dagrun for example_sensors to None, run_after=None
[2026-05-29T09:58:19.275+0200] {processor.py:179} INFO - Processing /home/frederic/airflow_venv/lib/python3.10/site-packages/airflow/example_dags/example_sensors.py took 0.042 seconds
[2026-05-29T09:59:09.646+0200] {processor.py:157} INFO - Started process (PID=683136) to work on /home/frederic/airflow_venv/lib/python3.10/site-packages/airflow/example_dags/example_sensors.py
[2026-05-29T09:59:09.647+0200] {processor.py:829} INFO - Processing file /home/frederic/airflow_venv/lib/python3.10/site-packages/airflow/example_dags/example_sensors.py for tasks to queue
[2026-05-29T09:59:09.648+0200] {logging_mixin.py:151} INFO - [2026-05-29T09:59:09.647+0200] {dagbag.py:539} INFO - Filling up the DagBag from /home/frederic/airflow_venv/lib/python3.10/site-packages/airflow/example_dags/example_sensors.py
[2026-05-29T09:59:09.660+0200] {processor.py:839} INFO - DAG(s) dict_keys(['example_sensors']) retrieved from /home/frederic/airflow_venv/lib/python3.10/site-packages/airflow/example_dags/example_sensors.py
[2026-05-29T09:59:09.680+0200] {logging_mixin.py:151} INFO - [2026-05-29T09:59:09.680+0200] {dag.py:2915} INFO - Sync 1 DAGs
[2026-05-29T09:59:09.698+0200] {logging_mixin.py:151} INFO - [2026-05-29T09:59:09.697+0200] {dag.py:3696} INFO - Setting next_dagrun for example_sensors to None, run_after=None
[2026-05-29T09:59:09.751+0200] {processor.py:179} INFO - Processing /home/frederic/airflow_venv/lib/python3.10/site-packages/airflow/example_dags/example_sensors.py took 0.107 seconds
[2026-05-29T09:59:56.639+0200] {processor.py:157} INFO - Started process (PID=683910) to work on /home/frederic/airflow_venv/lib/python3.10/site-packages/airflow/example_dags/example_sensors.py
[2026-05-29T09:59:56.642+0200] {processor.py:829} INFO - Processing file /home/frederic/airflow_venv/lib/python3.10/site-packages/airflow/example_dags/example_sensors.py for tasks to queue
[2026-05-29T09:59:56.643+0200] {logging_mixin.py:151} INFO - [2026-05-29T09:59:56.643+0200] {dagbag.py:539} INFO - Filling up the DagBag from /home/frederic/airflow_venv/lib/python3.10/site-packages/airflow/example_dags/example_sensors.py
[2026-05-29T09:59:56.652+0200] {processor.py:839} INFO - DAG(s) dict_keys(['example_sensors']) retrieved from /home/frederic/airflow_venv/lib/python3.10/site-packages/airflow/example_dags/example_sensors.py
[2026-05-29T09:59:56.676+0200] {logging_mixin.py:151} INFO - [2026-05-29T09:59:56.676+0200] {dag.py:2915} INFO - Sync 1 DAGs
[2026-05-29T09:59:56.689+0200] {logging_mixin.py:151} INFO - [2026-05-29T09:59:56.689+0200] {dag.py:3696} INFO - Setting next_dagrun for example_sensors to None, run_after=None
[2026-05-29T09:59:56.707+0200] {processor.py:179} INFO - Processing /home/frederic/airflow_venv/lib/python3.10/site-packages/airflow/example_dags/example_sensors.py took 0.071 seconds
[2026-05-29T10:00:48.046+0200] {processor.py:157} INFO - Started process (PID=684873) to work on /home/frederic/airflow_venv/lib/python3.10/site-packages/airflow/example_dags/example_sensors.py
[2026-05-29T10:00:48.047+0200] {processor.py:829} INFO - Processing file /home/frederic/airflow_venv/lib/python3.10/site-packages/airflow/example_dags/example_sensors.py for tasks to queue
[2026-05-29T10:00:48.048+0200] {logging_mixin.py:151} INFO - [2026-05-29T10:00:48.048+0200] {dagbag.py:539} INFO - Filling up the DagBag from /home/frederic/airflow_venv/lib/python3.10/site-packages/airflow/example_dags/example_sensors.py
[2026-05-29T10:00:48.059+0200] {processor.py:839} INFO - DAG(s) dict_keys(['example_sensors']) retrieved from /home/frederic/airflow_venv/lib/python3.10/site-packages/airflow/example_dags/example_sensors.py
[2026-05-29T10:00:48.082+0200] {logging_mixin.py:151} INFO - [2026-05-29T10:00:48.081+0200] {dag.py:2915} INFO - Sync 1 DAGs
[2026-05-29T10:00:48.092+0200] {logging_mixin.py:151} INFO - [2026-05-29T10:00:48.092+0200] {dag.py:3696} INFO - Setting next_dagrun for example_sensors to None, run_after=None
[2026-05-29T10:00:48.112+0200] {processor.py:179} INFO - Processing /home/frederic/airflow_venv/lib/python3.10/site-packages/airflow/example_dags/example_sensors.py took 0.068 seconds
[2026-05-29T10:01:35.847+0200] {processor.py:157} INFO - Started process (PID=685505) to work on /home/frederic/airflow_venv/lib/python3.10/site-packages/airflow/example_dags/example_sensors.py
[2026-05-29T10:01:35.850+0200] {processor.py:829} INFO - Processing file /home/frederic/airflow_venv/lib/python3.10/site-packages/airflow/example_dags/example_sensors.py for tasks to queue
[2026-05-29T10:01:35.851+0200] {logging_mixin.py:151} INFO - [2026-05-29T10:01:35.851+0200] {dagbag.py:539} INFO - Filling up the DagBag from /home/frederic/airflow_venv/lib/python3.10/site-packages/airflow/example_dags/example_sensors.py
[2026-05-29T10:01:35.859+0200] {processor.py:839} INFO - DAG(s) dict_keys(['example_sensors']) retrieved from /home/frederic/airflow_venv/lib/python3.10/site-packages/airflow/example_dags/example_sensors.py
[2026-05-29T10:01:35.878+0200] {logging_mixin.py:151} INFO - [2026-05-29T10:01:35.878+0200] {dag.py:2915} INFO - Sync 1 DAGs
[2026-05-29T10:01:35.889+0200] {logging_mixin.py:151} INFO - [2026-05-29T10:01:35.889+0200] {dag.py:3696} INFO - Setting next_dagrun for example_sensors to None, run_after=None
[2026-05-29T10:01:35.906+0200] {processor.py:179} INFO - Processing /home/frederic/airflow_venv/lib/python3.10/site-packages/airflow/example_dags/example_sensors.py took 0.063 seconds
[2026-05-29T10:02:24.602+0200] {processor.py:157} INFO - Started process (PID=686133) to work on /home/frederic/airflow_venv/lib/python3.10/site-packages/airflow/example_dags/example_sensors.py
[2026-05-29T10:02:24.603+0200] {processor.py:829} INFO - Processing file /home/frederic/airflow_venv/lib/python3.10/site-packages/airflow/example_dags/example_sensors.py for tasks to queue
[2026-05-29T10:02:24.603+0200] {logging_mixin.py:151} INFO - [2026-05-29T10:02:24.603+0200] {dagbag.py:539} INFO - Filling up the DagBag from /home/frederic/airflow_venv/lib/python3.10/site-packages/airflow/example_dags/example_sensors.py
[2026-05-29T10:02:24.615+0200] {processor.py:839} INFO - DAG(s) dict_keys(['example_sensors']) retrieved from /home/frederic/airflow_venv/lib/python3.10/site-packages/airflow/example_dags/example_sensors.py
[2026-05-29T10:02:24.634+0200] {logging_mixin.py:151} INFO - [2026-05-29T10:02:24.634+0200] {dag.py:2915} INFO - Sync 1 DAGs
[2026-05-29T10:02:24.645+0200] {logging_mixin.py:151} INFO - [2026-05-29T10:02:24.645+0200] {dag.py:3696} INFO - Setting next_dagrun for example_sensors to None, run_after=None
[2026-05-29T10:02:24.663+0200] {processor.py:179} INFO - Processing /home/frederic/airflow_venv/lib/python3.10/site-packages/airflow/example_dags/example_sensors.py took 0.065 seconds
[2026-05-29T10:03:10.478+0200] {processor.py:157} INFO - Started process (PID=686580) to work on /home/frederic/airflow_venv/lib/python3.10/site-packages/airflow/example_dags/example_sensors.py
[2026-05-29T10:03:10.480+0200] {processor.py:829} INFO - Processing file /home/frederic/airflow_venv/lib/python3.10/site-packages/airflow/example_dags/example_sensors.py for tasks to queue
[2026-05-29T10:03:10.480+0200] {logging_mixin.py:151} INFO - [2026-05-29T10:03:10.480+0200] {dagbag.py:539} INFO - Filling up the DagBag from /home/frederic/airflow_venv/lib/python3.10/site-packages/airflow/example_dags/example_sensors.py
[2026-05-29T10:03:10.489+0200] {processor.py:839} INFO - DAG(s) dict_keys(['example_sensors']) retrieved from /home/frederic/airflow_venv/lib/python3.10/site-packages/airflow/example_dags/example_sensors.py
[2026-05-29T10:03:10.508+0200] {logging_mixin.py:151} INFO - [2026-05-29T10:03:10.507+0200] {dag.py:2915} INFO - Sync 1 DAGs
[2026-05-29T10:03:10.518+0200] {logging_mixin.py:151} INFO - [2026-05-29T10:03:10.518+0200] {dag.py:3696} INFO - Setting next_dagrun for example_sensors to None, run_after=None
[2026-05-29T10:03:10.535+0200] {processor.py:179} INFO - Processing /home/frederic/airflow_venv/lib/python3.10/site-packages/airflow/example_dags/example_sensors.py took 0.060 seconds
[2026-05-29T10:03:58.478+0200] {processor.py:157} INFO - Started process (PID=687544) to work on /home/frederic/airflow_venv/lib/python3.10/site-packages/airflow/example_dags/example_sensors.py
[2026-05-29T10:03:58.479+0200] {processor.py:829} INFO - Processing file /home/frederic/airflow_venv/lib/python3.10/site-packages/airflow/example_dags/example_sensors.py for tasks to queue
[2026-05-29T10:03:58.479+0200] {logging_mixin.py:151} INFO - [2026-05-29T10:03:58.479+0200] {dagbag.py:539} INFO - Filling up the DagBag from /home/frederic/airflow_venv/lib/python3.10/site-packages/airflow/example_dags/example_sensors.py
[2026-05-29T10:03:58.489+0200] {processor.py:839} INFO - DAG(s) dict_keys(['example_sensors']) retrieved from /home/frederic/airflow_venv/lib/python3.10/site-packages/airflow/example_dags/example_sensors.py
[2026-05-29T10:03:58.511+0200] {logging_mixin.py:151} INFO - [2026-05-29T10:03:58.510+0200] {dag.py:2915} INFO - Sync 1 DAGs
[2026-05-29T10:03:58.520+0200] {logging_mixin.py:151} INFO - [2026-05-29T10:03:58.520+0200] {dag.py:3696} INFO - Setting next_dagrun for example_sensors to None, run_after=None
[2026-05-29T10:03:58.539+0200] {processor.py:179} INFO - Processing /home/frederic/airflow_venv/lib/python3.10/site-packages/airflow/example_dags/example_sensors.py took 0.064 seconds
[2026-05-29T10:04:48.449+0200] {processor.py:157} INFO - Started process (PID=688494) to work on /home/frederic/airflow_venv/lib/python3.10/site-packages/airflow/example_dags/example_sensors.py
[2026-05-29T10:04:48.450+0200] {processor.py:829} INFO - Processing file /home/frederic/airflow_venv/lib/python3.10/site-packages/airflow/example_dags/example_sensors.py for tasks to queue
[2026-05-29T10:04:48.451+0200] {logging_mixin.py:151} INFO - [2026-05-29T10:04:48.450+0200] {dagbag.py:539} INFO - Filling up the DagBag from /home/frederic/airflow_venv/lib/python3.10/site-packages/airflow/example_dags/example_sensors.py
[2026-05-29T10:04:48.460+0200] {processor.py:839} INFO - DAG(s) dict_keys(['example_sensors']) retrieved from /home/frederic/airflow_venv/lib/python3.10/site-packages/airflow/example_dags/example_sensors.py
[2026-05-29T10:04:48.479+0200] {logging_mixin.py:151} INFO - [2026-05-29T10:04:48.479+0200] {dag.py:2915} INFO - Sync 1 DAGs
[2026-05-29T10:04:48.490+0200] {logging_mixin.py:151} INFO - [2026-05-29T10:04:48.490+0200] {dag.py:3696} INFO - Setting next_dagrun for example_sensors to None, run_after=None
[2026-05-29T10:04:48.507+0200] {processor.py:179} INFO - Processing /home/frederic/airflow_venv/lib/python3.10/site-packages/airflow/example_dags/example_sensors.py took 0.060 seconds
[2026-05-29T10:05:34.004+0200] {processor.py:157} INFO - Started process (PID=689617) to work on /home/frederic/airflow_venv/lib/python3.10/site-packages/airflow/example_dags/example_sensors.py
[2026-05-29T10:05:34.005+0200] {processor.py:829} INFO - Processing file /home/frederic/airflow_venv/lib/python3.10/site-packages/airflow/example_dags/example_sensors.py for tasks to queue
[2026-05-29T10:05:34.006+0200] {logging_mixin.py:151} INFO - [2026-05-29T10:05:34.005+0200] {dagbag.py:539} INFO - Filling up the DagBag from /home/frederic/airflow_venv/lib/python3.10/site-packages/airflow/example_dags/example_sensors.py
[2026-05-29T10:05:34.015+0200] {processor.py:839} INFO - DAG(s) dict_keys(['example_sensors']) retrieved from /home/frederic/airflow_venv/lib/python3.10/site-packages/airflow/example_dags/example_sensors.py
[2026-05-29T10:05:34.036+0200] {logging_mixin.py:151} INFO - [2026-05-29T10:05:34.035+0200] {dag.py:2915} INFO - Sync 1 DAGs
[2026-05-29T10:05:34.046+0200] {logging_mixin.py:151} INFO - [2026-05-29T10:05:34.046+0200] {dag.py:3696} INFO - Setting next_dagrun for example_sensors to None, run_after=None
[2026-05-29T10:05:34.066+0200] {processor.py:179} INFO - Processing /home/frederic/airflow_venv/lib/python3.10/site-packages/airflow/example_dags/example_sensors.py took 0.067 seconds
[2026-05-29T10:06:21.406+0200] {processor.py:157} INFO - Started process (PID=690182) to work on /home/frederic/airflow_venv/lib/python3.10/site-packages/airflow/example_dags/example_sensors.py
[2026-05-29T10:06:21.407+0200] {processor.py:829} INFO - Processing file /home/frederic/airflow_venv/lib/python3.10/site-packages/airflow/example_dags/example_sensors.py for tasks to queue
[2026-05-29T10:06:21.408+0200] {logging_mixin.py:151} INFO - [2026-05-29T10:06:21.408+0200] {dagbag.py:539} INFO - Filling up the DagBag from /home/frederic/airflow_venv/lib/python3.10/site-packages/airflow/example_dags/example_sensors.py
[2026-05-29T10:06:21.418+0200] {processor.py:839} INFO - DAG(s) dict_keys(['example_sensors']) retrieved from /home/frederic/airflow_venv/lib/python3.10/site-packages/airflow/example_dags/example_sensors.py
[2026-05-29T10:06:21.439+0200] {logging_mixin.py:151} INFO - [2026-05-29T10:06:21.439+0200] {dag.py:2915} INFO - Sync 1 DAGs
[2026-05-29T10:06:21.454+0200] {logging_mixin.py:151} INFO - [2026-05-29T10:06:21.454+0200] {dag.py:3696} INFO - Setting next_dagrun for example_sensors to None, run_after=None
[2026-05-29T10:06:21.476+0200] {processor.py:179} INFO - Processing /home/frederic/airflow_venv/lib/python3.10/site-packages/airflow/example_dags/example_sensors.py took 0.074 seconds
[2026-05-29T10:07:15.198+0200] {processor.py:157} INFO - Started process (PID=690916) to work on /home/frederic/airflow_venv/lib/python3.10/site-packages/airflow/example_dags/example_sensors.py
[2026-05-29T10:07:15.200+0200] {processor.py:829} INFO - Processing file /home/frederic/airflow_venv/lib/python3.10/site-packages/airflow/example_dags/example_sensors.py for tasks to queue
[2026-05-29T10:07:15.201+0200] {logging_mixin.py:151} INFO - [2026-05-29T10:07:15.200+0200] {dagbag.py:539} INFO - Filling up the DagBag from /home/frederic/airflow_venv/lib/python3.10/site-packages/airflow/example_dags/example_sensors.py
[2026-05-29T10:07:15.210+0200] {processor.py:839} INFO - DAG(s) dict_keys(['example_sensors']) retrieved from /home/frederic/airflow_venv/lib/python3.10/site-packages/airflow/example_dags/example_sensors.py
[2026-05-29T10:07:15.229+0200] {logging_mixin.py:151} INFO - [2026-05-29T10:07:15.229+0200] {dag.py:2915} INFO - Sync 1 DAGs
[2026-05-29T10:07:15.241+0200] {logging_mixin.py:151} INFO - [2026-05-29T10:07:15.241+0200] {dag.py:3696} INFO - Setting next_dagrun for example_sensors to None, run_after=None
[2026-05-29T10:07:15.260+0200] {processor.py:179} INFO - Processing /home/frederic/airflow_venv/lib/python3.10/site-packages/airflow/example_dags/example_sensors.py took 0.065 seconds
[2026-05-29T10:08:06.676+0200] {processor.py:157} INFO - Started process (PID=691547) to work on /home/frederic/airflow_venv/lib/python3.10/site-packages/airflow/example_dags/example_sensors.py
[2026-05-29T10:08:06.680+0200] {processor.py:829} INFO - Processing file /home/frederic/airflow_venv/lib/python3.10/site-packages/airflow/example_dags/example_sensors.py for tasks to queue
[2026-05-29T10:08:06.680+0200] {logging_mixin.py:151} INFO - [2026-05-29T10:08:06.680+0200] {dagbag.py:539} INFO - Filling up the DagBag from /home/frederic/airflow_venv/lib/python3.10/site-packages/airflow/example_dags/example_sensors.py
[2026-05-29T10:08:06.689+0200] {processor.py:839} INFO - DAG(s) dict_keys(['example_sensors']) retrieved from /home/frederic/airflow_venv/lib/python3.10/site-packages/airflow/example_dags/example_sensors.py
[2026-05-29T10:08:06.708+0200] {logging_mixin.py:151} INFO - [2026-05-29T10:08:06.708+0200] {dag.py:2915} INFO - Sync 1 DAGs
[2026-05-29T10:08:06.718+0200] {logging_mixin.py:151} INFO - [2026-05-29T10:08:06.718+0200] {dag.py:3696} INFO - Setting next_dagrun for example_sensors to None, run_after=None
[2026-05-29T10:08:06.738+0200] {processor.py:179} INFO - Processing /home/frederic/airflow_venv/lib/python3.10/site-packages/airflow/example_dags/example_sensors.py took 0.065 seconds
[2026-05-29T10:08:54.207+0200] {processor.py:157} INFO - Started process (PID=692115) to work on /home/frederic/airflow_venv/lib/python3.10/site-packages/airflow/example_dags/example_sensors.py
[2026-05-29T10:08:54.207+0200] {processor.py:829} INFO - Processing file /home/frederic/airflow_venv/lib/python3.10/site-packages/airflow/example_dags/example_sensors.py for tasks to queue
[2026-05-29T10:08:54.208+0200] {logging_mixin.py:151} INFO - [2026-05-29T10:08:54.208+0200] {dagbag.py:539} INFO - Filling up the DagBag from /home/frederic/airflow_venv/lib/python3.10/site-packages/airflow/example_dags/example_sensors.py
[2026-05-29T10:08:54.217+0200] {processor.py:839} INFO - DAG(s) dict_keys(['example_sensors']) retrieved from /home/frederic/airflow_venv/lib/python3.10/site-packages/airflow/example_dags/example_sensors.py
[2026-05-29T10:08:54.234+0200] {logging_mixin.py:151} INFO - [2026-05-29T10:08:54.234+0200] {dag.py:2915} INFO - Sync 1 DAGs
[2026-05-29T10:08:54.245+0200] {logging_mixin.py:151} INFO - [2026-05-29T10:08:54.245+0200] {dag.py:3696} INFO - Setting next_dagrun for example_sensors to None, run_after=None
[2026-05-29T10:08:54.263+0200] {processor.py:179} INFO - Processing /home/frederic/airflow_venv/lib/python3.10/site-packages/airflow/example_dags/example_sensors.py took 0.058 seconds
[2026-05-29T10:09:40.189+0200] {processor.py:157} INFO - Started process (PID=692595) to work on /home/frederic/airflow_venv/lib/python3.10/site-packages/airflow/example_dags/example_sensors.py
[2026-05-29T10:09:40.190+0200] {processor.py:829} INFO - Processing file /home/frederic/airflow_venv/lib/python3.10/site-packages/airflow/example_dags/example_sensors.py for tasks to queue
[2026-05-29T10:09:40.190+0200] {logging_mixin.py:151} INFO - [2026-05-29T10:09:40.190+0200] {dagbag.py:539} INFO - Filling up the DagBag from /home/frederic/airflow_venv/lib/python3.10/site-packages/airflow/example_dags/example_sensors.py
[2026-05-29T10:09:40.198+0200] {processor.py:839} INFO - DAG(s) dict_keys(['example_sensors']) retrieved from /home/frederic/airflow_venv/lib/python3.10/site-packages/airflow/example_dags/example_sensors.py
[2026-05-29T10:09:40.218+0200] {logging_mixin.py:151} INFO - [2026-05-29T10:09:40.217+0200] {dag.py:2915} INFO - Sync 1 DAGs
[2026-05-29T10:09:40.226+0200] {logging_mixin.py:151} INFO - [2026-05-29T10:09:40.226+0200] {dag.py:3696} INFO - Setting next_dagrun for example_sensors to None, run_after=None
[2026-05-29T10:09:40.247+0200] {processor.py:179} INFO - Processing /home/frederic/airflow_venv/lib/python3.10/site-packages/airflow/example_dags/example_sensors.py took 0.061 seconds
[2026-05-29T10:10:27.979+0200] {processor.py:157} INFO - Started process (PID=693243) to work on /home/frederic/airflow_venv/lib/python3.10/site-packages/airflow/example_dags/example_sensors.py
[2026-05-29T10:10:27.982+0200] {processor.py:829} INFO - Processing file /home/frederic/airflow_venv/lib/python3.10/site-packages/airflow/example_dags/example_sensors.py for tasks to queue
[2026-05-29T10:10:27.983+0200] {logging_mixin.py:151} INFO - [2026-05-29T10:10:27.982+0200] {dagbag.py:539} INFO - Filling up the DagBag from /home/frederic/airflow_venv/lib/python3.10/site-packages/airflow/example_dags/example_sensors.py
[2026-05-29T10:10:27.992+0200] {processor.py:839} INFO - DAG(s) dict_keys(['example_sensors']) retrieved from /home/frederic/airflow_venv/lib/python3.10/site-packages/airflow/example_dags/example_sensors.py
[2026-05-29T10:10:28.015+0200] {logging_mixin.py:151} INFO - [2026-05-29T10:10:28.015+0200] {dag.py:2915} INFO - Sync 1 DAGs
[2026-05-29T10:10:28.025+0200] {logging_mixin.py:151} INFO - [2026-05-29T10:10:28.025+0200] {dag.py:3696} INFO - Setting next_dagrun for example_sensors to None, run_after=None
[2026-05-29T10:10:28.045+0200] {processor.py:179} INFO - Processing /home/frederic/airflow_venv/lib/python3.10/site-packages/airflow/example_dags/example_sensors.py took 0.068 seconds
[2026-05-29T10:11:18.128+0200] {processor.py:157} INFO - Started process (PID=694304) to work on /home/frederic/airflow_venv/lib/python3.10/site-packages/airflow/example_dags/example_sensors.py
[2026-05-29T10:11:18.129+0200] {processor.py:829} INFO - Processing file /home/frederic/airflow_venv/lib/python3.10/site-packages/airflow/example_dags/example_sensors.py for tasks to queue
[2026-05-29T10:11:18.130+0200] {logging_mixin.py:151} INFO - [2026-05-29T10:11:18.130+0200] {dagbag.py:539} INFO - Filling up the DagBag from /home/frederic/airflow_venv/lib/python3.10/site-packages/airflow/example_dags/example_sensors.py
[2026-05-29T10:11:18.138+0200] {processor.py:839} INFO - DAG(s) dict_keys(['example_sensors']) retrieved from /home/frederic/airflow_venv/lib/python3.10/site-packages/airflow/example_dags/example_sensors.py
[2026-05-29T10:11:18.156+0200] {logging_mixin.py:151} INFO - [2026-05-29T10:11:18.156+0200] {dag.py:2915} INFO - Sync 1 DAGs
[2026-05-29T10:11:18.166+0200] {logging_mixin.py:151} INFO - [2026-05-29T10:11:18.165+0200] {dag.py:3696} INFO - Setting next_dagrun for example_sensors to None, run_after=None
[2026-05-29T10:11:18.181+0200] {processor.py:179} INFO - Processing /home/frederic/airflow_venv/lib/python3.10/site-packages/airflow/example_dags/example_sensors.py took 0.056 seconds
[2026-05-29T10:12:06.517+0200] {processor.py:157} INFO - Started process (PID=695314) to work on /home/frederic/airflow_venv/lib/python3.10/site-packages/airflow/example_dags/example_sensors.py
[2026-05-29T10:12:06.518+0200] {processor.py:829} INFO - Processing file /home/frederic/airflow_venv/lib/python3.10/site-packages/airflow/example_dags/example_sensors.py for tasks to queue
[2026-05-29T10:12:06.518+0200] {logging_mixin.py:151} INFO - [2026-05-29T10:12:06.518+0200] {dagbag.py:539} INFO - Filling up the DagBag from /home/frederic/airflow_venv/lib/python3.10/site-packages/airflow/example_dags/example_sensors.py
[2026-05-29T10:12:06.526+0200] {processor.py:839} INFO - DAG(s) dict_keys(['example_sensors']) retrieved from /home/frederic/airflow_venv/lib/python3.10/site-packages/airflow/example_dags/example_sensors.py
[2026-05-29T10:12:06.542+0200] {logging_mixin.py:151} INFO - [2026-05-29T10:12:06.542+0200] {dag.py:2915} INFO - Sync 1 DAGs
[2026-05-29T10:12:06.551+0200] {logging_mixin.py:151} INFO - [2026-05-29T10:12:06.551+0200] {dag.py:3696} INFO - Setting next_dagrun for example_sensors to None, run_after=None
[2026-05-29T10:12:06.565+0200] {processor.py:179} INFO - Processing /home/frederic/airflow_venv/lib/python3.10/site-packages/airflow/example_dags/example_sensors.py took 0.051 seconds
[2026-05-29T10:12:49.337+0200] {processor.py:157} INFO - Started process (PID=695711) to work on /home/frederic/airflow_venv/lib/python3.10/site-packages/airflow/example_dags/example_sensors.py
[2026-05-29T10:12:49.338+0200] {processor.py:829} INFO - Processing file /home/frederic/airflow_venv/lib/python3.10/site-packages/airflow/example_dags/example_sensors.py for tasks to queue
[2026-05-29T10:12:49.338+0200] {logging_mixin.py:151} INFO - [2026-05-29T10:12:49.338+0200] {dagbag.py:539} INFO - Filling up the DagBag from /home/frederic/airflow_venv/lib/python3.10/site-packages/airflow/example_dags/example_sensors.py
[2026-05-29T10:12:49.346+0200] {processor.py:839} INFO - DAG(s) dict_keys(['example_sensors']) retrieved from /home/frederic/airflow_venv/lib/python3.10/site-packages/airflow/example_dags/example_sensors.py
[2026-05-29T10:12:49.362+0200] {logging_mixin.py:151} INFO - [2026-05-29T10:12:49.362+0200] {dag.py:2915} INFO - Sync 1 DAGs
[2026-05-29T10:12:49.370+0200] {logging_mixin.py:151} INFO - [2026-05-29T10:12:49.370+0200] {dag.py:3696} INFO - Setting next_dagrun for example_sensors to None, run_after=None
[2026-05-29T10:12:49.385+0200] {processor.py:179} INFO - Processing /home/frederic/airflow_venv/lib/python3.10/site-packages/airflow/example_dags/example_sensors.py took 0.050 seconds
[2026-05-29T10:13:38.433+0200] {processor.py:157} INFO - Started process (PID=696262) to work on /home/frederic/airflow_venv/lib/python3.10/site-packages/airflow/example_dags/example_sensors.py
[2026-05-29T10:13:38.435+0200] {processor.py:829} INFO - Processing file /home/frederic/airflow_venv/lib/python3.10/site-packages/airflow/example_dags/example_sensors.py for tasks to queue
[2026-05-29T10:13:38.435+0200] {logging_mixin.py:151} INFO - [2026-05-29T10:13:38.435+0200] {dagbag.py:539} INFO - Filling up the DagBag from /home/frederic/airflow_venv/lib/python3.10/site-packages/airflow/example_dags/example_sensors.py
[2026-05-29T10:13:38.445+0200] {processor.py:839} INFO - DAG(s) dict_keys(['example_sensors']) retrieved from /home/frederic/airflow_venv/lib/python3.10/site-packages/airflow/example_dags/example_sensors.py
[2026-05-29T10:13:38.467+0200] {logging_mixin.py:151} INFO - [2026-05-29T10:13:38.467+0200] {dag.py:2915} INFO - Sync 1 DAGs
[2026-05-29T10:13:38.480+0200] {logging_mixin.py:151} INFO - [2026-05-29T10:13:38.479+0200] {dag.py:3696} INFO - Setting next_dagrun for example_sensors to None, run_after=None
[2026-05-29T10:13:38.499+0200] {processor.py:179} INFO - Processing /home/frederic/airflow_venv/lib/python3.10/site-packages/airflow/example_dags/example_sensors.py took 0.069 seconds
[2026-05-29T10:14:20.989+0200] {processor.py:157} INFO - Started process (PID=696793) to work on /home/frederic/airflow_venv/lib/python3.10/site-packages/airflow/example_dags/example_sensors.py
[2026-05-29T10:14:20.990+0200] {processor.py:829} INFO - Processing file /home/frederic/airflow_venv/lib/python3.10/site-packages/airflow/example_dags/example_sensors.py for tasks to queue
[2026-05-29T10:14:20.990+0200] {logging_mixin.py:151} INFO - [2026-05-29T10:14:20.990+0200] {dagbag.py:539} INFO - Filling up the DagBag from /home/frederic/airflow_venv/lib/python3.10/site-packages/airflow/example_dags/example_sensors.py
[2026-05-29T10:14:20.999+0200] {processor.py:839} INFO - DAG(s) dict_keys(['example_sensors']) retrieved from /home/frederic/airflow_venv/lib/python3.10/site-packages/airflow/example_dags/example_sensors.py
[2026-05-29T10:14:21.016+0200] {logging_mixin.py:151} INFO - [2026-05-29T10:14:21.016+0200] {dag.py:2915} INFO - Sync 1 DAGs
[2026-05-29T10:14:21.026+0200] {logging_mixin.py:151} INFO - [2026-05-29T10:14:21.026+0200] {dag.py:3696} INFO - Setting next_dagrun for example_sensors to None, run_after=None
[2026-05-29T10:14:21.041+0200] {processor.py:179} INFO - Processing /home/frederic/airflow_venv/lib/python3.10/site-packages/airflow/example_dags/example_sensors.py took 0.054 seconds
[2026-05-29T10:15:09.270+0200] {processor.py:157} INFO - Started process (PID=697408) to work on /home/frederic/airflow_venv/lib/python3.10/site-packages/airflow/example_dags/example_sensors.py
[2026-05-29T10:15:09.271+0200] {processor.py:829} INFO - Processing file /home/frederic/airflow_venv/lib/python3.10/site-packages/airflow/example_dags/example_sensors.py for tasks to queue
[2026-05-29T10:15:09.272+0200] {logging_mixin.py:151} INFO - [2026-05-29T10:15:09.271+0200] {dagbag.py:539} INFO - Filling up the DagBag from /home/frederic/airflow_venv/lib/python3.10/site-packages/airflow/example_dags/example_sensors.py
[2026-05-29T10:15:09.280+0200] {processor.py:839} INFO - DAG(s) dict_keys(['example_sensors']) retrieved from /home/frederic/airflow_venv/lib/python3.10/site-packages/airflow/example_dags/example_sensors.py
[2026-05-29T10:15:09.297+0200] {logging_mixin.py:151} INFO - [2026-05-29T10:15:09.296+0200] {dag.py:2915} INFO - Sync 1 DAGs
[2026-05-29T10:15:09.305+0200] {logging_mixin.py:151} INFO - [2026-05-29T10:15:09.305+0200] {dag.py:3696} INFO - Setting next_dagrun for example_sensors to None, run_after=None
[2026-05-29T10:15:09.321+0200] {processor.py:179} INFO - Processing /home/frederic/airflow_venv/lib/python3.10/site-packages/airflow/example_dags/example_sensors.py took 0.053 seconds
[2026-05-29T10:15:58.560+0200] {processor.py:157} INFO - Started process (PID=698330) to work on /home/frederic/airflow_venv/lib/python3.10/site-packages/airflow/example_dags/example_sensors.py
[2026-05-29T10:15:58.561+0200] {processor.py:829} INFO - Processing file /home/frederic/airflow_venv/lib/python3.10/site-packages/airflow/example_dags/example_sensors.py for tasks to queue
[2026-05-29T10:15:58.562+0200] {logging_mixin.py:151} INFO - [2026-05-29T10:15:58.562+0200] {dagbag.py:539} INFO - Filling up the DagBag from /home/frederic/airflow_venv/lib/python3.10/site-packages/airflow/example_dags/example_sensors.py
[2026-05-29T10:15:58.570+0200] {processor.py:839} INFO - DAG(s) dict_keys(['example_sensors']) retrieved from /home/frederic/airflow_venv/lib/python3.10/site-packages/airflow/example_dags/example_sensors.py
[2026-05-29T10:15:58.594+0200] {logging_mixin.py:151} INFO - [2026-05-29T10:15:58.594+0200] {dag.py:2915} INFO - Sync 1 DAGs
[2026-05-29T10:15:58.606+0200] {logging_mixin.py:151} INFO - [2026-05-29T10:15:58.605+0200] {dag.py:3696} INFO - Setting next_dagrun for example_sensors to None, run_after=None
[2026-05-29T10:15:58.628+0200] {processor.py:179} INFO - Processing /home/frederic/airflow_venv/lib/python3.10/site-packages/airflow/example_dags/example_sensors.py took 0.070 seconds
[2026-05-29T10:16:44.875+0200] {processor.py:157} INFO - Started process (PID=698907) to work on /home/frederic/airflow_venv/lib/python3.10/site-packages/airflow/example_dags/example_sensors.py
[2026-05-29T10:16:44.876+0200] {processor.py:829} INFO - Processing file /home/frederic/airflow_venv/lib/python3.10/site-packages/airflow/example_dags/example_sensors.py for tasks to queue
[2026-05-29T10:16:44.877+0200] {logging_mixin.py:151} INFO - [2026-05-29T10:16:44.877+0200] {dagbag.py:539} INFO - Filling up the DagBag from /home/frederic/airflow_venv/lib/python3.10/site-packages/airflow/example_dags/example_sensors.py
[2026-05-29T10:16:44.884+0200] {processor.py:839} INFO - DAG(s) dict_keys(['example_sensors']) retrieved from /home/frederic/airflow_venv/lib/python3.10/site-packages/airflow/example_dags/example_sensors.py
[2026-05-29T10:16:44.901+0200] {logging_mixin.py:151} INFO - [2026-05-29T10:16:44.901+0200] {dag.py:2915} INFO - Sync 1 DAGs
[2026-05-29T10:16:44.910+0200] {logging_mixin.py:151} INFO - [2026-05-29T10:16:44.910+0200] {dag.py:3696} INFO - Setting next_dagrun for example_sensors to None, run_after=None
[2026-05-29T10:16:44.925+0200] {processor.py:179} INFO - Processing /home/frederic/airflow_venv/lib/python3.10/site-packages/airflow/example_dags/example_sensors.py took 0.052 seconds
[2026-05-29T10:17:29.286+0200] {processor.py:157} INFO - Started process (PID=700048) to work on /home/frederic/airflow_venv/lib/python3.10/site-packages/airflow/example_dags/example_sensors.py
[2026-05-29T10:17:29.287+0200] {processor.py:829} INFO - Processing file /home/frederic/airflow_venv/lib/python3.10/site-packages/airflow/example_dags/example_sensors.py for tasks to queue
[2026-05-29T10:17:29.288+0200] {logging_mixin.py:151} INFO - [2026-05-29T10:17:29.287+0200] {dagbag.py:539} INFO - Filling up the DagBag from /home/frederic/airflow_venv/lib/python3.10/site-packages/airflow/example_dags/example_sensors.py
[2026-05-29T10:17:29.296+0200] {processor.py:839} INFO - DAG(s) dict_keys(['example_sensors']) retrieved from /home/frederic/airflow_venv/lib/python3.10/site-packages/airflow/example_dags/example_sensors.py
[2026-05-29T10:17:29.314+0200] {logging_mixin.py:151} INFO - [2026-05-29T10:17:29.314+0200] {dag.py:2915} INFO - Sync 1 DAGs
[2026-05-29T10:17:29.323+0200] {logging_mixin.py:151} INFO - [2026-05-29T10:17:29.323+0200] {dag.py:3696} INFO - Setting next_dagrun for example_sensors to None, run_after=None
[2026-05-29T10:17:29.339+0200] {processor.py:179} INFO - Processing /home/frederic/airflow_venv/lib/python3.10/site-packages/airflow/example_dags/example_sensors.py took 0.055 seconds
[2026-05-29T10:18:17.252+0200] {processor.py:157} INFO - Started process (PID=700766) to work on /home/frederic/airflow_venv/lib/python3.10/site-packages/airflow/example_dags/example_sensors.py
[2026-05-29T10:18:17.253+0200] {processor.py:829} INFO - Processing file /home/frederic/airflow_venv/lib/python3.10/site-packages/airflow/example_dags/example_sensors.py for tasks to queue
[2026-05-29T10:18:17.254+0200] {logging_mixin.py:151} INFO - [2026-05-29T10:18:17.254+0200] {dagbag.py:539} INFO - Filling up the DagBag from /home/frederic/airflow_venv/lib/python3.10/site-packages/airflow/example_dags/example_sensors.py
[2026-05-29T10:18:17.262+0200] {processor.py:839} INFO - DAG(s) dict_keys(['example_sensors']) retrieved from /home/frederic/airflow_venv/lib/python3.10/site-packages/airflow/example_dags/example_sensors.py
[2026-05-29T10:18:17.279+0200] {logging_mixin.py:151} INFO - [2026-05-29T10:18:17.278+0200] {dag.py:2915} INFO - Sync 1 DAGs
[2026-05-29T10:18:17.288+0200] {logging_mixin.py:151} INFO - [2026-05-29T10:18:17.288+0200] {dag.py:3696} INFO - Setting next_dagrun for example_sensors to None, run_after=None
[2026-05-29T10:18:17.302+0200] {processor.py:179} INFO - Processing /home/frederic/airflow_venv/lib/python3.10/site-packages/airflow/example_dags/example_sensors.py took 0.053 seconds
[2026-05-29T10:19:02.659+0200] {processor.py:157} INFO - Started process (PID=701245) to work on /home/frederic/airflow_venv/lib/python3.10/site-packages/airflow/example_dags/example_sensors.py
[2026-05-29T10:19:02.660+0200] {processor.py:829} INFO - Processing file /home/frederic/airflow_venv/lib/python3.10/site-packages/airflow/example_dags/example_sensors.py for tasks to queue
[2026-05-29T10:19:02.660+0200] {logging_mixin.py:151} INFO - [2026-05-29T10:19:02.660+0200] {dagbag.py:539} INFO - Filling up the DagBag from /home/frederic/airflow_venv/lib/python3.10/site-packages/airflow/example_dags/example_sensors.py
[2026-05-29T10:19:02.668+0200] {processor.py:839} INFO - DAG(s) dict_keys(['example_sensors']) retrieved from /home/frederic/airflow_venv/lib/python3.10/site-packages/airflow/example_dags/example_sensors.py
[2026-05-29T10:19:02.683+0200] {logging_mixin.py:151} INFO - [2026-05-29T10:19:02.683+0200] {dag.py:2915} INFO - Sync 1 DAGs
[2026-05-29T10:19:02.692+0200] {logging_mixin.py:151} INFO - [2026-05-29T10:19:02.692+0200] {dag.py:3696} INFO - Setting next_dagrun for example_sensors to None, run_after=None
[2026-05-29T10:19:02.706+0200] {processor.py:179} INFO - Processing /home/frederic/airflow_venv/lib/python3.10/site-packages/airflow/example_dags/example_sensors.py took 0.050 seconds
[2026-05-29T10:19:50.964+0200] {processor.py:157} INFO - Started process (PID=701666) to work on /home/frederic/airflow_venv/lib/python3.10/site-packages/airflow/example_dags/example_sensors.py
[2026-05-29T10:19:50.965+0200] {processor.py:829} INFO - Processing file /home/frederic/airflow_venv/lib/python3.10/site-packages/airflow/example_dags/example_sensors.py for tasks to queue
[2026-05-29T10:19:50.966+0200] {logging_mixin.py:151} INFO - [2026-05-29T10:19:50.965+0200] {dagbag.py:539} INFO - Filling up the DagBag from /home/frederic/airflow_venv/lib/python3.10/site-packages/airflow/example_dags/example_sensors.py
[2026-05-29T10:19:50.974+0200] {processor.py:839} INFO - DAG(s) dict_keys(['example_sensors']) retrieved from /home/frederic/airflow_venv/lib/python3.10/site-packages/airflow/example_dags/example_sensors.py
[2026-05-29T10:19:50.993+0200] {logging_mixin.py:151} INFO - [2026-05-29T10:19:50.993+0200] {dag.py:2915} INFO - Sync 1 DAGs
[2026-05-29T10:19:51.004+0200] {logging_mixin.py:151} INFO - [2026-05-29T10:19:51.003+0200] {dag.py:3696} INFO - Setting next_dagrun for example_sensors to None, run_after=None
[2026-05-29T10:19:51.023+0200] {processor.py:179} INFO - Processing /home/frederic/airflow_venv/lib/python3.10/site-packages/airflow/example_dags/example_sensors.py took 0.062 seconds
[2026-05-29T10:20:40.946+0200] {processor.py:157} INFO - Started process (PID=702326) to work on /home/frederic/airflow_venv/lib/python3.10/site-packages/airflow/example_dags/example_sensors.py
[2026-05-29T10:20:40.947+0200] {processor.py:829} INFO - Processing file /home/frederic/airflow_venv/lib/python3.10/site-packages/airflow/example_dags/example_sensors.py for tasks to queue
[2026-05-29T10:20:40.948+0200] {logging_mixin.py:151} INFO - [2026-05-29T10:20:40.948+0200] {dagbag.py:539} INFO - Filling up the DagBag from /home/frederic/airflow_venv/lib/python3.10/site-packages/airflow/example_dags/example_sensors.py
[2026-05-29T10:20:40.956+0200] {processor.py:839} INFO - DAG(s) dict_keys(['example_sensors']) retrieved from /home/frederic/airflow_venv/lib/python3.10/site-packages/airflow/example_dags/example_sensors.py
[2026-05-29T10:20:40.972+0200] {logging_mixin.py:151} INFO - [2026-05-29T10:20:40.972+0200] {dag.py:2915} INFO - Sync 1 DAGs
[2026-05-29T10:20:40.982+0200] {logging_mixin.py:151} INFO - [2026-05-29T10:20:40.981+0200] {dag.py:3696} INFO - Setting next_dagrun for example_sensors to None, run_after=None
[2026-05-29T10:20:40.996+0200] {processor.py:179} INFO - Processing /home/frederic/airflow_venv/lib/python3.10/site-packages/airflow/example_dags/example_sensors.py took 0.052 seconds
[2026-05-29T10:21:29.462+0200] {processor.py:157} INFO - Started process (PID=702820) to work on /home/frederic/airflow_venv/lib/python3.10/site-packages/airflow/example_dags/example_sensors.py
[2026-05-29T10:21:29.464+0200] {processor.py:829} INFO - Processing file /home/frederic/airflow_venv/lib/python3.10/site-packages/airflow/example_dags/example_sensors.py for tasks to queue
[2026-05-29T10:21:29.465+0200] {logging_mixin.py:151} INFO - [2026-05-29T10:21:29.465+0200] {dagbag.py:539} INFO - Filling up the DagBag from /home/frederic/airflow_venv/lib/python3.10/site-packages/airflow/example_dags/example_sensors.py
[2026-05-29T10:21:29.475+0200] {processor.py:839} INFO - DAG(s) dict_keys(['example_sensors']) retrieved from /home/frederic/airflow_venv/lib/python3.10/site-packages/airflow/example_dags/example_sensors.py
[2026-05-29T10:21:29.493+0200] {logging_mixin.py:151} INFO - [2026-05-29T10:21:29.493+0200] {dag.py:2915} INFO - Sync 1 DAGs
[2026-05-29T10:21:29.503+0200] {logging_mixin.py:151} INFO - [2026-05-29T10:21:29.503+0200] {dag.py:3696} INFO - Setting next_dagrun for example_sensors to None, run_after=None
[2026-05-29T10:21:29.519+0200] {processor.py:179} INFO - Processing /home/frederic/airflow_venv/lib/python3.10/site-packages/airflow/example_dags/example_sensors.py took 0.061 seconds
[2026-05-29T10:22:16.163+0200] {processor.py:157} INFO - Started process (PID=703295) to work on /home/frederic/airflow_venv/lib/python3.10/site-packages/airflow/example_dags/example_sensors.py
[2026-05-29T10:22:16.164+0200] {processor.py:829} INFO - Processing file /home/frederic/airflow_venv/lib/python3.10/site-packages/airflow/example_dags/example_sensors.py for tasks to queue
[2026-05-29T10:22:16.165+0200] {logging_mixin.py:151} INFO - [2026-05-29T10:22:16.165+0200] {dagbag.py:539} INFO - Filling up the DagBag from /home/frederic/airflow_venv/lib/python3.10/site-packages/airflow/example_dags/example_sensors.py
[2026-05-29T10:22:16.173+0200] {processor.py:839} INFO - DAG(s) dict_keys(['example_sensors']) retrieved from /home/frederic/airflow_venv/lib/python3.10/site-packages/airflow/example_dags/example_sensors.py
[2026-05-29T10:22:16.189+0200] {logging_mixin.py:151} INFO - [2026-05-29T10:22:16.189+0200] {dag.py:2915} INFO - Sync 1 DAGs
[2026-05-29T10:22:16.198+0200] {logging_mixin.py:151} INFO - [2026-05-29T10:22:16.198+0200] {dag.py:3696} INFO - Setting next_dagrun for example_sensors to None, run_after=None
[2026-05-29T10:22:16.215+0200] {processor.py:179} INFO - Processing /home/frederic/airflow_venv/lib/python3.10/site-packages/airflow/example_dags/example_sensors.py took 0.054 seconds
[2026-05-29T10:23:05.290+0200] {processor.py:157} INFO - Started process (PID=703847) to work on /home/frederic/airflow_venv/lib/python3.10/site-packages/airflow/example_dags/example_sensors.py
[2026-05-29T10:23:05.291+0200] {processor.py:829} INFO - Processing file /home/frederic/airflow_venv/lib/python3.10/site-packages/airflow/example_dags/example_sensors.py for tasks to queue
[2026-05-29T10:23:05.292+0200] {logging_mixin.py:151} INFO - [2026-05-29T10:23:05.291+0200] {dagbag.py:539} INFO - Filling up the DagBag from /home/frederic/airflow_venv/lib/python3.10/site-packages/airflow/example_dags/example_sensors.py
[2026-05-29T10:23:05.300+0200] {processor.py:839} INFO - DAG(s) dict_keys(['example_sensors']) retrieved from /home/frederic/airflow_venv/lib/python3.10/site-packages/airflow/example_dags/example_sensors.py
[2026-05-29T10:23:05.317+0200] {logging_mixin.py:151} INFO - [2026-05-29T10:23:05.317+0200] {dag.py:2915} INFO - Sync 1 DAGs
[2026-05-29T10:23:05.408+0200] {logging_mixin.py:151} INFO - [2026-05-29T10:23:05.408+0200] {dag.py:3696} INFO - Setting next_dagrun for example_sensors to None, run_after=None
[2026-05-29T10:23:05.423+0200] {processor.py:179} INFO - Processing /home/frederic/airflow_venv/lib/python3.10/site-packages/airflow/example_dags/example_sensors.py took 0.135 seconds
[2026-05-29T10:23:55.057+0200] {processor.py:157} INFO - Started process (PID=704352) to work on /home/frederic/airflow_venv/lib/python3.10/site-packages/airflow/example_dags/example_sensors.py
[2026-05-29T10:23:55.058+0200] {processor.py:829} INFO - Processing file /home/frederic/airflow_venv/lib/python3.10/site-packages/airflow/example_dags/example_sensors.py for tasks to queue
[2026-05-29T10:23:55.059+0200] {logging_mixin.py:151} INFO - [2026-05-29T10:23:55.059+0200] {dagbag.py:539} INFO - Filling up the DagBag from /home/frederic/airflow_venv/lib/python3.10/site-packages/airflow/example_dags/example_sensors.py
[2026-05-29T10:23:55.066+0200] {processor.py:839} INFO - DAG(s) dict_keys(['example_sensors']) retrieved from /home/frederic/airflow_venv/lib/python3.10/site-packages/airflow/example_dags/example_sensors.py
[2026-05-29T10:23:55.085+0200] {logging_mixin.py:151} INFO - [2026-05-29T10:23:55.084+0200] {dag.py:2915} INFO - Sync 1 DAGs
[2026-05-29T10:23:55.094+0200] {logging_mixin.py:151} INFO - [2026-05-29T10:23:55.094+0200] {dag.py:3696} INFO - Setting next_dagrun for example_sensors to None, run_after=None
[2026-05-29T10:23:55.110+0200] {processor.py:179} INFO - Processing /home/frederic/airflow_venv/lib/python3.10/site-packages/airflow/example_dags/example_sensors.py took 0.055 seconds
[2026-05-29T10:24:47.447+0200] {processor.py:157} INFO - Started process (PID=704855) to work on /home/frederic/airflow_venv/lib/python3.10/site-packages/airflow/example_dags/example_sensors.py
[2026-05-29T10:24:47.448+0200] {processor.py:829} INFO - Processing file /home/frederic/airflow_venv/lib/python3.10/site-packages/airflow/example_dags/example_sensors.py for tasks to queue
[2026-05-29T10:24:47.449+0200] {logging_mixin.py:151} INFO - [2026-05-29T10:24:47.448+0200] {dagbag.py:539} INFO - Filling up the DagBag from /home/frederic/airflow_venv/lib/python3.10/site-packages/airflow/example_dags/example_sensors.py
[2026-05-29T10:24:47.457+0200] {processor.py:839} INFO - DAG(s) dict_keys(['example_sensors']) retrieved from /home/frederic/airflow_venv/lib/python3.10/site-packages/airflow/example_dags/example_sensors.py
[2026-05-29T10:24:47.474+0200] {logging_mixin.py:151} INFO - [2026-05-29T10:24:47.474+0200] {dag.py:2915} INFO - Sync 1 DAGs
[2026-05-29T10:24:47.486+0200] {logging_mixin.py:151} INFO - [2026-05-29T10:24:47.486+0200] {dag.py:3696} INFO - Setting next_dagrun for example_sensors to None, run_after=None
[2026-05-29T10:24:47.514+0200] {processor.py:179} INFO - Processing /home/frederic/airflow_venv/lib/python3.10/site-packages/airflow/example_dags/example_sensors.py took 0.070 seconds
[2026-05-29T10:25:43.773+0200] {processor.py:157} INFO - Started process (PID=705418) to work on /home/frederic/airflow_venv/lib/python3.10/site-packages/airflow/example_dags/example_sensors.py
[2026-05-29T10:25:43.774+0200] {processor.py:829} INFO - Processing file /home/frederic/airflow_venv/lib/python3.10/site-packages/airflow/example_dags/example_sensors.py for tasks to queue
[2026-05-29T10:25:43.775+0200] {logging_mixin.py:151} INFO - [2026-05-29T10:25:43.775+0200] {dagbag.py:539} INFO - Filling up the DagBag from /home/frederic/airflow_venv/lib/python3.10/site-packages/airflow/example_dags/example_sensors.py
[2026-05-29T10:25:43.789+0200] {processor.py:839} INFO - DAG(s) dict_keys(['example_sensors']) retrieved from /home/frederic/airflow_venv/lib/python3.10/site-packages/airflow/example_dags/example_sensors.py
[2026-05-29T10:25:43.903+0200] {logging_mixin.py:151} INFO - [2026-05-29T10:25:43.903+0200] {dag.py:2915} INFO - Sync 1 DAGs
[2026-05-29T10:25:43.911+0200] {logging_mixin.py:151} INFO - [2026-05-29T10:25:43.911+0200] {dag.py:3696} INFO - Setting next_dagrun for example_sensors to None, run_after=None
[2026-05-29T10:25:43.925+0200] {processor.py:179} INFO - Processing /home/frederic/airflow_venv/lib/python3.10/site-packages/airflow/example_dags/example_sensors.py took 0.154 seconds
[2026-05-29T10:26:34.563+0200] {processor.py:157} INFO - Started process (PID=705950) to work on /home/frederic/airflow_venv/lib/python3.10/site-packages/airflow/example_dags/example_sensors.py
[2026-05-29T10:26:34.564+0200] {processor.py:829} INFO - Processing file /home/frederic/airflow_venv/lib/python3.10/site-packages/airflow/example_dags/example_sensors.py for tasks to queue
[2026-05-29T10:26:34.564+0200] {logging_mixin.py:151} INFO - [2026-05-29T10:26:34.564+0200] {dagbag.py:539} INFO - Filling up the DagBag from /home/frederic/airflow_venv/lib/python3.10/site-packages/airflow/example_dags/example_sensors.py
[2026-05-29T10:26:34.572+0200] {processor.py:839} INFO - DAG(s) dict_keys(['example_sensors']) retrieved from /home/frederic/airflow_venv/lib/python3.10/site-packages/airflow/example_dags/example_sensors.py
[2026-05-29T10:26:34.590+0200] {logging_mixin.py:151} INFO - [2026-05-29T10:26:34.590+0200] {dag.py:2915} INFO - Sync 1 DAGs
[2026-05-29T10:26:34.676+0200] {logging_mixin.py:151} INFO - [2026-05-29T10:26:34.676+0200] {dag.py:3696} INFO - Setting next_dagrun for example_sensors to None, run_after=None
[2026-05-29T10:26:34.690+0200] {processor.py:179} INFO - Processing /home/frederic/airflow_venv/lib/python3.10/site-packages/airflow/example_dags/example_sensors.py took 0.130 seconds
[2026-05-29T10:27:26.398+0200] {processor.py:157} INFO - Started process (PID=706482) to work on /home/frederic/airflow_venv/lib/python3.10/site-packages/airflow/example_dags/example_sensors.py
[2026-05-29T10:27:26.399+0200] {processor.py:829} INFO - Processing file /home/frederic/airflow_venv/lib/python3.10/site-packages/airflow/example_dags/example_sensors.py for tasks to queue
[2026-05-29T10:27:26.399+0200] {logging_mixin.py:151} INFO - [2026-05-29T10:27:26.399+0200] {dagbag.py:539} INFO - Filling up the DagBag from /home/frederic/airflow_venv/lib/python3.10/site-packages/airflow/example_dags/example_sensors.py
[2026-05-29T10:27:26.408+0200] {processor.py:839} INFO - DAG(s) dict_keys(['example_sensors']) retrieved from /home/frederic/airflow_venv/lib/python3.10/site-packages/airflow/example_dags/example_sensors.py
[2026-05-29T10:27:26.428+0200] {logging_mixin.py:151} INFO - [2026-05-29T10:27:26.428+0200] {dag.py:2915} INFO - Sync 1 DAGs
[2026-05-29T10:27:26.438+0200] {logging_mixin.py:151} INFO - [2026-05-29T10:27:26.438+0200] {dag.py:3696} INFO - Setting next_dagrun for example_sensors to None, run_after=None
[2026-05-29T10:27:26.456+0200] {processor.py:179} INFO - Processing /home/frederic/airflow_venv/lib/python3.10/site-packages/airflow/example_dags/example_sensors.py took 0.061 seconds
[2026-05-29T10:28:08.628+0200] {processor.py:157} INFO - Started process (PID=706965) to work on /home/frederic/airflow_venv/lib/python3.10/site-packages/airflow/example_dags/example_sensors.py
[2026-05-29T10:28:08.630+0200] {processor.py:829} INFO - Processing file /home/frederic/airflow_venv/lib/python3.10/site-packages/airflow/example_dags/example_sensors.py for tasks to queue
[2026-05-29T10:28:08.630+0200] {logging_mixin.py:151} INFO - [2026-05-29T10:28:08.630+0200] {dagbag.py:539} INFO - Filling up the DagBag from /home/frederic/airflow_venv/lib/python3.10/site-packages/airflow/example_dags/example_sensors.py
[2026-05-29T10:28:08.638+0200] {processor.py:839} INFO - DAG(s) dict_keys(['example_sensors']) retrieved from /home/frederic/airflow_venv/lib/python3.10/site-packages/airflow/example_dags/example_sensors.py
[2026-05-29T10:28:08.654+0200] {logging_mixin.py:151} INFO - [2026-05-29T10:28:08.654+0200] {dag.py:2915} INFO - Sync 1 DAGs
[2026-05-29T10:28:08.662+0200] {logging_mixin.py:151} INFO - [2026-05-29T10:28:08.662+0200] {dag.py:3696} INFO - Setting next_dagrun for example_sensors to None, run_after=None
[2026-05-29T10:28:08.677+0200] {processor.py:179} INFO - Processing /home/frederic/airflow_venv/lib/python3.10/site-packages/airflow/example_dags/example_sensors.py took 0.051 seconds
[2026-05-29T10:28:52.598+0200] {processor.py:157} INFO - Started process (PID=707519) to work on /home/frederic/airflow_venv/lib/python3.10/site-packages/airflow/example_dags/example_sensors.py
[2026-05-29T10:28:52.599+0200] {processor.py:829} INFO - Processing file /home/frederic/airflow_venv/lib/python3.10/site-packages/airflow/example_dags/example_sensors.py for tasks to queue
[2026-05-29T10:28:52.600+0200] {logging_mixin.py:151} INFO - [2026-05-29T10:28:52.600+0200] {dagbag.py:539} INFO - Filling up the DagBag from /home/frederic/airflow_venv/lib/python3.10/site-packages/airflow/example_dags/example_sensors.py
[2026-05-29T10:28:52.608+0200] {processor.py:839} INFO - DAG(s) dict_keys(['example_sensors']) retrieved from /home/frederic/airflow_venv/lib/python3.10/site-packages/airflow/example_dags/example_sensors.py
[2026-05-29T10:28:52.624+0200] {logging_mixin.py:151} INFO - [2026-05-29T10:28:52.624+0200] {dag.py:2915} INFO - Sync 1 DAGs
[2026-05-29T10:28:52.633+0200] {logging_mixin.py:151} INFO - [2026-05-29T10:28:52.633+0200] {dag.py:3696} INFO - Setting next_dagrun for example_sensors to None, run_after=None
[2026-05-29T10:28:52.647+0200] {processor.py:179} INFO - Processing /home/frederic/airflow_venv/lib/python3.10/site-packages/airflow/example_dags/example_sensors.py took 0.051 seconds
[2026-05-29T10:29:38.890+0200] {processor.py:157} INFO - Started process (PID=708061) to work on /home/frederic/airflow_venv/lib/python3.10/site-packages/airflow/example_dags/example_sensors.py
[2026-05-29T10:29:38.891+0200] {processor.py:829} INFO - Processing file /home/frederic/airflow_venv/lib/python3.10/site-packages/airflow/example_dags/example_sensors.py for tasks to queue
[2026-05-29T10:29:38.892+0200] {logging_mixin.py:151} INFO - [2026-05-29T10:29:38.891+0200] {dagbag.py:539} INFO - Filling up the DagBag from /home/frederic/airflow_venv/lib/python3.10/site-packages/airflow/example_dags/example_sensors.py
[2026-05-29T10:29:38.901+0200] {processor.py:839} INFO - DAG(s) dict_keys(['example_sensors']) retrieved from /home/frederic/airflow_venv/lib/python3.10/site-packages/airflow/example_dags/example_sensors.py
[2026-05-29T10:29:38.923+0200] {logging_mixin.py:151} INFO - [2026-05-29T10:29:38.922+0200] {dag.py:2915} INFO - Sync 1 DAGs
[2026-05-29T10:29:38.932+0200] {logging_mixin.py:151} INFO - [2026-05-29T10:29:38.931+0200] {dag.py:3696} INFO - Setting next_dagrun for example_sensors to None, run_after=None
[2026-05-29T10:29:38.948+0200] {processor.py:179} INFO - Processing /home/frederic/airflow_venv/lib/python3.10/site-packages/airflow/example_dags/example_sensors.py took 0.060 seconds
[2026-05-29T10:30:29.099+0200] {processor.py:157} INFO - Started process (PID=708649) to work on /home/frederic/airflow_venv/lib/python3.10/site-packages/airflow/example_dags/example_sensors.py
[2026-05-29T10:30:29.100+0200] {processor.py:829} INFO - Processing file /home/frederic/airflow_venv/lib/python3.10/site-packages/airflow/example_dags/example_sensors.py for tasks to queue
[2026-05-29T10:30:29.101+0200] {logging_mixin.py:151} INFO - [2026-05-29T10:30:29.100+0200] {dagbag.py:539} INFO - Filling up the DagBag from /home/frederic/airflow_venv/lib/python3.10/site-packages/airflow/example_dags/example_sensors.py
[2026-05-29T10:30:29.115+0200] {processor.py:839} INFO - DAG(s) dict_keys(['example_sensors']) retrieved from /home/frederic/airflow_venv/lib/python3.10/site-packages/airflow/example_dags/example_sensors.py
[2026-05-29T10:30:29.136+0200] {logging_mixin.py:151} INFO - [2026-05-29T10:30:29.136+0200] {dag.py:2915} INFO - Sync 1 DAGs
[2026-05-29T10:30:29.144+0200] {logging_mixin.py:151} INFO - [2026-05-29T10:30:29.144+0200] {dag.py:3696} INFO - Setting next_dagrun for example_sensors to None, run_after=None
[2026-05-29T10:30:29.158+0200] {processor.py:179} INFO - Processing /home/frederic/airflow_venv/lib/python3.10/site-packages/airflow/example_dags/example_sensors.py took 0.061 seconds
[2026-05-29T10:31:13.621+0200] {processor.py:157} INFO - Started process (PID=709282) to work on /home/frederic/airflow_venv/lib/python3.10/site-packages/airflow/example_dags/example_sensors.py
[2026-05-29T10:31:13.622+0200] {processor.py:829} INFO - Processing file /home/frederic/airflow_venv/lib/python3.10/site-packages/airflow/example_dags/example_sensors.py for tasks to queue
[2026-05-29T10:31:13.623+0200] {logging_mixin.py:151} INFO - [2026-05-29T10:31:13.622+0200] {dagbag.py:539} INFO - Filling up the DagBag from /home/frederic/airflow_venv/lib/python3.10/site-packages/airflow/example_dags/example_sensors.py
[2026-05-29T10:31:13.632+0200] {processor.py:839} INFO - DAG(s) dict_keys(['example_sensors']) retrieved from /home/frederic/airflow_venv/lib/python3.10/site-packages/airflow/example_dags/example_sensors.py
[2026-05-29T10:31:13.650+0200] {logging_mixin.py:151} INFO - [2026-05-29T10:31:13.649+0200] {dag.py:2915} INFO - Sync 1 DAGs
[2026-05-29T10:31:13.662+0200] {logging_mixin.py:151} INFO - [2026-05-29T10:31:13.661+0200] {dag.py:3696} INFO - Setting next_dagrun for example_sensors to None, run_after=None
[2026-05-29T10:31:13.679+0200] {processor.py:179} INFO - Processing /home/frederic/airflow_venv/lib/python3.10/site-packages/airflow/example_dags/example_sensors.py took 0.060 seconds
[2026-05-29T10:32:00.769+0200] {processor.py:157} INFO - Started process (PID=709835) to work on /home/frederic/airflow_venv/lib/python3.10/site-packages/airflow/example_dags/example_sensors.py
[2026-05-29T10:32:00.770+0200] {processor.py:829} INFO - Processing file /home/frederic/airflow_venv/lib/python3.10/site-packages/airflow/example_dags/example_sensors.py for tasks to queue
[2026-05-29T10:32:00.771+0200] {logging_mixin.py:151} INFO - [2026-05-29T10:32:00.770+0200] {dagbag.py:539} INFO - Filling up the DagBag from /home/frederic/airflow_venv/lib/python3.10/site-packages/airflow/example_dags/example_sensors.py
[2026-05-29T10:32:00.779+0200] {processor.py:839} INFO - DAG(s) dict_keys(['example_sensors']) retrieved from /home/frederic/airflow_venv/lib/python3.10/site-packages/airflow/example_dags/example_sensors.py
[2026-05-29T10:32:00.796+0200] {logging_mixin.py:151} INFO - [2026-05-29T10:32:00.796+0200] {dag.py:2915} INFO - Sync 1 DAGs
[2026-05-29T10:32:00.805+0200] {logging_mixin.py:151} INFO - [2026-05-29T10:32:00.805+0200] {dag.py:3696} INFO - Setting next_dagrun for example_sensors to None, run_after=None
[2026-05-29T10:32:00.820+0200] {processor.py:179} INFO - Processing /home/frederic/airflow_venv/lib/python3.10/site-packages/airflow/example_dags/example_sensors.py took 0.054 seconds
[2026-05-29T10:32:46.116+0200] {processor.py:157} INFO - Started process (PID=710351) to work on /home/frederic/airflow_venv/lib/python3.10/site-packages/airflow/example_dags/example_sensors.py
[2026-05-29T10:32:46.117+0200] {processor.py:829} INFO - Processing file /home/frederic/airflow_venv/lib/python3.10/site-packages/airflow/example_dags/example_sensors.py for tasks to queue
[2026-05-29T10:32:46.118+0200] {logging_mixin.py:151} INFO - [2026-05-29T10:32:46.117+0200] {dagbag.py:539} INFO - Filling up the DagBag from /home/frederic/airflow_venv/lib/python3.10/site-packages/airflow/example_dags/example_sensors.py
[2026-05-29T10:32:46.126+0200] {processor.py:839} INFO - DAG(s) dict_keys(['example_sensors']) retrieved from /home/frederic/airflow_venv/lib/python3.10/site-packages/airflow/example_dags/example_sensors.py
[2026-05-29T10:32:46.142+0200] {logging_mixin.py:151} INFO - [2026-05-29T10:32:46.142+0200] {dag.py:2915} INFO - Sync 1 DAGs
[2026-05-29T10:32:46.151+0200] {logging_mixin.py:151} INFO - [2026-05-29T10:32:46.151+0200] {dag.py:3696} INFO - Setting next_dagrun for example_sensors to None, run_after=None
[2026-05-29T10:32:46.166+0200] {processor.py:179} INFO - Processing /home/frederic/airflow_venv/lib/python3.10/site-packages/airflow/example_dags/example_sensors.py took 0.052 seconds
[2026-05-29T10:33:33.432+0200] {processor.py:157} INFO - Started process (PID=711124) to work on /home/frederic/airflow_venv/lib/python3.10/site-packages/airflow/example_dags/example_sensors.py
[2026-05-29T10:33:33.433+0200] {processor.py:829} INFO - Processing file /home/frederic/airflow_venv/lib/python3.10/site-packages/airflow/example_dags/example_sensors.py for tasks to queue
[2026-05-29T10:33:33.434+0200] {logging_mixin.py:151} INFO - [2026-05-29T10:33:33.434+0200] {dagbag.py:539} INFO - Filling up the DagBag from /home/frederic/airflow_venv/lib/python3.10/site-packages/airflow/example_dags/example_sensors.py
[2026-05-29T10:33:33.444+0200] {processor.py:839} INFO - DAG(s) dict_keys(['example_sensors']) retrieved from /home/frederic/airflow_venv/lib/python3.10/site-packages/airflow/example_dags/example_sensors.py
[2026-05-29T10:33:33.462+0200] {logging_mixin.py:151} INFO - [2026-05-29T10:33:33.462+0200] {dag.py:2915} INFO - Sync 1 DAGs
[2026-05-29T10:33:33.471+0200] {logging_mixin.py:151} INFO - [2026-05-29T10:33:33.471+0200] {dag.py:3696} INFO - Setting next_dagrun for example_sensors to None, run_after=None
[2026-05-29T10:33:33.485+0200] {processor.py:179} INFO - Processing /home/frederic/airflow_venv/lib/python3.10/site-packages/airflow/example_dags/example_sensors.py took 0.055 seconds
[2026-05-29T10:34:17.244+0200] {processor.py:157} INFO - Started process (PID=711876) to work on /home/frederic/airflow_venv/lib/python3.10/site-packages/airflow/example_dags/example_sensors.py
[2026-05-29T10:34:17.245+0200] {processor.py:829} INFO - Processing file /home/frederic/airflow_venv/lib/python3.10/site-packages/airflow/example_dags/example_sensors.py for tasks to queue
[2026-05-29T10:34:17.246+0200] {logging_mixin.py:151} INFO - [2026-05-29T10:34:17.245+0200] {dagbag.py:539} INFO - Filling up the DagBag from /home/frederic/airflow_venv/lib/python3.10/site-packages/airflow/example_dags/example_sensors.py
[2026-05-29T10:34:17.253+0200] {processor.py:839} INFO - DAG(s) dict_keys(['example_sensors']) retrieved from /home/frederic/airflow_venv/lib/python3.10/site-packages/airflow/example_dags/example_sensors.py
[2026-05-29T10:34:17.268+0200] {logging_mixin.py:151} INFO - [2026-05-29T10:34:17.268+0200] {dag.py:2915} INFO - Sync 1 DAGs
[2026-05-29T10:34:17.276+0200] {logging_mixin.py:151} INFO - [2026-05-29T10:34:17.276+0200] {dag.py:3696} INFO - Setting next_dagrun for example_sensors to None, run_after=None
[2026-05-29T10:34:17.291+0200] {processor.py:179} INFO - Processing /home/frederic/airflow_venv/lib/python3.10/site-packages/airflow/example_dags/example_sensors.py took 0.049 seconds
[2026-05-29T10:35:00.191+0200] {processor.py:157} INFO - Started process (PID=712282) to work on /home/frederic/airflow_venv/lib/python3.10/site-packages/airflow/example_dags/example_sensors.py
[2026-05-29T10:35:00.192+0200] {processor.py:829} INFO - Processing file /home/frederic/airflow_venv/lib/python3.10/site-packages/airflow/example_dags/example_sensors.py for tasks to queue
[2026-05-29T10:35:00.192+0200] {logging_mixin.py:151} INFO - [2026-05-29T10:35:00.192+0200] {dagbag.py:539} INFO - Filling up the DagBag from /home/frederic/airflow_venv/lib/python3.10/site-packages/airflow/example_dags/example_sensors.py
[2026-05-29T10:35:00.201+0200] {processor.py:839} INFO - DAG(s) dict_keys(['example_sensors']) retrieved from /home/frederic/airflow_venv/lib/python3.10/site-packages/airflow/example_dags/example_sensors.py
[2026-05-29T10:35:00.217+0200] {logging_mixin.py:151} INFO - [2026-05-29T10:35:00.217+0200] {dag.py:2915} INFO - Sync 1 DAGs
[2026-05-29T10:35:00.228+0200] {logging_mixin.py:151} INFO - [2026-05-29T10:35:00.228+0200] {dag.py:3696} INFO - Setting next_dagrun for example_sensors to None, run_after=None
[2026-05-29T10:35:00.244+0200] {processor.py:179} INFO - Processing /home/frederic/airflow_venv/lib/python3.10/site-packages/airflow/example_dags/example_sensors.py took 0.056 seconds
[2026-05-29T10:35:51.134+0200] {processor.py:157} INFO - Started process (PID=712804) to work on /home/frederic/airflow_venv/lib/python3.10/site-packages/airflow/example_dags/example_sensors.py
[2026-05-29T10:35:51.138+0200] {processor.py:829} INFO - Processing file /home/frederic/airflow_venv/lib/python3.10/site-packages/airflow/example_dags/example_sensors.py for tasks to queue
[2026-05-29T10:35:51.138+0200] {logging_mixin.py:151} INFO - [2026-05-29T10:35:51.138+0200] {dagbag.py:539} INFO - Filling up the DagBag from /home/frederic/airflow_venv/lib/python3.10/site-packages/airflow/example_dags/example_sensors.py
[2026-05-29T10:35:51.146+0200] {processor.py:839} INFO - DAG(s) dict_keys(['example_sensors']) retrieved from /home/frederic/airflow_venv/lib/python3.10/site-packages/airflow/example_dags/example_sensors.py
[2026-05-29T10:35:51.162+0200] {logging_mixin.py:151} INFO - [2026-05-29T10:35:51.162+0200] {dag.py:2915} INFO - Sync 1 DAGs
[2026-05-29T10:35:51.171+0200] {logging_mixin.py:151} INFO - [2026-05-29T10:35:51.171+0200] {dag.py:3696} INFO - Setting next_dagrun for example_sensors to None, run_after=None
[2026-05-29T10:35:51.186+0200] {processor.py:179} INFO - Processing /home/frederic/airflow_venv/lib/python3.10/site-packages/airflow/example_dags/example_sensors.py took 0.054 seconds
[2026-05-29T10:36:34.670+0200] {processor.py:157} INFO - Started process (PID=713402) to work on /home/frederic/airflow_venv/lib/python3.10/site-packages/airflow/example_dags/example_sensors.py
[2026-05-29T10:36:34.671+0200] {processor.py:829} INFO - Processing file /home/frederic/airflow_venv/lib/python3.10/site-packages/airflow/example_dags/example_sensors.py for tasks to queue
[2026-05-29T10:36:34.671+0200] {logging_mixin.py:151} INFO - [2026-05-29T10:36:34.671+0200] {dagbag.py:539} INFO - Filling up the DagBag from /home/frederic/airflow_venv/lib/python3.10/site-packages/airflow/example_dags/example_sensors.py
[2026-05-29T10:36:34.680+0200] {processor.py:839} INFO - DAG(s) dict_keys(['example_sensors']) retrieved from /home/frederic/airflow_venv/lib/python3.10/site-packages/airflow/example_dags/example_sensors.py
[2026-05-29T10:36:34.700+0200] {logging_mixin.py:151} INFO - [2026-05-29T10:36:34.700+0200] {dag.py:2915} INFO - Sync 1 DAGs
[2026-05-29T10:36:34.709+0200] {logging_mixin.py:151} INFO - [2026-05-29T10:36:34.709+0200] {dag.py:3696} INFO - Setting next_dagrun for example_sensors to None, run_after=None
[2026-05-29T10:36:34.725+0200] {processor.py:179} INFO - Processing /home/frederic/airflow_venv/lib/python3.10/site-packages/airflow/example_dags/example_sensors.py took 0.058 seconds
[2026-05-29T10:37:23.485+0200] {processor.py:157} INFO - Started process (PID=713998) to work on /home/frederic/airflow_venv/lib/python3.10/site-packages/airflow/example_dags/example_sensors.py
[2026-05-29T10:37:23.486+0200] {processor.py:829} INFO - Processing file /home/frederic/airflow_venv/lib/python3.10/site-packages/airflow/example_dags/example_sensors.py for tasks to queue
[2026-05-29T10:37:23.487+0200] {logging_mixin.py:151} INFO - [2026-05-29T10:37:23.487+0200] {dagbag.py:539} INFO - Filling up the DagBag from /home/frederic/airflow_venv/lib/python3.10/site-packages/airflow/example_dags/example_sensors.py
[2026-05-29T10:37:23.496+0200] {processor.py:839} INFO - DAG(s) dict_keys(['example_sensors']) retrieved from /home/frederic/airflow_venv/lib/python3.10/site-packages/airflow/example_dags/example_sensors.py
[2026-05-29T10:37:23.513+0200] {logging_mixin.py:151} INFO - [2026-05-29T10:37:23.513+0200] {dag.py:2915} INFO - Sync 1 DAGs
[2026-05-29T10:37:23.522+0200] {logging_mixin.py:151} INFO - [2026-05-29T10:37:23.522+0200] {dag.py:3696} INFO - Setting next_dagrun for example_sensors to None, run_after=None
[2026-05-29T10:37:23.537+0200] {processor.py:179} INFO - Processing /home/frederic/airflow_venv/lib/python3.10/site-packages/airflow/example_dags/example_sensors.py took 0.054 seconds
[2026-05-29T10:38:06.761+0200] {processor.py:157} INFO - Started process (PID=714713) to work on /home/frederic/airflow_venv/lib/python3.10/site-packages/airflow/example_dags/example_sensors.py
[2026-05-29T10:38:06.762+0200] {processor.py:829} INFO - Processing file /home/frederic/airflow_venv/lib/python3.10/site-packages/airflow/example_dags/example_sensors.py for tasks to queue
[2026-05-29T10:38:06.763+0200] {logging_mixin.py:151} INFO - [2026-05-29T10:38:06.762+0200] {dagbag.py:539} INFO - Filling up the DagBag from /home/frederic/airflow_venv/lib/python3.10/site-packages/airflow/example_dags/example_sensors.py
[2026-05-29T10:38:06.772+0200] {processor.py:839} INFO - DAG(s) dict_keys(['example_sensors']) retrieved from /home/frederic/airflow_venv/lib/python3.10/site-packages/airflow/example_dags/example_sensors.py
[2026-05-29T10:38:06.790+0200] {logging_mixin.py:151} INFO - [2026-05-29T10:38:06.790+0200] {dag.py:2915} INFO - Sync 1 DAGs
[2026-05-29T10:38:06.800+0200] {logging_mixin.py:151} INFO - [2026-05-29T10:38:06.800+0200] {dag.py:3696} INFO - Setting next_dagrun for example_sensors to None, run_after=None
[2026-05-29T10:38:06.815+0200] {processor.py:179} INFO - Processing /home/frederic/airflow_venv/lib/python3.10/site-packages/airflow/example_dags/example_sensors.py took 0.057 seconds
[2026-05-29T10:38:53.463+0200] {processor.py:157} INFO - Started process (PID=715238) to work on /home/frederic/airflow_venv/lib/python3.10/site-packages/airflow/example_dags/example_sensors.py
[2026-05-29T10:38:53.464+0200] {processor.py:829} INFO - Processing file /home/frederic/airflow_venv/lib/python3.10/site-packages/airflow/example_dags/example_sensors.py for tasks to queue
[2026-05-29T10:38:53.465+0200] {logging_mixin.py:151} INFO - [2026-05-29T10:38:53.465+0200] {dagbag.py:539} INFO - Filling up the DagBag from /home/frederic/airflow_venv/lib/python3.10/site-packages/airflow/example_dags/example_sensors.py
[2026-05-29T10:38:53.474+0200] {processor.py:839} INFO - DAG(s) dict_keys(['example_sensors']) retrieved from /home/frederic/airflow_venv/lib/python3.10/site-packages/airflow/example_dags/example_sensors.py
[2026-05-29T10:38:53.493+0200] {logging_mixin.py:151} INFO - [2026-05-29T10:38:53.493+0200] {dag.py:2915} INFO - Sync 1 DAGs
[2026-05-29T10:38:53.503+0200] {logging_mixin.py:151} INFO - [2026-05-29T10:38:53.502+0200] {dag.py:3696} INFO - Setting next_dagrun for example_sensors to None, run_after=None
[2026-05-29T10:38:53.517+0200] {processor.py:179} INFO - Processing /home/frederic/airflow_venv/lib/python3.10/site-packages/airflow/example_dags/example_sensors.py took 0.057 seconds
[2026-05-29T10:39:38.641+0200] {processor.py:157} INFO - Started process (PID=715982) to work on /home/frederic/airflow_venv/lib/python3.10/site-packages/airflow/example_dags/example_sensors.py
[2026-05-29T10:39:38.642+0200] {processor.py:829} INFO - Processing file /home/frederic/airflow_venv/lib/python3.10/site-packages/airflow/example_dags/example_sensors.py for tasks to queue
[2026-05-29T10:39:38.643+0200] {logging_mixin.py:151} INFO - [2026-05-29T10:39:38.643+0200] {dagbag.py:539} INFO - Filling up the DagBag from /home/frederic/airflow_venv/lib/python3.10/site-packages/airflow/example_dags/example_sensors.py
[2026-05-29T10:39:38.653+0200] {processor.py:839} INFO - DAG(s) dict_keys(['example_sensors']) retrieved from /home/frederic/airflow_venv/lib/python3.10/site-packages/airflow/example_dags/example_sensors.py
[2026-05-29T10:39:38.671+0200] {logging_mixin.py:151} INFO - [2026-05-29T10:39:38.670+0200] {dag.py:2915} INFO - Sync 1 DAGs
[2026-05-29T10:39:38.680+0200] {logging_mixin.py:151} INFO - [2026-05-29T10:39:38.680+0200] {dag.py:3696} INFO - Setting next_dagrun for example_sensors to None, run_after=None
[2026-05-29T10:39:38.696+0200] {processor.py:179} INFO - Processing /home/frederic/airflow_venv/lib/python3.10/site-packages/airflow/example_dags/example_sensors.py took 0.057 seconds
[2026-05-29T10:40:23.022+0200] {processor.py:157} INFO - Started process (PID=716579) to work on /home/frederic/airflow_venv/lib/python3.10/site-packages/airflow/example_dags/example_sensors.py
[2026-05-29T10:40:23.023+0200] {processor.py:829} INFO - Processing file /home/frederic/airflow_venv/lib/python3.10/site-packages/airflow/example_dags/example_sensors.py for tasks to queue
[2026-05-29T10:40:23.024+0200] {logging_mixin.py:151} INFO - [2026-05-29T10:40:23.023+0200] {dagbag.py:539} INFO - Filling up the DagBag from /home/frederic/airflow_venv/lib/python3.10/site-packages/airflow/example_dags/example_sensors.py
[2026-05-29T10:40:23.032+0200] {processor.py:839} INFO - DAG(s) dict_keys(['example_sensors']) retrieved from /home/frederic/airflow_venv/lib/python3.10/site-packages/airflow/example_dags/example_sensors.py
[2026-05-29T10:40:23.047+0200] {logging_mixin.py:151} INFO - [2026-05-29T10:40:23.047+0200] {dag.py:2915} INFO - Sync 1 DAGs
[2026-05-29T10:40:23.055+0200] {logging_mixin.py:151} INFO - [2026-05-29T10:40:23.055+0200] {dag.py:3696} INFO - Setting next_dagrun for example_sensors to None, run_after=None
[2026-05-29T10:40:23.069+0200] {processor.py:179} INFO - Processing /home/frederic/airflow_venv/lib/python3.10/site-packages/airflow/example_dags/example_sensors.py took 0.050 seconds
[2026-05-29T10:41:08.442+0200] {processor.py:157} INFO - Started process (PID=717077) to work on /home/frederic/airflow_venv/lib/python3.10/site-packages/airflow/example_dags/example_sensors.py
[2026-05-29T10:41:08.443+0200] {processor.py:829} INFO - Processing file /home/frederic/airflow_venv/lib/python3.10/site-packages/airflow/example_dags/example_sensors.py for tasks to queue
[2026-05-29T10:41:08.444+0200] {logging_mixin.py:151} INFO - [2026-05-29T10:41:08.444+0200] {dagbag.py:539} INFO - Filling up the DagBag from /home/frederic/airflow_venv/lib/python3.10/site-packages/airflow/example_dags/example_sensors.py
[2026-05-29T10:41:08.455+0200] {processor.py:839} INFO - DAG(s) dict_keys(['example_sensors']) retrieved from /home/frederic/airflow_venv/lib/python3.10/site-packages/airflow/example_dags/example_sensors.py
[2026-05-29T10:41:08.476+0200] {logging_mixin.py:151} INFO - [2026-05-29T10:41:08.476+0200] {dag.py:2915} INFO - Sync 1 DAGs
[2026-05-29T10:41:08.487+0200] {logging_mixin.py:151} INFO - [2026-05-29T10:41:08.486+0200] {dag.py:3696} INFO - Setting next_dagrun for example_sensors to None, run_after=None
[2026-05-29T10:41:08.505+0200] {processor.py:179} INFO - Processing /home/frederic/airflow_venv/lib/python3.10/site-packages/airflow/example_dags/example_sensors.py took 0.067 seconds
[2026-05-29T10:41:55.973+0200] {processor.py:157} INFO - Started process (PID=717503) to work on /home/frederic/airflow_venv/lib/python3.10/site-packages/airflow/example_dags/example_sensors.py
[2026-05-29T10:41:55.975+0200] {processor.py:829} INFO - Processing file /home/frederic/airflow_venv/lib/python3.10/site-packages/airflow/example_dags/example_sensors.py for tasks to queue
[2026-05-29T10:41:55.975+0200] {logging_mixin.py:151} INFO - [2026-05-29T10:41:55.975+0200] {dagbag.py:539} INFO - Filling up the DagBag from /home/frederic/airflow_venv/lib/python3.10/site-packages/airflow/example_dags/example_sensors.py
[2026-05-29T10:41:55.985+0200] {processor.py:839} INFO - DAG(s) dict_keys(['example_sensors']) retrieved from /home/frederic/airflow_venv/lib/python3.10/site-packages/airflow/example_dags/example_sensors.py
[2026-05-29T10:41:56.003+0200] {logging_mixin.py:151} INFO - [2026-05-29T10:41:56.002+0200] {dag.py:2915} INFO - Sync 1 DAGs
[2026-05-29T10:41:56.013+0200] {logging_mixin.py:151} INFO - [2026-05-29T10:41:56.013+0200] {dag.py:3696} INFO - Setting next_dagrun for example_sensors to None, run_after=None
[2026-05-29T10:41:56.030+0200] {processor.py:179} INFO - Processing /home/frederic/airflow_venv/lib/python3.10/site-packages/airflow/example_dags/example_sensors.py took 0.059 seconds
[2026-05-29T10:42:45.175+0200] {processor.py:157} INFO - Started process (PID=718006) to work on /home/frederic/airflow_venv/lib/python3.10/site-packages/airflow/example_dags/example_sensors.py
[2026-05-29T10:42:45.176+0200] {processor.py:829} INFO - Processing file /home/frederic/airflow_venv/lib/python3.10/site-packages/airflow/example_dags/example_sensors.py for tasks to queue
[2026-05-29T10:42:45.177+0200] {logging_mixin.py:151} INFO - [2026-05-29T10:42:45.177+0200] {dagbag.py:539} INFO - Filling up the DagBag from /home/frederic/airflow_venv/lib/python3.10/site-packages/airflow/example_dags/example_sensors.py
[2026-05-29T10:42:45.185+0200] {processor.py:839} INFO - DAG(s) dict_keys(['example_sensors']) retrieved from /home/frederic/airflow_venv/lib/python3.10/site-packages/airflow/example_dags/example_sensors.py
[2026-05-29T10:42:45.207+0200] {logging_mixin.py:151} INFO - [2026-05-29T10:42:45.206+0200] {dag.py:2915} INFO - Sync 1 DAGs
[2026-05-29T10:42:45.221+0200] {logging_mixin.py:151} INFO - [2026-05-29T10:42:45.221+0200] {dag.py:3696} INFO - Setting next_dagrun for example_sensors to None, run_after=None
[2026-05-29T10:42:45.242+0200] {processor.py:179} INFO - Processing /home/frederic/airflow_venv/lib/python3.10/site-packages/airflow/example_dags/example_sensors.py took 0.069 seconds
[2026-05-29T10:43:29.173+0200] {processor.py:157} INFO - Started process (PID=718560) to work on /home/frederic/airflow_venv/lib/python3.10/site-packages/airflow/example_dags/example_sensors.py
[2026-05-29T10:43:29.174+0200] {processor.py:829} INFO - Processing file /home/frederic/airflow_venv/lib/python3.10/site-packages/airflow/example_dags/example_sensors.py for tasks to queue
[2026-05-29T10:43:29.175+0200] {logging_mixin.py:151} INFO - [2026-05-29T10:43:29.174+0200] {dagbag.py:539} INFO - Filling up the DagBag from /home/frederic/airflow_venv/lib/python3.10/site-packages/airflow/example_dags/example_sensors.py
[2026-05-29T10:43:29.183+0200] {processor.py:839} INFO - DAG(s) dict_keys(['example_sensors']) retrieved from /home/frederic/airflow_venv/lib/python3.10/site-packages/airflow/example_dags/example_sensors.py
[2026-05-29T10:43:29.202+0200] {logging_mixin.py:151} INFO - [2026-05-29T10:43:29.202+0200] {dag.py:2915} INFO - Sync 1 DAGs
[2026-05-29T10:43:29.212+0200] {logging_mixin.py:151} INFO - [2026-05-29T10:43:29.212+0200] {dag.py:3696} INFO - Setting next_dagrun for example_sensors to None, run_after=None
[2026-05-29T10:43:29.229+0200] {processor.py:179} INFO - Processing /home/frederic/airflow_venv/lib/python3.10/site-packages/airflow/example_dags/example_sensors.py took 0.058 seconds
[2026-05-29T10:44:16.578+0200] {processor.py:157} INFO - Started process (PID=719058) to work on /home/frederic/airflow_venv/lib/python3.10/site-packages/airflow/example_dags/example_sensors.py
[2026-05-29T10:44:16.579+0200] {processor.py:829} INFO - Processing file /home/frederic/airflow_venv/lib/python3.10/site-packages/airflow/example_dags/example_sensors.py for tasks to queue
[2026-05-29T10:44:16.580+0200] {logging_mixin.py:151} INFO - [2026-05-29T10:44:16.580+0200] {dagbag.py:539} INFO - Filling up the DagBag from /home/frederic/airflow_venv/lib/python3.10/site-packages/airflow/example_dags/example_sensors.py
[2026-05-29T10:44:16.589+0200] {processor.py:839} INFO - DAG(s) dict_keys(['example_sensors']) retrieved from /home/frederic/airflow_venv/lib/python3.10/site-packages/airflow/example_dags/example_sensors.py
[2026-05-29T10:44:16.611+0200] {logging_mixin.py:151} INFO - [2026-05-29T10:44:16.611+0200] {dag.py:2915} INFO - Sync 1 DAGs
[2026-05-29T10:44:16.622+0200] {logging_mixin.py:151} INFO - [2026-05-29T10:44:16.622+0200] {dag.py:3696} INFO - Setting next_dagrun for example_sensors to None, run_after=None
[2026-05-29T10:44:16.641+0200] {processor.py:179} INFO - Processing /home/frederic/airflow_venv/lib/python3.10/site-packages/airflow/example_dags/example_sensors.py took 0.065 seconds
[2026-05-29T10:45:05.232+0200] {processor.py:157} INFO - Started process (PID=719850) to work on /home/frederic/airflow_venv/lib/python3.10/site-packages/airflow/example_dags/example_sensors.py
[2026-05-29T10:45:05.234+0200] {processor.py:829} INFO - Processing file /home/frederic/airflow_venv/lib/python3.10/site-packages/airflow/example_dags/example_sensors.py for tasks to queue
[2026-05-29T10:45:05.235+0200] {logging_mixin.py:151} INFO - [2026-05-29T10:45:05.235+0200] {dagbag.py:539} INFO - Filling up the DagBag from /home/frederic/airflow_venv/lib/python3.10/site-packages/airflow/example_dags/example_sensors.py
[2026-05-29T10:45:05.247+0200] {processor.py:839} INFO - DAG(s) dict_keys(['example_sensors']) retrieved from /home/frederic/airflow_venv/lib/python3.10/site-packages/airflow/example_dags/example_sensors.py
[2026-05-29T10:45:05.265+0200] {logging_mixin.py:151} INFO - [2026-05-29T10:45:05.265+0200] {dag.py:2915} INFO - Sync 1 DAGs
[2026-05-29T10:45:05.275+0200] {logging_mixin.py:151} INFO - [2026-05-29T10:45:05.274+0200] {dag.py:3696} INFO - Setting next_dagrun for example_sensors to None, run_after=None
[2026-05-29T10:45:05.289+0200] {processor.py:179} INFO - Processing /home/frederic/airflow_venv/lib/python3.10/site-packages/airflow/example_dags/example_sensors.py took 0.059 seconds
[2026-05-29T10:45:50.459+0200] {processor.py:157} INFO - Started process (PID=720294) to work on /home/frederic/airflow_venv/lib/python3.10/site-packages/airflow/example_dags/example_sensors.py
[2026-05-29T10:45:50.460+0200] {processor.py:829} INFO - Processing file /home/frederic/airflow_venv/lib/python3.10/site-packages/airflow/example_dags/example_sensors.py for tasks to queue
[2026-05-29T10:45:50.461+0200] {logging_mixin.py:151} INFO - [2026-05-29T10:45:50.460+0200] {dagbag.py:539} INFO - Filling up the DagBag from /home/frederic/airflow_venv/lib/python3.10/site-packages/airflow/example_dags/example_sensors.py
[2026-05-29T10:45:50.469+0200] {processor.py:839} INFO - DAG(s) dict_keys(['example_sensors']) retrieved from /home/frederic/airflow_venv/lib/python3.10/site-packages/airflow/example_dags/example_sensors.py
[2026-05-29T10:45:50.488+0200] {logging_mixin.py:151} INFO - [2026-05-29T10:45:50.488+0200] {dag.py:2915} INFO - Sync 1 DAGs
[2026-05-29T10:45:50.496+0200] {logging_mixin.py:151} INFO - [2026-05-29T10:45:50.496+0200] {dag.py:3696} INFO - Setting next_dagrun for example_sensors to None, run_after=None
[2026-05-29T10:45:50.517+0200] {processor.py:179} INFO - Processing /home/frederic/airflow_venv/lib/python3.10/site-packages/airflow/example_dags/example_sensors.py took 0.062 seconds
[2026-05-29T10:46:37.842+0200] {processor.py:157} INFO - Started process (PID=720822) to work on /home/frederic/airflow_venv/lib/python3.10/site-packages/airflow/example_dags/example_sensors.py
[2026-05-29T10:46:37.843+0200] {processor.py:829} INFO - Processing file /home/frederic/airflow_venv/lib/python3.10/site-packages/airflow/example_dags/example_sensors.py for tasks to queue
[2026-05-29T10:46:37.844+0200] {logging_mixin.py:151} INFO - [2026-05-29T10:46:37.844+0200] {dagbag.py:539} INFO - Filling up the DagBag from /home/frederic/airflow_venv/lib/python3.10/site-packages/airflow/example_dags/example_sensors.py
[2026-05-29T10:46:37.852+0200] {processor.py:839} INFO - DAG(s) dict_keys(['example_sensors']) retrieved from /home/frederic/airflow_venv/lib/python3.10/site-packages/airflow/example_dags/example_sensors.py
[2026-05-29T10:46:37.868+0200] {logging_mixin.py:151} INFO - [2026-05-29T10:46:37.867+0200] {dag.py:2915} INFO - Sync 1 DAGs
[2026-05-29T10:46:37.876+0200] {logging_mixin.py:151} INFO - [2026-05-29T10:46:37.876+0200] {dag.py:3696} INFO - Setting next_dagrun for example_sensors to None, run_after=None
[2026-05-29T10:46:37.891+0200] {processor.py:179} INFO - Processing /home/frederic/airflow_venv/lib/python3.10/site-packages/airflow/example_dags/example_sensors.py took 0.051 seconds
[2026-05-29T10:47:30.192+0200] {processor.py:157} INFO - Started process (PID=721921) to work on /home/frederic/airflow_venv/lib/python3.10/site-packages/airflow/example_dags/example_sensors.py
[2026-05-29T10:47:30.193+0200] {processor.py:829} INFO - Processing file /home/frederic/airflow_venv/lib/python3.10/site-packages/airflow/example_dags/example_sensors.py for tasks to queue
[2026-05-29T10:47:30.194+0200] {logging_mixin.py:151} INFO - [2026-05-29T10:47:30.194+0200] {dagbag.py:539} INFO - Filling up the DagBag from /home/frederic/airflow_venv/lib/python3.10/site-packages/airflow/example_dags/example_sensors.py
[2026-05-29T10:47:30.203+0200] {processor.py:839} INFO - DAG(s) dict_keys(['example_sensors']) retrieved from /home/frederic/airflow_venv/lib/python3.10/site-packages/airflow/example_dags/example_sensors.py
[2026-05-29T10:47:30.222+0200] {logging_mixin.py:151} INFO - [2026-05-29T10:47:30.222+0200] {dag.py:2915} INFO - Sync 1 DAGs
[2026-05-29T10:47:30.231+0200] {logging_mixin.py:151} INFO - [2026-05-29T10:47:30.231+0200] {dag.py:3696} INFO - Setting next_dagrun for example_sensors to None, run_after=None
[2026-05-29T10:47:30.251+0200] {processor.py:179} INFO - Processing /home/frederic/airflow_venv/lib/python3.10/site-packages/airflow/example_dags/example_sensors.py took 0.061 seconds
[2026-05-29T10:48:14.402+0200] {processor.py:157} INFO - Started process (PID=722429) to work on /home/frederic/airflow_venv/lib/python3.10/site-packages/airflow/example_dags/example_sensors.py
[2026-05-29T10:48:14.403+0200] {processor.py:829} INFO - Processing file /home/frederic/airflow_venv/lib/python3.10/site-packages/airflow/example_dags/example_sensors.py for tasks to queue
[2026-05-29T10:48:14.404+0200] {logging_mixin.py:151} INFO - [2026-05-29T10:48:14.403+0200] {dagbag.py:539} INFO - Filling up the DagBag from /home/frederic/airflow_venv/lib/python3.10/site-packages/airflow/example_dags/example_sensors.py
[2026-05-29T10:48:14.412+0200] {processor.py:839} INFO - DAG(s) dict_keys(['example_sensors']) retrieved from /home/frederic/airflow_venv/lib/python3.10/site-packages/airflow/example_dags/example_sensors.py
[2026-05-29T10:48:14.431+0200] {logging_mixin.py:151} INFO - [2026-05-29T10:48:14.431+0200] {dag.py:2915} INFO - Sync 1 DAGs
[2026-05-29T10:48:14.441+0200] {logging_mixin.py:151} INFO - [2026-05-29T10:48:14.440+0200] {dag.py:3696} INFO - Setting next_dagrun for example_sensors to None, run_after=None
[2026-05-29T10:48:14.458+0200] {processor.py:179} INFO - Processing /home/frederic/airflow_venv/lib/python3.10/site-packages/airflow/example_dags/example_sensors.py took 0.058 seconds
[2026-05-29T10:49:06.804+0200] {processor.py:157} INFO - Started process (PID=723009) to work on /home/frederic/airflow_venv/lib/python3.10/site-packages/airflow/example_dags/example_sensors.py
[2026-05-29T10:49:06.805+0200] {processor.py:829} INFO - Processing file /home/frederic/airflow_venv/lib/python3.10/site-packages/airflow/example_dags/example_sensors.py for tasks to queue
[2026-05-29T10:49:06.805+0200] {logging_mixin.py:151} INFO - [2026-05-29T10:49:06.805+0200] {dagbag.py:539} INFO - Filling up the DagBag from /home/frederic/airflow_venv/lib/python3.10/site-packages/airflow/example_dags/example_sensors.py
[2026-05-29T10:49:06.816+0200] {processor.py:839} INFO - DAG(s) dict_keys(['example_sensors']) retrieved from /home/frederic/airflow_venv/lib/python3.10/site-packages/airflow/example_dags/example_sensors.py
[2026-05-29T10:49:06.836+0200] {logging_mixin.py:151} INFO - [2026-05-29T10:49:06.836+0200] {dag.py:2915} INFO - Sync 1 DAGs
[2026-05-29T10:49:06.846+0200] {logging_mixin.py:151} INFO - [2026-05-29T10:49:06.846+0200] {dag.py:3696} INFO - Setting next_dagrun for example_sensors to None, run_after=None
[2026-05-29T10:49:06.864+0200] {processor.py:179} INFO - Processing /home/frederic/airflow_venv/lib/python3.10/site-packages/airflow/example_dags/example_sensors.py took 0.063 seconds
[2026-05-29T10:49:55.200+0200] {processor.py:157} INFO - Started process (PID=723452) to work on /home/frederic/airflow_venv/lib/python3.10/site-packages/airflow/example_dags/example_sensors.py
[2026-05-29T10:49:55.201+0200] {processor.py:829} INFO - Processing file /home/frederic/airflow_venv/lib/python3.10/site-packages/airflow/example_dags/example_sensors.py for tasks to queue
[2026-05-29T10:49:55.202+0200] {logging_mixin.py:151} INFO - [2026-05-29T10:49:55.202+0200] {dagbag.py:539} INFO - Filling up the DagBag from /home/frederic/airflow_venv/lib/python3.10/site-packages/airflow/example_dags/example_sensors.py
[2026-05-29T10:49:55.212+0200] {processor.py:839} INFO - DAG(s) dict_keys(['example_sensors']) retrieved from /home/frederic/airflow_venv/lib/python3.10/site-packages/airflow/example_dags/example_sensors.py
[2026-05-29T10:49:55.231+0200] {logging_mixin.py:151} INFO - [2026-05-29T10:49:55.231+0200] {dag.py:2915} INFO - Sync 1 DAGs
[2026-05-29T10:49:55.244+0200] {logging_mixin.py:151} INFO - [2026-05-29T10:49:55.243+0200] {dag.py:3696} INFO - Setting next_dagrun for example_sensors to None, run_after=None
[2026-05-29T10:49:55.260+0200] {processor.py:179} INFO - Processing /home/frederic/airflow_venv/lib/python3.10/site-packages/airflow/example_dags/example_sensors.py took 0.063 seconds
[2026-05-29T10:50:41.767+0200] {processor.py:157} INFO - Started process (PID=723934) to work on /home/frederic/airflow_venv/lib/python3.10/site-packages/airflow/example_dags/example_sensors.py
[2026-05-29T10:50:41.768+0200] {processor.py:829} INFO - Processing file /home/frederic/airflow_venv/lib/python3.10/site-packages/airflow/example_dags/example_sensors.py for tasks to queue
[2026-05-29T10:50:41.769+0200] {logging_mixin.py:151} INFO - [2026-05-29T10:50:41.769+0200] {dagbag.py:539} INFO - Filling up the DagBag from /home/frederic/airflow_venv/lib/python3.10/site-packages/airflow/example_dags/example_sensors.py
[2026-05-29T10:50:41.777+0200] {processor.py:839} INFO - DAG(s) dict_keys(['example_sensors']) retrieved from /home/frederic/airflow_venv/lib/python3.10/site-packages/airflow/example_dags/example_sensors.py
[2026-05-29T10:50:41.794+0200] {logging_mixin.py:151} INFO - [2026-05-29T10:50:41.794+0200] {dag.py:2915} INFO - Sync 1 DAGs
[2026-05-29T10:50:41.807+0200] {logging_mixin.py:151} INFO - [2026-05-29T10:50:41.807+0200] {dag.py:3696} INFO - Setting next_dagrun for example_sensors to None, run_after=None
[2026-05-29T10:50:41.823+0200] {processor.py:179} INFO - Processing /home/frederic/airflow_venv/lib/python3.10/site-packages/airflow/example_dags/example_sensors.py took 0.059 seconds
