[2026-05-29T02:00:15.300+0200] {processor.py:157} INFO - Started process (PID=633439) to work on /home/frederic/airflow_venv/lib/python3.10/site-packages/airflow/example_dags/example_dag_decorator.py
[2026-05-29T02:00:15.301+0200] {processor.py:829} INFO - Processing file /home/frederic/airflow_venv/lib/python3.10/site-packages/airflow/example_dags/example_dag_decorator.py for tasks to queue
[2026-05-29T02:00:15.302+0200] {logging_mixin.py:151} INFO - [2026-05-29T02:00:15.301+0200] {dagbag.py:539} INFO - Filling up the DagBag from /home/frederic/airflow_venv/lib/python3.10/site-packages/airflow/example_dags/example_dag_decorator.py
[2026-05-29T02:00:15.369+0200] {processor.py:839} INFO - DAG(s) dict_keys(['example_dag_decorator']) retrieved from /home/frederic/airflow_venv/lib/python3.10/site-packages/airflow/example_dags/example_dag_decorator.py
[2026-05-29T02:00:15.452+0200] {logging_mixin.py:151} INFO - [2026-05-29T02:00:15.452+0200] {security.py:708} INFO - Not syncing DAG-level permissions for DAG 'DAG:example_dag_decorator' as access control is unset.
[2026-05-29T02:00:15.453+0200] {logging_mixin.py:151} INFO - [2026-05-29T02:00:15.453+0200] {dag.py:2915} INFO - Sync 1 DAGs
[2026-05-29T02:00:15.462+0200] {logging_mixin.py:151} INFO - [2026-05-29T02:00:15.462+0200] {dag.py:3696} INFO - Setting next_dagrun for example_dag_decorator to None, run_after=None
[2026-05-29T02:00:15.556+0200] {processor.py:179} INFO - Processing /home/frederic/airflow_venv/lib/python3.10/site-packages/airflow/example_dags/example_dag_decorator.py took 0.259 seconds
[2026-05-29T02:00:28.829+0200] {processor.py:157} INFO - Started process (PID=633960) to work on /home/frederic/airflow_venv/lib/python3.10/site-packages/airflow/example_dags/example_dag_decorator.py
[2026-05-29T02:00:28.829+0200] {processor.py:829} INFO - Processing file /home/frederic/airflow_venv/lib/python3.10/site-packages/airflow/example_dags/example_dag_decorator.py for tasks to queue
[2026-05-29T02:00:28.830+0200] {logging_mixin.py:151} INFO - [2026-05-29T02:00:28.830+0200] {dagbag.py:539} INFO - Filling up the DagBag from /home/frederic/airflow_venv/lib/python3.10/site-packages/airflow/example_dags/example_dag_decorator.py
[2026-05-29T02:00:28.901+0200] {processor.py:839} INFO - DAG(s) dict_keys(['example_dag_decorator']) retrieved from /home/frederic/airflow_venv/lib/python3.10/site-packages/airflow/example_dags/example_dag_decorator.py
[2026-05-29T02:00:28.908+0200] {logging_mixin.py:151} INFO - [2026-05-29T02:00:28.908+0200] {dag.py:2915} INFO - Sync 1 DAGs
[2026-05-29T02:00:28.919+0200] {logging_mixin.py:151} INFO - [2026-05-29T02:00:28.919+0200] {dag.py:3696} INFO - Setting next_dagrun for example_dag_decorator to None, run_after=None
[2026-05-29T02:00:28.935+0200] {processor.py:179} INFO - Processing /home/frederic/airflow_venv/lib/python3.10/site-packages/airflow/example_dags/example_dag_decorator.py took 0.109 seconds
[2026-05-29T02:00:59.749+0200] {processor.py:157} INFO - Started process (PID=634848) to work on /home/frederic/airflow_venv/lib/python3.10/site-packages/airflow/example_dags/example_dag_decorator.py
[2026-05-29T02:00:59.750+0200] {processor.py:829} INFO - Processing file /home/frederic/airflow_venv/lib/python3.10/site-packages/airflow/example_dags/example_dag_decorator.py for tasks to queue
[2026-05-29T02:00:59.750+0200] {logging_mixin.py:151} INFO - [2026-05-29T02:00:59.750+0200] {dagbag.py:539} INFO - Filling up the DagBag from /home/frederic/airflow_venv/lib/python3.10/site-packages/airflow/example_dags/example_dag_decorator.py
[2026-05-29T02:00:59.823+0200] {processor.py:839} INFO - DAG(s) dict_keys(['example_dag_decorator']) retrieved from /home/frederic/airflow_venv/lib/python3.10/site-packages/airflow/example_dags/example_dag_decorator.py
[2026-05-29T02:00:59.917+0200] {logging_mixin.py:151} INFO - [2026-05-29T02:00:59.917+0200] {security.py:708} INFO - Not syncing DAG-level permissions for DAG 'DAG:example_dag_decorator' as access control is unset.
[2026-05-29T02:00:59.918+0200] {logging_mixin.py:151} INFO - [2026-05-29T02:00:59.918+0200] {dag.py:2915} INFO - Sync 1 DAGs
[2026-05-29T02:00:59.925+0200] {logging_mixin.py:151} INFO - [2026-05-29T02:00:59.925+0200] {dag.py:3696} INFO - Setting next_dagrun for example_dag_decorator to None, run_after=None
[2026-05-29T02:00:59.940+0200] {processor.py:179} INFO - Processing /home/frederic/airflow_venv/lib/python3.10/site-packages/airflow/example_dags/example_dag_decorator.py took 0.193 seconds
[2026-05-29T02:01:29.557+0200] {processor.py:157} INFO - Started process (PID=635714) to work on /home/frederic/airflow_venv/lib/python3.10/site-packages/airflow/example_dags/example_dag_decorator.py
[2026-05-29T02:01:29.558+0200] {processor.py:829} INFO - Processing file /home/frederic/airflow_venv/lib/python3.10/site-packages/airflow/example_dags/example_dag_decorator.py for tasks to queue
[2026-05-29T02:01:29.559+0200] {logging_mixin.py:151} INFO - [2026-05-29T02:01:29.559+0200] {dagbag.py:539} INFO - Filling up the DagBag from /home/frederic/airflow_venv/lib/python3.10/site-packages/airflow/example_dags/example_dag_decorator.py
[2026-05-29T02:01:29.623+0200] {processor.py:839} INFO - DAG(s) dict_keys(['example_dag_decorator']) retrieved from /home/frederic/airflow_venv/lib/python3.10/site-packages/airflow/example_dags/example_dag_decorator.py
[2026-05-29T02:01:29.630+0200] {logging_mixin.py:151} INFO - [2026-05-29T02:01:29.630+0200] {dag.py:2915} INFO - Sync 1 DAGs
[2026-05-29T02:01:29.642+0200] {logging_mixin.py:151} INFO - [2026-05-29T02:01:29.642+0200] {dag.py:3696} INFO - Setting next_dagrun for example_dag_decorator to None, run_after=None
[2026-05-29T02:01:29.747+0200] {processor.py:179} INFO - Processing /home/frederic/airflow_venv/lib/python3.10/site-packages/airflow/example_dags/example_dag_decorator.py took 0.192 seconds
[2026-05-29T02:01:43.595+0200] {processor.py:157} INFO - Started process (PID=636096) to work on /home/frederic/airflow_venv/lib/python3.10/site-packages/airflow/example_dags/example_dag_decorator.py
[2026-05-29T02:01:43.596+0200] {processor.py:829} INFO - Processing file /home/frederic/airflow_venv/lib/python3.10/site-packages/airflow/example_dags/example_dag_decorator.py for tasks to queue
[2026-05-29T02:01:43.597+0200] {logging_mixin.py:151} INFO - [2026-05-29T02:01:43.597+0200] {dagbag.py:539} INFO - Filling up the DagBag from /home/frederic/airflow_venv/lib/python3.10/site-packages/airflow/example_dags/example_dag_decorator.py
[2026-05-29T02:01:43.660+0200] {processor.py:839} INFO - DAG(s) dict_keys(['example_dag_decorator']) retrieved from /home/frederic/airflow_venv/lib/python3.10/site-packages/airflow/example_dags/example_dag_decorator.py
[2026-05-29T02:01:43.678+0200] {logging_mixin.py:151} INFO - [2026-05-29T02:01:43.678+0200] {dag.py:2915} INFO - Sync 1 DAGs
[2026-05-29T02:01:43.687+0200] {logging_mixin.py:151} INFO - [2026-05-29T02:01:43.687+0200] {dag.py:3696} INFO - Setting next_dagrun for example_dag_decorator to None, run_after=None
[2026-05-29T02:01:43.703+0200] {processor.py:179} INFO - Processing /home/frederic/airflow_venv/lib/python3.10/site-packages/airflow/example_dags/example_dag_decorator.py took 0.111 seconds
[2026-05-29T02:02:19.227+0200] {processor.py:157} INFO - Started process (PID=637132) to work on /home/frederic/airflow_venv/lib/python3.10/site-packages/airflow/example_dags/example_dag_decorator.py
[2026-05-29T02:02:19.228+0200] {processor.py:829} INFO - Processing file /home/frederic/airflow_venv/lib/python3.10/site-packages/airflow/example_dags/example_dag_decorator.py for tasks to queue
[2026-05-29T02:02:19.229+0200] {logging_mixin.py:151} INFO - [2026-05-29T02:02:19.228+0200] {dagbag.py:539} INFO - Filling up the DagBag from /home/frederic/airflow_venv/lib/python3.10/site-packages/airflow/example_dags/example_dag_decorator.py
[2026-05-29T02:02:19.322+0200] {processor.py:839} INFO - DAG(s) dict_keys(['example_dag_decorator']) retrieved from /home/frederic/airflow_venv/lib/python3.10/site-packages/airflow/example_dags/example_dag_decorator.py
[2026-05-29T02:02:19.599+0200] {logging_mixin.py:151} INFO - [2026-05-29T02:02:19.599+0200] {security.py:708} INFO - Not syncing DAG-level permissions for DAG 'DAG:example_dag_decorator' as access control is unset.
[2026-05-29T02:02:19.599+0200] {logging_mixin.py:151} INFO - [2026-05-29T02:02:19.599+0200] {dag.py:2915} INFO - Sync 1 DAGs
[2026-05-29T02:02:19.606+0200] {logging_mixin.py:151} INFO - [2026-05-29T02:02:19.606+0200] {dag.py:3696} INFO - Setting next_dagrun for example_dag_decorator to None, run_after=None
[2026-05-29T02:02:19.620+0200] {processor.py:179} INFO - Processing /home/frederic/airflow_venv/lib/python3.10/site-packages/airflow/example_dags/example_dag_decorator.py took 0.396 seconds
[2026-05-29T02:02:29.839+0200] {processor.py:157} INFO - Started process (PID=637532) to work on /home/frederic/airflow_venv/lib/python3.10/site-packages/airflow/example_dags/example_dag_decorator.py
[2026-05-29T02:02:29.840+0200] {processor.py:829} INFO - Processing file /home/frederic/airflow_venv/lib/python3.10/site-packages/airflow/example_dags/example_dag_decorator.py for tasks to queue
[2026-05-29T02:02:29.841+0200] {logging_mixin.py:151} INFO - [2026-05-29T02:02:29.841+0200] {dagbag.py:539} INFO - Filling up the DagBag from /home/frederic/airflow_venv/lib/python3.10/site-packages/airflow/example_dags/example_dag_decorator.py
[2026-05-29T02:02:29.916+0200] {processor.py:839} INFO - DAG(s) dict_keys(['example_dag_decorator']) retrieved from /home/frederic/airflow_venv/lib/python3.10/site-packages/airflow/example_dags/example_dag_decorator.py
[2026-05-29T02:02:29.922+0200] {logging_mixin.py:151} INFO - [2026-05-29T02:02:29.922+0200] {dag.py:2915} INFO - Sync 1 DAGs
[2026-05-29T02:02:29.932+0200] {logging_mixin.py:151} INFO - [2026-05-29T02:02:29.931+0200] {dag.py:3696} INFO - Setting next_dagrun for example_dag_decorator to None, run_after=None
[2026-05-29T02:02:29.946+0200] {processor.py:179} INFO - Processing /home/frederic/airflow_venv/lib/python3.10/site-packages/airflow/example_dags/example_dag_decorator.py took 0.109 seconds
[2026-05-29T02:03:08.531+0200] {processor.py:157} INFO - Started process (PID=638533) to work on /home/frederic/airflow_venv/lib/python3.10/site-packages/airflow/example_dags/example_dag_decorator.py
[2026-05-29T02:03:08.532+0200] {processor.py:829} INFO - Processing file /home/frederic/airflow_venv/lib/python3.10/site-packages/airflow/example_dags/example_dag_decorator.py for tasks to queue
[2026-05-29T02:03:08.533+0200] {logging_mixin.py:151} INFO - [2026-05-29T02:03:08.533+0200] {dagbag.py:539} INFO - Filling up the DagBag from /home/frederic/airflow_venv/lib/python3.10/site-packages/airflow/example_dags/example_dag_decorator.py
[2026-05-29T02:03:08.629+0200] {processor.py:839} INFO - DAG(s) dict_keys(['example_dag_decorator']) retrieved from /home/frederic/airflow_venv/lib/python3.10/site-packages/airflow/example_dags/example_dag_decorator.py
[2026-05-29T02:03:08.845+0200] {logging_mixin.py:151} INFO - [2026-05-29T02:03:08.845+0200] {security.py:708} INFO - Not syncing DAG-level permissions for DAG 'DAG:example_dag_decorator' as access control is unset.
[2026-05-29T02:03:08.846+0200] {logging_mixin.py:151} INFO - [2026-05-29T02:03:08.846+0200] {dag.py:2915} INFO - Sync 1 DAGs
[2026-05-29T02:03:08.856+0200] {logging_mixin.py:151} INFO - [2026-05-29T02:03:08.856+0200] {dag.py:3696} INFO - Setting next_dagrun for example_dag_decorator to None, run_after=None
[2026-05-29T02:03:08.874+0200] {processor.py:179} INFO - Processing /home/frederic/airflow_venv/lib/python3.10/site-packages/airflow/example_dags/example_dag_decorator.py took 0.346 seconds
[2026-05-29T02:03:20.363+0200] {processor.py:157} INFO - Started process (PID=638894) to work on /home/frederic/airflow_venv/lib/python3.10/site-packages/airflow/example_dags/example_dag_decorator.py
[2026-05-29T02:03:20.370+0200] {processor.py:829} INFO - Processing file /home/frederic/airflow_venv/lib/python3.10/site-packages/airflow/example_dags/example_dag_decorator.py for tasks to queue
[2026-05-29T02:03:20.371+0200] {logging_mixin.py:151} INFO - [2026-05-29T02:03:20.371+0200] {dagbag.py:539} INFO - Filling up the DagBag from /home/frederic/airflow_venv/lib/python3.10/site-packages/airflow/example_dags/example_dag_decorator.py
[2026-05-29T02:03:20.475+0200] {processor.py:839} INFO - DAG(s) dict_keys(['example_dag_decorator']) retrieved from /home/frederic/airflow_venv/lib/python3.10/site-packages/airflow/example_dags/example_dag_decorator.py
[2026-05-29T02:03:20.481+0200] {logging_mixin.py:151} INFO - [2026-05-29T02:03:20.481+0200] {dag.py:2915} INFO - Sync 1 DAGs
[2026-05-29T02:03:20.493+0200] {logging_mixin.py:151} INFO - [2026-05-29T02:03:20.492+0200] {dag.py:3696} INFO - Setting next_dagrun for example_dag_decorator to None, run_after=None
[2026-05-29T02:03:20.508+0200] {processor.py:179} INFO - Processing /home/frederic/airflow_venv/lib/python3.10/site-packages/airflow/example_dags/example_dag_decorator.py took 0.148 seconds
[2026-05-29T02:04:25.966+0200] {processor.py:157} INFO - Started process (PID=640167) to work on /home/frederic/airflow_venv/lib/python3.10/site-packages/airflow/example_dags/example_dag_decorator.py
[2026-05-29T02:04:26.004+0200] {processor.py:829} INFO - Processing file /home/frederic/airflow_venv/lib/python3.10/site-packages/airflow/example_dags/example_dag_decorator.py for tasks to queue
[2026-05-29T02:04:26.307+0200] {logging_mixin.py:151} INFO - [2026-05-29T02:04:26.005+0200] {dagbag.py:539} INFO - Filling up the DagBag from /home/frederic/airflow_venv/lib/python3.10/site-packages/airflow/example_dags/example_dag_decorator.py
[2026-05-29T02:04:27.131+0200] {processor.py:839} INFO - DAG(s) dict_keys(['example_dag_decorator']) retrieved from /home/frederic/airflow_venv/lib/python3.10/site-packages/airflow/example_dags/example_dag_decorator.py
[2026-05-29T02:04:27.841+0200] {logging_mixin.py:151} INFO - [2026-05-29T02:04:27.841+0200] {security.py:708} INFO - Not syncing DAG-level permissions for DAG 'DAG:example_dag_decorator' as access control is unset.
[2026-05-29T02:04:27.842+0200] {logging_mixin.py:151} INFO - [2026-05-29T02:04:27.842+0200] {dag.py:2915} INFO - Sync 1 DAGs
[2026-05-29T02:04:27.861+0200] {logging_mixin.py:151} INFO - [2026-05-29T02:04:27.860+0200] {dag.py:3696} INFO - Setting next_dagrun for example_dag_decorator to None, run_after=None
[2026-05-29T02:04:27.908+0200] {processor.py:179} INFO - Processing /home/frederic/airflow_venv/lib/python3.10/site-packages/airflow/example_dags/example_dag_decorator.py took 1.945 seconds
[2026-05-29T09:58:34.103+0200] {processor.py:157} INFO - Started process (PID=682122) to work on /home/frederic/airflow_venv/lib/python3.10/site-packages/airflow/example_dags/example_dag_decorator.py
[2026-05-29T09:58:34.105+0200] {processor.py:829} INFO - Processing file /home/frederic/airflow_venv/lib/python3.10/site-packages/airflow/example_dags/example_dag_decorator.py for tasks to queue
[2026-05-29T09:58:34.106+0200] {logging_mixin.py:151} INFO - [2026-05-29T09:58:34.105+0200] {dagbag.py:539} INFO - Filling up the DagBag from /home/frederic/airflow_venv/lib/python3.10/site-packages/airflow/example_dags/example_dag_decorator.py
[2026-05-29T09:58:34.208+0200] {processor.py:839} INFO - DAG(s) dict_keys(['example_dag_decorator']) retrieved from /home/frederic/airflow_venv/lib/python3.10/site-packages/airflow/example_dags/example_dag_decorator.py
[2026-05-29T09:58:34.358+0200] {logging_mixin.py:151} INFO - [2026-05-29T09:58:34.358+0200] {security.py:708} INFO - Not syncing DAG-level permissions for DAG 'DAG:example_dag_decorator' as access control is unset.
[2026-05-29T09:58:34.358+0200] {logging_mixin.py:151} INFO - [2026-05-29T09:58:34.358+0200] {dag.py:2915} INFO - Sync 1 DAGs
[2026-05-29T09:58:34.372+0200] {logging_mixin.py:151} INFO - [2026-05-29T09:58:34.371+0200] {dag.py:3696} INFO - Setting next_dagrun for example_dag_decorator to None, run_after=None
[2026-05-29T09:58:34.417+0200] {processor.py:179} INFO - Processing /home/frederic/airflow_venv/lib/python3.10/site-packages/airflow/example_dags/example_dag_decorator.py took 0.318 seconds
[2026-05-29T09:59:25.762+0200] {processor.py:157} INFO - Started process (PID=683623) to work on /home/frederic/airflow_venv/lib/python3.10/site-packages/airflow/example_dags/example_dag_decorator.py
[2026-05-29T09:59:25.764+0200] {processor.py:829} INFO - Processing file /home/frederic/airflow_venv/lib/python3.10/site-packages/airflow/example_dags/example_dag_decorator.py for tasks to queue
[2026-05-29T09:59:25.765+0200] {logging_mixin.py:151} INFO - [2026-05-29T09:59:25.764+0200] {dagbag.py:539} INFO - Filling up the DagBag from /home/frederic/airflow_venv/lib/python3.10/site-packages/airflow/example_dags/example_dag_decorator.py
[2026-05-29T09:59:25.835+0200] {processor.py:839} INFO - DAG(s) dict_keys(['example_dag_decorator']) retrieved from /home/frederic/airflow_venv/lib/python3.10/site-packages/airflow/example_dags/example_dag_decorator.py
[2026-05-29T09:59:25.934+0200] {logging_mixin.py:151} INFO - [2026-05-29T09:59:25.934+0200] {security.py:708} INFO - Not syncing DAG-level permissions for DAG 'DAG:example_dag_decorator' as access control is unset.
[2026-05-29T09:59:25.934+0200] {logging_mixin.py:151} INFO - [2026-05-29T09:59:25.934+0200] {dag.py:2915} INFO - Sync 1 DAGs
[2026-05-29T09:59:25.946+0200] {logging_mixin.py:151} INFO - [2026-05-29T09:59:25.946+0200] {dag.py:3696} INFO - Setting next_dagrun for example_dag_decorator to None, run_after=None
[2026-05-29T09:59:25.965+0200] {processor.py:179} INFO - Processing /home/frederic/airflow_venv/lib/python3.10/site-packages/airflow/example_dags/example_dag_decorator.py took 0.207 seconds
[2026-05-29T10:00:17.153+0200] {processor.py:157} INFO - Started process (PID=684322) to work on /home/frederic/airflow_venv/lib/python3.10/site-packages/airflow/example_dags/example_dag_decorator.py
[2026-05-29T10:00:17.154+0200] {processor.py:829} INFO - Processing file /home/frederic/airflow_venv/lib/python3.10/site-packages/airflow/example_dags/example_dag_decorator.py for tasks to queue
[2026-05-29T10:00:17.154+0200] {logging_mixin.py:151} INFO - [2026-05-29T10:00:17.154+0200] {dagbag.py:539} INFO - Filling up the DagBag from /home/frederic/airflow_venv/lib/python3.10/site-packages/airflow/example_dags/example_dag_decorator.py
[2026-05-29T10:00:17.220+0200] {processor.py:839} INFO - DAG(s) dict_keys(['example_dag_decorator']) retrieved from /home/frederic/airflow_venv/lib/python3.10/site-packages/airflow/example_dags/example_dag_decorator.py
[2026-05-29T10:00:17.307+0200] {logging_mixin.py:151} INFO - [2026-05-29T10:00:17.307+0200] {security.py:708} INFO - Not syncing DAG-level permissions for DAG 'DAG:example_dag_decorator' as access control is unset.
[2026-05-29T10:00:17.307+0200] {logging_mixin.py:151} INFO - [2026-05-29T10:00:17.307+0200] {dag.py:2915} INFO - Sync 1 DAGs
[2026-05-29T10:00:17.317+0200] {logging_mixin.py:151} INFO - [2026-05-29T10:00:17.316+0200] {dag.py:3696} INFO - Setting next_dagrun for example_dag_decorator to None, run_after=None
[2026-05-29T10:00:17.335+0200] {processor.py:179} INFO - Processing /home/frederic/airflow_venv/lib/python3.10/site-packages/airflow/example_dags/example_dag_decorator.py took 0.185 seconds
[2026-05-29T10:01:07.631+0200] {processor.py:157} INFO - Started process (PID=685150) to work on /home/frederic/airflow_venv/lib/python3.10/site-packages/airflow/example_dags/example_dag_decorator.py
[2026-05-29T10:01:07.634+0200] {processor.py:829} INFO - Processing file /home/frederic/airflow_venv/lib/python3.10/site-packages/airflow/example_dags/example_dag_decorator.py for tasks to queue
[2026-05-29T10:01:07.635+0200] {logging_mixin.py:151} INFO - [2026-05-29T10:01:07.635+0200] {dagbag.py:539} INFO - Filling up the DagBag from /home/frederic/airflow_venv/lib/python3.10/site-packages/airflow/example_dags/example_dag_decorator.py
[2026-05-29T10:01:07.705+0200] {processor.py:839} INFO - DAG(s) dict_keys(['example_dag_decorator']) retrieved from /home/frederic/airflow_venv/lib/python3.10/site-packages/airflow/example_dags/example_dag_decorator.py
[2026-05-29T10:01:07.802+0200] {logging_mixin.py:151} INFO - [2026-05-29T10:01:07.802+0200] {security.py:708} INFO - Not syncing DAG-level permissions for DAG 'DAG:example_dag_decorator' as access control is unset.
[2026-05-29T10:01:07.803+0200] {logging_mixin.py:151} INFO - [2026-05-29T10:01:07.802+0200] {dag.py:2915} INFO - Sync 1 DAGs
[2026-05-29T10:01:07.813+0200] {logging_mixin.py:151} INFO - [2026-05-29T10:01:07.813+0200] {dag.py:3696} INFO - Setting next_dagrun for example_dag_decorator to None, run_after=None
[2026-05-29T10:01:07.832+0200] {processor.py:179} INFO - Processing /home/frederic/airflow_venv/lib/python3.10/site-packages/airflow/example_dags/example_dag_decorator.py took 0.204 seconds
[2026-05-29T10:01:56.430+0200] {processor.py:157} INFO - Started process (PID=685813) to work on /home/frederic/airflow_venv/lib/python3.10/site-packages/airflow/example_dags/example_dag_decorator.py
[2026-05-29T10:01:56.434+0200] {processor.py:829} INFO - Processing file /home/frederic/airflow_venv/lib/python3.10/site-packages/airflow/example_dags/example_dag_decorator.py for tasks to queue
[2026-05-29T10:01:56.434+0200] {logging_mixin.py:151} INFO - [2026-05-29T10:01:56.434+0200] {dagbag.py:539} INFO - Filling up the DagBag from /home/frederic/airflow_venv/lib/python3.10/site-packages/airflow/example_dags/example_dag_decorator.py
[2026-05-29T10:01:56.502+0200] {processor.py:839} INFO - DAG(s) dict_keys(['example_dag_decorator']) retrieved from /home/frederic/airflow_venv/lib/python3.10/site-packages/airflow/example_dags/example_dag_decorator.py
[2026-05-29T10:01:56.588+0200] {logging_mixin.py:151} INFO - [2026-05-29T10:01:56.588+0200] {security.py:708} INFO - Not syncing DAG-level permissions for DAG 'DAG:example_dag_decorator' as access control is unset.
[2026-05-29T10:01:56.588+0200] {logging_mixin.py:151} INFO - [2026-05-29T10:01:56.588+0200] {dag.py:2915} INFO - Sync 1 DAGs
[2026-05-29T10:01:56.598+0200] {logging_mixin.py:151} INFO - [2026-05-29T10:01:56.598+0200] {dag.py:3696} INFO - Setting next_dagrun for example_dag_decorator to None, run_after=None
[2026-05-29T10:01:56.619+0200] {processor.py:179} INFO - Processing /home/frederic/airflow_venv/lib/python3.10/site-packages/airflow/example_dags/example_dag_decorator.py took 0.191 seconds
[2026-05-29T10:02:42.487+0200] {processor.py:157} INFO - Started process (PID=686274) to work on /home/frederic/airflow_venv/lib/python3.10/site-packages/airflow/example_dags/example_dag_decorator.py
[2026-05-29T10:02:42.488+0200] {processor.py:829} INFO - Processing file /home/frederic/airflow_venv/lib/python3.10/site-packages/airflow/example_dags/example_dag_decorator.py for tasks to queue
[2026-05-29T10:02:42.488+0200] {logging_mixin.py:151} INFO - [2026-05-29T10:02:42.488+0200] {dagbag.py:539} INFO - Filling up the DagBag from /home/frederic/airflow_venv/lib/python3.10/site-packages/airflow/example_dags/example_dag_decorator.py
[2026-05-29T10:02:42.557+0200] {processor.py:839} INFO - DAG(s) dict_keys(['example_dag_decorator']) retrieved from /home/frederic/airflow_venv/lib/python3.10/site-packages/airflow/example_dags/example_dag_decorator.py
[2026-05-29T10:02:42.653+0200] {logging_mixin.py:151} INFO - [2026-05-29T10:02:42.652+0200] {security.py:708} INFO - Not syncing DAG-level permissions for DAG 'DAG:example_dag_decorator' as access control is unset.
[2026-05-29T10:02:42.653+0200] {logging_mixin.py:151} INFO - [2026-05-29T10:02:42.653+0200] {dag.py:2915} INFO - Sync 1 DAGs
[2026-05-29T10:02:42.662+0200] {logging_mixin.py:151} INFO - [2026-05-29T10:02:42.662+0200] {dag.py:3696} INFO - Setting next_dagrun for example_dag_decorator to None, run_after=None
[2026-05-29T10:02:42.685+0200] {processor.py:179} INFO - Processing /home/frederic/airflow_venv/lib/python3.10/site-packages/airflow/example_dags/example_dag_decorator.py took 0.202 seconds
[2026-05-29T10:03:28.786+0200] {processor.py:157} INFO - Started process (PID=686755) to work on /home/frederic/airflow_venv/lib/python3.10/site-packages/airflow/example_dags/example_dag_decorator.py
[2026-05-29T10:03:28.790+0200] {processor.py:829} INFO - Processing file /home/frederic/airflow_venv/lib/python3.10/site-packages/airflow/example_dags/example_dag_decorator.py for tasks to queue
[2026-05-29T10:03:28.791+0200] {logging_mixin.py:151} INFO - [2026-05-29T10:03:28.791+0200] {dagbag.py:539} INFO - Filling up the DagBag from /home/frederic/airflow_venv/lib/python3.10/site-packages/airflow/example_dags/example_dag_decorator.py
[2026-05-29T10:03:28.870+0200] {processor.py:839} INFO - DAG(s) dict_keys(['example_dag_decorator']) retrieved from /home/frederic/airflow_venv/lib/python3.10/site-packages/airflow/example_dags/example_dag_decorator.py
[2026-05-29T10:03:28.967+0200] {logging_mixin.py:151} INFO - [2026-05-29T10:03:28.967+0200] {security.py:708} INFO - Not syncing DAG-level permissions for DAG 'DAG:example_dag_decorator' as access control is unset.
[2026-05-29T10:03:28.967+0200] {logging_mixin.py:151} INFO - [2026-05-29T10:03:28.967+0200] {dag.py:2915} INFO - Sync 1 DAGs
[2026-05-29T10:03:28.979+0200] {logging_mixin.py:151} INFO - [2026-05-29T10:03:28.979+0200] {dag.py:3696} INFO - Setting next_dagrun for example_dag_decorator to None, run_after=None
[2026-05-29T10:03:29.006+0200] {processor.py:179} INFO - Processing /home/frederic/airflow_venv/lib/python3.10/site-packages/airflow/example_dags/example_dag_decorator.py took 0.222 seconds
[2026-05-29T10:04:16.926+0200] {processor.py:157} INFO - Started process (PID=687900) to work on /home/frederic/airflow_venv/lib/python3.10/site-packages/airflow/example_dags/example_dag_decorator.py
[2026-05-29T10:04:16.930+0200] {processor.py:829} INFO - Processing file /home/frederic/airflow_venv/lib/python3.10/site-packages/airflow/example_dags/example_dag_decorator.py for tasks to queue
[2026-05-29T10:04:16.931+0200] {logging_mixin.py:151} INFO - [2026-05-29T10:04:16.930+0200] {dagbag.py:539} INFO - Filling up the DagBag from /home/frederic/airflow_venv/lib/python3.10/site-packages/airflow/example_dags/example_dag_decorator.py
[2026-05-29T10:04:17.014+0200] {processor.py:839} INFO - DAG(s) dict_keys(['example_dag_decorator']) retrieved from /home/frederic/airflow_venv/lib/python3.10/site-packages/airflow/example_dags/example_dag_decorator.py
[2026-05-29T10:04:17.034+0200] {logging_mixin.py:151} INFO - [2026-05-29T10:04:17.034+0200] {dag.py:2915} INFO - Sync 1 DAGs
[2026-05-29T10:04:17.046+0200] {logging_mixin.py:151} INFO - [2026-05-29T10:04:17.045+0200] {dag.py:3696} INFO - Setting next_dagrun for example_dag_decorator to None, run_after=None
[2026-05-29T10:04:17.064+0200] {processor.py:179} INFO - Processing /home/frederic/airflow_venv/lib/python3.10/site-packages/airflow/example_dags/example_dag_decorator.py took 0.141 seconds
[2026-05-29T10:05:05.608+0200] {processor.py:157} INFO - Started process (PID=689024) to work on /home/frederic/airflow_venv/lib/python3.10/site-packages/airflow/example_dags/example_dag_decorator.py
[2026-05-29T10:05:05.609+0200] {processor.py:829} INFO - Processing file /home/frederic/airflow_venv/lib/python3.10/site-packages/airflow/example_dags/example_dag_decorator.py for tasks to queue
[2026-05-29T10:05:05.610+0200] {logging_mixin.py:151} INFO - [2026-05-29T10:05:05.610+0200] {dagbag.py:539} INFO - Filling up the DagBag from /home/frederic/airflow_venv/lib/python3.10/site-packages/airflow/example_dags/example_dag_decorator.py
[2026-05-29T10:05:05.678+0200] {processor.py:839} INFO - DAG(s) dict_keys(['example_dag_decorator']) retrieved from /home/frederic/airflow_venv/lib/python3.10/site-packages/airflow/example_dags/example_dag_decorator.py
[2026-05-29T10:05:05.696+0200] {logging_mixin.py:151} INFO - [2026-05-29T10:05:05.696+0200] {dag.py:2915} INFO - Sync 1 DAGs
[2026-05-29T10:05:05.708+0200] {logging_mixin.py:151} INFO - [2026-05-29T10:05:05.708+0200] {dag.py:3696} INFO - Setting next_dagrun for example_dag_decorator to None, run_after=None
[2026-05-29T10:05:05.726+0200] {processor.py:179} INFO - Processing /home/frederic/airflow_venv/lib/python3.10/site-packages/airflow/example_dags/example_dag_decorator.py took 0.121 seconds
[2026-05-29T10:05:51.681+0200] {processor.py:157} INFO - Started process (PID=689819) to work on /home/frederic/airflow_venv/lib/python3.10/site-packages/airflow/example_dags/example_dag_decorator.py
[2026-05-29T10:05:51.682+0200] {processor.py:829} INFO - Processing file /home/frederic/airflow_venv/lib/python3.10/site-packages/airflow/example_dags/example_dag_decorator.py for tasks to queue
[2026-05-29T10:05:51.683+0200] {logging_mixin.py:151} INFO - [2026-05-29T10:05:51.683+0200] {dagbag.py:539} INFO - Filling up the DagBag from /home/frederic/airflow_venv/lib/python3.10/site-packages/airflow/example_dags/example_dag_decorator.py
[2026-05-29T10:05:51.753+0200] {processor.py:839} INFO - DAG(s) dict_keys(['example_dag_decorator']) retrieved from /home/frederic/airflow_venv/lib/python3.10/site-packages/airflow/example_dags/example_dag_decorator.py
[2026-05-29T10:05:51.848+0200] {logging_mixin.py:151} INFO - [2026-05-29T10:05:51.848+0200] {security.py:708} INFO - Not syncing DAG-level permissions for DAG 'DAG:example_dag_decorator' as access control is unset.
[2026-05-29T10:05:51.848+0200] {logging_mixin.py:151} INFO - [2026-05-29T10:05:51.848+0200] {dag.py:2915} INFO - Sync 1 DAGs
[2026-05-29T10:05:51.858+0200] {logging_mixin.py:151} INFO - [2026-05-29T10:05:51.858+0200] {dag.py:3696} INFO - Setting next_dagrun for example_dag_decorator to None, run_after=None
[2026-05-29T10:05:51.877+0200] {processor.py:179} INFO - Processing /home/frederic/airflow_venv/lib/python3.10/site-packages/airflow/example_dags/example_dag_decorator.py took 0.198 seconds
[2026-05-29T10:06:43.205+0200] {processor.py:157} INFO - Started process (PID=690367) to work on /home/frederic/airflow_venv/lib/python3.10/site-packages/airflow/example_dags/example_dag_decorator.py
[2026-05-29T10:06:43.206+0200] {processor.py:829} INFO - Processing file /home/frederic/airflow_venv/lib/python3.10/site-packages/airflow/example_dags/example_dag_decorator.py for tasks to queue
[2026-05-29T10:06:43.207+0200] {logging_mixin.py:151} INFO - [2026-05-29T10:06:43.207+0200] {dagbag.py:539} INFO - Filling up the DagBag from /home/frederic/airflow_venv/lib/python3.10/site-packages/airflow/example_dags/example_dag_decorator.py
[2026-05-29T10:06:43.280+0200] {processor.py:839} INFO - DAG(s) dict_keys(['example_dag_decorator']) retrieved from /home/frederic/airflow_venv/lib/python3.10/site-packages/airflow/example_dags/example_dag_decorator.py
[2026-05-29T10:06:43.375+0200] {logging_mixin.py:151} INFO - [2026-05-29T10:06:43.375+0200] {security.py:708} INFO - Not syncing DAG-level permissions for DAG 'DAG:example_dag_decorator' as access control is unset.
[2026-05-29T10:06:43.376+0200] {logging_mixin.py:151} INFO - [2026-05-29T10:06:43.375+0200] {dag.py:2915} INFO - Sync 1 DAGs
[2026-05-29T10:06:43.478+0200] {logging_mixin.py:151} INFO - [2026-05-29T10:06:43.478+0200] {dag.py:3696} INFO - Setting next_dagrun for example_dag_decorator to None, run_after=None
[2026-05-29T10:06:43.496+0200] {processor.py:179} INFO - Processing /home/frederic/airflow_venv/lib/python3.10/site-packages/airflow/example_dags/example_dag_decorator.py took 0.294 seconds
[2026-05-29T10:07:38.627+0200] {processor.py:157} INFO - Started process (PID=691124) to work on /home/frederic/airflow_venv/lib/python3.10/site-packages/airflow/example_dags/example_dag_decorator.py
[2026-05-29T10:07:38.628+0200] {processor.py:829} INFO - Processing file /home/frederic/airflow_venv/lib/python3.10/site-packages/airflow/example_dags/example_dag_decorator.py for tasks to queue
[2026-05-29T10:07:38.629+0200] {logging_mixin.py:151} INFO - [2026-05-29T10:07:38.629+0200] {dagbag.py:539} INFO - Filling up the DagBag from /home/frederic/airflow_venv/lib/python3.10/site-packages/airflow/example_dags/example_dag_decorator.py
[2026-05-29T10:07:38.700+0200] {processor.py:839} INFO - DAG(s) dict_keys(['example_dag_decorator']) retrieved from /home/frederic/airflow_venv/lib/python3.10/site-packages/airflow/example_dags/example_dag_decorator.py
[2026-05-29T10:07:38.800+0200] {logging_mixin.py:151} INFO - [2026-05-29T10:07:38.800+0200] {security.py:708} INFO - Not syncing DAG-level permissions for DAG 'DAG:example_dag_decorator' as access control is unset.
[2026-05-29T10:07:38.801+0200] {logging_mixin.py:151} INFO - [2026-05-29T10:07:38.801+0200] {dag.py:2915} INFO - Sync 1 DAGs
[2026-05-29T10:07:38.810+0200] {logging_mixin.py:151} INFO - [2026-05-29T10:07:38.810+0200] {dag.py:3696} INFO - Setting next_dagrun for example_dag_decorator to None, run_after=None
[2026-05-29T10:07:38.827+0200] {processor.py:179} INFO - Processing /home/frederic/airflow_venv/lib/python3.10/site-packages/airflow/example_dags/example_dag_decorator.py took 0.202 seconds
[2026-05-29T10:08:26.264+0200] {processor.py:157} INFO - Started process (PID=691748) to work on /home/frederic/airflow_venv/lib/python3.10/site-packages/airflow/example_dags/example_dag_decorator.py
[2026-05-29T10:08:26.268+0200] {processor.py:829} INFO - Processing file /home/frederic/airflow_venv/lib/python3.10/site-packages/airflow/example_dags/example_dag_decorator.py for tasks to queue
[2026-05-29T10:08:26.268+0200] {logging_mixin.py:151} INFO - [2026-05-29T10:08:26.268+0200] {dagbag.py:539} INFO - Filling up the DagBag from /home/frederic/airflow_venv/lib/python3.10/site-packages/airflow/example_dags/example_dag_decorator.py
[2026-05-29T10:08:26.338+0200] {processor.py:839} INFO - DAG(s) dict_keys(['example_dag_decorator']) retrieved from /home/frederic/airflow_venv/lib/python3.10/site-packages/airflow/example_dags/example_dag_decorator.py
[2026-05-29T10:08:26.424+0200] {logging_mixin.py:151} INFO - [2026-05-29T10:08:26.424+0200] {security.py:708} INFO - Not syncing DAG-level permissions for DAG 'DAG:example_dag_decorator' as access control is unset.
[2026-05-29T10:08:26.424+0200] {logging_mixin.py:151} INFO - [2026-05-29T10:08:26.424+0200] {dag.py:2915} INFO - Sync 1 DAGs
[2026-05-29T10:08:26.435+0200] {logging_mixin.py:151} INFO - [2026-05-29T10:08:26.434+0200] {dag.py:3696} INFO - Setting next_dagrun for example_dag_decorator to None, run_after=None
[2026-05-29T10:08:26.456+0200] {processor.py:179} INFO - Processing /home/frederic/airflow_venv/lib/python3.10/site-packages/airflow/example_dags/example_dag_decorator.py took 0.194 seconds
[2026-05-29T10:09:12.500+0200] {processor.py:157} INFO - Started process (PID=692313) to work on /home/frederic/airflow_venv/lib/python3.10/site-packages/airflow/example_dags/example_dag_decorator.py
[2026-05-29T10:09:12.504+0200] {processor.py:829} INFO - Processing file /home/frederic/airflow_venv/lib/python3.10/site-packages/airflow/example_dags/example_dag_decorator.py for tasks to queue
[2026-05-29T10:09:12.505+0200] {logging_mixin.py:151} INFO - [2026-05-29T10:09:12.504+0200] {dagbag.py:539} INFO - Filling up the DagBag from /home/frederic/airflow_venv/lib/python3.10/site-packages/airflow/example_dags/example_dag_decorator.py
[2026-05-29T10:09:12.575+0200] {processor.py:839} INFO - DAG(s) dict_keys(['example_dag_decorator']) retrieved from /home/frederic/airflow_venv/lib/python3.10/site-packages/airflow/example_dags/example_dag_decorator.py
[2026-05-29T10:09:12.668+0200] {logging_mixin.py:151} INFO - [2026-05-29T10:09:12.668+0200] {security.py:708} INFO - Not syncing DAG-level permissions for DAG 'DAG:example_dag_decorator' as access control is unset.
[2026-05-29T10:09:12.669+0200] {logging_mixin.py:151} INFO - [2026-05-29T10:09:12.669+0200] {dag.py:2915} INFO - Sync 1 DAGs
[2026-05-29T10:09:12.770+0200] {logging_mixin.py:151} INFO - [2026-05-29T10:09:12.770+0200] {dag.py:3696} INFO - Setting next_dagrun for example_dag_decorator to None, run_after=None
[2026-05-29T10:09:12.788+0200] {processor.py:179} INFO - Processing /home/frederic/airflow_venv/lib/python3.10/site-packages/airflow/example_dags/example_dag_decorator.py took 0.290 seconds
[2026-05-29T10:10:02.753+0200] {processor.py:157} INFO - Started process (PID=692883) to work on /home/frederic/airflow_venv/lib/python3.10/site-packages/airflow/example_dags/example_dag_decorator.py
[2026-05-29T10:10:02.754+0200] {processor.py:829} INFO - Processing file /home/frederic/airflow_venv/lib/python3.10/site-packages/airflow/example_dags/example_dag_decorator.py for tasks to queue
[2026-05-29T10:10:02.755+0200] {logging_mixin.py:151} INFO - [2026-05-29T10:10:02.755+0200] {dagbag.py:539} INFO - Filling up the DagBag from /home/frederic/airflow_venv/lib/python3.10/site-packages/airflow/example_dags/example_dag_decorator.py
[2026-05-29T10:10:02.823+0200] {processor.py:839} INFO - DAG(s) dict_keys(['example_dag_decorator']) retrieved from /home/frederic/airflow_venv/lib/python3.10/site-packages/airflow/example_dags/example_dag_decorator.py
[2026-05-29T10:10:02.909+0200] {logging_mixin.py:151} INFO - [2026-05-29T10:10:02.909+0200] {security.py:708} INFO - Not syncing DAG-level permissions for DAG 'DAG:example_dag_decorator' as access control is unset.
[2026-05-29T10:10:02.910+0200] {logging_mixin.py:151} INFO - [2026-05-29T10:10:02.909+0200] {dag.py:2915} INFO - Sync 1 DAGs
[2026-05-29T10:10:02.920+0200] {logging_mixin.py:151} INFO - [2026-05-29T10:10:02.919+0200] {dag.py:3696} INFO - Setting next_dagrun for example_dag_decorator to None, run_after=None
[2026-05-29T10:10:02.942+0200] {processor.py:179} INFO - Processing /home/frederic/airflow_venv/lib/python3.10/site-packages/airflow/example_dags/example_dag_decorator.py took 0.191 seconds
[2026-05-29T10:10:48.848+0200] {processor.py:157} INFO - Started process (PID=693708) to work on /home/frederic/airflow_venv/lib/python3.10/site-packages/airflow/example_dags/example_dag_decorator.py
[2026-05-29T10:10:48.852+0200] {processor.py:829} INFO - Processing file /home/frederic/airflow_venv/lib/python3.10/site-packages/airflow/example_dags/example_dag_decorator.py for tasks to queue
[2026-05-29T10:10:48.852+0200] {logging_mixin.py:151} INFO - [2026-05-29T10:10:48.852+0200] {dagbag.py:539} INFO - Filling up the DagBag from /home/frederic/airflow_venv/lib/python3.10/site-packages/airflow/example_dags/example_dag_decorator.py
[2026-05-29T10:10:48.927+0200] {processor.py:839} INFO - DAG(s) dict_keys(['example_dag_decorator']) retrieved from /home/frederic/airflow_venv/lib/python3.10/site-packages/airflow/example_dags/example_dag_decorator.py
[2026-05-29T10:10:49.121+0200] {logging_mixin.py:151} INFO - [2026-05-29T10:10:49.121+0200] {security.py:708} INFO - Not syncing DAG-level permissions for DAG 'DAG:example_dag_decorator' as access control is unset.
[2026-05-29T10:10:49.122+0200] {logging_mixin.py:151} INFO - [2026-05-29T10:10:49.121+0200] {dag.py:2915} INFO - Sync 1 DAGs
[2026-05-29T10:10:49.130+0200] {logging_mixin.py:151} INFO - [2026-05-29T10:10:49.130+0200] {dag.py:3696} INFO - Setting next_dagrun for example_dag_decorator to None, run_after=None
[2026-05-29T10:10:49.148+0200] {processor.py:179} INFO - Processing /home/frederic/airflow_venv/lib/python3.10/site-packages/airflow/example_dags/example_dag_decorator.py took 0.302 seconds
[2026-05-29T10:11:38.512+0200] {processor.py:157} INFO - Started process (PID=694716) to work on /home/frederic/airflow_venv/lib/python3.10/site-packages/airflow/example_dags/example_dag_decorator.py
[2026-05-29T10:11:38.513+0200] {processor.py:829} INFO - Processing file /home/frederic/airflow_venv/lib/python3.10/site-packages/airflow/example_dags/example_dag_decorator.py for tasks to queue
[2026-05-29T10:11:38.514+0200] {logging_mixin.py:151} INFO - [2026-05-29T10:11:38.513+0200] {dagbag.py:539} INFO - Filling up the DagBag from /home/frederic/airflow_venv/lib/python3.10/site-packages/airflow/example_dags/example_dag_decorator.py
[2026-05-29T10:11:38.570+0200] {processor.py:839} INFO - DAG(s) dict_keys(['example_dag_decorator']) retrieved from /home/frederic/airflow_venv/lib/python3.10/site-packages/airflow/example_dags/example_dag_decorator.py
[2026-05-29T10:11:38.661+0200] {logging_mixin.py:151} INFO - [2026-05-29T10:11:38.661+0200] {security.py:708} INFO - Not syncing DAG-level permissions for DAG 'DAG:example_dag_decorator' as access control is unset.
[2026-05-29T10:11:38.661+0200] {logging_mixin.py:151} INFO - [2026-05-29T10:11:38.661+0200] {dag.py:2915} INFO - Sync 1 DAGs
[2026-05-29T10:11:38.748+0200] {logging_mixin.py:151} INFO - [2026-05-29T10:11:38.748+0200] {dag.py:3696} INFO - Setting next_dagrun for example_dag_decorator to None, run_after=None
[2026-05-29T10:11:38.763+0200] {processor.py:179} INFO - Processing /home/frederic/airflow_venv/lib/python3.10/site-packages/airflow/example_dags/example_dag_decorator.py took 0.253 seconds
[2026-05-29T10:12:25.051+0200] {processor.py:157} INFO - Started process (PID=695494) to work on /home/frederic/airflow_venv/lib/python3.10/site-packages/airflow/example_dags/example_dag_decorator.py
[2026-05-29T10:12:25.052+0200] {processor.py:829} INFO - Processing file /home/frederic/airflow_venv/lib/python3.10/site-packages/airflow/example_dags/example_dag_decorator.py for tasks to queue
[2026-05-29T10:12:25.052+0200] {logging_mixin.py:151} INFO - [2026-05-29T10:12:25.052+0200] {dagbag.py:539} INFO - Filling up the DagBag from /home/frederic/airflow_venv/lib/python3.10/site-packages/airflow/example_dags/example_dag_decorator.py
[2026-05-29T10:12:25.125+0200] {processor.py:839} INFO - DAG(s) dict_keys(['example_dag_decorator']) retrieved from /home/frederic/airflow_venv/lib/python3.10/site-packages/airflow/example_dags/example_dag_decorator.py
[2026-05-29T10:12:25.314+0200] {logging_mixin.py:151} INFO - [2026-05-29T10:12:25.314+0200] {security.py:708} INFO - Not syncing DAG-level permissions for DAG 'DAG:example_dag_decorator' as access control is unset.
[2026-05-29T10:12:25.314+0200] {logging_mixin.py:151} INFO - [2026-05-29T10:12:25.314+0200] {dag.py:2915} INFO - Sync 1 DAGs
[2026-05-29T10:12:25.322+0200] {logging_mixin.py:151} INFO - [2026-05-29T10:12:25.321+0200] {dag.py:3696} INFO - Setting next_dagrun for example_dag_decorator to None, run_after=None
[2026-05-29T10:12:25.337+0200] {processor.py:179} INFO - Processing /home/frederic/airflow_venv/lib/python3.10/site-packages/airflow/example_dags/example_dag_decorator.py took 0.289 seconds
[2026-05-29T10:13:15.025+0200] {processor.py:157} INFO - Started process (PID=696048) to work on /home/frederic/airflow_venv/lib/python3.10/site-packages/airflow/example_dags/example_dag_decorator.py
[2026-05-29T10:13:15.026+0200] {processor.py:829} INFO - Processing file /home/frederic/airflow_venv/lib/python3.10/site-packages/airflow/example_dags/example_dag_decorator.py for tasks to queue
[2026-05-29T10:13:15.027+0200] {logging_mixin.py:151} INFO - [2026-05-29T10:13:15.027+0200] {dagbag.py:539} INFO - Filling up the DagBag from /home/frederic/airflow_venv/lib/python3.10/site-packages/airflow/example_dags/example_dag_decorator.py
[2026-05-29T10:13:15.082+0200] {processor.py:839} INFO - DAG(s) dict_keys(['example_dag_decorator']) retrieved from /home/frederic/airflow_venv/lib/python3.10/site-packages/airflow/example_dags/example_dag_decorator.py
[2026-05-29T10:13:15.234+0200] {logging_mixin.py:151} INFO - [2026-05-29T10:13:15.234+0200] {security.py:708} INFO - Not syncing DAG-level permissions for DAG 'DAG:example_dag_decorator' as access control is unset.
[2026-05-29T10:13:15.234+0200] {logging_mixin.py:151} INFO - [2026-05-29T10:13:15.234+0200] {dag.py:2915} INFO - Sync 1 DAGs
[2026-05-29T10:13:15.244+0200] {logging_mixin.py:151} INFO - [2026-05-29T10:13:15.244+0200] {dag.py:3696} INFO - Setting next_dagrun for example_dag_decorator to None, run_after=None
[2026-05-29T10:13:15.258+0200] {processor.py:179} INFO - Processing /home/frederic/airflow_venv/lib/python3.10/site-packages/airflow/example_dags/example_dag_decorator.py took 0.235 seconds
[2026-05-29T10:14:04.134+0200] {processor.py:157} INFO - Started process (PID=696616) to work on /home/frederic/airflow_venv/lib/python3.10/site-packages/airflow/example_dags/example_dag_decorator.py
[2026-05-29T10:14:04.135+0200] {processor.py:829} INFO - Processing file /home/frederic/airflow_venv/lib/python3.10/site-packages/airflow/example_dags/example_dag_decorator.py for tasks to queue
[2026-05-29T10:14:04.136+0200] {logging_mixin.py:151} INFO - [2026-05-29T10:14:04.136+0200] {dagbag.py:539} INFO - Filling up the DagBag from /home/frederic/airflow_venv/lib/python3.10/site-packages/airflow/example_dags/example_dag_decorator.py
[2026-05-29T10:14:04.208+0200] {processor.py:839} INFO - DAG(s) dict_keys(['example_dag_decorator']) retrieved from /home/frederic/airflow_venv/lib/python3.10/site-packages/airflow/example_dags/example_dag_decorator.py
[2026-05-29T10:14:04.431+0200] {logging_mixin.py:151} INFO - [2026-05-29T10:14:04.431+0200] {security.py:708} INFO - Not syncing DAG-level permissions for DAG 'DAG:example_dag_decorator' as access control is unset.
[2026-05-29T10:14:04.431+0200] {logging_mixin.py:151} INFO - [2026-05-29T10:14:04.431+0200] {dag.py:2915} INFO - Sync 1 DAGs
[2026-05-29T10:14:04.442+0200] {logging_mixin.py:151} INFO - [2026-05-29T10:14:04.442+0200] {dag.py:3696} INFO - Setting next_dagrun for example_dag_decorator to None, run_after=None
[2026-05-29T10:14:04.469+0200] {processor.py:179} INFO - Processing /home/frederic/airflow_venv/lib/python3.10/site-packages/airflow/example_dags/example_dag_decorator.py took 0.340 seconds
[2026-05-29T10:14:55.264+0200] {processor.py:157} INFO - Started process (PID=697233) to work on /home/frederic/airflow_venv/lib/python3.10/site-packages/airflow/example_dags/example_dag_decorator.py
[2026-05-29T10:14:55.265+0200] {processor.py:829} INFO - Processing file /home/frederic/airflow_venv/lib/python3.10/site-packages/airflow/example_dags/example_dag_decorator.py for tasks to queue
[2026-05-29T10:14:55.265+0200] {logging_mixin.py:151} INFO - [2026-05-29T10:14:55.265+0200] {dagbag.py:539} INFO - Filling up the DagBag from /home/frederic/airflow_venv/lib/python3.10/site-packages/airflow/example_dags/example_dag_decorator.py
[2026-05-29T10:14:55.321+0200] {processor.py:839} INFO - DAG(s) dict_keys(['example_dag_decorator']) retrieved from /home/frederic/airflow_venv/lib/python3.10/site-packages/airflow/example_dags/example_dag_decorator.py
[2026-05-29T10:14:55.470+0200] {logging_mixin.py:151} INFO - [2026-05-29T10:14:55.470+0200] {security.py:708} INFO - Not syncing DAG-level permissions for DAG 'DAG:example_dag_decorator' as access control is unset.
[2026-05-29T10:14:55.470+0200] {logging_mixin.py:151} INFO - [2026-05-29T10:14:55.470+0200] {dag.py:2915} INFO - Sync 1 DAGs
[2026-05-29T10:14:55.477+0200] {logging_mixin.py:151} INFO - [2026-05-29T10:14:55.477+0200] {dag.py:3696} INFO - Setting next_dagrun for example_dag_decorator to None, run_after=None
[2026-05-29T10:14:55.492+0200] {processor.py:179} INFO - Processing /home/frederic/airflow_venv/lib/python3.10/site-packages/airflow/example_dags/example_dag_decorator.py took 0.231 seconds
[2026-05-29T10:15:41.805+0200] {processor.py:157} INFO - Started process (PID=697885) to work on /home/frederic/airflow_venv/lib/python3.10/site-packages/airflow/example_dags/example_dag_decorator.py
[2026-05-29T10:15:41.806+0200] {processor.py:829} INFO - Processing file /home/frederic/airflow_venv/lib/python3.10/site-packages/airflow/example_dags/example_dag_decorator.py for tasks to queue
[2026-05-29T10:15:41.807+0200] {logging_mixin.py:151} INFO - [2026-05-29T10:15:41.807+0200] {dagbag.py:539} INFO - Filling up the DagBag from /home/frederic/airflow_venv/lib/python3.10/site-packages/airflow/example_dags/example_dag_decorator.py
[2026-05-29T10:15:41.866+0200] {processor.py:839} INFO - DAG(s) dict_keys(['example_dag_decorator']) retrieved from /home/frederic/airflow_venv/lib/python3.10/site-packages/airflow/example_dags/example_dag_decorator.py
[2026-05-29T10:15:42.036+0200] {logging_mixin.py:151} INFO - [2026-05-29T10:15:42.036+0200] {security.py:708} INFO - Not syncing DAG-level permissions for DAG 'DAG:example_dag_decorator' as access control is unset.
[2026-05-29T10:15:42.036+0200] {logging_mixin.py:151} INFO - [2026-05-29T10:15:42.036+0200] {dag.py:2915} INFO - Sync 1 DAGs
[2026-05-29T10:15:42.044+0200] {logging_mixin.py:151} INFO - [2026-05-29T10:15:42.044+0200] {dag.py:3696} INFO - Setting next_dagrun for example_dag_decorator to None, run_after=None
[2026-05-29T10:15:42.060+0200] {processor.py:179} INFO - Processing /home/frederic/airflow_venv/lib/python3.10/site-packages/airflow/example_dags/example_dag_decorator.py took 0.257 seconds
[2026-05-29T10:16:30.444+0200] {processor.py:157} INFO - Started process (PID=698764) to work on /home/frederic/airflow_venv/lib/python3.10/site-packages/airflow/example_dags/example_dag_decorator.py
[2026-05-29T10:16:30.446+0200] {processor.py:829} INFO - Processing file /home/frederic/airflow_venv/lib/python3.10/site-packages/airflow/example_dags/example_dag_decorator.py for tasks to queue
[2026-05-29T10:16:30.446+0200] {logging_mixin.py:151} INFO - [2026-05-29T10:16:30.446+0200] {dagbag.py:539} INFO - Filling up the DagBag from /home/frederic/airflow_venv/lib/python3.10/site-packages/airflow/example_dags/example_dag_decorator.py
[2026-05-29T10:16:30.502+0200] {processor.py:839} INFO - DAG(s) dict_keys(['example_dag_decorator']) retrieved from /home/frederic/airflow_venv/lib/python3.10/site-packages/airflow/example_dags/example_dag_decorator.py
[2026-05-29T10:16:30.649+0200] {logging_mixin.py:151} INFO - [2026-05-29T10:16:30.649+0200] {security.py:708} INFO - Not syncing DAG-level permissions for DAG 'DAG:example_dag_decorator' as access control is unset.
[2026-05-29T10:16:30.649+0200] {logging_mixin.py:151} INFO - [2026-05-29T10:16:30.649+0200] {dag.py:2915} INFO - Sync 1 DAGs
[2026-05-29T10:16:30.656+0200] {logging_mixin.py:151} INFO - [2026-05-29T10:16:30.656+0200] {dag.py:3696} INFO - Setting next_dagrun for example_dag_decorator to None, run_after=None
[2026-05-29T10:16:30.670+0200] {processor.py:179} INFO - Processing /home/frederic/airflow_venv/lib/python3.10/site-packages/airflow/example_dags/example_dag_decorator.py took 0.228 seconds
[2026-05-29T10:17:14.218+0200] {processor.py:157} INFO - Started process (PID=699619) to work on /home/frederic/airflow_venv/lib/python3.10/site-packages/airflow/example_dags/example_dag_decorator.py
[2026-05-29T10:17:14.219+0200] {processor.py:829} INFO - Processing file /home/frederic/airflow_venv/lib/python3.10/site-packages/airflow/example_dags/example_dag_decorator.py for tasks to queue
[2026-05-29T10:17:14.220+0200] {logging_mixin.py:151} INFO - [2026-05-29T10:17:14.220+0200] {dagbag.py:539} INFO - Filling up the DagBag from /home/frederic/airflow_venv/lib/python3.10/site-packages/airflow/example_dags/example_dag_decorator.py
[2026-05-29T10:17:14.277+0200] {processor.py:839} INFO - DAG(s) dict_keys(['example_dag_decorator']) retrieved from /home/frederic/airflow_venv/lib/python3.10/site-packages/airflow/example_dags/example_dag_decorator.py
[2026-05-29T10:17:14.465+0200] {logging_mixin.py:151} INFO - [2026-05-29T10:17:14.465+0200] {security.py:708} INFO - Not syncing DAG-level permissions for DAG 'DAG:example_dag_decorator' as access control is unset.
[2026-05-29T10:17:14.465+0200] {logging_mixin.py:151} INFO - [2026-05-29T10:17:14.465+0200] {dag.py:2915} INFO - Sync 1 DAGs
[2026-05-29T10:17:14.475+0200] {logging_mixin.py:151} INFO - [2026-05-29T10:17:14.475+0200] {dag.py:3696} INFO - Setting next_dagrun for example_dag_decorator to None, run_after=None
[2026-05-29T10:17:14.493+0200] {processor.py:179} INFO - Processing /home/frederic/airflow_venv/lib/python3.10/site-packages/airflow/example_dags/example_dag_decorator.py took 0.277 seconds
[2026-05-29T10:18:02.534+0200] {processor.py:157} INFO - Started process (PID=700585) to work on /home/frederic/airflow_venv/lib/python3.10/site-packages/airflow/example_dags/example_dag_decorator.py
[2026-05-29T10:18:02.535+0200] {processor.py:829} INFO - Processing file /home/frederic/airflow_venv/lib/python3.10/site-packages/airflow/example_dags/example_dag_decorator.py for tasks to queue
[2026-05-29T10:18:02.537+0200] {logging_mixin.py:151} INFO - [2026-05-29T10:18:02.537+0200] {dagbag.py:539} INFO - Filling up the DagBag from /home/frederic/airflow_venv/lib/python3.10/site-packages/airflow/example_dags/example_dag_decorator.py
[2026-05-29T10:18:02.616+0200] {processor.py:839} INFO - DAG(s) dict_keys(['example_dag_decorator']) retrieved from /home/frederic/airflow_venv/lib/python3.10/site-packages/airflow/example_dags/example_dag_decorator.py
[2026-05-29T10:18:02.814+0200] {logging_mixin.py:151} INFO - [2026-05-29T10:18:02.813+0200] {security.py:708} INFO - Not syncing DAG-level permissions for DAG 'DAG:example_dag_decorator' as access control is unset.
[2026-05-29T10:18:02.814+0200] {logging_mixin.py:151} INFO - [2026-05-29T10:18:02.814+0200] {dag.py:2915} INFO - Sync 1 DAGs
[2026-05-29T10:18:02.822+0200] {logging_mixin.py:151} INFO - [2026-05-29T10:18:02.822+0200] {dag.py:3696} INFO - Setting next_dagrun for example_dag_decorator to None, run_after=None
[2026-05-29T10:18:02.836+0200] {processor.py:179} INFO - Processing /home/frederic/airflow_venv/lib/python3.10/site-packages/airflow/example_dags/example_dag_decorator.py took 0.306 seconds
[2026-05-29T10:18:47.045+0200] {processor.py:157} INFO - Started process (PID=701038) to work on /home/frederic/airflow_venv/lib/python3.10/site-packages/airflow/example_dags/example_dag_decorator.py
[2026-05-29T10:18:47.046+0200] {processor.py:829} INFO - Processing file /home/frederic/airflow_venv/lib/python3.10/site-packages/airflow/example_dags/example_dag_decorator.py for tasks to queue
[2026-05-29T10:18:47.047+0200] {logging_mixin.py:151} INFO - [2026-05-29T10:18:47.046+0200] {dagbag.py:539} INFO - Filling up the DagBag from /home/frederic/airflow_venv/lib/python3.10/site-packages/airflow/example_dags/example_dag_decorator.py
[2026-05-29T10:18:47.106+0200] {processor.py:839} INFO - DAG(s) dict_keys(['example_dag_decorator']) retrieved from /home/frederic/airflow_venv/lib/python3.10/site-packages/airflow/example_dags/example_dag_decorator.py
[2026-05-29T10:18:47.268+0200] {logging_mixin.py:151} INFO - [2026-05-29T10:18:47.268+0200] {security.py:708} INFO - Not syncing DAG-level permissions for DAG 'DAG:example_dag_decorator' as access control is unset.
[2026-05-29T10:18:47.268+0200] {logging_mixin.py:151} INFO - [2026-05-29T10:18:47.268+0200] {dag.py:2915} INFO - Sync 1 DAGs
[2026-05-29T10:18:47.275+0200] {logging_mixin.py:151} INFO - [2026-05-29T10:18:47.275+0200] {dag.py:3696} INFO - Setting next_dagrun for example_dag_decorator to None, run_after=None
[2026-05-29T10:18:47.289+0200] {processor.py:179} INFO - Processing /home/frederic/airflow_venv/lib/python3.10/site-packages/airflow/example_dags/example_dag_decorator.py took 0.246 seconds
[2026-05-29T10:19:35.534+0200] {processor.py:157} INFO - Started process (PID=701523) to work on /home/frederic/airflow_venv/lib/python3.10/site-packages/airflow/example_dags/example_dag_decorator.py
[2026-05-29T10:19:35.535+0200] {processor.py:829} INFO - Processing file /home/frederic/airflow_venv/lib/python3.10/site-packages/airflow/example_dags/example_dag_decorator.py for tasks to queue
[2026-05-29T10:19:35.536+0200] {logging_mixin.py:151} INFO - [2026-05-29T10:19:35.536+0200] {dagbag.py:539} INFO - Filling up the DagBag from /home/frederic/airflow_venv/lib/python3.10/site-packages/airflow/example_dags/example_dag_decorator.py
[2026-05-29T10:19:35.592+0200] {processor.py:839} INFO - DAG(s) dict_keys(['example_dag_decorator']) retrieved from /home/frederic/airflow_venv/lib/python3.10/site-packages/airflow/example_dags/example_dag_decorator.py
[2026-05-29T10:19:35.746+0200] {logging_mixin.py:151} INFO - [2026-05-29T10:19:35.746+0200] {security.py:708} INFO - Not syncing DAG-level permissions for DAG 'DAG:example_dag_decorator' as access control is unset.
[2026-05-29T10:19:35.746+0200] {logging_mixin.py:151} INFO - [2026-05-29T10:19:35.746+0200] {dag.py:2915} INFO - Sync 1 DAGs
[2026-05-29T10:19:35.754+0200] {logging_mixin.py:151} INFO - [2026-05-29T10:19:35.754+0200] {dag.py:3696} INFO - Setting next_dagrun for example_dag_decorator to None, run_after=None
[2026-05-29T10:19:35.769+0200] {processor.py:179} INFO - Processing /home/frederic/airflow_venv/lib/python3.10/site-packages/airflow/example_dags/example_dag_decorator.py took 0.237 seconds
[2026-05-29T10:20:24.702+0200] {processor.py:157} INFO - Started process (PID=702199) to work on /home/frederic/airflow_venv/lib/python3.10/site-packages/airflow/example_dags/example_dag_decorator.py
[2026-05-29T10:20:24.703+0200] {processor.py:829} INFO - Processing file /home/frederic/airflow_venv/lib/python3.10/site-packages/airflow/example_dags/example_dag_decorator.py for tasks to queue
[2026-05-29T10:20:24.704+0200] {logging_mixin.py:151} INFO - [2026-05-29T10:20:24.704+0200] {dagbag.py:539} INFO - Filling up the DagBag from /home/frederic/airflow_venv/lib/python3.10/site-packages/airflow/example_dags/example_dag_decorator.py
[2026-05-29T10:20:24.838+0200] {processor.py:839} INFO - DAG(s) dict_keys(['example_dag_decorator']) retrieved from /home/frederic/airflow_venv/lib/python3.10/site-packages/airflow/example_dags/example_dag_decorator.py
[2026-05-29T10:20:24.907+0200] {logging_mixin.py:151} INFO - [2026-05-29T10:20:24.907+0200] {security.py:708} INFO - Not syncing DAG-level permissions for DAG 'DAG:example_dag_decorator' as access control is unset.
[2026-05-29T10:20:24.908+0200] {logging_mixin.py:151} INFO - [2026-05-29T10:20:24.907+0200] {dag.py:2915} INFO - Sync 1 DAGs
[2026-05-29T10:20:24.915+0200] {logging_mixin.py:151} INFO - [2026-05-29T10:20:24.915+0200] {dag.py:3696} INFO - Setting next_dagrun for example_dag_decorator to None, run_after=None
[2026-05-29T10:20:24.929+0200] {processor.py:179} INFO - Processing /home/frederic/airflow_venv/lib/python3.10/site-packages/airflow/example_dags/example_dag_decorator.py took 0.229 seconds
[2026-05-29T10:21:15.766+0200] {processor.py:157} INFO - Started process (PID=702699) to work on /home/frederic/airflow_venv/lib/python3.10/site-packages/airflow/example_dags/example_dag_decorator.py
[2026-05-29T10:21:15.767+0200] {processor.py:829} INFO - Processing file /home/frederic/airflow_venv/lib/python3.10/site-packages/airflow/example_dags/example_dag_decorator.py for tasks to queue
[2026-05-29T10:21:15.767+0200] {logging_mixin.py:151} INFO - [2026-05-29T10:21:15.767+0200] {dagbag.py:539} INFO - Filling up the DagBag from /home/frederic/airflow_venv/lib/python3.10/site-packages/airflow/example_dags/example_dag_decorator.py
[2026-05-29T10:21:15.831+0200] {processor.py:839} INFO - DAG(s) dict_keys(['example_dag_decorator']) retrieved from /home/frederic/airflow_venv/lib/python3.10/site-packages/airflow/example_dags/example_dag_decorator.py
[2026-05-29T10:21:16.001+0200] {logging_mixin.py:151} INFO - [2026-05-29T10:21:16.001+0200] {security.py:708} INFO - Not syncing DAG-level permissions for DAG 'DAG:example_dag_decorator' as access control is unset.
[2026-05-29T10:21:16.001+0200] {logging_mixin.py:151} INFO - [2026-05-29T10:21:16.001+0200] {dag.py:2915} INFO - Sync 1 DAGs
[2026-05-29T10:21:16.009+0200] {logging_mixin.py:151} INFO - [2026-05-29T10:21:16.008+0200] {dag.py:3696} INFO - Setting next_dagrun for example_dag_decorator to None, run_after=None
[2026-05-29T10:21:16.025+0200] {processor.py:179} INFO - Processing /home/frederic/airflow_venv/lib/python3.10/site-packages/airflow/example_dags/example_dag_decorator.py took 0.262 seconds
[2026-05-29T10:22:01.931+0200] {processor.py:157} INFO - Started process (PID=703142) to work on /home/frederic/airflow_venv/lib/python3.10/site-packages/airflow/example_dags/example_dag_decorator.py
[2026-05-29T10:22:01.932+0200] {processor.py:829} INFO - Processing file /home/frederic/airflow_venv/lib/python3.10/site-packages/airflow/example_dags/example_dag_decorator.py for tasks to queue
[2026-05-29T10:22:01.932+0200] {logging_mixin.py:151} INFO - [2026-05-29T10:22:01.932+0200] {dagbag.py:539} INFO - Filling up the DagBag from /home/frederic/airflow_venv/lib/python3.10/site-packages/airflow/example_dags/example_dag_decorator.py
[2026-05-29T10:22:01.994+0200] {processor.py:839} INFO - DAG(s) dict_keys(['example_dag_decorator']) retrieved from /home/frederic/airflow_venv/lib/python3.10/site-packages/airflow/example_dags/example_dag_decorator.py
[2026-05-29T10:22:02.158+0200] {logging_mixin.py:151} INFO - [2026-05-29T10:22:02.158+0200] {security.py:708} INFO - Not syncing DAG-level permissions for DAG 'DAG:example_dag_decorator' as access control is unset.
[2026-05-29T10:22:02.158+0200] {logging_mixin.py:151} INFO - [2026-05-29T10:22:02.158+0200] {dag.py:2915} INFO - Sync 1 DAGs
[2026-05-29T10:22:02.166+0200] {logging_mixin.py:151} INFO - [2026-05-29T10:22:02.165+0200] {dag.py:3696} INFO - Setting next_dagrun for example_dag_decorator to None, run_after=None
[2026-05-29T10:22:02.181+0200] {processor.py:179} INFO - Processing /home/frederic/airflow_venv/lib/python3.10/site-packages/airflow/example_dags/example_dag_decorator.py took 0.253 seconds
[2026-05-29T10:22:50.911+0200] {processor.py:157} INFO - Started process (PID=703661) to work on /home/frederic/airflow_venv/lib/python3.10/site-packages/airflow/example_dags/example_dag_decorator.py
[2026-05-29T10:22:50.912+0200] {processor.py:829} INFO - Processing file /home/frederic/airflow_venv/lib/python3.10/site-packages/airflow/example_dags/example_dag_decorator.py for tasks to queue
[2026-05-29T10:22:50.913+0200] {logging_mixin.py:151} INFO - [2026-05-29T10:22:50.912+0200] {dagbag.py:539} INFO - Filling up the DagBag from /home/frederic/airflow_venv/lib/python3.10/site-packages/airflow/example_dags/example_dag_decorator.py
[2026-05-29T10:22:51.071+0200] {processor.py:839} INFO - DAG(s) dict_keys(['example_dag_decorator']) retrieved from /home/frederic/airflow_venv/lib/python3.10/site-packages/airflow/example_dags/example_dag_decorator.py
[2026-05-29T10:22:51.148+0200] {logging_mixin.py:151} INFO - [2026-05-29T10:22:51.148+0200] {security.py:708} INFO - Not syncing DAG-level permissions for DAG 'DAG:example_dag_decorator' as access control is unset.
[2026-05-29T10:22:51.149+0200] {logging_mixin.py:151} INFO - [2026-05-29T10:22:51.148+0200] {dag.py:2915} INFO - Sync 1 DAGs
[2026-05-29T10:22:51.157+0200] {logging_mixin.py:151} INFO - [2026-05-29T10:22:51.156+0200] {dag.py:3696} INFO - Setting next_dagrun for example_dag_decorator to None, run_after=None
[2026-05-29T10:22:51.170+0200] {processor.py:179} INFO - Processing /home/frederic/airflow_venv/lib/python3.10/site-packages/airflow/example_dags/example_dag_decorator.py took 0.262 seconds
[2026-05-29T10:23:39.154+0200] {processor.py:157} INFO - Started process (PID=704201) to work on /home/frederic/airflow_venv/lib/python3.10/site-packages/airflow/example_dags/example_dag_decorator.py
[2026-05-29T10:23:39.155+0200] {processor.py:829} INFO - Processing file /home/frederic/airflow_venv/lib/python3.10/site-packages/airflow/example_dags/example_dag_decorator.py for tasks to queue
[2026-05-29T10:23:39.156+0200] {logging_mixin.py:151} INFO - [2026-05-29T10:23:39.155+0200] {dagbag.py:539} INFO - Filling up the DagBag from /home/frederic/airflow_venv/lib/python3.10/site-packages/airflow/example_dags/example_dag_decorator.py
[2026-05-29T10:23:39.213+0200] {processor.py:839} INFO - DAG(s) dict_keys(['example_dag_decorator']) retrieved from /home/frederic/airflow_venv/lib/python3.10/site-packages/airflow/example_dags/example_dag_decorator.py
[2026-05-29T10:23:39.361+0200] {logging_mixin.py:151} INFO - [2026-05-29T10:23:39.360+0200] {security.py:708} INFO - Not syncing DAG-level permissions for DAG 'DAG:example_dag_decorator' as access control is unset.
[2026-05-29T10:23:39.361+0200] {logging_mixin.py:151} INFO - [2026-05-29T10:23:39.361+0200] {dag.py:2915} INFO - Sync 1 DAGs
[2026-05-29T10:23:39.368+0200] {logging_mixin.py:151} INFO - [2026-05-29T10:23:39.368+0200] {dag.py:3696} INFO - Setting next_dagrun for example_dag_decorator to None, run_after=None
[2026-05-29T10:23:39.382+0200] {processor.py:179} INFO - Processing /home/frederic/airflow_venv/lib/python3.10/site-packages/airflow/example_dags/example_dag_decorator.py took 0.230 seconds
[2026-05-29T10:24:30.120+0200] {processor.py:157} INFO - Started process (PID=704725) to work on /home/frederic/airflow_venv/lib/python3.10/site-packages/airflow/example_dags/example_dag_decorator.py
[2026-05-29T10:24:30.121+0200] {processor.py:829} INFO - Processing file /home/frederic/airflow_venv/lib/python3.10/site-packages/airflow/example_dags/example_dag_decorator.py for tasks to queue
[2026-05-29T10:24:30.122+0200] {logging_mixin.py:151} INFO - [2026-05-29T10:24:30.121+0200] {dagbag.py:539} INFO - Filling up the DagBag from /home/frederic/airflow_venv/lib/python3.10/site-packages/airflow/example_dags/example_dag_decorator.py
[2026-05-29T10:24:30.193+0200] {processor.py:839} INFO - DAG(s) dict_keys(['example_dag_decorator']) retrieved from /home/frederic/airflow_venv/lib/python3.10/site-packages/airflow/example_dags/example_dag_decorator.py
[2026-05-29T10:24:30.363+0200] {logging_mixin.py:151} INFO - [2026-05-29T10:24:30.363+0200] {security.py:708} INFO - Not syncing DAG-level permissions for DAG 'DAG:example_dag_decorator' as access control is unset.
[2026-05-29T10:24:30.364+0200] {logging_mixin.py:151} INFO - [2026-05-29T10:24:30.364+0200] {dag.py:2915} INFO - Sync 1 DAGs
[2026-05-29T10:24:30.374+0200] {logging_mixin.py:151} INFO - [2026-05-29T10:24:30.374+0200] {dag.py:3696} INFO - Setting next_dagrun for example_dag_decorator to None, run_after=None
[2026-05-29T10:24:30.391+0200] {processor.py:179} INFO - Processing /home/frederic/airflow_venv/lib/python3.10/site-packages/airflow/example_dags/example_dag_decorator.py took 0.274 seconds
[2026-05-29T10:25:24.720+0200] {processor.py:157} INFO - Started process (PID=705270) to work on /home/frederic/airflow_venv/lib/python3.10/site-packages/airflow/example_dags/example_dag_decorator.py
[2026-05-29T10:25:24.721+0200] {processor.py:829} INFO - Processing file /home/frederic/airflow_venv/lib/python3.10/site-packages/airflow/example_dags/example_dag_decorator.py for tasks to queue
[2026-05-29T10:25:24.722+0200] {logging_mixin.py:151} INFO - [2026-05-29T10:25:24.721+0200] {dagbag.py:539} INFO - Filling up the DagBag from /home/frederic/airflow_venv/lib/python3.10/site-packages/airflow/example_dags/example_dag_decorator.py
[2026-05-29T10:25:24.894+0200] {processor.py:839} INFO - DAG(s) dict_keys(['example_dag_decorator']) retrieved from /home/frederic/airflow_venv/lib/python3.10/site-packages/airflow/example_dags/example_dag_decorator.py
[2026-05-29T10:25:24.966+0200] {logging_mixin.py:151} INFO - [2026-05-29T10:25:24.966+0200] {security.py:708} INFO - Not syncing DAG-level permissions for DAG 'DAG:example_dag_decorator' as access control is unset.
[2026-05-29T10:25:24.967+0200] {logging_mixin.py:151} INFO - [2026-05-29T10:25:24.967+0200] {dag.py:2915} INFO - Sync 1 DAGs
[2026-05-29T10:25:24.975+0200] {logging_mixin.py:151} INFO - [2026-05-29T10:25:24.975+0200] {dag.py:3696} INFO - Setting next_dagrun for example_dag_decorator to None, run_after=None
[2026-05-29T10:25:24.993+0200] {processor.py:179} INFO - Processing /home/frederic/airflow_venv/lib/python3.10/site-packages/airflow/example_dags/example_dag_decorator.py took 0.277 seconds
[2026-05-29T10:26:20.310+0200] {processor.py:157} INFO - Started process (PID=705829) to work on /home/frederic/airflow_venv/lib/python3.10/site-packages/airflow/example_dags/example_dag_decorator.py
[2026-05-29T10:26:20.311+0200] {processor.py:829} INFO - Processing file /home/frederic/airflow_venv/lib/python3.10/site-packages/airflow/example_dags/example_dag_decorator.py for tasks to queue
[2026-05-29T10:26:20.312+0200] {logging_mixin.py:151} INFO - [2026-05-29T10:26:20.312+0200] {dagbag.py:539} INFO - Filling up the DagBag from /home/frederic/airflow_venv/lib/python3.10/site-packages/airflow/example_dags/example_dag_decorator.py
[2026-05-29T10:26:20.470+0200] {processor.py:839} INFO - DAG(s) dict_keys(['example_dag_decorator']) retrieved from /home/frederic/airflow_venv/lib/python3.10/site-packages/airflow/example_dags/example_dag_decorator.py
[2026-05-29T10:26:20.548+0200] {logging_mixin.py:151} INFO - [2026-05-29T10:26:20.548+0200] {security.py:708} INFO - Not syncing DAG-level permissions for DAG 'DAG:example_dag_decorator' as access control is unset.
[2026-05-29T10:26:20.548+0200] {logging_mixin.py:151} INFO - [2026-05-29T10:26:20.548+0200] {dag.py:2915} INFO - Sync 1 DAGs
[2026-05-29T10:26:20.555+0200] {logging_mixin.py:151} INFO - [2026-05-29T10:26:20.555+0200] {dag.py:3696} INFO - Setting next_dagrun for example_dag_decorator to None, run_after=None
[2026-05-29T10:26:20.571+0200] {processor.py:179} INFO - Processing /home/frederic/airflow_venv/lib/python3.10/site-packages/airflow/example_dags/example_dag_decorator.py took 0.264 seconds
[2026-05-29T10:27:12.375+0200] {processor.py:157} INFO - Started process (PID=706340) to work on /home/frederic/airflow_venv/lib/python3.10/site-packages/airflow/example_dags/example_dag_decorator.py
[2026-05-29T10:27:12.376+0200] {processor.py:829} INFO - Processing file /home/frederic/airflow_venv/lib/python3.10/site-packages/airflow/example_dags/example_dag_decorator.py for tasks to queue
[2026-05-29T10:27:12.377+0200] {logging_mixin.py:151} INFO - [2026-05-29T10:27:12.376+0200] {dagbag.py:539} INFO - Filling up the DagBag from /home/frederic/airflow_venv/lib/python3.10/site-packages/airflow/example_dags/example_dag_decorator.py
[2026-05-29T10:27:12.434+0200] {processor.py:839} INFO - DAG(s) dict_keys(['example_dag_decorator']) retrieved from /home/frederic/airflow_venv/lib/python3.10/site-packages/airflow/example_dags/example_dag_decorator.py
[2026-05-29T10:27:12.519+0200] {logging_mixin.py:151} INFO - [2026-05-29T10:27:12.519+0200] {security.py:708} INFO - Not syncing DAG-level permissions for DAG 'DAG:example_dag_decorator' as access control is unset.
[2026-05-29T10:27:12.519+0200] {logging_mixin.py:151} INFO - [2026-05-29T10:27:12.519+0200] {dag.py:2915} INFO - Sync 1 DAGs
[2026-05-29T10:27:12.528+0200] {logging_mixin.py:151} INFO - [2026-05-29T10:27:12.528+0200] {dag.py:3696} INFO - Setting next_dagrun for example_dag_decorator to None, run_after=None
[2026-05-29T10:27:12.545+0200] {processor.py:179} INFO - Processing /home/frederic/airflow_venv/lib/python3.10/site-packages/airflow/example_dags/example_dag_decorator.py took 0.172 seconds
[2026-05-29T10:27:58.365+0200] {processor.py:157} INFO - Started process (PID=706764) to work on /home/frederic/airflow_venv/lib/python3.10/site-packages/airflow/example_dags/example_dag_decorator.py
[2026-05-29T10:27:58.366+0200] {processor.py:829} INFO - Processing file /home/frederic/airflow_venv/lib/python3.10/site-packages/airflow/example_dags/example_dag_decorator.py for tasks to queue
[2026-05-29T10:27:58.367+0200] {logging_mixin.py:151} INFO - [2026-05-29T10:27:58.367+0200] {dagbag.py:539} INFO - Filling up the DagBag from /home/frederic/airflow_venv/lib/python3.10/site-packages/airflow/example_dags/example_dag_decorator.py
[2026-05-29T10:27:58.428+0200] {processor.py:839} INFO - DAG(s) dict_keys(['example_dag_decorator']) retrieved from /home/frederic/airflow_venv/lib/python3.10/site-packages/airflow/example_dags/example_dag_decorator.py
[2026-05-29T10:27:58.446+0200] {logging_mixin.py:151} INFO - [2026-05-29T10:27:58.445+0200] {dag.py:2915} INFO - Sync 1 DAGs
[2026-05-29T10:27:58.455+0200] {logging_mixin.py:151} INFO - [2026-05-29T10:27:58.455+0200] {dag.py:3696} INFO - Setting next_dagrun for example_dag_decorator to None, run_after=None
[2026-05-29T10:27:58.471+0200] {processor.py:179} INFO - Processing /home/frederic/airflow_venv/lib/python3.10/site-packages/airflow/example_dags/example_dag_decorator.py took 0.109 seconds
[2026-05-29T10:28:54.215+0200] {processor.py:157} INFO - Started process (PID=707535) to work on /home/frederic/airflow_venv/lib/python3.10/site-packages/airflow/example_dags/example_dag_decorator.py
[2026-05-29T10:28:54.216+0200] {processor.py:829} INFO - Processing file /home/frederic/airflow_venv/lib/python3.10/site-packages/airflow/example_dags/example_dag_decorator.py for tasks to queue
[2026-05-29T10:28:54.216+0200] {logging_mixin.py:151} INFO - [2026-05-29T10:28:54.216+0200] {dagbag.py:539} INFO - Filling up the DagBag from /home/frederic/airflow_venv/lib/python3.10/site-packages/airflow/example_dags/example_dag_decorator.py
[2026-05-29T10:28:54.278+0200] {processor.py:839} INFO - DAG(s) dict_keys(['example_dag_decorator']) retrieved from /home/frederic/airflow_venv/lib/python3.10/site-packages/airflow/example_dags/example_dag_decorator.py
[2026-05-29T10:28:54.293+0200] {logging_mixin.py:151} INFO - [2026-05-29T10:28:54.293+0200] {dag.py:2915} INFO - Sync 1 DAGs
[2026-05-29T10:28:54.302+0200] {logging_mixin.py:151} INFO - [2026-05-29T10:28:54.302+0200] {dag.py:3696} INFO - Setting next_dagrun for example_dag_decorator to None, run_after=None
[2026-05-29T10:28:54.325+0200] {processor.py:179} INFO - Processing /home/frederic/airflow_venv/lib/python3.10/site-packages/airflow/example_dags/example_dag_decorator.py took 0.113 seconds
[2026-05-29T10:29:41.162+0200] {processor.py:157} INFO - Started process (PID=708074) to work on /home/frederic/airflow_venv/lib/python3.10/site-packages/airflow/example_dags/example_dag_decorator.py
[2026-05-29T10:29:41.163+0200] {processor.py:829} INFO - Processing file /home/frederic/airflow_venv/lib/python3.10/site-packages/airflow/example_dags/example_dag_decorator.py for tasks to queue
[2026-05-29T10:29:41.163+0200] {logging_mixin.py:151} INFO - [2026-05-29T10:29:41.163+0200] {dagbag.py:539} INFO - Filling up the DagBag from /home/frederic/airflow_venv/lib/python3.10/site-packages/airflow/example_dags/example_dag_decorator.py
[2026-05-29T10:29:41.224+0200] {processor.py:839} INFO - DAG(s) dict_keys(['example_dag_decorator']) retrieved from /home/frederic/airflow_venv/lib/python3.10/site-packages/airflow/example_dags/example_dag_decorator.py
[2026-05-29T10:29:41.239+0200] {logging_mixin.py:151} INFO - [2026-05-29T10:29:41.239+0200] {dag.py:2915} INFO - Sync 1 DAGs
[2026-05-29T10:29:41.248+0200] {logging_mixin.py:151} INFO - [2026-05-29T10:29:41.248+0200] {dag.py:3696} INFO - Setting next_dagrun for example_dag_decorator to None, run_after=None
[2026-05-29T10:29:41.261+0200] {processor.py:179} INFO - Processing /home/frederic/airflow_venv/lib/python3.10/site-packages/airflow/example_dags/example_dag_decorator.py took 0.102 seconds
[2026-05-29T10:30:31.373+0200] {processor.py:157} INFO - Started process (PID=708754) to work on /home/frederic/airflow_venv/lib/python3.10/site-packages/airflow/example_dags/example_dag_decorator.py
[2026-05-29T10:30:31.374+0200] {processor.py:829} INFO - Processing file /home/frederic/airflow_venv/lib/python3.10/site-packages/airflow/example_dags/example_dag_decorator.py for tasks to queue
[2026-05-29T10:30:31.375+0200] {logging_mixin.py:151} INFO - [2026-05-29T10:30:31.375+0200] {dagbag.py:539} INFO - Filling up the DagBag from /home/frederic/airflow_venv/lib/python3.10/site-packages/airflow/example_dags/example_dag_decorator.py
[2026-05-29T10:30:31.432+0200] {processor.py:839} INFO - DAG(s) dict_keys(['example_dag_decorator']) retrieved from /home/frederic/airflow_venv/lib/python3.10/site-packages/airflow/example_dags/example_dag_decorator.py
[2026-05-29T10:30:31.447+0200] {logging_mixin.py:151} INFO - [2026-05-29T10:30:31.447+0200] {dag.py:2915} INFO - Sync 1 DAGs
[2026-05-29T10:30:31.458+0200] {logging_mixin.py:151} INFO - [2026-05-29T10:30:31.457+0200] {dag.py:3696} INFO - Setting next_dagrun for example_dag_decorator to None, run_after=None
[2026-05-29T10:30:31.472+0200] {processor.py:179} INFO - Processing /home/frederic/airflow_venv/lib/python3.10/site-packages/airflow/example_dags/example_dag_decorator.py took 0.100 seconds
[2026-05-29T10:31:15.361+0200] {processor.py:157} INFO - Started process (PID=709302) to work on /home/frederic/airflow_venv/lib/python3.10/site-packages/airflow/example_dags/example_dag_decorator.py
[2026-05-29T10:31:15.362+0200] {processor.py:829} INFO - Processing file /home/frederic/airflow_venv/lib/python3.10/site-packages/airflow/example_dags/example_dag_decorator.py for tasks to queue
[2026-05-29T10:31:15.362+0200] {logging_mixin.py:151} INFO - [2026-05-29T10:31:15.362+0200] {dagbag.py:539} INFO - Filling up the DagBag from /home/frederic/airflow_venv/lib/python3.10/site-packages/airflow/example_dags/example_dag_decorator.py
[2026-05-29T10:31:15.418+0200] {processor.py:839} INFO - DAG(s) dict_keys(['example_dag_decorator']) retrieved from /home/frederic/airflow_venv/lib/python3.10/site-packages/airflow/example_dags/example_dag_decorator.py
[2026-05-29T10:31:15.432+0200] {logging_mixin.py:151} INFO - [2026-05-29T10:31:15.432+0200] {dag.py:2915} INFO - Sync 1 DAGs
[2026-05-29T10:31:15.440+0200] {logging_mixin.py:151} INFO - [2026-05-29T10:31:15.440+0200] {dag.py:3696} INFO - Setting next_dagrun for example_dag_decorator to None, run_after=None
[2026-05-29T10:31:15.456+0200] {processor.py:179} INFO - Processing /home/frederic/airflow_venv/lib/python3.10/site-packages/airflow/example_dags/example_dag_decorator.py took 0.098 seconds
[2026-05-29T10:32:02.490+0200] {processor.py:157} INFO - Started process (PID=709911) to work on /home/frederic/airflow_venv/lib/python3.10/site-packages/airflow/example_dags/example_dag_decorator.py
[2026-05-29T10:32:02.492+0200] {processor.py:829} INFO - Processing file /home/frederic/airflow_venv/lib/python3.10/site-packages/airflow/example_dags/example_dag_decorator.py for tasks to queue
[2026-05-29T10:32:02.492+0200] {logging_mixin.py:151} INFO - [2026-05-29T10:32:02.492+0200] {dagbag.py:539} INFO - Filling up the DagBag from /home/frederic/airflow_venv/lib/python3.10/site-packages/airflow/example_dags/example_dag_decorator.py
[2026-05-29T10:32:02.562+0200] {processor.py:839} INFO - DAG(s) dict_keys(['example_dag_decorator']) retrieved from /home/frederic/airflow_venv/lib/python3.10/site-packages/airflow/example_dags/example_dag_decorator.py
[2026-05-29T10:32:02.580+0200] {logging_mixin.py:151} INFO - [2026-05-29T10:32:02.580+0200] {dag.py:2915} INFO - Sync 1 DAGs
[2026-05-29T10:32:02.591+0200] {logging_mixin.py:151} INFO - [2026-05-29T10:32:02.591+0200] {dag.py:3696} INFO - Setting next_dagrun for example_dag_decorator to None, run_after=None
[2026-05-29T10:32:02.607+0200] {processor.py:179} INFO - Processing /home/frederic/airflow_venv/lib/python3.10/site-packages/airflow/example_dags/example_dag_decorator.py took 0.120 seconds
[2026-05-29T10:32:47.409+0200] {processor.py:157} INFO - Started process (PID=710369) to work on /home/frederic/airflow_venv/lib/python3.10/site-packages/airflow/example_dags/example_dag_decorator.py
[2026-05-29T10:32:47.410+0200] {processor.py:829} INFO - Processing file /home/frederic/airflow_venv/lib/python3.10/site-packages/airflow/example_dags/example_dag_decorator.py for tasks to queue
[2026-05-29T10:32:47.411+0200] {logging_mixin.py:151} INFO - [2026-05-29T10:32:47.410+0200] {dagbag.py:539} INFO - Filling up the DagBag from /home/frederic/airflow_venv/lib/python3.10/site-packages/airflow/example_dags/example_dag_decorator.py
[2026-05-29T10:32:47.469+0200] {processor.py:839} INFO - DAG(s) dict_keys(['example_dag_decorator']) retrieved from /home/frederic/airflow_venv/lib/python3.10/site-packages/airflow/example_dags/example_dag_decorator.py
[2026-05-29T10:32:47.484+0200] {logging_mixin.py:151} INFO - [2026-05-29T10:32:47.484+0200] {dag.py:2915} INFO - Sync 1 DAGs
[2026-05-29T10:32:47.493+0200] {logging_mixin.py:151} INFO - [2026-05-29T10:32:47.493+0200] {dag.py:3696} INFO - Setting next_dagrun for example_dag_decorator to None, run_after=None
[2026-05-29T10:32:47.508+0200] {processor.py:179} INFO - Processing /home/frederic/airflow_venv/lib/python3.10/site-packages/airflow/example_dags/example_dag_decorator.py took 0.101 seconds
[2026-05-29T10:33:35.694+0200] {processor.py:157} INFO - Started process (PID=711220) to work on /home/frederic/airflow_venv/lib/python3.10/site-packages/airflow/example_dags/example_dag_decorator.py
[2026-05-29T10:33:35.695+0200] {processor.py:829} INFO - Processing file /home/frederic/airflow_venv/lib/python3.10/site-packages/airflow/example_dags/example_dag_decorator.py for tasks to queue
[2026-05-29T10:33:35.696+0200] {logging_mixin.py:151} INFO - [2026-05-29T10:33:35.695+0200] {dagbag.py:539} INFO - Filling up the DagBag from /home/frederic/airflow_venv/lib/python3.10/site-packages/airflow/example_dags/example_dag_decorator.py
[2026-05-29T10:33:35.752+0200] {processor.py:839} INFO - DAG(s) dict_keys(['example_dag_decorator']) retrieved from /home/frederic/airflow_venv/lib/python3.10/site-packages/airflow/example_dags/example_dag_decorator.py
[2026-05-29T10:33:35.768+0200] {logging_mixin.py:151} INFO - [2026-05-29T10:33:35.768+0200] {dag.py:2915} INFO - Sync 1 DAGs
[2026-05-29T10:33:35.778+0200] {logging_mixin.py:151} INFO - [2026-05-29T10:33:35.778+0200] {dag.py:3696} INFO - Setting next_dagrun for example_dag_decorator to None, run_after=None
[2026-05-29T10:33:35.792+0200] {processor.py:179} INFO - Processing /home/frederic/airflow_venv/lib/python3.10/site-packages/airflow/example_dags/example_dag_decorator.py took 0.100 seconds
[2026-05-29T10:34:18.664+0200] {processor.py:157} INFO - Started process (PID=711896) to work on /home/frederic/airflow_venv/lib/python3.10/site-packages/airflow/example_dags/example_dag_decorator.py
[2026-05-29T10:34:18.666+0200] {processor.py:829} INFO - Processing file /home/frederic/airflow_venv/lib/python3.10/site-packages/airflow/example_dags/example_dag_decorator.py for tasks to queue
[2026-05-29T10:34:18.666+0200] {logging_mixin.py:151} INFO - [2026-05-29T10:34:18.666+0200] {dagbag.py:539} INFO - Filling up the DagBag from /home/frederic/airflow_venv/lib/python3.10/site-packages/airflow/example_dags/example_dag_decorator.py
[2026-05-29T10:34:18.722+0200] {processor.py:839} INFO - DAG(s) dict_keys(['example_dag_decorator']) retrieved from /home/frederic/airflow_venv/lib/python3.10/site-packages/airflow/example_dags/example_dag_decorator.py
[2026-05-29T10:34:18.799+0200] {logging_mixin.py:151} INFO - [2026-05-29T10:34:18.799+0200] {security.py:708} INFO - Not syncing DAG-level permissions for DAG 'DAG:example_dag_decorator' as access control is unset.
[2026-05-29T10:34:18.799+0200] {logging_mixin.py:151} INFO - [2026-05-29T10:34:18.799+0200] {dag.py:2915} INFO - Sync 1 DAGs
[2026-05-29T10:34:18.808+0200] {logging_mixin.py:151} INFO - [2026-05-29T10:34:18.807+0200] {dag.py:3696} INFO - Setting next_dagrun for example_dag_decorator to None, run_after=None
[2026-05-29T10:34:18.822+0200] {processor.py:179} INFO - Processing /home/frederic/airflow_venv/lib/python3.10/site-packages/airflow/example_dags/example_dag_decorator.py took 0.160 seconds
[2026-05-29T10:35:03.596+0200] {processor.py:157} INFO - Started process (PID=712368) to work on /home/frederic/airflow_venv/lib/python3.10/site-packages/airflow/example_dags/example_dag_decorator.py
[2026-05-29T10:35:03.597+0200] {processor.py:829} INFO - Processing file /home/frederic/airflow_venv/lib/python3.10/site-packages/airflow/example_dags/example_dag_decorator.py for tasks to queue
[2026-05-29T10:35:03.598+0200] {logging_mixin.py:151} INFO - [2026-05-29T10:35:03.598+0200] {dagbag.py:539} INFO - Filling up the DagBag from /home/frederic/airflow_venv/lib/python3.10/site-packages/airflow/example_dags/example_dag_decorator.py
[2026-05-29T10:35:03.666+0200] {processor.py:839} INFO - DAG(s) dict_keys(['example_dag_decorator']) retrieved from /home/frederic/airflow_venv/lib/python3.10/site-packages/airflow/example_dags/example_dag_decorator.py
[2026-05-29T10:35:03.747+0200] {logging_mixin.py:151} INFO - [2026-05-29T10:35:03.747+0200] {security.py:708} INFO - Not syncing DAG-level permissions for DAG 'DAG:example_dag_decorator' as access control is unset.
[2026-05-29T10:35:03.748+0200] {logging_mixin.py:151} INFO - [2026-05-29T10:35:03.747+0200] {dag.py:2915} INFO - Sync 1 DAGs
[2026-05-29T10:35:03.755+0200] {logging_mixin.py:151} INFO - [2026-05-29T10:35:03.755+0200] {dag.py:3696} INFO - Setting next_dagrun for example_dag_decorator to None, run_after=None
[2026-05-29T10:35:03.775+0200] {processor.py:179} INFO - Processing /home/frederic/airflow_venv/lib/python3.10/site-packages/airflow/example_dags/example_dag_decorator.py took 0.181 seconds
[2026-05-29T10:35:53.553+0200] {processor.py:157} INFO - Started process (PID=712819) to work on /home/frederic/airflow_venv/lib/python3.10/site-packages/airflow/example_dags/example_dag_decorator.py
[2026-05-29T10:35:53.557+0200] {processor.py:829} INFO - Processing file /home/frederic/airflow_venv/lib/python3.10/site-packages/airflow/example_dags/example_dag_decorator.py for tasks to queue
[2026-05-29T10:35:53.557+0200] {logging_mixin.py:151} INFO - [2026-05-29T10:35:53.557+0200] {dagbag.py:539} INFO - Filling up the DagBag from /home/frederic/airflow_venv/lib/python3.10/site-packages/airflow/example_dags/example_dag_decorator.py
[2026-05-29T10:35:53.622+0200] {processor.py:839} INFO - DAG(s) dict_keys(['example_dag_decorator']) retrieved from /home/frederic/airflow_venv/lib/python3.10/site-packages/airflow/example_dags/example_dag_decorator.py
[2026-05-29T10:35:53.693+0200] {logging_mixin.py:151} INFO - [2026-05-29T10:35:53.693+0200] {security.py:708} INFO - Not syncing DAG-level permissions for DAG 'DAG:example_dag_decorator' as access control is unset.
[2026-05-29T10:35:53.693+0200] {logging_mixin.py:151} INFO - [2026-05-29T10:35:53.693+0200] {dag.py:2915} INFO - Sync 1 DAGs
[2026-05-29T10:35:53.701+0200] {logging_mixin.py:151} INFO - [2026-05-29T10:35:53.700+0200] {dag.py:3696} INFO - Setting next_dagrun for example_dag_decorator to None, run_after=None
[2026-05-29T10:35:53.718+0200] {processor.py:179} INFO - Processing /home/frederic/airflow_venv/lib/python3.10/site-packages/airflow/example_dags/example_dag_decorator.py took 0.167 seconds
[2026-05-29T10:36:37.176+0200] {processor.py:157} INFO - Started process (PID=713430) to work on /home/frederic/airflow_venv/lib/python3.10/site-packages/airflow/example_dags/example_dag_decorator.py
[2026-05-29T10:36:37.177+0200] {processor.py:829} INFO - Processing file /home/frederic/airflow_venv/lib/python3.10/site-packages/airflow/example_dags/example_dag_decorator.py for tasks to queue
[2026-05-29T10:36:37.177+0200] {logging_mixin.py:151} INFO - [2026-05-29T10:36:37.177+0200] {dagbag.py:539} INFO - Filling up the DagBag from /home/frederic/airflow_venv/lib/python3.10/site-packages/airflow/example_dags/example_dag_decorator.py
[2026-05-29T10:36:37.239+0200] {processor.py:839} INFO - DAG(s) dict_keys(['example_dag_decorator']) retrieved from /home/frederic/airflow_venv/lib/python3.10/site-packages/airflow/example_dags/example_dag_decorator.py
[2026-05-29T10:36:37.317+0200] {logging_mixin.py:151} INFO - [2026-05-29T10:36:37.317+0200] {security.py:708} INFO - Not syncing DAG-level permissions for DAG 'DAG:example_dag_decorator' as access control is unset.
[2026-05-29T10:36:37.318+0200] {logging_mixin.py:151} INFO - [2026-05-29T10:36:37.318+0200] {dag.py:2915} INFO - Sync 1 DAGs
[2026-05-29T10:36:37.326+0200] {logging_mixin.py:151} INFO - [2026-05-29T10:36:37.325+0200] {dag.py:3696} INFO - Setting next_dagrun for example_dag_decorator to None, run_after=None
[2026-05-29T10:36:37.341+0200] {processor.py:179} INFO - Processing /home/frederic/airflow_venv/lib/python3.10/site-packages/airflow/example_dags/example_dag_decorator.py took 0.167 seconds
[2026-05-29T10:37:25.928+0200] {processor.py:157} INFO - Started process (PID=714016) to work on /home/frederic/airflow_venv/lib/python3.10/site-packages/airflow/example_dags/example_dag_decorator.py
[2026-05-29T10:37:25.929+0200] {processor.py:829} INFO - Processing file /home/frederic/airflow_venv/lib/python3.10/site-packages/airflow/example_dags/example_dag_decorator.py for tasks to queue
[2026-05-29T10:37:25.930+0200] {logging_mixin.py:151} INFO - [2026-05-29T10:37:25.930+0200] {dagbag.py:539} INFO - Filling up the DagBag from /home/frederic/airflow_venv/lib/python3.10/site-packages/airflow/example_dags/example_dag_decorator.py
[2026-05-29T10:37:25.996+0200] {processor.py:839} INFO - DAG(s) dict_keys(['example_dag_decorator']) retrieved from /home/frederic/airflow_venv/lib/python3.10/site-packages/airflow/example_dags/example_dag_decorator.py
[2026-05-29T10:37:26.092+0200] {logging_mixin.py:151} INFO - [2026-05-29T10:37:26.091+0200] {security.py:708} INFO - Not syncing DAG-level permissions for DAG 'DAG:example_dag_decorator' as access control is unset.
[2026-05-29T10:37:26.092+0200] {logging_mixin.py:151} INFO - [2026-05-29T10:37:26.092+0200] {dag.py:2915} INFO - Sync 1 DAGs
[2026-05-29T10:37:26.102+0200] {logging_mixin.py:151} INFO - [2026-05-29T10:37:26.102+0200] {dag.py:3696} INFO - Setting next_dagrun for example_dag_decorator to None, run_after=None
[2026-05-29T10:37:26.119+0200] {processor.py:179} INFO - Processing /home/frederic/airflow_venv/lib/python3.10/site-packages/airflow/example_dags/example_dag_decorator.py took 0.194 seconds
[2026-05-29T10:38:09.906+0200] {processor.py:157} INFO - Started process (PID=714770) to work on /home/frederic/airflow_venv/lib/python3.10/site-packages/airflow/example_dags/example_dag_decorator.py
[2026-05-29T10:38:09.907+0200] {processor.py:829} INFO - Processing file /home/frederic/airflow_venv/lib/python3.10/site-packages/airflow/example_dags/example_dag_decorator.py for tasks to queue
[2026-05-29T10:38:09.907+0200] {logging_mixin.py:151} INFO - [2026-05-29T10:38:09.907+0200] {dagbag.py:539} INFO - Filling up the DagBag from /home/frederic/airflow_venv/lib/python3.10/site-packages/airflow/example_dags/example_dag_decorator.py
[2026-05-29T10:38:09.968+0200] {processor.py:839} INFO - DAG(s) dict_keys(['example_dag_decorator']) retrieved from /home/frederic/airflow_venv/lib/python3.10/site-packages/airflow/example_dags/example_dag_decorator.py
[2026-05-29T10:38:10.045+0200] {logging_mixin.py:151} INFO - [2026-05-29T10:38:10.045+0200] {security.py:708} INFO - Not syncing DAG-level permissions for DAG 'DAG:example_dag_decorator' as access control is unset.
[2026-05-29T10:38:10.046+0200] {logging_mixin.py:151} INFO - [2026-05-29T10:38:10.046+0200] {dag.py:2915} INFO - Sync 1 DAGs
[2026-05-29T10:38:10.054+0200] {logging_mixin.py:151} INFO - [2026-05-29T10:38:10.053+0200] {dag.py:3696} INFO - Setting next_dagrun for example_dag_decorator to None, run_after=None
[2026-05-29T10:38:10.068+0200] {processor.py:179} INFO - Processing /home/frederic/airflow_venv/lib/python3.10/site-packages/airflow/example_dags/example_dag_decorator.py took 0.164 seconds
[2026-05-29T10:38:56.167+0200] {processor.py:157} INFO - Started process (PID=715258) to work on /home/frederic/airflow_venv/lib/python3.10/site-packages/airflow/example_dags/example_dag_decorator.py
[2026-05-29T10:38:56.168+0200] {processor.py:829} INFO - Processing file /home/frederic/airflow_venv/lib/python3.10/site-packages/airflow/example_dags/example_dag_decorator.py for tasks to queue
[2026-05-29T10:38:56.168+0200] {logging_mixin.py:151} INFO - [2026-05-29T10:38:56.168+0200] {dagbag.py:539} INFO - Filling up the DagBag from /home/frederic/airflow_venv/lib/python3.10/site-packages/airflow/example_dags/example_dag_decorator.py
[2026-05-29T10:38:56.228+0200] {processor.py:839} INFO - DAG(s) dict_keys(['example_dag_decorator']) retrieved from /home/frederic/airflow_venv/lib/python3.10/site-packages/airflow/example_dags/example_dag_decorator.py
[2026-05-29T10:38:56.313+0200] {logging_mixin.py:151} INFO - [2026-05-29T10:38:56.313+0200] {security.py:708} INFO - Not syncing DAG-level permissions for DAG 'DAG:example_dag_decorator' as access control is unset.
[2026-05-29T10:38:56.314+0200] {logging_mixin.py:151} INFO - [2026-05-29T10:38:56.313+0200] {dag.py:2915} INFO - Sync 1 DAGs
[2026-05-29T10:38:56.322+0200] {logging_mixin.py:151} INFO - [2026-05-29T10:38:56.322+0200] {dag.py:3696} INFO - Setting next_dagrun for example_dag_decorator to None, run_after=None
[2026-05-29T10:38:56.340+0200] {processor.py:179} INFO - Processing /home/frederic/airflow_venv/lib/python3.10/site-packages/airflow/example_dags/example_dag_decorator.py took 0.176 seconds
[2026-05-29T10:39:42.049+0200] {processor.py:157} INFO - Started process (PID=716017) to work on /home/frederic/airflow_venv/lib/python3.10/site-packages/airflow/example_dags/example_dag_decorator.py
[2026-05-29T10:39:42.050+0200] {processor.py:829} INFO - Processing file /home/frederic/airflow_venv/lib/python3.10/site-packages/airflow/example_dags/example_dag_decorator.py for tasks to queue
[2026-05-29T10:39:42.051+0200] {logging_mixin.py:151} INFO - [2026-05-29T10:39:42.050+0200] {dagbag.py:539} INFO - Filling up the DagBag from /home/frederic/airflow_venv/lib/python3.10/site-packages/airflow/example_dags/example_dag_decorator.py
[2026-05-29T10:39:42.107+0200] {processor.py:839} INFO - DAG(s) dict_keys(['example_dag_decorator']) retrieved from /home/frederic/airflow_venv/lib/python3.10/site-packages/airflow/example_dags/example_dag_decorator.py
[2026-05-29T10:39:42.180+0200] {logging_mixin.py:151} INFO - [2026-05-29T10:39:42.180+0200] {security.py:708} INFO - Not syncing DAG-level permissions for DAG 'DAG:example_dag_decorator' as access control is unset.
[2026-05-29T10:39:42.180+0200] {logging_mixin.py:151} INFO - [2026-05-29T10:39:42.180+0200] {dag.py:2915} INFO - Sync 1 DAGs
[2026-05-29T10:39:42.188+0200] {logging_mixin.py:151} INFO - [2026-05-29T10:39:42.188+0200] {dag.py:3696} INFO - Setting next_dagrun for example_dag_decorator to None, run_after=None
[2026-05-29T10:39:42.205+0200] {processor.py:179} INFO - Processing /home/frederic/airflow_venv/lib/python3.10/site-packages/airflow/example_dags/example_dag_decorator.py took 0.158 seconds
[2026-05-29T10:40:24.760+0200] {processor.py:157} INFO - Started process (PID=716602) to work on /home/frederic/airflow_venv/lib/python3.10/site-packages/airflow/example_dags/example_dag_decorator.py
[2026-05-29T10:40:24.761+0200] {processor.py:829} INFO - Processing file /home/frederic/airflow_venv/lib/python3.10/site-packages/airflow/example_dags/example_dag_decorator.py for tasks to queue
[2026-05-29T10:40:24.761+0200] {logging_mixin.py:151} INFO - [2026-05-29T10:40:24.761+0200] {dagbag.py:539} INFO - Filling up the DagBag from /home/frederic/airflow_venv/lib/python3.10/site-packages/airflow/example_dags/example_dag_decorator.py
[2026-05-29T10:40:24.817+0200] {processor.py:839} INFO - DAG(s) dict_keys(['example_dag_decorator']) retrieved from /home/frederic/airflow_venv/lib/python3.10/site-packages/airflow/example_dags/example_dag_decorator.py
[2026-05-29T10:40:24.891+0200] {logging_mixin.py:151} INFO - [2026-05-29T10:40:24.891+0200] {security.py:708} INFO - Not syncing DAG-level permissions for DAG 'DAG:example_dag_decorator' as access control is unset.
[2026-05-29T10:40:24.891+0200] {logging_mixin.py:151} INFO - [2026-05-29T10:40:24.891+0200] {dag.py:2915} INFO - Sync 1 DAGs
[2026-05-29T10:40:24.900+0200] {logging_mixin.py:151} INFO - [2026-05-29T10:40:24.899+0200] {dag.py:3696} INFO - Setting next_dagrun for example_dag_decorator to None, run_after=None
[2026-05-29T10:40:24.915+0200] {processor.py:179} INFO - Processing /home/frederic/airflow_venv/lib/python3.10/site-packages/airflow/example_dags/example_dag_decorator.py took 0.158 seconds
[2026-05-29T10:41:11.178+0200] {processor.py:157} INFO - Started process (PID=717103) to work on /home/frederic/airflow_venv/lib/python3.10/site-packages/airflow/example_dags/example_dag_decorator.py
[2026-05-29T10:41:11.179+0200] {processor.py:829} INFO - Processing file /home/frederic/airflow_venv/lib/python3.10/site-packages/airflow/example_dags/example_dag_decorator.py for tasks to queue
[2026-05-29T10:41:11.180+0200] {logging_mixin.py:151} INFO - [2026-05-29T10:41:11.179+0200] {dagbag.py:539} INFO - Filling up the DagBag from /home/frederic/airflow_venv/lib/python3.10/site-packages/airflow/example_dags/example_dag_decorator.py
[2026-05-29T10:41:11.250+0200] {processor.py:839} INFO - DAG(s) dict_keys(['example_dag_decorator']) retrieved from /home/frederic/airflow_venv/lib/python3.10/site-packages/airflow/example_dags/example_dag_decorator.py
[2026-05-29T10:41:11.339+0200] {logging_mixin.py:151} INFO - [2026-05-29T10:41:11.339+0200] {security.py:708} INFO - Not syncing DAG-level permissions for DAG 'DAG:example_dag_decorator' as access control is unset.
[2026-05-29T10:41:11.340+0200] {logging_mixin.py:151} INFO - [2026-05-29T10:41:11.340+0200] {dag.py:2915} INFO - Sync 1 DAGs
[2026-05-29T10:41:11.347+0200] {logging_mixin.py:151} INFO - [2026-05-29T10:41:11.347+0200] {dag.py:3696} INFO - Setting next_dagrun for example_dag_decorator to None, run_after=None
[2026-05-29T10:41:11.365+0200] {processor.py:179} INFO - Processing /home/frederic/airflow_venv/lib/python3.10/site-packages/airflow/example_dags/example_dag_decorator.py took 0.190 seconds
[2026-05-29T10:41:58.834+0200] {processor.py:157} INFO - Started process (PID=717538) to work on /home/frederic/airflow_venv/lib/python3.10/site-packages/airflow/example_dags/example_dag_decorator.py
[2026-05-29T10:41:58.836+0200] {processor.py:829} INFO - Processing file /home/frederic/airflow_venv/lib/python3.10/site-packages/airflow/example_dags/example_dag_decorator.py for tasks to queue
[2026-05-29T10:41:58.836+0200] {logging_mixin.py:151} INFO - [2026-05-29T10:41:58.836+0200] {dagbag.py:539} INFO - Filling up the DagBag from /home/frederic/airflow_venv/lib/python3.10/site-packages/airflow/example_dags/example_dag_decorator.py
[2026-05-29T10:41:58.902+0200] {processor.py:839} INFO - DAG(s) dict_keys(['example_dag_decorator']) retrieved from /home/frederic/airflow_venv/lib/python3.10/site-packages/airflow/example_dags/example_dag_decorator.py
[2026-05-29T10:41:58.990+0200] {logging_mixin.py:151} INFO - [2026-05-29T10:41:58.990+0200] {security.py:708} INFO - Not syncing DAG-level permissions for DAG 'DAG:example_dag_decorator' as access control is unset.
[2026-05-29T10:41:58.990+0200] {logging_mixin.py:151} INFO - [2026-05-29T10:41:58.990+0200] {dag.py:2915} INFO - Sync 1 DAGs
[2026-05-29T10:41:59.000+0200] {logging_mixin.py:151} INFO - [2026-05-29T10:41:59.000+0200] {dag.py:3696} INFO - Setting next_dagrun for example_dag_decorator to None, run_after=None
[2026-05-29T10:41:59.019+0200] {processor.py:179} INFO - Processing /home/frederic/airflow_venv/lib/python3.10/site-packages/airflow/example_dags/example_dag_decorator.py took 0.187 seconds
[2026-05-29T10:42:47.757+0200] {processor.py:157} INFO - Started process (PID=718021) to work on /home/frederic/airflow_venv/lib/python3.10/site-packages/airflow/example_dags/example_dag_decorator.py
[2026-05-29T10:42:47.758+0200] {processor.py:829} INFO - Processing file /home/frederic/airflow_venv/lib/python3.10/site-packages/airflow/example_dags/example_dag_decorator.py for tasks to queue
[2026-05-29T10:42:47.759+0200] {logging_mixin.py:151} INFO - [2026-05-29T10:42:47.758+0200] {dagbag.py:539} INFO - Filling up the DagBag from /home/frederic/airflow_venv/lib/python3.10/site-packages/airflow/example_dags/example_dag_decorator.py
[2026-05-29T10:42:47.823+0200] {processor.py:839} INFO - DAG(s) dict_keys(['example_dag_decorator']) retrieved from /home/frederic/airflow_venv/lib/python3.10/site-packages/airflow/example_dags/example_dag_decorator.py
[2026-05-29T10:42:47.909+0200] {logging_mixin.py:151} INFO - [2026-05-29T10:42:47.909+0200] {security.py:708} INFO - Not syncing DAG-level permissions for DAG 'DAG:example_dag_decorator' as access control is unset.
[2026-05-29T10:42:47.910+0200] {logging_mixin.py:151} INFO - [2026-05-29T10:42:47.910+0200] {dag.py:2915} INFO - Sync 1 DAGs
[2026-05-29T10:42:47.921+0200] {logging_mixin.py:151} INFO - [2026-05-29T10:42:47.920+0200] {dag.py:3696} INFO - Setting next_dagrun for example_dag_decorator to None, run_after=None
[2026-05-29T10:42:47.941+0200] {processor.py:179} INFO - Processing /home/frederic/airflow_venv/lib/python3.10/site-packages/airflow/example_dags/example_dag_decorator.py took 0.187 seconds
[2026-05-29T10:43:44.598+0200] {processor.py:157} INFO - Started process (PID=718687) to work on /home/frederic/airflow_venv/lib/python3.10/site-packages/airflow/example_dags/example_dag_decorator.py
[2026-05-29T10:43:44.599+0200] {processor.py:829} INFO - Processing file /home/frederic/airflow_venv/lib/python3.10/site-packages/airflow/example_dags/example_dag_decorator.py for tasks to queue
[2026-05-29T10:43:44.600+0200] {logging_mixin.py:151} INFO - [2026-05-29T10:43:44.599+0200] {dagbag.py:539} INFO - Filling up the DagBag from /home/frederic/airflow_venv/lib/python3.10/site-packages/airflow/example_dags/example_dag_decorator.py
[2026-05-29T10:43:44.666+0200] {processor.py:839} INFO - DAG(s) dict_keys(['example_dag_decorator']) retrieved from /home/frederic/airflow_venv/lib/python3.10/site-packages/airflow/example_dags/example_dag_decorator.py
[2026-05-29T10:43:44.747+0200] {logging_mixin.py:151} INFO - [2026-05-29T10:43:44.747+0200] {security.py:708} INFO - Not syncing DAG-level permissions for DAG 'DAG:example_dag_decorator' as access control is unset.
[2026-05-29T10:43:44.748+0200] {logging_mixin.py:151} INFO - [2026-05-29T10:43:44.748+0200] {dag.py:2915} INFO - Sync 1 DAGs
[2026-05-29T10:43:44.756+0200] {logging_mixin.py:151} INFO - [2026-05-29T10:43:44.756+0200] {dag.py:3696} INFO - Setting next_dagrun for example_dag_decorator to None, run_after=None
[2026-05-29T10:43:44.774+0200] {processor.py:179} INFO - Processing /home/frederic/airflow_venv/lib/python3.10/site-packages/airflow/example_dags/example_dag_decorator.py took 0.179 seconds
[2026-05-29T10:44:30.292+0200] {processor.py:157} INFO - Started process (PID=719243) to work on /home/frederic/airflow_venv/lib/python3.10/site-packages/airflow/example_dags/example_dag_decorator.py
[2026-05-29T10:44:30.293+0200] {processor.py:829} INFO - Processing file /home/frederic/airflow_venv/lib/python3.10/site-packages/airflow/example_dags/example_dag_decorator.py for tasks to queue
[2026-05-29T10:44:30.294+0200] {logging_mixin.py:151} INFO - [2026-05-29T10:44:30.294+0200] {dagbag.py:539} INFO - Filling up the DagBag from /home/frederic/airflow_venv/lib/python3.10/site-packages/airflow/example_dags/example_dag_decorator.py
[2026-05-29T10:44:30.356+0200] {processor.py:839} INFO - DAG(s) dict_keys(['example_dag_decorator']) retrieved from /home/frederic/airflow_venv/lib/python3.10/site-packages/airflow/example_dags/example_dag_decorator.py
[2026-05-29T10:44:30.442+0200] {logging_mixin.py:151} INFO - [2026-05-29T10:44:30.442+0200] {security.py:708} INFO - Not syncing DAG-level permissions for DAG 'DAG:example_dag_decorator' as access control is unset.
[2026-05-29T10:44:30.443+0200] {logging_mixin.py:151} INFO - [2026-05-29T10:44:30.442+0200] {dag.py:2915} INFO - Sync 1 DAGs
[2026-05-29T10:44:30.452+0200] {logging_mixin.py:151} INFO - [2026-05-29T10:44:30.451+0200] {dag.py:3696} INFO - Setting next_dagrun for example_dag_decorator to None, run_after=None
[2026-05-29T10:44:30.466+0200] {processor.py:179} INFO - Processing /home/frederic/airflow_venv/lib/python3.10/site-packages/airflow/example_dags/example_dag_decorator.py took 0.178 seconds
[2026-05-29T10:45:19.834+0200] {processor.py:157} INFO - Started process (PID=720029) to work on /home/frederic/airflow_venv/lib/python3.10/site-packages/airflow/example_dags/example_dag_decorator.py
[2026-05-29T10:45:19.835+0200] {processor.py:829} INFO - Processing file /home/frederic/airflow_venv/lib/python3.10/site-packages/airflow/example_dags/example_dag_decorator.py for tasks to queue
[2026-05-29T10:45:19.835+0200] {logging_mixin.py:151} INFO - [2026-05-29T10:45:19.835+0200] {dagbag.py:539} INFO - Filling up the DagBag from /home/frederic/airflow_venv/lib/python3.10/site-packages/airflow/example_dags/example_dag_decorator.py
[2026-05-29T10:45:19.895+0200] {processor.py:839} INFO - DAG(s) dict_keys(['example_dag_decorator']) retrieved from /home/frederic/airflow_venv/lib/python3.10/site-packages/airflow/example_dags/example_dag_decorator.py
[2026-05-29T10:45:19.968+0200] {logging_mixin.py:151} INFO - [2026-05-29T10:45:19.968+0200] {security.py:708} INFO - Not syncing DAG-level permissions for DAG 'DAG:example_dag_decorator' as access control is unset.
[2026-05-29T10:45:19.968+0200] {logging_mixin.py:151} INFO - [2026-05-29T10:45:19.968+0200] {dag.py:2915} INFO - Sync 1 DAGs
[2026-05-29T10:45:19.976+0200] {logging_mixin.py:151} INFO - [2026-05-29T10:45:19.975+0200] {dag.py:3696} INFO - Setting next_dagrun for example_dag_decorator to None, run_after=None
[2026-05-29T10:45:19.991+0200] {processor.py:179} INFO - Processing /home/frederic/airflow_venv/lib/python3.10/site-packages/airflow/example_dags/example_dag_decorator.py took 0.160 seconds
[2026-05-29T10:46:04.748+0200] {processor.py:157} INFO - Started process (PID=720486) to work on /home/frederic/airflow_venv/lib/python3.10/site-packages/airflow/example_dags/example_dag_decorator.py
[2026-05-29T10:46:04.749+0200] {processor.py:829} INFO - Processing file /home/frederic/airflow_venv/lib/python3.10/site-packages/airflow/example_dags/example_dag_decorator.py for tasks to queue
[2026-05-29T10:46:04.749+0200] {logging_mixin.py:151} INFO - [2026-05-29T10:46:04.749+0200] {dagbag.py:539} INFO - Filling up the DagBag from /home/frederic/airflow_venv/lib/python3.10/site-packages/airflow/example_dags/example_dag_decorator.py
[2026-05-29T10:46:04.807+0200] {processor.py:839} INFO - DAG(s) dict_keys(['example_dag_decorator']) retrieved from /home/frederic/airflow_venv/lib/python3.10/site-packages/airflow/example_dags/example_dag_decorator.py
[2026-05-29T10:46:04.886+0200] {logging_mixin.py:151} INFO - [2026-05-29T10:46:04.886+0200] {security.py:708} INFO - Not syncing DAG-level permissions for DAG 'DAG:example_dag_decorator' as access control is unset.
[2026-05-29T10:46:04.886+0200] {logging_mixin.py:151} INFO - [2026-05-29T10:46:04.886+0200] {dag.py:2915} INFO - Sync 1 DAGs
[2026-05-29T10:46:04.894+0200] {logging_mixin.py:151} INFO - [2026-05-29T10:46:04.894+0200] {dag.py:3696} INFO - Setting next_dagrun for example_dag_decorator to None, run_after=None
[2026-05-29T10:46:04.909+0200] {processor.py:179} INFO - Processing /home/frederic/airflow_venv/lib/python3.10/site-packages/airflow/example_dags/example_dag_decorator.py took 0.163 seconds
[2026-05-29T10:46:54.970+0200] {processor.py:157} INFO - Started process (PID=721043) to work on /home/frederic/airflow_venv/lib/python3.10/site-packages/airflow/example_dags/example_dag_decorator.py
[2026-05-29T10:46:54.971+0200] {processor.py:829} INFO - Processing file /home/frederic/airflow_venv/lib/python3.10/site-packages/airflow/example_dags/example_dag_decorator.py for tasks to queue
[2026-05-29T10:46:54.972+0200] {logging_mixin.py:151} INFO - [2026-05-29T10:46:54.971+0200] {dagbag.py:539} INFO - Filling up the DagBag from /home/frederic/airflow_venv/lib/python3.10/site-packages/airflow/example_dags/example_dag_decorator.py
[2026-05-29T10:46:55.031+0200] {processor.py:839} INFO - DAG(s) dict_keys(['example_dag_decorator']) retrieved from /home/frederic/airflow_venv/lib/python3.10/site-packages/airflow/example_dags/example_dag_decorator.py
[2026-05-29T10:46:55.110+0200] {logging_mixin.py:151} INFO - [2026-05-29T10:46:55.110+0200] {security.py:708} INFO - Not syncing DAG-level permissions for DAG 'DAG:example_dag_decorator' as access control is unset.
[2026-05-29T10:46:55.110+0200] {logging_mixin.py:151} INFO - [2026-05-29T10:46:55.110+0200] {dag.py:2915} INFO - Sync 1 DAGs
[2026-05-29T10:46:55.118+0200] {logging_mixin.py:151} INFO - [2026-05-29T10:46:55.118+0200] {dag.py:3696} INFO - Setting next_dagrun for example_dag_decorator to None, run_after=None
[2026-05-29T10:46:55.136+0200] {processor.py:179} INFO - Processing /home/frederic/airflow_venv/lib/python3.10/site-packages/airflow/example_dags/example_dag_decorator.py took 0.169 seconds
[2026-05-29T10:47:45.923+0200] {processor.py:157} INFO - Started process (PID=722043) to work on /home/frederic/airflow_venv/lib/python3.10/site-packages/airflow/example_dags/example_dag_decorator.py
[2026-05-29T10:47:45.924+0200] {processor.py:829} INFO - Processing file /home/frederic/airflow_venv/lib/python3.10/site-packages/airflow/example_dags/example_dag_decorator.py for tasks to queue
[2026-05-29T10:47:45.925+0200] {logging_mixin.py:151} INFO - [2026-05-29T10:47:45.924+0200] {dagbag.py:539} INFO - Filling up the DagBag from /home/frederic/airflow_venv/lib/python3.10/site-packages/airflow/example_dags/example_dag_decorator.py
[2026-05-29T10:47:45.986+0200] {processor.py:839} INFO - DAG(s) dict_keys(['example_dag_decorator']) retrieved from /home/frederic/airflow_venv/lib/python3.10/site-packages/airflow/example_dags/example_dag_decorator.py
[2026-05-29T10:47:46.064+0200] {logging_mixin.py:151} INFO - [2026-05-29T10:47:46.064+0200] {security.py:708} INFO - Not syncing DAG-level permissions for DAG 'DAG:example_dag_decorator' as access control is unset.
[2026-05-29T10:47:46.065+0200] {logging_mixin.py:151} INFO - [2026-05-29T10:47:46.064+0200] {dag.py:2915} INFO - Sync 1 DAGs
[2026-05-29T10:47:46.072+0200] {logging_mixin.py:151} INFO - [2026-05-29T10:47:46.072+0200] {dag.py:3696} INFO - Setting next_dagrun for example_dag_decorator to None, run_after=None
[2026-05-29T10:47:46.088+0200] {processor.py:179} INFO - Processing /home/frederic/airflow_venv/lib/python3.10/site-packages/airflow/example_dags/example_dag_decorator.py took 0.167 seconds
[2026-05-29T10:48:27.546+0200] {processor.py:157} INFO - Started process (PID=722561) to work on /home/frederic/airflow_venv/lib/python3.10/site-packages/airflow/example_dags/example_dag_decorator.py
[2026-05-29T10:48:27.547+0200] {processor.py:829} INFO - Processing file /home/frederic/airflow_venv/lib/python3.10/site-packages/airflow/example_dags/example_dag_decorator.py for tasks to queue
[2026-05-29T10:48:27.547+0200] {logging_mixin.py:151} INFO - [2026-05-29T10:48:27.547+0200] {dagbag.py:539} INFO - Filling up the DagBag from /home/frederic/airflow_venv/lib/python3.10/site-packages/airflow/example_dags/example_dag_decorator.py
[2026-05-29T10:48:27.614+0200] {processor.py:839} INFO - DAG(s) dict_keys(['example_dag_decorator']) retrieved from /home/frederic/airflow_venv/lib/python3.10/site-packages/airflow/example_dags/example_dag_decorator.py
[2026-05-29T10:48:27.713+0200] {logging_mixin.py:151} INFO - [2026-05-29T10:48:27.713+0200] {security.py:708} INFO - Not syncing DAG-level permissions for DAG 'DAG:example_dag_decorator' as access control is unset.
[2026-05-29T10:48:27.714+0200] {logging_mixin.py:151} INFO - [2026-05-29T10:48:27.714+0200] {dag.py:2915} INFO - Sync 1 DAGs
[2026-05-29T10:48:27.725+0200] {logging_mixin.py:151} INFO - [2026-05-29T10:48:27.725+0200] {dag.py:3696} INFO - Setting next_dagrun for example_dag_decorator to None, run_after=None
[2026-05-29T10:48:27.741+0200] {processor.py:179} INFO - Processing /home/frederic/airflow_venv/lib/python3.10/site-packages/airflow/example_dags/example_dag_decorator.py took 0.198 seconds
[2026-05-29T10:49:15.223+0200] {processor.py:157} INFO - Started process (PID=723097) to work on /home/frederic/airflow_venv/lib/python3.10/site-packages/airflow/example_dags/example_dag_decorator.py
[2026-05-29T10:49:15.225+0200] {processor.py:829} INFO - Processing file /home/frederic/airflow_venv/lib/python3.10/site-packages/airflow/example_dags/example_dag_decorator.py for tasks to queue
[2026-05-29T10:49:15.226+0200] {logging_mixin.py:151} INFO - [2026-05-29T10:49:15.225+0200] {dagbag.py:539} INFO - Filling up the DagBag from /home/frederic/airflow_venv/lib/python3.10/site-packages/airflow/example_dags/example_dag_decorator.py
[2026-05-29T10:49:15.299+0200] {processor.py:839} INFO - DAG(s) dict_keys(['example_dag_decorator']) retrieved from /home/frederic/airflow_venv/lib/python3.10/site-packages/airflow/example_dags/example_dag_decorator.py
[2026-05-29T10:49:15.400+0200] {logging_mixin.py:151} INFO - [2026-05-29T10:49:15.400+0200] {security.py:708} INFO - Not syncing DAG-level permissions for DAG 'DAG:example_dag_decorator' as access control is unset.
[2026-05-29T10:49:15.400+0200] {logging_mixin.py:151} INFO - [2026-05-29T10:49:15.400+0200] {dag.py:2915} INFO - Sync 1 DAGs
[2026-05-29T10:49:15.412+0200] {logging_mixin.py:151} INFO - [2026-05-29T10:49:15.411+0200] {dag.py:3696} INFO - Setting next_dagrun for example_dag_decorator to None, run_after=None
[2026-05-29T10:49:15.431+0200] {processor.py:179} INFO - Processing /home/frederic/airflow_venv/lib/python3.10/site-packages/airflow/example_dags/example_dag_decorator.py took 0.210 seconds
[2026-05-29T10:50:04.036+0200] {processor.py:157} INFO - Started process (PID=723592) to work on /home/frederic/airflow_venv/lib/python3.10/site-packages/airflow/example_dags/example_dag_decorator.py
[2026-05-29T10:50:04.037+0200] {processor.py:829} INFO - Processing file /home/frederic/airflow_venv/lib/python3.10/site-packages/airflow/example_dags/example_dag_decorator.py for tasks to queue
[2026-05-29T10:50:04.038+0200] {logging_mixin.py:151} INFO - [2026-05-29T10:50:04.037+0200] {dagbag.py:539} INFO - Filling up the DagBag from /home/frederic/airflow_venv/lib/python3.10/site-packages/airflow/example_dags/example_dag_decorator.py
[2026-05-29T10:50:04.106+0200] {processor.py:839} INFO - DAG(s) dict_keys(['example_dag_decorator']) retrieved from /home/frederic/airflow_venv/lib/python3.10/site-packages/airflow/example_dags/example_dag_decorator.py
[2026-05-29T10:50:04.198+0200] {logging_mixin.py:151} INFO - [2026-05-29T10:50:04.198+0200] {security.py:708} INFO - Not syncing DAG-level permissions for DAG 'DAG:example_dag_decorator' as access control is unset.
[2026-05-29T10:50:04.198+0200] {logging_mixin.py:151} INFO - [2026-05-29T10:50:04.198+0200] {dag.py:2915} INFO - Sync 1 DAGs
[2026-05-29T10:50:04.210+0200] {logging_mixin.py:151} INFO - [2026-05-29T10:50:04.210+0200] {dag.py:3696} INFO - Setting next_dagrun for example_dag_decorator to None, run_after=None
[2026-05-29T10:50:04.227+0200] {processor.py:179} INFO - Processing /home/frederic/airflow_venv/lib/python3.10/site-packages/airflow/example_dags/example_dag_decorator.py took 0.194 seconds
[2026-05-29T10:50:51.013+0200] {processor.py:157} INFO - Started process (PID=724012) to work on /home/frederic/airflow_venv/lib/python3.10/site-packages/airflow/example_dags/example_dag_decorator.py
[2026-05-29T10:50:51.014+0200] {processor.py:829} INFO - Processing file /home/frederic/airflow_venv/lib/python3.10/site-packages/airflow/example_dags/example_dag_decorator.py for tasks to queue
[2026-05-29T10:50:51.015+0200] {logging_mixin.py:151} INFO - [2026-05-29T10:50:51.015+0200] {dagbag.py:539} INFO - Filling up the DagBag from /home/frederic/airflow_venv/lib/python3.10/site-packages/airflow/example_dags/example_dag_decorator.py
[2026-05-29T10:50:51.077+0200] {processor.py:839} INFO - DAG(s) dict_keys(['example_dag_decorator']) retrieved from /home/frederic/airflow_venv/lib/python3.10/site-packages/airflow/example_dags/example_dag_decorator.py
[2026-05-29T10:50:51.179+0200] {logging_mixin.py:151} INFO - [2026-05-29T10:50:51.179+0200] {security.py:708} INFO - Not syncing DAG-level permissions for DAG 'DAG:example_dag_decorator' as access control is unset.
[2026-05-29T10:50:51.179+0200] {logging_mixin.py:151} INFO - [2026-05-29T10:50:51.179+0200] {dag.py:2915} INFO - Sync 1 DAGs
[2026-05-29T10:50:51.188+0200] {logging_mixin.py:151} INFO - [2026-05-29T10:50:51.188+0200] {dag.py:3696} INFO - Setting next_dagrun for example_dag_decorator to None, run_after=None
[2026-05-29T10:50:51.204+0200] {processor.py:179} INFO - Processing /home/frederic/airflow_venv/lib/python3.10/site-packages/airflow/example_dags/example_dag_decorator.py took 0.194 seconds
