[2026-05-29T02:00:23.172+0200] {processor.py:157} INFO - Started process (PID=633742) to work on /home/frederic/airflow_venv/lib/python3.10/site-packages/airflow/example_dags/example_sensor_decorator.py
[2026-05-29T02:00:23.173+0200] {processor.py:829} INFO - Processing file /home/frederic/airflow_venv/lib/python3.10/site-packages/airflow/example_dags/example_sensor_decorator.py for tasks to queue
[2026-05-29T02:00:23.174+0200] {logging_mixin.py:151} INFO - [2026-05-29T02:00:23.174+0200] {dagbag.py:539} INFO - Filling up the DagBag from /home/frederic/airflow_venv/lib/python3.10/site-packages/airflow/example_dags/example_sensor_decorator.py
[2026-05-29T02:00:23.184+0200] {processor.py:839} INFO - DAG(s) dict_keys(['example_sensor_decorator']) retrieved from /home/frederic/airflow_venv/lib/python3.10/site-packages/airflow/example_dags/example_sensor_decorator.py
[2026-05-29T02:00:23.209+0200] {logging_mixin.py:151} INFO - [2026-05-29T02:00:23.209+0200] {dag.py:2915} INFO - Sync 1 DAGs
[2026-05-29T02:00:23.232+0200] {logging_mixin.py:151} INFO - [2026-05-29T02:00:23.232+0200] {dag.py:3696} INFO - Setting next_dagrun for example_sensor_decorator to None, run_after=None
[2026-05-29T02:00:23.272+0200] {processor.py:179} INFO - Processing /home/frederic/airflow_venv/lib/python3.10/site-packages/airflow/example_dags/example_sensor_decorator.py took 0.105 seconds
[2026-05-29T02:00:37.202+0200] {processor.py:157} INFO - Started process (PID=634254) to work on /home/frederic/airflow_venv/lib/python3.10/site-packages/airflow/example_dags/example_sensor_decorator.py
[2026-05-29T02:00:37.204+0200] {processor.py:829} INFO - Processing file /home/frederic/airflow_venv/lib/python3.10/site-packages/airflow/example_dags/example_sensor_decorator.py for tasks to queue
[2026-05-29T02:00:37.205+0200] {logging_mixin.py:151} INFO - [2026-05-29T02:00:37.205+0200] {dagbag.py:539} INFO - Filling up the DagBag from /home/frederic/airflow_venv/lib/python3.10/site-packages/airflow/example_dags/example_sensor_decorator.py
[2026-05-29T02:00:37.212+0200] {processor.py:839} INFO - DAG(s) dict_keys(['example_sensor_decorator']) retrieved from /home/frederic/airflow_venv/lib/python3.10/site-packages/airflow/example_dags/example_sensor_decorator.py
[2026-05-29T02:00:37.238+0200] {logging_mixin.py:151} INFO - [2026-05-29T02:00:37.237+0200] {dag.py:2915} INFO - Sync 1 DAGs
[2026-05-29T02:00:37.254+0200] {logging_mixin.py:151} INFO - [2026-05-29T02:00:37.254+0200] {dag.py:3696} INFO - Setting next_dagrun for example_sensor_decorator to None, run_after=None
[2026-05-29T02:00:37.279+0200] {processor.py:179} INFO - Processing /home/frederic/airflow_venv/lib/python3.10/site-packages/airflow/example_dags/example_sensor_decorator.py took 0.081 seconds
[2026-05-29T02:01:08.138+0200] {processor.py:157} INFO - Started process (PID=635069) to work on /home/frederic/airflow_venv/lib/python3.10/site-packages/airflow/example_dags/example_sensor_decorator.py
[2026-05-29T02:01:08.139+0200] {processor.py:829} INFO - Processing file /home/frederic/airflow_venv/lib/python3.10/site-packages/airflow/example_dags/example_sensor_decorator.py for tasks to queue
[2026-05-29T02:01:08.139+0200] {logging_mixin.py:151} INFO - [2026-05-29T02:01:08.139+0200] {dagbag.py:539} INFO - Filling up the DagBag from /home/frederic/airflow_venv/lib/python3.10/site-packages/airflow/example_dags/example_sensor_decorator.py
[2026-05-29T02:01:08.144+0200] {processor.py:839} INFO - DAG(s) dict_keys(['example_sensor_decorator']) retrieved from /home/frederic/airflow_venv/lib/python3.10/site-packages/airflow/example_dags/example_sensor_decorator.py
[2026-05-29T02:01:08.159+0200] {logging_mixin.py:151} INFO - [2026-05-29T02:01:08.159+0200] {dag.py:2915} INFO - Sync 1 DAGs
[2026-05-29T02:01:08.169+0200] {logging_mixin.py:151} INFO - [2026-05-29T02:01:08.168+0200] {dag.py:3696} INFO - Setting next_dagrun for example_sensor_decorator to None, run_after=None
[2026-05-29T02:01:08.183+0200] {processor.py:179} INFO - Processing /home/frederic/airflow_venv/lib/python3.10/site-packages/airflow/example_dags/example_sensor_decorator.py took 0.048 seconds
[2026-05-29T02:01:22.247+0200] {processor.py:157} INFO - Started process (PID=635535) to work on /home/frederic/airflow_venv/lib/python3.10/site-packages/airflow/example_dags/example_sensor_decorator.py
[2026-05-29T02:01:22.248+0200] {processor.py:829} INFO - Processing file /home/frederic/airflow_venv/lib/python3.10/site-packages/airflow/example_dags/example_sensor_decorator.py for tasks to queue
[2026-05-29T02:01:22.248+0200] {logging_mixin.py:151} INFO - [2026-05-29T02:01:22.248+0200] {dagbag.py:539} INFO - Filling up the DagBag from /home/frederic/airflow_venv/lib/python3.10/site-packages/airflow/example_dags/example_sensor_decorator.py
[2026-05-29T02:01:22.253+0200] {processor.py:839} INFO - DAG(s) dict_keys(['example_sensor_decorator']) retrieved from /home/frederic/airflow_venv/lib/python3.10/site-packages/airflow/example_dags/example_sensor_decorator.py
[2026-05-29T02:01:22.267+0200] {logging_mixin.py:151} INFO - [2026-05-29T02:01:22.267+0200] {dag.py:2915} INFO - Sync 1 DAGs
[2026-05-29T02:01:22.281+0200] {logging_mixin.py:151} INFO - [2026-05-29T02:01:22.280+0200] {dag.py:3696} INFO - Setting next_dagrun for example_sensor_decorator to None, run_after=None
[2026-05-29T02:01:22.298+0200] {processor.py:179} INFO - Processing /home/frederic/airflow_venv/lib/python3.10/site-packages/airflow/example_dags/example_sensor_decorator.py took 0.053 seconds
[2026-05-29T02:01:55.904+0200] {processor.py:157} INFO - Started process (PID=636387) to work on /home/frederic/airflow_venv/lib/python3.10/site-packages/airflow/example_dags/example_sensor_decorator.py
[2026-05-29T02:01:55.905+0200] {processor.py:829} INFO - Processing file /home/frederic/airflow_venv/lib/python3.10/site-packages/airflow/example_dags/example_sensor_decorator.py for tasks to queue
[2026-05-29T02:01:55.906+0200] {logging_mixin.py:151} INFO - [2026-05-29T02:01:55.906+0200] {dagbag.py:539} INFO - Filling up the DagBag from /home/frederic/airflow_venv/lib/python3.10/site-packages/airflow/example_dags/example_sensor_decorator.py
[2026-05-29T02:01:55.912+0200] {processor.py:839} INFO - DAG(s) dict_keys(['example_sensor_decorator']) retrieved from /home/frederic/airflow_venv/lib/python3.10/site-packages/airflow/example_dags/example_sensor_decorator.py
[2026-05-29T02:01:55.924+0200] {logging_mixin.py:151} INFO - [2026-05-29T02:01:55.924+0200] {dag.py:2915} INFO - Sync 1 DAGs
[2026-05-29T02:01:55.937+0200] {logging_mixin.py:151} INFO - [2026-05-29T02:01:55.936+0200] {dag.py:3696} INFO - Setting next_dagrun for example_sensor_decorator to None, run_after=None
[2026-05-29T02:01:55.960+0200] {processor.py:179} INFO - Processing /home/frederic/airflow_venv/lib/python3.10/site-packages/airflow/example_dags/example_sensor_decorator.py took 0.058 seconds
[2026-05-29T02:02:05.578+0200] {processor.py:157} INFO - Started process (PID=636694) to work on /home/frederic/airflow_venv/lib/python3.10/site-packages/airflow/example_dags/example_sensor_decorator.py
[2026-05-29T02:02:05.578+0200] {processor.py:829} INFO - Processing file /home/frederic/airflow_venv/lib/python3.10/site-packages/airflow/example_dags/example_sensor_decorator.py for tasks to queue
[2026-05-29T02:02:05.579+0200] {logging_mixin.py:151} INFO - [2026-05-29T02:02:05.579+0200] {dagbag.py:539} INFO - Filling up the DagBag from /home/frederic/airflow_venv/lib/python3.10/site-packages/airflow/example_dags/example_sensor_decorator.py
[2026-05-29T02:02:05.584+0200] {processor.py:839} INFO - DAG(s) dict_keys(['example_sensor_decorator']) retrieved from /home/frederic/airflow_venv/lib/python3.10/site-packages/airflow/example_dags/example_sensor_decorator.py
[2026-05-29T02:02:05.599+0200] {logging_mixin.py:151} INFO - [2026-05-29T02:02:05.599+0200] {dag.py:2915} INFO - Sync 1 DAGs
[2026-05-29T02:02:05.608+0200] {logging_mixin.py:151} INFO - [2026-05-29T02:02:05.607+0200] {dag.py:3696} INFO - Setting next_dagrun for example_sensor_decorator to None, run_after=None
[2026-05-29T02:02:05.622+0200] {processor.py:179} INFO - Processing /home/frederic/airflow_venv/lib/python3.10/site-packages/airflow/example_dags/example_sensor_decorator.py took 0.047 seconds
[2026-05-29T02:02:48.058+0200] {processor.py:157} INFO - Started process (PID=638087) to work on /home/frederic/airflow_venv/lib/python3.10/site-packages/airflow/example_dags/example_sensor_decorator.py
[2026-05-29T02:02:48.059+0200] {processor.py:829} INFO - Processing file /home/frederic/airflow_venv/lib/python3.10/site-packages/airflow/example_dags/example_sensor_decorator.py for tasks to queue
[2026-05-29T02:02:48.059+0200] {logging_mixin.py:151} INFO - [2026-05-29T02:02:48.059+0200] {dagbag.py:539} INFO - Filling up the DagBag from /home/frederic/airflow_venv/lib/python3.10/site-packages/airflow/example_dags/example_sensor_decorator.py
[2026-05-29T02:02:48.065+0200] {processor.py:839} INFO - DAG(s) dict_keys(['example_sensor_decorator']) retrieved from /home/frederic/airflow_venv/lib/python3.10/site-packages/airflow/example_dags/example_sensor_decorator.py
[2026-05-29T02:02:48.079+0200] {logging_mixin.py:151} INFO - [2026-05-29T02:02:48.078+0200] {dag.py:2915} INFO - Sync 1 DAGs
[2026-05-29T02:02:48.090+0200] {logging_mixin.py:151} INFO - [2026-05-29T02:02:48.090+0200] {dag.py:3696} INFO - Setting next_dagrun for example_sensor_decorator to None, run_after=None
[2026-05-29T02:02:48.105+0200] {processor.py:179} INFO - Processing /home/frederic/airflow_venv/lib/python3.10/site-packages/airflow/example_dags/example_sensor_decorator.py took 0.050 seconds
[2026-05-29T02:02:56.923+0200] {processor.py:157} INFO - Started process (PID=638250) to work on /home/frederic/airflow_venv/lib/python3.10/site-packages/airflow/example_dags/example_sensor_decorator.py
[2026-05-29T02:02:56.924+0200] {processor.py:829} INFO - Processing file /home/frederic/airflow_venv/lib/python3.10/site-packages/airflow/example_dags/example_sensor_decorator.py for tasks to queue
[2026-05-29T02:02:56.924+0200] {logging_mixin.py:151} INFO - [2026-05-29T02:02:56.924+0200] {dagbag.py:539} INFO - Filling up the DagBag from /home/frederic/airflow_venv/lib/python3.10/site-packages/airflow/example_dags/example_sensor_decorator.py
[2026-05-29T02:02:56.929+0200] {processor.py:839} INFO - DAG(s) dict_keys(['example_sensor_decorator']) retrieved from /home/frederic/airflow_venv/lib/python3.10/site-packages/airflow/example_dags/example_sensor_decorator.py
[2026-05-29T02:02:56.941+0200] {logging_mixin.py:151} INFO - [2026-05-29T02:02:56.941+0200] {dag.py:2915} INFO - Sync 1 DAGs
[2026-05-29T02:02:56.952+0200] {logging_mixin.py:151} INFO - [2026-05-29T02:02:56.952+0200] {dag.py:3696} INFO - Setting next_dagrun for example_sensor_decorator to None, run_after=None
[2026-05-29T02:02:56.970+0200] {processor.py:179} INFO - Processing /home/frederic/airflow_venv/lib/python3.10/site-packages/airflow/example_dags/example_sensor_decorator.py took 0.050 seconds
[2026-05-29T02:03:36.567+0200] {processor.py:157} INFO - Started process (PID=639477) to work on /home/frederic/airflow_venv/lib/python3.10/site-packages/airflow/example_dags/example_sensor_decorator.py
[2026-05-29T02:03:36.568+0200] {processor.py:829} INFO - Processing file /home/frederic/airflow_venv/lib/python3.10/site-packages/airflow/example_dags/example_sensor_decorator.py for tasks to queue
[2026-05-29T02:03:36.569+0200] {logging_mixin.py:151} INFO - [2026-05-29T02:03:36.569+0200] {dagbag.py:539} INFO - Filling up the DagBag from /home/frederic/airflow_venv/lib/python3.10/site-packages/airflow/example_dags/example_sensor_decorator.py
[2026-05-29T02:03:36.575+0200] {processor.py:839} INFO - DAG(s) dict_keys(['example_sensor_decorator']) retrieved from /home/frederic/airflow_venv/lib/python3.10/site-packages/airflow/example_dags/example_sensor_decorator.py
[2026-05-29T02:03:36.589+0200] {logging_mixin.py:151} INFO - [2026-05-29T02:03:36.589+0200] {dag.py:2915} INFO - Sync 1 DAGs
[2026-05-29T02:03:36.600+0200] {logging_mixin.py:151} INFO - [2026-05-29T02:03:36.600+0200] {dag.py:3696} INFO - Setting next_dagrun for example_sensor_decorator to None, run_after=None
[2026-05-29T02:03:36.617+0200] {processor.py:179} INFO - Processing /home/frederic/airflow_venv/lib/python3.10/site-packages/airflow/example_dags/example_sensor_decorator.py took 0.052 seconds
[2026-05-29T02:03:43.480+0200] {processor.py:157} INFO - Started process (PID=639700) to work on /home/frederic/airflow_venv/lib/python3.10/site-packages/airflow/example_dags/example_sensor_decorator.py
[2026-05-29T02:03:43.481+0200] {processor.py:829} INFO - Processing file /home/frederic/airflow_venv/lib/python3.10/site-packages/airflow/example_dags/example_sensor_decorator.py for tasks to queue
[2026-05-29T02:03:43.481+0200] {logging_mixin.py:151} INFO - [2026-05-29T02:03:43.481+0200] {dagbag.py:539} INFO - Filling up the DagBag from /home/frederic/airflow_venv/lib/python3.10/site-packages/airflow/example_dags/example_sensor_decorator.py
[2026-05-29T02:03:43.486+0200] {processor.py:839} INFO - DAG(s) dict_keys(['example_sensor_decorator']) retrieved from /home/frederic/airflow_venv/lib/python3.10/site-packages/airflow/example_dags/example_sensor_decorator.py
[2026-05-29T02:03:43.498+0200] {logging_mixin.py:151} INFO - [2026-05-29T02:03:43.498+0200] {dag.py:2915} INFO - Sync 1 DAGs
[2026-05-29T02:03:43.508+0200] {logging_mixin.py:151} INFO - [2026-05-29T02:03:43.507+0200] {dag.py:3696} INFO - Setting next_dagrun for example_sensor_decorator to None, run_after=None
[2026-05-29T02:03:43.524+0200] {processor.py:179} INFO - Processing /home/frederic/airflow_venv/lib/python3.10/site-packages/airflow/example_dags/example_sensor_decorator.py took 0.046 seconds
[2026-05-29T09:58:20.373+0200] {processor.py:157} INFO - Started process (PID=681837) to work on /home/frederic/airflow_venv/lib/python3.10/site-packages/airflow/example_dags/example_sensor_decorator.py
[2026-05-29T09:58:20.374+0200] {processor.py:829} INFO - Processing file /home/frederic/airflow_venv/lib/python3.10/site-packages/airflow/example_dags/example_sensor_decorator.py for tasks to queue
[2026-05-29T09:58:20.374+0200] {logging_mixin.py:151} INFO - [2026-05-29T09:58:20.374+0200] {dagbag.py:539} INFO - Filling up the DagBag from /home/frederic/airflow_venv/lib/python3.10/site-packages/airflow/example_dags/example_sensor_decorator.py
[2026-05-29T09:58:20.379+0200] {processor.py:839} INFO - DAG(s) dict_keys(['example_sensor_decorator']) retrieved from /home/frederic/airflow_venv/lib/python3.10/site-packages/airflow/example_dags/example_sensor_decorator.py
[2026-05-29T09:58:20.385+0200] {logging_mixin.py:151} INFO - [2026-05-29T09:58:20.384+0200] {dag.py:2915} INFO - Sync 1 DAGs
[2026-05-29T09:58:20.397+0200] {logging_mixin.py:151} INFO - [2026-05-29T09:58:20.396+0200] {dag.py:3696} INFO - Setting next_dagrun for example_sensor_decorator to None, run_after=None
[2026-05-29T09:58:20.412+0200] {processor.py:179} INFO - Processing /home/frederic/airflow_venv/lib/python3.10/site-packages/airflow/example_dags/example_sensor_decorator.py took 0.042 seconds
[2026-05-29T09:59:10.926+0200] {processor.py:157} INFO - Started process (PID=683389) to work on /home/frederic/airflow_venv/lib/python3.10/site-packages/airflow/example_dags/example_sensor_decorator.py
[2026-05-29T09:59:10.927+0200] {processor.py:829} INFO - Processing file /home/frederic/airflow_venv/lib/python3.10/site-packages/airflow/example_dags/example_sensor_decorator.py for tasks to queue
[2026-05-29T09:59:10.927+0200] {logging_mixin.py:151} INFO - [2026-05-29T09:59:10.927+0200] {dagbag.py:539} INFO - Filling up the DagBag from /home/frederic/airflow_venv/lib/python3.10/site-packages/airflow/example_dags/example_sensor_decorator.py
[2026-05-29T09:59:10.935+0200] {processor.py:839} INFO - DAG(s) dict_keys(['example_sensor_decorator']) retrieved from /home/frederic/airflow_venv/lib/python3.10/site-packages/airflow/example_dags/example_sensor_decorator.py
[2026-05-29T09:59:10.952+0200] {logging_mixin.py:151} INFO - [2026-05-29T09:59:10.952+0200] {dag.py:2915} INFO - Sync 1 DAGs
[2026-05-29T09:59:10.965+0200] {logging_mixin.py:151} INFO - [2026-05-29T09:59:10.965+0200] {dag.py:3696} INFO - Setting next_dagrun for example_sensor_decorator to None, run_after=None
[2026-05-29T09:59:10.987+0200] {processor.py:179} INFO - Processing /home/frederic/airflow_venv/lib/python3.10/site-packages/airflow/example_dags/example_sensor_decorator.py took 0.064 seconds
[2026-05-29T09:59:57.772+0200] {processor.py:157} INFO - Started process (PID=683923) to work on /home/frederic/airflow_venv/lib/python3.10/site-packages/airflow/example_dags/example_sensor_decorator.py
[2026-05-29T09:59:57.775+0200] {processor.py:829} INFO - Processing file /home/frederic/airflow_venv/lib/python3.10/site-packages/airflow/example_dags/example_sensor_decorator.py for tasks to queue
[2026-05-29T09:59:57.776+0200] {logging_mixin.py:151} INFO - [2026-05-29T09:59:57.776+0200] {dagbag.py:539} INFO - Filling up the DagBag from /home/frederic/airflow_venv/lib/python3.10/site-packages/airflow/example_dags/example_sensor_decorator.py
[2026-05-29T09:59:57.781+0200] {processor.py:839} INFO - DAG(s) dict_keys(['example_sensor_decorator']) retrieved from /home/frederic/airflow_venv/lib/python3.10/site-packages/airflow/example_dags/example_sensor_decorator.py
[2026-05-29T09:59:57.794+0200] {logging_mixin.py:151} INFO - [2026-05-29T09:59:57.794+0200] {dag.py:2915} INFO - Sync 1 DAGs
[2026-05-29T09:59:57.805+0200] {logging_mixin.py:151} INFO - [2026-05-29T09:59:57.805+0200] {dag.py:3696} INFO - Setting next_dagrun for example_sensor_decorator to None, run_after=None
[2026-05-29T09:59:57.821+0200] {processor.py:179} INFO - Processing /home/frederic/airflow_venv/lib/python3.10/site-packages/airflow/example_dags/example_sensor_decorator.py took 0.052 seconds
[2026-05-29T10:00:49.185+0200] {processor.py:157} INFO - Started process (PID=684877) to work on /home/frederic/airflow_venv/lib/python3.10/site-packages/airflow/example_dags/example_sensor_decorator.py
[2026-05-29T10:00:49.186+0200] {processor.py:829} INFO - Processing file /home/frederic/airflow_venv/lib/python3.10/site-packages/airflow/example_dags/example_sensor_decorator.py for tasks to queue
[2026-05-29T10:00:49.187+0200] {logging_mixin.py:151} INFO - [2026-05-29T10:00:49.186+0200] {dagbag.py:539} INFO - Filling up the DagBag from /home/frederic/airflow_venv/lib/python3.10/site-packages/airflow/example_dags/example_sensor_decorator.py
[2026-05-29T10:00:49.193+0200] {processor.py:839} INFO - DAG(s) dict_keys(['example_sensor_decorator']) retrieved from /home/frederic/airflow_venv/lib/python3.10/site-packages/airflow/example_dags/example_sensor_decorator.py
[2026-05-29T10:00:49.211+0200] {logging_mixin.py:151} INFO - [2026-05-29T10:00:49.210+0200] {dag.py:2915} INFO - Sync 1 DAGs
[2026-05-29T10:00:49.221+0200] {logging_mixin.py:151} INFO - [2026-05-29T10:00:49.221+0200] {dag.py:3696} INFO - Setting next_dagrun for example_sensor_decorator to None, run_after=None
[2026-05-29T10:00:49.240+0200] {processor.py:179} INFO - Processing /home/frederic/airflow_venv/lib/python3.10/site-packages/airflow/example_dags/example_sensor_decorator.py took 0.058 seconds
[2026-05-29T10:01:36.982+0200] {processor.py:157} INFO - Started process (PID=685518) to work on /home/frederic/airflow_venv/lib/python3.10/site-packages/airflow/example_dags/example_sensor_decorator.py
[2026-05-29T10:01:36.983+0200] {processor.py:829} INFO - Processing file /home/frederic/airflow_venv/lib/python3.10/site-packages/airflow/example_dags/example_sensor_decorator.py for tasks to queue
[2026-05-29T10:01:36.984+0200] {logging_mixin.py:151} INFO - [2026-05-29T10:01:36.983+0200] {dagbag.py:539} INFO - Filling up the DagBag from /home/frederic/airflow_venv/lib/python3.10/site-packages/airflow/example_dags/example_sensor_decorator.py
[2026-05-29T10:01:36.990+0200] {processor.py:839} INFO - DAG(s) dict_keys(['example_sensor_decorator']) retrieved from /home/frederic/airflow_venv/lib/python3.10/site-packages/airflow/example_dags/example_sensor_decorator.py
[2026-05-29T10:01:37.006+0200] {logging_mixin.py:151} INFO - [2026-05-29T10:01:37.006+0200] {dag.py:2915} INFO - Sync 1 DAGs
[2026-05-29T10:01:37.017+0200] {logging_mixin.py:151} INFO - [2026-05-29T10:01:37.017+0200] {dag.py:3696} INFO - Setting next_dagrun for example_sensor_decorator to None, run_after=None
[2026-05-29T10:01:37.037+0200] {processor.py:179} INFO - Processing /home/frederic/airflow_venv/lib/python3.10/site-packages/airflow/example_dags/example_sensor_decorator.py took 0.058 seconds
[2026-05-29T10:02:24.756+0200] {processor.py:157} INFO - Started process (PID=686134) to work on /home/frederic/airflow_venv/lib/python3.10/site-packages/airflow/example_dags/example_sensor_decorator.py
[2026-05-29T10:02:24.757+0200] {processor.py:829} INFO - Processing file /home/frederic/airflow_venv/lib/python3.10/site-packages/airflow/example_dags/example_sensor_decorator.py for tasks to queue
[2026-05-29T10:02:24.758+0200] {logging_mixin.py:151} INFO - [2026-05-29T10:02:24.757+0200] {dagbag.py:539} INFO - Filling up the DagBag from /home/frederic/airflow_venv/lib/python3.10/site-packages/airflow/example_dags/example_sensor_decorator.py
[2026-05-29T10:02:24.763+0200] {processor.py:839} INFO - DAG(s) dict_keys(['example_sensor_decorator']) retrieved from /home/frederic/airflow_venv/lib/python3.10/site-packages/airflow/example_dags/example_sensor_decorator.py
[2026-05-29T10:02:24.777+0200] {logging_mixin.py:151} INFO - [2026-05-29T10:02:24.777+0200] {dag.py:2915} INFO - Sync 1 DAGs
[2026-05-29T10:02:24.788+0200] {logging_mixin.py:151} INFO - [2026-05-29T10:02:24.788+0200] {dag.py:3696} INFO - Setting next_dagrun for example_sensor_decorator to None, run_after=None
[2026-05-29T10:02:24.806+0200] {processor.py:179} INFO - Processing /home/frederic/airflow_venv/lib/python3.10/site-packages/airflow/example_dags/example_sensor_decorator.py took 0.053 seconds
[2026-05-29T10:03:11.065+0200] {processor.py:157} INFO - Started process (PID=686581) to work on /home/frederic/airflow_venv/lib/python3.10/site-packages/airflow/example_dags/example_sensor_decorator.py
[2026-05-29T10:03:11.069+0200] {processor.py:829} INFO - Processing file /home/frederic/airflow_venv/lib/python3.10/site-packages/airflow/example_dags/example_sensor_decorator.py for tasks to queue
[2026-05-29T10:03:11.070+0200] {logging_mixin.py:151} INFO - [2026-05-29T10:03:11.069+0200] {dagbag.py:539} INFO - Filling up the DagBag from /home/frederic/airflow_venv/lib/python3.10/site-packages/airflow/example_dags/example_sensor_decorator.py
[2026-05-29T10:03:11.075+0200] {processor.py:839} INFO - DAG(s) dict_keys(['example_sensor_decorator']) retrieved from /home/frederic/airflow_venv/lib/python3.10/site-packages/airflow/example_dags/example_sensor_decorator.py
[2026-05-29T10:03:11.089+0200] {logging_mixin.py:151} INFO - [2026-05-29T10:03:11.089+0200] {dag.py:2915} INFO - Sync 1 DAGs
[2026-05-29T10:03:11.100+0200] {logging_mixin.py:151} INFO - [2026-05-29T10:03:11.100+0200] {dag.py:3696} INFO - Setting next_dagrun for example_sensor_decorator to None, run_after=None
[2026-05-29T10:03:11.117+0200] {processor.py:179} INFO - Processing /home/frederic/airflow_venv/lib/python3.10/site-packages/airflow/example_dags/example_sensor_decorator.py took 0.055 seconds
[2026-05-29T10:03:59.106+0200] {processor.py:157} INFO - Started process (PID=687548) to work on /home/frederic/airflow_venv/lib/python3.10/site-packages/airflow/example_dags/example_sensor_decorator.py
[2026-05-29T10:03:59.110+0200] {processor.py:829} INFO - Processing file /home/frederic/airflow_venv/lib/python3.10/site-packages/airflow/example_dags/example_sensor_decorator.py for tasks to queue
[2026-05-29T10:03:59.111+0200] {logging_mixin.py:151} INFO - [2026-05-29T10:03:59.111+0200] {dagbag.py:539} INFO - Filling up the DagBag from /home/frederic/airflow_venv/lib/python3.10/site-packages/airflow/example_dags/example_sensor_decorator.py
[2026-05-29T10:03:59.117+0200] {processor.py:839} INFO - DAG(s) dict_keys(['example_sensor_decorator']) retrieved from /home/frederic/airflow_venv/lib/python3.10/site-packages/airflow/example_dags/example_sensor_decorator.py
[2026-05-29T10:03:59.132+0200] {logging_mixin.py:151} INFO - [2026-05-29T10:03:59.132+0200] {dag.py:2915} INFO - Sync 1 DAGs
[2026-05-29T10:03:59.144+0200] {logging_mixin.py:151} INFO - [2026-05-29T10:03:59.144+0200] {dag.py:3696} INFO - Setting next_dagrun for example_sensor_decorator to None, run_after=None
[2026-05-29T10:03:59.164+0200] {processor.py:179} INFO - Processing /home/frederic/airflow_venv/lib/python3.10/site-packages/airflow/example_dags/example_sensor_decorator.py took 0.060 seconds
[2026-05-29T10:04:48.760+0200] {processor.py:157} INFO - Started process (PID=688512) to work on /home/frederic/airflow_venv/lib/python3.10/site-packages/airflow/example_dags/example_sensor_decorator.py
[2026-05-29T10:04:48.761+0200] {processor.py:829} INFO - Processing file /home/frederic/airflow_venv/lib/python3.10/site-packages/airflow/example_dags/example_sensor_decorator.py for tasks to queue
[2026-05-29T10:04:48.761+0200] {logging_mixin.py:151} INFO - [2026-05-29T10:04:48.761+0200] {dagbag.py:539} INFO - Filling up the DagBag from /home/frederic/airflow_venv/lib/python3.10/site-packages/airflow/example_dags/example_sensor_decorator.py
[2026-05-29T10:04:48.767+0200] {processor.py:839} INFO - DAG(s) dict_keys(['example_sensor_decorator']) retrieved from /home/frederic/airflow_venv/lib/python3.10/site-packages/airflow/example_dags/example_sensor_decorator.py
[2026-05-29T10:04:48.782+0200] {logging_mixin.py:151} INFO - [2026-05-29T10:04:48.782+0200] {dag.py:2915} INFO - Sync 1 DAGs
[2026-05-29T10:04:48.792+0200] {logging_mixin.py:151} INFO - [2026-05-29T10:04:48.792+0200] {dag.py:3696} INFO - Setting next_dagrun for example_sensor_decorator to None, run_after=None
[2026-05-29T10:04:48.810+0200] {processor.py:179} INFO - Processing /home/frederic/airflow_venv/lib/python3.10/site-packages/airflow/example_dags/example_sensor_decorator.py took 0.054 seconds
[2026-05-29T10:05:34.849+0200] {processor.py:157} INFO - Started process (PID=689619) to work on /home/frederic/airflow_venv/lib/python3.10/site-packages/airflow/example_dags/example_sensor_decorator.py
[2026-05-29T10:05:34.850+0200] {processor.py:829} INFO - Processing file /home/frederic/airflow_venv/lib/python3.10/site-packages/airflow/example_dags/example_sensor_decorator.py for tasks to queue
[2026-05-29T10:05:34.850+0200] {logging_mixin.py:151} INFO - [2026-05-29T10:05:34.850+0200] {dagbag.py:539} INFO - Filling up the DagBag from /home/frederic/airflow_venv/lib/python3.10/site-packages/airflow/example_dags/example_sensor_decorator.py
[2026-05-29T10:05:34.857+0200] {processor.py:839} INFO - DAG(s) dict_keys(['example_sensor_decorator']) retrieved from /home/frederic/airflow_venv/lib/python3.10/site-packages/airflow/example_dags/example_sensor_decorator.py
[2026-05-29T10:05:34.874+0200] {logging_mixin.py:151} INFO - [2026-05-29T10:05:34.873+0200] {dag.py:2915} INFO - Sync 1 DAGs
[2026-05-29T10:05:34.887+0200] {logging_mixin.py:151} INFO - [2026-05-29T10:05:34.887+0200] {dag.py:3696} INFO - Setting next_dagrun for example_sensor_decorator to None, run_after=None
[2026-05-29T10:05:34.906+0200] {processor.py:179} INFO - Processing /home/frederic/airflow_venv/lib/python3.10/site-packages/airflow/example_dags/example_sensor_decorator.py took 0.061 seconds
[2026-05-29T10:06:22.551+0200] {processor.py:157} INFO - Started process (PID=690200) to work on /home/frederic/airflow_venv/lib/python3.10/site-packages/airflow/example_dags/example_sensor_decorator.py
[2026-05-29T10:06:22.552+0200] {processor.py:829} INFO - Processing file /home/frederic/airflow_venv/lib/python3.10/site-packages/airflow/example_dags/example_sensor_decorator.py for tasks to queue
[2026-05-29T10:06:22.552+0200] {logging_mixin.py:151} INFO - [2026-05-29T10:06:22.552+0200] {dagbag.py:539} INFO - Filling up the DagBag from /home/frederic/airflow_venv/lib/python3.10/site-packages/airflow/example_dags/example_sensor_decorator.py
[2026-05-29T10:06:22.559+0200] {processor.py:839} INFO - DAG(s) dict_keys(['example_sensor_decorator']) retrieved from /home/frederic/airflow_venv/lib/python3.10/site-packages/airflow/example_dags/example_sensor_decorator.py
[2026-05-29T10:06:22.573+0200] {logging_mixin.py:151} INFO - [2026-05-29T10:06:22.573+0200] {dag.py:2915} INFO - Sync 1 DAGs
[2026-05-29T10:06:22.583+0200] {logging_mixin.py:151} INFO - [2026-05-29T10:06:22.583+0200] {dag.py:3696} INFO - Setting next_dagrun for example_sensor_decorator to None, run_after=None
[2026-05-29T10:06:22.602+0200] {processor.py:179} INFO - Processing /home/frederic/airflow_venv/lib/python3.10/site-packages/airflow/example_dags/example_sensor_decorator.py took 0.053 seconds
[2026-05-29T10:07:16.101+0200] {processor.py:157} INFO - Started process (PID=690917) to work on /home/frederic/airflow_venv/lib/python3.10/site-packages/airflow/example_dags/example_sensor_decorator.py
[2026-05-29T10:07:16.103+0200] {processor.py:829} INFO - Processing file /home/frederic/airflow_venv/lib/python3.10/site-packages/airflow/example_dags/example_sensor_decorator.py for tasks to queue
[2026-05-29T10:07:16.104+0200] {logging_mixin.py:151} INFO - [2026-05-29T10:07:16.103+0200] {dagbag.py:539} INFO - Filling up the DagBag from /home/frederic/airflow_venv/lib/python3.10/site-packages/airflow/example_dags/example_sensor_decorator.py
[2026-05-29T10:07:16.108+0200] {processor.py:839} INFO - DAG(s) dict_keys(['example_sensor_decorator']) retrieved from /home/frederic/airflow_venv/lib/python3.10/site-packages/airflow/example_dags/example_sensor_decorator.py
[2026-05-29T10:07:16.127+0200] {logging_mixin.py:151} INFO - [2026-05-29T10:07:16.126+0200] {dag.py:2915} INFO - Sync 1 DAGs
[2026-05-29T10:07:16.140+0200] {logging_mixin.py:151} INFO - [2026-05-29T10:07:16.140+0200] {dag.py:3696} INFO - Setting next_dagrun for example_sensor_decorator to None, run_after=None
[2026-05-29T10:07:16.160+0200] {processor.py:179} INFO - Processing /home/frederic/airflow_venv/lib/python3.10/site-packages/airflow/example_dags/example_sensor_decorator.py took 0.064 seconds
[2026-05-29T10:08:07.811+0200] {processor.py:157} INFO - Started process (PID=691564) to work on /home/frederic/airflow_venv/lib/python3.10/site-packages/airflow/example_dags/example_sensor_decorator.py
[2026-05-29T10:08:07.813+0200] {processor.py:829} INFO - Processing file /home/frederic/airflow_venv/lib/python3.10/site-packages/airflow/example_dags/example_sensor_decorator.py for tasks to queue
[2026-05-29T10:08:07.814+0200] {logging_mixin.py:151} INFO - [2026-05-29T10:08:07.814+0200] {dagbag.py:539} INFO - Filling up the DagBag from /home/frederic/airflow_venv/lib/python3.10/site-packages/airflow/example_dags/example_sensor_decorator.py
[2026-05-29T10:08:07.820+0200] {processor.py:839} INFO - DAG(s) dict_keys(['example_sensor_decorator']) retrieved from /home/frederic/airflow_venv/lib/python3.10/site-packages/airflow/example_dags/example_sensor_decorator.py
[2026-05-29T10:08:07.836+0200] {logging_mixin.py:151} INFO - [2026-05-29T10:08:07.835+0200] {dag.py:2915} INFO - Sync 1 DAGs
[2026-05-29T10:08:07.848+0200] {logging_mixin.py:151} INFO - [2026-05-29T10:08:07.847+0200] {dag.py:3696} INFO - Setting next_dagrun for example_sensor_decorator to None, run_after=None
[2026-05-29T10:08:07.864+0200] {processor.py:179} INFO - Processing /home/frederic/airflow_venv/lib/python3.10/site-packages/airflow/example_dags/example_sensor_decorator.py took 0.055 seconds
[2026-05-29T10:08:55.341+0200] {processor.py:157} INFO - Started process (PID=692117) to work on /home/frederic/airflow_venv/lib/python3.10/site-packages/airflow/example_dags/example_sensor_decorator.py
[2026-05-29T10:08:55.343+0200] {processor.py:829} INFO - Processing file /home/frederic/airflow_venv/lib/python3.10/site-packages/airflow/example_dags/example_sensor_decorator.py for tasks to queue
[2026-05-29T10:08:55.343+0200] {logging_mixin.py:151} INFO - [2026-05-29T10:08:55.343+0200] {dagbag.py:539} INFO - Filling up the DagBag from /home/frederic/airflow_venv/lib/python3.10/site-packages/airflow/example_dags/example_sensor_decorator.py
[2026-05-29T10:08:55.348+0200] {processor.py:839} INFO - DAG(s) dict_keys(['example_sensor_decorator']) retrieved from /home/frederic/airflow_venv/lib/python3.10/site-packages/airflow/example_dags/example_sensor_decorator.py
[2026-05-29T10:08:55.362+0200] {logging_mixin.py:151} INFO - [2026-05-29T10:08:55.361+0200] {dag.py:2915} INFO - Sync 1 DAGs
[2026-05-29T10:08:55.374+0200] {logging_mixin.py:151} INFO - [2026-05-29T10:08:55.374+0200] {dag.py:3696} INFO - Setting next_dagrun for example_sensor_decorator to None, run_after=None
[2026-05-29T10:08:55.391+0200] {processor.py:179} INFO - Processing /home/frederic/airflow_venv/lib/python3.10/site-packages/airflow/example_dags/example_sensor_decorator.py took 0.052 seconds
[2026-05-29T10:09:41.323+0200] {processor.py:157} INFO - Started process (PID=692597) to work on /home/frederic/airflow_venv/lib/python3.10/site-packages/airflow/example_dags/example_sensor_decorator.py
[2026-05-29T10:09:41.324+0200] {processor.py:829} INFO - Processing file /home/frederic/airflow_venv/lib/python3.10/site-packages/airflow/example_dags/example_sensor_decorator.py for tasks to queue
[2026-05-29T10:09:41.325+0200] {logging_mixin.py:151} INFO - [2026-05-29T10:09:41.325+0200] {dagbag.py:539} INFO - Filling up the DagBag from /home/frederic/airflow_venv/lib/python3.10/site-packages/airflow/example_dags/example_sensor_decorator.py
[2026-05-29T10:09:41.331+0200] {processor.py:839} INFO - DAG(s) dict_keys(['example_sensor_decorator']) retrieved from /home/frederic/airflow_venv/lib/python3.10/site-packages/airflow/example_dags/example_sensor_decorator.py
[2026-05-29T10:09:41.346+0200] {logging_mixin.py:151} INFO - [2026-05-29T10:09:41.345+0200] {dag.py:2915} INFO - Sync 1 DAGs
[2026-05-29T10:09:41.358+0200] {logging_mixin.py:151} INFO - [2026-05-29T10:09:41.358+0200] {dag.py:3696} INFO - Setting next_dagrun for example_sensor_decorator to None, run_after=None
[2026-05-29T10:09:41.376+0200] {processor.py:179} INFO - Processing /home/frederic/airflow_venv/lib/python3.10/site-packages/airflow/example_dags/example_sensor_decorator.py took 0.055 seconds
[2026-05-29T10:10:28.563+0200] {processor.py:157} INFO - Started process (PID=693317) to work on /home/frederic/airflow_venv/lib/python3.10/site-packages/airflow/example_dags/example_sensor_decorator.py
[2026-05-29T10:10:28.566+0200] {processor.py:829} INFO - Processing file /home/frederic/airflow_venv/lib/python3.10/site-packages/airflow/example_dags/example_sensor_decorator.py for tasks to queue
[2026-05-29T10:10:28.568+0200] {logging_mixin.py:151} INFO - [2026-05-29T10:10:28.567+0200] {dagbag.py:539} INFO - Filling up the DagBag from /home/frederic/airflow_venv/lib/python3.10/site-packages/airflow/example_dags/example_sensor_decorator.py
[2026-05-29T10:10:28.573+0200] {processor.py:839} INFO - DAG(s) dict_keys(['example_sensor_decorator']) retrieved from /home/frederic/airflow_venv/lib/python3.10/site-packages/airflow/example_dags/example_sensor_decorator.py
[2026-05-29T10:10:28.593+0200] {logging_mixin.py:151} INFO - [2026-05-29T10:10:28.592+0200] {dag.py:2915} INFO - Sync 1 DAGs
[2026-05-29T10:10:28.604+0200] {logging_mixin.py:151} INFO - [2026-05-29T10:10:28.604+0200] {dag.py:3696} INFO - Setting next_dagrun for example_sensor_decorator to None, run_after=None
[2026-05-29T10:10:28.627+0200] {processor.py:179} INFO - Processing /home/frederic/airflow_venv/lib/python3.10/site-packages/airflow/example_dags/example_sensor_decorator.py took 0.066 seconds
[2026-05-29T10:11:19.262+0200] {processor.py:157} INFO - Started process (PID=694320) to work on /home/frederic/airflow_venv/lib/python3.10/site-packages/airflow/example_dags/example_sensor_decorator.py
[2026-05-29T10:11:19.263+0200] {processor.py:829} INFO - Processing file /home/frederic/airflow_venv/lib/python3.10/site-packages/airflow/example_dags/example_sensor_decorator.py for tasks to queue
[2026-05-29T10:11:19.264+0200] {logging_mixin.py:151} INFO - [2026-05-29T10:11:19.263+0200] {dagbag.py:539} INFO - Filling up the DagBag from /home/frederic/airflow_venv/lib/python3.10/site-packages/airflow/example_dags/example_sensor_decorator.py
[2026-05-29T10:11:19.269+0200] {processor.py:839} INFO - DAG(s) dict_keys(['example_sensor_decorator']) retrieved from /home/frederic/airflow_venv/lib/python3.10/site-packages/airflow/example_dags/example_sensor_decorator.py
[2026-05-29T10:11:19.282+0200] {logging_mixin.py:151} INFO - [2026-05-29T10:11:19.282+0200] {dag.py:2915} INFO - Sync 1 DAGs
[2026-05-29T10:11:19.292+0200] {logging_mixin.py:151} INFO - [2026-05-29T10:11:19.292+0200] {dag.py:3696} INFO - Setting next_dagrun for example_sensor_decorator to None, run_after=None
[2026-05-29T10:11:19.309+0200] {processor.py:179} INFO - Processing /home/frederic/airflow_venv/lib/python3.10/site-packages/airflow/example_dags/example_sensor_decorator.py took 0.049 seconds
[2026-05-29T10:12:07.655+0200] {processor.py:157} INFO - Started process (PID=695315) to work on /home/frederic/airflow_venv/lib/python3.10/site-packages/airflow/example_dags/example_sensor_decorator.py
[2026-05-29T10:12:07.655+0200] {processor.py:829} INFO - Processing file /home/frederic/airflow_venv/lib/python3.10/site-packages/airflow/example_dags/example_sensor_decorator.py for tasks to queue
[2026-05-29T10:12:07.656+0200] {logging_mixin.py:151} INFO - [2026-05-29T10:12:07.656+0200] {dagbag.py:539} INFO - Filling up the DagBag from /home/frederic/airflow_venv/lib/python3.10/site-packages/airflow/example_dags/example_sensor_decorator.py
[2026-05-29T10:12:07.660+0200] {processor.py:839} INFO - DAG(s) dict_keys(['example_sensor_decorator']) retrieved from /home/frederic/airflow_venv/lib/python3.10/site-packages/airflow/example_dags/example_sensor_decorator.py
[2026-05-29T10:12:07.672+0200] {logging_mixin.py:151} INFO - [2026-05-29T10:12:07.672+0200] {dag.py:2915} INFO - Sync 1 DAGs
[2026-05-29T10:12:07.681+0200] {logging_mixin.py:151} INFO - [2026-05-29T10:12:07.681+0200] {dag.py:3696} INFO - Setting next_dagrun for example_sensor_decorator to None, run_after=None
[2026-05-29T10:12:07.695+0200] {processor.py:179} INFO - Processing /home/frederic/airflow_venv/lib/python3.10/site-packages/airflow/example_dags/example_sensor_decorator.py took 0.043 seconds
[2026-05-29T10:12:50.472+0200] {processor.py:157} INFO - Started process (PID=695723) to work on /home/frederic/airflow_venv/lib/python3.10/site-packages/airflow/example_dags/example_sensor_decorator.py
[2026-05-29T10:12:50.474+0200] {processor.py:829} INFO - Processing file /home/frederic/airflow_venv/lib/python3.10/site-packages/airflow/example_dags/example_sensor_decorator.py for tasks to queue
[2026-05-29T10:12:50.476+0200] {logging_mixin.py:151} INFO - [2026-05-29T10:12:50.475+0200] {dagbag.py:539} INFO - Filling up the DagBag from /home/frederic/airflow_venv/lib/python3.10/site-packages/airflow/example_dags/example_sensor_decorator.py
[2026-05-29T10:12:50.482+0200] {processor.py:839} INFO - DAG(s) dict_keys(['example_sensor_decorator']) retrieved from /home/frederic/airflow_venv/lib/python3.10/site-packages/airflow/example_dags/example_sensor_decorator.py
[2026-05-29T10:12:50.496+0200] {logging_mixin.py:151} INFO - [2026-05-29T10:12:50.495+0200] {dag.py:2915} INFO - Sync 1 DAGs
[2026-05-29T10:12:50.506+0200] {logging_mixin.py:151} INFO - [2026-05-29T10:12:50.506+0200] {dag.py:3696} INFO - Setting next_dagrun for example_sensor_decorator to None, run_after=None
[2026-05-29T10:12:50.526+0200] {processor.py:179} INFO - Processing /home/frederic/airflow_venv/lib/python3.10/site-packages/airflow/example_dags/example_sensor_decorator.py took 0.058 seconds
[2026-05-29T10:13:39.575+0200] {processor.py:157} INFO - Started process (PID=696277) to work on /home/frederic/airflow_venv/lib/python3.10/site-packages/airflow/example_dags/example_sensor_decorator.py
[2026-05-29T10:13:39.576+0200] {processor.py:829} INFO - Processing file /home/frederic/airflow_venv/lib/python3.10/site-packages/airflow/example_dags/example_sensor_decorator.py for tasks to queue
[2026-05-29T10:13:39.577+0200] {logging_mixin.py:151} INFO - [2026-05-29T10:13:39.576+0200] {dagbag.py:539} INFO - Filling up the DagBag from /home/frederic/airflow_venv/lib/python3.10/site-packages/airflow/example_dags/example_sensor_decorator.py
[2026-05-29T10:13:39.581+0200] {processor.py:839} INFO - DAG(s) dict_keys(['example_sensor_decorator']) retrieved from /home/frederic/airflow_venv/lib/python3.10/site-packages/airflow/example_dags/example_sensor_decorator.py
[2026-05-29T10:13:39.593+0200] {logging_mixin.py:151} INFO - [2026-05-29T10:13:39.593+0200] {dag.py:2915} INFO - Sync 1 DAGs
[2026-05-29T10:13:39.601+0200] {logging_mixin.py:151} INFO - [2026-05-29T10:13:39.601+0200] {dag.py:3696} INFO - Setting next_dagrun for example_sensor_decorator to None, run_after=None
[2026-05-29T10:13:39.615+0200] {processor.py:179} INFO - Processing /home/frederic/airflow_venv/lib/python3.10/site-packages/airflow/example_dags/example_sensor_decorator.py took 0.042 seconds
[2026-05-29T10:14:31.271+0200] {processor.py:157} INFO - Started process (PID=696894) to work on /home/frederic/airflow_venv/lib/python3.10/site-packages/airflow/example_dags/example_sensor_decorator.py
[2026-05-29T10:14:31.272+0200] {processor.py:829} INFO - Processing file /home/frederic/airflow_venv/lib/python3.10/site-packages/airflow/example_dags/example_sensor_decorator.py for tasks to queue
[2026-05-29T10:14:31.272+0200] {logging_mixin.py:151} INFO - [2026-05-29T10:14:31.272+0200] {dagbag.py:539} INFO - Filling up the DagBag from /home/frederic/airflow_venv/lib/python3.10/site-packages/airflow/example_dags/example_sensor_decorator.py
[2026-05-29T10:14:31.277+0200] {processor.py:839} INFO - DAG(s) dict_keys(['example_sensor_decorator']) retrieved from /home/frederic/airflow_venv/lib/python3.10/site-packages/airflow/example_dags/example_sensor_decorator.py
[2026-05-29T10:14:31.289+0200] {logging_mixin.py:151} INFO - [2026-05-29T10:14:31.288+0200] {dag.py:2915} INFO - Sync 1 DAGs
[2026-05-29T10:14:31.297+0200] {logging_mixin.py:151} INFO - [2026-05-29T10:14:31.297+0200] {dag.py:3696} INFO - Setting next_dagrun for example_sensor_decorator to None, run_after=None
[2026-05-29T10:14:31.313+0200] {processor.py:179} INFO - Processing /home/frederic/airflow_venv/lib/python3.10/site-packages/airflow/example_dags/example_sensor_decorator.py took 0.044 seconds
[2026-05-29T10:15:17.503+0200] {processor.py:157} INFO - Started process (PID=697486) to work on /home/frederic/airflow_venv/lib/python3.10/site-packages/airflow/example_dags/example_sensor_decorator.py
[2026-05-29T10:15:17.505+0200] {processor.py:829} INFO - Processing file /home/frederic/airflow_venv/lib/python3.10/site-packages/airflow/example_dags/example_sensor_decorator.py for tasks to queue
[2026-05-29T10:15:17.505+0200] {logging_mixin.py:151} INFO - [2026-05-29T10:15:17.505+0200] {dagbag.py:539} INFO - Filling up the DagBag from /home/frederic/airflow_venv/lib/python3.10/site-packages/airflow/example_dags/example_sensor_decorator.py
[2026-05-29T10:15:17.512+0200] {processor.py:839} INFO - DAG(s) dict_keys(['example_sensor_decorator']) retrieved from /home/frederic/airflow_venv/lib/python3.10/site-packages/airflow/example_dags/example_sensor_decorator.py
[2026-05-29T10:15:17.526+0200] {logging_mixin.py:151} INFO - [2026-05-29T10:15:17.526+0200] {dag.py:2915} INFO - Sync 1 DAGs
[2026-05-29T10:15:17.538+0200] {logging_mixin.py:151} INFO - [2026-05-29T10:15:17.538+0200] {dag.py:3696} INFO - Setting next_dagrun for example_sensor_decorator to None, run_after=None
[2026-05-29T10:15:17.559+0200] {processor.py:179} INFO - Processing /home/frederic/airflow_venv/lib/python3.10/site-packages/airflow/example_dags/example_sensor_decorator.py took 0.059 seconds
[2026-05-29T10:16:06.596+0200] {processor.py:157} INFO - Started process (PID=698469) to work on /home/frederic/airflow_venv/lib/python3.10/site-packages/airflow/example_dags/example_sensor_decorator.py
[2026-05-29T10:16:06.597+0200] {processor.py:829} INFO - Processing file /home/frederic/airflow_venv/lib/python3.10/site-packages/airflow/example_dags/example_sensor_decorator.py for tasks to queue
[2026-05-29T10:16:06.598+0200] {logging_mixin.py:151} INFO - [2026-05-29T10:16:06.597+0200] {dagbag.py:539} INFO - Filling up the DagBag from /home/frederic/airflow_venv/lib/python3.10/site-packages/airflow/example_dags/example_sensor_decorator.py
[2026-05-29T10:16:06.603+0200] {processor.py:839} INFO - DAG(s) dict_keys(['example_sensor_decorator']) retrieved from /home/frederic/airflow_venv/lib/python3.10/site-packages/airflow/example_dags/example_sensor_decorator.py
[2026-05-29T10:16:06.617+0200] {logging_mixin.py:151} INFO - [2026-05-29T10:16:06.617+0200] {dag.py:2915} INFO - Sync 1 DAGs
[2026-05-29T10:16:06.629+0200] {logging_mixin.py:151} INFO - [2026-05-29T10:16:06.629+0200] {dag.py:3696} INFO - Setting next_dagrun for example_sensor_decorator to None, run_after=None
[2026-05-29T10:16:06.648+0200] {processor.py:179} INFO - Processing /home/frederic/airflow_venv/lib/python3.10/site-packages/airflow/example_dags/example_sensor_decorator.py took 0.054 seconds
[2026-05-29T10:16:53.200+0200] {processor.py:157} INFO - Started process (PID=699073) to work on /home/frederic/airflow_venv/lib/python3.10/site-packages/airflow/example_dags/example_sensor_decorator.py
[2026-05-29T10:16:53.201+0200] {processor.py:829} INFO - Processing file /home/frederic/airflow_venv/lib/python3.10/site-packages/airflow/example_dags/example_sensor_decorator.py for tasks to queue
[2026-05-29T10:16:53.202+0200] {logging_mixin.py:151} INFO - [2026-05-29T10:16:53.202+0200] {dagbag.py:539} INFO - Filling up the DagBag from /home/frederic/airflow_venv/lib/python3.10/site-packages/airflow/example_dags/example_sensor_decorator.py
[2026-05-29T10:16:53.209+0200] {processor.py:839} INFO - DAG(s) dict_keys(['example_sensor_decorator']) retrieved from /home/frederic/airflow_venv/lib/python3.10/site-packages/airflow/example_dags/example_sensor_decorator.py
[2026-05-29T10:16:53.225+0200] {logging_mixin.py:151} INFO - [2026-05-29T10:16:53.225+0200] {dag.py:2915} INFO - Sync 1 DAGs
[2026-05-29T10:16:53.236+0200] {logging_mixin.py:151} INFO - [2026-05-29T10:16:53.236+0200] {dag.py:3696} INFO - Setting next_dagrun for example_sensor_decorator to None, run_after=None
[2026-05-29T10:16:53.257+0200] {processor.py:179} INFO - Processing /home/frederic/airflow_venv/lib/python3.10/site-packages/airflow/example_dags/example_sensor_decorator.py took 0.061 seconds
[2026-05-29T10:17:38.438+0200] {processor.py:157} INFO - Started process (PID=700147) to work on /home/frederic/airflow_venv/lib/python3.10/site-packages/airflow/example_dags/example_sensor_decorator.py
[2026-05-29T10:17:38.439+0200] {processor.py:829} INFO - Processing file /home/frederic/airflow_venv/lib/python3.10/site-packages/airflow/example_dags/example_sensor_decorator.py for tasks to queue
[2026-05-29T10:17:38.440+0200] {logging_mixin.py:151} INFO - [2026-05-29T10:17:38.440+0200] {dagbag.py:539} INFO - Filling up the DagBag from /home/frederic/airflow_venv/lib/python3.10/site-packages/airflow/example_dags/example_sensor_decorator.py
[2026-05-29T10:17:38.448+0200] {processor.py:839} INFO - DAG(s) dict_keys(['example_sensor_decorator']) retrieved from /home/frederic/airflow_venv/lib/python3.10/site-packages/airflow/example_dags/example_sensor_decorator.py
[2026-05-29T10:17:38.472+0200] {logging_mixin.py:151} INFO - [2026-05-29T10:17:38.472+0200] {dag.py:2915} INFO - Sync 1 DAGs
[2026-05-29T10:17:38.495+0200] {logging_mixin.py:151} INFO - [2026-05-29T10:17:38.495+0200] {dag.py:3696} INFO - Setting next_dagrun for example_sensor_decorator to None, run_after=None
[2026-05-29T10:17:38.532+0200] {processor.py:179} INFO - Processing /home/frederic/airflow_venv/lib/python3.10/site-packages/airflow/example_dags/example_sensor_decorator.py took 0.096 seconds
[2026-05-29T10:18:24.833+0200] {processor.py:157} INFO - Started process (PID=700847) to work on /home/frederic/airflow_venv/lib/python3.10/site-packages/airflow/example_dags/example_sensor_decorator.py
[2026-05-29T10:18:24.834+0200] {processor.py:829} INFO - Processing file /home/frederic/airflow_venv/lib/python3.10/site-packages/airflow/example_dags/example_sensor_decorator.py for tasks to queue
[2026-05-29T10:18:24.835+0200] {logging_mixin.py:151} INFO - [2026-05-29T10:18:24.835+0200] {dagbag.py:539} INFO - Filling up the DagBag from /home/frederic/airflow_venv/lib/python3.10/site-packages/airflow/example_dags/example_sensor_decorator.py
[2026-05-29T10:18:24.840+0200] {processor.py:839} INFO - DAG(s) dict_keys(['example_sensor_decorator']) retrieved from /home/frederic/airflow_venv/lib/python3.10/site-packages/airflow/example_dags/example_sensor_decorator.py
[2026-05-29T10:18:24.851+0200] {logging_mixin.py:151} INFO - [2026-05-29T10:18:24.851+0200] {dag.py:2915} INFO - Sync 1 DAGs
[2026-05-29T10:18:24.860+0200] {logging_mixin.py:151} INFO - [2026-05-29T10:18:24.860+0200] {dag.py:3696} INFO - Setting next_dagrun for example_sensor_decorator to None, run_after=None
[2026-05-29T10:18:24.875+0200] {processor.py:179} INFO - Processing /home/frederic/airflow_venv/lib/python3.10/site-packages/airflow/example_dags/example_sensor_decorator.py took 0.043 seconds
[2026-05-29T10:19:12.606+0200] {processor.py:157} INFO - Started process (PID=701323) to work on /home/frederic/airflow_venv/lib/python3.10/site-packages/airflow/example_dags/example_sensor_decorator.py
[2026-05-29T10:19:12.607+0200] {processor.py:829} INFO - Processing file /home/frederic/airflow_venv/lib/python3.10/site-packages/airflow/example_dags/example_sensor_decorator.py for tasks to queue
[2026-05-29T10:19:12.608+0200] {logging_mixin.py:151} INFO - [2026-05-29T10:19:12.608+0200] {dagbag.py:539} INFO - Filling up the DagBag from /home/frederic/airflow_venv/lib/python3.10/site-packages/airflow/example_dags/example_sensor_decorator.py
[2026-05-29T10:19:12.612+0200] {processor.py:839} INFO - DAG(s) dict_keys(['example_sensor_decorator']) retrieved from /home/frederic/airflow_venv/lib/python3.10/site-packages/airflow/example_dags/example_sensor_decorator.py
[2026-05-29T10:19:12.624+0200] {logging_mixin.py:151} INFO - [2026-05-29T10:19:12.623+0200] {dag.py:2915} INFO - Sync 1 DAGs
[2026-05-29T10:19:12.633+0200] {logging_mixin.py:151} INFO - [2026-05-29T10:19:12.633+0200] {dag.py:3696} INFO - Setting next_dagrun for example_sensor_decorator to None, run_after=None
[2026-05-29T10:19:12.647+0200] {processor.py:179} INFO - Processing /home/frederic/airflow_venv/lib/python3.10/site-packages/airflow/example_dags/example_sensor_decorator.py took 0.043 seconds
[2026-05-29T10:20:00.114+0200] {processor.py:157} INFO - Started process (PID=701745) to work on /home/frederic/airflow_venv/lib/python3.10/site-packages/airflow/example_dags/example_sensor_decorator.py
[2026-05-29T10:20:00.115+0200] {processor.py:829} INFO - Processing file /home/frederic/airflow_venv/lib/python3.10/site-packages/airflow/example_dags/example_sensor_decorator.py for tasks to queue
[2026-05-29T10:20:00.116+0200] {logging_mixin.py:151} INFO - [2026-05-29T10:20:00.116+0200] {dagbag.py:539} INFO - Filling up the DagBag from /home/frederic/airflow_venv/lib/python3.10/site-packages/airflow/example_dags/example_sensor_decorator.py
[2026-05-29T10:20:00.121+0200] {processor.py:839} INFO - DAG(s) dict_keys(['example_sensor_decorator']) retrieved from /home/frederic/airflow_venv/lib/python3.10/site-packages/airflow/example_dags/example_sensor_decorator.py
[2026-05-29T10:20:00.133+0200] {logging_mixin.py:151} INFO - [2026-05-29T10:20:00.133+0200] {dag.py:2915} INFO - Sync 1 DAGs
[2026-05-29T10:20:00.143+0200] {logging_mixin.py:151} INFO - [2026-05-29T10:20:00.142+0200] {dag.py:3696} INFO - Setting next_dagrun for example_sensor_decorator to None, run_after=None
[2026-05-29T10:20:00.159+0200] {processor.py:179} INFO - Processing /home/frederic/airflow_venv/lib/python3.10/site-packages/airflow/example_dags/example_sensor_decorator.py took 0.047 seconds
[2026-05-29T10:20:52.777+0200] {processor.py:157} INFO - Started process (PID=702444) to work on /home/frederic/airflow_venv/lib/python3.10/site-packages/airflow/example_dags/example_sensor_decorator.py
[2026-05-29T10:20:52.778+0200] {processor.py:829} INFO - Processing file /home/frederic/airflow_venv/lib/python3.10/site-packages/airflow/example_dags/example_sensor_decorator.py for tasks to queue
[2026-05-29T10:20:52.778+0200] {logging_mixin.py:151} INFO - [2026-05-29T10:20:52.778+0200] {dagbag.py:539} INFO - Filling up the DagBag from /home/frederic/airflow_venv/lib/python3.10/site-packages/airflow/example_dags/example_sensor_decorator.py
[2026-05-29T10:20:52.783+0200] {processor.py:839} INFO - DAG(s) dict_keys(['example_sensor_decorator']) retrieved from /home/frederic/airflow_venv/lib/python3.10/site-packages/airflow/example_dags/example_sensor_decorator.py
[2026-05-29T10:20:52.794+0200] {logging_mixin.py:151} INFO - [2026-05-29T10:20:52.794+0200] {dag.py:2915} INFO - Sync 1 DAGs
[2026-05-29T10:20:52.806+0200] {logging_mixin.py:151} INFO - [2026-05-29T10:20:52.805+0200] {dag.py:3696} INFO - Setting next_dagrun for example_sensor_decorator to None, run_after=None
[2026-05-29T10:20:52.820+0200] {processor.py:179} INFO - Processing /home/frederic/airflow_venv/lib/python3.10/site-packages/airflow/example_dags/example_sensor_decorator.py took 0.045 seconds
[2026-05-29T10:21:38.460+0200] {processor.py:157} INFO - Started process (PID=702899) to work on /home/frederic/airflow_venv/lib/python3.10/site-packages/airflow/example_dags/example_sensor_decorator.py
[2026-05-29T10:21:38.461+0200] {processor.py:829} INFO - Processing file /home/frederic/airflow_venv/lib/python3.10/site-packages/airflow/example_dags/example_sensor_decorator.py for tasks to queue
[2026-05-29T10:21:38.462+0200] {logging_mixin.py:151} INFO - [2026-05-29T10:21:38.461+0200] {dagbag.py:539} INFO - Filling up the DagBag from /home/frederic/airflow_venv/lib/python3.10/site-packages/airflow/example_dags/example_sensor_decorator.py
[2026-05-29T10:21:38.467+0200] {processor.py:839} INFO - DAG(s) dict_keys(['example_sensor_decorator']) retrieved from /home/frederic/airflow_venv/lib/python3.10/site-packages/airflow/example_dags/example_sensor_decorator.py
[2026-05-29T10:21:38.480+0200] {logging_mixin.py:151} INFO - [2026-05-29T10:21:38.480+0200] {dag.py:2915} INFO - Sync 1 DAGs
[2026-05-29T10:21:38.490+0200] {logging_mixin.py:151} INFO - [2026-05-29T10:21:38.490+0200] {dag.py:3696} INFO - Setting next_dagrun for example_sensor_decorator to None, run_after=None
[2026-05-29T10:21:38.509+0200] {processor.py:179} INFO - Processing /home/frederic/airflow_venv/lib/python3.10/site-packages/airflow/example_dags/example_sensor_decorator.py took 0.051 seconds
[2026-05-29T10:22:26.441+0200] {processor.py:157} INFO - Started process (PID=703395) to work on /home/frederic/airflow_venv/lib/python3.10/site-packages/airflow/example_dags/example_sensor_decorator.py
[2026-05-29T10:22:26.442+0200] {processor.py:829} INFO - Processing file /home/frederic/airflow_venv/lib/python3.10/site-packages/airflow/example_dags/example_sensor_decorator.py for tasks to queue
[2026-05-29T10:22:26.443+0200] {logging_mixin.py:151} INFO - [2026-05-29T10:22:26.442+0200] {dagbag.py:539} INFO - Filling up the DagBag from /home/frederic/airflow_venv/lib/python3.10/site-packages/airflow/example_dags/example_sensor_decorator.py
[2026-05-29T10:22:26.448+0200] {processor.py:839} INFO - DAG(s) dict_keys(['example_sensor_decorator']) retrieved from /home/frederic/airflow_venv/lib/python3.10/site-packages/airflow/example_dags/example_sensor_decorator.py
[2026-05-29T10:22:26.460+0200] {logging_mixin.py:151} INFO - [2026-05-29T10:22:26.460+0200] {dag.py:2915} INFO - Sync 1 DAGs
[2026-05-29T10:22:26.469+0200] {logging_mixin.py:151} INFO - [2026-05-29T10:22:26.469+0200] {dag.py:3696} INFO - Setting next_dagrun for example_sensor_decorator to None, run_after=None
[2026-05-29T10:22:26.483+0200] {processor.py:179} INFO - Processing /home/frederic/airflow_venv/lib/python3.10/site-packages/airflow/example_dags/example_sensor_decorator.py took 0.045 seconds
[2026-05-29T10:23:14.535+0200] {processor.py:157} INFO - Started process (PID=703976) to work on /home/frederic/airflow_venv/lib/python3.10/site-packages/airflow/example_dags/example_sensor_decorator.py
[2026-05-29T10:23:14.536+0200] {processor.py:829} INFO - Processing file /home/frederic/airflow_venv/lib/python3.10/site-packages/airflow/example_dags/example_sensor_decorator.py for tasks to queue
[2026-05-29T10:23:14.536+0200] {logging_mixin.py:151} INFO - [2026-05-29T10:23:14.536+0200] {dagbag.py:539} INFO - Filling up the DagBag from /home/frederic/airflow_venv/lib/python3.10/site-packages/airflow/example_dags/example_sensor_decorator.py
[2026-05-29T10:23:14.541+0200] {processor.py:839} INFO - DAG(s) dict_keys(['example_sensor_decorator']) retrieved from /home/frederic/airflow_venv/lib/python3.10/site-packages/airflow/example_dags/example_sensor_decorator.py
[2026-05-29T10:23:14.553+0200] {logging_mixin.py:151} INFO - [2026-05-29T10:23:14.552+0200] {dag.py:2915} INFO - Sync 1 DAGs
[2026-05-29T10:23:14.561+0200] {logging_mixin.py:151} INFO - [2026-05-29T10:23:14.561+0200] {dag.py:3696} INFO - Setting next_dagrun for example_sensor_decorator to None, run_after=None
[2026-05-29T10:23:14.577+0200] {processor.py:179} INFO - Processing /home/frederic/airflow_venv/lib/python3.10/site-packages/airflow/example_dags/example_sensor_decorator.py took 0.045 seconds
[2026-05-29T10:24:03.737+0200] {processor.py:157} INFO - Started process (PID=704488) to work on /home/frederic/airflow_venv/lib/python3.10/site-packages/airflow/example_dags/example_sensor_decorator.py
[2026-05-29T10:24:03.739+0200] {processor.py:829} INFO - Processing file /home/frederic/airflow_venv/lib/python3.10/site-packages/airflow/example_dags/example_sensor_decorator.py for tasks to queue
[2026-05-29T10:24:03.740+0200] {logging_mixin.py:151} INFO - [2026-05-29T10:24:03.739+0200] {dagbag.py:539} INFO - Filling up the DagBag from /home/frederic/airflow_venv/lib/python3.10/site-packages/airflow/example_dags/example_sensor_decorator.py
[2026-05-29T10:24:03.746+0200] {processor.py:839} INFO - DAG(s) dict_keys(['example_sensor_decorator']) retrieved from /home/frederic/airflow_venv/lib/python3.10/site-packages/airflow/example_dags/example_sensor_decorator.py
[2026-05-29T10:24:03.759+0200] {logging_mixin.py:151} INFO - [2026-05-29T10:24:03.759+0200] {dag.py:2915} INFO - Sync 1 DAGs
[2026-05-29T10:24:03.769+0200] {logging_mixin.py:151} INFO - [2026-05-29T10:24:03.769+0200] {dag.py:3696} INFO - Setting next_dagrun for example_sensor_decorator to None, run_after=None
[2026-05-29T10:24:03.785+0200] {processor.py:179} INFO - Processing /home/frederic/airflow_venv/lib/python3.10/site-packages/airflow/example_dags/example_sensor_decorator.py took 0.051 seconds
[2026-05-29T10:24:48.593+0200] {processor.py:157} INFO - Started process (PID=704889) to work on /home/frederic/airflow_venv/lib/python3.10/site-packages/airflow/example_dags/example_sensor_decorator.py
[2026-05-29T10:24:48.594+0200] {processor.py:829} INFO - Processing file /home/frederic/airflow_venv/lib/python3.10/site-packages/airflow/example_dags/example_sensor_decorator.py for tasks to queue
[2026-05-29T10:24:48.594+0200] {logging_mixin.py:151} INFO - [2026-05-29T10:24:48.594+0200] {dagbag.py:539} INFO - Filling up the DagBag from /home/frederic/airflow_venv/lib/python3.10/site-packages/airflow/example_dags/example_sensor_decorator.py
[2026-05-29T10:24:48.600+0200] {processor.py:839} INFO - DAG(s) dict_keys(['example_sensor_decorator']) retrieved from /home/frederic/airflow_venv/lib/python3.10/site-packages/airflow/example_dags/example_sensor_decorator.py
[2026-05-29T10:24:48.615+0200] {logging_mixin.py:151} INFO - [2026-05-29T10:24:48.615+0200] {dag.py:2915} INFO - Sync 1 DAGs
[2026-05-29T10:24:48.628+0200] {logging_mixin.py:151} INFO - [2026-05-29T10:24:48.628+0200] {dag.py:3696} INFO - Setting next_dagrun for example_sensor_decorator to None, run_after=None
[2026-05-29T10:24:48.644+0200] {processor.py:179} INFO - Processing /home/frederic/airflow_venv/lib/python3.10/site-packages/airflow/example_dags/example_sensor_decorator.py took 0.055 seconds
[2026-05-29T10:25:44.089+0200] {processor.py:157} INFO - Started process (PID=705421) to work on /home/frederic/airflow_venv/lib/python3.10/site-packages/airflow/example_dags/example_sensor_decorator.py
[2026-05-29T10:25:44.090+0200] {processor.py:829} INFO - Processing file /home/frederic/airflow_venv/lib/python3.10/site-packages/airflow/example_dags/example_sensor_decorator.py for tasks to queue
[2026-05-29T10:25:44.091+0200] {logging_mixin.py:151} INFO - [2026-05-29T10:25:44.091+0200] {dagbag.py:539} INFO - Filling up the DagBag from /home/frederic/airflow_venv/lib/python3.10/site-packages/airflow/example_dags/example_sensor_decorator.py
[2026-05-29T10:25:44.096+0200] {processor.py:839} INFO - DAG(s) dict_keys(['example_sensor_decorator']) retrieved from /home/frederic/airflow_venv/lib/python3.10/site-packages/airflow/example_dags/example_sensor_decorator.py
[2026-05-29T10:25:44.186+0200] {logging_mixin.py:151} INFO - [2026-05-29T10:25:44.186+0200] {dag.py:2915} INFO - Sync 1 DAGs
[2026-05-29T10:25:44.199+0200] {logging_mixin.py:151} INFO - [2026-05-29T10:25:44.199+0200] {dag.py:3696} INFO - Setting next_dagrun for example_sensor_decorator to None, run_after=None
[2026-05-29T10:25:44.218+0200] {processor.py:179} INFO - Processing /home/frederic/airflow_venv/lib/python3.10/site-packages/airflow/example_dags/example_sensor_decorator.py took 0.131 seconds
[2026-05-29T10:26:35.795+0200] {processor.py:157} INFO - Started process (PID=705962) to work on /home/frederic/airflow_venv/lib/python3.10/site-packages/airflow/example_dags/example_sensor_decorator.py
[2026-05-29T10:26:35.795+0200] {processor.py:829} INFO - Processing file /home/frederic/airflow_venv/lib/python3.10/site-packages/airflow/example_dags/example_sensor_decorator.py for tasks to queue
[2026-05-29T10:26:35.796+0200] {logging_mixin.py:151} INFO - [2026-05-29T10:26:35.796+0200] {dagbag.py:539} INFO - Filling up the DagBag from /home/frederic/airflow_venv/lib/python3.10/site-packages/airflow/example_dags/example_sensor_decorator.py
[2026-05-29T10:26:35.801+0200] {processor.py:839} INFO - DAG(s) dict_keys(['example_sensor_decorator']) retrieved from /home/frederic/airflow_venv/lib/python3.10/site-packages/airflow/example_dags/example_sensor_decorator.py
[2026-05-29T10:26:35.813+0200] {logging_mixin.py:151} INFO - [2026-05-29T10:26:35.813+0200] {dag.py:2915} INFO - Sync 1 DAGs
[2026-05-29T10:26:35.822+0200] {logging_mixin.py:151} INFO - [2026-05-29T10:26:35.822+0200] {dag.py:3696} INFO - Setting next_dagrun for example_sensor_decorator to None, run_after=None
[2026-05-29T10:26:35.919+0200] {processor.py:179} INFO - Processing /home/frederic/airflow_venv/lib/python3.10/site-packages/airflow/example_dags/example_sensor_decorator.py took 0.126 seconds
[2026-05-29T10:27:27.529+0200] {processor.py:157} INFO - Started process (PID=706495) to work on /home/frederic/airflow_venv/lib/python3.10/site-packages/airflow/example_dags/example_sensor_decorator.py
[2026-05-29T10:27:27.530+0200] {processor.py:829} INFO - Processing file /home/frederic/airflow_venv/lib/python3.10/site-packages/airflow/example_dags/example_sensor_decorator.py for tasks to queue
[2026-05-29T10:27:27.531+0200] {logging_mixin.py:151} INFO - [2026-05-29T10:27:27.530+0200] {dagbag.py:539} INFO - Filling up the DagBag from /home/frederic/airflow_venv/lib/python3.10/site-packages/airflow/example_dags/example_sensor_decorator.py
[2026-05-29T10:27:27.536+0200] {processor.py:839} INFO - DAG(s) dict_keys(['example_sensor_decorator']) retrieved from /home/frederic/airflow_venv/lib/python3.10/site-packages/airflow/example_dags/example_sensor_decorator.py
[2026-05-29T10:27:27.548+0200] {logging_mixin.py:151} INFO - [2026-05-29T10:27:27.548+0200] {dag.py:2915} INFO - Sync 1 DAGs
[2026-05-29T10:27:27.558+0200] {logging_mixin.py:151} INFO - [2026-05-29T10:27:27.558+0200] {dag.py:3696} INFO - Setting next_dagrun for example_sensor_decorator to None, run_after=None
[2026-05-29T10:27:27.576+0200] {processor.py:179} INFO - Processing /home/frederic/airflow_venv/lib/python3.10/site-packages/airflow/example_dags/example_sensor_decorator.py took 0.050 seconds
[2026-05-29T10:28:09.230+0200] {processor.py:157} INFO - Started process (PID=706966) to work on /home/frederic/airflow_venv/lib/python3.10/site-packages/airflow/example_dags/example_sensor_decorator.py
[2026-05-29T10:28:09.231+0200] {processor.py:829} INFO - Processing file /home/frederic/airflow_venv/lib/python3.10/site-packages/airflow/example_dags/example_sensor_decorator.py for tasks to queue
[2026-05-29T10:28:09.232+0200] {logging_mixin.py:151} INFO - [2026-05-29T10:28:09.232+0200] {dagbag.py:539} INFO - Filling up the DagBag from /home/frederic/airflow_venv/lib/python3.10/site-packages/airflow/example_dags/example_sensor_decorator.py
[2026-05-29T10:28:09.239+0200] {processor.py:839} INFO - DAG(s) dict_keys(['example_sensor_decorator']) retrieved from /home/frederic/airflow_venv/lib/python3.10/site-packages/airflow/example_dags/example_sensor_decorator.py
[2026-05-29T10:28:09.258+0200] {logging_mixin.py:151} INFO - [2026-05-29T10:28:09.258+0200] {dag.py:2915} INFO - Sync 1 DAGs
[2026-05-29T10:28:09.271+0200] {logging_mixin.py:151} INFO - [2026-05-29T10:28:09.270+0200] {dag.py:3696} INFO - Setting next_dagrun for example_sensor_decorator to None, run_after=None
[2026-05-29T10:28:09.292+0200] {processor.py:179} INFO - Processing /home/frederic/airflow_venv/lib/python3.10/site-packages/airflow/example_dags/example_sensor_decorator.py took 0.066 seconds
[2026-05-29T10:28:53.729+0200] {processor.py:157} INFO - Started process (PID=707524) to work on /home/frederic/airflow_venv/lib/python3.10/site-packages/airflow/example_dags/example_sensor_decorator.py
[2026-05-29T10:28:53.730+0200] {processor.py:829} INFO - Processing file /home/frederic/airflow_venv/lib/python3.10/site-packages/airflow/example_dags/example_sensor_decorator.py for tasks to queue
[2026-05-29T10:28:53.730+0200] {logging_mixin.py:151} INFO - [2026-05-29T10:28:53.730+0200] {dagbag.py:539} INFO - Filling up the DagBag from /home/frederic/airflow_venv/lib/python3.10/site-packages/airflow/example_dags/example_sensor_decorator.py
[2026-05-29T10:28:53.735+0200] {processor.py:839} INFO - DAG(s) dict_keys(['example_sensor_decorator']) retrieved from /home/frederic/airflow_venv/lib/python3.10/site-packages/airflow/example_dags/example_sensor_decorator.py
[2026-05-29T10:28:53.746+0200] {logging_mixin.py:151} INFO - [2026-05-29T10:28:53.746+0200] {dag.py:2915} INFO - Sync 1 DAGs
[2026-05-29T10:28:53.755+0200] {logging_mixin.py:151} INFO - [2026-05-29T10:28:53.755+0200] {dag.py:3696} INFO - Setting next_dagrun for example_sensor_decorator to None, run_after=None
[2026-05-29T10:28:53.773+0200] {processor.py:179} INFO - Processing /home/frederic/airflow_venv/lib/python3.10/site-packages/airflow/example_dags/example_sensor_decorator.py took 0.046 seconds
[2026-05-29T10:29:40.030+0200] {processor.py:157} INFO - Started process (PID=708062) to work on /home/frederic/airflow_venv/lib/python3.10/site-packages/airflow/example_dags/example_sensor_decorator.py
[2026-05-29T10:29:40.031+0200] {processor.py:829} INFO - Processing file /home/frederic/airflow_venv/lib/python3.10/site-packages/airflow/example_dags/example_sensor_decorator.py for tasks to queue
[2026-05-29T10:29:40.032+0200] {logging_mixin.py:151} INFO - [2026-05-29T10:29:40.031+0200] {dagbag.py:539} INFO - Filling up the DagBag from /home/frederic/airflow_venv/lib/python3.10/site-packages/airflow/example_dags/example_sensor_decorator.py
[2026-05-29T10:29:40.037+0200] {processor.py:839} INFO - DAG(s) dict_keys(['example_sensor_decorator']) retrieved from /home/frederic/airflow_venv/lib/python3.10/site-packages/airflow/example_dags/example_sensor_decorator.py
[2026-05-29T10:29:40.051+0200] {logging_mixin.py:151} INFO - [2026-05-29T10:29:40.051+0200] {dag.py:2915} INFO - Sync 1 DAGs
[2026-05-29T10:29:40.060+0200] {logging_mixin.py:151} INFO - [2026-05-29T10:29:40.060+0200] {dag.py:3696} INFO - Setting next_dagrun for example_sensor_decorator to None, run_after=None
[2026-05-29T10:29:40.077+0200] {processor.py:179} INFO - Processing /home/frederic/airflow_venv/lib/python3.10/site-packages/airflow/example_dags/example_sensor_decorator.py took 0.050 seconds
[2026-05-29T10:30:30.236+0200] {processor.py:157} INFO - Started process (PID=708666) to work on /home/frederic/airflow_venv/lib/python3.10/site-packages/airflow/example_dags/example_sensor_decorator.py
[2026-05-29T10:30:30.237+0200] {processor.py:829} INFO - Processing file /home/frederic/airflow_venv/lib/python3.10/site-packages/airflow/example_dags/example_sensor_decorator.py for tasks to queue
[2026-05-29T10:30:30.238+0200] {logging_mixin.py:151} INFO - [2026-05-29T10:30:30.238+0200] {dagbag.py:539} INFO - Filling up the DagBag from /home/frederic/airflow_venv/lib/python3.10/site-packages/airflow/example_dags/example_sensor_decorator.py
[2026-05-29T10:30:30.243+0200] {processor.py:839} INFO - DAG(s) dict_keys(['example_sensor_decorator']) retrieved from /home/frederic/airflow_venv/lib/python3.10/site-packages/airflow/example_dags/example_sensor_decorator.py
[2026-05-29T10:30:30.256+0200] {logging_mixin.py:151} INFO - [2026-05-29T10:30:30.256+0200] {dag.py:2915} INFO - Sync 1 DAGs
[2026-05-29T10:30:30.264+0200] {logging_mixin.py:151} INFO - [2026-05-29T10:30:30.264+0200] {dag.py:3696} INFO - Setting next_dagrun for example_sensor_decorator to None, run_after=None
[2026-05-29T10:30:30.280+0200] {processor.py:179} INFO - Processing /home/frederic/airflow_venv/lib/python3.10/site-packages/airflow/example_dags/example_sensor_decorator.py took 0.046 seconds
[2026-05-29T10:31:14.221+0200] {processor.py:157} INFO - Started process (PID=709299) to work on /home/frederic/airflow_venv/lib/python3.10/site-packages/airflow/example_dags/example_sensor_decorator.py
[2026-05-29T10:31:14.222+0200] {processor.py:829} INFO - Processing file /home/frederic/airflow_venv/lib/python3.10/site-packages/airflow/example_dags/example_sensor_decorator.py for tasks to queue
[2026-05-29T10:31:14.223+0200] {logging_mixin.py:151} INFO - [2026-05-29T10:31:14.223+0200] {dagbag.py:539} INFO - Filling up the DagBag from /home/frederic/airflow_venv/lib/python3.10/site-packages/airflow/example_dags/example_sensor_decorator.py
[2026-05-29T10:31:14.228+0200] {processor.py:839} INFO - DAG(s) dict_keys(['example_sensor_decorator']) retrieved from /home/frederic/airflow_venv/lib/python3.10/site-packages/airflow/example_dags/example_sensor_decorator.py
[2026-05-29T10:31:14.241+0200] {logging_mixin.py:151} INFO - [2026-05-29T10:31:14.240+0200] {dag.py:2915} INFO - Sync 1 DAGs
[2026-05-29T10:31:14.250+0200] {logging_mixin.py:151} INFO - [2026-05-29T10:31:14.250+0200] {dag.py:3696} INFO - Setting next_dagrun for example_sensor_decorator to None, run_after=None
[2026-05-29T10:31:14.265+0200] {processor.py:179} INFO - Processing /home/frederic/airflow_venv/lib/python3.10/site-packages/airflow/example_dags/example_sensor_decorator.py took 0.046 seconds
[2026-05-29T10:32:01.904+0200] {processor.py:157} INFO - Started process (PID=709862) to work on /home/frederic/airflow_venv/lib/python3.10/site-packages/airflow/example_dags/example_sensor_decorator.py
[2026-05-29T10:32:01.905+0200] {processor.py:829} INFO - Processing file /home/frederic/airflow_venv/lib/python3.10/site-packages/airflow/example_dags/example_sensor_decorator.py for tasks to queue
[2026-05-29T10:32:01.906+0200] {logging_mixin.py:151} INFO - [2026-05-29T10:32:01.905+0200] {dagbag.py:539} INFO - Filling up the DagBag from /home/frederic/airflow_venv/lib/python3.10/site-packages/airflow/example_dags/example_sensor_decorator.py
[2026-05-29T10:32:01.911+0200] {processor.py:839} INFO - DAG(s) dict_keys(['example_sensor_decorator']) retrieved from /home/frederic/airflow_venv/lib/python3.10/site-packages/airflow/example_dags/example_sensor_decorator.py
[2026-05-29T10:32:01.927+0200] {logging_mixin.py:151} INFO - [2026-05-29T10:32:01.926+0200] {dag.py:2915} INFO - Sync 1 DAGs
[2026-05-29T10:32:01.941+0200] {logging_mixin.py:151} INFO - [2026-05-29T10:32:01.941+0200] {dag.py:3696} INFO - Setting next_dagrun for example_sensor_decorator to None, run_after=None
[2026-05-29T10:32:01.964+0200] {processor.py:179} INFO - Processing /home/frederic/airflow_venv/lib/python3.10/site-packages/airflow/example_dags/example_sensor_decorator.py took 0.063 seconds
[2026-05-29T10:32:46.707+0200] {processor.py:157} INFO - Started process (PID=710367) to work on /home/frederic/airflow_venv/lib/python3.10/site-packages/airflow/example_dags/example_sensor_decorator.py
[2026-05-29T10:32:46.708+0200] {processor.py:829} INFO - Processing file /home/frederic/airflow_venv/lib/python3.10/site-packages/airflow/example_dags/example_sensor_decorator.py for tasks to queue
[2026-05-29T10:32:46.708+0200] {logging_mixin.py:151} INFO - [2026-05-29T10:32:46.708+0200] {dagbag.py:539} INFO - Filling up the DagBag from /home/frederic/airflow_venv/lib/python3.10/site-packages/airflow/example_dags/example_sensor_decorator.py
[2026-05-29T10:32:46.713+0200] {processor.py:839} INFO - DAG(s) dict_keys(['example_sensor_decorator']) retrieved from /home/frederic/airflow_venv/lib/python3.10/site-packages/airflow/example_dags/example_sensor_decorator.py
[2026-05-29T10:32:46.725+0200] {logging_mixin.py:151} INFO - [2026-05-29T10:32:46.725+0200] {dag.py:2915} INFO - Sync 1 DAGs
[2026-05-29T10:32:46.735+0200] {logging_mixin.py:151} INFO - [2026-05-29T10:32:46.734+0200] {dag.py:3696} INFO - Setting next_dagrun for example_sensor_decorator to None, run_after=None
[2026-05-29T10:32:46.750+0200] {processor.py:179} INFO - Processing /home/frederic/airflow_venv/lib/python3.10/site-packages/airflow/example_dags/example_sensor_decorator.py took 0.045 seconds
[2026-05-29T10:33:34.564+0200] {processor.py:157} INFO - Started process (PID=711201) to work on /home/frederic/airflow_venv/lib/python3.10/site-packages/airflow/example_dags/example_sensor_decorator.py
[2026-05-29T10:33:34.565+0200] {processor.py:829} INFO - Processing file /home/frederic/airflow_venv/lib/python3.10/site-packages/airflow/example_dags/example_sensor_decorator.py for tasks to queue
[2026-05-29T10:33:34.565+0200] {logging_mixin.py:151} INFO - [2026-05-29T10:33:34.565+0200] {dagbag.py:539} INFO - Filling up the DagBag from /home/frederic/airflow_venv/lib/python3.10/site-packages/airflow/example_dags/example_sensor_decorator.py
[2026-05-29T10:33:34.570+0200] {processor.py:839} INFO - DAG(s) dict_keys(['example_sensor_decorator']) retrieved from /home/frederic/airflow_venv/lib/python3.10/site-packages/airflow/example_dags/example_sensor_decorator.py
[2026-05-29T10:33:34.581+0200] {logging_mixin.py:151} INFO - [2026-05-29T10:33:34.581+0200] {dag.py:2915} INFO - Sync 1 DAGs
[2026-05-29T10:33:34.590+0200] {logging_mixin.py:151} INFO - [2026-05-29T10:33:34.590+0200] {dag.py:3696} INFO - Setting next_dagrun for example_sensor_decorator to None, run_after=None
[2026-05-29T10:33:34.605+0200] {processor.py:179} INFO - Processing /home/frederic/airflow_venv/lib/python3.10/site-packages/airflow/example_dags/example_sensor_decorator.py took 0.043 seconds
[2026-05-29T10:34:18.376+0200] {processor.py:157} INFO - Started process (PID=711892) to work on /home/frederic/airflow_venv/lib/python3.10/site-packages/airflow/example_dags/example_sensor_decorator.py
[2026-05-29T10:34:18.377+0200] {processor.py:829} INFO - Processing file /home/frederic/airflow_venv/lib/python3.10/site-packages/airflow/example_dags/example_sensor_decorator.py for tasks to queue
[2026-05-29T10:34:18.377+0200] {logging_mixin.py:151} INFO - [2026-05-29T10:34:18.377+0200] {dagbag.py:539} INFO - Filling up the DagBag from /home/frederic/airflow_venv/lib/python3.10/site-packages/airflow/example_dags/example_sensor_decorator.py
[2026-05-29T10:34:18.382+0200] {processor.py:839} INFO - DAG(s) dict_keys(['example_sensor_decorator']) retrieved from /home/frederic/airflow_venv/lib/python3.10/site-packages/airflow/example_dags/example_sensor_decorator.py
[2026-05-29T10:34:18.394+0200] {logging_mixin.py:151} INFO - [2026-05-29T10:34:18.394+0200] {dag.py:2915} INFO - Sync 1 DAGs
[2026-05-29T10:34:18.403+0200] {logging_mixin.py:151} INFO - [2026-05-29T10:34:18.403+0200] {dag.py:3696} INFO - Setting next_dagrun for example_sensor_decorator to None, run_after=None
[2026-05-29T10:34:18.417+0200] {processor.py:179} INFO - Processing /home/frederic/airflow_venv/lib/python3.10/site-packages/airflow/example_dags/example_sensor_decorator.py took 0.044 seconds
[2026-05-29T10:35:01.329+0200] {processor.py:157} INFO - Started process (PID=712291) to work on /home/frederic/airflow_venv/lib/python3.10/site-packages/airflow/example_dags/example_sensor_decorator.py
[2026-05-29T10:35:01.330+0200] {processor.py:829} INFO - Processing file /home/frederic/airflow_venv/lib/python3.10/site-packages/airflow/example_dags/example_sensor_decorator.py for tasks to queue
[2026-05-29T10:35:01.330+0200] {logging_mixin.py:151} INFO - [2026-05-29T10:35:01.330+0200] {dagbag.py:539} INFO - Filling up the DagBag from /home/frederic/airflow_venv/lib/python3.10/site-packages/airflow/example_dags/example_sensor_decorator.py
[2026-05-29T10:35:01.336+0200] {processor.py:839} INFO - DAG(s) dict_keys(['example_sensor_decorator']) retrieved from /home/frederic/airflow_venv/lib/python3.10/site-packages/airflow/example_dags/example_sensor_decorator.py
[2026-05-29T10:35:01.349+0200] {logging_mixin.py:151} INFO - [2026-05-29T10:35:01.349+0200] {dag.py:2915} INFO - Sync 1 DAGs
[2026-05-29T10:35:01.358+0200] {logging_mixin.py:151} INFO - [2026-05-29T10:35:01.358+0200] {dag.py:3696} INFO - Setting next_dagrun for example_sensor_decorator to None, run_after=None
[2026-05-29T10:35:01.374+0200] {processor.py:179} INFO - Processing /home/frederic/airflow_venv/lib/python3.10/site-packages/airflow/example_dags/example_sensor_decorator.py took 0.048 seconds
[2026-05-29T10:35:51.281+0200] {processor.py:157} INFO - Started process (PID=712805) to work on /home/frederic/airflow_venv/lib/python3.10/site-packages/airflow/example_dags/example_sensor_decorator.py
[2026-05-29T10:35:51.282+0200] {processor.py:829} INFO - Processing file /home/frederic/airflow_venv/lib/python3.10/site-packages/airflow/example_dags/example_sensor_decorator.py for tasks to queue
[2026-05-29T10:35:51.283+0200] {logging_mixin.py:151} INFO - [2026-05-29T10:35:51.283+0200] {dagbag.py:539} INFO - Filling up the DagBag from /home/frederic/airflow_venv/lib/python3.10/site-packages/airflow/example_dags/example_sensor_decorator.py
[2026-05-29T10:35:51.288+0200] {processor.py:839} INFO - DAG(s) dict_keys(['example_sensor_decorator']) retrieved from /home/frederic/airflow_venv/lib/python3.10/site-packages/airflow/example_dags/example_sensor_decorator.py
[2026-05-29T10:35:51.301+0200] {logging_mixin.py:151} INFO - [2026-05-29T10:35:51.301+0200] {dag.py:2915} INFO - Sync 1 DAGs
[2026-05-29T10:35:51.311+0200] {logging_mixin.py:151} INFO - [2026-05-29T10:35:51.311+0200] {dag.py:3696} INFO - Setting next_dagrun for example_sensor_decorator to None, run_after=None
[2026-05-29T10:35:51.327+0200] {processor.py:179} INFO - Processing /home/frederic/airflow_venv/lib/python3.10/site-packages/airflow/example_dags/example_sensor_decorator.py took 0.049 seconds
[2026-05-29T10:36:34.904+0200] {processor.py:157} INFO - Started process (PID=713403) to work on /home/frederic/airflow_venv/lib/python3.10/site-packages/airflow/example_dags/example_sensor_decorator.py
[2026-05-29T10:36:34.905+0200] {processor.py:829} INFO - Processing file /home/frederic/airflow_venv/lib/python3.10/site-packages/airflow/example_dags/example_sensor_decorator.py for tasks to queue
[2026-05-29T10:36:34.906+0200] {logging_mixin.py:151} INFO - [2026-05-29T10:36:34.906+0200] {dagbag.py:539} INFO - Filling up the DagBag from /home/frederic/airflow_venv/lib/python3.10/site-packages/airflow/example_dags/example_sensor_decorator.py
[2026-05-29T10:36:34.911+0200] {processor.py:839} INFO - DAG(s) dict_keys(['example_sensor_decorator']) retrieved from /home/frederic/airflow_venv/lib/python3.10/site-packages/airflow/example_dags/example_sensor_decorator.py
[2026-05-29T10:36:34.925+0200] {logging_mixin.py:151} INFO - [2026-05-29T10:36:34.925+0200] {dag.py:2915} INFO - Sync 1 DAGs
[2026-05-29T10:36:34.936+0200] {logging_mixin.py:151} INFO - [2026-05-29T10:36:34.936+0200] {dag.py:3696} INFO - Setting next_dagrun for example_sensor_decorator to None, run_after=None
[2026-05-29T10:36:34.956+0200] {processor.py:179} INFO - Processing /home/frederic/airflow_venv/lib/python3.10/site-packages/airflow/example_dags/example_sensor_decorator.py took 0.054 seconds
[2026-05-29T10:37:23.653+0200] {processor.py:157} INFO - Started process (PID=714002) to work on /home/frederic/airflow_venv/lib/python3.10/site-packages/airflow/example_dags/example_sensor_decorator.py
[2026-05-29T10:37:23.654+0200] {processor.py:829} INFO - Processing file /home/frederic/airflow_venv/lib/python3.10/site-packages/airflow/example_dags/example_sensor_decorator.py for tasks to queue
[2026-05-29T10:37:23.654+0200] {logging_mixin.py:151} INFO - [2026-05-29T10:37:23.654+0200] {dagbag.py:539} INFO - Filling up the DagBag from /home/frederic/airflow_venv/lib/python3.10/site-packages/airflow/example_dags/example_sensor_decorator.py
[2026-05-29T10:37:23.659+0200] {processor.py:839} INFO - DAG(s) dict_keys(['example_sensor_decorator']) retrieved from /home/frederic/airflow_venv/lib/python3.10/site-packages/airflow/example_dags/example_sensor_decorator.py
[2026-05-29T10:37:23.670+0200] {logging_mixin.py:151} INFO - [2026-05-29T10:37:23.670+0200] {dag.py:2915} INFO - Sync 1 DAGs
[2026-05-29T10:37:23.679+0200] {logging_mixin.py:151} INFO - [2026-05-29T10:37:23.679+0200] {dag.py:3696} INFO - Setting next_dagrun for example_sensor_decorator to None, run_after=None
[2026-05-29T10:37:23.694+0200] {processor.py:179} INFO - Processing /home/frederic/airflow_venv/lib/python3.10/site-packages/airflow/example_dags/example_sensor_decorator.py took 0.043 seconds
[2026-05-29T10:38:07.892+0200] {processor.py:157} INFO - Started process (PID=714752) to work on /home/frederic/airflow_venv/lib/python3.10/site-packages/airflow/example_dags/example_sensor_decorator.py
[2026-05-29T10:38:07.894+0200] {processor.py:829} INFO - Processing file /home/frederic/airflow_venv/lib/python3.10/site-packages/airflow/example_dags/example_sensor_decorator.py for tasks to queue
[2026-05-29T10:38:07.894+0200] {logging_mixin.py:151} INFO - [2026-05-29T10:38:07.894+0200] {dagbag.py:539} INFO - Filling up the DagBag from /home/frederic/airflow_venv/lib/python3.10/site-packages/airflow/example_dags/example_sensor_decorator.py
[2026-05-29T10:38:07.898+0200] {processor.py:839} INFO - DAG(s) dict_keys(['example_sensor_decorator']) retrieved from /home/frederic/airflow_venv/lib/python3.10/site-packages/airflow/example_dags/example_sensor_decorator.py
[2026-05-29T10:38:07.913+0200] {logging_mixin.py:151} INFO - [2026-05-29T10:38:07.913+0200] {dag.py:2915} INFO - Sync 1 DAGs
[2026-05-29T10:38:07.924+0200] {logging_mixin.py:151} INFO - [2026-05-29T10:38:07.924+0200] {dag.py:3696} INFO - Setting next_dagrun for example_sensor_decorator to None, run_after=None
[2026-05-29T10:38:07.942+0200] {processor.py:179} INFO - Processing /home/frederic/airflow_venv/lib/python3.10/site-packages/airflow/example_dags/example_sensor_decorator.py took 0.051 seconds
[2026-05-29T10:38:54.592+0200] {processor.py:157} INFO - Started process (PID=715256) to work on /home/frederic/airflow_venv/lib/python3.10/site-packages/airflow/example_dags/example_sensor_decorator.py
[2026-05-29T10:38:54.593+0200] {processor.py:829} INFO - Processing file /home/frederic/airflow_venv/lib/python3.10/site-packages/airflow/example_dags/example_sensor_decorator.py for tasks to queue
[2026-05-29T10:38:54.594+0200] {logging_mixin.py:151} INFO - [2026-05-29T10:38:54.594+0200] {dagbag.py:539} INFO - Filling up the DagBag from /home/frederic/airflow_venv/lib/python3.10/site-packages/airflow/example_dags/example_sensor_decorator.py
[2026-05-29T10:38:54.598+0200] {processor.py:839} INFO - DAG(s) dict_keys(['example_sensor_decorator']) retrieved from /home/frederic/airflow_venv/lib/python3.10/site-packages/airflow/example_dags/example_sensor_decorator.py
[2026-05-29T10:38:54.610+0200] {logging_mixin.py:151} INFO - [2026-05-29T10:38:54.610+0200] {dag.py:2915} INFO - Sync 1 DAGs
[2026-05-29T10:38:54.619+0200] {logging_mixin.py:151} INFO - [2026-05-29T10:38:54.619+0200] {dag.py:3696} INFO - Setting next_dagrun for example_sensor_decorator to None, run_after=None
[2026-05-29T10:38:54.636+0200] {processor.py:179} INFO - Processing /home/frederic/airflow_venv/lib/python3.10/site-packages/airflow/example_dags/example_sensor_decorator.py took 0.046 seconds
[2026-05-29T10:39:39.780+0200] {processor.py:157} INFO - Started process (PID=716003) to work on /home/frederic/airflow_venv/lib/python3.10/site-packages/airflow/example_dags/example_sensor_decorator.py
[2026-05-29T10:39:39.782+0200] {processor.py:829} INFO - Processing file /home/frederic/airflow_venv/lib/python3.10/site-packages/airflow/example_dags/example_sensor_decorator.py for tasks to queue
[2026-05-29T10:39:39.782+0200] {logging_mixin.py:151} INFO - [2026-05-29T10:39:39.782+0200] {dagbag.py:539} INFO - Filling up the DagBag from /home/frederic/airflow_venv/lib/python3.10/site-packages/airflow/example_dags/example_sensor_decorator.py
[2026-05-29T10:39:39.789+0200] {processor.py:839} INFO - DAG(s) dict_keys(['example_sensor_decorator']) retrieved from /home/frederic/airflow_venv/lib/python3.10/site-packages/airflow/example_dags/example_sensor_decorator.py
[2026-05-29T10:39:39.803+0200] {logging_mixin.py:151} INFO - [2026-05-29T10:39:39.803+0200] {dag.py:2915} INFO - Sync 1 DAGs
[2026-05-29T10:39:39.812+0200] {logging_mixin.py:151} INFO - [2026-05-29T10:39:39.812+0200] {dag.py:3696} INFO - Setting next_dagrun for example_sensor_decorator to None, run_after=None
[2026-05-29T10:39:39.827+0200] {processor.py:179} INFO - Processing /home/frederic/airflow_venv/lib/python3.10/site-packages/airflow/example_dags/example_sensor_decorator.py took 0.050 seconds
[2026-05-29T10:40:23.473+0200] {processor.py:157} INFO - Started process (PID=716593) to work on /home/frederic/airflow_venv/lib/python3.10/site-packages/airflow/example_dags/example_sensor_decorator.py
[2026-05-29T10:40:23.474+0200] {processor.py:829} INFO - Processing file /home/frederic/airflow_venv/lib/python3.10/site-packages/airflow/example_dags/example_sensor_decorator.py for tasks to queue
[2026-05-29T10:40:23.475+0200] {logging_mixin.py:151} INFO - [2026-05-29T10:40:23.474+0200] {dagbag.py:539} INFO - Filling up the DagBag from /home/frederic/airflow_venv/lib/python3.10/site-packages/airflow/example_dags/example_sensor_decorator.py
[2026-05-29T10:40:23.480+0200] {processor.py:839} INFO - DAG(s) dict_keys(['example_sensor_decorator']) retrieved from /home/frederic/airflow_venv/lib/python3.10/site-packages/airflow/example_dags/example_sensor_decorator.py
[2026-05-29T10:40:23.492+0200] {logging_mixin.py:151} INFO - [2026-05-29T10:40:23.492+0200] {dag.py:2915} INFO - Sync 1 DAGs
[2026-05-29T10:40:23.501+0200] {logging_mixin.py:151} INFO - [2026-05-29T10:40:23.501+0200] {dag.py:3696} INFO - Setting next_dagrun for example_sensor_decorator to None, run_after=None
[2026-05-29T10:40:23.515+0200] {processor.py:179} INFO - Processing /home/frederic/airflow_venv/lib/python3.10/site-packages/airflow/example_dags/example_sensor_decorator.py took 0.044 seconds
[2026-05-29T10:41:09.576+0200] {processor.py:157} INFO - Started process (PID=717082) to work on /home/frederic/airflow_venv/lib/python3.10/site-packages/airflow/example_dags/example_sensor_decorator.py
[2026-05-29T10:41:09.577+0200] {processor.py:829} INFO - Processing file /home/frederic/airflow_venv/lib/python3.10/site-packages/airflow/example_dags/example_sensor_decorator.py for tasks to queue
[2026-05-29T10:41:09.577+0200] {logging_mixin.py:151} INFO - [2026-05-29T10:41:09.577+0200] {dagbag.py:539} INFO - Filling up the DagBag from /home/frederic/airflow_venv/lib/python3.10/site-packages/airflow/example_dags/example_sensor_decorator.py
[2026-05-29T10:41:09.582+0200] {processor.py:839} INFO - DAG(s) dict_keys(['example_sensor_decorator']) retrieved from /home/frederic/airflow_venv/lib/python3.10/site-packages/airflow/example_dags/example_sensor_decorator.py
[2026-05-29T10:41:09.596+0200] {logging_mixin.py:151} INFO - [2026-05-29T10:41:09.596+0200] {dag.py:2915} INFO - Sync 1 DAGs
[2026-05-29T10:41:09.606+0200] {logging_mixin.py:151} INFO - [2026-05-29T10:41:09.606+0200] {dag.py:3696} INFO - Setting next_dagrun for example_sensor_decorator to None, run_after=None
[2026-05-29T10:41:09.623+0200] {processor.py:179} INFO - Processing /home/frederic/airflow_venv/lib/python3.10/site-packages/airflow/example_dags/example_sensor_decorator.py took 0.050 seconds
[2026-05-29T10:41:56.443+0200] {processor.py:157} INFO - Started process (PID=717519) to work on /home/frederic/airflow_venv/lib/python3.10/site-packages/airflow/example_dags/example_sensor_decorator.py
[2026-05-29T10:41:56.444+0200] {processor.py:829} INFO - Processing file /home/frederic/airflow_venv/lib/python3.10/site-packages/airflow/example_dags/example_sensor_decorator.py for tasks to queue
[2026-05-29T10:41:56.445+0200] {logging_mixin.py:151} INFO - [2026-05-29T10:41:56.445+0200] {dagbag.py:539} INFO - Filling up the DagBag from /home/frederic/airflow_venv/lib/python3.10/site-packages/airflow/example_dags/example_sensor_decorator.py
[2026-05-29T10:41:56.450+0200] {processor.py:839} INFO - DAG(s) dict_keys(['example_sensor_decorator']) retrieved from /home/frederic/airflow_venv/lib/python3.10/site-packages/airflow/example_dags/example_sensor_decorator.py
[2026-05-29T10:41:56.465+0200] {logging_mixin.py:151} INFO - [2026-05-29T10:41:56.465+0200] {dag.py:2915} INFO - Sync 1 DAGs
[2026-05-29T10:41:56.476+0200] {logging_mixin.py:151} INFO - [2026-05-29T10:41:56.476+0200] {dag.py:3696} INFO - Setting next_dagrun for example_sensor_decorator to None, run_after=None
[2026-05-29T10:41:56.495+0200] {processor.py:179} INFO - Processing /home/frederic/airflow_venv/lib/python3.10/site-packages/airflow/example_dags/example_sensor_decorator.py took 0.056 seconds
[2026-05-29T10:42:45.489+0200] {processor.py:157} INFO - Started process (PID=718007) to work on /home/frederic/airflow_venv/lib/python3.10/site-packages/airflow/example_dags/example_sensor_decorator.py
[2026-05-29T10:42:45.490+0200] {processor.py:829} INFO - Processing file /home/frederic/airflow_venv/lib/python3.10/site-packages/airflow/example_dags/example_sensor_decorator.py for tasks to queue
[2026-05-29T10:42:45.491+0200] {logging_mixin.py:151} INFO - [2026-05-29T10:42:45.490+0200] {dagbag.py:539} INFO - Filling up the DagBag from /home/frederic/airflow_venv/lib/python3.10/site-packages/airflow/example_dags/example_sensor_decorator.py
[2026-05-29T10:42:45.497+0200] {processor.py:839} INFO - DAG(s) dict_keys(['example_sensor_decorator']) retrieved from /home/frederic/airflow_venv/lib/python3.10/site-packages/airflow/example_dags/example_sensor_decorator.py
[2026-05-29T10:42:45.510+0200] {logging_mixin.py:151} INFO - [2026-05-29T10:42:45.510+0200] {dag.py:2915} INFO - Sync 1 DAGs
[2026-05-29T10:42:45.521+0200] {logging_mixin.py:151} INFO - [2026-05-29T10:42:45.521+0200] {dag.py:3696} INFO - Setting next_dagrun for example_sensor_decorator to None, run_after=None
[2026-05-29T10:42:45.541+0200] {processor.py:179} INFO - Processing /home/frederic/airflow_venv/lib/python3.10/site-packages/airflow/example_dags/example_sensor_decorator.py took 0.055 seconds
[2026-05-29T10:43:30.314+0200] {processor.py:157} INFO - Started process (PID=718573) to work on /home/frederic/airflow_venv/lib/python3.10/site-packages/airflow/example_dags/example_sensor_decorator.py
[2026-05-29T10:43:30.315+0200] {processor.py:829} INFO - Processing file /home/frederic/airflow_venv/lib/python3.10/site-packages/airflow/example_dags/example_sensor_decorator.py for tasks to queue
[2026-05-29T10:43:30.316+0200] {logging_mixin.py:151} INFO - [2026-05-29T10:43:30.315+0200] {dagbag.py:539} INFO - Filling up the DagBag from /home/frederic/airflow_venv/lib/python3.10/site-packages/airflow/example_dags/example_sensor_decorator.py
[2026-05-29T10:43:30.321+0200] {processor.py:839} INFO - DAG(s) dict_keys(['example_sensor_decorator']) retrieved from /home/frederic/airflow_venv/lib/python3.10/site-packages/airflow/example_dags/example_sensor_decorator.py
[2026-05-29T10:43:30.334+0200] {logging_mixin.py:151} INFO - [2026-05-29T10:43:30.333+0200] {dag.py:2915} INFO - Sync 1 DAGs
[2026-05-29T10:43:30.345+0200] {logging_mixin.py:151} INFO - [2026-05-29T10:43:30.344+0200] {dag.py:3696} INFO - Setting next_dagrun for example_sensor_decorator to None, run_after=None
[2026-05-29T10:43:30.361+0200] {processor.py:179} INFO - Processing /home/frederic/airflow_venv/lib/python3.10/site-packages/airflow/example_dags/example_sensor_decorator.py took 0.051 seconds
[2026-05-29T10:44:16.728+0200] {processor.py:157} INFO - Started process (PID=719059) to work on /home/frederic/airflow_venv/lib/python3.10/site-packages/airflow/example_dags/example_sensor_decorator.py
[2026-05-29T10:44:16.730+0200] {processor.py:829} INFO - Processing file /home/frederic/airflow_venv/lib/python3.10/site-packages/airflow/example_dags/example_sensor_decorator.py for tasks to queue
[2026-05-29T10:44:16.731+0200] {logging_mixin.py:151} INFO - [2026-05-29T10:44:16.731+0200] {dagbag.py:539} INFO - Filling up the DagBag from /home/frederic/airflow_venv/lib/python3.10/site-packages/airflow/example_dags/example_sensor_decorator.py
[2026-05-29T10:44:16.738+0200] {processor.py:839} INFO - DAG(s) dict_keys(['example_sensor_decorator']) retrieved from /home/frederic/airflow_venv/lib/python3.10/site-packages/airflow/example_dags/example_sensor_decorator.py
[2026-05-29T10:44:16.756+0200] {logging_mixin.py:151} INFO - [2026-05-29T10:44:16.755+0200] {dag.py:2915} INFO - Sync 1 DAGs
[2026-05-29T10:44:16.773+0200] {logging_mixin.py:151} INFO - [2026-05-29T10:44:16.772+0200] {dag.py:3696} INFO - Setting next_dagrun for example_sensor_decorator to None, run_after=None
[2026-05-29T10:44:16.804+0200] {processor.py:179} INFO - Processing /home/frederic/airflow_venv/lib/python3.10/site-packages/airflow/example_dags/example_sensor_decorator.py took 0.079 seconds
[2026-05-29T10:45:06.372+0200] {processor.py:157} INFO - Started process (PID=719851) to work on /home/frederic/airflow_venv/lib/python3.10/site-packages/airflow/example_dags/example_sensor_decorator.py
[2026-05-29T10:45:06.373+0200] {processor.py:829} INFO - Processing file /home/frederic/airflow_venv/lib/python3.10/site-packages/airflow/example_dags/example_sensor_decorator.py for tasks to queue
[2026-05-29T10:45:06.374+0200] {logging_mixin.py:151} INFO - [2026-05-29T10:45:06.373+0200] {dagbag.py:539} INFO - Filling up the DagBag from /home/frederic/airflow_venv/lib/python3.10/site-packages/airflow/example_dags/example_sensor_decorator.py
[2026-05-29T10:45:06.378+0200] {processor.py:839} INFO - DAG(s) dict_keys(['example_sensor_decorator']) retrieved from /home/frederic/airflow_venv/lib/python3.10/site-packages/airflow/example_dags/example_sensor_decorator.py
[2026-05-29T10:45:06.392+0200] {logging_mixin.py:151} INFO - [2026-05-29T10:45:06.392+0200] {dag.py:2915} INFO - Sync 1 DAGs
[2026-05-29T10:45:06.402+0200] {logging_mixin.py:151} INFO - [2026-05-29T10:45:06.402+0200] {dag.py:3696} INFO - Setting next_dagrun for example_sensor_decorator to None, run_after=None
[2026-05-29T10:45:06.418+0200] {processor.py:179} INFO - Processing /home/frederic/airflow_venv/lib/python3.10/site-packages/airflow/example_dags/example_sensor_decorator.py took 0.048 seconds
[2026-05-29T10:45:51.590+0200] {processor.py:157} INFO - Started process (PID=720328) to work on /home/frederic/airflow_venv/lib/python3.10/site-packages/airflow/example_dags/example_sensor_decorator.py
[2026-05-29T10:45:51.592+0200] {processor.py:829} INFO - Processing file /home/frederic/airflow_venv/lib/python3.10/site-packages/airflow/example_dags/example_sensor_decorator.py for tasks to queue
[2026-05-29T10:45:51.592+0200] {logging_mixin.py:151} INFO - [2026-05-29T10:45:51.592+0200] {dagbag.py:539} INFO - Filling up the DagBag from /home/frederic/airflow_venv/lib/python3.10/site-packages/airflow/example_dags/example_sensor_decorator.py
[2026-05-29T10:45:51.597+0200] {processor.py:839} INFO - DAG(s) dict_keys(['example_sensor_decorator']) retrieved from /home/frederic/airflow_venv/lib/python3.10/site-packages/airflow/example_dags/example_sensor_decorator.py
[2026-05-29T10:45:51.610+0200] {logging_mixin.py:151} INFO - [2026-05-29T10:45:51.610+0200] {dag.py:2915} INFO - Sync 1 DAGs
[2026-05-29T10:45:51.620+0200] {logging_mixin.py:151} INFO - [2026-05-29T10:45:51.620+0200] {dag.py:3696} INFO - Setting next_dagrun for example_sensor_decorator to None, run_after=None
[2026-05-29T10:45:51.636+0200] {processor.py:179} INFO - Processing /home/frederic/airflow_venv/lib/python3.10/site-packages/airflow/example_dags/example_sensor_decorator.py took 0.048 seconds
[2026-05-29T10:46:38.561+0200] {processor.py:157} INFO - Started process (PID=720823) to work on /home/frederic/airflow_venv/lib/python3.10/site-packages/airflow/example_dags/example_sensor_decorator.py
[2026-05-29T10:46:38.562+0200] {processor.py:829} INFO - Processing file /home/frederic/airflow_venv/lib/python3.10/site-packages/airflow/example_dags/example_sensor_decorator.py for tasks to queue
[2026-05-29T10:46:38.563+0200] {logging_mixin.py:151} INFO - [2026-05-29T10:46:38.563+0200] {dagbag.py:539} INFO - Filling up the DagBag from /home/frederic/airflow_venv/lib/python3.10/site-packages/airflow/example_dags/example_sensor_decorator.py
[2026-05-29T10:46:38.568+0200] {processor.py:839} INFO - DAG(s) dict_keys(['example_sensor_decorator']) retrieved from /home/frederic/airflow_venv/lib/python3.10/site-packages/airflow/example_dags/example_sensor_decorator.py
[2026-05-29T10:46:38.581+0200] {logging_mixin.py:151} INFO - [2026-05-29T10:46:38.581+0200] {dag.py:2915} INFO - Sync 1 DAGs
[2026-05-29T10:46:38.593+0200] {logging_mixin.py:151} INFO - [2026-05-29T10:46:38.593+0200] {dag.py:3696} INFO - Setting next_dagrun for example_sensor_decorator to None, run_after=None
[2026-05-29T10:46:38.613+0200] {processor.py:179} INFO - Processing /home/frederic/airflow_venv/lib/python3.10/site-packages/airflow/example_dags/example_sensor_decorator.py took 0.054 seconds
[2026-05-29T10:47:30.990+0200] {processor.py:157} INFO - Started process (PID=721923) to work on /home/frederic/airflow_venv/lib/python3.10/site-packages/airflow/example_dags/example_sensor_decorator.py
[2026-05-29T10:47:30.991+0200] {processor.py:829} INFO - Processing file /home/frederic/airflow_venv/lib/python3.10/site-packages/airflow/example_dags/example_sensor_decorator.py for tasks to queue
[2026-05-29T10:47:30.991+0200] {logging_mixin.py:151} INFO - [2026-05-29T10:47:30.991+0200] {dagbag.py:539} INFO - Filling up the DagBag from /home/frederic/airflow_venv/lib/python3.10/site-packages/airflow/example_dags/example_sensor_decorator.py
[2026-05-29T10:47:30.996+0200] {processor.py:839} INFO - DAG(s) dict_keys(['example_sensor_decorator']) retrieved from /home/frederic/airflow_venv/lib/python3.10/site-packages/airflow/example_dags/example_sensor_decorator.py
[2026-05-29T10:47:31.009+0200] {logging_mixin.py:151} INFO - [2026-05-29T10:47:31.008+0200] {dag.py:2915} INFO - Sync 1 DAGs
[2026-05-29T10:47:31.019+0200] {logging_mixin.py:151} INFO - [2026-05-29T10:47:31.019+0200] {dag.py:3696} INFO - Setting next_dagrun for example_sensor_decorator to None, run_after=None
[2026-05-29T10:47:31.036+0200] {processor.py:179} INFO - Processing /home/frederic/airflow_venv/lib/python3.10/site-packages/airflow/example_dags/example_sensor_decorator.py took 0.049 seconds
[2026-05-29T10:48:15.540+0200] {processor.py:157} INFO - Started process (PID=722446) to work on /home/frederic/airflow_venv/lib/python3.10/site-packages/airflow/example_dags/example_sensor_decorator.py
[2026-05-29T10:48:15.541+0200] {processor.py:829} INFO - Processing file /home/frederic/airflow_venv/lib/python3.10/site-packages/airflow/example_dags/example_sensor_decorator.py for tasks to queue
[2026-05-29T10:48:15.542+0200] {logging_mixin.py:151} INFO - [2026-05-29T10:48:15.541+0200] {dagbag.py:539} INFO - Filling up the DagBag from /home/frederic/airflow_venv/lib/python3.10/site-packages/airflow/example_dags/example_sensor_decorator.py
[2026-05-29T10:48:15.547+0200] {processor.py:839} INFO - DAG(s) dict_keys(['example_sensor_decorator']) retrieved from /home/frederic/airflow_venv/lib/python3.10/site-packages/airflow/example_dags/example_sensor_decorator.py
[2026-05-29T10:48:15.560+0200] {logging_mixin.py:151} INFO - [2026-05-29T10:48:15.560+0200] {dag.py:2915} INFO - Sync 1 DAGs
[2026-05-29T10:48:15.570+0200] {logging_mixin.py:151} INFO - [2026-05-29T10:48:15.570+0200] {dag.py:3696} INFO - Setting next_dagrun for example_sensor_decorator to None, run_after=None
[2026-05-29T10:48:15.584+0200] {processor.py:179} INFO - Processing /home/frederic/airflow_venv/lib/python3.10/site-packages/airflow/example_dags/example_sensor_decorator.py took 0.046 seconds
[2026-05-29T10:49:07.939+0200] {processor.py:157} INFO - Started process (PID=723024) to work on /home/frederic/airflow_venv/lib/python3.10/site-packages/airflow/example_dags/example_sensor_decorator.py
[2026-05-29T10:49:07.941+0200] {processor.py:829} INFO - Processing file /home/frederic/airflow_venv/lib/python3.10/site-packages/airflow/example_dags/example_sensor_decorator.py for tasks to queue
[2026-05-29T10:49:07.941+0200] {logging_mixin.py:151} INFO - [2026-05-29T10:49:07.941+0200] {dagbag.py:539} INFO - Filling up the DagBag from /home/frederic/airflow_venv/lib/python3.10/site-packages/airflow/example_dags/example_sensor_decorator.py
[2026-05-29T10:49:07.946+0200] {processor.py:839} INFO - DAG(s) dict_keys(['example_sensor_decorator']) retrieved from /home/frederic/airflow_venv/lib/python3.10/site-packages/airflow/example_dags/example_sensor_decorator.py
[2026-05-29T10:49:07.960+0200] {logging_mixin.py:151} INFO - [2026-05-29T10:49:07.960+0200] {dag.py:2915} INFO - Sync 1 DAGs
[2026-05-29T10:49:07.975+0200] {logging_mixin.py:151} INFO - [2026-05-29T10:49:07.975+0200] {dag.py:3696} INFO - Setting next_dagrun for example_sensor_decorator to None, run_after=None
[2026-05-29T10:49:07.991+0200] {processor.py:179} INFO - Processing /home/frederic/airflow_venv/lib/python3.10/site-packages/airflow/example_dags/example_sensor_decorator.py took 0.054 seconds
[2026-05-29T10:49:56.338+0200] {processor.py:157} INFO - Started process (PID=723465) to work on /home/frederic/airflow_venv/lib/python3.10/site-packages/airflow/example_dags/example_sensor_decorator.py
[2026-05-29T10:49:56.339+0200] {processor.py:829} INFO - Processing file /home/frederic/airflow_venv/lib/python3.10/site-packages/airflow/example_dags/example_sensor_decorator.py for tasks to queue
[2026-05-29T10:49:56.339+0200] {logging_mixin.py:151} INFO - [2026-05-29T10:49:56.339+0200] {dagbag.py:539} INFO - Filling up the DagBag from /home/frederic/airflow_venv/lib/python3.10/site-packages/airflow/example_dags/example_sensor_decorator.py
[2026-05-29T10:49:56.345+0200] {processor.py:839} INFO - DAG(s) dict_keys(['example_sensor_decorator']) retrieved from /home/frederic/airflow_venv/lib/python3.10/site-packages/airflow/example_dags/example_sensor_decorator.py
[2026-05-29T10:49:56.356+0200] {logging_mixin.py:151} INFO - [2026-05-29T10:49:56.356+0200] {dag.py:2915} INFO - Sync 1 DAGs
[2026-05-29T10:49:56.365+0200] {logging_mixin.py:151} INFO - [2026-05-29T10:49:56.365+0200] {dag.py:3696} INFO - Setting next_dagrun for example_sensor_decorator to None, run_after=None
[2026-05-29T10:49:56.382+0200] {processor.py:179} INFO - Processing /home/frederic/airflow_venv/lib/python3.10/site-packages/airflow/example_dags/example_sensor_decorator.py took 0.046 seconds
[2026-05-29T10:50:42.274+0200] {processor.py:157} INFO - Started process (PID=723947) to work on /home/frederic/airflow_venv/lib/python3.10/site-packages/airflow/example_dags/example_sensor_decorator.py
[2026-05-29T10:50:42.275+0200] {processor.py:829} INFO - Processing file /home/frederic/airflow_venv/lib/python3.10/site-packages/airflow/example_dags/example_sensor_decorator.py for tasks to queue
[2026-05-29T10:50:42.276+0200] {logging_mixin.py:151} INFO - [2026-05-29T10:50:42.275+0200] {dagbag.py:539} INFO - Filling up the DagBag from /home/frederic/airflow_venv/lib/python3.10/site-packages/airflow/example_dags/example_sensor_decorator.py
[2026-05-29T10:50:42.280+0200] {processor.py:839} INFO - DAG(s) dict_keys(['example_sensor_decorator']) retrieved from /home/frederic/airflow_venv/lib/python3.10/site-packages/airflow/example_dags/example_sensor_decorator.py
[2026-05-29T10:50:42.295+0200] {logging_mixin.py:151} INFO - [2026-05-29T10:50:42.294+0200] {dag.py:2915} INFO - Sync 1 DAGs
[2026-05-29T10:50:42.304+0200] {logging_mixin.py:151} INFO - [2026-05-29T10:50:42.304+0200] {dag.py:3696} INFO - Setting next_dagrun for example_sensor_decorator to None, run_after=None
[2026-05-29T10:50:42.321+0200] {processor.py:179} INFO - Processing /home/frederic/airflow_venv/lib/python3.10/site-packages/airflow/example_dags/example_sensor_decorator.py took 0.050 seconds
