[2026-05-29T02:00:26.744+0200] {processor.py:157} INFO - Started process (PID=633875) to work on /home/frederic/airflow_venv/lib/python3.10/site-packages/airflow/example_dags/example_skip_dag.py
[2026-05-29T02:00:26.745+0200] {processor.py:829} INFO - Processing file /home/frederic/airflow_venv/lib/python3.10/site-packages/airflow/example_dags/example_skip_dag.py for tasks to queue
[2026-05-29T02:00:26.746+0200] {logging_mixin.py:151} INFO - [2026-05-29T02:00:26.746+0200] {dagbag.py:539} INFO - Filling up the DagBag from /home/frederic/airflow_venv/lib/python3.10/site-packages/airflow/example_dags/example_skip_dag.py
[2026-05-29T02:00:26.756+0200] {processor.py:839} INFO - DAG(s) dict_keys(['example_skip_dag']) retrieved from /home/frederic/airflow_venv/lib/python3.10/site-packages/airflow/example_dags/example_skip_dag.py
[2026-05-29T02:00:26.778+0200] {logging_mixin.py:151} INFO - [2026-05-29T02:00:26.778+0200] {dag.py:2915} INFO - Sync 1 DAGs
[2026-05-29T02:00:26.807+0200] {logging_mixin.py:151} INFO - [2026-05-29T02:00:26.807+0200] {dag.py:3696} INFO - Setting next_dagrun for example_skip_dag to 2026-05-28T00:00:26.806776+00:00, run_after=2026-05-29T00:00:26.806776+00:00
[2026-05-29T02:00:26.831+0200] {processor.py:179} INFO - Processing /home/frederic/airflow_venv/lib/python3.10/site-packages/airflow/example_dags/example_skip_dag.py took 0.090 seconds
[2026-05-29T02:00:38.443+0200] {processor.py:157} INFO - Started process (PID=634269) to work on /home/frederic/airflow_venv/lib/python3.10/site-packages/airflow/example_dags/example_skip_dag.py
[2026-05-29T02:00:38.445+0200] {processor.py:829} INFO - Processing file /home/frederic/airflow_venv/lib/python3.10/site-packages/airflow/example_dags/example_skip_dag.py for tasks to queue
[2026-05-29T02:00:38.445+0200] {logging_mixin.py:151} INFO - [2026-05-29T02:00:38.445+0200] {dagbag.py:539} INFO - Filling up the DagBag from /home/frederic/airflow_venv/lib/python3.10/site-packages/airflow/example_dags/example_skip_dag.py
[2026-05-29T02:00:38.458+0200] {processor.py:839} INFO - DAG(s) dict_keys(['example_skip_dag']) retrieved from /home/frederic/airflow_venv/lib/python3.10/site-packages/airflow/example_dags/example_skip_dag.py
[2026-05-29T02:00:38.482+0200] {logging_mixin.py:151} INFO - [2026-05-29T02:00:38.481+0200] {dag.py:2915} INFO - Sync 1 DAGs
[2026-05-29T02:00:38.503+0200] {logging_mixin.py:151} INFO - [2026-05-29T02:00:38.503+0200] {dag.py:3696} INFO - Setting next_dagrun for example_skip_dag to 2026-05-28T00:00:38.503173+00:00, run_after=2026-05-29T00:00:38.503173+00:00
[2026-05-29T02:00:38.530+0200] {processor.py:179} INFO - Processing /home/frederic/airflow_venv/lib/python3.10/site-packages/airflow/example_dags/example_skip_dag.py took 0.090 seconds
[2026-05-29T02:01:12.181+0200] {processor.py:157} INFO - Started process (PID=635152) to work on /home/frederic/airflow_venv/lib/python3.10/site-packages/airflow/example_dags/example_skip_dag.py
[2026-05-29T02:01:12.182+0200] {processor.py:829} INFO - Processing file /home/frederic/airflow_venv/lib/python3.10/site-packages/airflow/example_dags/example_skip_dag.py for tasks to queue
[2026-05-29T02:01:12.183+0200] {logging_mixin.py:151} INFO - [2026-05-29T02:01:12.182+0200] {dagbag.py:539} INFO - Filling up the DagBag from /home/frederic/airflow_venv/lib/python3.10/site-packages/airflow/example_dags/example_skip_dag.py
[2026-05-29T02:01:12.189+0200] {processor.py:839} INFO - DAG(s) dict_keys(['example_skip_dag']) retrieved from /home/frederic/airflow_venv/lib/python3.10/site-packages/airflow/example_dags/example_skip_dag.py
[2026-05-29T02:01:12.202+0200] {logging_mixin.py:151} INFO - [2026-05-29T02:01:12.202+0200] {dag.py:2915} INFO - Sync 1 DAGs
[2026-05-29T02:01:12.218+0200] {logging_mixin.py:151} INFO - [2026-05-29T02:01:12.218+0200] {dag.py:3696} INFO - Setting next_dagrun for example_skip_dag to 2026-05-28T00:01:12.218419+00:00, run_after=2026-05-29T00:01:12.218419+00:00
[2026-05-29T02:01:12.232+0200] {processor.py:179} INFO - Processing /home/frederic/airflow_venv/lib/python3.10/site-packages/airflow/example_dags/example_skip_dag.py took 0.054 seconds
[2026-05-29T02:01:20.334+0200] {processor.py:157} INFO - Started process (PID=635459) to work on /home/frederic/airflow_venv/lib/python3.10/site-packages/airflow/example_dags/example_skip_dag.py
[2026-05-29T02:01:20.334+0200] {processor.py:829} INFO - Processing file /home/frederic/airflow_venv/lib/python3.10/site-packages/airflow/example_dags/example_skip_dag.py for tasks to queue
[2026-05-29T02:01:20.335+0200] {logging_mixin.py:151} INFO - [2026-05-29T02:01:20.335+0200] {dagbag.py:539} INFO - Filling up the DagBag from /home/frederic/airflow_venv/lib/python3.10/site-packages/airflow/example_dags/example_skip_dag.py
[2026-05-29T02:01:20.341+0200] {processor.py:839} INFO - DAG(s) dict_keys(['example_skip_dag']) retrieved from /home/frederic/airflow_venv/lib/python3.10/site-packages/airflow/example_dags/example_skip_dag.py
[2026-05-29T02:01:20.356+0200] {logging_mixin.py:151} INFO - [2026-05-29T02:01:20.356+0200] {dag.py:2915} INFO - Sync 1 DAGs
[2026-05-29T02:01:20.373+0200] {logging_mixin.py:151} INFO - [2026-05-29T02:01:20.373+0200] {dag.py:3696} INFO - Setting next_dagrun for example_skip_dag to 2026-05-28T00:01:20.373522+00:00, run_after=2026-05-29T00:01:20.373522+00:00
[2026-05-29T02:01:20.389+0200] {processor.py:179} INFO - Processing /home/frederic/airflow_venv/lib/python3.10/site-packages/airflow/example_dags/example_skip_dag.py took 0.058 seconds
[2026-05-29T02:01:56.422+0200] {processor.py:157} INFO - Started process (PID=636392) to work on /home/frederic/airflow_venv/lib/python3.10/site-packages/airflow/example_dags/example_skip_dag.py
[2026-05-29T02:01:56.424+0200] {processor.py:829} INFO - Processing file /home/frederic/airflow_venv/lib/python3.10/site-packages/airflow/example_dags/example_skip_dag.py for tasks to queue
[2026-05-29T02:01:56.425+0200] {logging_mixin.py:151} INFO - [2026-05-29T02:01:56.424+0200] {dagbag.py:539} INFO - Filling up the DagBag from /home/frederic/airflow_venv/lib/python3.10/site-packages/airflow/example_dags/example_skip_dag.py
[2026-05-29T02:01:56.433+0200] {processor.py:839} INFO - DAG(s) dict_keys(['example_skip_dag']) retrieved from /home/frederic/airflow_venv/lib/python3.10/site-packages/airflow/example_dags/example_skip_dag.py
[2026-05-29T02:01:56.451+0200] {logging_mixin.py:151} INFO - [2026-05-29T02:01:56.450+0200] {dag.py:2915} INFO - Sync 1 DAGs
[2026-05-29T02:01:56.473+0200] {logging_mixin.py:151} INFO - [2026-05-29T02:01:56.473+0200] {dag.py:3696} INFO - Setting next_dagrun for example_skip_dag to 2026-05-28T00:01:56.473148+00:00, run_after=2026-05-29T00:01:56.473148+00:00
[2026-05-29T02:01:56.490+0200] {processor.py:179} INFO - Processing /home/frederic/airflow_venv/lib/python3.10/site-packages/airflow/example_dags/example_skip_dag.py took 0.073 seconds
[2026-05-29T02:02:10.112+0200] {processor.py:157} INFO - Started process (PID=636797) to work on /home/frederic/airflow_venv/lib/python3.10/site-packages/airflow/example_dags/example_skip_dag.py
[2026-05-29T02:02:10.112+0200] {processor.py:829} INFO - Processing file /home/frederic/airflow_venv/lib/python3.10/site-packages/airflow/example_dags/example_skip_dag.py for tasks to queue
[2026-05-29T02:02:10.113+0200] {logging_mixin.py:151} INFO - [2026-05-29T02:02:10.113+0200] {dagbag.py:539} INFO - Filling up the DagBag from /home/frederic/airflow_venv/lib/python3.10/site-packages/airflow/example_dags/example_skip_dag.py
[2026-05-29T02:02:10.120+0200] {processor.py:839} INFO - DAG(s) dict_keys(['example_skip_dag']) retrieved from /home/frederic/airflow_venv/lib/python3.10/site-packages/airflow/example_dags/example_skip_dag.py
[2026-05-29T02:02:10.136+0200] {logging_mixin.py:151} INFO - [2026-05-29T02:02:10.135+0200] {dag.py:2915} INFO - Sync 1 DAGs
[2026-05-29T02:02:10.152+0200] {logging_mixin.py:151} INFO - [2026-05-29T02:02:10.152+0200] {dag.py:3696} INFO - Setting next_dagrun for example_skip_dag to 2026-05-28T00:02:10.152445+00:00, run_after=2026-05-29T00:02:10.152445+00:00
[2026-05-29T02:02:10.169+0200] {processor.py:179} INFO - Processing /home/frederic/airflow_venv/lib/python3.10/site-packages/airflow/example_dags/example_skip_dag.py took 0.060 seconds
[2026-05-29T02:02:43.347+0200] {processor.py:157} INFO - Started process (PID=637921) to work on /home/frederic/airflow_venv/lib/python3.10/site-packages/airflow/example_dags/example_skip_dag.py
[2026-05-29T02:02:43.348+0200] {processor.py:829} INFO - Processing file /home/frederic/airflow_venv/lib/python3.10/site-packages/airflow/example_dags/example_skip_dag.py for tasks to queue
[2026-05-29T02:02:43.348+0200] {logging_mixin.py:151} INFO - [2026-05-29T02:02:43.348+0200] {dagbag.py:539} INFO - Filling up the DagBag from /home/frederic/airflow_venv/lib/python3.10/site-packages/airflow/example_dags/example_skip_dag.py
[2026-05-29T02:02:43.355+0200] {processor.py:839} INFO - DAG(s) dict_keys(['example_skip_dag']) retrieved from /home/frederic/airflow_venv/lib/python3.10/site-packages/airflow/example_dags/example_skip_dag.py
[2026-05-29T02:02:43.373+0200] {logging_mixin.py:151} INFO - [2026-05-29T02:02:43.373+0200] {dag.py:2915} INFO - Sync 1 DAGs
[2026-05-29T02:02:43.403+0200] {logging_mixin.py:151} INFO - [2026-05-29T02:02:43.403+0200] {dag.py:3696} INFO - Setting next_dagrun for example_skip_dag to 2026-05-28T00:02:43.403121+00:00, run_after=2026-05-29T00:02:43.403121+00:00
[2026-05-29T02:02:43.432+0200] {processor.py:179} INFO - Processing /home/frederic/airflow_venv/lib/python3.10/site-packages/airflow/example_dags/example_skip_dag.py took 0.088 seconds
[2026-05-29T02:02:59.782+0200] {processor.py:157} INFO - Started process (PID=638298) to work on /home/frederic/airflow_venv/lib/python3.10/site-packages/airflow/example_dags/example_skip_dag.py
[2026-05-29T02:02:59.783+0200] {processor.py:829} INFO - Processing file /home/frederic/airflow_venv/lib/python3.10/site-packages/airflow/example_dags/example_skip_dag.py for tasks to queue
[2026-05-29T02:02:59.783+0200] {logging_mixin.py:151} INFO - [2026-05-29T02:02:59.783+0200] {dagbag.py:539} INFO - Filling up the DagBag from /home/frederic/airflow_venv/lib/python3.10/site-packages/airflow/example_dags/example_skip_dag.py
[2026-05-29T02:02:59.790+0200] {processor.py:839} INFO - DAG(s) dict_keys(['example_skip_dag']) retrieved from /home/frederic/airflow_venv/lib/python3.10/site-packages/airflow/example_dags/example_skip_dag.py
[2026-05-29T02:02:59.803+0200] {logging_mixin.py:151} INFO - [2026-05-29T02:02:59.803+0200] {dag.py:2915} INFO - Sync 1 DAGs
[2026-05-29T02:02:59.820+0200] {logging_mixin.py:151} INFO - [2026-05-29T02:02:59.819+0200] {dag.py:3696} INFO - Setting next_dagrun for example_skip_dag to 2026-05-28T00:02:59.819749+00:00, run_after=2026-05-29T00:02:59.819749+00:00
[2026-05-29T02:02:59.834+0200] {processor.py:179} INFO - Processing /home/frederic/airflow_venv/lib/python3.10/site-packages/airflow/example_dags/example_skip_dag.py took 0.055 seconds
[2026-05-29T02:03:31.913+0200] {processor.py:157} INFO - Started process (PID=639324) to work on /home/frederic/airflow_venv/lib/python3.10/site-packages/airflow/example_dags/example_skip_dag.py
[2026-05-29T02:03:31.914+0200] {processor.py:829} INFO - Processing file /home/frederic/airflow_venv/lib/python3.10/site-packages/airflow/example_dags/example_skip_dag.py for tasks to queue
[2026-05-29T02:03:31.915+0200] {logging_mixin.py:151} INFO - [2026-05-29T02:03:31.915+0200] {dagbag.py:539} INFO - Filling up the DagBag from /home/frederic/airflow_venv/lib/python3.10/site-packages/airflow/example_dags/example_skip_dag.py
[2026-05-29T02:03:31.924+0200] {processor.py:839} INFO - DAG(s) dict_keys(['example_skip_dag']) retrieved from /home/frederic/airflow_venv/lib/python3.10/site-packages/airflow/example_dags/example_skip_dag.py
[2026-05-29T02:03:31.942+0200] {logging_mixin.py:151} INFO - [2026-05-29T02:03:31.942+0200] {dag.py:2915} INFO - Sync 1 DAGs
[2026-05-29T02:03:31.959+0200] {logging_mixin.py:151} INFO - [2026-05-29T02:03:31.959+0200] {dag.py:3696} INFO - Setting next_dagrun for example_skip_dag to 2026-05-28T00:03:31.959517+00:00, run_after=2026-05-29T00:03:31.959517+00:00
[2026-05-29T02:03:31.975+0200] {processor.py:179} INFO - Processing /home/frederic/airflow_venv/lib/python3.10/site-packages/airflow/example_dags/example_skip_dag.py took 0.064 seconds
[2026-05-29T02:03:49.392+0200] {processor.py:157} INFO - Started process (PID=639848) to work on /home/frederic/airflow_venv/lib/python3.10/site-packages/airflow/example_dags/example_skip_dag.py
[2026-05-29T02:03:49.393+0200] {processor.py:829} INFO - Processing file /home/frederic/airflow_venv/lib/python3.10/site-packages/airflow/example_dags/example_skip_dag.py for tasks to queue
[2026-05-29T02:03:49.394+0200] {logging_mixin.py:151} INFO - [2026-05-29T02:03:49.393+0200] {dagbag.py:539} INFO - Filling up the DagBag from /home/frederic/airflow_venv/lib/python3.10/site-packages/airflow/example_dags/example_skip_dag.py
[2026-05-29T02:03:49.403+0200] {processor.py:839} INFO - DAG(s) dict_keys(['example_skip_dag']) retrieved from /home/frederic/airflow_venv/lib/python3.10/site-packages/airflow/example_dags/example_skip_dag.py
[2026-05-29T02:03:49.422+0200] {logging_mixin.py:151} INFO - [2026-05-29T02:03:49.422+0200] {dag.py:2915} INFO - Sync 1 DAGs
[2026-05-29T02:03:49.442+0200] {logging_mixin.py:151} INFO - [2026-05-29T02:03:49.442+0200] {dag.py:3696} INFO - Setting next_dagrun for example_skip_dag to 2026-05-28T00:03:49.442084+00:00, run_after=2026-05-29T00:03:49.442084+00:00
[2026-05-29T02:03:49.475+0200] {processor.py:179} INFO - Processing /home/frederic/airflow_venv/lib/python3.10/site-packages/airflow/example_dags/example_skip_dag.py took 0.086 seconds
[2026-05-29T09:58:15.234+0200] {processor.py:157} INFO - Started process (PID=681707) to work on /home/frederic/airflow_venv/lib/python3.10/site-packages/airflow/example_dags/example_skip_dag.py
[2026-05-29T09:58:15.235+0200] {processor.py:829} INFO - Processing file /home/frederic/airflow_venv/lib/python3.10/site-packages/airflow/example_dags/example_skip_dag.py for tasks to queue
[2026-05-29T09:58:15.236+0200] {logging_mixin.py:151} INFO - [2026-05-29T09:58:15.236+0200] {dagbag.py:539} INFO - Filling up the DagBag from /home/frederic/airflow_venv/lib/python3.10/site-packages/airflow/example_dags/example_skip_dag.py
[2026-05-29T09:58:15.243+0200] {processor.py:839} INFO - DAG(s) dict_keys(['example_skip_dag']) retrieved from /home/frederic/airflow_venv/lib/python3.10/site-packages/airflow/example_dags/example_skip_dag.py
[2026-05-29T09:58:15.250+0200] {logging_mixin.py:151} INFO - [2026-05-29T09:58:15.250+0200] {dag.py:2915} INFO - Sync 1 DAGs
[2026-05-29T09:58:15.268+0200] {logging_mixin.py:151} INFO - [2026-05-29T09:58:15.267+0200] {dag.py:3696} INFO - Setting next_dagrun for example_skip_dag to 2026-05-28T07:58:15.267732+00:00, run_after=2026-05-29T07:58:15.267732+00:00
[2026-05-29T09:58:15.283+0200] {processor.py:179} INFO - Processing /home/frederic/airflow_venv/lib/python3.10/site-packages/airflow/example_dags/example_skip_dag.py took 0.052 seconds
[2026-05-29T09:59:04.981+0200] {processor.py:157} INFO - Started process (PID=682741) to work on /home/frederic/airflow_venv/lib/python3.10/site-packages/airflow/example_dags/example_skip_dag.py
[2026-05-29T09:59:04.982+0200] {processor.py:829} INFO - Processing file /home/frederic/airflow_venv/lib/python3.10/site-packages/airflow/example_dags/example_skip_dag.py for tasks to queue
[2026-05-29T09:59:04.983+0200] {logging_mixin.py:151} INFO - [2026-05-29T09:59:04.983+0200] {dagbag.py:539} INFO - Filling up the DagBag from /home/frederic/airflow_venv/lib/python3.10/site-packages/airflow/example_dags/example_skip_dag.py
[2026-05-29T09:59:04.990+0200] {processor.py:839} INFO - DAG(s) dict_keys(['example_skip_dag']) retrieved from /home/frederic/airflow_venv/lib/python3.10/site-packages/airflow/example_dags/example_skip_dag.py
[2026-05-29T09:59:05.007+0200] {logging_mixin.py:151} INFO - [2026-05-29T09:59:05.007+0200] {dag.py:2915} INFO - Sync 1 DAGs
[2026-05-29T09:59:05.027+0200] {logging_mixin.py:151} INFO - [2026-05-29T09:59:05.026+0200] {dag.py:3696} INFO - Setting next_dagrun for example_skip_dag to 2026-05-28T07:59:05.026395+00:00, run_after=2026-05-29T07:59:05.026395+00:00
[2026-05-29T09:59:05.044+0200] {processor.py:179} INFO - Processing /home/frederic/airflow_venv/lib/python3.10/site-packages/airflow/example_dags/example_skip_dag.py took 0.065 seconds
[2026-05-29T09:59:51.501+0200] {processor.py:157} INFO - Started process (PID=683869) to work on /home/frederic/airflow_venv/lib/python3.10/site-packages/airflow/example_dags/example_skip_dag.py
[2026-05-29T09:59:51.502+0200] {processor.py:829} INFO - Processing file /home/frederic/airflow_venv/lib/python3.10/site-packages/airflow/example_dags/example_skip_dag.py for tasks to queue
[2026-05-29T09:59:51.503+0200] {logging_mixin.py:151} INFO - [2026-05-29T09:59:51.502+0200] {dagbag.py:539} INFO - Filling up the DagBag from /home/frederic/airflow_venv/lib/python3.10/site-packages/airflow/example_dags/example_skip_dag.py
[2026-05-29T09:59:51.510+0200] {processor.py:839} INFO - DAG(s) dict_keys(['example_skip_dag']) retrieved from /home/frederic/airflow_venv/lib/python3.10/site-packages/airflow/example_dags/example_skip_dag.py
[2026-05-29T09:59:51.529+0200] {logging_mixin.py:151} INFO - [2026-05-29T09:59:51.529+0200] {dag.py:2915} INFO - Sync 1 DAGs
[2026-05-29T09:59:51.550+0200] {logging_mixin.py:151} INFO - [2026-05-29T09:59:51.550+0200] {dag.py:3696} INFO - Setting next_dagrun for example_skip_dag to 2026-05-28T07:59:51.550140+00:00, run_after=2026-05-29T07:59:51.550140+00:00
[2026-05-29T09:59:51.570+0200] {processor.py:179} INFO - Processing /home/frederic/airflow_venv/lib/python3.10/site-packages/airflow/example_dags/example_skip_dag.py took 0.073 seconds
[2026-05-29T10:00:42.901+0200] {processor.py:157} INFO - Started process (PID=684806) to work on /home/frederic/airflow_venv/lib/python3.10/site-packages/airflow/example_dags/example_skip_dag.py
[2026-05-29T10:00:42.903+0200] {processor.py:829} INFO - Processing file /home/frederic/airflow_venv/lib/python3.10/site-packages/airflow/example_dags/example_skip_dag.py for tasks to queue
[2026-05-29T10:00:42.904+0200] {logging_mixin.py:151} INFO - [2026-05-29T10:00:42.903+0200] {dagbag.py:539} INFO - Filling up the DagBag from /home/frederic/airflow_venv/lib/python3.10/site-packages/airflow/example_dags/example_skip_dag.py
[2026-05-29T10:00:42.911+0200] {processor.py:839} INFO - DAG(s) dict_keys(['example_skip_dag']) retrieved from /home/frederic/airflow_venv/lib/python3.10/site-packages/airflow/example_dags/example_skip_dag.py
[2026-05-29T10:00:42.927+0200] {logging_mixin.py:151} INFO - [2026-05-29T10:00:42.927+0200] {dag.py:2915} INFO - Sync 1 DAGs
[2026-05-29T10:00:42.953+0200] {logging_mixin.py:151} INFO - [2026-05-29T10:00:42.953+0200] {dag.py:3696} INFO - Setting next_dagrun for example_skip_dag to 2026-05-28T08:00:42.952900+00:00, run_after=2026-05-29T08:00:42.952900+00:00
[2026-05-29T10:00:42.975+0200] {processor.py:179} INFO - Processing /home/frederic/airflow_venv/lib/python3.10/site-packages/airflow/example_dags/example_skip_dag.py took 0.077 seconds
[2026-05-29T10:01:30.617+0200] {processor.py:157} INFO - Started process (PID=685469) to work on /home/frederic/airflow_venv/lib/python3.10/site-packages/airflow/example_dags/example_skip_dag.py
[2026-05-29T10:01:30.620+0200] {processor.py:829} INFO - Processing file /home/frederic/airflow_venv/lib/python3.10/site-packages/airflow/example_dags/example_skip_dag.py for tasks to queue
[2026-05-29T10:01:30.621+0200] {logging_mixin.py:151} INFO - [2026-05-29T10:01:30.621+0200] {dagbag.py:539} INFO - Filling up the DagBag from /home/frederic/airflow_venv/lib/python3.10/site-packages/airflow/example_dags/example_skip_dag.py
[2026-05-29T10:01:30.629+0200] {processor.py:839} INFO - DAG(s) dict_keys(['example_skip_dag']) retrieved from /home/frederic/airflow_venv/lib/python3.10/site-packages/airflow/example_dags/example_skip_dag.py
[2026-05-29T10:01:30.646+0200] {logging_mixin.py:151} INFO - [2026-05-29T10:01:30.646+0200] {dag.py:2915} INFO - Sync 1 DAGs
[2026-05-29T10:01:30.664+0200] {logging_mixin.py:151} INFO - [2026-05-29T10:01:30.663+0200] {dag.py:3696} INFO - Setting next_dagrun for example_skip_dag to 2026-05-28T08:01:30.663460+00:00, run_after=2026-05-29T08:01:30.663460+00:00
[2026-05-29T10:01:30.682+0200] {processor.py:179} INFO - Processing /home/frederic/airflow_venv/lib/python3.10/site-packages/airflow/example_dags/example_skip_dag.py took 0.067 seconds
[2026-05-29T10:02:19.604+0200] {processor.py:157} INFO - Started process (PID=686101) to work on /home/frederic/airflow_venv/lib/python3.10/site-packages/airflow/example_dags/example_skip_dag.py
[2026-05-29T10:02:19.605+0200] {processor.py:829} INFO - Processing file /home/frederic/airflow_venv/lib/python3.10/site-packages/airflow/example_dags/example_skip_dag.py for tasks to queue
[2026-05-29T10:02:19.606+0200] {logging_mixin.py:151} INFO - [2026-05-29T10:02:19.606+0200] {dagbag.py:539} INFO - Filling up the DagBag from /home/frederic/airflow_venv/lib/python3.10/site-packages/airflow/example_dags/example_skip_dag.py
[2026-05-29T10:02:19.614+0200] {processor.py:839} INFO - DAG(s) dict_keys(['example_skip_dag']) retrieved from /home/frederic/airflow_venv/lib/python3.10/site-packages/airflow/example_dags/example_skip_dag.py
[2026-05-29T10:02:19.629+0200] {logging_mixin.py:151} INFO - [2026-05-29T10:02:19.629+0200] {dag.py:2915} INFO - Sync 1 DAGs
[2026-05-29T10:02:19.647+0200] {logging_mixin.py:151} INFO - [2026-05-29T10:02:19.647+0200] {dag.py:3696} INFO - Setting next_dagrun for example_skip_dag to 2026-05-28T08:02:19.647059+00:00, run_after=2026-05-29T08:02:19.647059+00:00
[2026-05-29T10:02:19.664+0200] {processor.py:179} INFO - Processing /home/frederic/airflow_venv/lib/python3.10/site-packages/airflow/example_dags/example_skip_dag.py took 0.062 seconds
[2026-05-29T10:03:05.180+0200] {processor.py:157} INFO - Started process (PID=686534) to work on /home/frederic/airflow_venv/lib/python3.10/site-packages/airflow/example_dags/example_skip_dag.py
[2026-05-29T10:03:05.181+0200] {processor.py:829} INFO - Processing file /home/frederic/airflow_venv/lib/python3.10/site-packages/airflow/example_dags/example_skip_dag.py for tasks to queue
[2026-05-29T10:03:05.182+0200] {logging_mixin.py:151} INFO - [2026-05-29T10:03:05.182+0200] {dagbag.py:539} INFO - Filling up the DagBag from /home/frederic/airflow_venv/lib/python3.10/site-packages/airflow/example_dags/example_skip_dag.py
[2026-05-29T10:03:05.188+0200] {processor.py:839} INFO - DAG(s) dict_keys(['example_skip_dag']) retrieved from /home/frederic/airflow_venv/lib/python3.10/site-packages/airflow/example_dags/example_skip_dag.py
[2026-05-29T10:03:05.204+0200] {logging_mixin.py:151} INFO - [2026-05-29T10:03:05.204+0200] {dag.py:2915} INFO - Sync 1 DAGs
[2026-05-29T10:03:05.223+0200] {logging_mixin.py:151} INFO - [2026-05-29T10:03:05.222+0200] {dag.py:3696} INFO - Setting next_dagrun for example_skip_dag to 2026-05-28T08:03:05.222510+00:00, run_after=2026-05-29T08:03:05.222510+00:00
[2026-05-29T10:03:05.240+0200] {processor.py:179} INFO - Processing /home/frederic/airflow_venv/lib/python3.10/site-packages/airflow/example_dags/example_skip_dag.py took 0.063 seconds
[2026-05-29T10:03:53.611+0200] {processor.py:157} INFO - Started process (PID=687493) to work on /home/frederic/airflow_venv/lib/python3.10/site-packages/airflow/example_dags/example_skip_dag.py
[2026-05-29T10:03:53.614+0200] {processor.py:829} INFO - Processing file /home/frederic/airflow_venv/lib/python3.10/site-packages/airflow/example_dags/example_skip_dag.py for tasks to queue
[2026-05-29T10:03:53.615+0200] {logging_mixin.py:151} INFO - [2026-05-29T10:03:53.615+0200] {dagbag.py:539} INFO - Filling up the DagBag from /home/frederic/airflow_venv/lib/python3.10/site-packages/airflow/example_dags/example_skip_dag.py
[2026-05-29T10:03:53.623+0200] {processor.py:839} INFO - DAG(s) dict_keys(['example_skip_dag']) retrieved from /home/frederic/airflow_venv/lib/python3.10/site-packages/airflow/example_dags/example_skip_dag.py
[2026-05-29T10:03:53.638+0200] {logging_mixin.py:151} INFO - [2026-05-29T10:03:53.638+0200] {dag.py:2915} INFO - Sync 1 DAGs
[2026-05-29T10:03:53.660+0200] {logging_mixin.py:151} INFO - [2026-05-29T10:03:53.660+0200] {dag.py:3696} INFO - Setting next_dagrun for example_skip_dag to 2026-05-28T08:03:53.660513+00:00, run_after=2026-05-29T08:03:53.660513+00:00
[2026-05-29T10:03:53.678+0200] {processor.py:179} INFO - Processing /home/frederic/airflow_venv/lib/python3.10/site-packages/airflow/example_dags/example_skip_dag.py took 0.069 seconds
[2026-05-29T10:04:43.614+0200] {processor.py:157} INFO - Started process (PID=688429) to work on /home/frederic/airflow_venv/lib/python3.10/site-packages/airflow/example_dags/example_skip_dag.py
[2026-05-29T10:04:43.615+0200] {processor.py:829} INFO - Processing file /home/frederic/airflow_venv/lib/python3.10/site-packages/airflow/example_dags/example_skip_dag.py for tasks to queue
[2026-05-29T10:04:43.616+0200] {logging_mixin.py:151} INFO - [2026-05-29T10:04:43.615+0200] {dagbag.py:539} INFO - Filling up the DagBag from /home/frederic/airflow_venv/lib/python3.10/site-packages/airflow/example_dags/example_skip_dag.py
[2026-05-29T10:04:43.623+0200] {processor.py:839} INFO - DAG(s) dict_keys(['example_skip_dag']) retrieved from /home/frederic/airflow_venv/lib/python3.10/site-packages/airflow/example_dags/example_skip_dag.py
[2026-05-29T10:04:43.643+0200] {logging_mixin.py:151} INFO - [2026-05-29T10:04:43.643+0200] {dag.py:2915} INFO - Sync 1 DAGs
[2026-05-29T10:04:43.664+0200] {logging_mixin.py:151} INFO - [2026-05-29T10:04:43.664+0200] {dag.py:3696} INFO - Setting next_dagrun for example_skip_dag to 2026-05-28T08:04:43.664356+00:00, run_after=2026-05-29T08:04:43.664356+00:00
[2026-05-29T10:04:43.686+0200] {processor.py:179} INFO - Processing /home/frederic/airflow_venv/lib/python3.10/site-packages/airflow/example_dags/example_skip_dag.py took 0.074 seconds
[2026-05-29T10:05:29.264+0200] {processor.py:157} INFO - Started process (PID=689577) to work on /home/frederic/airflow_venv/lib/python3.10/site-packages/airflow/example_dags/example_skip_dag.py
[2026-05-29T10:05:29.266+0200] {processor.py:829} INFO - Processing file /home/frederic/airflow_venv/lib/python3.10/site-packages/airflow/example_dags/example_skip_dag.py for tasks to queue
[2026-05-29T10:05:29.267+0200] {logging_mixin.py:151} INFO - [2026-05-29T10:05:29.266+0200] {dagbag.py:539} INFO - Filling up the DagBag from /home/frederic/airflow_venv/lib/python3.10/site-packages/airflow/example_dags/example_skip_dag.py
[2026-05-29T10:05:29.273+0200] {processor.py:839} INFO - DAG(s) dict_keys(['example_skip_dag']) retrieved from /home/frederic/airflow_venv/lib/python3.10/site-packages/airflow/example_dags/example_skip_dag.py
[2026-05-29T10:05:29.294+0200] {logging_mixin.py:151} INFO - [2026-05-29T10:05:29.293+0200] {dag.py:2915} INFO - Sync 1 DAGs
[2026-05-29T10:05:29.315+0200] {logging_mixin.py:151} INFO - [2026-05-29T10:05:29.315+0200] {dag.py:3696} INFO - Setting next_dagrun for example_skip_dag to 2026-05-28T08:05:29.315276+00:00, run_after=2026-05-29T08:05:29.315276+00:00
[2026-05-29T10:05:29.335+0200] {processor.py:179} INFO - Processing /home/frederic/airflow_venv/lib/python3.10/site-packages/airflow/example_dags/example_skip_dag.py took 0.075 seconds
[2026-05-29T10:06:16.258+0200] {processor.py:157} INFO - Started process (PID=690126) to work on /home/frederic/airflow_venv/lib/python3.10/site-packages/airflow/example_dags/example_skip_dag.py
[2026-05-29T10:06:16.259+0200] {processor.py:829} INFO - Processing file /home/frederic/airflow_venv/lib/python3.10/site-packages/airflow/example_dags/example_skip_dag.py for tasks to queue
[2026-05-29T10:06:16.260+0200] {logging_mixin.py:151} INFO - [2026-05-29T10:06:16.260+0200] {dagbag.py:539} INFO - Filling up the DagBag from /home/frederic/airflow_venv/lib/python3.10/site-packages/airflow/example_dags/example_skip_dag.py
[2026-05-29T10:06:16.267+0200] {processor.py:839} INFO - DAG(s) dict_keys(['example_skip_dag']) retrieved from /home/frederic/airflow_venv/lib/python3.10/site-packages/airflow/example_dags/example_skip_dag.py
[2026-05-29T10:06:16.290+0200] {logging_mixin.py:151} INFO - [2026-05-29T10:06:16.290+0200] {dag.py:2915} INFO - Sync 1 DAGs
[2026-05-29T10:06:16.316+0200] {logging_mixin.py:151} INFO - [2026-05-29T10:06:16.316+0200] {dag.py:3696} INFO - Setting next_dagrun for example_skip_dag to 2026-05-28T08:06:16.316338+00:00, run_after=2026-05-29T08:06:16.316338+00:00
[2026-05-29T10:06:16.334+0200] {processor.py:179} INFO - Processing /home/frederic/airflow_venv/lib/python3.10/site-packages/airflow/example_dags/example_skip_dag.py took 0.080 seconds
[2026-05-29T10:06:57.487+0200] {processor.py:157} INFO - Started process (PID=690678) to work on /home/frederic/airflow_venv/lib/python3.10/site-packages/airflow/example_dags/example_skip_dag.py
[2026-05-29T10:06:57.488+0200] {processor.py:829} INFO - Processing file /home/frederic/airflow_venv/lib/python3.10/site-packages/airflow/example_dags/example_skip_dag.py for tasks to queue
[2026-05-29T10:06:57.488+0200] {logging_mixin.py:151} INFO - [2026-05-29T10:06:57.488+0200] {dagbag.py:539} INFO - Filling up the DagBag from /home/frederic/airflow_venv/lib/python3.10/site-packages/airflow/example_dags/example_skip_dag.py
[2026-05-29T10:06:57.496+0200] {processor.py:839} INFO - DAG(s) dict_keys(['example_skip_dag']) retrieved from /home/frederic/airflow_venv/lib/python3.10/site-packages/airflow/example_dags/example_skip_dag.py
[2026-05-29T10:06:57.511+0200] {logging_mixin.py:151} INFO - [2026-05-29T10:06:57.511+0200] {dag.py:2915} INFO - Sync 1 DAGs
[2026-05-29T10:06:57.530+0200] {logging_mixin.py:151} INFO - [2026-05-29T10:06:57.529+0200] {dag.py:3696} INFO - Setting next_dagrun for example_skip_dag to 2026-05-28T08:06:57.529718+00:00, run_after=2026-05-29T08:06:57.529718+00:00
[2026-05-29T10:06:57.551+0200] {processor.py:179} INFO - Processing /home/frederic/airflow_venv/lib/python3.10/site-packages/airflow/example_dags/example_skip_dag.py took 0.067 seconds
[2026-05-29T10:07:51.403+0200] {processor.py:157} INFO - Started process (PID=691310) to work on /home/frederic/airflow_venv/lib/python3.10/site-packages/airflow/example_dags/example_skip_dag.py
[2026-05-29T10:07:51.404+0200] {processor.py:829} INFO - Processing file /home/frederic/airflow_venv/lib/python3.10/site-packages/airflow/example_dags/example_skip_dag.py for tasks to queue
[2026-05-29T10:07:51.405+0200] {logging_mixin.py:151} INFO - [2026-05-29T10:07:51.404+0200] {dagbag.py:539} INFO - Filling up the DagBag from /home/frederic/airflow_venv/lib/python3.10/site-packages/airflow/example_dags/example_skip_dag.py
[2026-05-29T10:07:51.412+0200] {processor.py:839} INFO - DAG(s) dict_keys(['example_skip_dag']) retrieved from /home/frederic/airflow_venv/lib/python3.10/site-packages/airflow/example_dags/example_skip_dag.py
[2026-05-29T10:07:51.428+0200] {logging_mixin.py:151} INFO - [2026-05-29T10:07:51.428+0200] {dag.py:2915} INFO - Sync 1 DAGs
[2026-05-29T10:07:51.453+0200] {logging_mixin.py:151} INFO - [2026-05-29T10:07:51.452+0200] {dag.py:3696} INFO - Setting next_dagrun for example_skip_dag to 2026-05-28T08:07:51.452585+00:00, run_after=2026-05-29T08:07:51.452585+00:00
[2026-05-29T10:07:51.469+0200] {processor.py:179} INFO - Processing /home/frederic/airflow_venv/lib/python3.10/site-packages/airflow/example_dags/example_skip_dag.py took 0.069 seconds
[2026-05-29T10:08:36.551+0200] {processor.py:157} INFO - Started process (PID=691829) to work on /home/frederic/airflow_venv/lib/python3.10/site-packages/airflow/example_dags/example_skip_dag.py
[2026-05-29T10:08:36.555+0200] {processor.py:829} INFO - Processing file /home/frederic/airflow_venv/lib/python3.10/site-packages/airflow/example_dags/example_skip_dag.py for tasks to queue
[2026-05-29T10:08:36.555+0200] {logging_mixin.py:151} INFO - [2026-05-29T10:08:36.555+0200] {dagbag.py:539} INFO - Filling up the DagBag from /home/frederic/airflow_venv/lib/python3.10/site-packages/airflow/example_dags/example_skip_dag.py
[2026-05-29T10:08:36.562+0200] {processor.py:839} INFO - DAG(s) dict_keys(['example_skip_dag']) retrieved from /home/frederic/airflow_venv/lib/python3.10/site-packages/airflow/example_dags/example_skip_dag.py
[2026-05-29T10:08:36.577+0200] {logging_mixin.py:151} INFO - [2026-05-29T10:08:36.577+0200] {dag.py:2915} INFO - Sync 1 DAGs
[2026-05-29T10:08:36.595+0200] {logging_mixin.py:151} INFO - [2026-05-29T10:08:36.595+0200] {dag.py:3696} INFO - Setting next_dagrun for example_skip_dag to 2026-05-28T08:08:36.595310+00:00, run_after=2026-05-29T08:08:36.595310+00:00
[2026-05-29T10:08:36.612+0200] {processor.py:179} INFO - Processing /home/frederic/airflow_venv/lib/python3.10/site-packages/airflow/example_dags/example_skip_dag.py took 0.063 seconds
[2026-05-29T10:09:22.784+0200] {processor.py:157} INFO - Started process (PID=692440) to work on /home/frederic/airflow_venv/lib/python3.10/site-packages/airflow/example_dags/example_skip_dag.py
[2026-05-29T10:09:22.787+0200] {processor.py:829} INFO - Processing file /home/frederic/airflow_venv/lib/python3.10/site-packages/airflow/example_dags/example_skip_dag.py for tasks to queue
[2026-05-29T10:09:22.788+0200] {logging_mixin.py:151} INFO - [2026-05-29T10:09:22.787+0200] {dagbag.py:539} INFO - Filling up the DagBag from /home/frederic/airflow_venv/lib/python3.10/site-packages/airflow/example_dags/example_skip_dag.py
[2026-05-29T10:09:22.797+0200] {processor.py:839} INFO - DAG(s) dict_keys(['example_skip_dag']) retrieved from /home/frederic/airflow_venv/lib/python3.10/site-packages/airflow/example_dags/example_skip_dag.py
[2026-05-29T10:09:22.814+0200] {logging_mixin.py:151} INFO - [2026-05-29T10:09:22.813+0200] {dag.py:2915} INFO - Sync 1 DAGs
[2026-05-29T10:09:22.832+0200] {logging_mixin.py:151} INFO - [2026-05-29T10:09:22.832+0200] {dag.py:3696} INFO - Setting next_dagrun for example_skip_dag to 2026-05-28T08:09:22.832053+00:00, run_after=2026-05-29T08:09:22.832053+00:00
[2026-05-29T10:09:22.849+0200] {processor.py:179} INFO - Processing /home/frederic/airflow_venv/lib/python3.10/site-packages/airflow/example_dags/example_skip_dag.py took 0.068 seconds
[2026-05-29T10:10:13.137+0200] {processor.py:157} INFO - Started process (PID=692994) to work on /home/frederic/airflow_venv/lib/python3.10/site-packages/airflow/example_dags/example_skip_dag.py
[2026-05-29T10:10:13.140+0200] {processor.py:829} INFO - Processing file /home/frederic/airflow_venv/lib/python3.10/site-packages/airflow/example_dags/example_skip_dag.py for tasks to queue
[2026-05-29T10:10:13.141+0200] {logging_mixin.py:151} INFO - [2026-05-29T10:10:13.141+0200] {dagbag.py:539} INFO - Filling up the DagBag from /home/frederic/airflow_venv/lib/python3.10/site-packages/airflow/example_dags/example_skip_dag.py
[2026-05-29T10:10:13.148+0200] {processor.py:839} INFO - DAG(s) dict_keys(['example_skip_dag']) retrieved from /home/frederic/airflow_venv/lib/python3.10/site-packages/airflow/example_dags/example_skip_dag.py
[2026-05-29T10:10:13.163+0200] {logging_mixin.py:151} INFO - [2026-05-29T10:10:13.162+0200] {dag.py:2915} INFO - Sync 1 DAGs
[2026-05-29T10:10:13.184+0200] {logging_mixin.py:151} INFO - [2026-05-29T10:10:13.184+0200] {dag.py:3696} INFO - Setting next_dagrun for example_skip_dag to 2026-05-28T08:10:13.183793+00:00, run_after=2026-05-29T08:10:13.183793+00:00
[2026-05-29T10:10:13.206+0200] {processor.py:179} INFO - Processing /home/frederic/airflow_venv/lib/python3.10/site-packages/airflow/example_dags/example_skip_dag.py took 0.072 seconds
[2026-05-29T10:11:01.473+0200] {processor.py:157} INFO - Started process (PID=694085) to work on /home/frederic/airflow_venv/lib/python3.10/site-packages/airflow/example_dags/example_skip_dag.py
[2026-05-29T10:11:01.475+0200] {processor.py:829} INFO - Processing file /home/frederic/airflow_venv/lib/python3.10/site-packages/airflow/example_dags/example_skip_dag.py for tasks to queue
[2026-05-29T10:11:01.477+0200] {logging_mixin.py:151} INFO - [2026-05-29T10:11:01.476+0200] {dagbag.py:539} INFO - Filling up the DagBag from /home/frederic/airflow_venv/lib/python3.10/site-packages/airflow/example_dags/example_skip_dag.py
[2026-05-29T10:11:01.492+0200] {processor.py:839} INFO - DAG(s) dict_keys(['example_skip_dag']) retrieved from /home/frederic/airflow_venv/lib/python3.10/site-packages/airflow/example_dags/example_skip_dag.py
[2026-05-29T10:11:01.518+0200] {logging_mixin.py:151} INFO - [2026-05-29T10:11:01.518+0200] {dag.py:2915} INFO - Sync 1 DAGs
[2026-05-29T10:11:01.546+0200] {logging_mixin.py:151} INFO - [2026-05-29T10:11:01.546+0200] {dag.py:3696} INFO - Setting next_dagrun for example_skip_dag to 2026-05-28T08:11:01.546275+00:00, run_after=2026-05-29T08:11:01.546275+00:00
[2026-05-29T10:11:01.573+0200] {processor.py:179} INFO - Processing /home/frederic/airflow_venv/lib/python3.10/site-packages/airflow/example_dags/example_skip_dag.py took 0.107 seconds
[2026-05-29T10:11:50.718+0200] {processor.py:157} INFO - Started process (PID=694994) to work on /home/frederic/airflow_venv/lib/python3.10/site-packages/airflow/example_dags/example_skip_dag.py
[2026-05-29T10:11:50.719+0200] {processor.py:829} INFO - Processing file /home/frederic/airflow_venv/lib/python3.10/site-packages/airflow/example_dags/example_skip_dag.py for tasks to queue
[2026-05-29T10:11:50.720+0200] {logging_mixin.py:151} INFO - [2026-05-29T10:11:50.720+0200] {dagbag.py:539} INFO - Filling up the DagBag from /home/frederic/airflow_venv/lib/python3.10/site-packages/airflow/example_dags/example_skip_dag.py
[2026-05-29T10:11:50.726+0200] {processor.py:839} INFO - DAG(s) dict_keys(['example_skip_dag']) retrieved from /home/frederic/airflow_venv/lib/python3.10/site-packages/airflow/example_dags/example_skip_dag.py
[2026-05-29T10:11:50.739+0200] {logging_mixin.py:151} INFO - [2026-05-29T10:11:50.738+0200] {dag.py:2915} INFO - Sync 1 DAGs
[2026-05-29T10:11:50.754+0200] {logging_mixin.py:151} INFO - [2026-05-29T10:11:50.754+0200] {dag.py:3696} INFO - Setting next_dagrun for example_skip_dag to 2026-05-28T08:11:50.754497+00:00, run_after=2026-05-29T08:11:50.754497+00:00
[2026-05-29T10:11:50.769+0200] {processor.py:179} INFO - Processing /home/frederic/airflow_venv/lib/python3.10/site-packages/airflow/example_dags/example_skip_dag.py took 0.053 seconds
[2026-05-29T10:12:32.900+0200] {processor.py:157} INFO - Started process (PID=695559) to work on /home/frederic/airflow_venv/lib/python3.10/site-packages/airflow/example_dags/example_skip_dag.py
[2026-05-29T10:12:32.901+0200] {processor.py:829} INFO - Processing file /home/frederic/airflow_venv/lib/python3.10/site-packages/airflow/example_dags/example_skip_dag.py for tasks to queue
[2026-05-29T10:12:32.902+0200] {logging_mixin.py:151} INFO - [2026-05-29T10:12:32.902+0200] {dagbag.py:539} INFO - Filling up the DagBag from /home/frederic/airflow_venv/lib/python3.10/site-packages/airflow/example_dags/example_skip_dag.py
[2026-05-29T10:12:32.908+0200] {processor.py:839} INFO - DAG(s) dict_keys(['example_skip_dag']) retrieved from /home/frederic/airflow_venv/lib/python3.10/site-packages/airflow/example_dags/example_skip_dag.py
[2026-05-29T10:12:32.919+0200] {logging_mixin.py:151} INFO - [2026-05-29T10:12:32.919+0200] {dag.py:2915} INFO - Sync 1 DAGs
[2026-05-29T10:12:32.934+0200] {logging_mixin.py:151} INFO - [2026-05-29T10:12:32.933+0200] {dag.py:3696} INFO - Setting next_dagrun for example_skip_dag to 2026-05-28T08:12:32.933756+00:00, run_after=2026-05-29T08:12:32.933756+00:00
[2026-05-29T10:12:32.948+0200] {processor.py:179} INFO - Processing /home/frederic/airflow_venv/lib/python3.10/site-packages/airflow/example_dags/example_skip_dag.py took 0.049 seconds
[2026-05-29T10:13:12.033+0200] {processor.py:157} INFO - Started process (PID=696013) to work on /home/frederic/airflow_venv/lib/python3.10/site-packages/airflow/example_dags/example_skip_dag.py
[2026-05-29T10:13:12.034+0200] {processor.py:829} INFO - Processing file /home/frederic/airflow_venv/lib/python3.10/site-packages/airflow/example_dags/example_skip_dag.py for tasks to queue
[2026-05-29T10:13:12.035+0200] {logging_mixin.py:151} INFO - [2026-05-29T10:13:12.035+0200] {dagbag.py:539} INFO - Filling up the DagBag from /home/frederic/airflow_venv/lib/python3.10/site-packages/airflow/example_dags/example_skip_dag.py
[2026-05-29T10:13:12.041+0200] {processor.py:839} INFO - DAG(s) dict_keys(['example_skip_dag']) retrieved from /home/frederic/airflow_venv/lib/python3.10/site-packages/airflow/example_dags/example_skip_dag.py
[2026-05-29T10:13:12.053+0200] {logging_mixin.py:151} INFO - [2026-05-29T10:13:12.053+0200] {dag.py:2915} INFO - Sync 1 DAGs
[2026-05-29T10:13:12.074+0200] {logging_mixin.py:151} INFO - [2026-05-29T10:13:12.074+0200] {dag.py:3696} INFO - Setting next_dagrun for example_skip_dag to 2026-05-28T08:13:12.073957+00:00, run_after=2026-05-29T08:13:12.073957+00:00
[2026-05-29T10:13:12.089+0200] {processor.py:179} INFO - Processing /home/frederic/airflow_venv/lib/python3.10/site-packages/airflow/example_dags/example_skip_dag.py took 0.058 seconds
[2026-05-29T10:13:59.618+0200] {processor.py:157} INFO - Started process (PID=696518) to work on /home/frederic/airflow_venv/lib/python3.10/site-packages/airflow/example_dags/example_skip_dag.py
[2026-05-29T10:13:59.619+0200] {processor.py:829} INFO - Processing file /home/frederic/airflow_venv/lib/python3.10/site-packages/airflow/example_dags/example_skip_dag.py for tasks to queue
[2026-05-29T10:13:59.620+0200] {logging_mixin.py:151} INFO - [2026-05-29T10:13:59.619+0200] {dagbag.py:539} INFO - Filling up the DagBag from /home/frederic/airflow_venv/lib/python3.10/site-packages/airflow/example_dags/example_skip_dag.py
[2026-05-29T10:13:59.627+0200] {processor.py:839} INFO - DAG(s) dict_keys(['example_skip_dag']) retrieved from /home/frederic/airflow_venv/lib/python3.10/site-packages/airflow/example_dags/example_skip_dag.py
[2026-05-29T10:13:59.650+0200] {logging_mixin.py:151} INFO - [2026-05-29T10:13:59.650+0200] {dag.py:2915} INFO - Sync 1 DAGs
[2026-05-29T10:13:59.684+0200] {logging_mixin.py:151} INFO - [2026-05-29T10:13:59.684+0200] {dag.py:3696} INFO - Setting next_dagrun for example_skip_dag to 2026-05-28T08:13:59.683683+00:00, run_after=2026-05-29T08:13:59.683683+00:00
[2026-05-29T10:13:59.716+0200] {processor.py:179} INFO - Processing /home/frederic/airflow_venv/lib/python3.10/site-packages/airflow/example_dags/example_skip_dag.py took 0.102 seconds
[2026-05-29T10:14:50.663+0200] {processor.py:157} INFO - Started process (PID=697197) to work on /home/frederic/airflow_venv/lib/python3.10/site-packages/airflow/example_dags/example_skip_dag.py
[2026-05-29T10:14:50.664+0200] {processor.py:829} INFO - Processing file /home/frederic/airflow_venv/lib/python3.10/site-packages/airflow/example_dags/example_skip_dag.py for tasks to queue
[2026-05-29T10:14:50.665+0200] {logging_mixin.py:151} INFO - [2026-05-29T10:14:50.664+0200] {dagbag.py:539} INFO - Filling up the DagBag from /home/frederic/airflow_venv/lib/python3.10/site-packages/airflow/example_dags/example_skip_dag.py
[2026-05-29T10:14:50.673+0200] {processor.py:839} INFO - DAG(s) dict_keys(['example_skip_dag']) retrieved from /home/frederic/airflow_venv/lib/python3.10/site-packages/airflow/example_dags/example_skip_dag.py
[2026-05-29T10:14:50.691+0200] {logging_mixin.py:151} INFO - [2026-05-29T10:14:50.691+0200] {dag.py:2915} INFO - Sync 1 DAGs
[2026-05-29T10:14:50.707+0200] {logging_mixin.py:151} INFO - [2026-05-29T10:14:50.707+0200] {dag.py:3696} INFO - Setting next_dagrun for example_skip_dag to 2026-05-28T08:14:50.707406+00:00, run_after=2026-05-29T08:14:50.707406+00:00
[2026-05-29T10:14:50.722+0200] {processor.py:179} INFO - Processing /home/frederic/airflow_venv/lib/python3.10/site-packages/airflow/example_dags/example_skip_dag.py took 0.061 seconds
[2026-05-29T10:15:36.928+0200] {processor.py:157} INFO - Started process (PID=697830) to work on /home/frederic/airflow_venv/lib/python3.10/site-packages/airflow/example_dags/example_skip_dag.py
[2026-05-29T10:15:36.929+0200] {processor.py:829} INFO - Processing file /home/frederic/airflow_venv/lib/python3.10/site-packages/airflow/example_dags/example_skip_dag.py for tasks to queue
[2026-05-29T10:15:36.930+0200] {logging_mixin.py:151} INFO - [2026-05-29T10:15:36.930+0200] {dagbag.py:539} INFO - Filling up the DagBag from /home/frederic/airflow_venv/lib/python3.10/site-packages/airflow/example_dags/example_skip_dag.py
[2026-05-29T10:15:36.936+0200] {processor.py:839} INFO - DAG(s) dict_keys(['example_skip_dag']) retrieved from /home/frederic/airflow_venv/lib/python3.10/site-packages/airflow/example_dags/example_skip_dag.py
[2026-05-29T10:15:36.948+0200] {logging_mixin.py:151} INFO - [2026-05-29T10:15:36.948+0200] {dag.py:2915} INFO - Sync 1 DAGs
[2026-05-29T10:15:36.963+0200] {logging_mixin.py:151} INFO - [2026-05-29T10:15:36.963+0200] {dag.py:3696} INFO - Setting next_dagrun for example_skip_dag to 2026-05-28T08:15:36.962993+00:00, run_after=2026-05-29T08:15:36.962993+00:00
[2026-05-29T10:15:36.978+0200] {processor.py:179} INFO - Processing /home/frederic/airflow_venv/lib/python3.10/site-packages/airflow/example_dags/example_skip_dag.py took 0.052 seconds
[2026-05-29T10:16:24.959+0200] {processor.py:157} INFO - Started process (PID=698644) to work on /home/frederic/airflow_venv/lib/python3.10/site-packages/airflow/example_dags/example_skip_dag.py
[2026-05-29T10:16:24.960+0200] {processor.py:829} INFO - Processing file /home/frederic/airflow_venv/lib/python3.10/site-packages/airflow/example_dags/example_skip_dag.py for tasks to queue
[2026-05-29T10:16:24.961+0200] {logging_mixin.py:151} INFO - [2026-05-29T10:16:24.960+0200] {dagbag.py:539} INFO - Filling up the DagBag from /home/frederic/airflow_venv/lib/python3.10/site-packages/airflow/example_dags/example_skip_dag.py
[2026-05-29T10:16:24.967+0200] {processor.py:839} INFO - DAG(s) dict_keys(['example_skip_dag']) retrieved from /home/frederic/airflow_venv/lib/python3.10/site-packages/airflow/example_dags/example_skip_dag.py
[2026-05-29T10:16:24.980+0200] {logging_mixin.py:151} INFO - [2026-05-29T10:16:24.980+0200] {dag.py:2915} INFO - Sync 1 DAGs
[2026-05-29T10:16:24.995+0200] {logging_mixin.py:151} INFO - [2026-05-29T10:16:24.995+0200] {dag.py:3696} INFO - Setting next_dagrun for example_skip_dag to 2026-05-28T08:16:24.994999+00:00, run_after=2026-05-29T08:16:24.994999+00:00
[2026-05-29T10:16:25.009+0200] {processor.py:179} INFO - Processing /home/frederic/airflow_venv/lib/python3.10/site-packages/airflow/example_dags/example_skip_dag.py took 0.052 seconds
[2026-05-29T10:17:10.382+0200] {processor.py:157} INFO - Started process (PID=699494) to work on /home/frederic/airflow_venv/lib/python3.10/site-packages/airflow/example_dags/example_skip_dag.py
[2026-05-29T10:17:10.383+0200] {processor.py:829} INFO - Processing file /home/frederic/airflow_venv/lib/python3.10/site-packages/airflow/example_dags/example_skip_dag.py for tasks to queue
[2026-05-29T10:17:10.383+0200] {logging_mixin.py:151} INFO - [2026-05-29T10:17:10.383+0200] {dagbag.py:539} INFO - Filling up the DagBag from /home/frederic/airflow_venv/lib/python3.10/site-packages/airflow/example_dags/example_skip_dag.py
[2026-05-29T10:17:10.390+0200] {processor.py:839} INFO - DAG(s) dict_keys(['example_skip_dag']) retrieved from /home/frederic/airflow_venv/lib/python3.10/site-packages/airflow/example_dags/example_skip_dag.py
[2026-05-29T10:17:10.403+0200] {logging_mixin.py:151} INFO - [2026-05-29T10:17:10.402+0200] {dag.py:2915} INFO - Sync 1 DAGs
[2026-05-29T10:17:10.418+0200] {logging_mixin.py:151} INFO - [2026-05-29T10:17:10.418+0200] {dag.py:3696} INFO - Setting next_dagrun for example_skip_dag to 2026-05-28T08:17:10.418478+00:00, run_after=2026-05-29T08:17:10.418478+00:00
[2026-05-29T10:17:10.434+0200] {processor.py:179} INFO - Processing /home/frederic/airflow_venv/lib/python3.10/site-packages/airflow/example_dags/example_skip_dag.py took 0.055 seconds
[2026-05-29T10:17:58.981+0200] {processor.py:157} INFO - Started process (PID=700498) to work on /home/frederic/airflow_venv/lib/python3.10/site-packages/airflow/example_dags/example_skip_dag.py
[2026-05-29T10:17:58.982+0200] {processor.py:829} INFO - Processing file /home/frederic/airflow_venv/lib/python3.10/site-packages/airflow/example_dags/example_skip_dag.py for tasks to queue
[2026-05-29T10:17:58.983+0200] {logging_mixin.py:151} INFO - [2026-05-29T10:17:58.983+0200] {dagbag.py:539} INFO - Filling up the DagBag from /home/frederic/airflow_venv/lib/python3.10/site-packages/airflow/example_dags/example_skip_dag.py
[2026-05-29T10:17:58.989+0200] {processor.py:839} INFO - DAG(s) dict_keys(['example_skip_dag']) retrieved from /home/frederic/airflow_venv/lib/python3.10/site-packages/airflow/example_dags/example_skip_dag.py
[2026-05-29T10:17:59.003+0200] {logging_mixin.py:151} INFO - [2026-05-29T10:17:59.002+0200] {dag.py:2915} INFO - Sync 1 DAGs
[2026-05-29T10:17:59.020+0200] {logging_mixin.py:151} INFO - [2026-05-29T10:17:59.020+0200] {dag.py:3696} INFO - Setting next_dagrun for example_skip_dag to 2026-05-28T08:17:59.019857+00:00, run_after=2026-05-29T08:17:59.019857+00:00
[2026-05-29T10:17:59.038+0200] {processor.py:179} INFO - Processing /home/frederic/airflow_venv/lib/python3.10/site-packages/airflow/example_dags/example_skip_dag.py took 0.059 seconds
[2026-05-29T10:18:41.905+0200] {processor.py:157} INFO - Started process (PID=700995) to work on /home/frederic/airflow_venv/lib/python3.10/site-packages/airflow/example_dags/example_skip_dag.py
[2026-05-29T10:18:41.907+0200] {processor.py:829} INFO - Processing file /home/frederic/airflow_venv/lib/python3.10/site-packages/airflow/example_dags/example_skip_dag.py for tasks to queue
[2026-05-29T10:18:41.908+0200] {logging_mixin.py:151} INFO - [2026-05-29T10:18:41.907+0200] {dagbag.py:539} INFO - Filling up the DagBag from /home/frederic/airflow_venv/lib/python3.10/site-packages/airflow/example_dags/example_skip_dag.py
[2026-05-29T10:18:41.914+0200] {processor.py:839} INFO - DAG(s) dict_keys(['example_skip_dag']) retrieved from /home/frederic/airflow_venv/lib/python3.10/site-packages/airflow/example_dags/example_skip_dag.py
[2026-05-29T10:18:41.927+0200] {logging_mixin.py:151} INFO - [2026-05-29T10:18:41.927+0200] {dag.py:2915} INFO - Sync 1 DAGs
[2026-05-29T10:18:41.943+0200] {logging_mixin.py:151} INFO - [2026-05-29T10:18:41.943+0200] {dag.py:3696} INFO - Setting next_dagrun for example_skip_dag to 2026-05-28T08:18:41.943352+00:00, run_after=2026-05-29T08:18:41.943352+00:00
[2026-05-29T10:18:41.959+0200] {processor.py:179} INFO - Processing /home/frederic/airflow_venv/lib/python3.10/site-packages/airflow/example_dags/example_skip_dag.py took 0.056 seconds
[2026-05-29T10:19:30.388+0200] {processor.py:157} INFO - Started process (PID=701479) to work on /home/frederic/airflow_venv/lib/python3.10/site-packages/airflow/example_dags/example_skip_dag.py
[2026-05-29T10:19:30.391+0200] {processor.py:829} INFO - Processing file /home/frederic/airflow_venv/lib/python3.10/site-packages/airflow/example_dags/example_skip_dag.py for tasks to queue
[2026-05-29T10:19:30.392+0200] {logging_mixin.py:151} INFO - [2026-05-29T10:19:30.391+0200] {dagbag.py:539} INFO - Filling up the DagBag from /home/frederic/airflow_venv/lib/python3.10/site-packages/airflow/example_dags/example_skip_dag.py
[2026-05-29T10:19:30.402+0200] {processor.py:839} INFO - DAG(s) dict_keys(['example_skip_dag']) retrieved from /home/frederic/airflow_venv/lib/python3.10/site-packages/airflow/example_dags/example_skip_dag.py
[2026-05-29T10:19:30.417+0200] {logging_mixin.py:151} INFO - [2026-05-29T10:19:30.417+0200] {dag.py:2915} INFO - Sync 1 DAGs
[2026-05-29T10:19:30.435+0200] {logging_mixin.py:151} INFO - [2026-05-29T10:19:30.434+0200] {dag.py:3696} INFO - Setting next_dagrun for example_skip_dag to 2026-05-28T08:19:30.434543+00:00, run_after=2026-05-29T08:19:30.434543+00:00
[2026-05-29T10:19:30.451+0200] {processor.py:179} INFO - Processing /home/frederic/airflow_venv/lib/python3.10/site-packages/airflow/example_dags/example_skip_dag.py took 0.064 seconds
[2026-05-29T10:20:19.566+0200] {processor.py:157} INFO - Started process (PID=702162) to work on /home/frederic/airflow_venv/lib/python3.10/site-packages/airflow/example_dags/example_skip_dag.py
[2026-05-29T10:20:19.567+0200] {processor.py:829} INFO - Processing file /home/frederic/airflow_venv/lib/python3.10/site-packages/airflow/example_dags/example_skip_dag.py for tasks to queue
[2026-05-29T10:20:19.568+0200] {logging_mixin.py:151} INFO - [2026-05-29T10:20:19.568+0200] {dagbag.py:539} INFO - Filling up the DagBag from /home/frederic/airflow_venv/lib/python3.10/site-packages/airflow/example_dags/example_skip_dag.py
[2026-05-29T10:20:19.573+0200] {processor.py:839} INFO - DAG(s) dict_keys(['example_skip_dag']) retrieved from /home/frederic/airflow_venv/lib/python3.10/site-packages/airflow/example_dags/example_skip_dag.py
[2026-05-29T10:20:19.586+0200] {logging_mixin.py:151} INFO - [2026-05-29T10:20:19.586+0200] {dag.py:2915} INFO - Sync 1 DAGs
[2026-05-29T10:20:19.601+0200] {logging_mixin.py:151} INFO - [2026-05-29T10:20:19.601+0200] {dag.py:3696} INFO - Setting next_dagrun for example_skip_dag to 2026-05-28T08:20:19.601200+00:00, run_after=2026-05-29T08:20:19.601200+00:00
[2026-05-29T10:20:19.616+0200] {processor.py:179} INFO - Processing /home/frederic/airflow_venv/lib/python3.10/site-packages/airflow/example_dags/example_skip_dag.py took 0.051 seconds
[2026-05-29T10:21:11.064+0200] {processor.py:157} INFO - Started process (PID=702648) to work on /home/frederic/airflow_venv/lib/python3.10/site-packages/airflow/example_dags/example_skip_dag.py
[2026-05-29T10:21:11.065+0200] {processor.py:829} INFO - Processing file /home/frederic/airflow_venv/lib/python3.10/site-packages/airflow/example_dags/example_skip_dag.py for tasks to queue
[2026-05-29T10:21:11.066+0200] {logging_mixin.py:151} INFO - [2026-05-29T10:21:11.065+0200] {dagbag.py:539} INFO - Filling up the DagBag from /home/frederic/airflow_venv/lib/python3.10/site-packages/airflow/example_dags/example_skip_dag.py
[2026-05-29T10:21:11.072+0200] {processor.py:839} INFO - DAG(s) dict_keys(['example_skip_dag']) retrieved from /home/frederic/airflow_venv/lib/python3.10/site-packages/airflow/example_dags/example_skip_dag.py
[2026-05-29T10:21:11.085+0200] {logging_mixin.py:151} INFO - [2026-05-29T10:21:11.085+0200] {dag.py:2915} INFO - Sync 1 DAGs
[2026-05-29T10:21:11.100+0200] {logging_mixin.py:151} INFO - [2026-05-29T10:21:11.100+0200] {dag.py:3696} INFO - Setting next_dagrun for example_skip_dag to 2026-05-28T08:21:11.100423+00:00, run_after=2026-05-29T08:21:11.100423+00:00
[2026-05-29T10:21:11.115+0200] {processor.py:179} INFO - Processing /home/frederic/airflow_venv/lib/python3.10/site-packages/airflow/example_dags/example_skip_dag.py took 0.053 seconds
[2026-05-29T10:21:57.241+0200] {processor.py:157} INFO - Started process (PID=703075) to work on /home/frederic/airflow_venv/lib/python3.10/site-packages/airflow/example_dags/example_skip_dag.py
[2026-05-29T10:21:57.242+0200] {processor.py:829} INFO - Processing file /home/frederic/airflow_venv/lib/python3.10/site-packages/airflow/example_dags/example_skip_dag.py for tasks to queue
[2026-05-29T10:21:57.243+0200] {logging_mixin.py:151} INFO - [2026-05-29T10:21:57.242+0200] {dagbag.py:539} INFO - Filling up the DagBag from /home/frederic/airflow_venv/lib/python3.10/site-packages/airflow/example_dags/example_skip_dag.py
[2026-05-29T10:21:57.252+0200] {processor.py:839} INFO - DAG(s) dict_keys(['example_skip_dag']) retrieved from /home/frederic/airflow_venv/lib/python3.10/site-packages/airflow/example_dags/example_skip_dag.py
[2026-05-29T10:21:57.265+0200] {logging_mixin.py:151} INFO - [2026-05-29T10:21:57.265+0200] {dag.py:2915} INFO - Sync 1 DAGs
[2026-05-29T10:21:57.380+0200] {logging_mixin.py:151} INFO - [2026-05-29T10:21:57.380+0200] {dag.py:3696} INFO - Setting next_dagrun for example_skip_dag to 2026-05-28T08:21:57.380215+00:00, run_after=2026-05-29T08:21:57.380215+00:00
[2026-05-29T10:21:57.397+0200] {processor.py:179} INFO - Processing /home/frederic/airflow_venv/lib/python3.10/site-packages/airflow/example_dags/example_skip_dag.py took 0.160 seconds
[2026-05-29T10:22:46.792+0200] {processor.py:157} INFO - Started process (PID=703558) to work on /home/frederic/airflow_venv/lib/python3.10/site-packages/airflow/example_dags/example_skip_dag.py
[2026-05-29T10:22:46.793+0200] {processor.py:829} INFO - Processing file /home/frederic/airflow_venv/lib/python3.10/site-packages/airflow/example_dags/example_skip_dag.py for tasks to queue
[2026-05-29T10:22:46.794+0200] {logging_mixin.py:151} INFO - [2026-05-29T10:22:46.793+0200] {dagbag.py:539} INFO - Filling up the DagBag from /home/frederic/airflow_venv/lib/python3.10/site-packages/airflow/example_dags/example_skip_dag.py
[2026-05-29T10:22:46.800+0200] {processor.py:839} INFO - DAG(s) dict_keys(['example_skip_dag']) retrieved from /home/frederic/airflow_venv/lib/python3.10/site-packages/airflow/example_dags/example_skip_dag.py
[2026-05-29T10:22:46.814+0200] {logging_mixin.py:151} INFO - [2026-05-29T10:22:46.814+0200] {dag.py:2915} INFO - Sync 1 DAGs
[2026-05-29T10:22:46.830+0200] {logging_mixin.py:151} INFO - [2026-05-29T10:22:46.830+0200] {dag.py:3696} INFO - Setting next_dagrun for example_skip_dag to 2026-05-28T08:22:46.830291+00:00, run_after=2026-05-29T08:22:46.830291+00:00
[2026-05-29T10:22:46.850+0200] {processor.py:179} INFO - Processing /home/frederic/airflow_venv/lib/python3.10/site-packages/airflow/example_dags/example_skip_dag.py took 0.060 seconds
[2026-05-29T10:23:34.604+0200] {processor.py:157} INFO - Started process (PID=704153) to work on /home/frederic/airflow_venv/lib/python3.10/site-packages/airflow/example_dags/example_skip_dag.py
[2026-05-29T10:23:34.605+0200] {processor.py:829} INFO - Processing file /home/frederic/airflow_venv/lib/python3.10/site-packages/airflow/example_dags/example_skip_dag.py for tasks to queue
[2026-05-29T10:23:34.605+0200] {logging_mixin.py:151} INFO - [2026-05-29T10:23:34.605+0200] {dagbag.py:539} INFO - Filling up the DagBag from /home/frederic/airflow_venv/lib/python3.10/site-packages/airflow/example_dags/example_skip_dag.py
[2026-05-29T10:23:34.611+0200] {processor.py:839} INFO - DAG(s) dict_keys(['example_skip_dag']) retrieved from /home/frederic/airflow_venv/lib/python3.10/site-packages/airflow/example_dags/example_skip_dag.py
[2026-05-29T10:23:34.623+0200] {logging_mixin.py:151} INFO - [2026-05-29T10:23:34.623+0200] {dag.py:2915} INFO - Sync 1 DAGs
[2026-05-29T10:23:34.637+0200] {logging_mixin.py:151} INFO - [2026-05-29T10:23:34.637+0200] {dag.py:3696} INFO - Setting next_dagrun for example_skip_dag to 2026-05-28T08:23:34.637438+00:00, run_after=2026-05-29T08:23:34.637438+00:00
[2026-05-29T10:23:34.656+0200] {processor.py:179} INFO - Processing /home/frederic/airflow_venv/lib/python3.10/site-packages/airflow/example_dags/example_skip_dag.py took 0.054 seconds
[2026-05-29T10:24:25.245+0200] {processor.py:157} INFO - Started process (PID=704680) to work on /home/frederic/airflow_venv/lib/python3.10/site-packages/airflow/example_dags/example_skip_dag.py
[2026-05-29T10:24:25.246+0200] {processor.py:829} INFO - Processing file /home/frederic/airflow_venv/lib/python3.10/site-packages/airflow/example_dags/example_skip_dag.py for tasks to queue
[2026-05-29T10:24:25.247+0200] {logging_mixin.py:151} INFO - [2026-05-29T10:24:25.247+0200] {dagbag.py:539} INFO - Filling up the DagBag from /home/frederic/airflow_venv/lib/python3.10/site-packages/airflow/example_dags/example_skip_dag.py
[2026-05-29T10:24:25.254+0200] {processor.py:839} INFO - DAG(s) dict_keys(['example_skip_dag']) retrieved from /home/frederic/airflow_venv/lib/python3.10/site-packages/airflow/example_dags/example_skip_dag.py
[2026-05-29T10:24:25.268+0200] {logging_mixin.py:151} INFO - [2026-05-29T10:24:25.268+0200] {dag.py:2915} INFO - Sync 1 DAGs
[2026-05-29T10:24:25.284+0200] {logging_mixin.py:151} INFO - [2026-05-29T10:24:25.283+0200] {dag.py:3696} INFO - Setting next_dagrun for example_skip_dag to 2026-05-28T08:24:25.283798+00:00, run_after=2026-05-29T08:24:25.283798+00:00
[2026-05-29T10:24:25.300+0200] {processor.py:179} INFO - Processing /home/frederic/airflow_venv/lib/python3.10/site-packages/airflow/example_dags/example_skip_dag.py took 0.057 seconds
[2026-05-29T10:25:19.517+0200] {processor.py:157} INFO - Started process (PID=705220) to work on /home/frederic/airflow_venv/lib/python3.10/site-packages/airflow/example_dags/example_skip_dag.py
[2026-05-29T10:25:19.518+0200] {processor.py:829} INFO - Processing file /home/frederic/airflow_venv/lib/python3.10/site-packages/airflow/example_dags/example_skip_dag.py for tasks to queue
[2026-05-29T10:25:19.519+0200] {logging_mixin.py:151} INFO - [2026-05-29T10:25:19.518+0200] {dagbag.py:539} INFO - Filling up the DagBag from /home/frederic/airflow_venv/lib/python3.10/site-packages/airflow/example_dags/example_skip_dag.py
[2026-05-29T10:25:19.527+0200] {processor.py:839} INFO - DAG(s) dict_keys(['example_skip_dag']) retrieved from /home/frederic/airflow_venv/lib/python3.10/site-packages/airflow/example_dags/example_skip_dag.py
[2026-05-29T10:25:19.546+0200] {logging_mixin.py:151} INFO - [2026-05-29T10:25:19.545+0200] {dag.py:2915} INFO - Sync 1 DAGs
[2026-05-29T10:25:19.666+0200] {logging_mixin.py:151} INFO - [2026-05-29T10:25:19.666+0200] {dag.py:3696} INFO - Setting next_dagrun for example_skip_dag to 2026-05-28T08:25:19.666276+00:00, run_after=2026-05-29T08:25:19.666276+00:00
[2026-05-29T10:25:19.683+0200] {processor.py:179} INFO - Processing /home/frederic/airflow_venv/lib/python3.10/site-packages/airflow/example_dags/example_skip_dag.py took 0.170 seconds
[2026-05-29T10:26:15.171+0200] {processor.py:157} INFO - Started process (PID=705769) to work on /home/frederic/airflow_venv/lib/python3.10/site-packages/airflow/example_dags/example_skip_dag.py
[2026-05-29T10:26:15.172+0200] {processor.py:829} INFO - Processing file /home/frederic/airflow_venv/lib/python3.10/site-packages/airflow/example_dags/example_skip_dag.py for tasks to queue
[2026-05-29T10:26:15.173+0200] {logging_mixin.py:151} INFO - [2026-05-29T10:26:15.173+0200] {dagbag.py:539} INFO - Filling up the DagBag from /home/frederic/airflow_venv/lib/python3.10/site-packages/airflow/example_dags/example_skip_dag.py
[2026-05-29T10:26:15.181+0200] {processor.py:839} INFO - DAG(s) dict_keys(['example_skip_dag']) retrieved from /home/frederic/airflow_venv/lib/python3.10/site-packages/airflow/example_dags/example_skip_dag.py
[2026-05-29T10:26:15.194+0200] {logging_mixin.py:151} INFO - [2026-05-29T10:26:15.194+0200] {dag.py:2915} INFO - Sync 1 DAGs
[2026-05-29T10:26:15.211+0200] {logging_mixin.py:151} INFO - [2026-05-29T10:26:15.210+0200] {dag.py:3696} INFO - Setting next_dagrun for example_skip_dag to 2026-05-28T08:26:15.210804+00:00, run_after=2026-05-29T08:26:15.210804+00:00
[2026-05-29T10:26:15.226+0200] {processor.py:179} INFO - Processing /home/frederic/airflow_venv/lib/python3.10/site-packages/airflow/example_dags/example_skip_dag.py took 0.057 seconds
[2026-05-29T10:27:06.724+0200] {processor.py:157} INFO - Started process (PID=706291) to work on /home/frederic/airflow_venv/lib/python3.10/site-packages/airflow/example_dags/example_skip_dag.py
[2026-05-29T10:27:06.725+0200] {processor.py:829} INFO - Processing file /home/frederic/airflow_venv/lib/python3.10/site-packages/airflow/example_dags/example_skip_dag.py for tasks to queue
[2026-05-29T10:27:06.725+0200] {logging_mixin.py:151} INFO - [2026-05-29T10:27:06.725+0200] {dagbag.py:539} INFO - Filling up the DagBag from /home/frederic/airflow_venv/lib/python3.10/site-packages/airflow/example_dags/example_skip_dag.py
[2026-05-29T10:27:06.807+0200] {processor.py:839} INFO - DAG(s) dict_keys(['example_skip_dag']) retrieved from /home/frederic/airflow_venv/lib/python3.10/site-packages/airflow/example_dags/example_skip_dag.py
[2026-05-29T10:27:06.816+0200] {logging_mixin.py:151} INFO - [2026-05-29T10:27:06.816+0200] {dag.py:2915} INFO - Sync 1 DAGs
[2026-05-29T10:27:06.829+0200] {logging_mixin.py:151} INFO - [2026-05-29T10:27:06.829+0200] {dag.py:3696} INFO - Setting next_dagrun for example_skip_dag to 2026-05-28T08:27:06.829373+00:00, run_after=2026-05-29T08:27:06.829373+00:00
[2026-05-29T10:27:06.842+0200] {processor.py:179} INFO - Processing /home/frederic/airflow_venv/lib/python3.10/site-packages/airflow/example_dags/example_skip_dag.py took 0.121 seconds
[2026-05-29T10:27:53.393+0200] {processor.py:157} INFO - Started process (PID=706718) to work on /home/frederic/airflow_venv/lib/python3.10/site-packages/airflow/example_dags/example_skip_dag.py
[2026-05-29T10:27:53.394+0200] {processor.py:829} INFO - Processing file /home/frederic/airflow_venv/lib/python3.10/site-packages/airflow/example_dags/example_skip_dag.py for tasks to queue
[2026-05-29T10:27:53.395+0200] {logging_mixin.py:151} INFO - [2026-05-29T10:27:53.395+0200] {dagbag.py:539} INFO - Filling up the DagBag from /home/frederic/airflow_venv/lib/python3.10/site-packages/airflow/example_dags/example_skip_dag.py
[2026-05-29T10:27:53.401+0200] {processor.py:839} INFO - DAG(s) dict_keys(['example_skip_dag']) retrieved from /home/frederic/airflow_venv/lib/python3.10/site-packages/airflow/example_dags/example_skip_dag.py
[2026-05-29T10:27:53.414+0200] {logging_mixin.py:151} INFO - [2026-05-29T10:27:53.414+0200] {dag.py:2915} INFO - Sync 1 DAGs
[2026-05-29T10:27:53.430+0200] {logging_mixin.py:151} INFO - [2026-05-29T10:27:53.430+0200] {dag.py:3696} INFO - Setting next_dagrun for example_skip_dag to 2026-05-28T08:27:53.430516+00:00, run_after=2026-05-29T08:27:53.430516+00:00
[2026-05-29T10:27:53.448+0200] {processor.py:179} INFO - Processing /home/frederic/airflow_venv/lib/python3.10/site-packages/airflow/example_dags/example_skip_dag.py took 0.057 seconds
[2026-05-29T10:28:34.930+0200] {processor.py:157} INFO - Started process (PID=707356) to work on /home/frederic/airflow_venv/lib/python3.10/site-packages/airflow/example_dags/example_skip_dag.py
[2026-05-29T10:28:34.931+0200] {processor.py:829} INFO - Processing file /home/frederic/airflow_venv/lib/python3.10/site-packages/airflow/example_dags/example_skip_dag.py for tasks to queue
[2026-05-29T10:28:34.931+0200] {logging_mixin.py:151} INFO - [2026-05-29T10:28:34.931+0200] {dagbag.py:539} INFO - Filling up the DagBag from /home/frederic/airflow_venv/lib/python3.10/site-packages/airflow/example_dags/example_skip_dag.py
[2026-05-29T10:28:34.937+0200] {processor.py:839} INFO - DAG(s) dict_keys(['example_skip_dag']) retrieved from /home/frederic/airflow_venv/lib/python3.10/site-packages/airflow/example_dags/example_skip_dag.py
[2026-05-29T10:28:34.950+0200] {logging_mixin.py:151} INFO - [2026-05-29T10:28:34.950+0200] {dag.py:2915} INFO - Sync 1 DAGs
[2026-05-29T10:28:34.965+0200] {logging_mixin.py:151} INFO - [2026-05-29T10:28:34.965+0200] {dag.py:3696} INFO - Setting next_dagrun for example_skip_dag to 2026-05-28T08:28:34.964984+00:00, run_after=2026-05-29T08:28:34.964984+00:00
[2026-05-29T10:28:34.982+0200] {processor.py:179} INFO - Processing /home/frederic/airflow_venv/lib/python3.10/site-packages/airflow/example_dags/example_skip_dag.py took 0.055 seconds
[2026-05-29T10:29:25.744+0200] {processor.py:157} INFO - Started process (PID=707923) to work on /home/frederic/airflow_venv/lib/python3.10/site-packages/airflow/example_dags/example_skip_dag.py
[2026-05-29T10:29:25.745+0200] {processor.py:829} INFO - Processing file /home/frederic/airflow_venv/lib/python3.10/site-packages/airflow/example_dags/example_skip_dag.py for tasks to queue
[2026-05-29T10:29:25.746+0200] {logging_mixin.py:151} INFO - [2026-05-29T10:29:25.746+0200] {dagbag.py:539} INFO - Filling up the DagBag from /home/frederic/airflow_venv/lib/python3.10/site-packages/airflow/example_dags/example_skip_dag.py
[2026-05-29T10:29:25.752+0200] {processor.py:839} INFO - DAG(s) dict_keys(['example_skip_dag']) retrieved from /home/frederic/airflow_venv/lib/python3.10/site-packages/airflow/example_dags/example_skip_dag.py
[2026-05-29T10:29:25.765+0200] {logging_mixin.py:151} INFO - [2026-05-29T10:29:25.764+0200] {dag.py:2915} INFO - Sync 1 DAGs
[2026-05-29T10:29:25.779+0200] {logging_mixin.py:151} INFO - [2026-05-29T10:29:25.779+0200] {dag.py:3696} INFO - Setting next_dagrun for example_skip_dag to 2026-05-28T08:29:25.779685+00:00, run_after=2026-05-29T08:29:25.779685+00:00
[2026-05-29T10:29:25.793+0200] {processor.py:179} INFO - Processing /home/frederic/airflow_venv/lib/python3.10/site-packages/airflow/example_dags/example_skip_dag.py took 0.051 seconds
[2026-05-29T10:30:12.651+0200] {processor.py:157} INFO - Started process (PID=708477) to work on /home/frederic/airflow_venv/lib/python3.10/site-packages/airflow/example_dags/example_skip_dag.py
[2026-05-29T10:30:12.653+0200] {processor.py:829} INFO - Processing file /home/frederic/airflow_venv/lib/python3.10/site-packages/airflow/example_dags/example_skip_dag.py for tasks to queue
[2026-05-29T10:30:12.654+0200] {logging_mixin.py:151} INFO - [2026-05-29T10:30:12.653+0200] {dagbag.py:539} INFO - Filling up the DagBag from /home/frederic/airflow_venv/lib/python3.10/site-packages/airflow/example_dags/example_skip_dag.py
[2026-05-29T10:30:12.663+0200] {processor.py:839} INFO - DAG(s) dict_keys(['example_skip_dag']) retrieved from /home/frederic/airflow_venv/lib/python3.10/site-packages/airflow/example_dags/example_skip_dag.py
[2026-05-29T10:30:12.683+0200] {logging_mixin.py:151} INFO - [2026-05-29T10:30:12.683+0200] {dag.py:2915} INFO - Sync 1 DAGs
[2026-05-29T10:30:12.701+0200] {logging_mixin.py:151} INFO - [2026-05-29T10:30:12.700+0200] {dag.py:3696} INFO - Setting next_dagrun for example_skip_dag to 2026-05-28T08:30:12.700714+00:00, run_after=2026-05-29T08:30:12.700714+00:00
[2026-05-29T10:30:12.715+0200] {processor.py:179} INFO - Processing /home/frederic/airflow_venv/lib/python3.10/site-packages/airflow/example_dags/example_skip_dag.py took 0.068 seconds
[2026-05-29T10:30:58.208+0200] {processor.py:157} INFO - Started process (PID=709104) to work on /home/frederic/airflow_venv/lib/python3.10/site-packages/airflow/example_dags/example_skip_dag.py
[2026-05-29T10:30:58.209+0200] {processor.py:829} INFO - Processing file /home/frederic/airflow_venv/lib/python3.10/site-packages/airflow/example_dags/example_skip_dag.py for tasks to queue
[2026-05-29T10:30:58.210+0200] {logging_mixin.py:151} INFO - [2026-05-29T10:30:58.209+0200] {dagbag.py:539} INFO - Filling up the DagBag from /home/frederic/airflow_venv/lib/python3.10/site-packages/airflow/example_dags/example_skip_dag.py
[2026-05-29T10:30:58.216+0200] {processor.py:839} INFO - DAG(s) dict_keys(['example_skip_dag']) retrieved from /home/frederic/airflow_venv/lib/python3.10/site-packages/airflow/example_dags/example_skip_dag.py
[2026-05-29T10:30:58.231+0200] {logging_mixin.py:151} INFO - [2026-05-29T10:30:58.231+0200] {dag.py:2915} INFO - Sync 1 DAGs
[2026-05-29T10:30:58.250+0200] {logging_mixin.py:151} INFO - [2026-05-29T10:30:58.250+0200] {dag.py:3696} INFO - Setting next_dagrun for example_skip_dag to 2026-05-28T08:30:58.250471+00:00, run_after=2026-05-29T08:30:58.250471+00:00
[2026-05-29T10:30:58.265+0200] {processor.py:179} INFO - Processing /home/frederic/airflow_venv/lib/python3.10/site-packages/airflow/example_dags/example_skip_dag.py took 0.059 seconds
[2026-05-29T10:31:45.031+0200] {processor.py:157} INFO - Started process (PID=709573) to work on /home/frederic/airflow_venv/lib/python3.10/site-packages/airflow/example_dags/example_skip_dag.py
[2026-05-29T10:31:45.032+0200] {processor.py:829} INFO - Processing file /home/frederic/airflow_venv/lib/python3.10/site-packages/airflow/example_dags/example_skip_dag.py for tasks to queue
[2026-05-29T10:31:45.033+0200] {logging_mixin.py:151} INFO - [2026-05-29T10:31:45.033+0200] {dagbag.py:539} INFO - Filling up the DagBag from /home/frederic/airflow_venv/lib/python3.10/site-packages/airflow/example_dags/example_skip_dag.py
[2026-05-29T10:31:45.039+0200] {processor.py:839} INFO - DAG(s) dict_keys(['example_skip_dag']) retrieved from /home/frederic/airflow_venv/lib/python3.10/site-packages/airflow/example_dags/example_skip_dag.py
[2026-05-29T10:31:45.051+0200] {logging_mixin.py:151} INFO - [2026-05-29T10:31:45.051+0200] {dag.py:2915} INFO - Sync 1 DAGs
[2026-05-29T10:31:45.066+0200] {logging_mixin.py:151} INFO - [2026-05-29T10:31:45.066+0200] {dag.py:3696} INFO - Setting next_dagrun for example_skip_dag to 2026-05-28T08:31:45.065988+00:00, run_after=2026-05-29T08:31:45.065988+00:00
[2026-05-29T10:31:45.083+0200] {processor.py:179} INFO - Processing /home/frederic/airflow_venv/lib/python3.10/site-packages/airflow/example_dags/example_skip_dag.py took 0.054 seconds
[2026-05-29T10:32:29.409+0200] {processor.py:157} INFO - Started process (PID=710166) to work on /home/frederic/airflow_venv/lib/python3.10/site-packages/airflow/example_dags/example_skip_dag.py
[2026-05-29T10:32:29.410+0200] {processor.py:829} INFO - Processing file /home/frederic/airflow_venv/lib/python3.10/site-packages/airflow/example_dags/example_skip_dag.py for tasks to queue
[2026-05-29T10:32:29.411+0200] {logging_mixin.py:151} INFO - [2026-05-29T10:32:29.410+0200] {dagbag.py:539} INFO - Filling up the DagBag from /home/frederic/airflow_venv/lib/python3.10/site-packages/airflow/example_dags/example_skip_dag.py
[2026-05-29T10:32:29.417+0200] {processor.py:839} INFO - DAG(s) dict_keys(['example_skip_dag']) retrieved from /home/frederic/airflow_venv/lib/python3.10/site-packages/airflow/example_dags/example_skip_dag.py
[2026-05-29T10:32:29.431+0200] {logging_mixin.py:151} INFO - [2026-05-29T10:32:29.431+0200] {dag.py:2915} INFO - Sync 1 DAGs
[2026-05-29T10:32:29.448+0200] {logging_mixin.py:151} INFO - [2026-05-29T10:32:29.447+0200] {dag.py:3696} INFO - Setting next_dagrun for example_skip_dag to 2026-05-28T08:32:29.447700+00:00, run_after=2026-05-29T08:32:29.447700+00:00
[2026-05-29T10:32:29.463+0200] {processor.py:179} INFO - Processing /home/frederic/airflow_venv/lib/python3.10/site-packages/airflow/example_dags/example_skip_dag.py took 0.057 seconds
[2026-05-29T10:33:17.453+0200] {processor.py:157} INFO - Started process (PID=710968) to work on /home/frederic/airflow_venv/lib/python3.10/site-packages/airflow/example_dags/example_skip_dag.py
[2026-05-29T10:33:17.454+0200] {processor.py:829} INFO - Processing file /home/frederic/airflow_venv/lib/python3.10/site-packages/airflow/example_dags/example_skip_dag.py for tasks to queue
[2026-05-29T10:33:17.455+0200] {logging_mixin.py:151} INFO - [2026-05-29T10:33:17.455+0200] {dagbag.py:539} INFO - Filling up the DagBag from /home/frederic/airflow_venv/lib/python3.10/site-packages/airflow/example_dags/example_skip_dag.py
[2026-05-29T10:33:17.462+0200] {processor.py:839} INFO - DAG(s) dict_keys(['example_skip_dag']) retrieved from /home/frederic/airflow_venv/lib/python3.10/site-packages/airflow/example_dags/example_skip_dag.py
[2026-05-29T10:33:17.475+0200] {logging_mixin.py:151} INFO - [2026-05-29T10:33:17.475+0200] {dag.py:2915} INFO - Sync 1 DAGs
[2026-05-29T10:33:17.493+0200] {logging_mixin.py:151} INFO - [2026-05-29T10:33:17.493+0200] {dag.py:3696} INFO - Setting next_dagrun for example_skip_dag to 2026-05-28T08:33:17.493293+00:00, run_after=2026-05-29T08:33:17.493293+00:00
[2026-05-29T10:33:17.511+0200] {processor.py:179} INFO - Processing /home/frederic/airflow_venv/lib/python3.10/site-packages/airflow/example_dags/example_skip_dag.py took 0.062 seconds
[2026-05-29T10:34:02.033+0200] {processor.py:157} INFO - Started process (PID=711671) to work on /home/frederic/airflow_venv/lib/python3.10/site-packages/airflow/example_dags/example_skip_dag.py
[2026-05-29T10:34:02.034+0200] {processor.py:829} INFO - Processing file /home/frederic/airflow_venv/lib/python3.10/site-packages/airflow/example_dags/example_skip_dag.py for tasks to queue
[2026-05-29T10:34:02.035+0200] {logging_mixin.py:151} INFO - [2026-05-29T10:34:02.035+0200] {dagbag.py:539} INFO - Filling up the DagBag from /home/frederic/airflow_venv/lib/python3.10/site-packages/airflow/example_dags/example_skip_dag.py
[2026-05-29T10:34:02.041+0200] {processor.py:839} INFO - DAG(s) dict_keys(['example_skip_dag']) retrieved from /home/frederic/airflow_venv/lib/python3.10/site-packages/airflow/example_dags/example_skip_dag.py
[2026-05-29T10:34:02.053+0200] {logging_mixin.py:151} INFO - [2026-05-29T10:34:02.053+0200] {dag.py:2915} INFO - Sync 1 DAGs
[2026-05-29T10:34:02.068+0200] {logging_mixin.py:151} INFO - [2026-05-29T10:34:02.068+0200] {dag.py:3696} INFO - Setting next_dagrun for example_skip_dag to 2026-05-28T08:34:02.068330+00:00, run_after=2026-05-29T08:34:02.068330+00:00
[2026-05-29T10:34:02.083+0200] {processor.py:179} INFO - Processing /home/frederic/airflow_venv/lib/python3.10/site-packages/airflow/example_dags/example_skip_dag.py took 0.052 seconds
[2026-05-29T10:34:43.044+0200] {processor.py:157} INFO - Started process (PID=712114) to work on /home/frederic/airflow_venv/lib/python3.10/site-packages/airflow/example_dags/example_skip_dag.py
[2026-05-29T10:34:43.045+0200] {processor.py:829} INFO - Processing file /home/frederic/airflow_venv/lib/python3.10/site-packages/airflow/example_dags/example_skip_dag.py for tasks to queue
[2026-05-29T10:34:43.045+0200] {logging_mixin.py:151} INFO - [2026-05-29T10:34:43.045+0200] {dagbag.py:539} INFO - Filling up the DagBag from /home/frederic/airflow_venv/lib/python3.10/site-packages/airflow/example_dags/example_skip_dag.py
[2026-05-29T10:34:43.051+0200] {processor.py:839} INFO - DAG(s) dict_keys(['example_skip_dag']) retrieved from /home/frederic/airflow_venv/lib/python3.10/site-packages/airflow/example_dags/example_skip_dag.py
[2026-05-29T10:34:43.064+0200] {logging_mixin.py:151} INFO - [2026-05-29T10:34:43.064+0200] {dag.py:2915} INFO - Sync 1 DAGs
[2026-05-29T10:34:43.080+0200] {logging_mixin.py:151} INFO - [2026-05-29T10:34:43.080+0200] {dag.py:3696} INFO - Setting next_dagrun for example_skip_dag to 2026-05-28T08:34:43.080282+00:00, run_after=2026-05-29T08:34:43.080282+00:00
[2026-05-29T10:34:43.095+0200] {processor.py:179} INFO - Processing /home/frederic/airflow_venv/lib/python3.10/site-packages/airflow/example_dags/example_skip_dag.py took 0.053 seconds
[2026-05-29T10:35:31.982+0200] {processor.py:157} INFO - Started process (PID=712619) to work on /home/frederic/airflow_venv/lib/python3.10/site-packages/airflow/example_dags/example_skip_dag.py
[2026-05-29T10:35:31.986+0200] {processor.py:829} INFO - Processing file /home/frederic/airflow_venv/lib/python3.10/site-packages/airflow/example_dags/example_skip_dag.py for tasks to queue
[2026-05-29T10:35:31.987+0200] {logging_mixin.py:151} INFO - [2026-05-29T10:35:31.987+0200] {dagbag.py:539} INFO - Filling up the DagBag from /home/frederic/airflow_venv/lib/python3.10/site-packages/airflow/example_dags/example_skip_dag.py
[2026-05-29T10:35:31.995+0200] {processor.py:839} INFO - DAG(s) dict_keys(['example_skip_dag']) retrieved from /home/frederic/airflow_venv/lib/python3.10/site-packages/airflow/example_dags/example_skip_dag.py
[2026-05-29T10:35:32.012+0200] {logging_mixin.py:151} INFO - [2026-05-29T10:35:32.012+0200] {dag.py:2915} INFO - Sync 1 DAGs
[2026-05-29T10:35:32.031+0200] {logging_mixin.py:151} INFO - [2026-05-29T10:35:32.031+0200] {dag.py:3696} INFO - Setting next_dagrun for example_skip_dag to 2026-05-28T08:35:32.031331+00:00, run_after=2026-05-29T08:35:32.031331+00:00
[2026-05-29T10:35:32.052+0200] {processor.py:179} INFO - Processing /home/frederic/airflow_venv/lib/python3.10/site-packages/airflow/example_dags/example_skip_dag.py took 0.073 seconds
[2026-05-29T10:36:16.974+0200] {processor.py:157} INFO - Started process (PID=713192) to work on /home/frederic/airflow_venv/lib/python3.10/site-packages/airflow/example_dags/example_skip_dag.py
[2026-05-29T10:36:16.976+0200] {processor.py:829} INFO - Processing file /home/frederic/airflow_venv/lib/python3.10/site-packages/airflow/example_dags/example_skip_dag.py for tasks to queue
[2026-05-29T10:36:16.976+0200] {logging_mixin.py:151} INFO - [2026-05-29T10:36:16.976+0200] {dagbag.py:539} INFO - Filling up the DagBag from /home/frederic/airflow_venv/lib/python3.10/site-packages/airflow/example_dags/example_skip_dag.py
[2026-05-29T10:36:16.983+0200] {processor.py:839} INFO - DAG(s) dict_keys(['example_skip_dag']) retrieved from /home/frederic/airflow_venv/lib/python3.10/site-packages/airflow/example_dags/example_skip_dag.py
[2026-05-29T10:36:16.997+0200] {logging_mixin.py:151} INFO - [2026-05-29T10:36:16.997+0200] {dag.py:2915} INFO - Sync 1 DAGs
[2026-05-29T10:36:17.014+0200] {logging_mixin.py:151} INFO - [2026-05-29T10:36:17.014+0200] {dag.py:3696} INFO - Setting next_dagrun for example_skip_dag to 2026-05-28T08:36:17.014360+00:00, run_after=2026-05-29T08:36:17.014360+00:00
[2026-05-29T10:36:17.032+0200] {processor.py:179} INFO - Processing /home/frederic/airflow_venv/lib/python3.10/site-packages/airflow/example_dags/example_skip_dag.py took 0.059 seconds
[2026-05-29T10:36:59.245+0200] {processor.py:157} INFO - Started process (PID=713637) to work on /home/frederic/airflow_venv/lib/python3.10/site-packages/airflow/example_dags/example_skip_dag.py
[2026-05-29T10:36:59.246+0200] {processor.py:829} INFO - Processing file /home/frederic/airflow_venv/lib/python3.10/site-packages/airflow/example_dags/example_skip_dag.py for tasks to queue
[2026-05-29T10:36:59.247+0200] {logging_mixin.py:151} INFO - [2026-05-29T10:36:59.246+0200] {dagbag.py:539} INFO - Filling up the DagBag from /home/frederic/airflow_venv/lib/python3.10/site-packages/airflow/example_dags/example_skip_dag.py
[2026-05-29T10:36:59.253+0200] {processor.py:839} INFO - DAG(s) dict_keys(['example_skip_dag']) retrieved from /home/frederic/airflow_venv/lib/python3.10/site-packages/airflow/example_dags/example_skip_dag.py
[2026-05-29T10:36:59.266+0200] {logging_mixin.py:151} INFO - [2026-05-29T10:36:59.266+0200] {dag.py:2915} INFO - Sync 1 DAGs
[2026-05-29T10:36:59.285+0200] {logging_mixin.py:151} INFO - [2026-05-29T10:36:59.285+0200] {dag.py:3696} INFO - Setting next_dagrun for example_skip_dag to 2026-05-28T08:36:59.285531+00:00, run_after=2026-05-29T08:36:59.285531+00:00
[2026-05-29T10:36:59.301+0200] {processor.py:179} INFO - Processing /home/frederic/airflow_venv/lib/python3.10/site-packages/airflow/example_dags/example_skip_dag.py took 0.059 seconds
[2026-05-29T10:37:46.473+0200] {processor.py:157} INFO - Started process (PID=714428) to work on /home/frederic/airflow_venv/lib/python3.10/site-packages/airflow/example_dags/example_skip_dag.py
[2026-05-29T10:37:46.474+0200] {processor.py:829} INFO - Processing file /home/frederic/airflow_venv/lib/python3.10/site-packages/airflow/example_dags/example_skip_dag.py for tasks to queue
[2026-05-29T10:37:46.474+0200] {logging_mixin.py:151} INFO - [2026-05-29T10:37:46.474+0200] {dagbag.py:539} INFO - Filling up the DagBag from /home/frederic/airflow_venv/lib/python3.10/site-packages/airflow/example_dags/example_skip_dag.py
[2026-05-29T10:37:46.481+0200] {processor.py:839} INFO - DAG(s) dict_keys(['example_skip_dag']) retrieved from /home/frederic/airflow_venv/lib/python3.10/site-packages/airflow/example_dags/example_skip_dag.py
[2026-05-29T10:37:46.494+0200] {logging_mixin.py:151} INFO - [2026-05-29T10:37:46.494+0200] {dag.py:2915} INFO - Sync 1 DAGs
[2026-05-29T10:37:46.509+0200] {logging_mixin.py:151} INFO - [2026-05-29T10:37:46.509+0200] {dag.py:3696} INFO - Setting next_dagrun for example_skip_dag to 2026-05-28T08:37:46.509658+00:00, run_after=2026-05-29T08:37:46.509658+00:00
[2026-05-29T10:37:46.525+0200] {processor.py:179} INFO - Processing /home/frederic/airflow_venv/lib/python3.10/site-packages/airflow/example_dags/example_skip_dag.py took 0.055 seconds
[2026-05-29T10:38:34.314+0200] {processor.py:157} INFO - Started process (PID=715031) to work on /home/frederic/airflow_venv/lib/python3.10/site-packages/airflow/example_dags/example_skip_dag.py
[2026-05-29T10:38:34.315+0200] {processor.py:829} INFO - Processing file /home/frederic/airflow_venv/lib/python3.10/site-packages/airflow/example_dags/example_skip_dag.py for tasks to queue
[2026-05-29T10:38:34.315+0200] {logging_mixin.py:151} INFO - [2026-05-29T10:38:34.315+0200] {dagbag.py:539} INFO - Filling up the DagBag from /home/frederic/airflow_venv/lib/python3.10/site-packages/airflow/example_dags/example_skip_dag.py
[2026-05-29T10:38:34.321+0200] {processor.py:839} INFO - DAG(s) dict_keys(['example_skip_dag']) retrieved from /home/frederic/airflow_venv/lib/python3.10/site-packages/airflow/example_dags/example_skip_dag.py
[2026-05-29T10:38:34.334+0200] {logging_mixin.py:151} INFO - [2026-05-29T10:38:34.334+0200] {dag.py:2915} INFO - Sync 1 DAGs
[2026-05-29T10:38:34.349+0200] {logging_mixin.py:151} INFO - [2026-05-29T10:38:34.349+0200] {dag.py:3696} INFO - Setting next_dagrun for example_skip_dag to 2026-05-28T08:38:34.349085+00:00, run_after=2026-05-29T08:38:34.349085+00:00
[2026-05-29T10:38:34.367+0200] {processor.py:179} INFO - Processing /home/frederic/airflow_venv/lib/python3.10/site-packages/airflow/example_dags/example_skip_dag.py took 0.056 seconds
[2026-05-29T10:39:18.079+0200] {processor.py:157} INFO - Started process (PID=715757) to work on /home/frederic/airflow_venv/lib/python3.10/site-packages/airflow/example_dags/example_skip_dag.py
[2026-05-29T10:39:18.080+0200] {processor.py:829} INFO - Processing file /home/frederic/airflow_venv/lib/python3.10/site-packages/airflow/example_dags/example_skip_dag.py for tasks to queue
[2026-05-29T10:39:18.081+0200] {logging_mixin.py:151} INFO - [2026-05-29T10:39:18.081+0200] {dagbag.py:539} INFO - Filling up the DagBag from /home/frederic/airflow_venv/lib/python3.10/site-packages/airflow/example_dags/example_skip_dag.py
[2026-05-29T10:39:18.092+0200] {processor.py:839} INFO - DAG(s) dict_keys(['example_skip_dag']) retrieved from /home/frederic/airflow_venv/lib/python3.10/site-packages/airflow/example_dags/example_skip_dag.py
[2026-05-29T10:39:18.117+0200] {logging_mixin.py:151} INFO - [2026-05-29T10:39:18.117+0200] {dag.py:2915} INFO - Sync 1 DAGs
[2026-05-29T10:39:18.139+0200] {logging_mixin.py:151} INFO - [2026-05-29T10:39:18.139+0200] {dag.py:3696} INFO - Setting next_dagrun for example_skip_dag to 2026-05-28T08:39:18.138939+00:00, run_after=2026-05-29T08:39:18.138939+00:00
[2026-05-29T10:39:18.163+0200] {processor.py:179} INFO - Processing /home/frederic/airflow_venv/lib/python3.10/site-packages/airflow/example_dags/example_skip_dag.py took 0.087 seconds
[2026-05-29T10:40:03.194+0200] {processor.py:157} INFO - Started process (PID=716384) to work on /home/frederic/airflow_venv/lib/python3.10/site-packages/airflow/example_dags/example_skip_dag.py
[2026-05-29T10:40:03.195+0200] {processor.py:829} INFO - Processing file /home/frederic/airflow_venv/lib/python3.10/site-packages/airflow/example_dags/example_skip_dag.py for tasks to queue
[2026-05-29T10:40:03.196+0200] {logging_mixin.py:151} INFO - [2026-05-29T10:40:03.195+0200] {dagbag.py:539} INFO - Filling up the DagBag from /home/frederic/airflow_venv/lib/python3.10/site-packages/airflow/example_dags/example_skip_dag.py
[2026-05-29T10:40:03.204+0200] {processor.py:839} INFO - DAG(s) dict_keys(['example_skip_dag']) retrieved from /home/frederic/airflow_venv/lib/python3.10/site-packages/airflow/example_dags/example_skip_dag.py
[2026-05-29T10:40:03.218+0200] {logging_mixin.py:151} INFO - [2026-05-29T10:40:03.218+0200] {dag.py:2915} INFO - Sync 1 DAGs
[2026-05-29T10:40:03.238+0200] {logging_mixin.py:151} INFO - [2026-05-29T10:40:03.238+0200] {dag.py:3696} INFO - Setting next_dagrun for example_skip_dag to 2026-05-28T08:40:03.237745+00:00, run_after=2026-05-29T08:40:03.237745+00:00
[2026-05-29T10:40:03.256+0200] {processor.py:179} INFO - Processing /home/frederic/airflow_venv/lib/python3.10/site-packages/airflow/example_dags/example_skip_dag.py took 0.065 seconds
[2026-05-29T10:40:47.601+0200] {processor.py:157} INFO - Started process (PID=716782) to work on /home/frederic/airflow_venv/lib/python3.10/site-packages/airflow/example_dags/example_skip_dag.py
[2026-05-29T10:40:47.602+0200] {processor.py:829} INFO - Processing file /home/frederic/airflow_venv/lib/python3.10/site-packages/airflow/example_dags/example_skip_dag.py for tasks to queue
[2026-05-29T10:40:47.603+0200] {logging_mixin.py:151} INFO - [2026-05-29T10:40:47.603+0200] {dagbag.py:539} INFO - Filling up the DagBag from /home/frederic/airflow_venv/lib/python3.10/site-packages/airflow/example_dags/example_skip_dag.py
[2026-05-29T10:40:47.611+0200] {processor.py:839} INFO - DAG(s) dict_keys(['example_skip_dag']) retrieved from /home/frederic/airflow_venv/lib/python3.10/site-packages/airflow/example_dags/example_skip_dag.py
[2026-05-29T10:40:47.626+0200] {logging_mixin.py:151} INFO - [2026-05-29T10:40:47.625+0200] {dag.py:2915} INFO - Sync 1 DAGs
[2026-05-29T10:40:47.643+0200] {logging_mixin.py:151} INFO - [2026-05-29T10:40:47.643+0200] {dag.py:3696} INFO - Setting next_dagrun for example_skip_dag to 2026-05-28T08:40:47.642849+00:00, run_after=2026-05-29T08:40:47.642849+00:00
[2026-05-29T10:40:47.660+0200] {processor.py:179} INFO - Processing /home/frederic/airflow_venv/lib/python3.10/site-packages/airflow/example_dags/example_skip_dag.py took 0.061 seconds
[2026-05-29T10:41:35.694+0200] {processor.py:157} INFO - Started process (PID=717323) to work on /home/frederic/airflow_venv/lib/python3.10/site-packages/airflow/example_dags/example_skip_dag.py
[2026-05-29T10:41:35.695+0200] {processor.py:829} INFO - Processing file /home/frederic/airflow_venv/lib/python3.10/site-packages/airflow/example_dags/example_skip_dag.py for tasks to queue
[2026-05-29T10:41:35.696+0200] {logging_mixin.py:151} INFO - [2026-05-29T10:41:35.696+0200] {dagbag.py:539} INFO - Filling up the DagBag from /home/frederic/airflow_venv/lib/python3.10/site-packages/airflow/example_dags/example_skip_dag.py
[2026-05-29T10:41:35.703+0200] {processor.py:839} INFO - DAG(s) dict_keys(['example_skip_dag']) retrieved from /home/frederic/airflow_venv/lib/python3.10/site-packages/airflow/example_dags/example_skip_dag.py
[2026-05-29T10:41:35.723+0200] {logging_mixin.py:151} INFO - [2026-05-29T10:41:35.723+0200] {dag.py:2915} INFO - Sync 1 DAGs
[2026-05-29T10:41:35.744+0200] {logging_mixin.py:151} INFO - [2026-05-29T10:41:35.744+0200] {dag.py:3696} INFO - Setting next_dagrun for example_skip_dag to 2026-05-28T08:41:35.743850+00:00, run_after=2026-05-29T08:41:35.743850+00:00
[2026-05-29T10:41:35.766+0200] {processor.py:179} INFO - Processing /home/frederic/airflow_venv/lib/python3.10/site-packages/airflow/example_dags/example_skip_dag.py took 0.076 seconds
[2026-05-29T10:42:22.256+0200] {processor.py:157} INFO - Started process (PID=717806) to work on /home/frederic/airflow_venv/lib/python3.10/site-packages/airflow/example_dags/example_skip_dag.py
[2026-05-29T10:42:22.257+0200] {processor.py:829} INFO - Processing file /home/frederic/airflow_venv/lib/python3.10/site-packages/airflow/example_dags/example_skip_dag.py for tasks to queue
[2026-05-29T10:42:22.258+0200] {logging_mixin.py:151} INFO - [2026-05-29T10:42:22.257+0200] {dagbag.py:539} INFO - Filling up the DagBag from /home/frederic/airflow_venv/lib/python3.10/site-packages/airflow/example_dags/example_skip_dag.py
[2026-05-29T10:42:22.267+0200] {processor.py:839} INFO - DAG(s) dict_keys(['example_skip_dag']) retrieved from /home/frederic/airflow_venv/lib/python3.10/site-packages/airflow/example_dags/example_skip_dag.py
[2026-05-29T10:42:22.287+0200] {logging_mixin.py:151} INFO - [2026-05-29T10:42:22.287+0200] {dag.py:2915} INFO - Sync 1 DAGs
[2026-05-29T10:42:22.321+0200] {logging_mixin.py:151} INFO - [2026-05-29T10:42:22.320+0200] {dag.py:3696} INFO - Setting next_dagrun for example_skip_dag to 2026-05-28T08:42:22.320706+00:00, run_after=2026-05-29T08:42:22.320706+00:00
[2026-05-29T10:42:22.357+0200] {processor.py:179} INFO - Processing /home/frederic/airflow_venv/lib/python3.10/site-packages/airflow/example_dags/example_skip_dag.py took 0.105 seconds
[2026-05-29T10:43:05.766+0200] {processor.py:157} INFO - Started process (PID=718274) to work on /home/frederic/airflow_venv/lib/python3.10/site-packages/airflow/example_dags/example_skip_dag.py
[2026-05-29T10:43:05.767+0200] {processor.py:829} INFO - Processing file /home/frederic/airflow_venv/lib/python3.10/site-packages/airflow/example_dags/example_skip_dag.py for tasks to queue
[2026-05-29T10:43:05.768+0200] {logging_mixin.py:151} INFO - [2026-05-29T10:43:05.767+0200] {dagbag.py:539} INFO - Filling up the DagBag from /home/frederic/airflow_venv/lib/python3.10/site-packages/airflow/example_dags/example_skip_dag.py
[2026-05-29T10:43:05.776+0200] {processor.py:839} INFO - DAG(s) dict_keys(['example_skip_dag']) retrieved from /home/frederic/airflow_venv/lib/python3.10/site-packages/airflow/example_dags/example_skip_dag.py
[2026-05-29T10:43:05.792+0200] {logging_mixin.py:151} INFO - [2026-05-29T10:43:05.792+0200] {dag.py:2915} INFO - Sync 1 DAGs
[2026-05-29T10:43:05.814+0200] {logging_mixin.py:151} INFO - [2026-05-29T10:43:05.814+0200] {dag.py:3696} INFO - Setting next_dagrun for example_skip_dag to 2026-05-28T08:43:05.813719+00:00, run_after=2026-05-29T08:43:05.813719+00:00
[2026-05-29T10:43:05.836+0200] {processor.py:179} INFO - Processing /home/frederic/airflow_venv/lib/python3.10/site-packages/airflow/example_dags/example_skip_dag.py took 0.073 seconds
[2026-05-29T10:43:53.125+0200] {processor.py:157} INFO - Started process (PID=718770) to work on /home/frederic/airflow_venv/lib/python3.10/site-packages/airflow/example_dags/example_skip_dag.py
[2026-05-29T10:43:53.126+0200] {processor.py:829} INFO - Processing file /home/frederic/airflow_venv/lib/python3.10/site-packages/airflow/example_dags/example_skip_dag.py for tasks to queue
[2026-05-29T10:43:53.127+0200] {logging_mixin.py:151} INFO - [2026-05-29T10:43:53.126+0200] {dagbag.py:539} INFO - Filling up the DagBag from /home/frederic/airflow_venv/lib/python3.10/site-packages/airflow/example_dags/example_skip_dag.py
[2026-05-29T10:43:53.133+0200] {processor.py:839} INFO - DAG(s) dict_keys(['example_skip_dag']) retrieved from /home/frederic/airflow_venv/lib/python3.10/site-packages/airflow/example_dags/example_skip_dag.py
[2026-05-29T10:43:53.145+0200] {logging_mixin.py:151} INFO - [2026-05-29T10:43:53.145+0200] {dag.py:2915} INFO - Sync 1 DAGs
[2026-05-29T10:43:53.161+0200] {logging_mixin.py:151} INFO - [2026-05-29T10:43:53.161+0200] {dag.py:3696} INFO - Setting next_dagrun for example_skip_dag to 2026-05-28T08:43:53.161103+00:00, run_after=2026-05-29T08:43:53.161103+00:00
[2026-05-29T10:43:53.177+0200] {processor.py:179} INFO - Processing /home/frederic/airflow_venv/lib/python3.10/site-packages/airflow/example_dags/example_skip_dag.py took 0.054 seconds
[2026-05-29T10:44:37.019+0200] {processor.py:157} INFO - Started process (PID=719297) to work on /home/frederic/airflow_venv/lib/python3.10/site-packages/airflow/example_dags/example_skip_dag.py
[2026-05-29T10:44:37.020+0200] {processor.py:829} INFO - Processing file /home/frederic/airflow_venv/lib/python3.10/site-packages/airflow/example_dags/example_skip_dag.py for tasks to queue
[2026-05-29T10:44:37.022+0200] {logging_mixin.py:151} INFO - [2026-05-29T10:44:37.021+0200] {dagbag.py:539} INFO - Filling up the DagBag from /home/frederic/airflow_venv/lib/python3.10/site-packages/airflow/example_dags/example_skip_dag.py
[2026-05-29T10:44:37.028+0200] {processor.py:839} INFO - DAG(s) dict_keys(['example_skip_dag']) retrieved from /home/frederic/airflow_venv/lib/python3.10/site-packages/airflow/example_dags/example_skip_dag.py
[2026-05-29T10:44:37.043+0200] {logging_mixin.py:151} INFO - [2026-05-29T10:44:37.042+0200] {dag.py:2915} INFO - Sync 1 DAGs
[2026-05-29T10:44:37.061+0200] {logging_mixin.py:151} INFO - [2026-05-29T10:44:37.061+0200] {dag.py:3696} INFO - Setting next_dagrun for example_skip_dag to 2026-05-28T08:44:37.061265+00:00, run_after=2026-05-29T08:44:37.061265+00:00
[2026-05-29T10:44:37.076+0200] {processor.py:179} INFO - Processing /home/frederic/airflow_venv/lib/python3.10/site-packages/airflow/example_dags/example_skip_dag.py took 0.060 seconds
[2026-05-29T10:45:13.235+0200] {processor.py:157} INFO - Started process (PID=719957) to work on /home/frederic/airflow_venv/lib/python3.10/site-packages/airflow/example_dags/example_skip_dag.py
[2026-05-29T10:45:13.236+0200] {processor.py:829} INFO - Processing file /home/frederic/airflow_venv/lib/python3.10/site-packages/airflow/example_dags/example_skip_dag.py for tasks to queue
[2026-05-29T10:45:13.237+0200] {logging_mixin.py:151} INFO - [2026-05-29T10:45:13.236+0200] {dagbag.py:539} INFO - Filling up the DagBag from /home/frederic/airflow_venv/lib/python3.10/site-packages/airflow/example_dags/example_skip_dag.py
[2026-05-29T10:45:13.243+0200] {processor.py:839} INFO - DAG(s) dict_keys(['example_skip_dag']) retrieved from /home/frederic/airflow_venv/lib/python3.10/site-packages/airflow/example_dags/example_skip_dag.py
[2026-05-29T10:45:13.255+0200] {logging_mixin.py:151} INFO - [2026-05-29T10:45:13.255+0200] {dag.py:2915} INFO - Sync 1 DAGs
[2026-05-29T10:45:13.270+0200] {logging_mixin.py:151} INFO - [2026-05-29T10:45:13.269+0200] {dag.py:3696} INFO - Setting next_dagrun for example_skip_dag to 2026-05-28T08:45:13.269797+00:00, run_after=2026-05-29T08:45:13.269797+00:00
[2026-05-29T10:45:13.285+0200] {processor.py:179} INFO - Processing /home/frederic/airflow_venv/lib/python3.10/site-packages/airflow/example_dags/example_skip_dag.py took 0.052 seconds
[2026-05-29T10:45:58.038+0200] {processor.py:157} INFO - Started process (PID=720373) to work on /home/frederic/airflow_venv/lib/python3.10/site-packages/airflow/example_dags/example_skip_dag.py
[2026-05-29T10:45:58.039+0200] {processor.py:829} INFO - Processing file /home/frederic/airflow_venv/lib/python3.10/site-packages/airflow/example_dags/example_skip_dag.py for tasks to queue
[2026-05-29T10:45:58.040+0200] {logging_mixin.py:151} INFO - [2026-05-29T10:45:58.039+0200] {dagbag.py:539} INFO - Filling up the DagBag from /home/frederic/airflow_venv/lib/python3.10/site-packages/airflow/example_dags/example_skip_dag.py
[2026-05-29T10:45:58.046+0200] {processor.py:839} INFO - DAG(s) dict_keys(['example_skip_dag']) retrieved from /home/frederic/airflow_venv/lib/python3.10/site-packages/airflow/example_dags/example_skip_dag.py
[2026-05-29T10:45:58.060+0200] {logging_mixin.py:151} INFO - [2026-05-29T10:45:58.060+0200] {dag.py:2915} INFO - Sync 1 DAGs
[2026-05-29T10:45:58.079+0200] {logging_mixin.py:151} INFO - [2026-05-29T10:45:58.079+0200] {dag.py:3696} INFO - Setting next_dagrun for example_skip_dag to 2026-05-28T08:45:58.078876+00:00, run_after=2026-05-29T08:45:58.078876+00:00
[2026-05-29T10:45:58.094+0200] {processor.py:179} INFO - Processing /home/frederic/airflow_venv/lib/python3.10/site-packages/airflow/example_dags/example_skip_dag.py took 0.059 seconds
[2026-05-29T10:46:48.107+0200] {processor.py:157} INFO - Started process (PID=720942) to work on /home/frederic/airflow_venv/lib/python3.10/site-packages/airflow/example_dags/example_skip_dag.py
[2026-05-29T10:46:48.108+0200] {processor.py:829} INFO - Processing file /home/frederic/airflow_venv/lib/python3.10/site-packages/airflow/example_dags/example_skip_dag.py for tasks to queue
[2026-05-29T10:46:48.108+0200] {logging_mixin.py:151} INFO - [2026-05-29T10:46:48.108+0200] {dagbag.py:539} INFO - Filling up the DagBag from /home/frederic/airflow_venv/lib/python3.10/site-packages/airflow/example_dags/example_skip_dag.py
[2026-05-29T10:46:48.114+0200] {processor.py:839} INFO - DAG(s) dict_keys(['example_skip_dag']) retrieved from /home/frederic/airflow_venv/lib/python3.10/site-packages/airflow/example_dags/example_skip_dag.py
[2026-05-29T10:46:48.126+0200] {logging_mixin.py:151} INFO - [2026-05-29T10:46:48.126+0200] {dag.py:2915} INFO - Sync 1 DAGs
[2026-05-29T10:46:48.147+0200] {logging_mixin.py:151} INFO - [2026-05-29T10:46:48.146+0200] {dag.py:3696} INFO - Setting next_dagrun for example_skip_dag to 2026-05-28T08:46:48.146711+00:00, run_after=2026-05-29T08:46:48.146711+00:00
[2026-05-29T10:46:48.162+0200] {processor.py:179} INFO - Processing /home/frederic/airflow_venv/lib/python3.10/site-packages/airflow/example_dags/example_skip_dag.py took 0.057 seconds
[2026-05-29T10:47:39.193+0200] {processor.py:157} INFO - Started process (PID=721986) to work on /home/frederic/airflow_venv/lib/python3.10/site-packages/airflow/example_dags/example_skip_dag.py
[2026-05-29T10:47:39.194+0200] {processor.py:829} INFO - Processing file /home/frederic/airflow_venv/lib/python3.10/site-packages/airflow/example_dags/example_skip_dag.py for tasks to queue
[2026-05-29T10:47:39.195+0200] {logging_mixin.py:151} INFO - [2026-05-29T10:47:39.194+0200] {dagbag.py:539} INFO - Filling up the DagBag from /home/frederic/airflow_venv/lib/python3.10/site-packages/airflow/example_dags/example_skip_dag.py
[2026-05-29T10:47:39.201+0200] {processor.py:839} INFO - DAG(s) dict_keys(['example_skip_dag']) retrieved from /home/frederic/airflow_venv/lib/python3.10/site-packages/airflow/example_dags/example_skip_dag.py
[2026-05-29T10:47:39.218+0200] {logging_mixin.py:151} INFO - [2026-05-29T10:47:39.218+0200] {dag.py:2915} INFO - Sync 1 DAGs
[2026-05-29T10:47:39.237+0200] {logging_mixin.py:151} INFO - [2026-05-29T10:47:39.236+0200] {dag.py:3696} INFO - Setting next_dagrun for example_skip_dag to 2026-05-28T08:47:39.236799+00:00, run_after=2026-05-29T08:47:39.236799+00:00
[2026-05-29T10:47:39.252+0200] {processor.py:179} INFO - Processing /home/frederic/airflow_venv/lib/python3.10/site-packages/airflow/example_dags/example_skip_dag.py took 0.062 seconds
[2026-05-29T10:48:22.012+0200] {processor.py:157} INFO - Started process (PID=722513) to work on /home/frederic/airflow_venv/lib/python3.10/site-packages/airflow/example_dags/example_skip_dag.py
[2026-05-29T10:48:22.014+0200] {processor.py:829} INFO - Processing file /home/frederic/airflow_venv/lib/python3.10/site-packages/airflow/example_dags/example_skip_dag.py for tasks to queue
[2026-05-29T10:48:22.015+0200] {logging_mixin.py:151} INFO - [2026-05-29T10:48:22.014+0200] {dagbag.py:539} INFO - Filling up the DagBag from /home/frederic/airflow_venv/lib/python3.10/site-packages/airflow/example_dags/example_skip_dag.py
[2026-05-29T10:48:22.023+0200] {processor.py:839} INFO - DAG(s) dict_keys(['example_skip_dag']) retrieved from /home/frederic/airflow_venv/lib/python3.10/site-packages/airflow/example_dags/example_skip_dag.py
[2026-05-29T10:48:22.037+0200] {logging_mixin.py:151} INFO - [2026-05-29T10:48:22.036+0200] {dag.py:2915} INFO - Sync 1 DAGs
[2026-05-29T10:48:22.053+0200] {logging_mixin.py:151} INFO - [2026-05-29T10:48:22.052+0200] {dag.py:3696} INFO - Setting next_dagrun for example_skip_dag to 2026-05-28T08:48:22.052517+00:00, run_after=2026-05-29T08:48:22.052517+00:00
[2026-05-29T10:48:22.076+0200] {processor.py:179} INFO - Processing /home/frederic/airflow_venv/lib/python3.10/site-packages/airflow/example_dags/example_skip_dag.py took 0.067 seconds
[2026-05-29T10:49:04.829+0200] {processor.py:157} INFO - Started process (PID=722989) to work on /home/frederic/airflow_venv/lib/python3.10/site-packages/airflow/example_dags/example_skip_dag.py
[2026-05-29T10:49:04.830+0200] {processor.py:829} INFO - Processing file /home/frederic/airflow_venv/lib/python3.10/site-packages/airflow/example_dags/example_skip_dag.py for tasks to queue
[2026-05-29T10:49:04.831+0200] {logging_mixin.py:151} INFO - [2026-05-29T10:49:04.830+0200] {dagbag.py:539} INFO - Filling up the DagBag from /home/frederic/airflow_venv/lib/python3.10/site-packages/airflow/example_dags/example_skip_dag.py
[2026-05-29T10:49:04.837+0200] {processor.py:839} INFO - DAG(s) dict_keys(['example_skip_dag']) retrieved from /home/frederic/airflow_venv/lib/python3.10/site-packages/airflow/example_dags/example_skip_dag.py
[2026-05-29T10:49:04.852+0200] {logging_mixin.py:151} INFO - [2026-05-29T10:49:04.851+0200] {dag.py:2915} INFO - Sync 1 DAGs
[2026-05-29T10:49:04.867+0200] {logging_mixin.py:151} INFO - [2026-05-29T10:49:04.867+0200] {dag.py:3696} INFO - Setting next_dagrun for example_skip_dag to 2026-05-28T08:49:04.867034+00:00, run_after=2026-05-29T08:49:04.867034+00:00
[2026-05-29T10:49:04.882+0200] {processor.py:179} INFO - Processing /home/frederic/airflow_venv/lib/python3.10/site-packages/airflow/example_dags/example_skip_dag.py took 0.056 seconds
[2026-05-29T10:49:53.344+0200] {processor.py:157} INFO - Started process (PID=723437) to work on /home/frederic/airflow_venv/lib/python3.10/site-packages/airflow/example_dags/example_skip_dag.py
[2026-05-29T10:49:53.345+0200] {processor.py:829} INFO - Processing file /home/frederic/airflow_venv/lib/python3.10/site-packages/airflow/example_dags/example_skip_dag.py for tasks to queue
[2026-05-29T10:49:53.345+0200] {logging_mixin.py:151} INFO - [2026-05-29T10:49:53.345+0200] {dagbag.py:539} INFO - Filling up the DagBag from /home/frederic/airflow_venv/lib/python3.10/site-packages/airflow/example_dags/example_skip_dag.py
[2026-05-29T10:49:53.352+0200] {processor.py:839} INFO - DAG(s) dict_keys(['example_skip_dag']) retrieved from /home/frederic/airflow_venv/lib/python3.10/site-packages/airflow/example_dags/example_skip_dag.py
[2026-05-29T10:49:53.366+0200] {logging_mixin.py:151} INFO - [2026-05-29T10:49:53.366+0200] {dag.py:2915} INFO - Sync 1 DAGs
[2026-05-29T10:49:53.383+0200] {logging_mixin.py:151} INFO - [2026-05-29T10:49:53.383+0200] {dag.py:3696} INFO - Setting next_dagrun for example_skip_dag to 2026-05-28T08:49:53.383341+00:00, run_after=2026-05-29T08:49:53.383341+00:00
[2026-05-29T10:49:53.399+0200] {processor.py:179} INFO - Processing /home/frederic/airflow_venv/lib/python3.10/site-packages/airflow/example_dags/example_skip_dag.py took 0.058 seconds
[2026-05-29T10:50:40.727+0200] {processor.py:157} INFO - Started process (PID=723932) to work on /home/frederic/airflow_venv/lib/python3.10/site-packages/airflow/example_dags/example_skip_dag.py
[2026-05-29T10:50:40.728+0200] {processor.py:829} INFO - Processing file /home/frederic/airflow_venv/lib/python3.10/site-packages/airflow/example_dags/example_skip_dag.py for tasks to queue
[2026-05-29T10:50:40.729+0200] {logging_mixin.py:151} INFO - [2026-05-29T10:50:40.729+0200] {dagbag.py:539} INFO - Filling up the DagBag from /home/frederic/airflow_venv/lib/python3.10/site-packages/airflow/example_dags/example_skip_dag.py
[2026-05-29T10:50:40.736+0200] {processor.py:839} INFO - DAG(s) dict_keys(['example_skip_dag']) retrieved from /home/frederic/airflow_venv/lib/python3.10/site-packages/airflow/example_dags/example_skip_dag.py
[2026-05-29T10:50:40.751+0200] {logging_mixin.py:151} INFO - [2026-05-29T10:50:40.751+0200] {dag.py:2915} INFO - Sync 1 DAGs
[2026-05-29T10:50:40.767+0200] {logging_mixin.py:151} INFO - [2026-05-29T10:50:40.767+0200] {dag.py:3696} INFO - Setting next_dagrun for example_skip_dag to 2026-05-28T08:50:40.767376+00:00, run_after=2026-05-29T08:50:40.767376+00:00
[2026-05-29T10:50:40.782+0200] {processor.py:179} INFO - Processing /home/frederic/airflow_venv/lib/python3.10/site-packages/airflow/example_dags/example_skip_dag.py took 0.058 seconds
[2026-05-29T10:51:24.736+0200] {processor.py:157} INFO - Started process (PID=724447) to work on /home/frederic/airflow_venv/lib/python3.10/site-packages/airflow/example_dags/example_skip_dag.py
[2026-05-29T10:51:24.737+0200] {processor.py:829} INFO - Processing file /home/frederic/airflow_venv/lib/python3.10/site-packages/airflow/example_dags/example_skip_dag.py for tasks to queue
[2026-05-29T10:51:24.737+0200] {logging_mixin.py:151} INFO - [2026-05-29T10:51:24.737+0200] {dagbag.py:539} INFO - Filling up the DagBag from /home/frederic/airflow_venv/lib/python3.10/site-packages/airflow/example_dags/example_skip_dag.py
[2026-05-29T10:51:24.743+0200] {processor.py:839} INFO - DAG(s) dict_keys(['example_skip_dag']) retrieved from /home/frederic/airflow_venv/lib/python3.10/site-packages/airflow/example_dags/example_skip_dag.py
[2026-05-29T10:51:24.760+0200] {logging_mixin.py:151} INFO - [2026-05-29T10:51:24.760+0200] {dag.py:2915} INFO - Sync 1 DAGs
[2026-05-29T10:51:24.776+0200] {logging_mixin.py:151} INFO - [2026-05-29T10:51:24.776+0200] {dag.py:3696} INFO - Setting next_dagrun for example_skip_dag to 2026-05-28T08:51:24.776066+00:00, run_after=2026-05-29T08:51:24.776066+00:00
[2026-05-29T10:51:24.791+0200] {processor.py:179} INFO - Processing /home/frederic/airflow_venv/lib/python3.10/site-packages/airflow/example_dags/example_skip_dag.py took 0.058 seconds
