[2026-05-29T02:00:31.890+0200] {processor.py:157} INFO - Started process (PID=634072) to work on /home/frederic/airflow_venv/lib/python3.10/site-packages/airflow/example_dags/example_branch_day_of_week_operator.py
[2026-05-29T02:00:31.891+0200] {processor.py:829} INFO - Processing file /home/frederic/airflow_venv/lib/python3.10/site-packages/airflow/example_dags/example_branch_day_of_week_operator.py for tasks to queue
[2026-05-29T02:00:31.892+0200] {logging_mixin.py:151} INFO - [2026-05-29T02:00:31.891+0200] {dagbag.py:539} INFO - Filling up the DagBag from /home/frederic/airflow_venv/lib/python3.10/site-packages/airflow/example_dags/example_branch_day_of_week_operator.py
[2026-05-29T02:00:31.901+0200] {processor.py:839} INFO - DAG(s) dict_keys(['example_weekday_branch_operator']) retrieved from /home/frederic/airflow_venv/lib/python3.10/site-packages/airflow/example_dags/example_branch_day_of_week_operator.py
[2026-05-29T02:00:31.918+0200] {logging_mixin.py:151} INFO - [2026-05-29T02:00:31.918+0200] {dag.py:2915} INFO - Sync 1 DAGs
[2026-05-29T02:00:31.937+0200] {logging_mixin.py:151} INFO - [2026-05-29T02:00:31.937+0200] {dag.py:3696} INFO - Setting next_dagrun for example_weekday_branch_operator to 2026-05-28T00:00:00+00:00, run_after=2026-05-29T00:00:00+00:00
[2026-05-29T02:00:31.954+0200] {processor.py:179} INFO - Processing /home/frederic/airflow_venv/lib/python3.10/site-packages/airflow/example_dags/example_branch_day_of_week_operator.py took 0.067 seconds
[2026-05-29T02:00:52.332+0200] {processor.py:157} INFO - Started process (PID=634684) to work on /home/frederic/airflow_venv/lib/python3.10/site-packages/airflow/example_dags/example_branch_day_of_week_operator.py
[2026-05-29T02:00:52.334+0200] {processor.py:829} INFO - Processing file /home/frederic/airflow_venv/lib/python3.10/site-packages/airflow/example_dags/example_branch_day_of_week_operator.py for tasks to queue
[2026-05-29T02:00:52.334+0200] {logging_mixin.py:151} INFO - [2026-05-29T02:00:52.334+0200] {dagbag.py:539} INFO - Filling up the DagBag from /home/frederic/airflow_venv/lib/python3.10/site-packages/airflow/example_dags/example_branch_day_of_week_operator.py
[2026-05-29T02:00:52.341+0200] {processor.py:839} INFO - DAG(s) dict_keys(['example_weekday_branch_operator']) retrieved from /home/frederic/airflow_venv/lib/python3.10/site-packages/airflow/example_dags/example_branch_day_of_week_operator.py
[2026-05-29T02:00:52.360+0200] {logging_mixin.py:151} INFO - [2026-05-29T02:00:52.360+0200] {dag.py:2915} INFO - Sync 1 DAGs
[2026-05-29T02:00:52.382+0200] {logging_mixin.py:151} INFO - [2026-05-29T02:00:52.382+0200] {dag.py:3696} INFO - Setting next_dagrun for example_weekday_branch_operator to 2026-05-28T00:00:00+00:00, run_after=2026-05-29T00:00:00+00:00
[2026-05-29T02:00:52.401+0200] {processor.py:179} INFO - Processing /home/frederic/airflow_venv/lib/python3.10/site-packages/airflow/example_dags/example_branch_day_of_week_operator.py took 0.072 seconds
[2026-05-29T02:01:17.750+0200] {processor.py:157} INFO - Started process (PID=635361) to work on /home/frederic/airflow_venv/lib/python3.10/site-packages/airflow/example_dags/example_branch_day_of_week_operator.py
[2026-05-29T02:01:17.750+0200] {processor.py:829} INFO - Processing file /home/frederic/airflow_venv/lib/python3.10/site-packages/airflow/example_dags/example_branch_day_of_week_operator.py for tasks to queue
[2026-05-29T02:01:17.751+0200] {logging_mixin.py:151} INFO - [2026-05-29T02:01:17.751+0200] {dagbag.py:539} INFO - Filling up the DagBag from /home/frederic/airflow_venv/lib/python3.10/site-packages/airflow/example_dags/example_branch_day_of_week_operator.py
[2026-05-29T02:01:17.758+0200] {processor.py:839} INFO - DAG(s) dict_keys(['example_weekday_branch_operator']) retrieved from /home/frederic/airflow_venv/lib/python3.10/site-packages/airflow/example_dags/example_branch_day_of_week_operator.py
[2026-05-29T02:01:17.775+0200] {logging_mixin.py:151} INFO - [2026-05-29T02:01:17.775+0200] {dag.py:2915} INFO - Sync 1 DAGs
[2026-05-29T02:01:17.796+0200] {logging_mixin.py:151} INFO - [2026-05-29T02:01:17.796+0200] {dag.py:3696} INFO - Setting next_dagrun for example_weekday_branch_operator to 2026-05-28T00:00:00+00:00, run_after=2026-05-29T00:00:00+00:00
[2026-05-29T02:01:17.815+0200] {processor.py:179} INFO - Processing /home/frederic/airflow_venv/lib/python3.10/site-packages/airflow/example_dags/example_branch_day_of_week_operator.py took 0.069 seconds
[2026-05-29T02:01:45.032+0200] {processor.py:157} INFO - Started process (PID=636123) to work on /home/frederic/airflow_venv/lib/python3.10/site-packages/airflow/example_dags/example_branch_day_of_week_operator.py
[2026-05-29T02:01:45.033+0200] {processor.py:829} INFO - Processing file /home/frederic/airflow_venv/lib/python3.10/site-packages/airflow/example_dags/example_branch_day_of_week_operator.py for tasks to queue
[2026-05-29T02:01:45.034+0200] {logging_mixin.py:151} INFO - [2026-05-29T02:01:45.034+0200] {dagbag.py:539} INFO - Filling up the DagBag from /home/frederic/airflow_venv/lib/python3.10/site-packages/airflow/example_dags/example_branch_day_of_week_operator.py
[2026-05-29T02:01:45.041+0200] {processor.py:839} INFO - DAG(s) dict_keys(['example_weekday_branch_operator']) retrieved from /home/frederic/airflow_venv/lib/python3.10/site-packages/airflow/example_dags/example_branch_day_of_week_operator.py
[2026-05-29T02:01:45.057+0200] {logging_mixin.py:151} INFO - [2026-05-29T02:01:45.056+0200] {dag.py:2915} INFO - Sync 1 DAGs
[2026-05-29T02:01:45.075+0200] {logging_mixin.py:151} INFO - [2026-05-29T02:01:45.075+0200] {dag.py:3696} INFO - Setting next_dagrun for example_weekday_branch_operator to 2026-05-28T00:00:00+00:00, run_after=2026-05-29T00:00:00+00:00
[2026-05-29T02:01:45.090+0200] {processor.py:179} INFO - Processing /home/frederic/airflow_venv/lib/python3.10/site-packages/airflow/example_dags/example_branch_day_of_week_operator.py took 0.061 seconds
[2026-05-29T02:02:01.694+0200] {processor.py:157} INFO - Started process (PID=636560) to work on /home/frederic/airflow_venv/lib/python3.10/site-packages/airflow/example_dags/example_branch_day_of_week_operator.py
[2026-05-29T02:02:01.695+0200] {processor.py:829} INFO - Processing file /home/frederic/airflow_venv/lib/python3.10/site-packages/airflow/example_dags/example_branch_day_of_week_operator.py for tasks to queue
[2026-05-29T02:02:01.695+0200] {logging_mixin.py:151} INFO - [2026-05-29T02:02:01.695+0200] {dagbag.py:539} INFO - Filling up the DagBag from /home/frederic/airflow_venv/lib/python3.10/site-packages/airflow/example_dags/example_branch_day_of_week_operator.py
[2026-05-29T02:02:01.701+0200] {processor.py:839} INFO - DAG(s) dict_keys(['example_weekday_branch_operator']) retrieved from /home/frederic/airflow_venv/lib/python3.10/site-packages/airflow/example_dags/example_branch_day_of_week_operator.py
[2026-05-29T02:02:01.714+0200] {logging_mixin.py:151} INFO - [2026-05-29T02:02:01.714+0200] {dag.py:2915} INFO - Sync 1 DAGs
[2026-05-29T02:02:01.731+0200] {logging_mixin.py:151} INFO - [2026-05-29T02:02:01.731+0200] {dag.py:3696} INFO - Setting next_dagrun for example_weekday_branch_operator to 2026-05-28T00:00:00+00:00, run_after=2026-05-29T00:00:00+00:00
[2026-05-29T02:02:01.745+0200] {processor.py:179} INFO - Processing /home/frederic/airflow_venv/lib/python3.10/site-packages/airflow/example_dags/example_branch_day_of_week_operator.py took 0.054 seconds
[2026-05-29T02:02:37.325+0200] {processor.py:157} INFO - Started process (PID=637680) to work on /home/frederic/airflow_venv/lib/python3.10/site-packages/airflow/example_dags/example_branch_day_of_week_operator.py
[2026-05-29T02:02:37.326+0200] {processor.py:829} INFO - Processing file /home/frederic/airflow_venv/lib/python3.10/site-packages/airflow/example_dags/example_branch_day_of_week_operator.py for tasks to queue
[2026-05-29T02:02:37.327+0200] {logging_mixin.py:151} INFO - [2026-05-29T02:02:37.327+0200] {dagbag.py:539} INFO - Filling up the DagBag from /home/frederic/airflow_venv/lib/python3.10/site-packages/airflow/example_dags/example_branch_day_of_week_operator.py
[2026-05-29T02:02:37.335+0200] {processor.py:839} INFO - DAG(s) dict_keys(['example_weekday_branch_operator']) retrieved from /home/frederic/airflow_venv/lib/python3.10/site-packages/airflow/example_dags/example_branch_day_of_week_operator.py
[2026-05-29T02:02:37.354+0200] {logging_mixin.py:151} INFO - [2026-05-29T02:02:37.354+0200] {dag.py:2915} INFO - Sync 1 DAGs
[2026-05-29T02:02:37.374+0200] {logging_mixin.py:151} INFO - [2026-05-29T02:02:37.374+0200] {dag.py:3696} INFO - Setting next_dagrun for example_weekday_branch_operator to 2026-05-28T00:00:00+00:00, run_after=2026-05-29T00:00:00+00:00
[2026-05-29T02:02:37.391+0200] {processor.py:179} INFO - Processing /home/frederic/airflow_venv/lib/python3.10/site-packages/airflow/example_dags/example_branch_day_of_week_operator.py took 0.069 seconds
[2026-05-29T02:02:50.112+0200] {processor.py:157} INFO - Started process (PID=638131) to work on /home/frederic/airflow_venv/lib/python3.10/site-packages/airflow/example_dags/example_branch_day_of_week_operator.py
[2026-05-29T02:02:50.113+0200] {processor.py:829} INFO - Processing file /home/frederic/airflow_venv/lib/python3.10/site-packages/airflow/example_dags/example_branch_day_of_week_operator.py for tasks to queue
[2026-05-29T02:02:50.114+0200] {logging_mixin.py:151} INFO - [2026-05-29T02:02:50.113+0200] {dagbag.py:539} INFO - Filling up the DagBag from /home/frederic/airflow_venv/lib/python3.10/site-packages/airflow/example_dags/example_branch_day_of_week_operator.py
[2026-05-29T02:02:50.121+0200] {processor.py:839} INFO - DAG(s) dict_keys(['example_weekday_branch_operator']) retrieved from /home/frederic/airflow_venv/lib/python3.10/site-packages/airflow/example_dags/example_branch_day_of_week_operator.py
[2026-05-29T02:02:50.138+0200] {logging_mixin.py:151} INFO - [2026-05-29T02:02:50.138+0200] {dag.py:2915} INFO - Sync 1 DAGs
[2026-05-29T02:02:50.157+0200] {logging_mixin.py:151} INFO - [2026-05-29T02:02:50.157+0200] {dag.py:3696} INFO - Setting next_dagrun for example_weekday_branch_operator to 2026-05-28T00:00:00+00:00, run_after=2026-05-29T00:00:00+00:00
[2026-05-29T02:02:50.172+0200] {processor.py:179} INFO - Processing /home/frederic/airflow_venv/lib/python3.10/site-packages/airflow/example_dags/example_branch_day_of_week_operator.py took 0.063 seconds
[2026-05-29T02:03:25.433+0200] {processor.py:157} INFO - Started process (PID=639100) to work on /home/frederic/airflow_venv/lib/python3.10/site-packages/airflow/example_dags/example_branch_day_of_week_operator.py
[2026-05-29T02:03:25.434+0200] {processor.py:829} INFO - Processing file /home/frederic/airflow_venv/lib/python3.10/site-packages/airflow/example_dags/example_branch_day_of_week_operator.py for tasks to queue
[2026-05-29T02:03:25.434+0200] {logging_mixin.py:151} INFO - [2026-05-29T02:03:25.434+0200] {dagbag.py:539} INFO - Filling up the DagBag from /home/frederic/airflow_venv/lib/python3.10/site-packages/airflow/example_dags/example_branch_day_of_week_operator.py
[2026-05-29T02:03:25.442+0200] {processor.py:839} INFO - DAG(s) dict_keys(['example_weekday_branch_operator']) retrieved from /home/frederic/airflow_venv/lib/python3.10/site-packages/airflow/example_dags/example_branch_day_of_week_operator.py
[2026-05-29T02:03:25.457+0200] {logging_mixin.py:151} INFO - [2026-05-29T02:03:25.457+0200] {dag.py:2915} INFO - Sync 1 DAGs
[2026-05-29T02:03:25.479+0200] {logging_mixin.py:151} INFO - [2026-05-29T02:03:25.479+0200] {dag.py:3696} INFO - Setting next_dagrun for example_weekday_branch_operator to 2026-05-28T00:00:00+00:00, run_after=2026-05-29T00:00:00+00:00
[2026-05-29T02:03:25.507+0200] {processor.py:179} INFO - Processing /home/frederic/airflow_venv/lib/python3.10/site-packages/airflow/example_dags/example_branch_day_of_week_operator.py took 0.077 seconds
[2026-05-29T02:03:39.088+0200] {processor.py:157} INFO - Started process (PID=639557) to work on /home/frederic/airflow_venv/lib/python3.10/site-packages/airflow/example_dags/example_branch_day_of_week_operator.py
[2026-05-29T02:03:39.088+0200] {processor.py:829} INFO - Processing file /home/frederic/airflow_venv/lib/python3.10/site-packages/airflow/example_dags/example_branch_day_of_week_operator.py for tasks to queue
[2026-05-29T02:03:39.089+0200] {logging_mixin.py:151} INFO - [2026-05-29T02:03:39.089+0200] {dagbag.py:539} INFO - Filling up the DagBag from /home/frederic/airflow_venv/lib/python3.10/site-packages/airflow/example_dags/example_branch_day_of_week_operator.py
[2026-05-29T02:03:39.096+0200] {processor.py:839} INFO - DAG(s) dict_keys(['example_weekday_branch_operator']) retrieved from /home/frederic/airflow_venv/lib/python3.10/site-packages/airflow/example_dags/example_branch_day_of_week_operator.py
[2026-05-29T02:03:39.109+0200] {logging_mixin.py:151} INFO - [2026-05-29T02:03:39.109+0200] {dag.py:2915} INFO - Sync 1 DAGs
[2026-05-29T02:03:39.127+0200] {logging_mixin.py:151} INFO - [2026-05-29T02:03:39.127+0200] {dag.py:3696} INFO - Setting next_dagrun for example_weekday_branch_operator to 2026-05-28T00:00:00+00:00, run_after=2026-05-29T00:00:00+00:00
[2026-05-29T02:03:39.142+0200] {processor.py:179} INFO - Processing /home/frederic/airflow_venv/lib/python3.10/site-packages/airflow/example_dags/example_branch_day_of_week_operator.py took 0.057 seconds
[2026-05-29T09:58:39.850+0200] {processor.py:157} INFO - Started process (PID=682216) to work on /home/frederic/airflow_venv/lib/python3.10/site-packages/airflow/example_dags/example_branch_day_of_week_operator.py
[2026-05-29T09:58:39.852+0200] {processor.py:829} INFO - Processing file /home/frederic/airflow_venv/lib/python3.10/site-packages/airflow/example_dags/example_branch_day_of_week_operator.py for tasks to queue
[2026-05-29T09:58:39.852+0200] {logging_mixin.py:151} INFO - [2026-05-29T09:58:39.852+0200] {dagbag.py:539} INFO - Filling up the DagBag from /home/frederic/airflow_venv/lib/python3.10/site-packages/airflow/example_dags/example_branch_day_of_week_operator.py
[2026-05-29T09:58:39.861+0200] {processor.py:839} INFO - DAG(s) dict_keys(['example_weekday_branch_operator']) retrieved from /home/frederic/airflow_venv/lib/python3.10/site-packages/airflow/example_dags/example_branch_day_of_week_operator.py
[2026-05-29T09:58:39.880+0200] {logging_mixin.py:151} INFO - [2026-05-29T09:58:39.880+0200] {dag.py:2915} INFO - Sync 1 DAGs
[2026-05-29T09:58:39.918+0200] {logging_mixin.py:151} INFO - [2026-05-29T09:58:39.918+0200] {dag.py:3696} INFO - Setting next_dagrun for example_weekday_branch_operator to 2026-05-28T00:00:00+00:00, run_after=2026-05-29T00:00:00+00:00
[2026-05-29T09:58:39.948+0200] {processor.py:179} INFO - Processing /home/frederic/airflow_venv/lib/python3.10/site-packages/airflow/example_dags/example_branch_day_of_week_operator.py took 0.102 seconds
[2026-05-29T09:59:43.624+0200] {processor.py:157} INFO - Started process (PID=683771) to work on /home/frederic/airflow_venv/lib/python3.10/site-packages/airflow/example_dags/example_branch_day_of_week_operator.py
[2026-05-29T09:59:43.626+0200] {processor.py:829} INFO - Processing file /home/frederic/airflow_venv/lib/python3.10/site-packages/airflow/example_dags/example_branch_day_of_week_operator.py for tasks to queue
[2026-05-29T09:59:43.626+0200] {logging_mixin.py:151} INFO - [2026-05-29T09:59:43.626+0200] {dagbag.py:539} INFO - Filling up the DagBag from /home/frederic/airflow_venv/lib/python3.10/site-packages/airflow/example_dags/example_branch_day_of_week_operator.py
[2026-05-29T09:59:43.634+0200] {processor.py:839} INFO - DAG(s) dict_keys(['example_weekday_branch_operator']) retrieved from /home/frederic/airflow_venv/lib/python3.10/site-packages/airflow/example_dags/example_branch_day_of_week_operator.py
[2026-05-29T09:59:43.649+0200] {logging_mixin.py:151} INFO - [2026-05-29T09:59:43.649+0200] {dag.py:2915} INFO - Sync 1 DAGs
[2026-05-29T09:59:43.670+0200] {logging_mixin.py:151} INFO - [2026-05-29T09:59:43.670+0200] {dag.py:3696} INFO - Setting next_dagrun for example_weekday_branch_operator to 2026-05-28T00:00:00+00:00, run_after=2026-05-29T00:00:00+00:00
[2026-05-29T09:59:43.687+0200] {processor.py:179} INFO - Processing /home/frederic/airflow_venv/lib/python3.10/site-packages/airflow/example_dags/example_branch_day_of_week_operator.py took 0.066 seconds
[2026-05-29T10:00:34.862+0200] {processor.py:157} INFO - Started process (PID=684500) to work on /home/frederic/airflow_venv/lib/python3.10/site-packages/airflow/example_dags/example_branch_day_of_week_operator.py
[2026-05-29T10:00:34.863+0200] {processor.py:829} INFO - Processing file /home/frederic/airflow_venv/lib/python3.10/site-packages/airflow/example_dags/example_branch_day_of_week_operator.py for tasks to queue
[2026-05-29T10:00:34.865+0200] {logging_mixin.py:151} INFO - [2026-05-29T10:00:34.864+0200] {dagbag.py:539} INFO - Filling up the DagBag from /home/frederic/airflow_venv/lib/python3.10/site-packages/airflow/example_dags/example_branch_day_of_week_operator.py
[2026-05-29T10:00:34.872+0200] {processor.py:839} INFO - DAG(s) dict_keys(['example_weekday_branch_operator']) retrieved from /home/frederic/airflow_venv/lib/python3.10/site-packages/airflow/example_dags/example_branch_day_of_week_operator.py
[2026-05-29T10:00:34.890+0200] {logging_mixin.py:151} INFO - [2026-05-29T10:00:34.889+0200] {dag.py:2915} INFO - Sync 1 DAGs
[2026-05-29T10:00:34.913+0200] {logging_mixin.py:151} INFO - [2026-05-29T10:00:34.913+0200] {dag.py:3696} INFO - Setting next_dagrun for example_weekday_branch_operator to 2026-05-28T00:00:00+00:00, run_after=2026-05-29T00:00:00+00:00
[2026-05-29T10:00:34.935+0200] {processor.py:179} INFO - Processing /home/frederic/airflow_venv/lib/python3.10/site-packages/airflow/example_dags/example_branch_day_of_week_operator.py took 0.076 seconds
[2026-05-29T10:01:23.267+0200] {processor.py:157} INFO - Started process (PID=685408) to work on /home/frederic/airflow_venv/lib/python3.10/site-packages/airflow/example_dags/example_branch_day_of_week_operator.py
[2026-05-29T10:01:23.268+0200] {processor.py:829} INFO - Processing file /home/frederic/airflow_venv/lib/python3.10/site-packages/airflow/example_dags/example_branch_day_of_week_operator.py for tasks to queue
[2026-05-29T10:01:23.269+0200] {logging_mixin.py:151} INFO - [2026-05-29T10:01:23.269+0200] {dagbag.py:539} INFO - Filling up the DagBag from /home/frederic/airflow_venv/lib/python3.10/site-packages/airflow/example_dags/example_branch_day_of_week_operator.py
[2026-05-29T10:01:23.277+0200] {processor.py:839} INFO - DAG(s) dict_keys(['example_weekday_branch_operator']) retrieved from /home/frederic/airflow_venv/lib/python3.10/site-packages/airflow/example_dags/example_branch_day_of_week_operator.py
[2026-05-29T10:01:23.294+0200] {logging_mixin.py:151} INFO - [2026-05-29T10:01:23.294+0200] {dag.py:2915} INFO - Sync 1 DAGs
[2026-05-29T10:01:23.316+0200] {logging_mixin.py:151} INFO - [2026-05-29T10:01:23.316+0200] {dag.py:3696} INFO - Setting next_dagrun for example_weekday_branch_operator to 2026-05-28T00:00:00+00:00, run_after=2026-05-29T00:00:00+00:00
[2026-05-29T10:01:23.338+0200] {processor.py:179} INFO - Processing /home/frederic/airflow_venv/lib/python3.10/site-packages/airflow/example_dags/example_branch_day_of_week_operator.py took 0.073 seconds
[2026-05-29T10:02:12.180+0200] {processor.py:157} INFO - Started process (PID=686009) to work on /home/frederic/airflow_venv/lib/python3.10/site-packages/airflow/example_dags/example_branch_day_of_week_operator.py
[2026-05-29T10:02:12.182+0200] {processor.py:829} INFO - Processing file /home/frederic/airflow_venv/lib/python3.10/site-packages/airflow/example_dags/example_branch_day_of_week_operator.py for tasks to queue
[2026-05-29T10:02:12.183+0200] {logging_mixin.py:151} INFO - [2026-05-29T10:02:12.183+0200] {dagbag.py:539} INFO - Filling up the DagBag from /home/frederic/airflow_venv/lib/python3.10/site-packages/airflow/example_dags/example_branch_day_of_week_operator.py
[2026-05-29T10:02:12.191+0200] {processor.py:839} INFO - DAG(s) dict_keys(['example_weekday_branch_operator']) retrieved from /home/frederic/airflow_venv/lib/python3.10/site-packages/airflow/example_dags/example_branch_day_of_week_operator.py
[2026-05-29T10:02:12.213+0200] {logging_mixin.py:151} INFO - [2026-05-29T10:02:12.212+0200] {dag.py:2915} INFO - Sync 1 DAGs
[2026-05-29T10:02:12.233+0200] {logging_mixin.py:151} INFO - [2026-05-29T10:02:12.233+0200] {dag.py:3696} INFO - Setting next_dagrun for example_weekday_branch_operator to 2026-05-28T00:00:00+00:00, run_after=2026-05-29T00:00:00+00:00
[2026-05-29T10:02:12.252+0200] {processor.py:179} INFO - Processing /home/frederic/airflow_venv/lib/python3.10/site-packages/airflow/example_dags/example_branch_day_of_week_operator.py took 0.074 seconds
[2026-05-29T10:02:57.906+0200] {processor.py:157} INFO - Started process (PID=686425) to work on /home/frederic/airflow_venv/lib/python3.10/site-packages/airflow/example_dags/example_branch_day_of_week_operator.py
[2026-05-29T10:02:57.909+0200] {processor.py:829} INFO - Processing file /home/frederic/airflow_venv/lib/python3.10/site-packages/airflow/example_dags/example_branch_day_of_week_operator.py for tasks to queue
[2026-05-29T10:02:57.910+0200] {logging_mixin.py:151} INFO - [2026-05-29T10:02:57.910+0200] {dagbag.py:539} INFO - Filling up the DagBag from /home/frederic/airflow_venv/lib/python3.10/site-packages/airflow/example_dags/example_branch_day_of_week_operator.py
[2026-05-29T10:02:57.917+0200] {processor.py:839} INFO - DAG(s) dict_keys(['example_weekday_branch_operator']) retrieved from /home/frederic/airflow_venv/lib/python3.10/site-packages/airflow/example_dags/example_branch_day_of_week_operator.py
[2026-05-29T10:02:57.932+0200] {logging_mixin.py:151} INFO - [2026-05-29T10:02:57.932+0200] {dag.py:2915} INFO - Sync 1 DAGs
[2026-05-29T10:02:57.956+0200] {logging_mixin.py:151} INFO - [2026-05-29T10:02:57.955+0200] {dag.py:3696} INFO - Setting next_dagrun for example_weekday_branch_operator to 2026-05-28T00:00:00+00:00, run_after=2026-05-29T00:00:00+00:00
[2026-05-29T10:02:57.975+0200] {processor.py:179} INFO - Processing /home/frederic/airflow_venv/lib/python3.10/site-packages/airflow/example_dags/example_branch_day_of_week_operator.py took 0.071 seconds
[2026-05-29T10:03:45.752+0200] {processor.py:157} INFO - Started process (PID=687181) to work on /home/frederic/airflow_venv/lib/python3.10/site-packages/airflow/example_dags/example_branch_day_of_week_operator.py
[2026-05-29T10:03:45.753+0200] {processor.py:829} INFO - Processing file /home/frederic/airflow_venv/lib/python3.10/site-packages/airflow/example_dags/example_branch_day_of_week_operator.py for tasks to queue
[2026-05-29T10:03:45.754+0200] {logging_mixin.py:151} INFO - [2026-05-29T10:03:45.754+0200] {dagbag.py:539} INFO - Filling up the DagBag from /home/frederic/airflow_venv/lib/python3.10/site-packages/airflow/example_dags/example_branch_day_of_week_operator.py
[2026-05-29T10:03:45.765+0200] {processor.py:839} INFO - DAG(s) dict_keys(['example_weekday_branch_operator']) retrieved from /home/frederic/airflow_venv/lib/python3.10/site-packages/airflow/example_dags/example_branch_day_of_week_operator.py
[2026-05-29T10:03:45.785+0200] {logging_mixin.py:151} INFO - [2026-05-29T10:03:45.784+0200] {dag.py:2915} INFO - Sync 1 DAGs
[2026-05-29T10:03:45.808+0200] {logging_mixin.py:151} INFO - [2026-05-29T10:03:45.808+0200] {dag.py:3696} INFO - Setting next_dagrun for example_weekday_branch_operator to 2026-05-28T00:00:00+00:00, run_after=2026-05-29T00:00:00+00:00
[2026-05-29T10:03:45.832+0200] {processor.py:179} INFO - Processing /home/frederic/airflow_venv/lib/python3.10/site-packages/airflow/example_dags/example_branch_day_of_week_operator.py took 0.083 seconds
[2026-05-29T10:04:33.317+0200] {processor.py:157} INFO - Started process (PID=688227) to work on /home/frederic/airflow_venv/lib/python3.10/site-packages/airflow/example_dags/example_branch_day_of_week_operator.py
[2026-05-29T10:04:33.321+0200] {processor.py:829} INFO - Processing file /home/frederic/airflow_venv/lib/python3.10/site-packages/airflow/example_dags/example_branch_day_of_week_operator.py for tasks to queue
[2026-05-29T10:04:33.322+0200] {logging_mixin.py:151} INFO - [2026-05-29T10:04:33.322+0200] {dagbag.py:539} INFO - Filling up the DagBag from /home/frederic/airflow_venv/lib/python3.10/site-packages/airflow/example_dags/example_branch_day_of_week_operator.py
[2026-05-29T10:04:33.331+0200] {processor.py:839} INFO - DAG(s) dict_keys(['example_weekday_branch_operator']) retrieved from /home/frederic/airflow_venv/lib/python3.10/site-packages/airflow/example_dags/example_branch_day_of_week_operator.py
[2026-05-29T10:04:33.349+0200] {logging_mixin.py:151} INFO - [2026-05-29T10:04:33.349+0200] {dag.py:2915} INFO - Sync 1 DAGs
[2026-05-29T10:04:33.373+0200] {logging_mixin.py:151} INFO - [2026-05-29T10:04:33.373+0200] {dag.py:3696} INFO - Setting next_dagrun for example_weekday_branch_operator to 2026-05-28T00:00:00+00:00, run_after=2026-05-29T00:00:00+00:00
[2026-05-29T10:04:33.393+0200] {processor.py:179} INFO - Processing /home/frederic/airflow_venv/lib/python3.10/site-packages/airflow/example_dags/example_branch_day_of_week_operator.py took 0.081 seconds
[2026-05-29T10:05:20.703+0200] {processor.py:157} INFO - Started process (PID=689292) to work on /home/frederic/airflow_venv/lib/python3.10/site-packages/airflow/example_dags/example_branch_day_of_week_operator.py
[2026-05-29T10:05:20.704+0200] {processor.py:829} INFO - Processing file /home/frederic/airflow_venv/lib/python3.10/site-packages/airflow/example_dags/example_branch_day_of_week_operator.py for tasks to queue
[2026-05-29T10:05:20.705+0200] {logging_mixin.py:151} INFO - [2026-05-29T10:05:20.705+0200] {dagbag.py:539} INFO - Filling up the DagBag from /home/frederic/airflow_venv/lib/python3.10/site-packages/airflow/example_dags/example_branch_day_of_week_operator.py
[2026-05-29T10:05:20.717+0200] {processor.py:839} INFO - DAG(s) dict_keys(['example_weekday_branch_operator']) retrieved from /home/frederic/airflow_venv/lib/python3.10/site-packages/airflow/example_dags/example_branch_day_of_week_operator.py
[2026-05-29T10:05:20.741+0200] {logging_mixin.py:151} INFO - [2026-05-29T10:05:20.740+0200] {dag.py:2915} INFO - Sync 1 DAGs
[2026-05-29T10:05:20.769+0200] {logging_mixin.py:151} INFO - [2026-05-29T10:05:20.768+0200] {dag.py:3696} INFO - Setting next_dagrun for example_weekday_branch_operator to 2026-05-28T00:00:00+00:00, run_after=2026-05-29T00:00:00+00:00
[2026-05-29T10:05:20.793+0200] {processor.py:179} INFO - Processing /home/frederic/airflow_venv/lib/python3.10/site-packages/airflow/example_dags/example_branch_day_of_week_operator.py took 0.092 seconds
[2026-05-29T10:06:08.255+0200] {processor.py:157} INFO - Started process (PID=690027) to work on /home/frederic/airflow_venv/lib/python3.10/site-packages/airflow/example_dags/example_branch_day_of_week_operator.py
[2026-05-29T10:06:08.257+0200] {processor.py:829} INFO - Processing file /home/frederic/airflow_venv/lib/python3.10/site-packages/airflow/example_dags/example_branch_day_of_week_operator.py for tasks to queue
[2026-05-29T10:06:08.258+0200] {logging_mixin.py:151} INFO - [2026-05-29T10:06:08.258+0200] {dagbag.py:539} INFO - Filling up the DagBag from /home/frederic/airflow_venv/lib/python3.10/site-packages/airflow/example_dags/example_branch_day_of_week_operator.py
[2026-05-29T10:06:08.270+0200] {processor.py:839} INFO - DAG(s) dict_keys(['example_weekday_branch_operator']) retrieved from /home/frederic/airflow_venv/lib/python3.10/site-packages/airflow/example_dags/example_branch_day_of_week_operator.py
[2026-05-29T10:06:08.293+0200] {logging_mixin.py:151} INFO - [2026-05-29T10:06:08.293+0200] {dag.py:2915} INFO - Sync 1 DAGs
[2026-05-29T10:06:08.322+0200] {logging_mixin.py:151} INFO - [2026-05-29T10:06:08.322+0200] {dag.py:3696} INFO - Setting next_dagrun for example_weekday_branch_operator to 2026-05-28T00:00:00+00:00, run_after=2026-05-29T00:00:00+00:00
[2026-05-29T10:06:08.345+0200] {processor.py:179} INFO - Processing /home/frederic/airflow_venv/lib/python3.10/site-packages/airflow/example_dags/example_branch_day_of_week_operator.py took 0.094 seconds
[2026-05-29T10:07:02.040+0200] {processor.py:157} INFO - Started process (PID=690770) to work on /home/frederic/airflow_venv/lib/python3.10/site-packages/airflow/example_dags/example_branch_day_of_week_operator.py
[2026-05-29T10:07:02.041+0200] {processor.py:829} INFO - Processing file /home/frederic/airflow_venv/lib/python3.10/site-packages/airflow/example_dags/example_branch_day_of_week_operator.py for tasks to queue
[2026-05-29T10:07:02.042+0200] {logging_mixin.py:151} INFO - [2026-05-29T10:07:02.042+0200] {dagbag.py:539} INFO - Filling up the DagBag from /home/frederic/airflow_venv/lib/python3.10/site-packages/airflow/example_dags/example_branch_day_of_week_operator.py
[2026-05-29T10:07:02.049+0200] {processor.py:839} INFO - DAG(s) dict_keys(['example_weekday_branch_operator']) retrieved from /home/frederic/airflow_venv/lib/python3.10/site-packages/airflow/example_dags/example_branch_day_of_week_operator.py
[2026-05-29T10:07:02.065+0200] {logging_mixin.py:151} INFO - [2026-05-29T10:07:02.065+0200] {dag.py:2915} INFO - Sync 1 DAGs
[2026-05-29T10:07:02.086+0200] {logging_mixin.py:151} INFO - [2026-05-29T10:07:02.085+0200] {dag.py:3696} INFO - Setting next_dagrun for example_weekday_branch_operator to 2026-05-28T00:00:00+00:00, run_after=2026-05-29T00:00:00+00:00
[2026-05-29T10:07:02.103+0200] {processor.py:179} INFO - Processing /home/frederic/airflow_venv/lib/python3.10/site-packages/airflow/example_dags/example_branch_day_of_week_operator.py took 0.066 seconds
[2026-05-29T10:07:56.537+0200] {processor.py:157} INFO - Started process (PID=691353) to work on /home/frederic/airflow_venv/lib/python3.10/site-packages/airflow/example_dags/example_branch_day_of_week_operator.py
[2026-05-29T10:07:56.539+0200] {processor.py:829} INFO - Processing file /home/frederic/airflow_venv/lib/python3.10/site-packages/airflow/example_dags/example_branch_day_of_week_operator.py for tasks to queue
[2026-05-29T10:07:56.540+0200] {logging_mixin.py:151} INFO - [2026-05-29T10:07:56.540+0200] {dagbag.py:539} INFO - Filling up the DagBag from /home/frederic/airflow_venv/lib/python3.10/site-packages/airflow/example_dags/example_branch_day_of_week_operator.py
[2026-05-29T10:07:56.547+0200] {processor.py:839} INFO - DAG(s) dict_keys(['example_weekday_branch_operator']) retrieved from /home/frederic/airflow_venv/lib/python3.10/site-packages/airflow/example_dags/example_branch_day_of_week_operator.py
[2026-05-29T10:07:56.562+0200] {logging_mixin.py:151} INFO - [2026-05-29T10:07:56.562+0200] {dag.py:2915} INFO - Sync 1 DAGs
[2026-05-29T10:07:56.587+0200] {logging_mixin.py:151} INFO - [2026-05-29T10:07:56.587+0200] {dag.py:3696} INFO - Setting next_dagrun for example_weekday_branch_operator to 2026-05-28T00:00:00+00:00, run_after=2026-05-29T00:00:00+00:00
[2026-05-29T10:07:56.606+0200] {processor.py:179} INFO - Processing /home/frederic/airflow_venv/lib/python3.10/site-packages/airflow/example_dags/example_branch_day_of_week_operator.py took 0.071 seconds
[2026-05-29T10:08:41.640+0200] {processor.py:157} INFO - Started process (PID=691876) to work on /home/frederic/airflow_venv/lib/python3.10/site-packages/airflow/example_dags/example_branch_day_of_week_operator.py
[2026-05-29T10:08:41.643+0200] {processor.py:829} INFO - Processing file /home/frederic/airflow_venv/lib/python3.10/site-packages/airflow/example_dags/example_branch_day_of_week_operator.py for tasks to queue
[2026-05-29T10:08:41.644+0200] {logging_mixin.py:151} INFO - [2026-05-29T10:08:41.643+0200] {dagbag.py:539} INFO - Filling up the DagBag from /home/frederic/airflow_venv/lib/python3.10/site-packages/airflow/example_dags/example_branch_day_of_week_operator.py
[2026-05-29T10:08:41.651+0200] {processor.py:839} INFO - DAG(s) dict_keys(['example_weekday_branch_operator']) retrieved from /home/frederic/airflow_venv/lib/python3.10/site-packages/airflow/example_dags/example_branch_day_of_week_operator.py
[2026-05-29T10:08:41.666+0200] {logging_mixin.py:151} INFO - [2026-05-29T10:08:41.666+0200] {dag.py:2915} INFO - Sync 1 DAGs
[2026-05-29T10:08:41.684+0200] {logging_mixin.py:151} INFO - [2026-05-29T10:08:41.684+0200] {dag.py:3696} INFO - Setting next_dagrun for example_weekday_branch_operator to 2026-05-28T00:00:00+00:00, run_after=2026-05-29T00:00:00+00:00
[2026-05-29T10:08:41.701+0200] {processor.py:179} INFO - Processing /home/frederic/airflow_venv/lib/python3.10/site-packages/airflow/example_dags/example_branch_day_of_week_operator.py took 0.065 seconds
[2026-05-29T10:09:27.778+0200] {processor.py:157} INFO - Started process (PID=692469) to work on /home/frederic/airflow_venv/lib/python3.10/site-packages/airflow/example_dags/example_branch_day_of_week_operator.py
[2026-05-29T10:09:27.782+0200] {processor.py:829} INFO - Processing file /home/frederic/airflow_venv/lib/python3.10/site-packages/airflow/example_dags/example_branch_day_of_week_operator.py for tasks to queue
[2026-05-29T10:09:27.782+0200] {logging_mixin.py:151} INFO - [2026-05-29T10:09:27.782+0200] {dagbag.py:539} INFO - Filling up the DagBag from /home/frederic/airflow_venv/lib/python3.10/site-packages/airflow/example_dags/example_branch_day_of_week_operator.py
[2026-05-29T10:09:27.790+0200] {processor.py:839} INFO - DAG(s) dict_keys(['example_weekday_branch_operator']) retrieved from /home/frederic/airflow_venv/lib/python3.10/site-packages/airflow/example_dags/example_branch_day_of_week_operator.py
[2026-05-29T10:09:27.806+0200] {logging_mixin.py:151} INFO - [2026-05-29T10:09:27.806+0200] {dag.py:2915} INFO - Sync 1 DAGs
[2026-05-29T10:09:27.826+0200] {logging_mixin.py:151} INFO - [2026-05-29T10:09:27.826+0200] {dag.py:3696} INFO - Setting next_dagrun for example_weekday_branch_operator to 2026-05-28T00:00:00+00:00, run_after=2026-05-29T00:00:00+00:00
[2026-05-29T10:09:27.844+0200] {processor.py:179} INFO - Processing /home/frederic/airflow_venv/lib/python3.10/site-packages/airflow/example_dags/example_branch_day_of_week_operator.py took 0.068 seconds
[2026-05-29T10:10:18.279+0200] {processor.py:157} INFO - Started process (PID=693133) to work on /home/frederic/airflow_venv/lib/python3.10/site-packages/airflow/example_dags/example_branch_day_of_week_operator.py
[2026-05-29T10:10:18.281+0200] {processor.py:829} INFO - Processing file /home/frederic/airflow_venv/lib/python3.10/site-packages/airflow/example_dags/example_branch_day_of_week_operator.py for tasks to queue
[2026-05-29T10:10:18.281+0200] {logging_mixin.py:151} INFO - [2026-05-29T10:10:18.281+0200] {dagbag.py:539} INFO - Filling up the DagBag from /home/frederic/airflow_venv/lib/python3.10/site-packages/airflow/example_dags/example_branch_day_of_week_operator.py
[2026-05-29T10:10:18.288+0200] {processor.py:839} INFO - DAG(s) dict_keys(['example_weekday_branch_operator']) retrieved from /home/frederic/airflow_venv/lib/python3.10/site-packages/airflow/example_dags/example_branch_day_of_week_operator.py
[2026-05-29T10:10:18.303+0200] {logging_mixin.py:151} INFO - [2026-05-29T10:10:18.303+0200] {dag.py:2915} INFO - Sync 1 DAGs
[2026-05-29T10:10:18.326+0200] {logging_mixin.py:151} INFO - [2026-05-29T10:10:18.325+0200] {dag.py:3696} INFO - Setting next_dagrun for example_weekday_branch_operator to 2026-05-28T00:00:00+00:00, run_after=2026-05-29T00:00:00+00:00
[2026-05-29T10:10:18.344+0200] {processor.py:179} INFO - Processing /home/frederic/airflow_venv/lib/python3.10/site-packages/airflow/example_dags/example_branch_day_of_week_operator.py took 0.067 seconds
[2026-05-29T10:11:05.885+0200] {processor.py:157} INFO - Started process (PID=694163) to work on /home/frederic/airflow_venv/lib/python3.10/site-packages/airflow/example_dags/example_branch_day_of_week_operator.py
[2026-05-29T10:11:05.889+0200] {processor.py:829} INFO - Processing file /home/frederic/airflow_venv/lib/python3.10/site-packages/airflow/example_dags/example_branch_day_of_week_operator.py for tasks to queue
[2026-05-29T10:11:05.889+0200] {logging_mixin.py:151} INFO - [2026-05-29T10:11:05.889+0200] {dagbag.py:539} INFO - Filling up the DagBag from /home/frederic/airflow_venv/lib/python3.10/site-packages/airflow/example_dags/example_branch_day_of_week_operator.py
[2026-05-29T10:11:05.897+0200] {processor.py:839} INFO - DAG(s) dict_keys(['example_weekday_branch_operator']) retrieved from /home/frederic/airflow_venv/lib/python3.10/site-packages/airflow/example_dags/example_branch_day_of_week_operator.py
[2026-05-29T10:11:05.912+0200] {logging_mixin.py:151} INFO - [2026-05-29T10:11:05.912+0200] {dag.py:2915} INFO - Sync 1 DAGs
[2026-05-29T10:11:05.932+0200] {logging_mixin.py:151} INFO - [2026-05-29T10:11:05.932+0200] {dag.py:3696} INFO - Setting next_dagrun for example_weekday_branch_operator to 2026-05-28T00:00:00+00:00, run_after=2026-05-29T00:00:00+00:00
[2026-05-29T10:11:05.949+0200] {processor.py:179} INFO - Processing /home/frederic/airflow_venv/lib/python3.10/site-packages/airflow/example_dags/example_branch_day_of_week_operator.py took 0.067 seconds
[2026-05-29T10:11:55.858+0200] {processor.py:157} INFO - Started process (PID=695158) to work on /home/frederic/airflow_venv/lib/python3.10/site-packages/airflow/example_dags/example_branch_day_of_week_operator.py
[2026-05-29T10:11:55.859+0200] {processor.py:829} INFO - Processing file /home/frederic/airflow_venv/lib/python3.10/site-packages/airflow/example_dags/example_branch_day_of_week_operator.py for tasks to queue
[2026-05-29T10:11:55.860+0200] {logging_mixin.py:151} INFO - [2026-05-29T10:11:55.860+0200] {dagbag.py:539} INFO - Filling up the DagBag from /home/frederic/airflow_venv/lib/python3.10/site-packages/airflow/example_dags/example_branch_day_of_week_operator.py
[2026-05-29T10:11:55.867+0200] {processor.py:839} INFO - DAG(s) dict_keys(['example_weekday_branch_operator']) retrieved from /home/frederic/airflow_venv/lib/python3.10/site-packages/airflow/example_dags/example_branch_day_of_week_operator.py
[2026-05-29T10:11:55.883+0200] {logging_mixin.py:151} INFO - [2026-05-29T10:11:55.883+0200] {dag.py:2915} INFO - Sync 1 DAGs
[2026-05-29T10:11:55.901+0200] {logging_mixin.py:151} INFO - [2026-05-29T10:11:55.901+0200] {dag.py:3696} INFO - Setting next_dagrun for example_weekday_branch_operator to 2026-05-28T00:00:00+00:00, run_after=2026-05-29T00:00:00+00:00
[2026-05-29T10:11:55.916+0200] {processor.py:179} INFO - Processing /home/frederic/airflow_venv/lib/python3.10/site-packages/airflow/example_dags/example_branch_day_of_week_operator.py took 0.061 seconds
[2026-05-29T10:12:37.927+0200] {processor.py:157} INFO - Started process (PID=695592) to work on /home/frederic/airflow_venv/lib/python3.10/site-packages/airflow/example_dags/example_branch_day_of_week_operator.py
[2026-05-29T10:12:37.928+0200] {processor.py:829} INFO - Processing file /home/frederic/airflow_venv/lib/python3.10/site-packages/airflow/example_dags/example_branch_day_of_week_operator.py for tasks to queue
[2026-05-29T10:12:37.929+0200] {logging_mixin.py:151} INFO - [2026-05-29T10:12:37.929+0200] {dagbag.py:539} INFO - Filling up the DagBag from /home/frederic/airflow_venv/lib/python3.10/site-packages/airflow/example_dags/example_branch_day_of_week_operator.py
[2026-05-29T10:12:37.935+0200] {processor.py:839} INFO - DAG(s) dict_keys(['example_weekday_branch_operator']) retrieved from /home/frederic/airflow_venv/lib/python3.10/site-packages/airflow/example_dags/example_branch_day_of_week_operator.py
[2026-05-29T10:12:37.948+0200] {logging_mixin.py:151} INFO - [2026-05-29T10:12:37.948+0200] {dag.py:2915} INFO - Sync 1 DAGs
[2026-05-29T10:12:37.964+0200] {logging_mixin.py:151} INFO - [2026-05-29T10:12:37.964+0200] {dag.py:3696} INFO - Setting next_dagrun for example_weekday_branch_operator to 2026-05-28T00:00:00+00:00, run_after=2026-05-29T00:00:00+00:00
[2026-05-29T10:12:37.981+0200] {processor.py:179} INFO - Processing /home/frederic/airflow_venv/lib/python3.10/site-packages/airflow/example_dags/example_branch_day_of_week_operator.py took 0.056 seconds
[2026-05-29T10:13:31.165+0200] {processor.py:157} INFO - Started process (PID=696199) to work on /home/frederic/airflow_venv/lib/python3.10/site-packages/airflow/example_dags/example_branch_day_of_week_operator.py
[2026-05-29T10:13:31.166+0200] {processor.py:829} INFO - Processing file /home/frederic/airflow_venv/lib/python3.10/site-packages/airflow/example_dags/example_branch_day_of_week_operator.py for tasks to queue
[2026-05-29T10:13:31.167+0200] {logging_mixin.py:151} INFO - [2026-05-29T10:13:31.167+0200] {dagbag.py:539} INFO - Filling up the DagBag from /home/frederic/airflow_venv/lib/python3.10/site-packages/airflow/example_dags/example_branch_day_of_week_operator.py
[2026-05-29T10:13:31.174+0200] {processor.py:839} INFO - DAG(s) dict_keys(['example_weekday_branch_operator']) retrieved from /home/frederic/airflow_venv/lib/python3.10/site-packages/airflow/example_dags/example_branch_day_of_week_operator.py
[2026-05-29T10:13:31.186+0200] {logging_mixin.py:151} INFO - [2026-05-29T10:13:31.186+0200] {dag.py:2915} INFO - Sync 1 DAGs
[2026-05-29T10:13:31.203+0200] {logging_mixin.py:151} INFO - [2026-05-29T10:13:31.203+0200] {dag.py:3696} INFO - Setting next_dagrun for example_weekday_branch_operator to 2026-05-28T00:00:00+00:00, run_after=2026-05-29T00:00:00+00:00
[2026-05-29T10:13:31.217+0200] {processor.py:179} INFO - Processing /home/frederic/airflow_venv/lib/python3.10/site-packages/airflow/example_dags/example_branch_day_of_week_operator.py took 0.054 seconds
[2026-05-29T10:14:23.851+0200] {processor.py:157} INFO - Started process (PID=696822) to work on /home/frederic/airflow_venv/lib/python3.10/site-packages/airflow/example_dags/example_branch_day_of_week_operator.py
[2026-05-29T10:14:23.852+0200] {processor.py:829} INFO - Processing file /home/frederic/airflow_venv/lib/python3.10/site-packages/airflow/example_dags/example_branch_day_of_week_operator.py for tasks to queue
[2026-05-29T10:14:23.852+0200] {logging_mixin.py:151} INFO - [2026-05-29T10:14:23.852+0200] {dagbag.py:539} INFO - Filling up the DagBag from /home/frederic/airflow_venv/lib/python3.10/site-packages/airflow/example_dags/example_branch_day_of_week_operator.py
[2026-05-29T10:14:23.858+0200] {processor.py:839} INFO - DAG(s) dict_keys(['example_weekday_branch_operator']) retrieved from /home/frederic/airflow_venv/lib/python3.10/site-packages/airflow/example_dags/example_branch_day_of_week_operator.py
[2026-05-29T10:14:23.870+0200] {logging_mixin.py:151} INFO - [2026-05-29T10:14:23.870+0200] {dag.py:2915} INFO - Sync 1 DAGs
[2026-05-29T10:14:23.885+0200] {logging_mixin.py:151} INFO - [2026-05-29T10:14:23.885+0200] {dag.py:3696} INFO - Setting next_dagrun for example_weekday_branch_operator to 2026-05-28T00:00:00+00:00, run_after=2026-05-29T00:00:00+00:00
[2026-05-29T10:14:23.900+0200] {processor.py:179} INFO - Processing /home/frederic/airflow_venv/lib/python3.10/site-packages/airflow/example_dags/example_branch_day_of_week_operator.py took 0.052 seconds
[2026-05-29T10:15:12.357+0200] {processor.py:157} INFO - Started process (PID=697435) to work on /home/frederic/airflow_venv/lib/python3.10/site-packages/airflow/example_dags/example_branch_day_of_week_operator.py
[2026-05-29T10:15:12.358+0200] {processor.py:829} INFO - Processing file /home/frederic/airflow_venv/lib/python3.10/site-packages/airflow/example_dags/example_branch_day_of_week_operator.py for tasks to queue
[2026-05-29T10:15:12.359+0200] {logging_mixin.py:151} INFO - [2026-05-29T10:15:12.358+0200] {dagbag.py:539} INFO - Filling up the DagBag from /home/frederic/airflow_venv/lib/python3.10/site-packages/airflow/example_dags/example_branch_day_of_week_operator.py
[2026-05-29T10:15:12.364+0200] {processor.py:839} INFO - DAG(s) dict_keys(['example_weekday_branch_operator']) retrieved from /home/frederic/airflow_venv/lib/python3.10/site-packages/airflow/example_dags/example_branch_day_of_week_operator.py
[2026-05-29T10:15:12.378+0200] {logging_mixin.py:151} INFO - [2026-05-29T10:15:12.378+0200] {dag.py:2915} INFO - Sync 1 DAGs
[2026-05-29T10:15:12.398+0200] {logging_mixin.py:151} INFO - [2026-05-29T10:15:12.398+0200] {dag.py:3696} INFO - Setting next_dagrun for example_weekday_branch_operator to 2026-05-28T00:00:00+00:00, run_after=2026-05-29T00:00:00+00:00
[2026-05-29T10:15:12.413+0200] {processor.py:179} INFO - Processing /home/frederic/airflow_venv/lib/python3.10/site-packages/airflow/example_dags/example_branch_day_of_week_operator.py took 0.059 seconds
[2026-05-29T10:16:01.000+0200] {processor.py:157} INFO - Started process (PID=698383) to work on /home/frederic/airflow_venv/lib/python3.10/site-packages/airflow/example_dags/example_branch_day_of_week_operator.py
[2026-05-29T10:16:01.001+0200] {processor.py:829} INFO - Processing file /home/frederic/airflow_venv/lib/python3.10/site-packages/airflow/example_dags/example_branch_day_of_week_operator.py for tasks to queue
[2026-05-29T10:16:01.002+0200] {logging_mixin.py:151} INFO - [2026-05-29T10:16:01.001+0200] {dagbag.py:539} INFO - Filling up the DagBag from /home/frederic/airflow_venv/lib/python3.10/site-packages/airflow/example_dags/example_branch_day_of_week_operator.py
[2026-05-29T10:16:01.008+0200] {processor.py:839} INFO - DAG(s) dict_keys(['example_weekday_branch_operator']) retrieved from /home/frederic/airflow_venv/lib/python3.10/site-packages/airflow/example_dags/example_branch_day_of_week_operator.py
[2026-05-29T10:16:01.023+0200] {logging_mixin.py:151} INFO - [2026-05-29T10:16:01.023+0200] {dag.py:2915} INFO - Sync 1 DAGs
[2026-05-29T10:16:01.042+0200] {logging_mixin.py:151} INFO - [2026-05-29T10:16:01.041+0200] {dag.py:3696} INFO - Setting next_dagrun for example_weekday_branch_operator to 2026-05-28T00:00:00+00:00, run_after=2026-05-29T00:00:00+00:00
[2026-05-29T10:16:01.057+0200] {processor.py:179} INFO - Processing /home/frederic/airflow_venv/lib/python3.10/site-packages/airflow/example_dags/example_branch_day_of_week_operator.py took 0.060 seconds
[2026-05-29T10:16:48.268+0200] {processor.py:157} INFO - Started process (PID=698942) to work on /home/frederic/airflow_venv/lib/python3.10/site-packages/airflow/example_dags/example_branch_day_of_week_operator.py
[2026-05-29T10:16:48.269+0200] {processor.py:829} INFO - Processing file /home/frederic/airflow_venv/lib/python3.10/site-packages/airflow/example_dags/example_branch_day_of_week_operator.py for tasks to queue
[2026-05-29T10:16:48.270+0200] {logging_mixin.py:151} INFO - [2026-05-29T10:16:48.269+0200] {dagbag.py:539} INFO - Filling up the DagBag from /home/frederic/airflow_venv/lib/python3.10/site-packages/airflow/example_dags/example_branch_day_of_week_operator.py
[2026-05-29T10:16:48.276+0200] {processor.py:839} INFO - DAG(s) dict_keys(['example_weekday_branch_operator']) retrieved from /home/frederic/airflow_venv/lib/python3.10/site-packages/airflow/example_dags/example_branch_day_of_week_operator.py
[2026-05-29T10:16:48.289+0200] {logging_mixin.py:151} INFO - [2026-05-29T10:16:48.289+0200] {dag.py:2915} INFO - Sync 1 DAGs
[2026-05-29T10:16:48.305+0200] {logging_mixin.py:151} INFO - [2026-05-29T10:16:48.305+0200] {dag.py:3696} INFO - Setting next_dagrun for example_weekday_branch_operator to 2026-05-28T00:00:00+00:00, run_after=2026-05-29T00:00:00+00:00
[2026-05-29T10:16:48.321+0200] {processor.py:179} INFO - Processing /home/frederic/airflow_venv/lib/python3.10/site-packages/airflow/example_dags/example_branch_day_of_week_operator.py took 0.055 seconds
[2026-05-29T10:17:32.139+0200] {processor.py:157} INFO - Started process (PID=700074) to work on /home/frederic/airflow_venv/lib/python3.10/site-packages/airflow/example_dags/example_branch_day_of_week_operator.py
[2026-05-29T10:17:32.141+0200] {processor.py:829} INFO - Processing file /home/frederic/airflow_venv/lib/python3.10/site-packages/airflow/example_dags/example_branch_day_of_week_operator.py for tasks to queue
[2026-05-29T10:17:32.142+0200] {logging_mixin.py:151} INFO - [2026-05-29T10:17:32.142+0200] {dagbag.py:539} INFO - Filling up the DagBag from /home/frederic/airflow_venv/lib/python3.10/site-packages/airflow/example_dags/example_branch_day_of_week_operator.py
[2026-05-29T10:17:32.150+0200] {processor.py:839} INFO - DAG(s) dict_keys(['example_weekday_branch_operator']) retrieved from /home/frederic/airflow_venv/lib/python3.10/site-packages/airflow/example_dags/example_branch_day_of_week_operator.py
[2026-05-29T10:17:32.171+0200] {logging_mixin.py:151} INFO - [2026-05-29T10:17:32.170+0200] {dag.py:2915} INFO - Sync 1 DAGs
[2026-05-29T10:17:32.194+0200] {logging_mixin.py:151} INFO - [2026-05-29T10:17:32.194+0200] {dag.py:3696} INFO - Setting next_dagrun for example_weekday_branch_operator to 2026-05-28T00:00:00+00:00, run_after=2026-05-29T00:00:00+00:00
[2026-05-29T10:17:32.219+0200] {processor.py:179} INFO - Processing /home/frederic/airflow_venv/lib/python3.10/site-packages/airflow/example_dags/example_branch_day_of_week_operator.py took 0.085 seconds
[2026-05-29T10:18:20.650+0200] {processor.py:157} INFO - Started process (PID=700814) to work on /home/frederic/airflow_venv/lib/python3.10/site-packages/airflow/example_dags/example_branch_day_of_week_operator.py
[2026-05-29T10:18:20.651+0200] {processor.py:829} INFO - Processing file /home/frederic/airflow_venv/lib/python3.10/site-packages/airflow/example_dags/example_branch_day_of_week_operator.py for tasks to queue
[2026-05-29T10:18:20.652+0200] {logging_mixin.py:151} INFO - [2026-05-29T10:18:20.652+0200] {dagbag.py:539} INFO - Filling up the DagBag from /home/frederic/airflow_venv/lib/python3.10/site-packages/airflow/example_dags/example_branch_day_of_week_operator.py
[2026-05-29T10:18:20.658+0200] {processor.py:839} INFO - DAG(s) dict_keys(['example_weekday_branch_operator']) retrieved from /home/frederic/airflow_venv/lib/python3.10/site-packages/airflow/example_dags/example_branch_day_of_week_operator.py
[2026-05-29T10:18:20.670+0200] {logging_mixin.py:151} INFO - [2026-05-29T10:18:20.669+0200] {dag.py:2915} INFO - Sync 1 DAGs
[2026-05-29T10:18:20.685+0200] {logging_mixin.py:151} INFO - [2026-05-29T10:18:20.685+0200] {dag.py:3696} INFO - Setting next_dagrun for example_weekday_branch_operator to 2026-05-28T00:00:00+00:00, run_after=2026-05-29T00:00:00+00:00
[2026-05-29T10:18:20.703+0200] {processor.py:179} INFO - Processing /home/frederic/airflow_venv/lib/python3.10/site-packages/airflow/example_dags/example_branch_day_of_week_operator.py took 0.054 seconds
[2026-05-29T10:19:05.439+0200] {processor.py:157} INFO - Started process (PID=701264) to work on /home/frederic/airflow_venv/lib/python3.10/site-packages/airflow/example_dags/example_branch_day_of_week_operator.py
[2026-05-29T10:19:05.440+0200] {processor.py:829} INFO - Processing file /home/frederic/airflow_venv/lib/python3.10/site-packages/airflow/example_dags/example_branch_day_of_week_operator.py for tasks to queue
[2026-05-29T10:19:05.440+0200] {logging_mixin.py:151} INFO - [2026-05-29T10:19:05.440+0200] {dagbag.py:539} INFO - Filling up the DagBag from /home/frederic/airflow_venv/lib/python3.10/site-packages/airflow/example_dags/example_branch_day_of_week_operator.py
[2026-05-29T10:19:05.448+0200] {processor.py:839} INFO - DAG(s) dict_keys(['example_weekday_branch_operator']) retrieved from /home/frederic/airflow_venv/lib/python3.10/site-packages/airflow/example_dags/example_branch_day_of_week_operator.py
[2026-05-29T10:19:05.461+0200] {logging_mixin.py:151} INFO - [2026-05-29T10:19:05.461+0200] {dag.py:2915} INFO - Sync 1 DAGs
[2026-05-29T10:19:05.479+0200] {logging_mixin.py:151} INFO - [2026-05-29T10:19:05.479+0200] {dag.py:3696} INFO - Setting next_dagrun for example_weekday_branch_operator to 2026-05-28T00:00:00+00:00, run_after=2026-05-29T00:00:00+00:00
[2026-05-29T10:19:05.494+0200] {processor.py:179} INFO - Processing /home/frederic/airflow_venv/lib/python3.10/site-packages/airflow/example_dags/example_branch_day_of_week_operator.py took 0.058 seconds
[2026-05-29T10:19:53.831+0200] {processor.py:157} INFO - Started process (PID=701687) to work on /home/frederic/airflow_venv/lib/python3.10/site-packages/airflow/example_dags/example_branch_day_of_week_operator.py
[2026-05-29T10:19:53.832+0200] {processor.py:829} INFO - Processing file /home/frederic/airflow_venv/lib/python3.10/site-packages/airflow/example_dags/example_branch_day_of_week_operator.py for tasks to queue
[2026-05-29T10:19:53.833+0200] {logging_mixin.py:151} INFO - [2026-05-29T10:19:53.833+0200] {dagbag.py:539} INFO - Filling up the DagBag from /home/frederic/airflow_venv/lib/python3.10/site-packages/airflow/example_dags/example_branch_day_of_week_operator.py
[2026-05-29T10:19:53.840+0200] {processor.py:839} INFO - DAG(s) dict_keys(['example_weekday_branch_operator']) retrieved from /home/frederic/airflow_venv/lib/python3.10/site-packages/airflow/example_dags/example_branch_day_of_week_operator.py
[2026-05-29T10:19:53.857+0200] {logging_mixin.py:151} INFO - [2026-05-29T10:19:53.857+0200] {dag.py:2915} INFO - Sync 1 DAGs
[2026-05-29T10:19:53.876+0200] {logging_mixin.py:151} INFO - [2026-05-29T10:19:53.875+0200] {dag.py:3696} INFO - Setting next_dagrun for example_weekday_branch_operator to 2026-05-28T00:00:00+00:00, run_after=2026-05-29T00:00:00+00:00
[2026-05-29T10:19:53.894+0200] {processor.py:179} INFO - Processing /home/frederic/airflow_venv/lib/python3.10/site-packages/airflow/example_dags/example_branch_day_of_week_operator.py took 0.065 seconds
[2026-05-29T10:20:44.349+0200] {processor.py:157} INFO - Started process (PID=702357) to work on /home/frederic/airflow_venv/lib/python3.10/site-packages/airflow/example_dags/example_branch_day_of_week_operator.py
[2026-05-29T10:20:44.350+0200] {processor.py:829} INFO - Processing file /home/frederic/airflow_venv/lib/python3.10/site-packages/airflow/example_dags/example_branch_day_of_week_operator.py for tasks to queue
[2026-05-29T10:20:44.351+0200] {logging_mixin.py:151} INFO - [2026-05-29T10:20:44.351+0200] {dagbag.py:539} INFO - Filling up the DagBag from /home/frederic/airflow_venv/lib/python3.10/site-packages/airflow/example_dags/example_branch_day_of_week_operator.py
[2026-05-29T10:20:44.357+0200] {processor.py:839} INFO - DAG(s) dict_keys(['example_weekday_branch_operator']) retrieved from /home/frederic/airflow_venv/lib/python3.10/site-packages/airflow/example_dags/example_branch_day_of_week_operator.py
[2026-05-29T10:20:44.371+0200] {logging_mixin.py:151} INFO - [2026-05-29T10:20:44.371+0200] {dag.py:2915} INFO - Sync 1 DAGs
[2026-05-29T10:20:44.392+0200] {logging_mixin.py:151} INFO - [2026-05-29T10:20:44.392+0200] {dag.py:3696} INFO - Setting next_dagrun for example_weekday_branch_operator to 2026-05-28T00:00:00+00:00, run_after=2026-05-29T00:00:00+00:00
[2026-05-29T10:20:44.405+0200] {processor.py:179} INFO - Processing /home/frederic/airflow_venv/lib/python3.10/site-packages/airflow/example_dags/example_branch_day_of_week_operator.py took 0.059 seconds
[2026-05-29T10:21:32.788+0200] {processor.py:157} INFO - Started process (PID=702854) to work on /home/frederic/airflow_venv/lib/python3.10/site-packages/airflow/example_dags/example_branch_day_of_week_operator.py
[2026-05-29T10:21:32.790+0200] {processor.py:829} INFO - Processing file /home/frederic/airflow_venv/lib/python3.10/site-packages/airflow/example_dags/example_branch_day_of_week_operator.py for tasks to queue
[2026-05-29T10:21:32.790+0200] {logging_mixin.py:151} INFO - [2026-05-29T10:21:32.790+0200] {dagbag.py:539} INFO - Filling up the DagBag from /home/frederic/airflow_venv/lib/python3.10/site-packages/airflow/example_dags/example_branch_day_of_week_operator.py
[2026-05-29T10:21:32.797+0200] {processor.py:839} INFO - DAG(s) dict_keys(['example_weekday_branch_operator']) retrieved from /home/frederic/airflow_venv/lib/python3.10/site-packages/airflow/example_dags/example_branch_day_of_week_operator.py
[2026-05-29T10:21:32.812+0200] {logging_mixin.py:151} INFO - [2026-05-29T10:21:32.812+0200] {dag.py:2915} INFO - Sync 1 DAGs
[2026-05-29T10:21:32.835+0200] {logging_mixin.py:151} INFO - [2026-05-29T10:21:32.835+0200] {dag.py:3696} INFO - Setting next_dagrun for example_weekday_branch_operator to 2026-05-28T00:00:00+00:00, run_after=2026-05-29T00:00:00+00:00
[2026-05-29T10:21:32.853+0200] {processor.py:179} INFO - Processing /home/frederic/airflow_venv/lib/python3.10/site-packages/airflow/example_dags/example_branch_day_of_week_operator.py took 0.067 seconds
[2026-05-29T10:22:19.042+0200] {processor.py:157} INFO - Started process (PID=703339) to work on /home/frederic/airflow_venv/lib/python3.10/site-packages/airflow/example_dags/example_branch_day_of_week_operator.py
[2026-05-29T10:22:19.043+0200] {processor.py:829} INFO - Processing file /home/frederic/airflow_venv/lib/python3.10/site-packages/airflow/example_dags/example_branch_day_of_week_operator.py for tasks to queue
[2026-05-29T10:22:19.043+0200] {logging_mixin.py:151} INFO - [2026-05-29T10:22:19.043+0200] {dagbag.py:539} INFO - Filling up the DagBag from /home/frederic/airflow_venv/lib/python3.10/site-packages/airflow/example_dags/example_branch_day_of_week_operator.py
[2026-05-29T10:22:19.049+0200] {processor.py:839} INFO - DAG(s) dict_keys(['example_weekday_branch_operator']) retrieved from /home/frederic/airflow_venv/lib/python3.10/site-packages/airflow/example_dags/example_branch_day_of_week_operator.py
[2026-05-29T10:22:19.063+0200] {logging_mixin.py:151} INFO - [2026-05-29T10:22:19.063+0200] {dag.py:2915} INFO - Sync 1 DAGs
[2026-05-29T10:22:19.079+0200] {logging_mixin.py:151} INFO - [2026-05-29T10:22:19.079+0200] {dag.py:3696} INFO - Setting next_dagrun for example_weekday_branch_operator to 2026-05-28T00:00:00+00:00, run_after=2026-05-29T00:00:00+00:00
[2026-05-29T10:22:19.094+0200] {processor.py:179} INFO - Processing /home/frederic/airflow_venv/lib/python3.10/site-packages/airflow/example_dags/example_branch_day_of_week_operator.py took 0.055 seconds
[2026-05-29T10:23:08.643+0200] {processor.py:157} INFO - Started process (PID=703935) to work on /home/frederic/airflow_venv/lib/python3.10/site-packages/airflow/example_dags/example_branch_day_of_week_operator.py
[2026-05-29T10:23:08.644+0200] {processor.py:829} INFO - Processing file /home/frederic/airflow_venv/lib/python3.10/site-packages/airflow/example_dags/example_branch_day_of_week_operator.py for tasks to queue
[2026-05-29T10:23:08.645+0200] {logging_mixin.py:151} INFO - [2026-05-29T10:23:08.644+0200] {dagbag.py:539} INFO - Filling up the DagBag from /home/frederic/airflow_venv/lib/python3.10/site-packages/airflow/example_dags/example_branch_day_of_week_operator.py
[2026-05-29T10:23:08.650+0200] {processor.py:839} INFO - DAG(s) dict_keys(['example_weekday_branch_operator']) retrieved from /home/frederic/airflow_venv/lib/python3.10/site-packages/airflow/example_dags/example_branch_day_of_week_operator.py
[2026-05-29T10:23:08.663+0200] {logging_mixin.py:151} INFO - [2026-05-29T10:23:08.663+0200] {dag.py:2915} INFO - Sync 1 DAGs
[2026-05-29T10:23:08.759+0200] {logging_mixin.py:151} INFO - [2026-05-29T10:23:08.759+0200] {dag.py:3696} INFO - Setting next_dagrun for example_weekday_branch_operator to 2026-05-28T00:00:00+00:00, run_after=2026-05-29T00:00:00+00:00
[2026-05-29T10:23:08.773+0200] {processor.py:179} INFO - Processing /home/frederic/airflow_venv/lib/python3.10/site-packages/airflow/example_dags/example_branch_day_of_week_operator.py took 0.132 seconds
[2026-05-29T10:23:57.816+0200] {processor.py:157} INFO - Started process (PID=704379) to work on /home/frederic/airflow_venv/lib/python3.10/site-packages/airflow/example_dags/example_branch_day_of_week_operator.py
[2026-05-29T10:23:57.817+0200] {processor.py:829} INFO - Processing file /home/frederic/airflow_venv/lib/python3.10/site-packages/airflow/example_dags/example_branch_day_of_week_operator.py for tasks to queue
[2026-05-29T10:23:57.818+0200] {logging_mixin.py:151} INFO - [2026-05-29T10:23:57.817+0200] {dagbag.py:539} INFO - Filling up the DagBag from /home/frederic/airflow_venv/lib/python3.10/site-packages/airflow/example_dags/example_branch_day_of_week_operator.py
[2026-05-29T10:23:57.824+0200] {processor.py:839} INFO - DAG(s) dict_keys(['example_weekday_branch_operator']) retrieved from /home/frederic/airflow_venv/lib/python3.10/site-packages/airflow/example_dags/example_branch_day_of_week_operator.py
[2026-05-29T10:23:57.837+0200] {logging_mixin.py:151} INFO - [2026-05-29T10:23:57.837+0200] {dag.py:2915} INFO - Sync 1 DAGs
[2026-05-29T10:23:57.854+0200] {logging_mixin.py:151} INFO - [2026-05-29T10:23:57.853+0200] {dag.py:3696} INFO - Setting next_dagrun for example_weekday_branch_operator to 2026-05-28T00:00:00+00:00, run_after=2026-05-29T00:00:00+00:00
[2026-05-29T10:23:57.868+0200] {processor.py:179} INFO - Processing /home/frederic/airflow_venv/lib/python3.10/site-packages/airflow/example_dags/example_branch_day_of_week_operator.py took 0.055 seconds
[2026-05-29T10:24:51.731+0200] {processor.py:157} INFO - Started process (PID=704919) to work on /home/frederic/airflow_venv/lib/python3.10/site-packages/airflow/example_dags/example_branch_day_of_week_operator.py
[2026-05-29T10:24:51.732+0200] {processor.py:829} INFO - Processing file /home/frederic/airflow_venv/lib/python3.10/site-packages/airflow/example_dags/example_branch_day_of_week_operator.py for tasks to queue
[2026-05-29T10:24:51.733+0200] {logging_mixin.py:151} INFO - [2026-05-29T10:24:51.732+0200] {dagbag.py:539} INFO - Filling up the DagBag from /home/frederic/airflow_venv/lib/python3.10/site-packages/airflow/example_dags/example_branch_day_of_week_operator.py
[2026-05-29T10:24:51.739+0200] {processor.py:839} INFO - DAG(s) dict_keys(['example_weekday_branch_operator']) retrieved from /home/frederic/airflow_venv/lib/python3.10/site-packages/airflow/example_dags/example_branch_day_of_week_operator.py
[2026-05-29T10:24:51.756+0200] {logging_mixin.py:151} INFO - [2026-05-29T10:24:51.755+0200] {dag.py:2915} INFO - Sync 1 DAGs
[2026-05-29T10:24:51.773+0200] {logging_mixin.py:151} INFO - [2026-05-29T10:24:51.772+0200] {dag.py:3696} INFO - Setting next_dagrun for example_weekday_branch_operator to 2026-05-28T00:00:00+00:00, run_after=2026-05-29T00:00:00+00:00
[2026-05-29T10:24:51.788+0200] {processor.py:179} INFO - Processing /home/frederic/airflow_venv/lib/python3.10/site-packages/airflow/example_dags/example_branch_day_of_week_operator.py took 0.060 seconds
[2026-05-29T10:25:47.796+0200] {processor.py:157} INFO - Started process (PID=705454) to work on /home/frederic/airflow_venv/lib/python3.10/site-packages/airflow/example_dags/example_branch_day_of_week_operator.py
[2026-05-29T10:25:47.797+0200] {processor.py:829} INFO - Processing file /home/frederic/airflow_venv/lib/python3.10/site-packages/airflow/example_dags/example_branch_day_of_week_operator.py for tasks to queue
[2026-05-29T10:25:47.798+0200] {logging_mixin.py:151} INFO - [2026-05-29T10:25:47.798+0200] {dagbag.py:539} INFO - Filling up the DagBag from /home/frederic/airflow_venv/lib/python3.10/site-packages/airflow/example_dags/example_branch_day_of_week_operator.py
[2026-05-29T10:25:47.804+0200] {processor.py:839} INFO - DAG(s) dict_keys(['example_weekday_branch_operator']) retrieved from /home/frederic/airflow_venv/lib/python3.10/site-packages/airflow/example_dags/example_branch_day_of_week_operator.py
[2026-05-29T10:25:47.904+0200] {logging_mixin.py:151} INFO - [2026-05-29T10:25:47.904+0200] {dag.py:2915} INFO - Sync 1 DAGs
[2026-05-29T10:25:47.919+0200] {logging_mixin.py:151} INFO - [2026-05-29T10:25:47.919+0200] {dag.py:3696} INFO - Setting next_dagrun for example_weekday_branch_operator to 2026-05-28T00:00:00+00:00, run_after=2026-05-29T00:00:00+00:00
[2026-05-29T10:25:47.933+0200] {processor.py:179} INFO - Processing /home/frederic/airflow_venv/lib/python3.10/site-packages/airflow/example_dags/example_branch_day_of_week_operator.py took 0.139 seconds
[2026-05-29T10:26:38.701+0200] {processor.py:157} INFO - Started process (PID=705979) to work on /home/frederic/airflow_venv/lib/python3.10/site-packages/airflow/example_dags/example_branch_day_of_week_operator.py
[2026-05-29T10:26:38.702+0200] {processor.py:829} INFO - Processing file /home/frederic/airflow_venv/lib/python3.10/site-packages/airflow/example_dags/example_branch_day_of_week_operator.py for tasks to queue
[2026-05-29T10:26:38.703+0200] {logging_mixin.py:151} INFO - [2026-05-29T10:26:38.702+0200] {dagbag.py:539} INFO - Filling up the DagBag from /home/frederic/airflow_venv/lib/python3.10/site-packages/airflow/example_dags/example_branch_day_of_week_operator.py
[2026-05-29T10:26:38.709+0200] {processor.py:839} INFO - DAG(s) dict_keys(['example_weekday_branch_operator']) retrieved from /home/frederic/airflow_venv/lib/python3.10/site-packages/airflow/example_dags/example_branch_day_of_week_operator.py
[2026-05-29T10:26:38.722+0200] {logging_mixin.py:151} INFO - [2026-05-29T10:26:38.722+0200] {dag.py:2915} INFO - Sync 1 DAGs
[2026-05-29T10:26:38.825+0200] {logging_mixin.py:151} INFO - [2026-05-29T10:26:38.825+0200] {dag.py:3696} INFO - Setting next_dagrun for example_weekday_branch_operator to 2026-05-28T00:00:00+00:00, run_after=2026-05-29T00:00:00+00:00
[2026-05-29T10:26:38.839+0200] {processor.py:179} INFO - Processing /home/frederic/airflow_venv/lib/python3.10/site-packages/airflow/example_dags/example_branch_day_of_week_operator.py took 0.140 seconds
[2026-05-29T10:27:30.122+0200] {processor.py:157} INFO - Started process (PID=706518) to work on /home/frederic/airflow_venv/lib/python3.10/site-packages/airflow/example_dags/example_branch_day_of_week_operator.py
[2026-05-29T10:27:30.123+0200] {processor.py:829} INFO - Processing file /home/frederic/airflow_venv/lib/python3.10/site-packages/airflow/example_dags/example_branch_day_of_week_operator.py for tasks to queue
[2026-05-29T10:27:30.123+0200] {logging_mixin.py:151} INFO - [2026-05-29T10:27:30.123+0200] {dagbag.py:539} INFO - Filling up the DagBag from /home/frederic/airflow_venv/lib/python3.10/site-packages/airflow/example_dags/example_branch_day_of_week_operator.py
[2026-05-29T10:27:30.130+0200] {processor.py:839} INFO - DAG(s) dict_keys(['example_weekday_branch_operator']) retrieved from /home/frederic/airflow_venv/lib/python3.10/site-packages/airflow/example_dags/example_branch_day_of_week_operator.py
[2026-05-29T10:27:30.146+0200] {logging_mixin.py:151} INFO - [2026-05-29T10:27:30.145+0200] {dag.py:2915} INFO - Sync 1 DAGs
[2026-05-29T10:27:30.167+0200] {logging_mixin.py:151} INFO - [2026-05-29T10:27:30.167+0200] {dag.py:3696} INFO - Setting next_dagrun for example_weekday_branch_operator to 2026-05-28T00:00:00+00:00, run_after=2026-05-29T00:00:00+00:00
[2026-05-29T10:27:30.185+0200] {processor.py:179} INFO - Processing /home/frederic/airflow_venv/lib/python3.10/site-packages/airflow/example_dags/example_branch_day_of_week_operator.py took 0.066 seconds
[2026-05-29T10:28:12.644+0200] {processor.py:157} INFO - Started process (PID=706994) to work on /home/frederic/airflow_venv/lib/python3.10/site-packages/airflow/example_dags/example_branch_day_of_week_operator.py
[2026-05-29T10:28:12.646+0200] {processor.py:829} INFO - Processing file /home/frederic/airflow_venv/lib/python3.10/site-packages/airflow/example_dags/example_branch_day_of_week_operator.py for tasks to queue
[2026-05-29T10:28:12.647+0200] {logging_mixin.py:151} INFO - [2026-05-29T10:28:12.646+0200] {dagbag.py:539} INFO - Filling up the DagBag from /home/frederic/airflow_venv/lib/python3.10/site-packages/airflow/example_dags/example_branch_day_of_week_operator.py
[2026-05-29T10:28:12.654+0200] {processor.py:839} INFO - DAG(s) dict_keys(['example_weekday_branch_operator']) retrieved from /home/frederic/airflow_venv/lib/python3.10/site-packages/airflow/example_dags/example_branch_day_of_week_operator.py
[2026-05-29T10:28:12.672+0200] {logging_mixin.py:151} INFO - [2026-05-29T10:28:12.672+0200] {dag.py:2915} INFO - Sync 1 DAGs
[2026-05-29T10:28:12.692+0200] {logging_mixin.py:151} INFO - [2026-05-29T10:28:12.692+0200] {dag.py:3696} INFO - Setting next_dagrun for example_weekday_branch_operator to 2026-05-28T00:00:00+00:00, run_after=2026-05-29T00:00:00+00:00
[2026-05-29T10:28:12.712+0200] {processor.py:179} INFO - Processing /home/frederic/airflow_venv/lib/python3.10/site-packages/airflow/example_dags/example_branch_day_of_week_operator.py took 0.073 seconds
[2026-05-29T10:29:00.590+0200] {processor.py:157} INFO - Started process (PID=707627) to work on /home/frederic/airflow_venv/lib/python3.10/site-packages/airflow/example_dags/example_branch_day_of_week_operator.py
[2026-05-29T10:29:00.591+0200] {processor.py:829} INFO - Processing file /home/frederic/airflow_venv/lib/python3.10/site-packages/airflow/example_dags/example_branch_day_of_week_operator.py for tasks to queue
[2026-05-29T10:29:00.592+0200] {logging_mixin.py:151} INFO - [2026-05-29T10:29:00.591+0200] {dagbag.py:539} INFO - Filling up the DagBag from /home/frederic/airflow_venv/lib/python3.10/site-packages/airflow/example_dags/example_branch_day_of_week_operator.py
[2026-05-29T10:29:00.598+0200] {processor.py:839} INFO - DAG(s) dict_keys(['example_weekday_branch_operator']) retrieved from /home/frederic/airflow_venv/lib/python3.10/site-packages/airflow/example_dags/example_branch_day_of_week_operator.py
[2026-05-29T10:29:00.612+0200] {logging_mixin.py:151} INFO - [2026-05-29T10:29:00.612+0200] {dag.py:2915} INFO - Sync 1 DAGs
[2026-05-29T10:29:00.630+0200] {logging_mixin.py:151} INFO - [2026-05-29T10:29:00.630+0200] {dag.py:3696} INFO - Setting next_dagrun for example_weekday_branch_operator to 2026-05-28T00:00:00+00:00, run_after=2026-05-29T00:00:00+00:00
[2026-05-29T10:29:00.644+0200] {processor.py:179} INFO - Processing /home/frederic/airflow_venv/lib/python3.10/site-packages/airflow/example_dags/example_branch_day_of_week_operator.py took 0.056 seconds
[2026-05-29T10:29:46.343+0200] {processor.py:157} INFO - Started process (PID=708147) to work on /home/frederic/airflow_venv/lib/python3.10/site-packages/airflow/example_dags/example_branch_day_of_week_operator.py
[2026-05-29T10:29:46.345+0200] {processor.py:829} INFO - Processing file /home/frederic/airflow_venv/lib/python3.10/site-packages/airflow/example_dags/example_branch_day_of_week_operator.py for tasks to queue
[2026-05-29T10:29:46.345+0200] {logging_mixin.py:151} INFO - [2026-05-29T10:29:46.345+0200] {dagbag.py:539} INFO - Filling up the DagBag from /home/frederic/airflow_venv/lib/python3.10/site-packages/airflow/example_dags/example_branch_day_of_week_operator.py
[2026-05-29T10:29:46.352+0200] {processor.py:839} INFO - DAG(s) dict_keys(['example_weekday_branch_operator']) retrieved from /home/frederic/airflow_venv/lib/python3.10/site-packages/airflow/example_dags/example_branch_day_of_week_operator.py
[2026-05-29T10:29:46.373+0200] {logging_mixin.py:151} INFO - [2026-05-29T10:29:46.373+0200] {dag.py:2915} INFO - Sync 1 DAGs
[2026-05-29T10:29:46.396+0200] {logging_mixin.py:151} INFO - [2026-05-29T10:29:46.395+0200] {dag.py:3696} INFO - Setting next_dagrun for example_weekday_branch_operator to 2026-05-28T00:00:00+00:00, run_after=2026-05-29T00:00:00+00:00
[2026-05-29T10:29:46.414+0200] {processor.py:179} INFO - Processing /home/frederic/airflow_venv/lib/python3.10/site-packages/airflow/example_dags/example_branch_day_of_week_operator.py took 0.075 seconds
[2026-05-29T10:30:35.673+0200] {processor.py:157} INFO - Started process (PID=708873) to work on /home/frederic/airflow_venv/lib/python3.10/site-packages/airflow/example_dags/example_branch_day_of_week_operator.py
[2026-05-29T10:30:35.674+0200] {processor.py:829} INFO - Processing file /home/frederic/airflow_venv/lib/python3.10/site-packages/airflow/example_dags/example_branch_day_of_week_operator.py for tasks to queue
[2026-05-29T10:30:35.675+0200] {logging_mixin.py:151} INFO - [2026-05-29T10:30:35.674+0200] {dagbag.py:539} INFO - Filling up the DagBag from /home/frederic/airflow_venv/lib/python3.10/site-packages/airflow/example_dags/example_branch_day_of_week_operator.py
[2026-05-29T10:30:35.681+0200] {processor.py:839} INFO - DAG(s) dict_keys(['example_weekday_branch_operator']) retrieved from /home/frederic/airflow_venv/lib/python3.10/site-packages/airflow/example_dags/example_branch_day_of_week_operator.py
[2026-05-29T10:30:35.694+0200] {logging_mixin.py:151} INFO - [2026-05-29T10:30:35.694+0200] {dag.py:2915} INFO - Sync 1 DAGs
[2026-05-29T10:30:35.712+0200] {logging_mixin.py:151} INFO - [2026-05-29T10:30:35.712+0200] {dag.py:3696} INFO - Setting next_dagrun for example_weekday_branch_operator to 2026-05-28T00:00:00+00:00, run_after=2026-05-29T00:00:00+00:00
[2026-05-29T10:30:35.726+0200] {processor.py:179} INFO - Processing /home/frederic/airflow_venv/lib/python3.10/site-packages/airflow/example_dags/example_branch_day_of_week_operator.py took 0.055 seconds
[2026-05-29T10:31:36.016+0200] {processor.py:157} INFO - Started process (PID=709498) to work on /home/frederic/airflow_venv/lib/python3.10/site-packages/airflow/example_dags/example_branch_day_of_week_operator.py
[2026-05-29T10:31:36.017+0200] {processor.py:829} INFO - Processing file /home/frederic/airflow_venv/lib/python3.10/site-packages/airflow/example_dags/example_branch_day_of_week_operator.py for tasks to queue
[2026-05-29T10:31:36.018+0200] {logging_mixin.py:151} INFO - [2026-05-29T10:31:36.017+0200] {dagbag.py:539} INFO - Filling up the DagBag from /home/frederic/airflow_venv/lib/python3.10/site-packages/airflow/example_dags/example_branch_day_of_week_operator.py
[2026-05-29T10:31:36.024+0200] {processor.py:839} INFO - DAG(s) dict_keys(['example_weekday_branch_operator']) retrieved from /home/frederic/airflow_venv/lib/python3.10/site-packages/airflow/example_dags/example_branch_day_of_week_operator.py
[2026-05-29T10:31:36.038+0200] {logging_mixin.py:151} INFO - [2026-05-29T10:31:36.038+0200] {dag.py:2915} INFO - Sync 1 DAGs
[2026-05-29T10:31:36.054+0200] {logging_mixin.py:151} INFO - [2026-05-29T10:31:36.054+0200] {dag.py:3696} INFO - Setting next_dagrun for example_weekday_branch_operator to 2026-05-28T00:00:00+00:00, run_after=2026-05-29T00:00:00+00:00
[2026-05-29T10:31:36.069+0200] {processor.py:179} INFO - Processing /home/frederic/airflow_venv/lib/python3.10/site-packages/airflow/example_dags/example_branch_day_of_week_operator.py took 0.055 seconds
[2026-05-29T10:32:21.009+0200] {processor.py:157} INFO - Started process (PID=710088) to work on /home/frederic/airflow_venv/lib/python3.10/site-packages/airflow/example_dags/example_branch_day_of_week_operator.py
[2026-05-29T10:32:21.010+0200] {processor.py:829} INFO - Processing file /home/frederic/airflow_venv/lib/python3.10/site-packages/airflow/example_dags/example_branch_day_of_week_operator.py for tasks to queue
[2026-05-29T10:32:21.011+0200] {logging_mixin.py:151} INFO - [2026-05-29T10:32:21.010+0200] {dagbag.py:539} INFO - Filling up the DagBag from /home/frederic/airflow_venv/lib/python3.10/site-packages/airflow/example_dags/example_branch_day_of_week_operator.py
[2026-05-29T10:32:21.017+0200] {processor.py:839} INFO - DAG(s) dict_keys(['example_weekday_branch_operator']) retrieved from /home/frederic/airflow_venv/lib/python3.10/site-packages/airflow/example_dags/example_branch_day_of_week_operator.py
[2026-05-29T10:32:21.031+0200] {logging_mixin.py:151} INFO - [2026-05-29T10:32:21.031+0200] {dag.py:2915} INFO - Sync 1 DAGs
[2026-05-29T10:32:21.048+0200] {logging_mixin.py:151} INFO - [2026-05-29T10:32:21.047+0200] {dag.py:3696} INFO - Setting next_dagrun for example_weekday_branch_operator to 2026-05-28T00:00:00+00:00, run_after=2026-05-29T00:00:00+00:00
[2026-05-29T10:32:21.061+0200] {processor.py:179} INFO - Processing /home/frederic/airflow_venv/lib/python3.10/site-packages/airflow/example_dags/example_branch_day_of_week_operator.py took 0.055 seconds
[2026-05-29T10:33:07.144+0200] {processor.py:157} INFO - Started process (PID=710858) to work on /home/frederic/airflow_venv/lib/python3.10/site-packages/airflow/example_dags/example_branch_day_of_week_operator.py
[2026-05-29T10:33:07.145+0200] {processor.py:829} INFO - Processing file /home/frederic/airflow_venv/lib/python3.10/site-packages/airflow/example_dags/example_branch_day_of_week_operator.py for tasks to queue
[2026-05-29T10:33:07.145+0200] {logging_mixin.py:151} INFO - [2026-05-29T10:33:07.145+0200] {dagbag.py:539} INFO - Filling up the DagBag from /home/frederic/airflow_venv/lib/python3.10/site-packages/airflow/example_dags/example_branch_day_of_week_operator.py
[2026-05-29T10:33:07.152+0200] {processor.py:839} INFO - DAG(s) dict_keys(['example_weekday_branch_operator']) retrieved from /home/frederic/airflow_venv/lib/python3.10/site-packages/airflow/example_dags/example_branch_day_of_week_operator.py
[2026-05-29T10:33:07.164+0200] {logging_mixin.py:151} INFO - [2026-05-29T10:33:07.164+0200] {dag.py:2915} INFO - Sync 1 DAGs
[2026-05-29T10:33:07.182+0200] {logging_mixin.py:151} INFO - [2026-05-29T10:33:07.182+0200] {dag.py:3696} INFO - Setting next_dagrun for example_weekday_branch_operator to 2026-05-28T00:00:00+00:00, run_after=2026-05-29T00:00:00+00:00
[2026-05-29T10:33:07.196+0200] {processor.py:179} INFO - Processing /home/frederic/airflow_venv/lib/python3.10/site-packages/airflow/example_dags/example_branch_day_of_week_operator.py took 0.055 seconds
[2026-05-29T10:33:54.565+0200] {processor.py:157} INFO - Started process (PID=711570) to work on /home/frederic/airflow_venv/lib/python3.10/site-packages/airflow/example_dags/example_branch_day_of_week_operator.py
[2026-05-29T10:33:54.566+0200] {processor.py:829} INFO - Processing file /home/frederic/airflow_venv/lib/python3.10/site-packages/airflow/example_dags/example_branch_day_of_week_operator.py for tasks to queue
[2026-05-29T10:33:54.567+0200] {logging_mixin.py:151} INFO - [2026-05-29T10:33:54.567+0200] {dagbag.py:539} INFO - Filling up the DagBag from /home/frederic/airflow_venv/lib/python3.10/site-packages/airflow/example_dags/example_branch_day_of_week_operator.py
[2026-05-29T10:33:54.575+0200] {processor.py:839} INFO - DAG(s) dict_keys(['example_weekday_branch_operator']) retrieved from /home/frederic/airflow_venv/lib/python3.10/site-packages/airflow/example_dags/example_branch_day_of_week_operator.py
[2026-05-29T10:33:54.590+0200] {logging_mixin.py:151} INFO - [2026-05-29T10:33:54.589+0200] {dag.py:2915} INFO - Sync 1 DAGs
[2026-05-29T10:33:54.608+0200] {logging_mixin.py:151} INFO - [2026-05-29T10:33:54.607+0200] {dag.py:3696} INFO - Setting next_dagrun for example_weekday_branch_operator to 2026-05-28T00:00:00+00:00, run_after=2026-05-29T00:00:00+00:00
[2026-05-29T10:33:54.624+0200] {processor.py:179} INFO - Processing /home/frederic/airflow_venv/lib/python3.10/site-packages/airflow/example_dags/example_branch_day_of_week_operator.py took 0.061 seconds
[2026-05-29T10:34:49.910+0200] {processor.py:157} INFO - Started process (PID=712199) to work on /home/frederic/airflow_venv/lib/python3.10/site-packages/airflow/example_dags/example_branch_day_of_week_operator.py
[2026-05-29T10:34:49.911+0200] {processor.py:829} INFO - Processing file /home/frederic/airflow_venv/lib/python3.10/site-packages/airflow/example_dags/example_branch_day_of_week_operator.py for tasks to queue
[2026-05-29T10:34:49.911+0200] {logging_mixin.py:151} INFO - [2026-05-29T10:34:49.911+0200] {dagbag.py:539} INFO - Filling up the DagBag from /home/frederic/airflow_venv/lib/python3.10/site-packages/airflow/example_dags/example_branch_day_of_week_operator.py
[2026-05-29T10:34:49.917+0200] {processor.py:839} INFO - DAG(s) dict_keys(['example_weekday_branch_operator']) retrieved from /home/frederic/airflow_venv/lib/python3.10/site-packages/airflow/example_dags/example_branch_day_of_week_operator.py
[2026-05-29T10:34:49.931+0200] {logging_mixin.py:151} INFO - [2026-05-29T10:34:49.930+0200] {dag.py:2915} INFO - Sync 1 DAGs
[2026-05-29T10:34:49.950+0200] {logging_mixin.py:151} INFO - [2026-05-29T10:34:49.950+0200] {dag.py:3696} INFO - Setting next_dagrun for example_weekday_branch_operator to 2026-05-28T00:00:00+00:00, run_after=2026-05-29T00:00:00+00:00
[2026-05-29T10:34:49.967+0200] {processor.py:179} INFO - Processing /home/frederic/airflow_venv/lib/python3.10/site-packages/airflow/example_dags/example_branch_day_of_week_operator.py took 0.060 seconds
[2026-05-29T10:35:39.844+0200] {processor.py:157} INFO - Started process (PID=712687) to work on /home/frederic/airflow_venv/lib/python3.10/site-packages/airflow/example_dags/example_branch_day_of_week_operator.py
[2026-05-29T10:35:39.848+0200] {processor.py:829} INFO - Processing file /home/frederic/airflow_venv/lib/python3.10/site-packages/airflow/example_dags/example_branch_day_of_week_operator.py for tasks to queue
[2026-05-29T10:35:39.848+0200] {logging_mixin.py:151} INFO - [2026-05-29T10:35:39.848+0200] {dagbag.py:539} INFO - Filling up the DagBag from /home/frederic/airflow_venv/lib/python3.10/site-packages/airflow/example_dags/example_branch_day_of_week_operator.py
[2026-05-29T10:35:39.855+0200] {processor.py:839} INFO - DAG(s) dict_keys(['example_weekday_branch_operator']) retrieved from /home/frederic/airflow_venv/lib/python3.10/site-packages/airflow/example_dags/example_branch_day_of_week_operator.py
[2026-05-29T10:35:39.868+0200] {logging_mixin.py:151} INFO - [2026-05-29T10:35:39.868+0200] {dag.py:2915} INFO - Sync 1 DAGs
[2026-05-29T10:35:39.886+0200] {logging_mixin.py:151} INFO - [2026-05-29T10:35:39.886+0200] {dag.py:3696} INFO - Setting next_dagrun for example_weekday_branch_operator to 2026-05-28T00:00:00+00:00, run_after=2026-05-29T00:00:00+00:00
[2026-05-29T10:35:39.904+0200] {processor.py:179} INFO - Processing /home/frederic/airflow_venv/lib/python3.10/site-packages/airflow/example_dags/example_branch_day_of_week_operator.py took 0.062 seconds
[2026-05-29T10:36:24.405+0200] {processor.py:157} INFO - Started process (PID=713266) to work on /home/frederic/airflow_venv/lib/python3.10/site-packages/airflow/example_dags/example_branch_day_of_week_operator.py
[2026-05-29T10:36:24.406+0200] {processor.py:829} INFO - Processing file /home/frederic/airflow_venv/lib/python3.10/site-packages/airflow/example_dags/example_branch_day_of_week_operator.py for tasks to queue
[2026-05-29T10:36:24.406+0200] {logging_mixin.py:151} INFO - [2026-05-29T10:36:24.406+0200] {dagbag.py:539} INFO - Filling up the DagBag from /home/frederic/airflow_venv/lib/python3.10/site-packages/airflow/example_dags/example_branch_day_of_week_operator.py
[2026-05-29T10:36:24.412+0200] {processor.py:839} INFO - DAG(s) dict_keys(['example_weekday_branch_operator']) retrieved from /home/frederic/airflow_venv/lib/python3.10/site-packages/airflow/example_dags/example_branch_day_of_week_operator.py
[2026-05-29T10:36:24.427+0200] {logging_mixin.py:151} INFO - [2026-05-29T10:36:24.427+0200] {dag.py:2915} INFO - Sync 1 DAGs
[2026-05-29T10:36:24.446+0200] {logging_mixin.py:151} INFO - [2026-05-29T10:36:24.446+0200] {dag.py:3696} INFO - Setting next_dagrun for example_weekday_branch_operator to 2026-05-28T00:00:00+00:00, run_after=2026-05-29T00:00:00+00:00
[2026-05-29T10:36:24.464+0200] {processor.py:179} INFO - Processing /home/frederic/airflow_venv/lib/python3.10/site-packages/airflow/example_dags/example_branch_day_of_week_operator.py took 0.061 seconds
[2026-05-29T10:37:28.295+0200] {processor.py:157} INFO - Started process (PID=714029) to work on /home/frederic/airflow_venv/lib/python3.10/site-packages/airflow/example_dags/example_branch_day_of_week_operator.py
[2026-05-29T10:37:28.296+0200] {processor.py:829} INFO - Processing file /home/frederic/airflow_venv/lib/python3.10/site-packages/airflow/example_dags/example_branch_day_of_week_operator.py for tasks to queue
[2026-05-29T10:37:28.297+0200] {logging_mixin.py:151} INFO - [2026-05-29T10:37:28.296+0200] {dagbag.py:539} INFO - Filling up the DagBag from /home/frederic/airflow_venv/lib/python3.10/site-packages/airflow/example_dags/example_branch_day_of_week_operator.py
[2026-05-29T10:37:28.304+0200] {processor.py:839} INFO - DAG(s) dict_keys(['example_weekday_branch_operator']) retrieved from /home/frederic/airflow_venv/lib/python3.10/site-packages/airflow/example_dags/example_branch_day_of_week_operator.py
[2026-05-29T10:37:28.319+0200] {logging_mixin.py:151} INFO - [2026-05-29T10:37:28.319+0200] {dag.py:2915} INFO - Sync 1 DAGs
[2026-05-29T10:37:28.336+0200] {logging_mixin.py:151} INFO - [2026-05-29T10:37:28.335+0200] {dag.py:3696} INFO - Setting next_dagrun for example_weekday_branch_operator to 2026-05-28T00:00:00+00:00, run_after=2026-05-29T00:00:00+00:00
[2026-05-29T10:37:28.350+0200] {processor.py:179} INFO - Processing /home/frederic/airflow_venv/lib/python3.10/site-packages/airflow/example_dags/example_branch_day_of_week_operator.py took 0.057 seconds
[2026-05-29T10:38:11.880+0200] {processor.py:157} INFO - Started process (PID=714790) to work on /home/frederic/airflow_venv/lib/python3.10/site-packages/airflow/example_dags/example_branch_day_of_week_operator.py
[2026-05-29T10:38:11.881+0200] {processor.py:829} INFO - Processing file /home/frederic/airflow_venv/lib/python3.10/site-packages/airflow/example_dags/example_branch_day_of_week_operator.py for tasks to queue
[2026-05-29T10:38:11.882+0200] {logging_mixin.py:151} INFO - [2026-05-29T10:38:11.882+0200] {dagbag.py:539} INFO - Filling up the DagBag from /home/frederic/airflow_venv/lib/python3.10/site-packages/airflow/example_dags/example_branch_day_of_week_operator.py
[2026-05-29T10:38:11.888+0200] {processor.py:839} INFO - DAG(s) dict_keys(['example_weekday_branch_operator']) retrieved from /home/frederic/airflow_venv/lib/python3.10/site-packages/airflow/example_dags/example_branch_day_of_week_operator.py
[2026-05-29T10:38:11.902+0200] {logging_mixin.py:151} INFO - [2026-05-29T10:38:11.901+0200] {dag.py:2915} INFO - Sync 1 DAGs
[2026-05-29T10:38:11.920+0200] {logging_mixin.py:151} INFO - [2026-05-29T10:38:11.920+0200] {dag.py:3696} INFO - Setting next_dagrun for example_weekday_branch_operator to 2026-05-28T00:00:00+00:00, run_after=2026-05-29T00:00:00+00:00
[2026-05-29T10:38:11.934+0200] {processor.py:179} INFO - Processing /home/frederic/airflow_venv/lib/python3.10/site-packages/airflow/example_dags/example_branch_day_of_week_operator.py took 0.056 seconds
[2026-05-29T10:38:58.543+0200] {processor.py:157} INFO - Started process (PID=715365) to work on /home/frederic/airflow_venv/lib/python3.10/site-packages/airflow/example_dags/example_branch_day_of_week_operator.py
[2026-05-29T10:38:58.544+0200] {processor.py:829} INFO - Processing file /home/frederic/airflow_venv/lib/python3.10/site-packages/airflow/example_dags/example_branch_day_of_week_operator.py for tasks to queue
[2026-05-29T10:38:58.544+0200] {logging_mixin.py:151} INFO - [2026-05-29T10:38:58.544+0200] {dagbag.py:539} INFO - Filling up the DagBag from /home/frederic/airflow_venv/lib/python3.10/site-packages/airflow/example_dags/example_branch_day_of_week_operator.py
[2026-05-29T10:38:58.551+0200] {processor.py:839} INFO - DAG(s) dict_keys(['example_weekday_branch_operator']) retrieved from /home/frederic/airflow_venv/lib/python3.10/site-packages/airflow/example_dags/example_branch_day_of_week_operator.py
[2026-05-29T10:38:58.564+0200] {logging_mixin.py:151} INFO - [2026-05-29T10:38:58.563+0200] {dag.py:2915} INFO - Sync 1 DAGs
[2026-05-29T10:38:58.581+0200] {logging_mixin.py:151} INFO - [2026-05-29T10:38:58.581+0200] {dag.py:3696} INFO - Setting next_dagrun for example_weekday_branch_operator to 2026-05-28T00:00:00+00:00, run_after=2026-05-29T00:00:00+00:00
[2026-05-29T10:38:58.599+0200] {processor.py:179} INFO - Processing /home/frederic/airflow_venv/lib/python3.10/site-packages/airflow/example_dags/example_branch_day_of_week_operator.py took 0.059 seconds
[2026-05-29T10:39:43.011+0200] {processor.py:157} INFO - Started process (PID=716033) to work on /home/frederic/airflow_venv/lib/python3.10/site-packages/airflow/example_dags/example_branch_day_of_week_operator.py
[2026-05-29T10:39:43.012+0200] {processor.py:829} INFO - Processing file /home/frederic/airflow_venv/lib/python3.10/site-packages/airflow/example_dags/example_branch_day_of_week_operator.py for tasks to queue
[2026-05-29T10:39:43.013+0200] {logging_mixin.py:151} INFO - [2026-05-29T10:39:43.013+0200] {dagbag.py:539} INFO - Filling up the DagBag from /home/frederic/airflow_venv/lib/python3.10/site-packages/airflow/example_dags/example_branch_day_of_week_operator.py
[2026-05-29T10:39:43.020+0200] {processor.py:839} INFO - DAG(s) dict_keys(['example_weekday_branch_operator']) retrieved from /home/frederic/airflow_venv/lib/python3.10/site-packages/airflow/example_dags/example_branch_day_of_week_operator.py
[2026-05-29T10:39:43.035+0200] {logging_mixin.py:151} INFO - [2026-05-29T10:39:43.035+0200] {dag.py:2915} INFO - Sync 1 DAGs
[2026-05-29T10:39:43.057+0200] {logging_mixin.py:151} INFO - [2026-05-29T10:39:43.057+0200] {dag.py:3696} INFO - Setting next_dagrun for example_weekday_branch_operator to 2026-05-28T00:00:00+00:00, run_after=2026-05-29T00:00:00+00:00
[2026-05-29T10:39:43.073+0200] {processor.py:179} INFO - Processing /home/frederic/airflow_venv/lib/python3.10/site-packages/airflow/example_dags/example_branch_day_of_week_operator.py took 0.064 seconds
[2026-05-29T10:40:27.122+0200] {processor.py:157} INFO - Started process (PID=716615) to work on /home/frederic/airflow_venv/lib/python3.10/site-packages/airflow/example_dags/example_branch_day_of_week_operator.py
[2026-05-29T10:40:27.124+0200] {processor.py:829} INFO - Processing file /home/frederic/airflow_venv/lib/python3.10/site-packages/airflow/example_dags/example_branch_day_of_week_operator.py for tasks to queue
[2026-05-29T10:40:27.124+0200] {logging_mixin.py:151} INFO - [2026-05-29T10:40:27.124+0200] {dagbag.py:539} INFO - Filling up the DagBag from /home/frederic/airflow_venv/lib/python3.10/site-packages/airflow/example_dags/example_branch_day_of_week_operator.py
[2026-05-29T10:40:27.131+0200] {processor.py:839} INFO - DAG(s) dict_keys(['example_weekday_branch_operator']) retrieved from /home/frederic/airflow_venv/lib/python3.10/site-packages/airflow/example_dags/example_branch_day_of_week_operator.py
[2026-05-29T10:40:27.143+0200] {logging_mixin.py:151} INFO - [2026-05-29T10:40:27.143+0200] {dag.py:2915} INFO - Sync 1 DAGs
[2026-05-29T10:40:27.159+0200] {logging_mixin.py:151} INFO - [2026-05-29T10:40:27.159+0200] {dag.py:3696} INFO - Setting next_dagrun for example_weekday_branch_operator to 2026-05-28T00:00:00+00:00, run_after=2026-05-29T00:00:00+00:00
[2026-05-29T10:40:27.172+0200] {processor.py:179} INFO - Processing /home/frederic/airflow_venv/lib/python3.10/site-packages/airflow/example_dags/example_branch_day_of_week_operator.py took 0.052 seconds
[2026-05-29T10:41:13.556+0200] {processor.py:157} INFO - Started process (PID=717122) to work on /home/frederic/airflow_venv/lib/python3.10/site-packages/airflow/example_dags/example_branch_day_of_week_operator.py
[2026-05-29T10:41:13.558+0200] {processor.py:829} INFO - Processing file /home/frederic/airflow_venv/lib/python3.10/site-packages/airflow/example_dags/example_branch_day_of_week_operator.py for tasks to queue
[2026-05-29T10:41:13.559+0200] {logging_mixin.py:151} INFO - [2026-05-29T10:41:13.559+0200] {dagbag.py:539} INFO - Filling up the DagBag from /home/frederic/airflow_venv/lib/python3.10/site-packages/airflow/example_dags/example_branch_day_of_week_operator.py
[2026-05-29T10:41:13.577+0200] {processor.py:839} INFO - DAG(s) dict_keys(['example_weekday_branch_operator']) retrieved from /home/frederic/airflow_venv/lib/python3.10/site-packages/airflow/example_dags/example_branch_day_of_week_operator.py
[2026-05-29T10:41:13.608+0200] {logging_mixin.py:151} INFO - [2026-05-29T10:41:13.608+0200] {dag.py:2915} INFO - Sync 1 DAGs
[2026-05-29T10:41:13.638+0200] {logging_mixin.py:151} INFO - [2026-05-29T10:41:13.638+0200] {dag.py:3696} INFO - Setting next_dagrun for example_weekday_branch_operator to 2026-05-28T00:00:00+00:00, run_after=2026-05-29T00:00:00+00:00
[2026-05-29T10:41:13.659+0200] {processor.py:179} INFO - Processing /home/frederic/airflow_venv/lib/python3.10/site-packages/airflow/example_dags/example_branch_day_of_week_operator.py took 0.107 seconds
[2026-05-29T10:42:01.204+0200] {processor.py:157} INFO - Started process (PID=717555) to work on /home/frederic/airflow_venv/lib/python3.10/site-packages/airflow/example_dags/example_branch_day_of_week_operator.py
[2026-05-29T10:42:01.205+0200] {processor.py:829} INFO - Processing file /home/frederic/airflow_venv/lib/python3.10/site-packages/airflow/example_dags/example_branch_day_of_week_operator.py for tasks to queue
[2026-05-29T10:42:01.205+0200] {logging_mixin.py:151} INFO - [2026-05-29T10:42:01.205+0200] {dagbag.py:539} INFO - Filling up the DagBag from /home/frederic/airflow_venv/lib/python3.10/site-packages/airflow/example_dags/example_branch_day_of_week_operator.py
[2026-05-29T10:42:01.213+0200] {processor.py:839} INFO - DAG(s) dict_keys(['example_weekday_branch_operator']) retrieved from /home/frederic/airflow_venv/lib/python3.10/site-packages/airflow/example_dags/example_branch_day_of_week_operator.py
[2026-05-29T10:42:01.229+0200] {logging_mixin.py:151} INFO - [2026-05-29T10:42:01.229+0200] {dag.py:2915} INFO - Sync 1 DAGs
[2026-05-29T10:42:01.250+0200] {logging_mixin.py:151} INFO - [2026-05-29T10:42:01.249+0200] {dag.py:3696} INFO - Setting next_dagrun for example_weekday_branch_operator to 2026-05-28T00:00:00+00:00, run_after=2026-05-29T00:00:00+00:00
[2026-05-29T10:42:01.266+0200] {processor.py:179} INFO - Processing /home/frederic/airflow_venv/lib/python3.10/site-packages/airflow/example_dags/example_branch_day_of_week_operator.py took 0.066 seconds
[2026-05-29T10:42:49.188+0200] {processor.py:157} INFO - Started process (PID=718039) to work on /home/frederic/airflow_venv/lib/python3.10/site-packages/airflow/example_dags/example_branch_day_of_week_operator.py
[2026-05-29T10:42:49.189+0200] {processor.py:829} INFO - Processing file /home/frederic/airflow_venv/lib/python3.10/site-packages/airflow/example_dags/example_branch_day_of_week_operator.py for tasks to queue
[2026-05-29T10:42:49.190+0200] {logging_mixin.py:151} INFO - [2026-05-29T10:42:49.190+0200] {dagbag.py:539} INFO - Filling up the DagBag from /home/frederic/airflow_venv/lib/python3.10/site-packages/airflow/example_dags/example_branch_day_of_week_operator.py
[2026-05-29T10:42:49.199+0200] {processor.py:839} INFO - DAG(s) dict_keys(['example_weekday_branch_operator']) retrieved from /home/frederic/airflow_venv/lib/python3.10/site-packages/airflow/example_dags/example_branch_day_of_week_operator.py
[2026-05-29T10:42:49.215+0200] {logging_mixin.py:151} INFO - [2026-05-29T10:42:49.215+0200] {dag.py:2915} INFO - Sync 1 DAGs
[2026-05-29T10:42:49.237+0200] {logging_mixin.py:151} INFO - [2026-05-29T10:42:49.237+0200] {dag.py:3696} INFO - Setting next_dagrun for example_weekday_branch_operator to 2026-05-28T00:00:00+00:00, run_after=2026-05-29T00:00:00+00:00
[2026-05-29T10:42:49.255+0200] {processor.py:179} INFO - Processing /home/frederic/airflow_venv/lib/python3.10/site-packages/airflow/example_dags/example_branch_day_of_week_operator.py took 0.070 seconds
[2026-05-29T10:43:47.451+0200] {processor.py:157} INFO - Started process (PID=718701) to work on /home/frederic/airflow_venv/lib/python3.10/site-packages/airflow/example_dags/example_branch_day_of_week_operator.py
[2026-05-29T10:43:47.452+0200] {processor.py:829} INFO - Processing file /home/frederic/airflow_venv/lib/python3.10/site-packages/airflow/example_dags/example_branch_day_of_week_operator.py for tasks to queue
[2026-05-29T10:43:47.453+0200] {logging_mixin.py:151} INFO - [2026-05-29T10:43:47.452+0200] {dagbag.py:539} INFO - Filling up the DagBag from /home/frederic/airflow_venv/lib/python3.10/site-packages/airflow/example_dags/example_branch_day_of_week_operator.py
[2026-05-29T10:43:47.460+0200] {processor.py:839} INFO - DAG(s) dict_keys(['example_weekday_branch_operator']) retrieved from /home/frederic/airflow_venv/lib/python3.10/site-packages/airflow/example_dags/example_branch_day_of_week_operator.py
[2026-05-29T10:43:47.475+0200] {logging_mixin.py:151} INFO - [2026-05-29T10:43:47.475+0200] {dag.py:2915} INFO - Sync 1 DAGs
[2026-05-29T10:43:47.493+0200] {logging_mixin.py:151} INFO - [2026-05-29T10:43:47.492+0200] {dag.py:3696} INFO - Setting next_dagrun for example_weekday_branch_operator to 2026-05-28T00:00:00+00:00, run_after=2026-05-29T00:00:00+00:00
[2026-05-29T10:43:47.509+0200] {processor.py:179} INFO - Processing /home/frederic/airflow_venv/lib/python3.10/site-packages/airflow/example_dags/example_branch_day_of_week_operator.py took 0.061 seconds
[2026-05-29T10:44:33.236+0200] {processor.py:157} INFO - Started process (PID=719258) to work on /home/frederic/airflow_venv/lib/python3.10/site-packages/airflow/example_dags/example_branch_day_of_week_operator.py
[2026-05-29T10:44:33.237+0200] {processor.py:829} INFO - Processing file /home/frederic/airflow_venv/lib/python3.10/site-packages/airflow/example_dags/example_branch_day_of_week_operator.py for tasks to queue
[2026-05-29T10:44:33.238+0200] {logging_mixin.py:151} INFO - [2026-05-29T10:44:33.238+0200] {dagbag.py:539} INFO - Filling up the DagBag from /home/frederic/airflow_venv/lib/python3.10/site-packages/airflow/example_dags/example_branch_day_of_week_operator.py
[2026-05-29T10:44:33.244+0200] {processor.py:839} INFO - DAG(s) dict_keys(['example_weekday_branch_operator']) retrieved from /home/frederic/airflow_venv/lib/python3.10/site-packages/airflow/example_dags/example_branch_day_of_week_operator.py
[2026-05-29T10:44:33.257+0200] {logging_mixin.py:151} INFO - [2026-05-29T10:44:33.257+0200] {dag.py:2915} INFO - Sync 1 DAGs
[2026-05-29T10:44:33.275+0200] {logging_mixin.py:151} INFO - [2026-05-29T10:44:33.275+0200] {dag.py:3696} INFO - Setting next_dagrun for example_weekday_branch_operator to 2026-05-28T00:00:00+00:00, run_after=2026-05-29T00:00:00+00:00
[2026-05-29T10:44:33.292+0200] {processor.py:179} INFO - Processing /home/frederic/airflow_venv/lib/python3.10/site-packages/airflow/example_dags/example_branch_day_of_week_operator.py took 0.059 seconds
[2026-05-29T10:45:22.480+0200] {processor.py:157} INFO - Started process (PID=720066) to work on /home/frederic/airflow_venv/lib/python3.10/site-packages/airflow/example_dags/example_branch_day_of_week_operator.py
[2026-05-29T10:45:22.481+0200] {processor.py:829} INFO - Processing file /home/frederic/airflow_venv/lib/python3.10/site-packages/airflow/example_dags/example_branch_day_of_week_operator.py for tasks to queue
[2026-05-29T10:45:22.481+0200] {logging_mixin.py:151} INFO - [2026-05-29T10:45:22.481+0200] {dagbag.py:539} INFO - Filling up the DagBag from /home/frederic/airflow_venv/lib/python3.10/site-packages/airflow/example_dags/example_branch_day_of_week_operator.py
[2026-05-29T10:45:22.487+0200] {processor.py:839} INFO - DAG(s) dict_keys(['example_weekday_branch_operator']) retrieved from /home/frederic/airflow_venv/lib/python3.10/site-packages/airflow/example_dags/example_branch_day_of_week_operator.py
[2026-05-29T10:45:22.501+0200] {logging_mixin.py:151} INFO - [2026-05-29T10:45:22.501+0200] {dag.py:2915} INFO - Sync 1 DAGs
[2026-05-29T10:45:22.518+0200] {logging_mixin.py:151} INFO - [2026-05-29T10:45:22.518+0200] {dag.py:3696} INFO - Setting next_dagrun for example_weekday_branch_operator to 2026-05-28T00:00:00+00:00, run_after=2026-05-29T00:00:00+00:00
[2026-05-29T10:45:22.540+0200] {processor.py:179} INFO - Processing /home/frederic/airflow_venv/lib/python3.10/site-packages/airflow/example_dags/example_branch_day_of_week_operator.py took 0.063 seconds
[2026-05-29T10:46:07.649+0200] {processor.py:157} INFO - Started process (PID=720516) to work on /home/frederic/airflow_venv/lib/python3.10/site-packages/airflow/example_dags/example_branch_day_of_week_operator.py
[2026-05-29T10:46:07.650+0200] {processor.py:829} INFO - Processing file /home/frederic/airflow_venv/lib/python3.10/site-packages/airflow/example_dags/example_branch_day_of_week_operator.py for tasks to queue
[2026-05-29T10:46:07.650+0200] {logging_mixin.py:151} INFO - [2026-05-29T10:46:07.650+0200] {dagbag.py:539} INFO - Filling up the DagBag from /home/frederic/airflow_venv/lib/python3.10/site-packages/airflow/example_dags/example_branch_day_of_week_operator.py
[2026-05-29T10:46:07.656+0200] {processor.py:839} INFO - DAG(s) dict_keys(['example_weekday_branch_operator']) retrieved from /home/frederic/airflow_venv/lib/python3.10/site-packages/airflow/example_dags/example_branch_day_of_week_operator.py
[2026-05-29T10:46:07.673+0200] {logging_mixin.py:151} INFO - [2026-05-29T10:46:07.672+0200] {dag.py:2915} INFO - Sync 1 DAGs
[2026-05-29T10:46:07.692+0200] {logging_mixin.py:151} INFO - [2026-05-29T10:46:07.692+0200] {dag.py:3696} INFO - Setting next_dagrun for example_weekday_branch_operator to 2026-05-28T00:00:00+00:00, run_after=2026-05-29T00:00:00+00:00
[2026-05-29T10:46:07.708+0200] {processor.py:179} INFO - Processing /home/frederic/airflow_venv/lib/python3.10/site-packages/airflow/example_dags/example_branch_day_of_week_operator.py took 0.062 seconds
[2026-05-29T10:46:57.570+0200] {processor.py:157} INFO - Started process (PID=721063) to work on /home/frederic/airflow_venv/lib/python3.10/site-packages/airflow/example_dags/example_branch_day_of_week_operator.py
[2026-05-29T10:46:57.571+0200] {processor.py:829} INFO - Processing file /home/frederic/airflow_venv/lib/python3.10/site-packages/airflow/example_dags/example_branch_day_of_week_operator.py for tasks to queue
[2026-05-29T10:46:57.572+0200] {logging_mixin.py:151} INFO - [2026-05-29T10:46:57.571+0200] {dagbag.py:539} INFO - Filling up the DagBag from /home/frederic/airflow_venv/lib/python3.10/site-packages/airflow/example_dags/example_branch_day_of_week_operator.py
[2026-05-29T10:46:57.578+0200] {processor.py:839} INFO - DAG(s) dict_keys(['example_weekday_branch_operator']) retrieved from /home/frederic/airflow_venv/lib/python3.10/site-packages/airflow/example_dags/example_branch_day_of_week_operator.py
[2026-05-29T10:46:57.593+0200] {logging_mixin.py:151} INFO - [2026-05-29T10:46:57.593+0200] {dag.py:2915} INFO - Sync 1 DAGs
[2026-05-29T10:46:57.611+0200] {logging_mixin.py:151} INFO - [2026-05-29T10:46:57.611+0200] {dag.py:3696} INFO - Setting next_dagrun for example_weekday_branch_operator to 2026-05-28T00:00:00+00:00, run_after=2026-05-29T00:00:00+00:00
[2026-05-29T10:46:57.626+0200] {processor.py:179} INFO - Processing /home/frederic/airflow_venv/lib/python3.10/site-packages/airflow/example_dags/example_branch_day_of_week_operator.py took 0.058 seconds
[2026-05-29T10:47:48.786+0200] {processor.py:157} INFO - Started process (PID=722073) to work on /home/frederic/airflow_venv/lib/python3.10/site-packages/airflow/example_dags/example_branch_day_of_week_operator.py
[2026-05-29T10:47:48.787+0200] {processor.py:829} INFO - Processing file /home/frederic/airflow_venv/lib/python3.10/site-packages/airflow/example_dags/example_branch_day_of_week_operator.py for tasks to queue
[2026-05-29T10:47:48.788+0200] {logging_mixin.py:151} INFO - [2026-05-29T10:47:48.788+0200] {dagbag.py:539} INFO - Filling up the DagBag from /home/frederic/airflow_venv/lib/python3.10/site-packages/airflow/example_dags/example_branch_day_of_week_operator.py
[2026-05-29T10:47:48.796+0200] {processor.py:839} INFO - DAG(s) dict_keys(['example_weekday_branch_operator']) retrieved from /home/frederic/airflow_venv/lib/python3.10/site-packages/airflow/example_dags/example_branch_day_of_week_operator.py
[2026-05-29T10:47:48.809+0200] {logging_mixin.py:151} INFO - [2026-05-29T10:47:48.809+0200] {dag.py:2915} INFO - Sync 1 DAGs
[2026-05-29T10:47:48.826+0200] {logging_mixin.py:151} INFO - [2026-05-29T10:47:48.825+0200] {dag.py:3696} INFO - Setting next_dagrun for example_weekday_branch_operator to 2026-05-28T00:00:00+00:00, run_after=2026-05-29T00:00:00+00:00
[2026-05-29T10:47:48.844+0200] {processor.py:179} INFO - Processing /home/frederic/airflow_venv/lib/python3.10/site-packages/airflow/example_dags/example_branch_day_of_week_operator.py took 0.060 seconds
[2026-05-29T10:48:42.288+0200] {processor.py:157} INFO - Started process (PID=722678) to work on /home/frederic/airflow_venv/lib/python3.10/site-packages/airflow/example_dags/example_branch_day_of_week_operator.py
[2026-05-29T10:48:42.289+0200] {processor.py:829} INFO - Processing file /home/frederic/airflow_venv/lib/python3.10/site-packages/airflow/example_dags/example_branch_day_of_week_operator.py for tasks to queue
[2026-05-29T10:48:42.289+0200] {logging_mixin.py:151} INFO - [2026-05-29T10:48:42.289+0200] {dagbag.py:539} INFO - Filling up the DagBag from /home/frederic/airflow_venv/lib/python3.10/site-packages/airflow/example_dags/example_branch_day_of_week_operator.py
[2026-05-29T10:48:42.296+0200] {processor.py:839} INFO - DAG(s) dict_keys(['example_weekday_branch_operator']) retrieved from /home/frederic/airflow_venv/lib/python3.10/site-packages/airflow/example_dags/example_branch_day_of_week_operator.py
[2026-05-29T10:48:42.310+0200] {logging_mixin.py:151} INFO - [2026-05-29T10:48:42.310+0200] {dag.py:2915} INFO - Sync 1 DAGs
[2026-05-29T10:48:42.333+0200] {logging_mixin.py:151} INFO - [2026-05-29T10:48:42.332+0200] {dag.py:3696} INFO - Setting next_dagrun for example_weekday_branch_operator to 2026-05-28T00:00:00+00:00, run_after=2026-05-29T00:00:00+00:00
[2026-05-29T10:48:42.348+0200] {processor.py:179} INFO - Processing /home/frederic/airflow_venv/lib/python3.10/site-packages/airflow/example_dags/example_branch_day_of_week_operator.py took 0.062 seconds
[2026-05-29T10:49:31.948+0200] {processor.py:157} INFO - Started process (PID=723253) to work on /home/frederic/airflow_venv/lib/python3.10/site-packages/airflow/example_dags/example_branch_day_of_week_operator.py
[2026-05-29T10:49:31.950+0200] {processor.py:829} INFO - Processing file /home/frederic/airflow_venv/lib/python3.10/site-packages/airflow/example_dags/example_branch_day_of_week_operator.py for tasks to queue
[2026-05-29T10:49:31.950+0200] {logging_mixin.py:151} INFO - [2026-05-29T10:49:31.950+0200] {dagbag.py:539} INFO - Filling up the DagBag from /home/frederic/airflow_venv/lib/python3.10/site-packages/airflow/example_dags/example_branch_day_of_week_operator.py
[2026-05-29T10:49:31.961+0200] {processor.py:839} INFO - DAG(s) dict_keys(['example_weekday_branch_operator']) retrieved from /home/frederic/airflow_venv/lib/python3.10/site-packages/airflow/example_dags/example_branch_day_of_week_operator.py
[2026-05-29T10:49:31.980+0200] {logging_mixin.py:151} INFO - [2026-05-29T10:49:31.980+0200] {dag.py:2915} INFO - Sync 1 DAGs
[2026-05-29T10:49:32.005+0200] {logging_mixin.py:151} INFO - [2026-05-29T10:49:32.005+0200] {dag.py:3696} INFO - Setting next_dagrun for example_weekday_branch_operator to 2026-05-28T00:00:00+00:00, run_after=2026-05-29T00:00:00+00:00
[2026-05-29T10:49:32.027+0200] {processor.py:179} INFO - Processing /home/frederic/airflow_venv/lib/python3.10/site-packages/airflow/example_dags/example_branch_day_of_week_operator.py took 0.082 seconds
[2026-05-29T10:50:20.324+0200] {processor.py:157} INFO - Started process (PID=723741) to work on /home/frederic/airflow_venv/lib/python3.10/site-packages/airflow/example_dags/example_branch_day_of_week_operator.py
[2026-05-29T10:50:20.325+0200] {processor.py:829} INFO - Processing file /home/frederic/airflow_venv/lib/python3.10/site-packages/airflow/example_dags/example_branch_day_of_week_operator.py for tasks to queue
[2026-05-29T10:50:20.326+0200] {logging_mixin.py:151} INFO - [2026-05-29T10:50:20.326+0200] {dagbag.py:539} INFO - Filling up the DagBag from /home/frederic/airflow_venv/lib/python3.10/site-packages/airflow/example_dags/example_branch_day_of_week_operator.py
[2026-05-29T10:50:20.333+0200] {processor.py:839} INFO - DAG(s) dict_keys(['example_weekday_branch_operator']) retrieved from /home/frederic/airflow_venv/lib/python3.10/site-packages/airflow/example_dags/example_branch_day_of_week_operator.py
[2026-05-29T10:50:20.350+0200] {logging_mixin.py:151} INFO - [2026-05-29T10:50:20.349+0200] {dag.py:2915} INFO - Sync 1 DAGs
[2026-05-29T10:50:20.370+0200] {logging_mixin.py:151} INFO - [2026-05-29T10:50:20.370+0200] {dag.py:3696} INFO - Setting next_dagrun for example_weekday_branch_operator to 2026-05-28T00:00:00+00:00, run_after=2026-05-29T00:00:00+00:00
[2026-05-29T10:50:20.388+0200] {processor.py:179} INFO - Processing /home/frederic/airflow_venv/lib/python3.10/site-packages/airflow/example_dags/example_branch_day_of_week_operator.py took 0.068 seconds
[2026-05-29T10:51:07.037+0200] {processor.py:157} INFO - Started process (PID=724226) to work on /home/frederic/airflow_venv/lib/python3.10/site-packages/airflow/example_dags/example_branch_day_of_week_operator.py
[2026-05-29T10:51:07.038+0200] {processor.py:829} INFO - Processing file /home/frederic/airflow_venv/lib/python3.10/site-packages/airflow/example_dags/example_branch_day_of_week_operator.py for tasks to queue
[2026-05-29T10:51:07.038+0200] {logging_mixin.py:151} INFO - [2026-05-29T10:51:07.038+0200] {dagbag.py:539} INFO - Filling up the DagBag from /home/frederic/airflow_venv/lib/python3.10/site-packages/airflow/example_dags/example_branch_day_of_week_operator.py
[2026-05-29T10:51:07.045+0200] {processor.py:839} INFO - DAG(s) dict_keys(['example_weekday_branch_operator']) retrieved from /home/frederic/airflow_venv/lib/python3.10/site-packages/airflow/example_dags/example_branch_day_of_week_operator.py
[2026-05-29T10:51:07.059+0200] {logging_mixin.py:151} INFO - [2026-05-29T10:51:07.059+0200] {dag.py:2915} INFO - Sync 1 DAGs
[2026-05-29T10:51:07.076+0200] {logging_mixin.py:151} INFO - [2026-05-29T10:51:07.076+0200] {dag.py:3696} INFO - Setting next_dagrun for example_weekday_branch_operator to 2026-05-28T00:00:00+00:00, run_after=2026-05-29T00:00:00+00:00
[2026-05-29T10:51:07.093+0200] {processor.py:179} INFO - Processing /home/frederic/airflow_venv/lib/python3.10/site-packages/airflow/example_dags/example_branch_day_of_week_operator.py took 0.058 seconds
