[2026-05-29T02:00:43.047+0200] {processor.py:157} INFO - Started process (PID=634441) to work on /home/frederic/airflow_venv/lib/python3.10/site-packages/airflow/example_dags/example_local_kubernetes_executor.py
[2026-05-29T02:00:43.047+0200] {processor.py:829} INFO - Processing file /home/frederic/airflow_venv/lib/python3.10/site-packages/airflow/example_dags/example_local_kubernetes_executor.py for tasks to queue
[2026-05-29T02:00:43.048+0200] {logging_mixin.py:151} INFO - [2026-05-29T02:00:43.048+0200] {dagbag.py:539} INFO - Filling up the DagBag from /home/frederic/airflow_venv/lib/python3.10/site-packages/airflow/example_dags/example_local_kubernetes_executor.py
[2026-05-29T02:00:43.051+0200] {logging_mixin.py:151} INFO - [2026-05-29T02:00:43.050+0200] {example_local_kubernetes_executor.py:39} WARNING - Could not import DAGs in example_local_kubernetes_executor.py
Traceback (most recent call last):
  File "/home/frederic/airflow_venv/lib/python3.10/site-packages/airflow/example_dags/example_local_kubernetes_executor.py", line 37, in <module>
    from kubernetes.client import models as k8s
ModuleNotFoundError: No module named 'kubernetes'
[2026-05-29T02:00:43.051+0200] {logging_mixin.py:151} INFO - [2026-05-29T02:00:43.051+0200] {example_local_kubernetes_executor.py:40} WARNING - Install Kubernetes dependencies with: pip install apache-airflow[cncf.kubernetes]
[2026-05-29T02:00:43.052+0200] {processor.py:841} WARNING - No viable dags retrieved from /home/frederic/airflow_venv/lib/python3.10/site-packages/airflow/example_dags/example_local_kubernetes_executor.py
[2026-05-29T02:00:43.061+0200] {processor.py:179} INFO - Processing /home/frederic/airflow_venv/lib/python3.10/site-packages/airflow/example_dags/example_local_kubernetes_executor.py took 0.017 seconds
[2026-05-29T02:00:46.315+0200] {processor.py:157} INFO - Started process (PID=634534) to work on /home/frederic/airflow_venv/lib/python3.10/site-packages/airflow/example_dags/example_local_kubernetes_executor.py
[2026-05-29T02:00:46.316+0200] {processor.py:829} INFO - Processing file /home/frederic/airflow_venv/lib/python3.10/site-packages/airflow/example_dags/example_local_kubernetes_executor.py for tasks to queue
[2026-05-29T02:00:46.316+0200] {logging_mixin.py:151} INFO - [2026-05-29T02:00:46.316+0200] {dagbag.py:539} INFO - Filling up the DagBag from /home/frederic/airflow_venv/lib/python3.10/site-packages/airflow/example_dags/example_local_kubernetes_executor.py
[2026-05-29T02:00:46.319+0200] {logging_mixin.py:151} INFO - [2026-05-29T02:00:46.319+0200] {example_local_kubernetes_executor.py:39} WARNING - Could not import DAGs in example_local_kubernetes_executor.py
Traceback (most recent call last):
  File "/home/frederic/airflow_venv/lib/python3.10/site-packages/airflow/example_dags/example_local_kubernetes_executor.py", line 37, in <module>
    from kubernetes.client import models as k8s
ModuleNotFoundError: No module named 'kubernetes'
[2026-05-29T02:00:46.319+0200] {logging_mixin.py:151} INFO - [2026-05-29T02:00:46.319+0200] {example_local_kubernetes_executor.py:40} WARNING - Install Kubernetes dependencies with: pip install apache-airflow[cncf.kubernetes]
[2026-05-29T02:00:46.320+0200] {processor.py:841} WARNING - No viable dags retrieved from /home/frederic/airflow_venv/lib/python3.10/site-packages/airflow/example_dags/example_local_kubernetes_executor.py
[2026-05-29T02:00:46.327+0200] {processor.py:179} INFO - Processing /home/frederic/airflow_venv/lib/python3.10/site-packages/airflow/example_dags/example_local_kubernetes_executor.py took 0.015 seconds
[2026-05-29T02:01:27.885+0200] {processor.py:157} INFO - Started process (PID=635670) to work on /home/frederic/airflow_venv/lib/python3.10/site-packages/airflow/example_dags/example_local_kubernetes_executor.py
[2026-05-29T02:01:27.886+0200] {processor.py:829} INFO - Processing file /home/frederic/airflow_venv/lib/python3.10/site-packages/airflow/example_dags/example_local_kubernetes_executor.py for tasks to queue
[2026-05-29T02:01:27.887+0200] {logging_mixin.py:151} INFO - [2026-05-29T02:01:27.886+0200] {dagbag.py:539} INFO - Filling up the DagBag from /home/frederic/airflow_venv/lib/python3.10/site-packages/airflow/example_dags/example_local_kubernetes_executor.py
[2026-05-29T02:01:27.890+0200] {logging_mixin.py:151} INFO - [2026-05-29T02:01:27.889+0200] {example_local_kubernetes_executor.py:39} WARNING - Could not import DAGs in example_local_kubernetes_executor.py
Traceback (most recent call last):
  File "/home/frederic/airflow_venv/lib/python3.10/site-packages/airflow/example_dags/example_local_kubernetes_executor.py", line 37, in <module>
    from kubernetes.client import models as k8s
ModuleNotFoundError: No module named 'kubernetes'
[2026-05-29T02:01:27.890+0200] {logging_mixin.py:151} INFO - [2026-05-29T02:01:27.890+0200] {example_local_kubernetes_executor.py:40} WARNING - Install Kubernetes dependencies with: pip install apache-airflow[cncf.kubernetes]
[2026-05-29T02:01:27.890+0200] {processor.py:841} WARNING - No viable dags retrieved from /home/frederic/airflow_venv/lib/python3.10/site-packages/airflow/example_dags/example_local_kubernetes_executor.py
[2026-05-29T02:01:27.898+0200] {processor.py:179} INFO - Processing /home/frederic/airflow_venv/lib/python3.10/site-packages/airflow/example_dags/example_local_kubernetes_executor.py took 0.015 seconds
[2026-05-29T02:01:37.424+0200] {processor.py:157} INFO - Started process (PID=635915) to work on /home/frederic/airflow_venv/lib/python3.10/site-packages/airflow/example_dags/example_local_kubernetes_executor.py
[2026-05-29T02:01:37.425+0200] {processor.py:829} INFO - Processing file /home/frederic/airflow_venv/lib/python3.10/site-packages/airflow/example_dags/example_local_kubernetes_executor.py for tasks to queue
[2026-05-29T02:01:37.426+0200] {logging_mixin.py:151} INFO - [2026-05-29T02:01:37.425+0200] {dagbag.py:539} INFO - Filling up the DagBag from /home/frederic/airflow_venv/lib/python3.10/site-packages/airflow/example_dags/example_local_kubernetes_executor.py
[2026-05-29T02:01:37.428+0200] {logging_mixin.py:151} INFO - [2026-05-29T02:01:37.428+0200] {example_local_kubernetes_executor.py:39} WARNING - Could not import DAGs in example_local_kubernetes_executor.py
Traceback (most recent call last):
  File "/home/frederic/airflow_venv/lib/python3.10/site-packages/airflow/example_dags/example_local_kubernetes_executor.py", line 37, in <module>
    from kubernetes.client import models as k8s
ModuleNotFoundError: No module named 'kubernetes'
[2026-05-29T02:01:37.429+0200] {logging_mixin.py:151} INFO - [2026-05-29T02:01:37.429+0200] {example_local_kubernetes_executor.py:40} WARNING - Install Kubernetes dependencies with: pip install apache-airflow[cncf.kubernetes]
[2026-05-29T02:01:37.429+0200] {processor.py:841} WARNING - No viable dags retrieved from /home/frederic/airflow_venv/lib/python3.10/site-packages/airflow/example_dags/example_local_kubernetes_executor.py
[2026-05-29T02:01:37.436+0200] {processor.py:179} INFO - Processing /home/frederic/airflow_venv/lib/python3.10/site-packages/airflow/example_dags/example_local_kubernetes_executor.py took 0.015 seconds
[2026-05-29T02:02:11.827+0200] {processor.py:157} INFO - Started process (PID=636819) to work on /home/frederic/airflow_venv/lib/python3.10/site-packages/airflow/example_dags/example_local_kubernetes_executor.py
[2026-05-29T02:02:11.828+0200] {processor.py:829} INFO - Processing file /home/frederic/airflow_venv/lib/python3.10/site-packages/airflow/example_dags/example_local_kubernetes_executor.py for tasks to queue
[2026-05-29T02:02:11.829+0200] {logging_mixin.py:151} INFO - [2026-05-29T02:02:11.829+0200] {dagbag.py:539} INFO - Filling up the DagBag from /home/frederic/airflow_venv/lib/python3.10/site-packages/airflow/example_dags/example_local_kubernetes_executor.py
[2026-05-29T02:02:11.836+0200] {logging_mixin.py:151} INFO - [2026-05-29T02:02:11.835+0200] {example_local_kubernetes_executor.py:39} WARNING - Could not import DAGs in example_local_kubernetes_executor.py
Traceback (most recent call last):
  File "/home/frederic/airflow_venv/lib/python3.10/site-packages/airflow/example_dags/example_local_kubernetes_executor.py", line 37, in <module>
    from kubernetes.client import models as k8s
ModuleNotFoundError: No module named 'kubernetes'
[2026-05-29T02:02:11.836+0200] {logging_mixin.py:151} INFO - [2026-05-29T02:02:11.836+0200] {example_local_kubernetes_executor.py:40} WARNING - Install Kubernetes dependencies with: pip install apache-airflow[cncf.kubernetes]
[2026-05-29T02:02:11.837+0200] {processor.py:841} WARNING - No viable dags retrieved from /home/frederic/airflow_venv/lib/python3.10/site-packages/airflow/example_dags/example_local_kubernetes_executor.py
[2026-05-29T02:02:11.852+0200] {processor.py:179} INFO - Processing /home/frederic/airflow_venv/lib/python3.10/site-packages/airflow/example_dags/example_local_kubernetes_executor.py took 0.028 seconds
[2026-05-29T02:02:30.499+0200] {processor.py:157} INFO - Started process (PID=637537) to work on /home/frederic/airflow_venv/lib/python3.10/site-packages/airflow/example_dags/example_local_kubernetes_executor.py
[2026-05-29T02:02:30.501+0200] {processor.py:829} INFO - Processing file /home/frederic/airflow_venv/lib/python3.10/site-packages/airflow/example_dags/example_local_kubernetes_executor.py for tasks to queue
[2026-05-29T02:02:30.501+0200] {logging_mixin.py:151} INFO - [2026-05-29T02:02:30.501+0200] {dagbag.py:539} INFO - Filling up the DagBag from /home/frederic/airflow_venv/lib/python3.10/site-packages/airflow/example_dags/example_local_kubernetes_executor.py
[2026-05-29T02:02:30.505+0200] {logging_mixin.py:151} INFO - [2026-05-29T02:02:30.504+0200] {example_local_kubernetes_executor.py:39} WARNING - Could not import DAGs in example_local_kubernetes_executor.py
Traceback (most recent call last):
  File "/home/frederic/airflow_venv/lib/python3.10/site-packages/airflow/example_dags/example_local_kubernetes_executor.py", line 37, in <module>
    from kubernetes.client import models as k8s
ModuleNotFoundError: No module named 'kubernetes'
[2026-05-29T02:02:30.505+0200] {logging_mixin.py:151} INFO - [2026-05-29T02:02:30.505+0200] {example_local_kubernetes_executor.py:40} WARNING - Install Kubernetes dependencies with: pip install apache-airflow[cncf.kubernetes]
[2026-05-29T02:02:30.505+0200] {processor.py:841} WARNING - No viable dags retrieved from /home/frederic/airflow_venv/lib/python3.10/site-packages/airflow/example_dags/example_local_kubernetes_executor.py
[2026-05-29T02:02:30.517+0200] {processor.py:179} INFO - Processing /home/frederic/airflow_venv/lib/python3.10/site-packages/airflow/example_dags/example_local_kubernetes_executor.py took 0.021 seconds
[2026-05-29T02:03:02.628+0200] {processor.py:157} INFO - Started process (PID=638377) to work on /home/frederic/airflow_venv/lib/python3.10/site-packages/airflow/example_dags/example_local_kubernetes_executor.py
[2026-05-29T02:03:02.629+0200] {processor.py:829} INFO - Processing file /home/frederic/airflow_venv/lib/python3.10/site-packages/airflow/example_dags/example_local_kubernetes_executor.py for tasks to queue
[2026-05-29T02:03:02.630+0200] {logging_mixin.py:151} INFO - [2026-05-29T02:03:02.630+0200] {dagbag.py:539} INFO - Filling up the DagBag from /home/frederic/airflow_venv/lib/python3.10/site-packages/airflow/example_dags/example_local_kubernetes_executor.py
[2026-05-29T02:03:02.634+0200] {logging_mixin.py:151} INFO - [2026-05-29T02:03:02.633+0200] {example_local_kubernetes_executor.py:39} WARNING - Could not import DAGs in example_local_kubernetes_executor.py
Traceback (most recent call last):
  File "/home/frederic/airflow_venv/lib/python3.10/site-packages/airflow/example_dags/example_local_kubernetes_executor.py", line 37, in <module>
    from kubernetes.client import models as k8s
ModuleNotFoundError: No module named 'kubernetes'
[2026-05-29T02:03:02.634+0200] {logging_mixin.py:151} INFO - [2026-05-29T02:03:02.634+0200] {example_local_kubernetes_executor.py:40} WARNING - Install Kubernetes dependencies with: pip install apache-airflow[cncf.kubernetes]
[2026-05-29T02:03:02.635+0200] {processor.py:841} WARNING - No viable dags retrieved from /home/frederic/airflow_venv/lib/python3.10/site-packages/airflow/example_dags/example_local_kubernetes_executor.py
[2026-05-29T02:03:02.643+0200] {processor.py:179} INFO - Processing /home/frederic/airflow_venv/lib/python3.10/site-packages/airflow/example_dags/example_local_kubernetes_executor.py took 0.019 seconds
[2026-05-29T02:03:18.985+0200] {processor.py:157} INFO - Started process (PID=638859) to work on /home/frederic/airflow_venv/lib/python3.10/site-packages/airflow/example_dags/example_local_kubernetes_executor.py
[2026-05-29T02:03:18.986+0200] {processor.py:829} INFO - Processing file /home/frederic/airflow_venv/lib/python3.10/site-packages/airflow/example_dags/example_local_kubernetes_executor.py for tasks to queue
[2026-05-29T02:03:18.987+0200] {logging_mixin.py:151} INFO - [2026-05-29T02:03:18.987+0200] {dagbag.py:539} INFO - Filling up the DagBag from /home/frederic/airflow_venv/lib/python3.10/site-packages/airflow/example_dags/example_local_kubernetes_executor.py
[2026-05-29T02:03:18.990+0200] {logging_mixin.py:151} INFO - [2026-05-29T02:03:18.990+0200] {example_local_kubernetes_executor.py:39} WARNING - Could not import DAGs in example_local_kubernetes_executor.py
Traceback (most recent call last):
  File "/home/frederic/airflow_venv/lib/python3.10/site-packages/airflow/example_dags/example_local_kubernetes_executor.py", line 37, in <module>
    from kubernetes.client import models as k8s
ModuleNotFoundError: No module named 'kubernetes'
[2026-05-29T02:03:18.991+0200] {logging_mixin.py:151} INFO - [2026-05-29T02:03:18.991+0200] {example_local_kubernetes_executor.py:40} WARNING - Install Kubernetes dependencies with: pip install apache-airflow[cncf.kubernetes]
[2026-05-29T02:03:18.991+0200] {processor.py:841} WARNING - No viable dags retrieved from /home/frederic/airflow_venv/lib/python3.10/site-packages/airflow/example_dags/example_local_kubernetes_executor.py
[2026-05-29T02:03:19.000+0200] {processor.py:179} INFO - Processing /home/frederic/airflow_venv/lib/python3.10/site-packages/airflow/example_dags/example_local_kubernetes_executor.py took 0.017 seconds
[2026-05-29T02:03:49.831+0200] {processor.py:157} INFO - Started process (PID=639872) to work on /home/frederic/airflow_venv/lib/python3.10/site-packages/airflow/example_dags/example_local_kubernetes_executor.py
[2026-05-29T02:03:49.833+0200] {processor.py:829} INFO - Processing file /home/frederic/airflow_venv/lib/python3.10/site-packages/airflow/example_dags/example_local_kubernetes_executor.py for tasks to queue
[2026-05-29T02:03:49.834+0200] {logging_mixin.py:151} INFO - [2026-05-29T02:03:49.834+0200] {dagbag.py:539} INFO - Filling up the DagBag from /home/frederic/airflow_venv/lib/python3.10/site-packages/airflow/example_dags/example_local_kubernetes_executor.py
[2026-05-29T02:03:49.838+0200] {logging_mixin.py:151} INFO - [2026-05-29T02:03:49.837+0200] {example_local_kubernetes_executor.py:39} WARNING - Could not import DAGs in example_local_kubernetes_executor.py
Traceback (most recent call last):
  File "/home/frederic/airflow_venv/lib/python3.10/site-packages/airflow/example_dags/example_local_kubernetes_executor.py", line 37, in <module>
    from kubernetes.client import models as k8s
ModuleNotFoundError: No module named 'kubernetes'
[2026-05-29T02:03:49.838+0200] {logging_mixin.py:151} INFO - [2026-05-29T02:03:49.838+0200] {example_local_kubernetes_executor.py:40} WARNING - Install Kubernetes dependencies with: pip install apache-airflow[cncf.kubernetes]
[2026-05-29T02:03:49.838+0200] {processor.py:841} WARNING - No viable dags retrieved from /home/frederic/airflow_venv/lib/python3.10/site-packages/airflow/example_dags/example_local_kubernetes_executor.py
[2026-05-29T02:03:49.853+0200] {processor.py:179} INFO - Processing /home/frederic/airflow_venv/lib/python3.10/site-packages/airflow/example_dags/example_local_kubernetes_executor.py took 0.025 seconds
[2026-05-29T09:58:26.675+0200] {processor.py:157} INFO - Started process (PID=681950) to work on /home/frederic/airflow_venv/lib/python3.10/site-packages/airflow/example_dags/example_local_kubernetes_executor.py
[2026-05-29T09:58:26.676+0200] {processor.py:829} INFO - Processing file /home/frederic/airflow_venv/lib/python3.10/site-packages/airflow/example_dags/example_local_kubernetes_executor.py for tasks to queue
[2026-05-29T09:58:26.677+0200] {logging_mixin.py:151} INFO - [2026-05-29T09:58:26.677+0200] {dagbag.py:539} INFO - Filling up the DagBag from /home/frederic/airflow_venv/lib/python3.10/site-packages/airflow/example_dags/example_local_kubernetes_executor.py
[2026-05-29T09:58:26.680+0200] {logging_mixin.py:151} INFO - [2026-05-29T09:58:26.679+0200] {example_local_kubernetes_executor.py:39} WARNING - Could not import DAGs in example_local_kubernetes_executor.py
Traceback (most recent call last):
  File "/home/frederic/airflow_venv/lib/python3.10/site-packages/airflow/example_dags/example_local_kubernetes_executor.py", line 37, in <module>
    from kubernetes.client import models as k8s
ModuleNotFoundError: No module named 'kubernetes'
[2026-05-29T09:58:26.680+0200] {logging_mixin.py:151} INFO - [2026-05-29T09:58:26.680+0200] {example_local_kubernetes_executor.py:40} WARNING - Install Kubernetes dependencies with: pip install apache-airflow[cncf.kubernetes]
[2026-05-29T09:58:26.680+0200] {processor.py:841} WARNING - No viable dags retrieved from /home/frederic/airflow_venv/lib/python3.10/site-packages/airflow/example_dags/example_local_kubernetes_executor.py
[2026-05-29T09:58:26.689+0200] {processor.py:179} INFO - Processing /home/frederic/airflow_venv/lib/python3.10/site-packages/airflow/example_dags/example_local_kubernetes_executor.py took 0.016 seconds
[2026-05-29T09:59:17.765+0200] {processor.py:157} INFO - Started process (PID=683456) to work on /home/frederic/airflow_venv/lib/python3.10/site-packages/airflow/example_dags/example_local_kubernetes_executor.py
[2026-05-29T09:59:17.766+0200] {processor.py:829} INFO - Processing file /home/frederic/airflow_venv/lib/python3.10/site-packages/airflow/example_dags/example_local_kubernetes_executor.py for tasks to queue
[2026-05-29T09:59:17.768+0200] {logging_mixin.py:151} INFO - [2026-05-29T09:59:17.767+0200] {dagbag.py:539} INFO - Filling up the DagBag from /home/frederic/airflow_venv/lib/python3.10/site-packages/airflow/example_dags/example_local_kubernetes_executor.py
[2026-05-29T09:59:17.772+0200] {logging_mixin.py:151} INFO - [2026-05-29T09:59:17.772+0200] {example_local_kubernetes_executor.py:39} WARNING - Could not import DAGs in example_local_kubernetes_executor.py
Traceback (most recent call last):
  File "/home/frederic/airflow_venv/lib/python3.10/site-packages/airflow/example_dags/example_local_kubernetes_executor.py", line 37, in <module>
    from kubernetes.client import models as k8s
ModuleNotFoundError: No module named 'kubernetes'
[2026-05-29T09:59:17.773+0200] {logging_mixin.py:151} INFO - [2026-05-29T09:59:17.772+0200] {example_local_kubernetes_executor.py:40} WARNING - Install Kubernetes dependencies with: pip install apache-airflow[cncf.kubernetes]
[2026-05-29T09:59:17.773+0200] {processor.py:841} WARNING - No viable dags retrieved from /home/frederic/airflow_venv/lib/python3.10/site-packages/airflow/example_dags/example_local_kubernetes_executor.py
[2026-05-29T09:59:17.782+0200] {processor.py:179} INFO - Processing /home/frederic/airflow_venv/lib/python3.10/site-packages/airflow/example_dags/example_local_kubernetes_executor.py took 0.019 seconds
[2026-05-29T10:00:09.155+0200] {processor.py:157} INFO - Started process (PID=684135) to work on /home/frederic/airflow_venv/lib/python3.10/site-packages/airflow/example_dags/example_local_kubernetes_executor.py
[2026-05-29T10:00:09.158+0200] {processor.py:829} INFO - Processing file /home/frederic/airflow_venv/lib/python3.10/site-packages/airflow/example_dags/example_local_kubernetes_executor.py for tasks to queue
[2026-05-29T10:00:09.160+0200] {logging_mixin.py:151} INFO - [2026-05-29T10:00:09.159+0200] {dagbag.py:539} INFO - Filling up the DagBag from /home/frederic/airflow_venv/lib/python3.10/site-packages/airflow/example_dags/example_local_kubernetes_executor.py
[2026-05-29T10:00:09.163+0200] {logging_mixin.py:151} INFO - [2026-05-29T10:00:09.162+0200] {example_local_kubernetes_executor.py:39} WARNING - Could not import DAGs in example_local_kubernetes_executor.py
Traceback (most recent call last):
  File "/home/frederic/airflow_venv/lib/python3.10/site-packages/airflow/example_dags/example_local_kubernetes_executor.py", line 37, in <module>
    from kubernetes.client import models as k8s
ModuleNotFoundError: No module named 'kubernetes'
[2026-05-29T10:00:09.163+0200] {logging_mixin.py:151} INFO - [2026-05-29T10:00:09.163+0200] {example_local_kubernetes_executor.py:40} WARNING - Install Kubernetes dependencies with: pip install apache-airflow[cncf.kubernetes]
[2026-05-29T10:00:09.164+0200] {processor.py:841} WARNING - No viable dags retrieved from /home/frederic/airflow_venv/lib/python3.10/site-packages/airflow/example_dags/example_local_kubernetes_executor.py
[2026-05-29T10:00:09.171+0200] {processor.py:179} INFO - Processing /home/frederic/airflow_venv/lib/python3.10/site-packages/airflow/example_dags/example_local_kubernetes_executor.py took 0.019 seconds
[2026-05-29T10:01:00.124+0200] {processor.py:157} INFO - Started process (PID=685008) to work on /home/frederic/airflow_venv/lib/python3.10/site-packages/airflow/example_dags/example_local_kubernetes_executor.py
[2026-05-29T10:01:00.125+0200] {processor.py:829} INFO - Processing file /home/frederic/airflow_venv/lib/python3.10/site-packages/airflow/example_dags/example_local_kubernetes_executor.py for tasks to queue
[2026-05-29T10:01:00.126+0200] {logging_mixin.py:151} INFO - [2026-05-29T10:01:00.126+0200] {dagbag.py:539} INFO - Filling up the DagBag from /home/frederic/airflow_venv/lib/python3.10/site-packages/airflow/example_dags/example_local_kubernetes_executor.py
[2026-05-29T10:01:00.129+0200] {logging_mixin.py:151} INFO - [2026-05-29T10:01:00.129+0200] {example_local_kubernetes_executor.py:39} WARNING - Could not import DAGs in example_local_kubernetes_executor.py
Traceback (most recent call last):
  File "/home/frederic/airflow_venv/lib/python3.10/site-packages/airflow/example_dags/example_local_kubernetes_executor.py", line 37, in <module>
    from kubernetes.client import models as k8s
ModuleNotFoundError: No module named 'kubernetes'
[2026-05-29T10:01:00.130+0200] {logging_mixin.py:151} INFO - [2026-05-29T10:01:00.130+0200] {example_local_kubernetes_executor.py:40} WARNING - Install Kubernetes dependencies with: pip install apache-airflow[cncf.kubernetes]
[2026-05-29T10:01:00.130+0200] {processor.py:841} WARNING - No viable dags retrieved from /home/frederic/airflow_venv/lib/python3.10/site-packages/airflow/example_dags/example_local_kubernetes_executor.py
[2026-05-29T10:01:00.139+0200] {processor.py:179} INFO - Processing /home/frederic/airflow_venv/lib/python3.10/site-packages/airflow/example_dags/example_local_kubernetes_executor.py took 0.018 seconds
[2026-05-29T10:01:48.037+0200] {processor.py:157} INFO - Started process (PID=685695) to work on /home/frederic/airflow_venv/lib/python3.10/site-packages/airflow/example_dags/example_local_kubernetes_executor.py
[2026-05-29T10:01:48.041+0200] {processor.py:829} INFO - Processing file /home/frederic/airflow_venv/lib/python3.10/site-packages/airflow/example_dags/example_local_kubernetes_executor.py for tasks to queue
[2026-05-29T10:01:48.042+0200] {logging_mixin.py:151} INFO - [2026-05-29T10:01:48.042+0200] {dagbag.py:539} INFO - Filling up the DagBag from /home/frederic/airflow_venv/lib/python3.10/site-packages/airflow/example_dags/example_local_kubernetes_executor.py
[2026-05-29T10:01:48.045+0200] {logging_mixin.py:151} INFO - [2026-05-29T10:01:48.045+0200] {example_local_kubernetes_executor.py:39} WARNING - Could not import DAGs in example_local_kubernetes_executor.py
Traceback (most recent call last):
  File "/home/frederic/airflow_venv/lib/python3.10/site-packages/airflow/example_dags/example_local_kubernetes_executor.py", line 37, in <module>
    from kubernetes.client import models as k8s
ModuleNotFoundError: No module named 'kubernetes'
[2026-05-29T10:01:48.046+0200] {logging_mixin.py:151} INFO - [2026-05-29T10:01:48.045+0200] {example_local_kubernetes_executor.py:40} WARNING - Install Kubernetes dependencies with: pip install apache-airflow[cncf.kubernetes]
[2026-05-29T10:01:48.046+0200] {processor.py:841} WARNING - No viable dags retrieved from /home/frederic/airflow_venv/lib/python3.10/site-packages/airflow/example_dags/example_local_kubernetes_executor.py
[2026-05-29T10:01:48.055+0200] {processor.py:179} INFO - Processing /home/frederic/airflow_venv/lib/python3.10/site-packages/airflow/example_dags/example_local_kubernetes_executor.py took 0.020 seconds
[2026-05-29T10:02:34.746+0200] {processor.py:157} INFO - Started process (PID=686213) to work on /home/frederic/airflow_venv/lib/python3.10/site-packages/airflow/example_dags/example_local_kubernetes_executor.py
[2026-05-29T10:02:34.749+0200] {processor.py:829} INFO - Processing file /home/frederic/airflow_venv/lib/python3.10/site-packages/airflow/example_dags/example_local_kubernetes_executor.py for tasks to queue
[2026-05-29T10:02:34.750+0200] {logging_mixin.py:151} INFO - [2026-05-29T10:02:34.749+0200] {dagbag.py:539} INFO - Filling up the DagBag from /home/frederic/airflow_venv/lib/python3.10/site-packages/airflow/example_dags/example_local_kubernetes_executor.py
[2026-05-29T10:02:34.754+0200] {logging_mixin.py:151} INFO - [2026-05-29T10:02:34.754+0200] {example_local_kubernetes_executor.py:39} WARNING - Could not import DAGs in example_local_kubernetes_executor.py
Traceback (most recent call last):
  File "/home/frederic/airflow_venv/lib/python3.10/site-packages/airflow/example_dags/example_local_kubernetes_executor.py", line 37, in <module>
    from kubernetes.client import models as k8s
ModuleNotFoundError: No module named 'kubernetes'
[2026-05-29T10:02:34.754+0200] {logging_mixin.py:151} INFO - [2026-05-29T10:02:34.754+0200] {example_local_kubernetes_executor.py:40} WARNING - Install Kubernetes dependencies with: pip install apache-airflow[cncf.kubernetes]
[2026-05-29T10:02:34.755+0200] {processor.py:841} WARNING - No viable dags retrieved from /home/frederic/airflow_venv/lib/python3.10/site-packages/airflow/example_dags/example_local_kubernetes_executor.py
[2026-05-29T10:02:34.762+0200] {processor.py:179} INFO - Processing /home/frederic/airflow_venv/lib/python3.10/site-packages/airflow/example_dags/example_local_kubernetes_executor.py took 0.019 seconds
[2026-05-29T10:03:21.121+0200] {processor.py:157} INFO - Started process (PID=686693) to work on /home/frederic/airflow_venv/lib/python3.10/site-packages/airflow/example_dags/example_local_kubernetes_executor.py
[2026-05-29T10:03:21.125+0200] {processor.py:829} INFO - Processing file /home/frederic/airflow_venv/lib/python3.10/site-packages/airflow/example_dags/example_local_kubernetes_executor.py for tasks to queue
[2026-05-29T10:03:21.125+0200] {logging_mixin.py:151} INFO - [2026-05-29T10:03:21.125+0200] {dagbag.py:539} INFO - Filling up the DagBag from /home/frederic/airflow_venv/lib/python3.10/site-packages/airflow/example_dags/example_local_kubernetes_executor.py
[2026-05-29T10:03:21.129+0200] {logging_mixin.py:151} INFO - [2026-05-29T10:03:21.128+0200] {example_local_kubernetes_executor.py:39} WARNING - Could not import DAGs in example_local_kubernetes_executor.py
Traceback (most recent call last):
  File "/home/frederic/airflow_venv/lib/python3.10/site-packages/airflow/example_dags/example_local_kubernetes_executor.py", line 37, in <module>
    from kubernetes.client import models as k8s
ModuleNotFoundError: No module named 'kubernetes'
[2026-05-29T10:03:21.129+0200] {logging_mixin.py:151} INFO - [2026-05-29T10:03:21.129+0200] {example_local_kubernetes_executor.py:40} WARNING - Install Kubernetes dependencies with: pip install apache-airflow[cncf.kubernetes]
[2026-05-29T10:03:21.129+0200] {processor.py:841} WARNING - No viable dags retrieved from /home/frederic/airflow_venv/lib/python3.10/site-packages/airflow/example_dags/example_local_kubernetes_executor.py
[2026-05-29T10:03:21.137+0200] {processor.py:179} INFO - Processing /home/frederic/airflow_venv/lib/python3.10/site-packages/airflow/example_dags/example_local_kubernetes_executor.py took 0.017 seconds
[2026-05-29T10:04:08.766+0200] {processor.py:157} INFO - Started process (PID=687811) to work on /home/frederic/airflow_venv/lib/python3.10/site-packages/airflow/example_dags/example_local_kubernetes_executor.py
[2026-05-29T10:04:08.770+0200] {processor.py:829} INFO - Processing file /home/frederic/airflow_venv/lib/python3.10/site-packages/airflow/example_dags/example_local_kubernetes_executor.py for tasks to queue
[2026-05-29T10:04:08.771+0200] {logging_mixin.py:151} INFO - [2026-05-29T10:04:08.771+0200] {dagbag.py:539} INFO - Filling up the DagBag from /home/frederic/airflow_venv/lib/python3.10/site-packages/airflow/example_dags/example_local_kubernetes_executor.py
[2026-05-29T10:04:08.775+0200] {logging_mixin.py:151} INFO - [2026-05-29T10:04:08.774+0200] {example_local_kubernetes_executor.py:39} WARNING - Could not import DAGs in example_local_kubernetes_executor.py
Traceback (most recent call last):
  File "/home/frederic/airflow_venv/lib/python3.10/site-packages/airflow/example_dags/example_local_kubernetes_executor.py", line 37, in <module>
    from kubernetes.client import models as k8s
ModuleNotFoundError: No module named 'kubernetes'
[2026-05-29T10:04:08.775+0200] {logging_mixin.py:151} INFO - [2026-05-29T10:04:08.775+0200] {example_local_kubernetes_executor.py:40} WARNING - Install Kubernetes dependencies with: pip install apache-airflow[cncf.kubernetes]
[2026-05-29T10:04:08.775+0200] {processor.py:841} WARNING - No viable dags retrieved from /home/frederic/airflow_venv/lib/python3.10/site-packages/airflow/example_dags/example_local_kubernetes_executor.py
[2026-05-29T10:04:08.786+0200] {processor.py:179} INFO - Processing /home/frederic/airflow_venv/lib/python3.10/site-packages/airflow/example_dags/example_local_kubernetes_executor.py took 0.023 seconds
[2026-05-29T10:04:59.052+0200] {processor.py:157} INFO - Started process (PID=688835) to work on /home/frederic/airflow_venv/lib/python3.10/site-packages/airflow/example_dags/example_local_kubernetes_executor.py
[2026-05-29T10:04:59.053+0200] {processor.py:829} INFO - Processing file /home/frederic/airflow_venv/lib/python3.10/site-packages/airflow/example_dags/example_local_kubernetes_executor.py for tasks to queue
[2026-05-29T10:04:59.053+0200] {logging_mixin.py:151} INFO - [2026-05-29T10:04:59.053+0200] {dagbag.py:539} INFO - Filling up the DagBag from /home/frederic/airflow_venv/lib/python3.10/site-packages/airflow/example_dags/example_local_kubernetes_executor.py
[2026-05-29T10:04:59.057+0200] {logging_mixin.py:151} INFO - [2026-05-29T10:04:59.056+0200] {example_local_kubernetes_executor.py:39} WARNING - Could not import DAGs in example_local_kubernetes_executor.py
Traceback (most recent call last):
  File "/home/frederic/airflow_venv/lib/python3.10/site-packages/airflow/example_dags/example_local_kubernetes_executor.py", line 37, in <module>
    from kubernetes.client import models as k8s
ModuleNotFoundError: No module named 'kubernetes'
[2026-05-29T10:04:59.057+0200] {logging_mixin.py:151} INFO - [2026-05-29T10:04:59.057+0200] {example_local_kubernetes_executor.py:40} WARNING - Install Kubernetes dependencies with: pip install apache-airflow[cncf.kubernetes]
[2026-05-29T10:04:59.058+0200] {processor.py:841} WARNING - No viable dags retrieved from /home/frederic/airflow_venv/lib/python3.10/site-packages/airflow/example_dags/example_local_kubernetes_executor.py
[2026-05-29T10:04:59.065+0200] {processor.py:179} INFO - Processing /home/frederic/airflow_venv/lib/python3.10/site-packages/airflow/example_dags/example_local_kubernetes_executor.py took 0.016 seconds
[2026-05-29T10:05:44.991+0200] {processor.py:157} INFO - Started process (PID=689703) to work on /home/frederic/airflow_venv/lib/python3.10/site-packages/airflow/example_dags/example_local_kubernetes_executor.py
[2026-05-29T10:05:44.992+0200] {processor.py:829} INFO - Processing file /home/frederic/airflow_venv/lib/python3.10/site-packages/airflow/example_dags/example_local_kubernetes_executor.py for tasks to queue
[2026-05-29T10:05:44.993+0200] {logging_mixin.py:151} INFO - [2026-05-29T10:05:44.993+0200] {dagbag.py:539} INFO - Filling up the DagBag from /home/frederic/airflow_venv/lib/python3.10/site-packages/airflow/example_dags/example_local_kubernetes_executor.py
[2026-05-29T10:05:44.996+0200] {logging_mixin.py:151} INFO - [2026-05-29T10:05:44.995+0200] {example_local_kubernetes_executor.py:39} WARNING - Could not import DAGs in example_local_kubernetes_executor.py
Traceback (most recent call last):
  File "/home/frederic/airflow_venv/lib/python3.10/site-packages/airflow/example_dags/example_local_kubernetes_executor.py", line 37, in <module>
    from kubernetes.client import models as k8s
ModuleNotFoundError: No module named 'kubernetes'
[2026-05-29T10:05:44.997+0200] {logging_mixin.py:151} INFO - [2026-05-29T10:05:44.997+0200] {example_local_kubernetes_executor.py:40} WARNING - Install Kubernetes dependencies with: pip install apache-airflow[cncf.kubernetes]
[2026-05-29T10:05:44.997+0200] {processor.py:841} WARNING - No viable dags retrieved from /home/frederic/airflow_venv/lib/python3.10/site-packages/airflow/example_dags/example_local_kubernetes_executor.py
[2026-05-29T10:05:45.007+0200] {processor.py:179} INFO - Processing /home/frederic/airflow_venv/lib/python3.10/site-packages/airflow/example_dags/example_local_kubernetes_executor.py took 0.018 seconds
[2026-05-29T10:06:34.537+0200] {processor.py:157} INFO - Started process (PID=690302) to work on /home/frederic/airflow_venv/lib/python3.10/site-packages/airflow/example_dags/example_local_kubernetes_executor.py
[2026-05-29T10:06:34.538+0200] {processor.py:829} INFO - Processing file /home/frederic/airflow_venv/lib/python3.10/site-packages/airflow/example_dags/example_local_kubernetes_executor.py for tasks to queue
[2026-05-29T10:06:34.539+0200] {logging_mixin.py:151} INFO - [2026-05-29T10:06:34.538+0200] {dagbag.py:539} INFO - Filling up the DagBag from /home/frederic/airflow_venv/lib/python3.10/site-packages/airflow/example_dags/example_local_kubernetes_executor.py
[2026-05-29T10:06:34.541+0200] {logging_mixin.py:151} INFO - [2026-05-29T10:06:34.541+0200] {example_local_kubernetes_executor.py:39} WARNING - Could not import DAGs in example_local_kubernetes_executor.py
Traceback (most recent call last):
  File "/home/frederic/airflow_venv/lib/python3.10/site-packages/airflow/example_dags/example_local_kubernetes_executor.py", line 37, in <module>
    from kubernetes.client import models as k8s
ModuleNotFoundError: No module named 'kubernetes'
[2026-05-29T10:06:34.542+0200] {logging_mixin.py:151} INFO - [2026-05-29T10:06:34.542+0200] {example_local_kubernetes_executor.py:40} WARNING - Install Kubernetes dependencies with: pip install apache-airflow[cncf.kubernetes]
[2026-05-29T10:06:34.542+0200] {processor.py:841} WARNING - No viable dags retrieved from /home/frederic/airflow_venv/lib/python3.10/site-packages/airflow/example_dags/example_local_kubernetes_executor.py
[2026-05-29T10:06:34.552+0200] {processor.py:179} INFO - Processing /home/frederic/airflow_venv/lib/python3.10/site-packages/airflow/example_dags/example_local_kubernetes_executor.py took 0.018 seconds
[2026-05-29T10:07:22.343+0200] {processor.py:157} INFO - Started process (PID=690987) to work on /home/frederic/airflow_venv/lib/python3.10/site-packages/airflow/example_dags/example_local_kubernetes_executor.py
[2026-05-29T10:07:22.344+0200] {processor.py:829} INFO - Processing file /home/frederic/airflow_venv/lib/python3.10/site-packages/airflow/example_dags/example_local_kubernetes_executor.py for tasks to queue
[2026-05-29T10:07:22.344+0200] {logging_mixin.py:151} INFO - [2026-05-29T10:07:22.344+0200] {dagbag.py:539} INFO - Filling up the DagBag from /home/frederic/airflow_venv/lib/python3.10/site-packages/airflow/example_dags/example_local_kubernetes_executor.py
[2026-05-29T10:07:22.347+0200] {logging_mixin.py:151} INFO - [2026-05-29T10:07:22.347+0200] {example_local_kubernetes_executor.py:39} WARNING - Could not import DAGs in example_local_kubernetes_executor.py
Traceback (most recent call last):
  File "/home/frederic/airflow_venv/lib/python3.10/site-packages/airflow/example_dags/example_local_kubernetes_executor.py", line 37, in <module>
    from kubernetes.client import models as k8s
ModuleNotFoundError: No module named 'kubernetes'
[2026-05-29T10:07:22.348+0200] {logging_mixin.py:151} INFO - [2026-05-29T10:07:22.347+0200] {example_local_kubernetes_executor.py:40} WARNING - Install Kubernetes dependencies with: pip install apache-airflow[cncf.kubernetes]
[2026-05-29T10:07:22.348+0200] {processor.py:841} WARNING - No viable dags retrieved from /home/frederic/airflow_venv/lib/python3.10/site-packages/airflow/example_dags/example_local_kubernetes_executor.py
[2026-05-29T10:07:22.357+0200] {processor.py:179} INFO - Processing /home/frederic/airflow_venv/lib/python3.10/site-packages/airflow/example_dags/example_local_kubernetes_executor.py took 0.018 seconds
[2026-05-29T10:08:14.442+0200] {processor.py:157} INFO - Started process (PID=691633) to work on /home/frederic/airflow_venv/lib/python3.10/site-packages/airflow/example_dags/example_local_kubernetes_executor.py
[2026-05-29T10:08:14.443+0200] {processor.py:829} INFO - Processing file /home/frederic/airflow_venv/lib/python3.10/site-packages/airflow/example_dags/example_local_kubernetes_executor.py for tasks to queue
[2026-05-29T10:08:14.444+0200] {logging_mixin.py:151} INFO - [2026-05-29T10:08:14.444+0200] {dagbag.py:539} INFO - Filling up the DagBag from /home/frederic/airflow_venv/lib/python3.10/site-packages/airflow/example_dags/example_local_kubernetes_executor.py
[2026-05-29T10:08:14.447+0200] {logging_mixin.py:151} INFO - [2026-05-29T10:08:14.447+0200] {example_local_kubernetes_executor.py:39} WARNING - Could not import DAGs in example_local_kubernetes_executor.py
Traceback (most recent call last):
  File "/home/frederic/airflow_venv/lib/python3.10/site-packages/airflow/example_dags/example_local_kubernetes_executor.py", line 37, in <module>
    from kubernetes.client import models as k8s
ModuleNotFoundError: No module named 'kubernetes'
[2026-05-29T10:08:14.447+0200] {logging_mixin.py:151} INFO - [2026-05-29T10:08:14.447+0200] {example_local_kubernetes_executor.py:40} WARNING - Install Kubernetes dependencies with: pip install apache-airflow[cncf.kubernetes]
[2026-05-29T10:08:14.448+0200] {processor.py:841} WARNING - No viable dags retrieved from /home/frederic/airflow_venv/lib/python3.10/site-packages/airflow/example_dags/example_local_kubernetes_executor.py
[2026-05-29T10:08:14.457+0200] {processor.py:179} INFO - Processing /home/frederic/airflow_venv/lib/python3.10/site-packages/airflow/example_dags/example_local_kubernetes_executor.py took 0.018 seconds
[2026-05-29T10:09:00.040+0200] {processor.py:157} INFO - Started process (PID=692160) to work on /home/frederic/airflow_venv/lib/python3.10/site-packages/airflow/example_dags/example_local_kubernetes_executor.py
[2026-05-29T10:09:00.041+0200] {processor.py:829} INFO - Processing file /home/frederic/airflow_venv/lib/python3.10/site-packages/airflow/example_dags/example_local_kubernetes_executor.py for tasks to queue
[2026-05-29T10:09:00.042+0200] {logging_mixin.py:151} INFO - [2026-05-29T10:09:00.041+0200] {dagbag.py:539} INFO - Filling up the DagBag from /home/frederic/airflow_venv/lib/python3.10/site-packages/airflow/example_dags/example_local_kubernetes_executor.py
[2026-05-29T10:09:00.045+0200] {logging_mixin.py:151} INFO - [2026-05-29T10:09:00.044+0200] {example_local_kubernetes_executor.py:39} WARNING - Could not import DAGs in example_local_kubernetes_executor.py
Traceback (most recent call last):
  File "/home/frederic/airflow_venv/lib/python3.10/site-packages/airflow/example_dags/example_local_kubernetes_executor.py", line 37, in <module>
    from kubernetes.client import models as k8s
ModuleNotFoundError: No module named 'kubernetes'
[2026-05-29T10:09:00.045+0200] {logging_mixin.py:151} INFO - [2026-05-29T10:09:00.045+0200] {example_local_kubernetes_executor.py:40} WARNING - Install Kubernetes dependencies with: pip install apache-airflow[cncf.kubernetes]
[2026-05-29T10:09:00.045+0200] {processor.py:841} WARNING - No viable dags retrieved from /home/frederic/airflow_venv/lib/python3.10/site-packages/airflow/example_dags/example_local_kubernetes_executor.py
[2026-05-29T10:09:00.053+0200] {processor.py:179} INFO - Processing /home/frederic/airflow_venv/lib/python3.10/site-packages/airflow/example_dags/example_local_kubernetes_executor.py took 0.017 seconds
[2026-05-29T10:09:47.369+0200] {processor.py:157} INFO - Started process (PID=692664) to work on /home/frederic/airflow_venv/lib/python3.10/site-packages/airflow/example_dags/example_local_kubernetes_executor.py
[2026-05-29T10:09:47.370+0200] {processor.py:829} INFO - Processing file /home/frederic/airflow_venv/lib/python3.10/site-packages/airflow/example_dags/example_local_kubernetes_executor.py for tasks to queue
[2026-05-29T10:09:47.371+0200] {logging_mixin.py:151} INFO - [2026-05-29T10:09:47.371+0200] {dagbag.py:539} INFO - Filling up the DagBag from /home/frederic/airflow_venv/lib/python3.10/site-packages/airflow/example_dags/example_local_kubernetes_executor.py
[2026-05-29T10:09:47.373+0200] {logging_mixin.py:151} INFO - [2026-05-29T10:09:47.373+0200] {example_local_kubernetes_executor.py:39} WARNING - Could not import DAGs in example_local_kubernetes_executor.py
Traceback (most recent call last):
  File "/home/frederic/airflow_venv/lib/python3.10/site-packages/airflow/example_dags/example_local_kubernetes_executor.py", line 37, in <module>
    from kubernetes.client import models as k8s
ModuleNotFoundError: No module named 'kubernetes'
[2026-05-29T10:09:47.374+0200] {logging_mixin.py:151} INFO - [2026-05-29T10:09:47.374+0200] {example_local_kubernetes_executor.py:40} WARNING - Install Kubernetes dependencies with: pip install apache-airflow[cncf.kubernetes]
[2026-05-29T10:09:47.374+0200] {processor.py:841} WARNING - No viable dags retrieved from /home/frederic/airflow_venv/lib/python3.10/site-packages/airflow/example_dags/example_local_kubernetes_executor.py
[2026-05-29T10:09:47.384+0200] {processor.py:179} INFO - Processing /home/frederic/airflow_venv/lib/python3.10/site-packages/airflow/example_dags/example_local_kubernetes_executor.py took 0.017 seconds
[2026-05-29T10:10:34.850+0200] {processor.py:157} INFO - Started process (PID=693462) to work on /home/frederic/airflow_venv/lib/python3.10/site-packages/airflow/example_dags/example_local_kubernetes_executor.py
[2026-05-29T10:10:34.851+0200] {processor.py:829} INFO - Processing file /home/frederic/airflow_venv/lib/python3.10/site-packages/airflow/example_dags/example_local_kubernetes_executor.py for tasks to queue
[2026-05-29T10:10:34.852+0200] {logging_mixin.py:151} INFO - [2026-05-29T10:10:34.852+0200] {dagbag.py:539} INFO - Filling up the DagBag from /home/frederic/airflow_venv/lib/python3.10/site-packages/airflow/example_dags/example_local_kubernetes_executor.py
[2026-05-29T10:10:34.855+0200] {logging_mixin.py:151} INFO - [2026-05-29T10:10:34.855+0200] {example_local_kubernetes_executor.py:39} WARNING - Could not import DAGs in example_local_kubernetes_executor.py
Traceback (most recent call last):
  File "/home/frederic/airflow_venv/lib/python3.10/site-packages/airflow/example_dags/example_local_kubernetes_executor.py", line 37, in <module>
    from kubernetes.client import models as k8s
ModuleNotFoundError: No module named 'kubernetes'
[2026-05-29T10:10:34.855+0200] {logging_mixin.py:151} INFO - [2026-05-29T10:10:34.855+0200] {example_local_kubernetes_executor.py:40} WARNING - Install Kubernetes dependencies with: pip install apache-airflow[cncf.kubernetes]
[2026-05-29T10:10:34.856+0200] {processor.py:841} WARNING - No viable dags retrieved from /home/frederic/airflow_venv/lib/python3.10/site-packages/airflow/example_dags/example_local_kubernetes_executor.py
[2026-05-29T10:10:34.868+0200] {processor.py:179} INFO - Processing /home/frederic/airflow_venv/lib/python3.10/site-packages/airflow/example_dags/example_local_kubernetes_executor.py took 0.022 seconds
[2026-05-29T10:11:24.508+0200] {processor.py:157} INFO - Started process (PID=694473) to work on /home/frederic/airflow_venv/lib/python3.10/site-packages/airflow/example_dags/example_local_kubernetes_executor.py
[2026-05-29T10:11:24.509+0200] {processor.py:829} INFO - Processing file /home/frederic/airflow_venv/lib/python3.10/site-packages/airflow/example_dags/example_local_kubernetes_executor.py for tasks to queue
[2026-05-29T10:11:24.509+0200] {logging_mixin.py:151} INFO - [2026-05-29T10:11:24.509+0200] {dagbag.py:539} INFO - Filling up the DagBag from /home/frederic/airflow_venv/lib/python3.10/site-packages/airflow/example_dags/example_local_kubernetes_executor.py
[2026-05-29T10:11:24.512+0200] {logging_mixin.py:151} INFO - [2026-05-29T10:11:24.512+0200] {example_local_kubernetes_executor.py:39} WARNING - Could not import DAGs in example_local_kubernetes_executor.py
Traceback (most recent call last):
  File "/home/frederic/airflow_venv/lib/python3.10/site-packages/airflow/example_dags/example_local_kubernetes_executor.py", line 37, in <module>
    from kubernetes.client import models as k8s
ModuleNotFoundError: No module named 'kubernetes'
[2026-05-29T10:11:24.512+0200] {logging_mixin.py:151} INFO - [2026-05-29T10:11:24.512+0200] {example_local_kubernetes_executor.py:40} WARNING - Install Kubernetes dependencies with: pip install apache-airflow[cncf.kubernetes]
[2026-05-29T10:11:24.513+0200] {processor.py:841} WARNING - No viable dags retrieved from /home/frederic/airflow_venv/lib/python3.10/site-packages/airflow/example_dags/example_local_kubernetes_executor.py
[2026-05-29T10:11:24.521+0200] {processor.py:179} INFO - Processing /home/frederic/airflow_venv/lib/python3.10/site-packages/airflow/example_dags/example_local_kubernetes_executor.py took 0.016 seconds
[2026-05-29T10:12:13.486+0200] {processor.py:157} INFO - Started process (PID=695373) to work on /home/frederic/airflow_venv/lib/python3.10/site-packages/airflow/example_dags/example_local_kubernetes_executor.py
[2026-05-29T10:12:13.487+0200] {processor.py:829} INFO - Processing file /home/frederic/airflow_venv/lib/python3.10/site-packages/airflow/example_dags/example_local_kubernetes_executor.py for tasks to queue
[2026-05-29T10:12:13.487+0200] {logging_mixin.py:151} INFO - [2026-05-29T10:12:13.487+0200] {dagbag.py:539} INFO - Filling up the DagBag from /home/frederic/airflow_venv/lib/python3.10/site-packages/airflow/example_dags/example_local_kubernetes_executor.py
[2026-05-29T10:12:13.490+0200] {logging_mixin.py:151} INFO - [2026-05-29T10:12:13.490+0200] {example_local_kubernetes_executor.py:39} WARNING - Could not import DAGs in example_local_kubernetes_executor.py
Traceback (most recent call last):
  File "/home/frederic/airflow_venv/lib/python3.10/site-packages/airflow/example_dags/example_local_kubernetes_executor.py", line 37, in <module>
    from kubernetes.client import models as k8s
ModuleNotFoundError: No module named 'kubernetes'
[2026-05-29T10:12:13.490+0200] {logging_mixin.py:151} INFO - [2026-05-29T10:12:13.490+0200] {example_local_kubernetes_executor.py:40} WARNING - Install Kubernetes dependencies with: pip install apache-airflow[cncf.kubernetes]
[2026-05-29T10:12:13.490+0200] {processor.py:841} WARNING - No viable dags retrieved from /home/frederic/airflow_venv/lib/python3.10/site-packages/airflow/example_dags/example_local_kubernetes_executor.py
[2026-05-29T10:12:13.497+0200] {processor.py:179} INFO - Processing /home/frederic/airflow_venv/lib/python3.10/site-packages/airflow/example_dags/example_local_kubernetes_executor.py took 0.014 seconds
[2026-05-29T10:13:00.137+0200] {processor.py:157} INFO - Started process (PID=695799) to work on /home/frederic/airflow_venv/lib/python3.10/site-packages/airflow/example_dags/example_local_kubernetes_executor.py
[2026-05-29T10:13:00.139+0200] {processor.py:829} INFO - Processing file /home/frederic/airflow_venv/lib/python3.10/site-packages/airflow/example_dags/example_local_kubernetes_executor.py for tasks to queue
[2026-05-29T10:13:00.139+0200] {logging_mixin.py:151} INFO - [2026-05-29T10:13:00.139+0200] {dagbag.py:539} INFO - Filling up the DagBag from /home/frederic/airflow_venv/lib/python3.10/site-packages/airflow/example_dags/example_local_kubernetes_executor.py
[2026-05-29T10:13:00.142+0200] {logging_mixin.py:151} INFO - [2026-05-29T10:13:00.141+0200] {example_local_kubernetes_executor.py:39} WARNING - Could not import DAGs in example_local_kubernetes_executor.py
Traceback (most recent call last):
  File "/home/frederic/airflow_venv/lib/python3.10/site-packages/airflow/example_dags/example_local_kubernetes_executor.py", line 37, in <module>
    from kubernetes.client import models as k8s
ModuleNotFoundError: No module named 'kubernetes'
[2026-05-29T10:13:00.142+0200] {logging_mixin.py:151} INFO - [2026-05-29T10:13:00.142+0200] {example_local_kubernetes_executor.py:40} WARNING - Install Kubernetes dependencies with: pip install apache-airflow[cncf.kubernetes]
[2026-05-29T10:13:00.142+0200] {processor.py:841} WARNING - No viable dags retrieved from /home/frederic/airflow_venv/lib/python3.10/site-packages/airflow/example_dags/example_local_kubernetes_executor.py
[2026-05-29T10:13:00.149+0200] {processor.py:179} INFO - Processing /home/frederic/airflow_venv/lib/python3.10/site-packages/airflow/example_dags/example_local_kubernetes_executor.py took 0.014 seconds
[2026-05-29T10:13:45.846+0200] {processor.py:157} INFO - Started process (PID=696329) to work on /home/frederic/airflow_venv/lib/python3.10/site-packages/airflow/example_dags/example_local_kubernetes_executor.py
[2026-05-29T10:13:45.847+0200] {processor.py:829} INFO - Processing file /home/frederic/airflow_venv/lib/python3.10/site-packages/airflow/example_dags/example_local_kubernetes_executor.py for tasks to queue
[2026-05-29T10:13:45.848+0200] {logging_mixin.py:151} INFO - [2026-05-29T10:13:45.847+0200] {dagbag.py:539} INFO - Filling up the DagBag from /home/frederic/airflow_venv/lib/python3.10/site-packages/airflow/example_dags/example_local_kubernetes_executor.py
[2026-05-29T10:13:45.851+0200] {logging_mixin.py:151} INFO - [2026-05-29T10:13:45.850+0200] {example_local_kubernetes_executor.py:39} WARNING - Could not import DAGs in example_local_kubernetes_executor.py
Traceback (most recent call last):
  File "/home/frederic/airflow_venv/lib/python3.10/site-packages/airflow/example_dags/example_local_kubernetes_executor.py", line 37, in <module>
    from kubernetes.client import models as k8s
ModuleNotFoundError: No module named 'kubernetes'
[2026-05-29T10:13:45.851+0200] {logging_mixin.py:151} INFO - [2026-05-29T10:13:45.851+0200] {example_local_kubernetes_executor.py:40} WARNING - Install Kubernetes dependencies with: pip install apache-airflow[cncf.kubernetes]
[2026-05-29T10:13:45.852+0200] {processor.py:841} WARNING - No viable dags retrieved from /home/frederic/airflow_venv/lib/python3.10/site-packages/airflow/example_dags/example_local_kubernetes_executor.py
[2026-05-29T10:13:45.860+0200] {processor.py:179} INFO - Processing /home/frederic/airflow_venv/lib/python3.10/site-packages/airflow/example_dags/example_local_kubernetes_executor.py took 0.016 seconds
[2026-05-29T10:14:37.556+0200] {processor.py:157} INFO - Started process (PID=697059) to work on /home/frederic/airflow_venv/lib/python3.10/site-packages/airflow/example_dags/example_local_kubernetes_executor.py
[2026-05-29T10:14:37.558+0200] {processor.py:829} INFO - Processing file /home/frederic/airflow_venv/lib/python3.10/site-packages/airflow/example_dags/example_local_kubernetes_executor.py for tasks to queue
[2026-05-29T10:14:37.558+0200] {logging_mixin.py:151} INFO - [2026-05-29T10:14:37.558+0200] {dagbag.py:539} INFO - Filling up the DagBag from /home/frederic/airflow_venv/lib/python3.10/site-packages/airflow/example_dags/example_local_kubernetes_executor.py
[2026-05-29T10:14:37.566+0200] {logging_mixin.py:151} INFO - [2026-05-29T10:14:37.564+0200] {example_local_kubernetes_executor.py:39} WARNING - Could not import DAGs in example_local_kubernetes_executor.py
Traceback (most recent call last):
  File "/home/frederic/airflow_venv/lib/python3.10/site-packages/airflow/example_dags/example_local_kubernetes_executor.py", line 37, in <module>
    from kubernetes.client import models as k8s
ModuleNotFoundError: No module named 'kubernetes'
[2026-05-29T10:14:37.566+0200] {logging_mixin.py:151} INFO - [2026-05-29T10:14:37.566+0200] {example_local_kubernetes_executor.py:40} WARNING - Install Kubernetes dependencies with: pip install apache-airflow[cncf.kubernetes]
[2026-05-29T10:14:37.566+0200] {processor.py:841} WARNING - No viable dags retrieved from /home/frederic/airflow_venv/lib/python3.10/site-packages/airflow/example_dags/example_local_kubernetes_executor.py
[2026-05-29T10:14:37.581+0200] {processor.py:179} INFO - Processing /home/frederic/airflow_venv/lib/python3.10/site-packages/airflow/example_dags/example_local_kubernetes_executor.py took 0.029 seconds
[2026-05-29T10:15:23.268+0200] {processor.py:157} INFO - Started process (PID=697546) to work on /home/frederic/airflow_venv/lib/python3.10/site-packages/airflow/example_dags/example_local_kubernetes_executor.py
[2026-05-29T10:15:23.269+0200] {processor.py:829} INFO - Processing file /home/frederic/airflow_venv/lib/python3.10/site-packages/airflow/example_dags/example_local_kubernetes_executor.py for tasks to queue
[2026-05-29T10:15:23.270+0200] {logging_mixin.py:151} INFO - [2026-05-29T10:15:23.269+0200] {dagbag.py:539} INFO - Filling up the DagBag from /home/frederic/airflow_venv/lib/python3.10/site-packages/airflow/example_dags/example_local_kubernetes_executor.py
[2026-05-29T10:15:23.272+0200] {logging_mixin.py:151} INFO - [2026-05-29T10:15:23.272+0200] {example_local_kubernetes_executor.py:39} WARNING - Could not import DAGs in example_local_kubernetes_executor.py
Traceback (most recent call last):
  File "/home/frederic/airflow_venv/lib/python3.10/site-packages/airflow/example_dags/example_local_kubernetes_executor.py", line 37, in <module>
    from kubernetes.client import models as k8s
ModuleNotFoundError: No module named 'kubernetes'
[2026-05-29T10:15:23.272+0200] {logging_mixin.py:151} INFO - [2026-05-29T10:15:23.272+0200] {example_local_kubernetes_executor.py:40} WARNING - Install Kubernetes dependencies with: pip install apache-airflow[cncf.kubernetes]
[2026-05-29T10:15:23.273+0200] {processor.py:841} WARNING - No viable dags retrieved from /home/frederic/airflow_venv/lib/python3.10/site-packages/airflow/example_dags/example_local_kubernetes_executor.py
[2026-05-29T10:15:23.280+0200] {processor.py:179} INFO - Processing /home/frederic/airflow_venv/lib/python3.10/site-packages/airflow/example_dags/example_local_kubernetes_executor.py took 0.015 seconds
[2026-05-29T10:16:12.841+0200] {processor.py:157} INFO - Started process (PID=698521) to work on /home/frederic/airflow_venv/lib/python3.10/site-packages/airflow/example_dags/example_local_kubernetes_executor.py
[2026-05-29T10:16:12.843+0200] {processor.py:829} INFO - Processing file /home/frederic/airflow_venv/lib/python3.10/site-packages/airflow/example_dags/example_local_kubernetes_executor.py for tasks to queue
[2026-05-29T10:16:12.843+0200] {logging_mixin.py:151} INFO - [2026-05-29T10:16:12.843+0200] {dagbag.py:539} INFO - Filling up the DagBag from /home/frederic/airflow_venv/lib/python3.10/site-packages/airflow/example_dags/example_local_kubernetes_executor.py
[2026-05-29T10:16:12.846+0200] {logging_mixin.py:151} INFO - [2026-05-29T10:16:12.846+0200] {example_local_kubernetes_executor.py:39} WARNING - Could not import DAGs in example_local_kubernetes_executor.py
Traceback (most recent call last):
  File "/home/frederic/airflow_venv/lib/python3.10/site-packages/airflow/example_dags/example_local_kubernetes_executor.py", line 37, in <module>
    from kubernetes.client import models as k8s
ModuleNotFoundError: No module named 'kubernetes'
[2026-05-29T10:16:12.846+0200] {logging_mixin.py:151} INFO - [2026-05-29T10:16:12.846+0200] {example_local_kubernetes_executor.py:40} WARNING - Install Kubernetes dependencies with: pip install apache-airflow[cncf.kubernetes]
[2026-05-29T10:16:12.847+0200] {processor.py:841} WARNING - No viable dags retrieved from /home/frederic/airflow_venv/lib/python3.10/site-packages/airflow/example_dags/example_local_kubernetes_executor.py
[2026-05-29T10:16:12.856+0200] {processor.py:179} INFO - Processing /home/frederic/airflow_venv/lib/python3.10/site-packages/airflow/example_dags/example_local_kubernetes_executor.py took 0.018 seconds
[2026-05-29T10:16:58.648+0200] {processor.py:157} INFO - Started process (PID=699231) to work on /home/frederic/airflow_venv/lib/python3.10/site-packages/airflow/example_dags/example_local_kubernetes_executor.py
[2026-05-29T10:16:58.649+0200] {processor.py:829} INFO - Processing file /home/frederic/airflow_venv/lib/python3.10/site-packages/airflow/example_dags/example_local_kubernetes_executor.py for tasks to queue
[2026-05-29T10:16:58.650+0200] {logging_mixin.py:151} INFO - [2026-05-29T10:16:58.650+0200] {dagbag.py:539} INFO - Filling up the DagBag from /home/frederic/airflow_venv/lib/python3.10/site-packages/airflow/example_dags/example_local_kubernetes_executor.py
[2026-05-29T10:16:58.653+0200] {logging_mixin.py:151} INFO - [2026-05-29T10:16:58.652+0200] {example_local_kubernetes_executor.py:39} WARNING - Could not import DAGs in example_local_kubernetes_executor.py
Traceback (most recent call last):
  File "/home/frederic/airflow_venv/lib/python3.10/site-packages/airflow/example_dags/example_local_kubernetes_executor.py", line 37, in <module>
    from kubernetes.client import models as k8s
ModuleNotFoundError: No module named 'kubernetes'
[2026-05-29T10:16:58.653+0200] {logging_mixin.py:151} INFO - [2026-05-29T10:16:58.653+0200] {example_local_kubernetes_executor.py:40} WARNING - Install Kubernetes dependencies with: pip install apache-airflow[cncf.kubernetes]
[2026-05-29T10:16:58.653+0200] {processor.py:841} WARNING - No viable dags retrieved from /home/frederic/airflow_venv/lib/python3.10/site-packages/airflow/example_dags/example_local_kubernetes_executor.py
[2026-05-29T10:16:58.661+0200] {processor.py:179} INFO - Processing /home/frederic/airflow_venv/lib/python3.10/site-packages/airflow/example_dags/example_local_kubernetes_executor.py took 0.015 seconds
[2026-05-29T10:17:44.420+0200] {processor.py:157} INFO - Started process (PID=700231) to work on /home/frederic/airflow_venv/lib/python3.10/site-packages/airflow/example_dags/example_local_kubernetes_executor.py
[2026-05-29T10:17:44.421+0200] {processor.py:829} INFO - Processing file /home/frederic/airflow_venv/lib/python3.10/site-packages/airflow/example_dags/example_local_kubernetes_executor.py for tasks to queue
[2026-05-29T10:17:44.422+0200] {logging_mixin.py:151} INFO - [2026-05-29T10:17:44.421+0200] {dagbag.py:539} INFO - Filling up the DagBag from /home/frederic/airflow_venv/lib/python3.10/site-packages/airflow/example_dags/example_local_kubernetes_executor.py
[2026-05-29T10:17:44.426+0200] {logging_mixin.py:151} INFO - [2026-05-29T10:17:44.425+0200] {example_local_kubernetes_executor.py:39} WARNING - Could not import DAGs in example_local_kubernetes_executor.py
Traceback (most recent call last):
  File "/home/frederic/airflow_venv/lib/python3.10/site-packages/airflow/example_dags/example_local_kubernetes_executor.py", line 37, in <module>
    from kubernetes.client import models as k8s
ModuleNotFoundError: No module named 'kubernetes'
[2026-05-29T10:17:44.427+0200] {logging_mixin.py:151} INFO - [2026-05-29T10:17:44.426+0200] {example_local_kubernetes_executor.py:40} WARNING - Install Kubernetes dependencies with: pip install apache-airflow[cncf.kubernetes]
[2026-05-29T10:17:44.427+0200] {processor.py:841} WARNING - No viable dags retrieved from /home/frederic/airflow_venv/lib/python3.10/site-packages/airflow/example_dags/example_local_kubernetes_executor.py
[2026-05-29T10:17:44.438+0200] {processor.py:179} INFO - Processing /home/frederic/airflow_venv/lib/python3.10/site-packages/airflow/example_dags/example_local_kubernetes_executor.py took 0.024 seconds
[2026-05-29T10:18:30.026+0200] {processor.py:157} INFO - Started process (PID=700914) to work on /home/frederic/airflow_venv/lib/python3.10/site-packages/airflow/example_dags/example_local_kubernetes_executor.py
[2026-05-29T10:18:30.027+0200] {processor.py:829} INFO - Processing file /home/frederic/airflow_venv/lib/python3.10/site-packages/airflow/example_dags/example_local_kubernetes_executor.py for tasks to queue
[2026-05-29T10:18:30.027+0200] {logging_mixin.py:151} INFO - [2026-05-29T10:18:30.027+0200] {dagbag.py:539} INFO - Filling up the DagBag from /home/frederic/airflow_venv/lib/python3.10/site-packages/airflow/example_dags/example_local_kubernetes_executor.py
[2026-05-29T10:18:30.030+0200] {logging_mixin.py:151} INFO - [2026-05-29T10:18:30.030+0200] {example_local_kubernetes_executor.py:39} WARNING - Could not import DAGs in example_local_kubernetes_executor.py
Traceback (most recent call last):
  File "/home/frederic/airflow_venv/lib/python3.10/site-packages/airflow/example_dags/example_local_kubernetes_executor.py", line 37, in <module>
    from kubernetes.client import models as k8s
ModuleNotFoundError: No module named 'kubernetes'
[2026-05-29T10:18:30.030+0200] {logging_mixin.py:151} INFO - [2026-05-29T10:18:30.030+0200] {example_local_kubernetes_executor.py:40} WARNING - Install Kubernetes dependencies with: pip install apache-airflow[cncf.kubernetes]
[2026-05-29T10:18:30.031+0200] {processor.py:841} WARNING - No viable dags retrieved from /home/frederic/airflow_venv/lib/python3.10/site-packages/airflow/example_dags/example_local_kubernetes_executor.py
[2026-05-29T10:18:30.038+0200] {processor.py:179} INFO - Processing /home/frederic/airflow_venv/lib/python3.10/site-packages/airflow/example_dags/example_local_kubernetes_executor.py took 0.015 seconds
[2026-05-29T10:19:17.848+0200] {processor.py:157} INFO - Started process (PID=701365) to work on /home/frederic/airflow_venv/lib/python3.10/site-packages/airflow/example_dags/example_local_kubernetes_executor.py
[2026-05-29T10:19:17.849+0200] {processor.py:829} INFO - Processing file /home/frederic/airflow_venv/lib/python3.10/site-packages/airflow/example_dags/example_local_kubernetes_executor.py for tasks to queue
[2026-05-29T10:19:17.849+0200] {logging_mixin.py:151} INFO - [2026-05-29T10:19:17.849+0200] {dagbag.py:539} INFO - Filling up the DagBag from /home/frederic/airflow_venv/lib/python3.10/site-packages/airflow/example_dags/example_local_kubernetes_executor.py
[2026-05-29T10:19:17.852+0200] {logging_mixin.py:151} INFO - [2026-05-29T10:19:17.851+0200] {example_local_kubernetes_executor.py:39} WARNING - Could not import DAGs in example_local_kubernetes_executor.py
Traceback (most recent call last):
  File "/home/frederic/airflow_venv/lib/python3.10/site-packages/airflow/example_dags/example_local_kubernetes_executor.py", line 37, in <module>
    from kubernetes.client import models as k8s
ModuleNotFoundError: No module named 'kubernetes'
[2026-05-29T10:19:17.852+0200] {logging_mixin.py:151} INFO - [2026-05-29T10:19:17.852+0200] {example_local_kubernetes_executor.py:40} WARNING - Install Kubernetes dependencies with: pip install apache-airflow[cncf.kubernetes]
[2026-05-29T10:19:17.852+0200] {processor.py:841} WARNING - No viable dags retrieved from /home/frederic/airflow_venv/lib/python3.10/site-packages/airflow/example_dags/example_local_kubernetes_executor.py
[2026-05-29T10:19:17.858+0200] {processor.py:179} INFO - Processing /home/frederic/airflow_venv/lib/python3.10/site-packages/airflow/example_dags/example_local_kubernetes_executor.py took 0.013 seconds
[2026-05-29T10:20:06.098+0200] {processor.py:157} INFO - Started process (PID=702010) to work on /home/frederic/airflow_venv/lib/python3.10/site-packages/airflow/example_dags/example_local_kubernetes_executor.py
[2026-05-29T10:20:06.099+0200] {processor.py:829} INFO - Processing file /home/frederic/airflow_venv/lib/python3.10/site-packages/airflow/example_dags/example_local_kubernetes_executor.py for tasks to queue
[2026-05-29T10:20:06.099+0200] {logging_mixin.py:151} INFO - [2026-05-29T10:20:06.099+0200] {dagbag.py:539} INFO - Filling up the DagBag from /home/frederic/airflow_venv/lib/python3.10/site-packages/airflow/example_dags/example_local_kubernetes_executor.py
[2026-05-29T10:20:06.103+0200] {logging_mixin.py:151} INFO - [2026-05-29T10:20:06.103+0200] {example_local_kubernetes_executor.py:39} WARNING - Could not import DAGs in example_local_kubernetes_executor.py
Traceback (most recent call last):
  File "/home/frederic/airflow_venv/lib/python3.10/site-packages/airflow/example_dags/example_local_kubernetes_executor.py", line 37, in <module>
    from kubernetes.client import models as k8s
ModuleNotFoundError: No module named 'kubernetes'
[2026-05-29T10:20:06.104+0200] {logging_mixin.py:151} INFO - [2026-05-29T10:20:06.103+0200] {example_local_kubernetes_executor.py:40} WARNING - Install Kubernetes dependencies with: pip install apache-airflow[cncf.kubernetes]
[2026-05-29T10:20:06.104+0200] {processor.py:841} WARNING - No viable dags retrieved from /home/frederic/airflow_venv/lib/python3.10/site-packages/airflow/example_dags/example_local_kubernetes_executor.py
[2026-05-29T10:20:06.112+0200] {processor.py:179} INFO - Processing /home/frederic/airflow_venv/lib/python3.10/site-packages/airflow/example_dags/example_local_kubernetes_executor.py took 0.017 seconds
[2026-05-29T10:20:57.913+0200] {processor.py:157} INFO - Started process (PID=702492) to work on /home/frederic/airflow_venv/lib/python3.10/site-packages/airflow/example_dags/example_local_kubernetes_executor.py
[2026-05-29T10:20:57.914+0200] {processor.py:829} INFO - Processing file /home/frederic/airflow_venv/lib/python3.10/site-packages/airflow/example_dags/example_local_kubernetes_executor.py for tasks to queue
[2026-05-29T10:20:57.915+0200] {logging_mixin.py:151} INFO - [2026-05-29T10:20:57.914+0200] {dagbag.py:539} INFO - Filling up the DagBag from /home/frederic/airflow_venv/lib/python3.10/site-packages/airflow/example_dags/example_local_kubernetes_executor.py
[2026-05-29T10:20:57.917+0200] {logging_mixin.py:151} INFO - [2026-05-29T10:20:57.917+0200] {example_local_kubernetes_executor.py:39} WARNING - Could not import DAGs in example_local_kubernetes_executor.py
Traceback (most recent call last):
  File "/home/frederic/airflow_venv/lib/python3.10/site-packages/airflow/example_dags/example_local_kubernetes_executor.py", line 37, in <module>
    from kubernetes.client import models as k8s
ModuleNotFoundError: No module named 'kubernetes'
[2026-05-29T10:20:57.917+0200] {logging_mixin.py:151} INFO - [2026-05-29T10:20:57.917+0200] {example_local_kubernetes_executor.py:40} WARNING - Install Kubernetes dependencies with: pip install apache-airflow[cncf.kubernetes]
[2026-05-29T10:20:57.917+0200] {processor.py:841} WARNING - No viable dags retrieved from /home/frederic/airflow_venv/lib/python3.10/site-packages/airflow/example_dags/example_local_kubernetes_executor.py
[2026-05-29T10:20:57.924+0200] {processor.py:179} INFO - Processing /home/frederic/airflow_venv/lib/python3.10/site-packages/airflow/example_dags/example_local_kubernetes_executor.py took 0.013 seconds
[2026-05-29T10:21:44.296+0200] {processor.py:157} INFO - Started process (PID=702953) to work on /home/frederic/airflow_venv/lib/python3.10/site-packages/airflow/example_dags/example_local_kubernetes_executor.py
[2026-05-29T10:21:44.297+0200] {processor.py:829} INFO - Processing file /home/frederic/airflow_venv/lib/python3.10/site-packages/airflow/example_dags/example_local_kubernetes_executor.py for tasks to queue
[2026-05-29T10:21:44.298+0200] {logging_mixin.py:151} INFO - [2026-05-29T10:21:44.297+0200] {dagbag.py:539} INFO - Filling up the DagBag from /home/frederic/airflow_venv/lib/python3.10/site-packages/airflow/example_dags/example_local_kubernetes_executor.py
[2026-05-29T10:21:44.301+0200] {logging_mixin.py:151} INFO - [2026-05-29T10:21:44.300+0200] {example_local_kubernetes_executor.py:39} WARNING - Could not import DAGs in example_local_kubernetes_executor.py
Traceback (most recent call last):
  File "/home/frederic/airflow_venv/lib/python3.10/site-packages/airflow/example_dags/example_local_kubernetes_executor.py", line 37, in <module>
    from kubernetes.client import models as k8s
ModuleNotFoundError: No module named 'kubernetes'
[2026-05-29T10:21:44.301+0200] {logging_mixin.py:151} INFO - [2026-05-29T10:21:44.301+0200] {example_local_kubernetes_executor.py:40} WARNING - Install Kubernetes dependencies with: pip install apache-airflow[cncf.kubernetes]
[2026-05-29T10:21:44.301+0200] {processor.py:841} WARNING - No viable dags retrieved from /home/frederic/airflow_venv/lib/python3.10/site-packages/airflow/example_dags/example_local_kubernetes_executor.py
[2026-05-29T10:21:44.310+0200] {processor.py:179} INFO - Processing /home/frederic/airflow_venv/lib/python3.10/site-packages/airflow/example_dags/example_local_kubernetes_executor.py took 0.016 seconds
[2026-05-29T10:22:32.682+0200] {processor.py:157} INFO - Started process (PID=703445) to work on /home/frederic/airflow_venv/lib/python3.10/site-packages/airflow/example_dags/example_local_kubernetes_executor.py
[2026-05-29T10:22:32.686+0200] {processor.py:829} INFO - Processing file /home/frederic/airflow_venv/lib/python3.10/site-packages/airflow/example_dags/example_local_kubernetes_executor.py for tasks to queue
[2026-05-29T10:22:32.687+0200] {logging_mixin.py:151} INFO - [2026-05-29T10:22:32.686+0200] {dagbag.py:539} INFO - Filling up the DagBag from /home/frederic/airflow_venv/lib/python3.10/site-packages/airflow/example_dags/example_local_kubernetes_executor.py
[2026-05-29T10:22:32.690+0200] {logging_mixin.py:151} INFO - [2026-05-29T10:22:32.689+0200] {example_local_kubernetes_executor.py:39} WARNING - Could not import DAGs in example_local_kubernetes_executor.py
Traceback (most recent call last):
  File "/home/frederic/airflow_venv/lib/python3.10/site-packages/airflow/example_dags/example_local_kubernetes_executor.py", line 37, in <module>
    from kubernetes.client import models as k8s
ModuleNotFoundError: No module named 'kubernetes'
[2026-05-29T10:22:32.690+0200] {logging_mixin.py:151} INFO - [2026-05-29T10:22:32.690+0200] {example_local_kubernetes_executor.py:40} WARNING - Install Kubernetes dependencies with: pip install apache-airflow[cncf.kubernetes]
[2026-05-29T10:22:32.690+0200] {processor.py:841} WARNING - No viable dags retrieved from /home/frederic/airflow_venv/lib/python3.10/site-packages/airflow/example_dags/example_local_kubernetes_executor.py
[2026-05-29T10:22:32.698+0200] {processor.py:179} INFO - Processing /home/frederic/airflow_venv/lib/python3.10/site-packages/airflow/example_dags/example_local_kubernetes_executor.py took 0.017 seconds
[2026-05-29T10:23:20.816+0200] {processor.py:157} INFO - Started process (PID=704056) to work on /home/frederic/airflow_venv/lib/python3.10/site-packages/airflow/example_dags/example_local_kubernetes_executor.py
[2026-05-29T10:23:20.817+0200] {processor.py:829} INFO - Processing file /home/frederic/airflow_venv/lib/python3.10/site-packages/airflow/example_dags/example_local_kubernetes_executor.py for tasks to queue
[2026-05-29T10:23:20.818+0200] {logging_mixin.py:151} INFO - [2026-05-29T10:23:20.818+0200] {dagbag.py:539} INFO - Filling up the DagBag from /home/frederic/airflow_venv/lib/python3.10/site-packages/airflow/example_dags/example_local_kubernetes_executor.py
[2026-05-29T10:23:20.821+0200] {logging_mixin.py:151} INFO - [2026-05-29T10:23:20.820+0200] {example_local_kubernetes_executor.py:39} WARNING - Could not import DAGs in example_local_kubernetes_executor.py
Traceback (most recent call last):
  File "/home/frederic/airflow_venv/lib/python3.10/site-packages/airflow/example_dags/example_local_kubernetes_executor.py", line 37, in <module>
    from kubernetes.client import models as k8s
ModuleNotFoundError: No module named 'kubernetes'
[2026-05-29T10:23:20.821+0200] {logging_mixin.py:151} INFO - [2026-05-29T10:23:20.821+0200] {example_local_kubernetes_executor.py:40} WARNING - Install Kubernetes dependencies with: pip install apache-airflow[cncf.kubernetes]
[2026-05-29T10:23:20.821+0200] {processor.py:841} WARNING - No viable dags retrieved from /home/frederic/airflow_venv/lib/python3.10/site-packages/airflow/example_dags/example_local_kubernetes_executor.py
[2026-05-29T10:23:20.828+0200] {processor.py:179} INFO - Processing /home/frederic/airflow_venv/lib/python3.10/site-packages/airflow/example_dags/example_local_kubernetes_executor.py took 0.014 seconds
[2026-05-29T10:24:10.989+0200] {processor.py:157} INFO - Started process (PID=704539) to work on /home/frederic/airflow_venv/lib/python3.10/site-packages/airflow/example_dags/example_local_kubernetes_executor.py
[2026-05-29T10:24:10.990+0200] {processor.py:829} INFO - Processing file /home/frederic/airflow_venv/lib/python3.10/site-packages/airflow/example_dags/example_local_kubernetes_executor.py for tasks to queue
[2026-05-29T10:24:10.990+0200] {logging_mixin.py:151} INFO - [2026-05-29T10:24:10.990+0200] {dagbag.py:539} INFO - Filling up the DagBag from /home/frederic/airflow_venv/lib/python3.10/site-packages/airflow/example_dags/example_local_kubernetes_executor.py
[2026-05-29T10:24:10.993+0200] {logging_mixin.py:151} INFO - [2026-05-29T10:24:10.993+0200] {example_local_kubernetes_executor.py:39} WARNING - Could not import DAGs in example_local_kubernetes_executor.py
Traceback (most recent call last):
  File "/home/frederic/airflow_venv/lib/python3.10/site-packages/airflow/example_dags/example_local_kubernetes_executor.py", line 37, in <module>
    from kubernetes.client import models as k8s
ModuleNotFoundError: No module named 'kubernetes'
[2026-05-29T10:24:10.993+0200] {logging_mixin.py:151} INFO - [2026-05-29T10:24:10.993+0200] {example_local_kubernetes_executor.py:40} WARNING - Install Kubernetes dependencies with: pip install apache-airflow[cncf.kubernetes]
[2026-05-29T10:24:10.993+0200] {processor.py:841} WARNING - No viable dags retrieved from /home/frederic/airflow_venv/lib/python3.10/site-packages/airflow/example_dags/example_local_kubernetes_executor.py
[2026-05-29T10:24:11.001+0200] {processor.py:179} INFO - Processing /home/frederic/airflow_venv/lib/python3.10/site-packages/airflow/example_dags/example_local_kubernetes_executor.py took 0.014 seconds
[2026-05-29T10:25:05.115+0200] {processor.py:157} INFO - Started process (PID=705080) to work on /home/frederic/airflow_venv/lib/python3.10/site-packages/airflow/example_dags/example_local_kubernetes_executor.py
[2026-05-29T10:25:05.116+0200] {processor.py:829} INFO - Processing file /home/frederic/airflow_venv/lib/python3.10/site-packages/airflow/example_dags/example_local_kubernetes_executor.py for tasks to queue
[2026-05-29T10:25:05.116+0200] {logging_mixin.py:151} INFO - [2026-05-29T10:25:05.116+0200] {dagbag.py:539} INFO - Filling up the DagBag from /home/frederic/airflow_venv/lib/python3.10/site-packages/airflow/example_dags/example_local_kubernetes_executor.py
[2026-05-29T10:25:05.119+0200] {logging_mixin.py:151} INFO - [2026-05-29T10:25:05.118+0200] {example_local_kubernetes_executor.py:39} WARNING - Could not import DAGs in example_local_kubernetes_executor.py
Traceback (most recent call last):
  File "/home/frederic/airflow_venv/lib/python3.10/site-packages/airflow/example_dags/example_local_kubernetes_executor.py", line 37, in <module>
    from kubernetes.client import models as k8s
ModuleNotFoundError: No module named 'kubernetes'
[2026-05-29T10:25:05.119+0200] {logging_mixin.py:151} INFO - [2026-05-29T10:25:05.119+0200] {example_local_kubernetes_executor.py:40} WARNING - Install Kubernetes dependencies with: pip install apache-airflow[cncf.kubernetes]
[2026-05-29T10:25:05.119+0200] {processor.py:841} WARNING - No viable dags retrieved from /home/frederic/airflow_venv/lib/python3.10/site-packages/airflow/example_dags/example_local_kubernetes_executor.py
[2026-05-29T10:25:05.126+0200] {processor.py:179} INFO - Processing /home/frederic/airflow_venv/lib/python3.10/site-packages/airflow/example_dags/example_local_kubernetes_executor.py took 0.014 seconds
[2026-05-29T10:26:02.716+0200] {processor.py:157} INFO - Started process (PID=705667) to work on /home/frederic/airflow_venv/lib/python3.10/site-packages/airflow/example_dags/example_local_kubernetes_executor.py
[2026-05-29T10:26:02.717+0200] {processor.py:829} INFO - Processing file /home/frederic/airflow_venv/lib/python3.10/site-packages/airflow/example_dags/example_local_kubernetes_executor.py for tasks to queue
[2026-05-29T10:26:02.718+0200] {logging_mixin.py:151} INFO - [2026-05-29T10:26:02.718+0200] {dagbag.py:539} INFO - Filling up the DagBag from /home/frederic/airflow_venv/lib/python3.10/site-packages/airflow/example_dags/example_local_kubernetes_executor.py
[2026-05-29T10:26:02.721+0200] {logging_mixin.py:151} INFO - [2026-05-29T10:26:02.721+0200] {example_local_kubernetes_executor.py:39} WARNING - Could not import DAGs in example_local_kubernetes_executor.py
Traceback (most recent call last):
  File "/home/frederic/airflow_venv/lib/python3.10/site-packages/airflow/example_dags/example_local_kubernetes_executor.py", line 37, in <module>
    from kubernetes.client import models as k8s
ModuleNotFoundError: No module named 'kubernetes'
[2026-05-29T10:26:02.721+0200] {logging_mixin.py:151} INFO - [2026-05-29T10:26:02.721+0200] {example_local_kubernetes_executor.py:40} WARNING - Install Kubernetes dependencies with: pip install apache-airflow[cncf.kubernetes]
[2026-05-29T10:26:02.722+0200] {processor.py:841} WARNING - No viable dags retrieved from /home/frederic/airflow_venv/lib/python3.10/site-packages/airflow/example_dags/example_local_kubernetes_executor.py
[2026-05-29T10:26:02.730+0200] {processor.py:179} INFO - Processing /home/frederic/airflow_venv/lib/python3.10/site-packages/airflow/example_dags/example_local_kubernetes_executor.py took 0.016 seconds
[2026-05-29T10:26:51.845+0200] {processor.py:157} INFO - Started process (PID=706111) to work on /home/frederic/airflow_venv/lib/python3.10/site-packages/airflow/example_dags/example_local_kubernetes_executor.py
[2026-05-29T10:26:51.846+0200] {processor.py:829} INFO - Processing file /home/frederic/airflow_venv/lib/python3.10/site-packages/airflow/example_dags/example_local_kubernetes_executor.py for tasks to queue
[2026-05-29T10:26:51.847+0200] {logging_mixin.py:151} INFO - [2026-05-29T10:26:51.847+0200] {dagbag.py:539} INFO - Filling up the DagBag from /home/frederic/airflow_venv/lib/python3.10/site-packages/airflow/example_dags/example_local_kubernetes_executor.py
[2026-05-29T10:26:51.849+0200] {logging_mixin.py:151} INFO - [2026-05-29T10:26:51.849+0200] {example_local_kubernetes_executor.py:39} WARNING - Could not import DAGs in example_local_kubernetes_executor.py
Traceback (most recent call last):
  File "/home/frederic/airflow_venv/lib/python3.10/site-packages/airflow/example_dags/example_local_kubernetes_executor.py", line 37, in <module>
    from kubernetes.client import models as k8s
ModuleNotFoundError: No module named 'kubernetes'
[2026-05-29T10:26:51.850+0200] {logging_mixin.py:151} INFO - [2026-05-29T10:26:51.850+0200] {example_local_kubernetes_executor.py:40} WARNING - Install Kubernetes dependencies with: pip install apache-airflow[cncf.kubernetes]
[2026-05-29T10:26:51.850+0200] {processor.py:841} WARNING - No viable dags retrieved from /home/frederic/airflow_venv/lib/python3.10/site-packages/airflow/example_dags/example_local_kubernetes_executor.py
[2026-05-29T10:26:51.858+0200] {processor.py:179} INFO - Processing /home/frederic/airflow_venv/lib/python3.10/site-packages/airflow/example_dags/example_local_kubernetes_executor.py took 0.015 seconds
[2026-05-29T10:27:41.917+0200] {processor.py:157} INFO - Started process (PID=706611) to work on /home/frederic/airflow_venv/lib/python3.10/site-packages/airflow/example_dags/example_local_kubernetes_executor.py
[2026-05-29T10:27:41.919+0200] {processor.py:829} INFO - Processing file /home/frederic/airflow_venv/lib/python3.10/site-packages/airflow/example_dags/example_local_kubernetes_executor.py for tasks to queue
[2026-05-29T10:27:41.919+0200] {logging_mixin.py:151} INFO - [2026-05-29T10:27:41.919+0200] {dagbag.py:539} INFO - Filling up the DagBag from /home/frederic/airflow_venv/lib/python3.10/site-packages/airflow/example_dags/example_local_kubernetes_executor.py
[2026-05-29T10:27:41.922+0200] {logging_mixin.py:151} INFO - [2026-05-29T10:27:41.922+0200] {example_local_kubernetes_executor.py:39} WARNING - Could not import DAGs in example_local_kubernetes_executor.py
Traceback (most recent call last):
  File "/home/frederic/airflow_venv/lib/python3.10/site-packages/airflow/example_dags/example_local_kubernetes_executor.py", line 37, in <module>
    from kubernetes.client import models as k8s
ModuleNotFoundError: No module named 'kubernetes'
[2026-05-29T10:27:41.923+0200] {logging_mixin.py:151} INFO - [2026-05-29T10:27:41.923+0200] {example_local_kubernetes_executor.py:40} WARNING - Install Kubernetes dependencies with: pip install apache-airflow[cncf.kubernetes]
[2026-05-29T10:27:41.923+0200] {processor.py:841} WARNING - No viable dags retrieved from /home/frederic/airflow_venv/lib/python3.10/site-packages/airflow/example_dags/example_local_kubernetes_executor.py
[2026-05-29T10:27:41.931+0200] {processor.py:179} INFO - Processing /home/frederic/airflow_venv/lib/python3.10/site-packages/airflow/example_dags/example_local_kubernetes_executor.py took 0.016 seconds
[2026-05-29T10:28:23.807+0200] {processor.py:157} INFO - Started process (PID=707111) to work on /home/frederic/airflow_venv/lib/python3.10/site-packages/airflow/example_dags/example_local_kubernetes_executor.py
[2026-05-29T10:28:23.808+0200] {processor.py:829} INFO - Processing file /home/frederic/airflow_venv/lib/python3.10/site-packages/airflow/example_dags/example_local_kubernetes_executor.py for tasks to queue
[2026-05-29T10:28:23.808+0200] {logging_mixin.py:151} INFO - [2026-05-29T10:28:23.808+0200] {dagbag.py:539} INFO - Filling up the DagBag from /home/frederic/airflow_venv/lib/python3.10/site-packages/airflow/example_dags/example_local_kubernetes_executor.py
[2026-05-29T10:28:23.811+0200] {logging_mixin.py:151} INFO - [2026-05-29T10:28:23.810+0200] {example_local_kubernetes_executor.py:39} WARNING - Could not import DAGs in example_local_kubernetes_executor.py
Traceback (most recent call last):
  File "/home/frederic/airflow_venv/lib/python3.10/site-packages/airflow/example_dags/example_local_kubernetes_executor.py", line 37, in <module>
    from kubernetes.client import models as k8s
ModuleNotFoundError: No module named 'kubernetes'
[2026-05-29T10:28:23.811+0200] {logging_mixin.py:151} INFO - [2026-05-29T10:28:23.811+0200] {example_local_kubernetes_executor.py:40} WARNING - Install Kubernetes dependencies with: pip install apache-airflow[cncf.kubernetes]
[2026-05-29T10:28:23.811+0200] {processor.py:841} WARNING - No viable dags retrieved from /home/frederic/airflow_venv/lib/python3.10/site-packages/airflow/example_dags/example_local_kubernetes_executor.py
[2026-05-29T10:28:23.819+0200] {processor.py:179} INFO - Processing /home/frederic/airflow_venv/lib/python3.10/site-packages/airflow/example_dags/example_local_kubernetes_executor.py took 0.015 seconds
[2026-05-29T10:29:14.373+0200] {processor.py:157} INFO - Started process (PID=707795) to work on /home/frederic/airflow_venv/lib/python3.10/site-packages/airflow/example_dags/example_local_kubernetes_executor.py
[2026-05-29T10:29:14.374+0200] {processor.py:829} INFO - Processing file /home/frederic/airflow_venv/lib/python3.10/site-packages/airflow/example_dags/example_local_kubernetes_executor.py for tasks to queue
[2026-05-29T10:29:14.374+0200] {logging_mixin.py:151} INFO - [2026-05-29T10:29:14.374+0200] {dagbag.py:539} INFO - Filling up the DagBag from /home/frederic/airflow_venv/lib/python3.10/site-packages/airflow/example_dags/example_local_kubernetes_executor.py
[2026-05-29T10:29:14.378+0200] {logging_mixin.py:151} INFO - [2026-05-29T10:29:14.377+0200] {example_local_kubernetes_executor.py:39} WARNING - Could not import DAGs in example_local_kubernetes_executor.py
Traceback (most recent call last):
  File "/home/frederic/airflow_venv/lib/python3.10/site-packages/airflow/example_dags/example_local_kubernetes_executor.py", line 37, in <module>
    from kubernetes.client import models as k8s
ModuleNotFoundError: No module named 'kubernetes'
[2026-05-29T10:29:14.378+0200] {logging_mixin.py:151} INFO - [2026-05-29T10:29:14.378+0200] {example_local_kubernetes_executor.py:40} WARNING - Install Kubernetes dependencies with: pip install apache-airflow[cncf.kubernetes]
[2026-05-29T10:29:14.378+0200] {processor.py:841} WARNING - No viable dags retrieved from /home/frederic/airflow_venv/lib/python3.10/site-packages/airflow/example_dags/example_local_kubernetes_executor.py
[2026-05-29T10:29:14.387+0200] {processor.py:179} INFO - Processing /home/frederic/airflow_venv/lib/python3.10/site-packages/airflow/example_dags/example_local_kubernetes_executor.py took 0.016 seconds
[2026-05-29T10:29:59.500+0200] {processor.py:157} INFO - Started process (PID=708315) to work on /home/frederic/airflow_venv/lib/python3.10/site-packages/airflow/example_dags/example_local_kubernetes_executor.py
[2026-05-29T10:29:59.502+0200] {processor.py:829} INFO - Processing file /home/frederic/airflow_venv/lib/python3.10/site-packages/airflow/example_dags/example_local_kubernetes_executor.py for tasks to queue
[2026-05-29T10:29:59.503+0200] {logging_mixin.py:151} INFO - [2026-05-29T10:29:59.503+0200] {dagbag.py:539} INFO - Filling up the DagBag from /home/frederic/airflow_venv/lib/python3.10/site-packages/airflow/example_dags/example_local_kubernetes_executor.py
[2026-05-29T10:29:59.506+0200] {logging_mixin.py:151} INFO - [2026-05-29T10:29:59.505+0200] {example_local_kubernetes_executor.py:39} WARNING - Could not import DAGs in example_local_kubernetes_executor.py
Traceback (most recent call last):
  File "/home/frederic/airflow_venv/lib/python3.10/site-packages/airflow/example_dags/example_local_kubernetes_executor.py", line 37, in <module>
    from kubernetes.client import models as k8s
ModuleNotFoundError: No module named 'kubernetes'
[2026-05-29T10:29:59.506+0200] {logging_mixin.py:151} INFO - [2026-05-29T10:29:59.506+0200] {example_local_kubernetes_executor.py:40} WARNING - Install Kubernetes dependencies with: pip install apache-airflow[cncf.kubernetes]
[2026-05-29T10:29:59.506+0200] {processor.py:841} WARNING - No viable dags retrieved from /home/frederic/airflow_venv/lib/python3.10/site-packages/airflow/example_dags/example_local_kubernetes_executor.py
[2026-05-29T10:29:59.514+0200] {processor.py:179} INFO - Processing /home/frederic/airflow_venv/lib/python3.10/site-packages/airflow/example_dags/example_local_kubernetes_executor.py took 0.016 seconds
[2026-05-29T10:30:47.949+0200] {processor.py:157} INFO - Started process (PID=708976) to work on /home/frederic/airflow_venv/lib/python3.10/site-packages/airflow/example_dags/example_local_kubernetes_executor.py
[2026-05-29T10:30:47.950+0200] {processor.py:829} INFO - Processing file /home/frederic/airflow_venv/lib/python3.10/site-packages/airflow/example_dags/example_local_kubernetes_executor.py for tasks to queue
[2026-05-29T10:30:47.951+0200] {logging_mixin.py:151} INFO - [2026-05-29T10:30:47.950+0200] {dagbag.py:539} INFO - Filling up the DagBag from /home/frederic/airflow_venv/lib/python3.10/site-packages/airflow/example_dags/example_local_kubernetes_executor.py
[2026-05-29T10:30:47.954+0200] {logging_mixin.py:151} INFO - [2026-05-29T10:30:47.953+0200] {example_local_kubernetes_executor.py:39} WARNING - Could not import DAGs in example_local_kubernetes_executor.py
Traceback (most recent call last):
  File "/home/frederic/airflow_venv/lib/python3.10/site-packages/airflow/example_dags/example_local_kubernetes_executor.py", line 37, in <module>
    from kubernetes.client import models as k8s
ModuleNotFoundError: No module named 'kubernetes'
[2026-05-29T10:30:47.954+0200] {logging_mixin.py:151} INFO - [2026-05-29T10:30:47.954+0200] {example_local_kubernetes_executor.py:40} WARNING - Install Kubernetes dependencies with: pip install apache-airflow[cncf.kubernetes]
[2026-05-29T10:30:47.954+0200] {processor.py:841} WARNING - No viable dags retrieved from /home/frederic/airflow_venv/lib/python3.10/site-packages/airflow/example_dags/example_local_kubernetes_executor.py
[2026-05-29T10:30:47.961+0200] {processor.py:179} INFO - Processing /home/frederic/airflow_venv/lib/python3.10/site-packages/airflow/example_dags/example_local_kubernetes_executor.py took 0.015 seconds
[2026-05-29T10:31:32.220+0200] {processor.py:157} INFO - Started process (PID=709467) to work on /home/frederic/airflow_venv/lib/python3.10/site-packages/airflow/example_dags/example_local_kubernetes_executor.py
[2026-05-29T10:31:32.221+0200] {processor.py:829} INFO - Processing file /home/frederic/airflow_venv/lib/python3.10/site-packages/airflow/example_dags/example_local_kubernetes_executor.py for tasks to queue
[2026-05-29T10:31:32.222+0200] {logging_mixin.py:151} INFO - [2026-05-29T10:31:32.222+0200] {dagbag.py:539} INFO - Filling up the DagBag from /home/frederic/airflow_venv/lib/python3.10/site-packages/airflow/example_dags/example_local_kubernetes_executor.py
[2026-05-29T10:31:32.226+0200] {logging_mixin.py:151} INFO - [2026-05-29T10:31:32.225+0200] {example_local_kubernetes_executor.py:39} WARNING - Could not import DAGs in example_local_kubernetes_executor.py
Traceback (most recent call last):
  File "/home/frederic/airflow_venv/lib/python3.10/site-packages/airflow/example_dags/example_local_kubernetes_executor.py", line 37, in <module>
    from kubernetes.client import models as k8s
ModuleNotFoundError: No module named 'kubernetes'
[2026-05-29T10:31:32.226+0200] {logging_mixin.py:151} INFO - [2026-05-29T10:31:32.226+0200] {example_local_kubernetes_executor.py:40} WARNING - Install Kubernetes dependencies with: pip install apache-airflow[cncf.kubernetes]
[2026-05-29T10:31:32.226+0200] {processor.py:841} WARNING - No viable dags retrieved from /home/frederic/airflow_venv/lib/python3.10/site-packages/airflow/example_dags/example_local_kubernetes_executor.py
[2026-05-29T10:31:32.233+0200] {processor.py:179} INFO - Processing /home/frederic/airflow_venv/lib/python3.10/site-packages/airflow/example_dags/example_local_kubernetes_executor.py took 0.017 seconds
[2026-05-29T10:32:17.010+0200] {processor.py:157} INFO - Started process (PID=710038) to work on /home/frederic/airflow_venv/lib/python3.10/site-packages/airflow/example_dags/example_local_kubernetes_executor.py
[2026-05-29T10:32:17.011+0200] {processor.py:829} INFO - Processing file /home/frederic/airflow_venv/lib/python3.10/site-packages/airflow/example_dags/example_local_kubernetes_executor.py for tasks to queue
[2026-05-29T10:32:17.011+0200] {logging_mixin.py:151} INFO - [2026-05-29T10:32:17.011+0200] {dagbag.py:539} INFO - Filling up the DagBag from /home/frederic/airflow_venv/lib/python3.10/site-packages/airflow/example_dags/example_local_kubernetes_executor.py
[2026-05-29T10:32:17.014+0200] {logging_mixin.py:151} INFO - [2026-05-29T10:32:17.013+0200] {example_local_kubernetes_executor.py:39} WARNING - Could not import DAGs in example_local_kubernetes_executor.py
Traceback (most recent call last):
  File "/home/frederic/airflow_venv/lib/python3.10/site-packages/airflow/example_dags/example_local_kubernetes_executor.py", line 37, in <module>
    from kubernetes.client import models as k8s
ModuleNotFoundError: No module named 'kubernetes'
[2026-05-29T10:32:17.014+0200] {logging_mixin.py:151} INFO - [2026-05-29T10:32:17.014+0200] {example_local_kubernetes_executor.py:40} WARNING - Install Kubernetes dependencies with: pip install apache-airflow[cncf.kubernetes]
[2026-05-29T10:32:17.014+0200] {processor.py:841} WARNING - No viable dags retrieved from /home/frederic/airflow_venv/lib/python3.10/site-packages/airflow/example_dags/example_local_kubernetes_executor.py
[2026-05-29T10:32:17.022+0200] {processor.py:179} INFO - Processing /home/frederic/airflow_venv/lib/python3.10/site-packages/airflow/example_dags/example_local_kubernetes_executor.py took 0.014 seconds
[2026-05-29T10:33:02.004+0200] {processor.py:157} INFO - Started process (PID=710664) to work on /home/frederic/airflow_venv/lib/python3.10/site-packages/airflow/example_dags/example_local_kubernetes_executor.py
[2026-05-29T10:33:02.005+0200] {processor.py:829} INFO - Processing file /home/frederic/airflow_venv/lib/python3.10/site-packages/airflow/example_dags/example_local_kubernetes_executor.py for tasks to queue
[2026-05-29T10:33:02.006+0200] {logging_mixin.py:151} INFO - [2026-05-29T10:33:02.005+0200] {dagbag.py:539} INFO - Filling up the DagBag from /home/frederic/airflow_venv/lib/python3.10/site-packages/airflow/example_dags/example_local_kubernetes_executor.py
[2026-05-29T10:33:02.008+0200] {logging_mixin.py:151} INFO - [2026-05-29T10:33:02.008+0200] {example_local_kubernetes_executor.py:39} WARNING - Could not import DAGs in example_local_kubernetes_executor.py
Traceback (most recent call last):
  File "/home/frederic/airflow_venv/lib/python3.10/site-packages/airflow/example_dags/example_local_kubernetes_executor.py", line 37, in <module>
    from kubernetes.client import models as k8s
ModuleNotFoundError: No module named 'kubernetes'
[2026-05-29T10:33:02.008+0200] {logging_mixin.py:151} INFO - [2026-05-29T10:33:02.008+0200] {example_local_kubernetes_executor.py:40} WARNING - Install Kubernetes dependencies with: pip install apache-airflow[cncf.kubernetes]
[2026-05-29T10:33:02.009+0200] {processor.py:841} WARNING - No viable dags retrieved from /home/frederic/airflow_venv/lib/python3.10/site-packages/airflow/example_dags/example_local_kubernetes_executor.py
[2026-05-29T10:33:02.015+0200] {processor.py:179} INFO - Processing /home/frederic/airflow_venv/lib/python3.10/site-packages/airflow/example_dags/example_local_kubernetes_executor.py took 0.014 seconds
[2026-05-29T10:33:49.718+0200] {processor.py:157} INFO - Started process (PID=711451) to work on /home/frederic/airflow_venv/lib/python3.10/site-packages/airflow/example_dags/example_local_kubernetes_executor.py
[2026-05-29T10:33:49.720+0200] {processor.py:829} INFO - Processing file /home/frederic/airflow_venv/lib/python3.10/site-packages/airflow/example_dags/example_local_kubernetes_executor.py for tasks to queue
[2026-05-29T10:33:49.722+0200] {logging_mixin.py:151} INFO - [2026-05-29T10:33:49.721+0200] {dagbag.py:539} INFO - Filling up the DagBag from /home/frederic/airflow_venv/lib/python3.10/site-packages/airflow/example_dags/example_local_kubernetes_executor.py
[2026-05-29T10:33:49.728+0200] {logging_mixin.py:151} INFO - [2026-05-29T10:33:49.727+0200] {example_local_kubernetes_executor.py:39} WARNING - Could not import DAGs in example_local_kubernetes_executor.py
Traceback (most recent call last):
  File "/home/frederic/airflow_venv/lib/python3.10/site-packages/airflow/example_dags/example_local_kubernetes_executor.py", line 37, in <module>
    from kubernetes.client import models as k8s
ModuleNotFoundError: No module named 'kubernetes'
[2026-05-29T10:33:49.729+0200] {logging_mixin.py:151} INFO - [2026-05-29T10:33:49.729+0200] {example_local_kubernetes_executor.py:40} WARNING - Install Kubernetes dependencies with: pip install apache-airflow[cncf.kubernetes]
[2026-05-29T10:33:49.730+0200] {processor.py:841} WARNING - No viable dags retrieved from /home/frederic/airflow_venv/lib/python3.10/site-packages/airflow/example_dags/example_local_kubernetes_executor.py
[2026-05-29T10:33:49.746+0200] {processor.py:179} INFO - Processing /home/frederic/airflow_venv/lib/python3.10/site-packages/airflow/example_dags/example_local_kubernetes_executor.py took 0.032 seconds
[2026-05-29T10:34:31.525+0200] {processor.py:157} INFO - Started process (PID=712012) to work on /home/frederic/airflow_venv/lib/python3.10/site-packages/airflow/example_dags/example_local_kubernetes_executor.py
[2026-05-29T10:34:31.526+0200] {processor.py:829} INFO - Processing file /home/frederic/airflow_venv/lib/python3.10/site-packages/airflow/example_dags/example_local_kubernetes_executor.py for tasks to queue
[2026-05-29T10:34:31.527+0200] {logging_mixin.py:151} INFO - [2026-05-29T10:34:31.527+0200] {dagbag.py:539} INFO - Filling up the DagBag from /home/frederic/airflow_venv/lib/python3.10/site-packages/airflow/example_dags/example_local_kubernetes_executor.py
[2026-05-29T10:34:31.530+0200] {logging_mixin.py:151} INFO - [2026-05-29T10:34:31.529+0200] {example_local_kubernetes_executor.py:39} WARNING - Could not import DAGs in example_local_kubernetes_executor.py
Traceback (most recent call last):
  File "/home/frederic/airflow_venv/lib/python3.10/site-packages/airflow/example_dags/example_local_kubernetes_executor.py", line 37, in <module>
    from kubernetes.client import models as k8s
ModuleNotFoundError: No module named 'kubernetes'
[2026-05-29T10:34:31.530+0200] {logging_mixin.py:151} INFO - [2026-05-29T10:34:31.530+0200] {example_local_kubernetes_executor.py:40} WARNING - Install Kubernetes dependencies with: pip install apache-airflow[cncf.kubernetes]
[2026-05-29T10:34:31.530+0200] {processor.py:841} WARNING - No viable dags retrieved from /home/frederic/airflow_venv/lib/python3.10/site-packages/airflow/example_dags/example_local_kubernetes_executor.py
[2026-05-29T10:34:31.538+0200] {processor.py:179} INFO - Processing /home/frederic/airflow_venv/lib/python3.10/site-packages/airflow/example_dags/example_local_kubernetes_executor.py took 0.015 seconds
[2026-05-29T10:35:19.195+0200] {processor.py:157} INFO - Started process (PID=712502) to work on /home/frederic/airflow_venv/lib/python3.10/site-packages/airflow/example_dags/example_local_kubernetes_executor.py
[2026-05-29T10:35:19.196+0200] {processor.py:829} INFO - Processing file /home/frederic/airflow_venv/lib/python3.10/site-packages/airflow/example_dags/example_local_kubernetes_executor.py for tasks to queue
[2026-05-29T10:35:19.197+0200] {logging_mixin.py:151} INFO - [2026-05-29T10:35:19.197+0200] {dagbag.py:539} INFO - Filling up the DagBag from /home/frederic/airflow_venv/lib/python3.10/site-packages/airflow/example_dags/example_local_kubernetes_executor.py
[2026-05-29T10:35:19.201+0200] {logging_mixin.py:151} INFO - [2026-05-29T10:35:19.200+0200] {example_local_kubernetes_executor.py:39} WARNING - Could not import DAGs in example_local_kubernetes_executor.py
Traceback (most recent call last):
  File "/home/frederic/airflow_venv/lib/python3.10/site-packages/airflow/example_dags/example_local_kubernetes_executor.py", line 37, in <module>
    from kubernetes.client import models as k8s
ModuleNotFoundError: No module named 'kubernetes'
[2026-05-29T10:35:19.202+0200] {logging_mixin.py:151} INFO - [2026-05-29T10:35:19.202+0200] {example_local_kubernetes_executor.py:40} WARNING - Install Kubernetes dependencies with: pip install apache-airflow[cncf.kubernetes]
[2026-05-29T10:35:19.202+0200] {processor.py:841} WARNING - No viable dags retrieved from /home/frederic/airflow_venv/lib/python3.10/site-packages/airflow/example_dags/example_local_kubernetes_executor.py
[2026-05-29T10:35:19.211+0200] {processor.py:179} INFO - Processing /home/frederic/airflow_venv/lib/python3.10/site-packages/airflow/example_dags/example_local_kubernetes_executor.py took 0.018 seconds
[2026-05-29T10:36:07.838+0200] {processor.py:157} INFO - Started process (PID=713087) to work on /home/frederic/airflow_venv/lib/python3.10/site-packages/airflow/example_dags/example_local_kubernetes_executor.py
[2026-05-29T10:36:07.839+0200] {processor.py:829} INFO - Processing file /home/frederic/airflow_venv/lib/python3.10/site-packages/airflow/example_dags/example_local_kubernetes_executor.py for tasks to queue
[2026-05-29T10:36:07.840+0200] {logging_mixin.py:151} INFO - [2026-05-29T10:36:07.839+0200] {dagbag.py:539} INFO - Filling up the DagBag from /home/frederic/airflow_venv/lib/python3.10/site-packages/airflow/example_dags/example_local_kubernetes_executor.py
[2026-05-29T10:36:07.842+0200] {logging_mixin.py:151} INFO - [2026-05-29T10:36:07.842+0200] {example_local_kubernetes_executor.py:39} WARNING - Could not import DAGs in example_local_kubernetes_executor.py
Traceback (most recent call last):
  File "/home/frederic/airflow_venv/lib/python3.10/site-packages/airflow/example_dags/example_local_kubernetes_executor.py", line 37, in <module>
    from kubernetes.client import models as k8s
ModuleNotFoundError: No module named 'kubernetes'
[2026-05-29T10:36:07.843+0200] {logging_mixin.py:151} INFO - [2026-05-29T10:36:07.843+0200] {example_local_kubernetes_executor.py:40} WARNING - Install Kubernetes dependencies with: pip install apache-airflow[cncf.kubernetes]
[2026-05-29T10:36:07.843+0200] {processor.py:841} WARNING - No viable dags retrieved from /home/frederic/airflow_venv/lib/python3.10/site-packages/airflow/example_dags/example_local_kubernetes_executor.py
[2026-05-29T10:36:07.850+0200] {processor.py:179} INFO - Processing /home/frederic/airflow_venv/lib/python3.10/site-packages/airflow/example_dags/example_local_kubernetes_executor.py took 0.014 seconds
[2026-05-29T10:36:50.811+0200] {processor.py:157} INFO - Started process (PID=713554) to work on /home/frederic/airflow_venv/lib/python3.10/site-packages/airflow/example_dags/example_local_kubernetes_executor.py
[2026-05-29T10:36:50.812+0200] {processor.py:829} INFO - Processing file /home/frederic/airflow_venv/lib/python3.10/site-packages/airflow/example_dags/example_local_kubernetes_executor.py for tasks to queue
[2026-05-29T10:36:50.813+0200] {logging_mixin.py:151} INFO - [2026-05-29T10:36:50.812+0200] {dagbag.py:539} INFO - Filling up the DagBag from /home/frederic/airflow_venv/lib/python3.10/site-packages/airflow/example_dags/example_local_kubernetes_executor.py
[2026-05-29T10:36:50.815+0200] {logging_mixin.py:151} INFO - [2026-05-29T10:36:50.815+0200] {example_local_kubernetes_executor.py:39} WARNING - Could not import DAGs in example_local_kubernetes_executor.py
Traceback (most recent call last):
  File "/home/frederic/airflow_venv/lib/python3.10/site-packages/airflow/example_dags/example_local_kubernetes_executor.py", line 37, in <module>
    from kubernetes.client import models as k8s
ModuleNotFoundError: No module named 'kubernetes'
[2026-05-29T10:36:50.815+0200] {logging_mixin.py:151} INFO - [2026-05-29T10:36:50.815+0200] {example_local_kubernetes_executor.py:40} WARNING - Install Kubernetes dependencies with: pip install apache-airflow[cncf.kubernetes]
[2026-05-29T10:36:50.816+0200] {processor.py:841} WARNING - No viable dags retrieved from /home/frederic/airflow_venv/lib/python3.10/site-packages/airflow/example_dags/example_local_kubernetes_executor.py
[2026-05-29T10:36:50.823+0200] {processor.py:179} INFO - Processing /home/frederic/airflow_venv/lib/python3.10/site-packages/airflow/example_dags/example_local_kubernetes_executor.py took 0.014 seconds
[2026-05-29T10:37:41.337+0200] {processor.py:157} INFO - Started process (PID=714295) to work on /home/frederic/airflow_venv/lib/python3.10/site-packages/airflow/example_dags/example_local_kubernetes_executor.py
[2026-05-29T10:37:41.338+0200] {processor.py:829} INFO - Processing file /home/frederic/airflow_venv/lib/python3.10/site-packages/airflow/example_dags/example_local_kubernetes_executor.py for tasks to queue
[2026-05-29T10:37:41.339+0200] {logging_mixin.py:151} INFO - [2026-05-29T10:37:41.339+0200] {dagbag.py:539} INFO - Filling up the DagBag from /home/frederic/airflow_venv/lib/python3.10/site-packages/airflow/example_dags/example_local_kubernetes_executor.py
[2026-05-29T10:37:41.342+0200] {logging_mixin.py:151} INFO - [2026-05-29T10:37:41.341+0200] {example_local_kubernetes_executor.py:39} WARNING - Could not import DAGs in example_local_kubernetes_executor.py
Traceback (most recent call last):
  File "/home/frederic/airflow_venv/lib/python3.10/site-packages/airflow/example_dags/example_local_kubernetes_executor.py", line 37, in <module>
    from kubernetes.client import models as k8s
ModuleNotFoundError: No module named 'kubernetes'
[2026-05-29T10:37:41.342+0200] {logging_mixin.py:151} INFO - [2026-05-29T10:37:41.342+0200] {example_local_kubernetes_executor.py:40} WARNING - Install Kubernetes dependencies with: pip install apache-airflow[cncf.kubernetes]
[2026-05-29T10:37:41.342+0200] {processor.py:841} WARNING - No viable dags retrieved from /home/frederic/airflow_venv/lib/python3.10/site-packages/airflow/example_dags/example_local_kubernetes_executor.py
[2026-05-29T10:37:41.350+0200] {processor.py:179} INFO - Processing /home/frederic/airflow_venv/lib/python3.10/site-packages/airflow/example_dags/example_local_kubernetes_executor.py took 0.015 seconds
[2026-05-29T10:38:26.453+0200] {processor.py:157} INFO - Started process (PID=714957) to work on /home/frederic/airflow_venv/lib/python3.10/site-packages/airflow/example_dags/example_local_kubernetes_executor.py
[2026-05-29T10:38:26.454+0200] {processor.py:829} INFO - Processing file /home/frederic/airflow_venv/lib/python3.10/site-packages/airflow/example_dags/example_local_kubernetes_executor.py for tasks to queue
[2026-05-29T10:38:26.455+0200] {logging_mixin.py:151} INFO - [2026-05-29T10:38:26.455+0200] {dagbag.py:539} INFO - Filling up the DagBag from /home/frederic/airflow_venv/lib/python3.10/site-packages/airflow/example_dags/example_local_kubernetes_executor.py
[2026-05-29T10:38:26.458+0200] {logging_mixin.py:151} INFO - [2026-05-29T10:38:26.457+0200] {example_local_kubernetes_executor.py:39} WARNING - Could not import DAGs in example_local_kubernetes_executor.py
Traceback (most recent call last):
  File "/home/frederic/airflow_venv/lib/python3.10/site-packages/airflow/example_dags/example_local_kubernetes_executor.py", line 37, in <module>
    from kubernetes.client import models as k8s
ModuleNotFoundError: No module named 'kubernetes'
[2026-05-29T10:38:26.458+0200] {logging_mixin.py:151} INFO - [2026-05-29T10:38:26.458+0200] {example_local_kubernetes_executor.py:40} WARNING - Install Kubernetes dependencies with: pip install apache-airflow[cncf.kubernetes]
[2026-05-29T10:38:26.458+0200] {processor.py:841} WARNING - No viable dags retrieved from /home/frederic/airflow_venv/lib/python3.10/site-packages/airflow/example_dags/example_local_kubernetes_executor.py
[2026-05-29T10:38:26.465+0200] {processor.py:179} INFO - Processing /home/frederic/airflow_venv/lib/python3.10/site-packages/airflow/example_dags/example_local_kubernetes_executor.py took 0.014 seconds
[2026-05-29T10:39:10.067+0200] {processor.py:157} INFO - Started process (PID=715648) to work on /home/frederic/airflow_venv/lib/python3.10/site-packages/airflow/example_dags/example_local_kubernetes_executor.py
[2026-05-29T10:39:10.068+0200] {processor.py:829} INFO - Processing file /home/frederic/airflow_venv/lib/python3.10/site-packages/airflow/example_dags/example_local_kubernetes_executor.py for tasks to queue
[2026-05-29T10:39:10.069+0200] {logging_mixin.py:151} INFO - [2026-05-29T10:39:10.069+0200] {dagbag.py:539} INFO - Filling up the DagBag from /home/frederic/airflow_venv/lib/python3.10/site-packages/airflow/example_dags/example_local_kubernetes_executor.py
[2026-05-29T10:39:10.072+0200] {logging_mixin.py:151} INFO - [2026-05-29T10:39:10.071+0200] {example_local_kubernetes_executor.py:39} WARNING - Could not import DAGs in example_local_kubernetes_executor.py
Traceback (most recent call last):
  File "/home/frederic/airflow_venv/lib/python3.10/site-packages/airflow/example_dags/example_local_kubernetes_executor.py", line 37, in <module>
    from kubernetes.client import models as k8s
ModuleNotFoundError: No module named 'kubernetes'
[2026-05-29T10:39:10.072+0200] {logging_mixin.py:151} INFO - [2026-05-29T10:39:10.072+0200] {example_local_kubernetes_executor.py:40} WARNING - Install Kubernetes dependencies with: pip install apache-airflow[cncf.kubernetes]
[2026-05-29T10:39:10.072+0200] {processor.py:841} WARNING - No viable dags retrieved from /home/frederic/airflow_venv/lib/python3.10/site-packages/airflow/example_dags/example_local_kubernetes_executor.py
[2026-05-29T10:39:10.083+0200] {processor.py:179} INFO - Processing /home/frederic/airflow_venv/lib/python3.10/site-packages/airflow/example_dags/example_local_kubernetes_executor.py took 0.020 seconds
[2026-05-29T10:39:57.778+0200] {processor.py:157} INFO - Started process (PID=716273) to work on /home/frederic/airflow_venv/lib/python3.10/site-packages/airflow/example_dags/example_local_kubernetes_executor.py
[2026-05-29T10:39:57.779+0200] {processor.py:829} INFO - Processing file /home/frederic/airflow_venv/lib/python3.10/site-packages/airflow/example_dags/example_local_kubernetes_executor.py for tasks to queue
[2026-05-29T10:39:57.780+0200] {logging_mixin.py:151} INFO - [2026-05-29T10:39:57.780+0200] {dagbag.py:539} INFO - Filling up the DagBag from /home/frederic/airflow_venv/lib/python3.10/site-packages/airflow/example_dags/example_local_kubernetes_executor.py
[2026-05-29T10:39:57.782+0200] {logging_mixin.py:151} INFO - [2026-05-29T10:39:57.782+0200] {example_local_kubernetes_executor.py:39} WARNING - Could not import DAGs in example_local_kubernetes_executor.py
Traceback (most recent call last):
  File "/home/frederic/airflow_venv/lib/python3.10/site-packages/airflow/example_dags/example_local_kubernetes_executor.py", line 37, in <module>
    from kubernetes.client import models as k8s
ModuleNotFoundError: No module named 'kubernetes'
[2026-05-29T10:39:57.783+0200] {logging_mixin.py:151} INFO - [2026-05-29T10:39:57.782+0200] {example_local_kubernetes_executor.py:40} WARNING - Install Kubernetes dependencies with: pip install apache-airflow[cncf.kubernetes]
[2026-05-29T10:39:57.783+0200] {processor.py:841} WARNING - No viable dags retrieved from /home/frederic/airflow_venv/lib/python3.10/site-packages/airflow/example_dags/example_local_kubernetes_executor.py
[2026-05-29T10:39:57.789+0200] {processor.py:179} INFO - Processing /home/frederic/airflow_venv/lib/python3.10/site-packages/airflow/example_dags/example_local_kubernetes_executor.py took 0.013 seconds
[2026-05-29T10:40:41.314+0200] {processor.py:157} INFO - Started process (PID=716727) to work on /home/frederic/airflow_venv/lib/python3.10/site-packages/airflow/example_dags/example_local_kubernetes_executor.py
[2026-05-29T10:40:41.315+0200] {processor.py:829} INFO - Processing file /home/frederic/airflow_venv/lib/python3.10/site-packages/airflow/example_dags/example_local_kubernetes_executor.py for tasks to queue
[2026-05-29T10:40:41.316+0200] {logging_mixin.py:151} INFO - [2026-05-29T10:40:41.316+0200] {dagbag.py:539} INFO - Filling up the DagBag from /home/frederic/airflow_venv/lib/python3.10/site-packages/airflow/example_dags/example_local_kubernetes_executor.py
[2026-05-29T10:40:41.319+0200] {logging_mixin.py:151} INFO - [2026-05-29T10:40:41.318+0200] {example_local_kubernetes_executor.py:39} WARNING - Could not import DAGs in example_local_kubernetes_executor.py
Traceback (most recent call last):
  File "/home/frederic/airflow_venv/lib/python3.10/site-packages/airflow/example_dags/example_local_kubernetes_executor.py", line 37, in <module>
    from kubernetes.client import models as k8s
ModuleNotFoundError: No module named 'kubernetes'
[2026-05-29T10:40:41.319+0200] {logging_mixin.py:151} INFO - [2026-05-29T10:40:41.319+0200] {example_local_kubernetes_executor.py:40} WARNING - Install Kubernetes dependencies with: pip install apache-airflow[cncf.kubernetes]
[2026-05-29T10:40:41.319+0200] {processor.py:841} WARNING - No viable dags retrieved from /home/frederic/airflow_venv/lib/python3.10/site-packages/airflow/example_dags/example_local_kubernetes_executor.py
[2026-05-29T10:40:41.326+0200] {processor.py:179} INFO - Processing /home/frederic/airflow_venv/lib/python3.10/site-packages/airflow/example_dags/example_local_kubernetes_executor.py took 0.015 seconds
[2026-05-29T10:41:27.853+0200] {processor.py:157} INFO - Started process (PID=717256) to work on /home/frederic/airflow_venv/lib/python3.10/site-packages/airflow/example_dags/example_local_kubernetes_executor.py
[2026-05-29T10:41:27.854+0200] {processor.py:829} INFO - Processing file /home/frederic/airflow_venv/lib/python3.10/site-packages/airflow/example_dags/example_local_kubernetes_executor.py for tasks to queue
[2026-05-29T10:41:27.855+0200] {logging_mixin.py:151} INFO - [2026-05-29T10:41:27.855+0200] {dagbag.py:539} INFO - Filling up the DagBag from /home/frederic/airflow_venv/lib/python3.10/site-packages/airflow/example_dags/example_local_kubernetes_executor.py
[2026-05-29T10:41:27.857+0200] {logging_mixin.py:151} INFO - [2026-05-29T10:41:27.857+0200] {example_local_kubernetes_executor.py:39} WARNING - Could not import DAGs in example_local_kubernetes_executor.py
Traceback (most recent call last):
  File "/home/frederic/airflow_venv/lib/python3.10/site-packages/airflow/example_dags/example_local_kubernetes_executor.py", line 37, in <module>
    from kubernetes.client import models as k8s
ModuleNotFoundError: No module named 'kubernetes'
[2026-05-29T10:41:27.858+0200] {logging_mixin.py:151} INFO - [2026-05-29T10:41:27.857+0200] {example_local_kubernetes_executor.py:40} WARNING - Install Kubernetes dependencies with: pip install apache-airflow[cncf.kubernetes]
[2026-05-29T10:41:27.858+0200] {processor.py:841} WARNING - No viable dags retrieved from /home/frederic/airflow_venv/lib/python3.10/site-packages/airflow/example_dags/example_local_kubernetes_executor.py
[2026-05-29T10:41:27.869+0200] {processor.py:179} INFO - Processing /home/frederic/airflow_venv/lib/python3.10/site-packages/airflow/example_dags/example_local_kubernetes_executor.py took 0.019 seconds
[2026-05-29T10:42:14.244+0200] {processor.py:157} INFO - Started process (PID=717720) to work on /home/frederic/airflow_venv/lib/python3.10/site-packages/airflow/example_dags/example_local_kubernetes_executor.py
[2026-05-29T10:42:14.245+0200] {processor.py:829} INFO - Processing file /home/frederic/airflow_venv/lib/python3.10/site-packages/airflow/example_dags/example_local_kubernetes_executor.py for tasks to queue
[2026-05-29T10:42:14.246+0200] {logging_mixin.py:151} INFO - [2026-05-29T10:42:14.246+0200] {dagbag.py:539} INFO - Filling up the DagBag from /home/frederic/airflow_venv/lib/python3.10/site-packages/airflow/example_dags/example_local_kubernetes_executor.py
[2026-05-29T10:42:14.249+0200] {logging_mixin.py:151} INFO - [2026-05-29T10:42:14.248+0200] {example_local_kubernetes_executor.py:39} WARNING - Could not import DAGs in example_local_kubernetes_executor.py
Traceback (most recent call last):
  File "/home/frederic/airflow_venv/lib/python3.10/site-packages/airflow/example_dags/example_local_kubernetes_executor.py", line 37, in <module>
    from kubernetes.client import models as k8s
ModuleNotFoundError: No module named 'kubernetes'
[2026-05-29T10:42:14.249+0200] {logging_mixin.py:151} INFO - [2026-05-29T10:42:14.249+0200] {example_local_kubernetes_executor.py:40} WARNING - Install Kubernetes dependencies with: pip install apache-airflow[cncf.kubernetes]
[2026-05-29T10:42:14.249+0200] {processor.py:841} WARNING - No viable dags retrieved from /home/frederic/airflow_venv/lib/python3.10/site-packages/airflow/example_dags/example_local_kubernetes_executor.py
[2026-05-29T10:42:14.258+0200] {processor.py:179} INFO - Processing /home/frederic/airflow_venv/lib/python3.10/site-packages/airflow/example_dags/example_local_kubernetes_executor.py took 0.016 seconds
[2026-05-29T10:43:01.194+0200] {processor.py:157} INFO - Started process (PID=718174) to work on /home/frederic/airflow_venv/lib/python3.10/site-packages/airflow/example_dags/example_local_kubernetes_executor.py
[2026-05-29T10:43:01.195+0200] {processor.py:829} INFO - Processing file /home/frederic/airflow_venv/lib/python3.10/site-packages/airflow/example_dags/example_local_kubernetes_executor.py for tasks to queue
[2026-05-29T10:43:01.196+0200] {logging_mixin.py:151} INFO - [2026-05-29T10:43:01.195+0200] {dagbag.py:539} INFO - Filling up the DagBag from /home/frederic/airflow_venv/lib/python3.10/site-packages/airflow/example_dags/example_local_kubernetes_executor.py
[2026-05-29T10:43:01.198+0200] {logging_mixin.py:151} INFO - [2026-05-29T10:43:01.198+0200] {example_local_kubernetes_executor.py:39} WARNING - Could not import DAGs in example_local_kubernetes_executor.py
Traceback (most recent call last):
  File "/home/frederic/airflow_venv/lib/python3.10/site-packages/airflow/example_dags/example_local_kubernetes_executor.py", line 37, in <module>
    from kubernetes.client import models as k8s
ModuleNotFoundError: No module named 'kubernetes'
[2026-05-29T10:43:01.199+0200] {logging_mixin.py:151} INFO - [2026-05-29T10:43:01.198+0200] {example_local_kubernetes_executor.py:40} WARNING - Install Kubernetes dependencies with: pip install apache-airflow[cncf.kubernetes]
[2026-05-29T10:43:01.199+0200] {processor.py:841} WARNING - No viable dags retrieved from /home/frederic/airflow_venv/lib/python3.10/site-packages/airflow/example_dags/example_local_kubernetes_executor.py
[2026-05-29T10:43:01.207+0200] {processor.py:179} INFO - Processing /home/frederic/airflow_venv/lib/python3.10/site-packages/airflow/example_dags/example_local_kubernetes_executor.py took 0.016 seconds
[2026-05-29T10:43:44.002+0200] {processor.py:157} INFO - Started process (PID=718686) to work on /home/frederic/airflow_venv/lib/python3.10/site-packages/airflow/example_dags/example_local_kubernetes_executor.py
[2026-05-29T10:43:44.003+0200] {processor.py:829} INFO - Processing file /home/frederic/airflow_venv/lib/python3.10/site-packages/airflow/example_dags/example_local_kubernetes_executor.py for tasks to queue
[2026-05-29T10:43:44.004+0200] {logging_mixin.py:151} INFO - [2026-05-29T10:43:44.004+0200] {dagbag.py:539} INFO - Filling up the DagBag from /home/frederic/airflow_venv/lib/python3.10/site-packages/airflow/example_dags/example_local_kubernetes_executor.py
[2026-05-29T10:43:44.007+0200] {logging_mixin.py:151} INFO - [2026-05-29T10:43:44.006+0200] {example_local_kubernetes_executor.py:39} WARNING - Could not import DAGs in example_local_kubernetes_executor.py
Traceback (most recent call last):
  File "/home/frederic/airflow_venv/lib/python3.10/site-packages/airflow/example_dags/example_local_kubernetes_executor.py", line 37, in <module>
    from kubernetes.client import models as k8s
ModuleNotFoundError: No module named 'kubernetes'
[2026-05-29T10:43:44.007+0200] {logging_mixin.py:151} INFO - [2026-05-29T10:43:44.007+0200] {example_local_kubernetes_executor.py:40} WARNING - Install Kubernetes dependencies with: pip install apache-airflow[cncf.kubernetes]
[2026-05-29T10:43:44.007+0200] {processor.py:841} WARNING - No viable dags retrieved from /home/frederic/airflow_venv/lib/python3.10/site-packages/airflow/example_dags/example_local_kubernetes_executor.py
[2026-05-29T10:43:44.015+0200] {processor.py:179} INFO - Processing /home/frederic/airflow_venv/lib/python3.10/site-packages/airflow/example_dags/example_local_kubernetes_executor.py took 0.015 seconds
[2026-05-29T10:44:29.154+0200] {processor.py:157} INFO - Started process (PID=719234) to work on /home/frederic/airflow_venv/lib/python3.10/site-packages/airflow/example_dags/example_local_kubernetes_executor.py
[2026-05-29T10:44:29.154+0200] {processor.py:829} INFO - Processing file /home/frederic/airflow_venv/lib/python3.10/site-packages/airflow/example_dags/example_local_kubernetes_executor.py for tasks to queue
[2026-05-29T10:44:29.155+0200] {logging_mixin.py:151} INFO - [2026-05-29T10:44:29.155+0200] {dagbag.py:539} INFO - Filling up the DagBag from /home/frederic/airflow_venv/lib/python3.10/site-packages/airflow/example_dags/example_local_kubernetes_executor.py
[2026-05-29T10:44:29.158+0200] {logging_mixin.py:151} INFO - [2026-05-29T10:44:29.157+0200] {example_local_kubernetes_executor.py:39} WARNING - Could not import DAGs in example_local_kubernetes_executor.py
Traceback (most recent call last):
  File "/home/frederic/airflow_venv/lib/python3.10/site-packages/airflow/example_dags/example_local_kubernetes_executor.py", line 37, in <module>
    from kubernetes.client import models as k8s
ModuleNotFoundError: No module named 'kubernetes'
[2026-05-29T10:44:29.158+0200] {logging_mixin.py:151} INFO - [2026-05-29T10:44:29.158+0200] {example_local_kubernetes_executor.py:40} WARNING - Install Kubernetes dependencies with: pip install apache-airflow[cncf.kubernetes]
[2026-05-29T10:44:29.158+0200] {processor.py:841} WARNING - No viable dags retrieved from /home/frederic/airflow_venv/lib/python3.10/site-packages/airflow/example_dags/example_local_kubernetes_executor.py
[2026-05-29T10:44:29.166+0200] {processor.py:179} INFO - Processing /home/frederic/airflow_venv/lib/python3.10/site-packages/airflow/example_dags/example_local_kubernetes_executor.py took 0.015 seconds
[2026-05-29T10:45:18.701+0200] {processor.py:157} INFO - Started process (PID=720028) to work on /home/frederic/airflow_venv/lib/python3.10/site-packages/airflow/example_dags/example_local_kubernetes_executor.py
[2026-05-29T10:45:18.702+0200] {processor.py:829} INFO - Processing file /home/frederic/airflow_venv/lib/python3.10/site-packages/airflow/example_dags/example_local_kubernetes_executor.py for tasks to queue
[2026-05-29T10:45:18.703+0200] {logging_mixin.py:151} INFO - [2026-05-29T10:45:18.702+0200] {dagbag.py:539} INFO - Filling up the DagBag from /home/frederic/airflow_venv/lib/python3.10/site-packages/airflow/example_dags/example_local_kubernetes_executor.py
[2026-05-29T10:45:18.706+0200] {logging_mixin.py:151} INFO - [2026-05-29T10:45:18.706+0200] {example_local_kubernetes_executor.py:39} WARNING - Could not import DAGs in example_local_kubernetes_executor.py
Traceback (most recent call last):
  File "/home/frederic/airflow_venv/lib/python3.10/site-packages/airflow/example_dags/example_local_kubernetes_executor.py", line 37, in <module>
    from kubernetes.client import models as k8s
ModuleNotFoundError: No module named 'kubernetes'
[2026-05-29T10:45:18.707+0200] {logging_mixin.py:151} INFO - [2026-05-29T10:45:18.706+0200] {example_local_kubernetes_executor.py:40} WARNING - Install Kubernetes dependencies with: pip install apache-airflow[cncf.kubernetes]
[2026-05-29T10:45:18.707+0200] {processor.py:841} WARNING - No viable dags retrieved from /home/frederic/airflow_venv/lib/python3.10/site-packages/airflow/example_dags/example_local_kubernetes_executor.py
[2026-05-29T10:45:18.714+0200] {processor.py:179} INFO - Processing /home/frederic/airflow_venv/lib/python3.10/site-packages/airflow/example_dags/example_local_kubernetes_executor.py took 0.016 seconds
[2026-05-29T10:46:03.607+0200] {processor.py:157} INFO - Started process (PID=720485) to work on /home/frederic/airflow_venv/lib/python3.10/site-packages/airflow/example_dags/example_local_kubernetes_executor.py
[2026-05-29T10:46:03.608+0200] {processor.py:829} INFO - Processing file /home/frederic/airflow_venv/lib/python3.10/site-packages/airflow/example_dags/example_local_kubernetes_executor.py for tasks to queue
[2026-05-29T10:46:03.609+0200] {logging_mixin.py:151} INFO - [2026-05-29T10:46:03.609+0200] {dagbag.py:539} INFO - Filling up the DagBag from /home/frederic/airflow_venv/lib/python3.10/site-packages/airflow/example_dags/example_local_kubernetes_executor.py
[2026-05-29T10:46:03.613+0200] {logging_mixin.py:151} INFO - [2026-05-29T10:46:03.612+0200] {example_local_kubernetes_executor.py:39} WARNING - Could not import DAGs in example_local_kubernetes_executor.py
Traceback (most recent call last):
  File "/home/frederic/airflow_venv/lib/python3.10/site-packages/airflow/example_dags/example_local_kubernetes_executor.py", line 37, in <module>
    from kubernetes.client import models as k8s
ModuleNotFoundError: No module named 'kubernetes'
[2026-05-29T10:46:03.613+0200] {logging_mixin.py:151} INFO - [2026-05-29T10:46:03.613+0200] {example_local_kubernetes_executor.py:40} WARNING - Install Kubernetes dependencies with: pip install apache-airflow[cncf.kubernetes]
[2026-05-29T10:46:03.613+0200] {processor.py:841} WARNING - No viable dags retrieved from /home/frederic/airflow_venv/lib/python3.10/site-packages/airflow/example_dags/example_local_kubernetes_executor.py
[2026-05-29T10:46:03.621+0200] {processor.py:179} INFO - Processing /home/frederic/airflow_venv/lib/python3.10/site-packages/airflow/example_dags/example_local_kubernetes_executor.py took 0.016 seconds
[2026-05-29T10:46:54.483+0200] {processor.py:157} INFO - Started process (PID=721042) to work on /home/frederic/airflow_venv/lib/python3.10/site-packages/airflow/example_dags/example_local_kubernetes_executor.py
[2026-05-29T10:46:54.484+0200] {processor.py:829} INFO - Processing file /home/frederic/airflow_venv/lib/python3.10/site-packages/airflow/example_dags/example_local_kubernetes_executor.py for tasks to queue
[2026-05-29T10:46:54.484+0200] {logging_mixin.py:151} INFO - [2026-05-29T10:46:54.484+0200] {dagbag.py:539} INFO - Filling up the DagBag from /home/frederic/airflow_venv/lib/python3.10/site-packages/airflow/example_dags/example_local_kubernetes_executor.py
[2026-05-29T10:46:54.487+0200] {logging_mixin.py:151} INFO - [2026-05-29T10:46:54.487+0200] {example_local_kubernetes_executor.py:39} WARNING - Could not import DAGs in example_local_kubernetes_executor.py
Traceback (most recent call last):
  File "/home/frederic/airflow_venv/lib/python3.10/site-packages/airflow/example_dags/example_local_kubernetes_executor.py", line 37, in <module>
    from kubernetes.client import models as k8s
ModuleNotFoundError: No module named 'kubernetes'
[2026-05-29T10:46:54.487+0200] {logging_mixin.py:151} INFO - [2026-05-29T10:46:54.487+0200] {example_local_kubernetes_executor.py:40} WARNING - Install Kubernetes dependencies with: pip install apache-airflow[cncf.kubernetes]
[2026-05-29T10:46:54.487+0200] {processor.py:841} WARNING - No viable dags retrieved from /home/frederic/airflow_venv/lib/python3.10/site-packages/airflow/example_dags/example_local_kubernetes_executor.py
[2026-05-29T10:46:54.494+0200] {processor.py:179} INFO - Processing /home/frederic/airflow_venv/lib/python3.10/site-packages/airflow/example_dags/example_local_kubernetes_executor.py took 0.014 seconds
[2026-05-29T10:47:44.790+0200] {processor.py:157} INFO - Started process (PID=722042) to work on /home/frederic/airflow_venv/lib/python3.10/site-packages/airflow/example_dags/example_local_kubernetes_executor.py
[2026-05-29T10:47:44.791+0200] {processor.py:829} INFO - Processing file /home/frederic/airflow_venv/lib/python3.10/site-packages/airflow/example_dags/example_local_kubernetes_executor.py for tasks to queue
[2026-05-29T10:47:44.792+0200] {logging_mixin.py:151} INFO - [2026-05-29T10:47:44.792+0200] {dagbag.py:539} INFO - Filling up the DagBag from /home/frederic/airflow_venv/lib/python3.10/site-packages/airflow/example_dags/example_local_kubernetes_executor.py
[2026-05-29T10:47:44.795+0200] {logging_mixin.py:151} INFO - [2026-05-29T10:47:44.794+0200] {example_local_kubernetes_executor.py:39} WARNING - Could not import DAGs in example_local_kubernetes_executor.py
Traceback (most recent call last):
  File "/home/frederic/airflow_venv/lib/python3.10/site-packages/airflow/example_dags/example_local_kubernetes_executor.py", line 37, in <module>
    from kubernetes.client import models as k8s
ModuleNotFoundError: No module named 'kubernetes'
[2026-05-29T10:47:44.795+0200] {logging_mixin.py:151} INFO - [2026-05-29T10:47:44.795+0200] {example_local_kubernetes_executor.py:40} WARNING - Install Kubernetes dependencies with: pip install apache-airflow[cncf.kubernetes]
[2026-05-29T10:47:44.795+0200] {processor.py:841} WARNING - No viable dags retrieved from /home/frederic/airflow_venv/lib/python3.10/site-packages/airflow/example_dags/example_local_kubernetes_executor.py
[2026-05-29T10:47:44.803+0200] {processor.py:179} INFO - Processing /home/frederic/airflow_venv/lib/python3.10/site-packages/airflow/example_dags/example_local_kubernetes_executor.py took 0.015 seconds
[2026-05-29T10:48:27.259+0200] {processor.py:157} INFO - Started process (PID=722560) to work on /home/frederic/airflow_venv/lib/python3.10/site-packages/airflow/example_dags/example_local_kubernetes_executor.py
[2026-05-29T10:48:27.260+0200] {processor.py:829} INFO - Processing file /home/frederic/airflow_venv/lib/python3.10/site-packages/airflow/example_dags/example_local_kubernetes_executor.py for tasks to queue
[2026-05-29T10:48:27.261+0200] {logging_mixin.py:151} INFO - [2026-05-29T10:48:27.261+0200] {dagbag.py:539} INFO - Filling up the DagBag from /home/frederic/airflow_venv/lib/python3.10/site-packages/airflow/example_dags/example_local_kubernetes_executor.py
[2026-05-29T10:48:27.264+0200] {logging_mixin.py:151} INFO - [2026-05-29T10:48:27.263+0200] {example_local_kubernetes_executor.py:39} WARNING - Could not import DAGs in example_local_kubernetes_executor.py
Traceback (most recent call last):
  File "/home/frederic/airflow_venv/lib/python3.10/site-packages/airflow/example_dags/example_local_kubernetes_executor.py", line 37, in <module>
    from kubernetes.client import models as k8s
ModuleNotFoundError: No module named 'kubernetes'
[2026-05-29T10:48:27.264+0200] {logging_mixin.py:151} INFO - [2026-05-29T10:48:27.264+0200] {example_local_kubernetes_executor.py:40} WARNING - Install Kubernetes dependencies with: pip install apache-airflow[cncf.kubernetes]
[2026-05-29T10:48:27.264+0200] {processor.py:841} WARNING - No viable dags retrieved from /home/frederic/airflow_venv/lib/python3.10/site-packages/airflow/example_dags/example_local_kubernetes_executor.py
[2026-05-29T10:48:27.272+0200] {processor.py:179} INFO - Processing /home/frederic/airflow_venv/lib/python3.10/site-packages/airflow/example_dags/example_local_kubernetes_executor.py took 0.015 seconds
[2026-05-29T10:49:13.699+0200] {processor.py:157} INFO - Started process (PID=723082) to work on /home/frederic/airflow_venv/lib/python3.10/site-packages/airflow/example_dags/example_local_kubernetes_executor.py
[2026-05-29T10:49:13.700+0200] {processor.py:829} INFO - Processing file /home/frederic/airflow_venv/lib/python3.10/site-packages/airflow/example_dags/example_local_kubernetes_executor.py for tasks to queue
[2026-05-29T10:49:13.701+0200] {logging_mixin.py:151} INFO - [2026-05-29T10:49:13.701+0200] {dagbag.py:539} INFO - Filling up the DagBag from /home/frederic/airflow_venv/lib/python3.10/site-packages/airflow/example_dags/example_local_kubernetes_executor.py
[2026-05-29T10:49:13.704+0200] {logging_mixin.py:151} INFO - [2026-05-29T10:49:13.703+0200] {example_local_kubernetes_executor.py:39} WARNING - Could not import DAGs in example_local_kubernetes_executor.py
Traceback (most recent call last):
  File "/home/frederic/airflow_venv/lib/python3.10/site-packages/airflow/example_dags/example_local_kubernetes_executor.py", line 37, in <module>
    from kubernetes.client import models as k8s
ModuleNotFoundError: No module named 'kubernetes'
[2026-05-29T10:49:13.705+0200] {logging_mixin.py:151} INFO - [2026-05-29T10:49:13.704+0200] {example_local_kubernetes_executor.py:40} WARNING - Install Kubernetes dependencies with: pip install apache-airflow[cncf.kubernetes]
[2026-05-29T10:49:13.705+0200] {processor.py:841} WARNING - No viable dags retrieved from /home/frederic/airflow_venv/lib/python3.10/site-packages/airflow/example_dags/example_local_kubernetes_executor.py
[2026-05-29T10:49:13.713+0200] {processor.py:179} INFO - Processing /home/frederic/airflow_venv/lib/python3.10/site-packages/airflow/example_dags/example_local_kubernetes_executor.py took 0.016 seconds
[2026-05-29T10:50:01.759+0200] {processor.py:157} INFO - Started process (PID=723517) to work on /home/frederic/airflow_venv/lib/python3.10/site-packages/airflow/example_dags/example_local_kubernetes_executor.py
[2026-05-29T10:50:01.760+0200] {processor.py:829} INFO - Processing file /home/frederic/airflow_venv/lib/python3.10/site-packages/airflow/example_dags/example_local_kubernetes_executor.py for tasks to queue
[2026-05-29T10:50:01.761+0200] {logging_mixin.py:151} INFO - [2026-05-29T10:50:01.760+0200] {dagbag.py:539} INFO - Filling up the DagBag from /home/frederic/airflow_venv/lib/python3.10/site-packages/airflow/example_dags/example_local_kubernetes_executor.py
[2026-05-29T10:50:01.764+0200] {logging_mixin.py:151} INFO - [2026-05-29T10:50:01.763+0200] {example_local_kubernetes_executor.py:39} WARNING - Could not import DAGs in example_local_kubernetes_executor.py
Traceback (most recent call last):
  File "/home/frederic/airflow_venv/lib/python3.10/site-packages/airflow/example_dags/example_local_kubernetes_executor.py", line 37, in <module>
    from kubernetes.client import models as k8s
ModuleNotFoundError: No module named 'kubernetes'
[2026-05-29T10:50:01.764+0200] {logging_mixin.py:151} INFO - [2026-05-29T10:50:01.764+0200] {example_local_kubernetes_executor.py:40} WARNING - Install Kubernetes dependencies with: pip install apache-airflow[cncf.kubernetes]
[2026-05-29T10:50:01.765+0200] {processor.py:841} WARNING - No viable dags retrieved from /home/frederic/airflow_venv/lib/python3.10/site-packages/airflow/example_dags/example_local_kubernetes_executor.py
[2026-05-29T10:50:01.773+0200] {processor.py:179} INFO - Processing /home/frederic/airflow_venv/lib/python3.10/site-packages/airflow/example_dags/example_local_kubernetes_executor.py took 0.016 seconds
[2026-05-29T10:50:48.742+0200] {processor.py:157} INFO - Started process (PID=723997) to work on /home/frederic/airflow_venv/lib/python3.10/site-packages/airflow/example_dags/example_local_kubernetes_executor.py
[2026-05-29T10:50:48.743+0200] {processor.py:829} INFO - Processing file /home/frederic/airflow_venv/lib/python3.10/site-packages/airflow/example_dags/example_local_kubernetes_executor.py for tasks to queue
[2026-05-29T10:50:48.744+0200] {logging_mixin.py:151} INFO - [2026-05-29T10:50:48.743+0200] {dagbag.py:539} INFO - Filling up the DagBag from /home/frederic/airflow_venv/lib/python3.10/site-packages/airflow/example_dags/example_local_kubernetes_executor.py
[2026-05-29T10:50:48.747+0200] {logging_mixin.py:151} INFO - [2026-05-29T10:50:48.746+0200] {example_local_kubernetes_executor.py:39} WARNING - Could not import DAGs in example_local_kubernetes_executor.py
Traceback (most recent call last):
  File "/home/frederic/airflow_venv/lib/python3.10/site-packages/airflow/example_dags/example_local_kubernetes_executor.py", line 37, in <module>
    from kubernetes.client import models as k8s
ModuleNotFoundError: No module named 'kubernetes'
[2026-05-29T10:50:48.747+0200] {logging_mixin.py:151} INFO - [2026-05-29T10:50:48.747+0200] {example_local_kubernetes_executor.py:40} WARNING - Install Kubernetes dependencies with: pip install apache-airflow[cncf.kubernetes]
[2026-05-29T10:50:48.747+0200] {processor.py:841} WARNING - No viable dags retrieved from /home/frederic/airflow_venv/lib/python3.10/site-packages/airflow/example_dags/example_local_kubernetes_executor.py
[2026-05-29T10:50:48.754+0200] {processor.py:179} INFO - Processing /home/frederic/airflow_venv/lib/python3.10/site-packages/airflow/example_dags/example_local_kubernetes_executor.py took 0.015 seconds
