[2026-05-29T02:00:11.283+0200] {processor.py:157} INFO - Started process (PID=633312) to work on /home/frederic/airflow_venv/lib/python3.10/site-packages/airflow/example_dags/example_trigger_controller_dag.py
[2026-05-29T02:00:11.284+0200] {processor.py:829} INFO - Processing file /home/frederic/airflow_venv/lib/python3.10/site-packages/airflow/example_dags/example_trigger_controller_dag.py for tasks to queue
[2026-05-29T02:00:11.285+0200] {logging_mixin.py:151} INFO - [2026-05-29T02:00:11.284+0200] {dagbag.py:539} INFO - Filling up the DagBag from /home/frederic/airflow_venv/lib/python3.10/site-packages/airflow/example_dags/example_trigger_controller_dag.py
[2026-05-29T02:00:11.289+0200] {processor.py:839} INFO - DAG(s) dict_keys(['example_trigger_controller_dag']) retrieved from /home/frederic/airflow_venv/lib/python3.10/site-packages/airflow/example_dags/example_trigger_controller_dag.py
[2026-05-29T02:00:11.304+0200] {logging_mixin.py:151} INFO - [2026-05-29T02:00:11.304+0200] {dag.py:2915} INFO - Sync 1 DAGs
[2026-05-29T02:00:11.322+0200] {logging_mixin.py:151} INFO - [2026-05-29T02:00:11.322+0200] {dag.py:3696} INFO - Setting next_dagrun for example_trigger_controller_dag to 2021-01-01T00:00:00+00:00, run_after=2021-01-01T00:00:00+00:00
[2026-05-29T02:00:11.341+0200] {processor.py:179} INFO - Processing /home/frederic/airflow_venv/lib/python3.10/site-packages/airflow/example_dags/example_trigger_controller_dag.py took 0.061 seconds
[2026-05-29T02:00:15.291+0200] {processor.py:157} INFO - Started process (PID=633427) to work on /home/frederic/airflow_venv/lib/python3.10/site-packages/airflow/example_dags/example_trigger_controller_dag.py
[2026-05-29T02:00:15.292+0200] {processor.py:829} INFO - Processing file /home/frederic/airflow_venv/lib/python3.10/site-packages/airflow/example_dags/example_trigger_controller_dag.py for tasks to queue
[2026-05-29T02:00:15.293+0200] {logging_mixin.py:151} INFO - [2026-05-29T02:00:15.293+0200] {dagbag.py:539} INFO - Filling up the DagBag from /home/frederic/airflow_venv/lib/python3.10/site-packages/airflow/example_dags/example_trigger_controller_dag.py
[2026-05-29T02:00:15.298+0200] {processor.py:839} INFO - DAG(s) dict_keys(['example_trigger_controller_dag']) retrieved from /home/frederic/airflow_venv/lib/python3.10/site-packages/airflow/example_dags/example_trigger_controller_dag.py
[2026-05-29T02:00:15.315+0200] {logging_mixin.py:151} INFO - [2026-05-29T02:00:15.315+0200] {dag.py:2915} INFO - Sync 1 DAGs
[2026-05-29T02:00:15.333+0200] {logging_mixin.py:151} INFO - [2026-05-29T02:00:15.333+0200] {dag.py:3696} INFO - Setting next_dagrun for example_trigger_controller_dag to 2021-01-01T00:00:00+00:00, run_after=2021-01-01T00:00:00+00:00
[2026-05-29T02:00:15.348+0200] {processor.py:179} INFO - Processing /home/frederic/airflow_venv/lib/python3.10/site-packages/airflow/example_dags/example_trigger_controller_dag.py took 0.060 seconds
[2026-05-29T02:00:55.405+0200] {processor.py:157} INFO - Started process (PID=634761) to work on /home/frederic/airflow_venv/lib/python3.10/site-packages/airflow/example_dags/example_trigger_controller_dag.py
[2026-05-29T02:00:55.406+0200] {processor.py:829} INFO - Processing file /home/frederic/airflow_venv/lib/python3.10/site-packages/airflow/example_dags/example_trigger_controller_dag.py for tasks to queue
[2026-05-29T02:00:55.407+0200] {logging_mixin.py:151} INFO - [2026-05-29T02:00:55.407+0200] {dagbag.py:539} INFO - Filling up the DagBag from /home/frederic/airflow_venv/lib/python3.10/site-packages/airflow/example_dags/example_trigger_controller_dag.py
[2026-05-29T02:00:55.413+0200] {processor.py:839} INFO - DAG(s) dict_keys(['example_trigger_controller_dag']) retrieved from /home/frederic/airflow_venv/lib/python3.10/site-packages/airflow/example_dags/example_trigger_controller_dag.py
[2026-05-29T02:00:55.429+0200] {logging_mixin.py:151} INFO - [2026-05-29T02:00:55.429+0200] {dag.py:2915} INFO - Sync 1 DAGs
[2026-05-29T02:00:55.446+0200] {logging_mixin.py:151} INFO - [2026-05-29T02:00:55.446+0200] {dag.py:3696} INFO - Setting next_dagrun for example_trigger_controller_dag to 2021-01-01T00:00:00+00:00, run_after=2021-01-01T00:00:00+00:00
[2026-05-29T02:00:55.464+0200] {processor.py:179} INFO - Processing /home/frederic/airflow_venv/lib/python3.10/site-packages/airflow/example_dags/example_trigger_controller_dag.py took 0.061 seconds
[2026-05-29T02:01:00.590+0200] {processor.py:157} INFO - Started process (PID=634850) to work on /home/frederic/airflow_venv/lib/python3.10/site-packages/airflow/example_dags/example_trigger_controller_dag.py
[2026-05-29T02:01:00.591+0200] {processor.py:829} INFO - Processing file /home/frederic/airflow_venv/lib/python3.10/site-packages/airflow/example_dags/example_trigger_controller_dag.py for tasks to queue
[2026-05-29T02:01:00.591+0200] {logging_mixin.py:151} INFO - [2026-05-29T02:01:00.591+0200] {dagbag.py:539} INFO - Filling up the DagBag from /home/frederic/airflow_venv/lib/python3.10/site-packages/airflow/example_dags/example_trigger_controller_dag.py
[2026-05-29T02:01:00.596+0200] {processor.py:839} INFO - DAG(s) dict_keys(['example_trigger_controller_dag']) retrieved from /home/frederic/airflow_venv/lib/python3.10/site-packages/airflow/example_dags/example_trigger_controller_dag.py
[2026-05-29T02:01:00.612+0200] {logging_mixin.py:151} INFO - [2026-05-29T02:01:00.611+0200] {dag.py:2915} INFO - Sync 1 DAGs
[2026-05-29T02:01:00.629+0200] {logging_mixin.py:151} INFO - [2026-05-29T02:01:00.629+0200] {dag.py:3696} INFO - Setting next_dagrun for example_trigger_controller_dag to 2021-01-01T00:00:00+00:00, run_after=2021-01-01T00:00:00+00:00
[2026-05-29T02:01:00.643+0200] {processor.py:179} INFO - Processing /home/frederic/airflow_venv/lib/python3.10/site-packages/airflow/example_dags/example_trigger_controller_dag.py took 0.056 seconds
[2026-05-29T02:01:39.152+0200] {processor.py:157} INFO - Started process (PID=635957) to work on /home/frederic/airflow_venv/lib/python3.10/site-packages/airflow/example_dags/example_trigger_controller_dag.py
[2026-05-29T02:01:39.154+0200] {processor.py:829} INFO - Processing file /home/frederic/airflow_venv/lib/python3.10/site-packages/airflow/example_dags/example_trigger_controller_dag.py for tasks to queue
[2026-05-29T02:01:39.155+0200] {logging_mixin.py:151} INFO - [2026-05-29T02:01:39.154+0200] {dagbag.py:539} INFO - Filling up the DagBag from /home/frederic/airflow_venv/lib/python3.10/site-packages/airflow/example_dags/example_trigger_controller_dag.py
[2026-05-29T02:01:39.159+0200] {processor.py:839} INFO - DAG(s) dict_keys(['example_trigger_controller_dag']) retrieved from /home/frederic/airflow_venv/lib/python3.10/site-packages/airflow/example_dags/example_trigger_controller_dag.py
[2026-05-29T02:01:39.170+0200] {logging_mixin.py:151} INFO - [2026-05-29T02:01:39.170+0200] {dag.py:2915} INFO - Sync 1 DAGs
[2026-05-29T02:01:39.185+0200] {logging_mixin.py:151} INFO - [2026-05-29T02:01:39.185+0200] {dag.py:3696} INFO - Setting next_dagrun for example_trigger_controller_dag to 2021-01-01T00:00:00+00:00, run_after=2021-01-01T00:00:00+00:00
[2026-05-29T02:01:39.202+0200] {processor.py:179} INFO - Processing /home/frederic/airflow_venv/lib/python3.10/site-packages/airflow/example_dags/example_trigger_controller_dag.py took 0.052 seconds
[2026-05-29T02:01:48.696+0200] {processor.py:157} INFO - Started process (PID=636223) to work on /home/frederic/airflow_venv/lib/python3.10/site-packages/airflow/example_dags/example_trigger_controller_dag.py
[2026-05-29T02:01:48.696+0200] {processor.py:829} INFO - Processing file /home/frederic/airflow_venv/lib/python3.10/site-packages/airflow/example_dags/example_trigger_controller_dag.py for tasks to queue
[2026-05-29T02:01:48.697+0200] {logging_mixin.py:151} INFO - [2026-05-29T02:01:48.697+0200] {dagbag.py:539} INFO - Filling up the DagBag from /home/frederic/airflow_venv/lib/python3.10/site-packages/airflow/example_dags/example_trigger_controller_dag.py
[2026-05-29T02:01:48.701+0200] {processor.py:839} INFO - DAG(s) dict_keys(['example_trigger_controller_dag']) retrieved from /home/frederic/airflow_venv/lib/python3.10/site-packages/airflow/example_dags/example_trigger_controller_dag.py
[2026-05-29T02:01:48.714+0200] {logging_mixin.py:151} INFO - [2026-05-29T02:01:48.714+0200] {dag.py:2915} INFO - Sync 1 DAGs
[2026-05-29T02:01:48.730+0200] {logging_mixin.py:151} INFO - [2026-05-29T02:01:48.730+0200] {dag.py:3696} INFO - Setting next_dagrun for example_trigger_controller_dag to 2021-01-01T00:00:00+00:00, run_after=2021-01-01T00:00:00+00:00
[2026-05-29T02:01:48.747+0200] {processor.py:179} INFO - Processing /home/frederic/airflow_venv/lib/python3.10/site-packages/airflow/example_dags/example_trigger_controller_dag.py took 0.053 seconds
[2026-05-29T02:02:22.758+0200] {processor.py:157} INFO - Started process (PID=637308) to work on /home/frederic/airflow_venv/lib/python3.10/site-packages/airflow/example_dags/example_trigger_controller_dag.py
[2026-05-29T02:02:22.759+0200] {processor.py:829} INFO - Processing file /home/frederic/airflow_venv/lib/python3.10/site-packages/airflow/example_dags/example_trigger_controller_dag.py for tasks to queue
[2026-05-29T02:02:22.760+0200] {logging_mixin.py:151} INFO - [2026-05-29T02:02:22.760+0200] {dagbag.py:539} INFO - Filling up the DagBag from /home/frederic/airflow_venv/lib/python3.10/site-packages/airflow/example_dags/example_trigger_controller_dag.py
[2026-05-29T02:02:22.765+0200] {processor.py:839} INFO - DAG(s) dict_keys(['example_trigger_controller_dag']) retrieved from /home/frederic/airflow_venv/lib/python3.10/site-packages/airflow/example_dags/example_trigger_controller_dag.py
[2026-05-29T02:02:22.783+0200] {logging_mixin.py:151} INFO - [2026-05-29T02:02:22.782+0200] {dag.py:2915} INFO - Sync 1 DAGs
[2026-05-29T02:02:22.807+0200] {logging_mixin.py:151} INFO - [2026-05-29T02:02:22.807+0200] {dag.py:3696} INFO - Setting next_dagrun for example_trigger_controller_dag to 2021-01-01T00:00:00+00:00, run_after=2021-01-01T00:00:00+00:00
[2026-05-29T02:02:22.826+0200] {processor.py:179} INFO - Processing /home/frederic/airflow_venv/lib/python3.10/site-packages/airflow/example_dags/example_trigger_controller_dag.py took 0.071 seconds
[2026-05-29T02:02:26.992+0200] {processor.py:157} INFO - Started process (PID=637392) to work on /home/frederic/airflow_venv/lib/python3.10/site-packages/airflow/example_dags/example_trigger_controller_dag.py
[2026-05-29T02:02:26.994+0200] {processor.py:829} INFO - Processing file /home/frederic/airflow_venv/lib/python3.10/site-packages/airflow/example_dags/example_trigger_controller_dag.py for tasks to queue
[2026-05-29T02:02:26.994+0200] {logging_mixin.py:151} INFO - [2026-05-29T02:02:26.994+0200] {dagbag.py:539} INFO - Filling up the DagBag from /home/frederic/airflow_venv/lib/python3.10/site-packages/airflow/example_dags/example_trigger_controller_dag.py
[2026-05-29T02:02:27.002+0200] {processor.py:839} INFO - DAG(s) dict_keys(['example_trigger_controller_dag']) retrieved from /home/frederic/airflow_venv/lib/python3.10/site-packages/airflow/example_dags/example_trigger_controller_dag.py
[2026-05-29T02:02:27.020+0200] {logging_mixin.py:151} INFO - [2026-05-29T02:02:27.020+0200] {dag.py:2915} INFO - Sync 1 DAGs
[2026-05-29T02:02:27.050+0200] {logging_mixin.py:151} INFO - [2026-05-29T02:02:27.050+0200] {dag.py:3696} INFO - Setting next_dagrun for example_trigger_controller_dag to 2021-01-01T00:00:00+00:00, run_after=2021-01-01T00:00:00+00:00
[2026-05-29T02:02:27.083+0200] {processor.py:179} INFO - Processing /home/frederic/airflow_venv/lib/python3.10/site-packages/airflow/example_dags/example_trigger_controller_dag.py took 0.094 seconds
[2026-05-29T02:03:14.044+0200] {processor.py:157} INFO - Started process (PID=638656) to work on /home/frederic/airflow_venv/lib/python3.10/site-packages/airflow/example_dags/example_trigger_controller_dag.py
[2026-05-29T02:03:14.045+0200] {processor.py:829} INFO - Processing file /home/frederic/airflow_venv/lib/python3.10/site-packages/airflow/example_dags/example_trigger_controller_dag.py for tasks to queue
[2026-05-29T02:03:14.046+0200] {logging_mixin.py:151} INFO - [2026-05-29T02:03:14.046+0200] {dagbag.py:539} INFO - Filling up the DagBag from /home/frederic/airflow_venv/lib/python3.10/site-packages/airflow/example_dags/example_trigger_controller_dag.py
[2026-05-29T02:03:14.052+0200] {processor.py:839} INFO - DAG(s) dict_keys(['example_trigger_controller_dag']) retrieved from /home/frederic/airflow_venv/lib/python3.10/site-packages/airflow/example_dags/example_trigger_controller_dag.py
[2026-05-29T02:03:14.069+0200] {logging_mixin.py:151} INFO - [2026-05-29T02:03:14.069+0200] {dag.py:2915} INFO - Sync 1 DAGs
[2026-05-29T02:03:14.086+0200] {logging_mixin.py:151} INFO - [2026-05-29T02:03:14.086+0200] {dag.py:3696} INFO - Setting next_dagrun for example_trigger_controller_dag to 2021-01-01T00:00:00+00:00, run_after=2021-01-01T00:00:00+00:00
[2026-05-29T02:03:14.102+0200] {processor.py:179} INFO - Processing /home/frederic/airflow_venv/lib/python3.10/site-packages/airflow/example_dags/example_trigger_controller_dag.py took 0.061 seconds
[2026-05-29T02:03:15.133+0200] {processor.py:157} INFO - Started process (PID=638721) to work on /home/frederic/airflow_venv/lib/python3.10/site-packages/airflow/example_dags/example_trigger_controller_dag.py
[2026-05-29T02:03:15.134+0200] {processor.py:829} INFO - Processing file /home/frederic/airflow_venv/lib/python3.10/site-packages/airflow/example_dags/example_trigger_controller_dag.py for tasks to queue
[2026-05-29T02:03:15.135+0200] {logging_mixin.py:151} INFO - [2026-05-29T02:03:15.134+0200] {dagbag.py:539} INFO - Filling up the DagBag from /home/frederic/airflow_venv/lib/python3.10/site-packages/airflow/example_dags/example_trigger_controller_dag.py
[2026-05-29T02:03:15.139+0200] {processor.py:839} INFO - DAG(s) dict_keys(['example_trigger_controller_dag']) retrieved from /home/frederic/airflow_venv/lib/python3.10/site-packages/airflow/example_dags/example_trigger_controller_dag.py
[2026-05-29T02:03:15.153+0200] {logging_mixin.py:151} INFO - [2026-05-29T02:03:15.152+0200] {dag.py:2915} INFO - Sync 1 DAGs
[2026-05-29T02:03:15.169+0200] {logging_mixin.py:151} INFO - [2026-05-29T02:03:15.169+0200] {dag.py:3696} INFO - Setting next_dagrun for example_trigger_controller_dag to 2021-01-01T00:00:00+00:00, run_after=2021-01-01T00:00:00+00:00
[2026-05-29T02:03:15.186+0200] {processor.py:179} INFO - Processing /home/frederic/airflow_venv/lib/python3.10/site-packages/airflow/example_dags/example_trigger_controller_dag.py took 0.056 seconds
[2026-05-29T09:58:10.102+0200] {processor.py:157} INFO - Started process (PID=681668) to work on /home/frederic/airflow_venv/lib/python3.10/site-packages/airflow/example_dags/example_trigger_controller_dag.py
[2026-05-29T09:58:10.103+0200] {processor.py:829} INFO - Processing file /home/frederic/airflow_venv/lib/python3.10/site-packages/airflow/example_dags/example_trigger_controller_dag.py for tasks to queue
[2026-05-29T09:58:10.104+0200] {logging_mixin.py:151} INFO - [2026-05-29T09:58:10.104+0200] {dagbag.py:539} INFO - Filling up the DagBag from /home/frederic/airflow_venv/lib/python3.10/site-packages/airflow/example_dags/example_trigger_controller_dag.py
[2026-05-29T09:58:10.109+0200] {processor.py:839} INFO - DAG(s) dict_keys(['example_trigger_controller_dag']) retrieved from /home/frederic/airflow_venv/lib/python3.10/site-packages/airflow/example_dags/example_trigger_controller_dag.py
[2026-05-29T09:58:10.115+0200] {logging_mixin.py:151} INFO - [2026-05-29T09:58:10.115+0200] {dag.py:2915} INFO - Sync 1 DAGs
[2026-05-29T09:58:10.137+0200] {logging_mixin.py:151} INFO - [2026-05-29T09:58:10.137+0200] {dag.py:3696} INFO - Setting next_dagrun for example_trigger_controller_dag to 2021-01-01T00:00:00+00:00, run_after=2021-01-01T00:00:00+00:00
[2026-05-29T09:58:10.154+0200] {processor.py:179} INFO - Processing /home/frederic/airflow_venv/lib/python3.10/site-packages/airflow/example_dags/example_trigger_controller_dag.py took 0.055 seconds
[2026-05-29T09:58:59.145+0200] {processor.py:157} INFO - Started process (PID=682640) to work on /home/frederic/airflow_venv/lib/python3.10/site-packages/airflow/example_dags/example_trigger_controller_dag.py
[2026-05-29T09:58:59.147+0200] {processor.py:829} INFO - Processing file /home/frederic/airflow_venv/lib/python3.10/site-packages/airflow/example_dags/example_trigger_controller_dag.py for tasks to queue
[2026-05-29T09:58:59.148+0200] {logging_mixin.py:151} INFO - [2026-05-29T09:58:59.147+0200] {dagbag.py:539} INFO - Filling up the DagBag from /home/frederic/airflow_venv/lib/python3.10/site-packages/airflow/example_dags/example_trigger_controller_dag.py
[2026-05-29T09:58:59.152+0200] {processor.py:839} INFO - DAG(s) dict_keys(['example_trigger_controller_dag']) retrieved from /home/frederic/airflow_venv/lib/python3.10/site-packages/airflow/example_dags/example_trigger_controller_dag.py
[2026-05-29T09:58:59.167+0200] {logging_mixin.py:151} INFO - [2026-05-29T09:58:59.167+0200] {dag.py:2915} INFO - Sync 1 DAGs
[2026-05-29T09:58:59.186+0200] {logging_mixin.py:151} INFO - [2026-05-29T09:58:59.185+0200] {dag.py:3696} INFO - Setting next_dagrun for example_trigger_controller_dag to 2021-01-01T00:00:00+00:00, run_after=2021-01-01T00:00:00+00:00
[2026-05-29T09:58:59.207+0200] {processor.py:179} INFO - Processing /home/frederic/airflow_venv/lib/python3.10/site-packages/airflow/example_dags/example_trigger_controller_dag.py took 0.065 seconds
[2026-05-29T09:59:40.054+0200] {processor.py:157} INFO - Started process (PID=683732) to work on /home/frederic/airflow_venv/lib/python3.10/site-packages/airflow/example_dags/example_trigger_controller_dag.py
[2026-05-29T09:59:40.056+0200] {processor.py:829} INFO - Processing file /home/frederic/airflow_venv/lib/python3.10/site-packages/airflow/example_dags/example_trigger_controller_dag.py for tasks to queue
[2026-05-29T09:59:40.056+0200] {logging_mixin.py:151} INFO - [2026-05-29T09:59:40.056+0200] {dagbag.py:539} INFO - Filling up the DagBag from /home/frederic/airflow_venv/lib/python3.10/site-packages/airflow/example_dags/example_trigger_controller_dag.py
[2026-05-29T09:59:40.061+0200] {processor.py:839} INFO - DAG(s) dict_keys(['example_trigger_controller_dag']) retrieved from /home/frederic/airflow_venv/lib/python3.10/site-packages/airflow/example_dags/example_trigger_controller_dag.py
[2026-05-29T09:59:40.076+0200] {logging_mixin.py:151} INFO - [2026-05-29T09:59:40.076+0200] {dag.py:2915} INFO - Sync 1 DAGs
[2026-05-29T09:59:40.095+0200] {logging_mixin.py:151} INFO - [2026-05-29T09:59:40.095+0200] {dag.py:3696} INFO - Setting next_dagrun for example_trigger_controller_dag to 2021-01-01T00:00:00+00:00, run_after=2021-01-01T00:00:00+00:00
[2026-05-29T09:59:40.117+0200] {processor.py:179} INFO - Processing /home/frederic/airflow_venv/lib/python3.10/site-packages/airflow/example_dags/example_trigger_controller_dag.py took 0.065 seconds
[2026-05-29T10:00:26.294+0200] {processor.py:157} INFO - Started process (PID=684407) to work on /home/frederic/airflow_venv/lib/python3.10/site-packages/airflow/example_dags/example_trigger_controller_dag.py
[2026-05-29T10:00:26.295+0200] {processor.py:829} INFO - Processing file /home/frederic/airflow_venv/lib/python3.10/site-packages/airflow/example_dags/example_trigger_controller_dag.py for tasks to queue
[2026-05-29T10:00:26.296+0200] {logging_mixin.py:151} INFO - [2026-05-29T10:00:26.296+0200] {dagbag.py:539} INFO - Filling up the DagBag from /home/frederic/airflow_venv/lib/python3.10/site-packages/airflow/example_dags/example_trigger_controller_dag.py
[2026-05-29T10:00:26.301+0200] {processor.py:839} INFO - DAG(s) dict_keys(['example_trigger_controller_dag']) retrieved from /home/frederic/airflow_venv/lib/python3.10/site-packages/airflow/example_dags/example_trigger_controller_dag.py
[2026-05-29T10:00:26.319+0200] {logging_mixin.py:151} INFO - [2026-05-29T10:00:26.318+0200] {dag.py:2915} INFO - Sync 1 DAGs
[2026-05-29T10:00:26.339+0200] {logging_mixin.py:151} INFO - [2026-05-29T10:00:26.339+0200] {dag.py:3696} INFO - Setting next_dagrun for example_trigger_controller_dag to 2021-01-01T00:00:00+00:00, run_after=2021-01-01T00:00:00+00:00
[2026-05-29T10:00:26.359+0200] {processor.py:179} INFO - Processing /home/frederic/airflow_venv/lib/python3.10/site-packages/airflow/example_dags/example_trigger_controller_dag.py took 0.067 seconds
[2026-05-29T10:01:15.376+0200] {processor.py:157} INFO - Started process (PID=685313) to work on /home/frederic/airflow_venv/lib/python3.10/site-packages/airflow/example_dags/example_trigger_controller_dag.py
[2026-05-29T10:01:15.380+0200] {processor.py:829} INFO - Processing file /home/frederic/airflow_venv/lib/python3.10/site-packages/airflow/example_dags/example_trigger_controller_dag.py for tasks to queue
[2026-05-29T10:01:15.381+0200] {logging_mixin.py:151} INFO - [2026-05-29T10:01:15.380+0200] {dagbag.py:539} INFO - Filling up the DagBag from /home/frederic/airflow_venv/lib/python3.10/site-packages/airflow/example_dags/example_trigger_controller_dag.py
[2026-05-29T10:01:15.388+0200] {processor.py:839} INFO - DAG(s) dict_keys(['example_trigger_controller_dag']) retrieved from /home/frederic/airflow_venv/lib/python3.10/site-packages/airflow/example_dags/example_trigger_controller_dag.py
[2026-05-29T10:01:15.409+0200] {logging_mixin.py:151} INFO - [2026-05-29T10:01:15.409+0200] {dag.py:2915} INFO - Sync 1 DAGs
[2026-05-29T10:01:15.439+0200] {logging_mixin.py:151} INFO - [2026-05-29T10:01:15.439+0200] {dag.py:3696} INFO - Setting next_dagrun for example_trigger_controller_dag to 2021-01-01T00:00:00+00:00, run_after=2021-01-01T00:00:00+00:00
[2026-05-29T10:01:15.474+0200] {processor.py:179} INFO - Processing /home/frederic/airflow_venv/lib/python3.10/site-packages/airflow/example_dags/example_trigger_controller_dag.py took 0.103 seconds
[2026-05-29T10:02:03.180+0200] {processor.py:157} INFO - Started process (PID=685930) to work on /home/frederic/airflow_venv/lib/python3.10/site-packages/airflow/example_dags/example_trigger_controller_dag.py
[2026-05-29T10:02:03.183+0200] {processor.py:829} INFO - Processing file /home/frederic/airflow_venv/lib/python3.10/site-packages/airflow/example_dags/example_trigger_controller_dag.py for tasks to queue
[2026-05-29T10:02:03.184+0200] {logging_mixin.py:151} INFO - [2026-05-29T10:02:03.184+0200] {dagbag.py:539} INFO - Filling up the DagBag from /home/frederic/airflow_venv/lib/python3.10/site-packages/airflow/example_dags/example_trigger_controller_dag.py
[2026-05-29T10:02:03.189+0200] {processor.py:839} INFO - DAG(s) dict_keys(['example_trigger_controller_dag']) retrieved from /home/frederic/airflow_venv/lib/python3.10/site-packages/airflow/example_dags/example_trigger_controller_dag.py
[2026-05-29T10:02:03.206+0200] {logging_mixin.py:151} INFO - [2026-05-29T10:02:03.206+0200] {dag.py:2915} INFO - Sync 1 DAGs
[2026-05-29T10:02:03.225+0200] {logging_mixin.py:151} INFO - [2026-05-29T10:02:03.225+0200] {dag.py:3696} INFO - Setting next_dagrun for example_trigger_controller_dag to 2021-01-01T00:00:00+00:00, run_after=2021-01-01T00:00:00+00:00
[2026-05-29T10:02:03.243+0200] {processor.py:179} INFO - Processing /home/frederic/airflow_venv/lib/python3.10/site-packages/airflow/example_dags/example_trigger_controller_dag.py took 0.066 seconds
[2026-05-29T10:02:48.467+0200] {processor.py:157} INFO - Started process (PID=686340) to work on /home/frederic/airflow_venv/lib/python3.10/site-packages/airflow/example_dags/example_trigger_controller_dag.py
[2026-05-29T10:02:48.470+0200] {processor.py:829} INFO - Processing file /home/frederic/airflow_venv/lib/python3.10/site-packages/airflow/example_dags/example_trigger_controller_dag.py for tasks to queue
[2026-05-29T10:02:48.471+0200] {logging_mixin.py:151} INFO - [2026-05-29T10:02:48.470+0200] {dagbag.py:539} INFO - Filling up the DagBag from /home/frederic/airflow_venv/lib/python3.10/site-packages/airflow/example_dags/example_trigger_controller_dag.py
[2026-05-29T10:02:48.474+0200] {processor.py:839} INFO - DAG(s) dict_keys(['example_trigger_controller_dag']) retrieved from /home/frederic/airflow_venv/lib/python3.10/site-packages/airflow/example_dags/example_trigger_controller_dag.py
[2026-05-29T10:02:48.489+0200] {logging_mixin.py:151} INFO - [2026-05-29T10:02:48.489+0200] {dag.py:2915} INFO - Sync 1 DAGs
[2026-05-29T10:02:48.511+0200] {logging_mixin.py:151} INFO - [2026-05-29T10:02:48.511+0200] {dag.py:3696} INFO - Setting next_dagrun for example_trigger_controller_dag to 2021-01-01T00:00:00+00:00, run_after=2021-01-01T00:00:00+00:00
[2026-05-29T10:02:48.527+0200] {processor.py:179} INFO - Processing /home/frederic/airflow_venv/lib/python3.10/site-packages/airflow/example_dags/example_trigger_controller_dag.py took 0.063 seconds
[2026-05-29T10:03:36.758+0200] {processor.py:157} INFO - Started process (PID=687019) to work on /home/frederic/airflow_venv/lib/python3.10/site-packages/airflow/example_dags/example_trigger_controller_dag.py
[2026-05-29T10:03:36.759+0200] {processor.py:829} INFO - Processing file /home/frederic/airflow_venv/lib/python3.10/site-packages/airflow/example_dags/example_trigger_controller_dag.py for tasks to queue
[2026-05-29T10:03:36.760+0200] {logging_mixin.py:151} INFO - [2026-05-29T10:03:36.759+0200] {dagbag.py:539} INFO - Filling up the DagBag from /home/frederic/airflow_venv/lib/python3.10/site-packages/airflow/example_dags/example_trigger_controller_dag.py
[2026-05-29T10:03:36.767+0200] {processor.py:839} INFO - DAG(s) dict_keys(['example_trigger_controller_dag']) retrieved from /home/frederic/airflow_venv/lib/python3.10/site-packages/airflow/example_dags/example_trigger_controller_dag.py
[2026-05-29T10:03:36.788+0200] {logging_mixin.py:151} INFO - [2026-05-29T10:03:36.788+0200] {dag.py:2915} INFO - Sync 1 DAGs
[2026-05-29T10:03:36.812+0200] {logging_mixin.py:151} INFO - [2026-05-29T10:03:36.812+0200] {dag.py:3696} INFO - Setting next_dagrun for example_trigger_controller_dag to 2021-01-01T00:00:00+00:00, run_after=2021-01-01T00:00:00+00:00
[2026-05-29T10:03:36.832+0200] {processor.py:179} INFO - Processing /home/frederic/airflow_venv/lib/python3.10/site-packages/airflow/example_dags/example_trigger_controller_dag.py took 0.076 seconds
[2026-05-29T10:04:23.908+0200] {processor.py:157} INFO - Started process (PID=687951) to work on /home/frederic/airflow_venv/lib/python3.10/site-packages/airflow/example_dags/example_trigger_controller_dag.py
[2026-05-29T10:04:23.911+0200] {processor.py:829} INFO - Processing file /home/frederic/airflow_venv/lib/python3.10/site-packages/airflow/example_dags/example_trigger_controller_dag.py for tasks to queue
[2026-05-29T10:04:23.912+0200] {logging_mixin.py:151} INFO - [2026-05-29T10:04:23.912+0200] {dagbag.py:539} INFO - Filling up the DagBag from /home/frederic/airflow_venv/lib/python3.10/site-packages/airflow/example_dags/example_trigger_controller_dag.py
[2026-05-29T10:04:23.917+0200] {processor.py:839} INFO - DAG(s) dict_keys(['example_trigger_controller_dag']) retrieved from /home/frederic/airflow_venv/lib/python3.10/site-packages/airflow/example_dags/example_trigger_controller_dag.py
[2026-05-29T10:04:23.930+0200] {logging_mixin.py:151} INFO - [2026-05-29T10:04:23.929+0200] {dag.py:2915} INFO - Sync 1 DAGs
[2026-05-29T10:04:23.947+0200] {logging_mixin.py:151} INFO - [2026-05-29T10:04:23.947+0200] {dag.py:3696} INFO - Setting next_dagrun for example_trigger_controller_dag to 2021-01-01T00:00:00+00:00, run_after=2021-01-01T00:00:00+00:00
[2026-05-29T10:04:23.964+0200] {processor.py:179} INFO - Processing /home/frederic/airflow_venv/lib/python3.10/site-packages/airflow/example_dags/example_trigger_controller_dag.py took 0.058 seconds
[2026-05-29T10:05:12.652+0200] {processor.py:157} INFO - Started process (PID=689191) to work on /home/frederic/airflow_venv/lib/python3.10/site-packages/airflow/example_dags/example_trigger_controller_dag.py
[2026-05-29T10:05:12.653+0200] {processor.py:829} INFO - Processing file /home/frederic/airflow_venv/lib/python3.10/site-packages/airflow/example_dags/example_trigger_controller_dag.py for tasks to queue
[2026-05-29T10:05:12.654+0200] {logging_mixin.py:151} INFO - [2026-05-29T10:05:12.653+0200] {dagbag.py:539} INFO - Filling up the DagBag from /home/frederic/airflow_venv/lib/python3.10/site-packages/airflow/example_dags/example_trigger_controller_dag.py
[2026-05-29T10:05:12.657+0200] {processor.py:839} INFO - DAG(s) dict_keys(['example_trigger_controller_dag']) retrieved from /home/frederic/airflow_venv/lib/python3.10/site-packages/airflow/example_dags/example_trigger_controller_dag.py
[2026-05-29T10:05:12.672+0200] {logging_mixin.py:151} INFO - [2026-05-29T10:05:12.672+0200] {dag.py:2915} INFO - Sync 1 DAGs
[2026-05-29T10:05:12.698+0200] {logging_mixin.py:151} INFO - [2026-05-29T10:05:12.697+0200] {dag.py:3696} INFO - Setting next_dagrun for example_trigger_controller_dag to 2021-01-01T00:00:00+00:00, run_after=2021-01-01T00:00:00+00:00
[2026-05-29T10:05:12.716+0200] {processor.py:179} INFO - Processing /home/frederic/airflow_venv/lib/python3.10/site-packages/airflow/example_dags/example_trigger_controller_dag.py took 0.066 seconds
[2026-05-29T10:05:59.110+0200] {processor.py:157} INFO - Started process (PID=689874) to work on /home/frederic/airflow_venv/lib/python3.10/site-packages/airflow/example_dags/example_trigger_controller_dag.py
[2026-05-29T10:05:59.111+0200] {processor.py:829} INFO - Processing file /home/frederic/airflow_venv/lib/python3.10/site-packages/airflow/example_dags/example_trigger_controller_dag.py for tasks to queue
[2026-05-29T10:05:59.111+0200] {logging_mixin.py:151} INFO - [2026-05-29T10:05:59.111+0200] {dagbag.py:539} INFO - Filling up the DagBag from /home/frederic/airflow_venv/lib/python3.10/site-packages/airflow/example_dags/example_trigger_controller_dag.py
[2026-05-29T10:05:59.116+0200] {processor.py:839} INFO - DAG(s) dict_keys(['example_trigger_controller_dag']) retrieved from /home/frederic/airflow_venv/lib/python3.10/site-packages/airflow/example_dags/example_trigger_controller_dag.py
[2026-05-29T10:05:59.133+0200] {logging_mixin.py:151} INFO - [2026-05-29T10:05:59.132+0200] {dag.py:2915} INFO - Sync 1 DAGs
[2026-05-29T10:05:59.152+0200] {logging_mixin.py:151} INFO - [2026-05-29T10:05:59.152+0200] {dag.py:3696} INFO - Setting next_dagrun for example_trigger_controller_dag to 2021-01-01T00:00:00+00:00, run_after=2021-01-01T00:00:00+00:00
[2026-05-29T10:05:59.175+0200] {processor.py:179} INFO - Processing /home/frederic/airflow_venv/lib/python3.10/site-packages/airflow/example_dags/example_trigger_controller_dag.py took 0.069 seconds
[2026-05-29T10:06:51.952+0200] {processor.py:157} INFO - Started process (PID=690612) to work on /home/frederic/airflow_venv/lib/python3.10/site-packages/airflow/example_dags/example_trigger_controller_dag.py
[2026-05-29T10:06:51.953+0200] {processor.py:829} INFO - Processing file /home/frederic/airflow_venv/lib/python3.10/site-packages/airflow/example_dags/example_trigger_controller_dag.py for tasks to queue
[2026-05-29T10:06:51.954+0200] {logging_mixin.py:151} INFO - [2026-05-29T10:06:51.953+0200] {dagbag.py:539} INFO - Filling up the DagBag from /home/frederic/airflow_venv/lib/python3.10/site-packages/airflow/example_dags/example_trigger_controller_dag.py
[2026-05-29T10:06:51.958+0200] {processor.py:839} INFO - DAG(s) dict_keys(['example_trigger_controller_dag']) retrieved from /home/frederic/airflow_venv/lib/python3.10/site-packages/airflow/example_dags/example_trigger_controller_dag.py
[2026-05-29T10:06:51.973+0200] {logging_mixin.py:151} INFO - [2026-05-29T10:06:51.972+0200] {dag.py:2915} INFO - Sync 1 DAGs
[2026-05-29T10:06:51.990+0200] {logging_mixin.py:151} INFO - [2026-05-29T10:06:51.990+0200] {dag.py:3696} INFO - Setting next_dagrun for example_trigger_controller_dag to 2021-01-01T00:00:00+00:00, run_after=2021-01-01T00:00:00+00:00
[2026-05-29T10:06:52.012+0200] {processor.py:179} INFO - Processing /home/frederic/airflow_venv/lib/python3.10/site-packages/airflow/example_dags/example_trigger_controller_dag.py took 0.064 seconds
[2026-05-29T10:07:29.488+0200] {processor.py:157} INFO - Started process (PID=691056) to work on /home/frederic/airflow_venv/lib/python3.10/site-packages/airflow/example_dags/example_trigger_controller_dag.py
[2026-05-29T10:07:29.490+0200] {processor.py:829} INFO - Processing file /home/frederic/airflow_venv/lib/python3.10/site-packages/airflow/example_dags/example_trigger_controller_dag.py for tasks to queue
[2026-05-29T10:07:29.491+0200] {logging_mixin.py:151} INFO - [2026-05-29T10:07:29.490+0200] {dagbag.py:539} INFO - Filling up the DagBag from /home/frederic/airflow_venv/lib/python3.10/site-packages/airflow/example_dags/example_trigger_controller_dag.py
[2026-05-29T10:07:29.495+0200] {processor.py:839} INFO - DAG(s) dict_keys(['example_trigger_controller_dag']) retrieved from /home/frederic/airflow_venv/lib/python3.10/site-packages/airflow/example_dags/example_trigger_controller_dag.py
[2026-05-29T10:07:29.510+0200] {logging_mixin.py:151} INFO - [2026-05-29T10:07:29.509+0200] {dag.py:2915} INFO - Sync 1 DAGs
[2026-05-29T10:07:29.527+0200] {logging_mixin.py:151} INFO - [2026-05-29T10:07:29.527+0200] {dag.py:3696} INFO - Setting next_dagrun for example_trigger_controller_dag to 2021-01-01T00:00:00+00:00, run_after=2021-01-01T00:00:00+00:00
[2026-05-29T10:07:29.544+0200] {processor.py:179} INFO - Processing /home/frederic/airflow_venv/lib/python3.10/site-packages/airflow/example_dags/example_trigger_controller_dag.py took 0.058 seconds
[2026-05-29T10:08:17.947+0200] {processor.py:157} INFO - Started process (PID=691682) to work on /home/frederic/airflow_venv/lib/python3.10/site-packages/airflow/example_dags/example_trigger_controller_dag.py
[2026-05-29T10:08:17.948+0200] {processor.py:829} INFO - Processing file /home/frederic/airflow_venv/lib/python3.10/site-packages/airflow/example_dags/example_trigger_controller_dag.py for tasks to queue
[2026-05-29T10:08:17.949+0200] {logging_mixin.py:151} INFO - [2026-05-29T10:08:17.948+0200] {dagbag.py:539} INFO - Filling up the DagBag from /home/frederic/airflow_venv/lib/python3.10/site-packages/airflow/example_dags/example_trigger_controller_dag.py
[2026-05-29T10:08:17.952+0200] {processor.py:839} INFO - DAG(s) dict_keys(['example_trigger_controller_dag']) retrieved from /home/frederic/airflow_venv/lib/python3.10/site-packages/airflow/example_dags/example_trigger_controller_dag.py
[2026-05-29T10:08:17.966+0200] {logging_mixin.py:151} INFO - [2026-05-29T10:08:17.965+0200] {dag.py:2915} INFO - Sync 1 DAGs
[2026-05-29T10:08:17.982+0200] {logging_mixin.py:151} INFO - [2026-05-29T10:08:17.982+0200] {dag.py:3696} INFO - Setting next_dagrun for example_trigger_controller_dag to 2021-01-01T00:00:00+00:00, run_after=2021-01-01T00:00:00+00:00
[2026-05-29T10:08:17.999+0200] {processor.py:179} INFO - Processing /home/frederic/airflow_venv/lib/python3.10/site-packages/airflow/example_dags/example_trigger_controller_dag.py took 0.054 seconds
[2026-05-29T10:09:04.842+0200] {processor.py:157} INFO - Started process (PID=692252) to work on /home/frederic/airflow_venv/lib/python3.10/site-packages/airflow/example_dags/example_trigger_controller_dag.py
[2026-05-29T10:09:04.847+0200] {processor.py:829} INFO - Processing file /home/frederic/airflow_venv/lib/python3.10/site-packages/airflow/example_dags/example_trigger_controller_dag.py for tasks to queue
[2026-05-29T10:09:04.848+0200] {logging_mixin.py:151} INFO - [2026-05-29T10:09:04.848+0200] {dagbag.py:539} INFO - Filling up the DagBag from /home/frederic/airflow_venv/lib/python3.10/site-packages/airflow/example_dags/example_trigger_controller_dag.py
[2026-05-29T10:09:04.854+0200] {processor.py:839} INFO - DAG(s) dict_keys(['example_trigger_controller_dag']) retrieved from /home/frederic/airflow_venv/lib/python3.10/site-packages/airflow/example_dags/example_trigger_controller_dag.py
[2026-05-29T10:09:04.873+0200] {logging_mixin.py:151} INFO - [2026-05-29T10:09:04.873+0200] {dag.py:2915} INFO - Sync 1 DAGs
[2026-05-29T10:09:04.894+0200] {logging_mixin.py:151} INFO - [2026-05-29T10:09:04.894+0200] {dag.py:3696} INFO - Setting next_dagrun for example_trigger_controller_dag to 2021-01-01T00:00:00+00:00, run_after=2021-01-01T00:00:00+00:00
[2026-05-29T10:09:04.911+0200] {processor.py:179} INFO - Processing /home/frederic/airflow_venv/lib/python3.10/site-packages/airflow/example_dags/example_trigger_controller_dag.py took 0.071 seconds
[2026-05-29T10:09:54.749+0200] {processor.py:157} INFO - Started process (PID=692739) to work on /home/frederic/airflow_venv/lib/python3.10/site-packages/airflow/example_dags/example_trigger_controller_dag.py
[2026-05-29T10:09:54.750+0200] {processor.py:829} INFO - Processing file /home/frederic/airflow_venv/lib/python3.10/site-packages/airflow/example_dags/example_trigger_controller_dag.py for tasks to queue
[2026-05-29T10:09:54.751+0200] {logging_mixin.py:151} INFO - [2026-05-29T10:09:54.751+0200] {dagbag.py:539} INFO - Filling up the DagBag from /home/frederic/airflow_venv/lib/python3.10/site-packages/airflow/example_dags/example_trigger_controller_dag.py
[2026-05-29T10:09:54.759+0200] {processor.py:839} INFO - DAG(s) dict_keys(['example_trigger_controller_dag']) retrieved from /home/frederic/airflow_venv/lib/python3.10/site-packages/airflow/example_dags/example_trigger_controller_dag.py
[2026-05-29T10:09:54.776+0200] {logging_mixin.py:151} INFO - [2026-05-29T10:09:54.775+0200] {dag.py:2915} INFO - Sync 1 DAGs
[2026-05-29T10:09:54.796+0200] {logging_mixin.py:151} INFO - [2026-05-29T10:09:54.795+0200] {dag.py:3696} INFO - Setting next_dagrun for example_trigger_controller_dag to 2021-01-01T00:00:00+00:00, run_after=2021-01-01T00:00:00+00:00
[2026-05-29T10:09:54.816+0200] {processor.py:179} INFO - Processing /home/frederic/airflow_venv/lib/python3.10/site-packages/airflow/example_dags/example_trigger_controller_dag.py took 0.069 seconds
[2026-05-29T10:10:39.851+0200] {processor.py:157} INFO - Started process (PID=693517) to work on /home/frederic/airflow_venv/lib/python3.10/site-packages/airflow/example_dags/example_trigger_controller_dag.py
[2026-05-29T10:10:39.855+0200] {processor.py:829} INFO - Processing file /home/frederic/airflow_venv/lib/python3.10/site-packages/airflow/example_dags/example_trigger_controller_dag.py for tasks to queue
[2026-05-29T10:10:39.857+0200] {logging_mixin.py:151} INFO - [2026-05-29T10:10:39.856+0200] {dagbag.py:539} INFO - Filling up the DagBag from /home/frederic/airflow_venv/lib/python3.10/site-packages/airflow/example_dags/example_trigger_controller_dag.py
[2026-05-29T10:10:39.860+0200] {processor.py:839} INFO - DAG(s) dict_keys(['example_trigger_controller_dag']) retrieved from /home/frederic/airflow_venv/lib/python3.10/site-packages/airflow/example_dags/example_trigger_controller_dag.py
[2026-05-29T10:10:39.877+0200] {logging_mixin.py:151} INFO - [2026-05-29T10:10:39.877+0200] {dag.py:2915} INFO - Sync 1 DAGs
[2026-05-29T10:10:39.897+0200] {logging_mixin.py:151} INFO - [2026-05-29T10:10:39.897+0200] {dag.py:3696} INFO - Setting next_dagrun for example_trigger_controller_dag to 2021-01-01T00:00:00+00:00, run_after=2021-01-01T00:00:00+00:00
[2026-05-29T10:10:39.913+0200] {processor.py:179} INFO - Processing /home/frederic/airflow_venv/lib/python3.10/site-packages/airflow/example_dags/example_trigger_controller_dag.py took 0.066 seconds
[2026-05-29T10:11:29.542+0200] {processor.py:157} INFO - Started process (PID=694584) to work on /home/frederic/airflow_venv/lib/python3.10/site-packages/airflow/example_dags/example_trigger_controller_dag.py
[2026-05-29T10:11:29.543+0200] {processor.py:829} INFO - Processing file /home/frederic/airflow_venv/lib/python3.10/site-packages/airflow/example_dags/example_trigger_controller_dag.py for tasks to queue
[2026-05-29T10:11:29.544+0200] {logging_mixin.py:151} INFO - [2026-05-29T10:11:29.544+0200] {dagbag.py:539} INFO - Filling up the DagBag from /home/frederic/airflow_venv/lib/python3.10/site-packages/airflow/example_dags/example_trigger_controller_dag.py
[2026-05-29T10:11:29.548+0200] {processor.py:839} INFO - DAG(s) dict_keys(['example_trigger_controller_dag']) retrieved from /home/frederic/airflow_venv/lib/python3.10/site-packages/airflow/example_dags/example_trigger_controller_dag.py
[2026-05-29T10:11:29.561+0200] {logging_mixin.py:151} INFO - [2026-05-29T10:11:29.561+0200] {dag.py:2915} INFO - Sync 1 DAGs
[2026-05-29T10:11:29.578+0200] {logging_mixin.py:151} INFO - [2026-05-29T10:11:29.578+0200] {dag.py:3696} INFO - Setting next_dagrun for example_trigger_controller_dag to 2021-01-01T00:00:00+00:00, run_after=2021-01-01T00:00:00+00:00
[2026-05-29T10:11:29.598+0200] {processor.py:179} INFO - Processing /home/frederic/airflow_venv/lib/python3.10/site-packages/airflow/example_dags/example_trigger_controller_dag.py took 0.060 seconds
[2026-05-29T10:12:17.495+0200] {processor.py:157} INFO - Started process (PID=695424) to work on /home/frederic/airflow_venv/lib/python3.10/site-packages/airflow/example_dags/example_trigger_controller_dag.py
[2026-05-29T10:12:17.496+0200] {processor.py:829} INFO - Processing file /home/frederic/airflow_venv/lib/python3.10/site-packages/airflow/example_dags/example_trigger_controller_dag.py for tasks to queue
[2026-05-29T10:12:17.497+0200] {logging_mixin.py:151} INFO - [2026-05-29T10:12:17.496+0200] {dagbag.py:539} INFO - Filling up the DagBag from /home/frederic/airflow_venv/lib/python3.10/site-packages/airflow/example_dags/example_trigger_controller_dag.py
[2026-05-29T10:12:17.500+0200] {processor.py:839} INFO - DAG(s) dict_keys(['example_trigger_controller_dag']) retrieved from /home/frederic/airflow_venv/lib/python3.10/site-packages/airflow/example_dags/example_trigger_controller_dag.py
[2026-05-29T10:12:17.512+0200] {logging_mixin.py:151} INFO - [2026-05-29T10:12:17.512+0200] {dag.py:2915} INFO - Sync 1 DAGs
[2026-05-29T10:12:17.528+0200] {logging_mixin.py:151} INFO - [2026-05-29T10:12:17.528+0200] {dag.py:3696} INFO - Setting next_dagrun for example_trigger_controller_dag to 2021-01-01T00:00:00+00:00, run_after=2021-01-01T00:00:00+00:00
[2026-05-29T10:12:17.542+0200] {processor.py:179} INFO - Processing /home/frederic/airflow_venv/lib/python3.10/site-packages/airflow/example_dags/example_trigger_controller_dag.py took 0.049 seconds
[2026-05-29T10:12:56.744+0200] {processor.py:157} INFO - Started process (PID=695779) to work on /home/frederic/airflow_venv/lib/python3.10/site-packages/airflow/example_dags/example_trigger_controller_dag.py
[2026-05-29T10:12:56.745+0200] {processor.py:829} INFO - Processing file /home/frederic/airflow_venv/lib/python3.10/site-packages/airflow/example_dags/example_trigger_controller_dag.py for tasks to queue
[2026-05-29T10:12:56.745+0200] {logging_mixin.py:151} INFO - [2026-05-29T10:12:56.745+0200] {dagbag.py:539} INFO - Filling up the DagBag from /home/frederic/airflow_venv/lib/python3.10/site-packages/airflow/example_dags/example_trigger_controller_dag.py
[2026-05-29T10:12:56.749+0200] {processor.py:839} INFO - DAG(s) dict_keys(['example_trigger_controller_dag']) retrieved from /home/frederic/airflow_venv/lib/python3.10/site-packages/airflow/example_dags/example_trigger_controller_dag.py
[2026-05-29T10:12:56.760+0200] {logging_mixin.py:151} INFO - [2026-05-29T10:12:56.760+0200] {dag.py:2915} INFO - Sync 1 DAGs
[2026-05-29T10:12:56.775+0200] {logging_mixin.py:151} INFO - [2026-05-29T10:12:56.775+0200] {dag.py:3696} INFO - Setting next_dagrun for example_trigger_controller_dag to 2021-01-01T00:00:00+00:00, run_after=2021-01-01T00:00:00+00:00
[2026-05-29T10:12:56.790+0200] {processor.py:179} INFO - Processing /home/frederic/airflow_venv/lib/python3.10/site-packages/airflow/example_dags/example_trigger_controller_dag.py took 0.048 seconds
[2026-05-29T10:13:36.712+0200] {processor.py:157} INFO - Started process (PID=696241) to work on /home/frederic/airflow_venv/lib/python3.10/site-packages/airflow/example_dags/example_trigger_controller_dag.py
[2026-05-29T10:13:36.713+0200] {processor.py:829} INFO - Processing file /home/frederic/airflow_venv/lib/python3.10/site-packages/airflow/example_dags/example_trigger_controller_dag.py for tasks to queue
[2026-05-29T10:13:36.713+0200] {logging_mixin.py:151} INFO - [2026-05-29T10:13:36.713+0200] {dagbag.py:539} INFO - Filling up the DagBag from /home/frederic/airflow_venv/lib/python3.10/site-packages/airflow/example_dags/example_trigger_controller_dag.py
[2026-05-29T10:13:36.717+0200] {processor.py:839} INFO - DAG(s) dict_keys(['example_trigger_controller_dag']) retrieved from /home/frederic/airflow_venv/lib/python3.10/site-packages/airflow/example_dags/example_trigger_controller_dag.py
[2026-05-29T10:13:36.729+0200] {logging_mixin.py:151} INFO - [2026-05-29T10:13:36.729+0200] {dag.py:2915} INFO - Sync 1 DAGs
[2026-05-29T10:13:36.745+0200] {logging_mixin.py:151} INFO - [2026-05-29T10:13:36.745+0200] {dag.py:3696} INFO - Setting next_dagrun for example_trigger_controller_dag to 2021-01-01T00:00:00+00:00, run_after=2021-01-01T00:00:00+00:00
[2026-05-29T10:13:36.764+0200] {processor.py:179} INFO - Processing /home/frederic/airflow_venv/lib/python3.10/site-packages/airflow/example_dags/example_trigger_controller_dag.py took 0.054 seconds
[2026-05-29T10:14:15.848+0200] {processor.py:157} INFO - Started process (PID=696730) to work on /home/frederic/airflow_venv/lib/python3.10/site-packages/airflow/example_dags/example_trigger_controller_dag.py
[2026-05-29T10:14:15.848+0200] {processor.py:829} INFO - Processing file /home/frederic/airflow_venv/lib/python3.10/site-packages/airflow/example_dags/example_trigger_controller_dag.py for tasks to queue
[2026-05-29T10:14:15.849+0200] {logging_mixin.py:151} INFO - [2026-05-29T10:14:15.849+0200] {dagbag.py:539} INFO - Filling up the DagBag from /home/frederic/airflow_venv/lib/python3.10/site-packages/airflow/example_dags/example_trigger_controller_dag.py
[2026-05-29T10:14:15.853+0200] {processor.py:839} INFO - DAG(s) dict_keys(['example_trigger_controller_dag']) retrieved from /home/frederic/airflow_venv/lib/python3.10/site-packages/airflow/example_dags/example_trigger_controller_dag.py
[2026-05-29T10:14:15.866+0200] {logging_mixin.py:151} INFO - [2026-05-29T10:14:15.866+0200] {dag.py:2915} INFO - Sync 1 DAGs
[2026-05-29T10:14:15.882+0200] {logging_mixin.py:151} INFO - [2026-05-29T10:14:15.882+0200] {dag.py:3696} INFO - Setting next_dagrun for example_trigger_controller_dag to 2021-01-01T00:00:00+00:00, run_after=2021-01-01T00:00:00+00:00
[2026-05-29T10:14:15.897+0200] {processor.py:179} INFO - Processing /home/frederic/airflow_venv/lib/python3.10/site-packages/airflow/example_dags/example_trigger_controller_dag.py took 0.051 seconds
[2026-05-29T10:15:04.668+0200] {processor.py:157} INFO - Started process (PID=697373) to work on /home/frederic/airflow_venv/lib/python3.10/site-packages/airflow/example_dags/example_trigger_controller_dag.py
[2026-05-29T10:15:04.670+0200] {processor.py:829} INFO - Processing file /home/frederic/airflow_venv/lib/python3.10/site-packages/airflow/example_dags/example_trigger_controller_dag.py for tasks to queue
[2026-05-29T10:15:04.670+0200] {logging_mixin.py:151} INFO - [2026-05-29T10:15:04.670+0200] {dagbag.py:539} INFO - Filling up the DagBag from /home/frederic/airflow_venv/lib/python3.10/site-packages/airflow/example_dags/example_trigger_controller_dag.py
[2026-05-29T10:15:04.674+0200] {processor.py:839} INFO - DAG(s) dict_keys(['example_trigger_controller_dag']) retrieved from /home/frederic/airflow_venv/lib/python3.10/site-packages/airflow/example_dags/example_trigger_controller_dag.py
[2026-05-29T10:15:04.686+0200] {logging_mixin.py:151} INFO - [2026-05-29T10:15:04.685+0200] {dag.py:2915} INFO - Sync 1 DAGs
[2026-05-29T10:15:04.699+0200] {logging_mixin.py:151} INFO - [2026-05-29T10:15:04.699+0200] {dag.py:3696} INFO - Setting next_dagrun for example_trigger_controller_dag to 2021-01-01T00:00:00+00:00, run_after=2021-01-01T00:00:00+00:00
[2026-05-29T10:15:04.715+0200] {processor.py:179} INFO - Processing /home/frederic/airflow_venv/lib/python3.10/site-packages/airflow/example_dags/example_trigger_controller_dag.py took 0.048 seconds
[2026-05-29T10:15:53.547+0200] {processor.py:157} INFO - Started process (PID=698195) to work on /home/frederic/airflow_venv/lib/python3.10/site-packages/airflow/example_dags/example_trigger_controller_dag.py
[2026-05-29T10:15:53.549+0200] {processor.py:829} INFO - Processing file /home/frederic/airflow_venv/lib/python3.10/site-packages/airflow/example_dags/example_trigger_controller_dag.py for tasks to queue
[2026-05-29T10:15:53.549+0200] {logging_mixin.py:151} INFO - [2026-05-29T10:15:53.549+0200] {dagbag.py:539} INFO - Filling up the DagBag from /home/frederic/airflow_venv/lib/python3.10/site-packages/airflow/example_dags/example_trigger_controller_dag.py
[2026-05-29T10:15:53.553+0200] {processor.py:839} INFO - DAG(s) dict_keys(['example_trigger_controller_dag']) retrieved from /home/frederic/airflow_venv/lib/python3.10/site-packages/airflow/example_dags/example_trigger_controller_dag.py
[2026-05-29T10:15:53.569+0200] {logging_mixin.py:151} INFO - [2026-05-29T10:15:53.569+0200] {dag.py:2915} INFO - Sync 1 DAGs
[2026-05-29T10:15:53.591+0200] {logging_mixin.py:151} INFO - [2026-05-29T10:15:53.591+0200] {dag.py:3696} INFO - Setting next_dagrun for example_trigger_controller_dag to 2021-01-01T00:00:00+00:00, run_after=2021-01-01T00:00:00+00:00
[2026-05-29T10:15:53.611+0200] {processor.py:179} INFO - Processing /home/frederic/airflow_venv/lib/python3.10/site-packages/airflow/example_dags/example_trigger_controller_dag.py took 0.066 seconds
[2026-05-29T10:16:40.112+0200] {processor.py:157} INFO - Started process (PID=698856) to work on /home/frederic/airflow_venv/lib/python3.10/site-packages/airflow/example_dags/example_trigger_controller_dag.py
[2026-05-29T10:16:40.113+0200] {processor.py:829} INFO - Processing file /home/frederic/airflow_venv/lib/python3.10/site-packages/airflow/example_dags/example_trigger_controller_dag.py for tasks to queue
[2026-05-29T10:16:40.114+0200] {logging_mixin.py:151} INFO - [2026-05-29T10:16:40.114+0200] {dagbag.py:539} INFO - Filling up the DagBag from /home/frederic/airflow_venv/lib/python3.10/site-packages/airflow/example_dags/example_trigger_controller_dag.py
[2026-05-29T10:16:40.118+0200] {processor.py:839} INFO - DAG(s) dict_keys(['example_trigger_controller_dag']) retrieved from /home/frederic/airflow_venv/lib/python3.10/site-packages/airflow/example_dags/example_trigger_controller_dag.py
[2026-05-29T10:16:40.132+0200] {logging_mixin.py:151} INFO - [2026-05-29T10:16:40.132+0200] {dag.py:2915} INFO - Sync 1 DAGs
[2026-05-29T10:16:40.149+0200] {logging_mixin.py:151} INFO - [2026-05-29T10:16:40.149+0200] {dag.py:3696} INFO - Setting next_dagrun for example_trigger_controller_dag to 2021-01-01T00:00:00+00:00, run_after=2021-01-01T00:00:00+00:00
[2026-05-29T10:16:40.166+0200] {processor.py:179} INFO - Processing /home/frederic/airflow_venv/lib/python3.10/site-packages/airflow/example_dags/example_trigger_controller_dag.py took 0.057 seconds
[2026-05-29T10:17:24.380+0200] {processor.py:157} INFO - Started process (PID=699898) to work on /home/frederic/airflow_venv/lib/python3.10/site-packages/airflow/example_dags/example_trigger_controller_dag.py
[2026-05-29T10:17:24.382+0200] {processor.py:829} INFO - Processing file /home/frederic/airflow_venv/lib/python3.10/site-packages/airflow/example_dags/example_trigger_controller_dag.py for tasks to queue
[2026-05-29T10:17:24.382+0200] {logging_mixin.py:151} INFO - [2026-05-29T10:17:24.382+0200] {dagbag.py:539} INFO - Filling up the DagBag from /home/frederic/airflow_venv/lib/python3.10/site-packages/airflow/example_dags/example_trigger_controller_dag.py
[2026-05-29T10:17:24.386+0200] {processor.py:839} INFO - DAG(s) dict_keys(['example_trigger_controller_dag']) retrieved from /home/frederic/airflow_venv/lib/python3.10/site-packages/airflow/example_dags/example_trigger_controller_dag.py
[2026-05-29T10:17:24.399+0200] {logging_mixin.py:151} INFO - [2026-05-29T10:17:24.399+0200] {dag.py:2915} INFO - Sync 1 DAGs
[2026-05-29T10:17:24.415+0200] {logging_mixin.py:151} INFO - [2026-05-29T10:17:24.415+0200] {dag.py:3696} INFO - Setting next_dagrun for example_trigger_controller_dag to 2021-01-01T00:00:00+00:00, run_after=2021-01-01T00:00:00+00:00
[2026-05-29T10:17:24.432+0200] {processor.py:179} INFO - Processing /home/frederic/airflow_venv/lib/python3.10/site-packages/airflow/example_dags/example_trigger_controller_dag.py took 0.054 seconds
[2026-05-29T10:18:13.248+0200] {processor.py:157} INFO - Started process (PID=700726) to work on /home/frederic/airflow_venv/lib/python3.10/site-packages/airflow/example_dags/example_trigger_controller_dag.py
[2026-05-29T10:18:13.249+0200] {processor.py:829} INFO - Processing file /home/frederic/airflow_venv/lib/python3.10/site-packages/airflow/example_dags/example_trigger_controller_dag.py for tasks to queue
[2026-05-29T10:18:13.250+0200] {logging_mixin.py:151} INFO - [2026-05-29T10:18:13.249+0200] {dagbag.py:539} INFO - Filling up the DagBag from /home/frederic/airflow_venv/lib/python3.10/site-packages/airflow/example_dags/example_trigger_controller_dag.py
[2026-05-29T10:18:13.253+0200] {processor.py:839} INFO - DAG(s) dict_keys(['example_trigger_controller_dag']) retrieved from /home/frederic/airflow_venv/lib/python3.10/site-packages/airflow/example_dags/example_trigger_controller_dag.py
[2026-05-29T10:18:13.265+0200] {logging_mixin.py:151} INFO - [2026-05-29T10:18:13.265+0200] {dag.py:2915} INFO - Sync 1 DAGs
[2026-05-29T10:18:13.280+0200] {logging_mixin.py:151} INFO - [2026-05-29T10:18:13.280+0200] {dag.py:3696} INFO - Setting next_dagrun for example_trigger_controller_dag to 2021-01-01T00:00:00+00:00, run_after=2021-01-01T00:00:00+00:00
[2026-05-29T10:18:13.294+0200] {processor.py:179} INFO - Processing /home/frederic/airflow_venv/lib/python3.10/site-packages/airflow/example_dags/example_trigger_controller_dag.py took 0.048 seconds
[2026-05-29T10:18:57.520+0200] {processor.py:157} INFO - Started process (PID=701138) to work on /home/frederic/airflow_venv/lib/python3.10/site-packages/airflow/example_dags/example_trigger_controller_dag.py
[2026-05-29T10:18:57.521+0200] {processor.py:829} INFO - Processing file /home/frederic/airflow_venv/lib/python3.10/site-packages/airflow/example_dags/example_trigger_controller_dag.py for tasks to queue
[2026-05-29T10:18:57.521+0200] {logging_mixin.py:151} INFO - [2026-05-29T10:18:57.521+0200] {dagbag.py:539} INFO - Filling up the DagBag from /home/frederic/airflow_venv/lib/python3.10/site-packages/airflow/example_dags/example_trigger_controller_dag.py
[2026-05-29T10:18:57.525+0200] {processor.py:839} INFO - DAG(s) dict_keys(['example_trigger_controller_dag']) retrieved from /home/frederic/airflow_venv/lib/python3.10/site-packages/airflow/example_dags/example_trigger_controller_dag.py
[2026-05-29T10:18:57.537+0200] {logging_mixin.py:151} INFO - [2026-05-29T10:18:57.537+0200] {dag.py:2915} INFO - Sync 1 DAGs
[2026-05-29T10:18:57.553+0200] {logging_mixin.py:151} INFO - [2026-05-29T10:18:57.553+0200] {dag.py:3696} INFO - Setting next_dagrun for example_trigger_controller_dag to 2021-01-01T00:00:00+00:00, run_after=2021-01-01T00:00:00+00:00
[2026-05-29T10:18:57.568+0200] {processor.py:179} INFO - Processing /home/frederic/airflow_venv/lib/python3.10/site-packages/airflow/example_dags/example_trigger_controller_dag.py took 0.051 seconds
[2026-05-29T10:19:45.820+0200] {processor.py:157} INFO - Started process (PID=701600) to work on /home/frederic/airflow_venv/lib/python3.10/site-packages/airflow/example_dags/example_trigger_controller_dag.py
[2026-05-29T10:19:45.821+0200] {processor.py:829} INFO - Processing file /home/frederic/airflow_venv/lib/python3.10/site-packages/airflow/example_dags/example_trigger_controller_dag.py for tasks to queue
[2026-05-29T10:19:45.822+0200] {logging_mixin.py:151} INFO - [2026-05-29T10:19:45.821+0200] {dagbag.py:539} INFO - Filling up the DagBag from /home/frederic/airflow_venv/lib/python3.10/site-packages/airflow/example_dags/example_trigger_controller_dag.py
[2026-05-29T10:19:45.825+0200] {processor.py:839} INFO - DAG(s) dict_keys(['example_trigger_controller_dag']) retrieved from /home/frederic/airflow_venv/lib/python3.10/site-packages/airflow/example_dags/example_trigger_controller_dag.py
[2026-05-29T10:19:45.837+0200] {logging_mixin.py:151} INFO - [2026-05-29T10:19:45.837+0200] {dag.py:2915} INFO - Sync 1 DAGs
[2026-05-29T10:19:45.856+0200] {logging_mixin.py:151} INFO - [2026-05-29T10:19:45.855+0200] {dag.py:3696} INFO - Setting next_dagrun for example_trigger_controller_dag to 2021-01-01T00:00:00+00:00, run_after=2021-01-01T00:00:00+00:00
[2026-05-29T10:19:45.872+0200] {processor.py:179} INFO - Processing /home/frederic/airflow_venv/lib/python3.10/site-packages/airflow/example_dags/example_trigger_controller_dag.py took 0.054 seconds
[2026-05-29T10:20:36.267+0200] {processor.py:157} INFO - Started process (PID=702295) to work on /home/frederic/airflow_venv/lib/python3.10/site-packages/airflow/example_dags/example_trigger_controller_dag.py
[2026-05-29T10:20:36.268+0200] {processor.py:829} INFO - Processing file /home/frederic/airflow_venv/lib/python3.10/site-packages/airflow/example_dags/example_trigger_controller_dag.py for tasks to queue
[2026-05-29T10:20:36.269+0200] {logging_mixin.py:151} INFO - [2026-05-29T10:20:36.269+0200] {dagbag.py:539} INFO - Filling up the DagBag from /home/frederic/airflow_venv/lib/python3.10/site-packages/airflow/example_dags/example_trigger_controller_dag.py
[2026-05-29T10:20:36.273+0200] {processor.py:839} INFO - DAG(s) dict_keys(['example_trigger_controller_dag']) retrieved from /home/frederic/airflow_venv/lib/python3.10/site-packages/airflow/example_dags/example_trigger_controller_dag.py
[2026-05-29T10:20:36.285+0200] {logging_mixin.py:151} INFO - [2026-05-29T10:20:36.285+0200] {dag.py:2915} INFO - Sync 1 DAGs
[2026-05-29T10:20:36.301+0200] {logging_mixin.py:151} INFO - [2026-05-29T10:20:36.301+0200] {dag.py:3696} INFO - Setting next_dagrun for example_trigger_controller_dag to 2021-01-01T00:00:00+00:00, run_after=2021-01-01T00:00:00+00:00
[2026-05-29T10:20:36.403+0200] {processor.py:179} INFO - Processing /home/frederic/airflow_venv/lib/python3.10/site-packages/airflow/example_dags/example_trigger_controller_dag.py took 0.138 seconds
[2026-05-29T10:21:25.906+0200] {processor.py:157} INFO - Started process (PID=702799) to work on /home/frederic/airflow_venv/lib/python3.10/site-packages/airflow/example_dags/example_trigger_controller_dag.py
[2026-05-29T10:21:25.907+0200] {processor.py:829} INFO - Processing file /home/frederic/airflow_venv/lib/python3.10/site-packages/airflow/example_dags/example_trigger_controller_dag.py for tasks to queue
[2026-05-29T10:21:25.907+0200] {logging_mixin.py:151} INFO - [2026-05-29T10:21:25.907+0200] {dagbag.py:539} INFO - Filling up the DagBag from /home/frederic/airflow_venv/lib/python3.10/site-packages/airflow/example_dags/example_trigger_controller_dag.py
[2026-05-29T10:21:25.911+0200] {processor.py:839} INFO - DAG(s) dict_keys(['example_trigger_controller_dag']) retrieved from /home/frederic/airflow_venv/lib/python3.10/site-packages/airflow/example_dags/example_trigger_controller_dag.py
[2026-05-29T10:21:25.924+0200] {logging_mixin.py:151} INFO - [2026-05-29T10:21:25.923+0200] {dag.py:2915} INFO - Sync 1 DAGs
[2026-05-29T10:21:25.941+0200] {logging_mixin.py:151} INFO - [2026-05-29T10:21:25.941+0200] {dag.py:3696} INFO - Setting next_dagrun for example_trigger_controller_dag to 2021-01-01T00:00:00+00:00, run_after=2021-01-01T00:00:00+00:00
[2026-05-29T10:21:25.961+0200] {processor.py:179} INFO - Processing /home/frederic/airflow_venv/lib/python3.10/site-packages/airflow/example_dags/example_trigger_controller_dag.py took 0.058 seconds
[2026-05-29T10:22:11.246+0200] {processor.py:157} INFO - Started process (PID=703248) to work on /home/frederic/airflow_venv/lib/python3.10/site-packages/airflow/example_dags/example_trigger_controller_dag.py
[2026-05-29T10:22:11.247+0200] {processor.py:829} INFO - Processing file /home/frederic/airflow_venv/lib/python3.10/site-packages/airflow/example_dags/example_trigger_controller_dag.py for tasks to queue
[2026-05-29T10:22:11.248+0200] {logging_mixin.py:151} INFO - [2026-05-29T10:22:11.248+0200] {dagbag.py:539} INFO - Filling up the DagBag from /home/frederic/airflow_venv/lib/python3.10/site-packages/airflow/example_dags/example_trigger_controller_dag.py
[2026-05-29T10:22:11.254+0200] {processor.py:839} INFO - DAG(s) dict_keys(['example_trigger_controller_dag']) retrieved from /home/frederic/airflow_venv/lib/python3.10/site-packages/airflow/example_dags/example_trigger_controller_dag.py
[2026-05-29T10:22:11.269+0200] {logging_mixin.py:151} INFO - [2026-05-29T10:22:11.269+0200] {dag.py:2915} INFO - Sync 1 DAGs
[2026-05-29T10:22:11.288+0200] {logging_mixin.py:151} INFO - [2026-05-29T10:22:11.288+0200] {dag.py:3696} INFO - Setting next_dagrun for example_trigger_controller_dag to 2021-01-01T00:00:00+00:00, run_after=2021-01-01T00:00:00+00:00
[2026-05-29T10:22:11.309+0200] {processor.py:179} INFO - Processing /home/frederic/airflow_venv/lib/python3.10/site-packages/airflow/example_dags/example_trigger_controller_dag.py took 0.066 seconds
[2026-05-29T10:22:59.319+0200] {processor.py:157} INFO - Started process (PID=703736) to work on /home/frederic/airflow_venv/lib/python3.10/site-packages/airflow/example_dags/example_trigger_controller_dag.py
[2026-05-29T10:22:59.320+0200] {processor.py:829} INFO - Processing file /home/frederic/airflow_venv/lib/python3.10/site-packages/airflow/example_dags/example_trigger_controller_dag.py for tasks to queue
[2026-05-29T10:22:59.320+0200] {logging_mixin.py:151} INFO - [2026-05-29T10:22:59.320+0200] {dagbag.py:539} INFO - Filling up the DagBag from /home/frederic/airflow_venv/lib/python3.10/site-packages/airflow/example_dags/example_trigger_controller_dag.py
[2026-05-29T10:22:59.324+0200] {processor.py:839} INFO - DAG(s) dict_keys(['example_trigger_controller_dag']) retrieved from /home/frederic/airflow_venv/lib/python3.10/site-packages/airflow/example_dags/example_trigger_controller_dag.py
[2026-05-29T10:22:59.336+0200] {logging_mixin.py:151} INFO - [2026-05-29T10:22:59.336+0200] {dag.py:2915} INFO - Sync 1 DAGs
[2026-05-29T10:22:59.431+0200] {logging_mixin.py:151} INFO - [2026-05-29T10:22:59.431+0200] {dag.py:3696} INFO - Setting next_dagrun for example_trigger_controller_dag to 2021-01-01T00:00:00+00:00, run_after=2021-01-01T00:00:00+00:00
[2026-05-29T10:22:59.445+0200] {processor.py:179} INFO - Processing /home/frederic/airflow_venv/lib/python3.10/site-packages/airflow/example_dags/example_trigger_controller_dag.py took 0.128 seconds
[2026-05-29T10:23:48.776+0200] {processor.py:157} INFO - Started process (PID=704295) to work on /home/frederic/airflow_venv/lib/python3.10/site-packages/airflow/example_dags/example_trigger_controller_dag.py
[2026-05-29T10:23:48.779+0200] {processor.py:829} INFO - Processing file /home/frederic/airflow_venv/lib/python3.10/site-packages/airflow/example_dags/example_trigger_controller_dag.py for tasks to queue
[2026-05-29T10:23:48.780+0200] {logging_mixin.py:151} INFO - [2026-05-29T10:23:48.780+0200] {dagbag.py:539} INFO - Filling up the DagBag from /home/frederic/airflow_venv/lib/python3.10/site-packages/airflow/example_dags/example_trigger_controller_dag.py
[2026-05-29T10:23:48.784+0200] {processor.py:839} INFO - DAG(s) dict_keys(['example_trigger_controller_dag']) retrieved from /home/frederic/airflow_venv/lib/python3.10/site-packages/airflow/example_dags/example_trigger_controller_dag.py
[2026-05-29T10:23:48.800+0200] {logging_mixin.py:151} INFO - [2026-05-29T10:23:48.800+0200] {dag.py:2915} INFO - Sync 1 DAGs
[2026-05-29T10:23:48.817+0200] {logging_mixin.py:151} INFO - [2026-05-29T10:23:48.817+0200] {dag.py:3696} INFO - Setting next_dagrun for example_trigger_controller_dag to 2021-01-01T00:00:00+00:00, run_after=2021-01-01T00:00:00+00:00
[2026-05-29T10:23:48.832+0200] {processor.py:179} INFO - Processing /home/frederic/airflow_venv/lib/python3.10/site-packages/airflow/example_dags/example_trigger_controller_dag.py took 0.059 seconds
[2026-05-29T10:24:40.459+0200] {processor.py:157} INFO - Started process (PID=704804) to work on /home/frederic/airflow_venv/lib/python3.10/site-packages/airflow/example_dags/example_trigger_controller_dag.py
[2026-05-29T10:24:40.460+0200] {processor.py:829} INFO - Processing file /home/frederic/airflow_venv/lib/python3.10/site-packages/airflow/example_dags/example_trigger_controller_dag.py for tasks to queue
[2026-05-29T10:24:40.460+0200] {logging_mixin.py:151} INFO - [2026-05-29T10:24:40.460+0200] {dagbag.py:539} INFO - Filling up the DagBag from /home/frederic/airflow_venv/lib/python3.10/site-packages/airflow/example_dags/example_trigger_controller_dag.py
[2026-05-29T10:24:40.464+0200] {processor.py:839} INFO - DAG(s) dict_keys(['example_trigger_controller_dag']) retrieved from /home/frederic/airflow_venv/lib/python3.10/site-packages/airflow/example_dags/example_trigger_controller_dag.py
[2026-05-29T10:24:40.482+0200] {logging_mixin.py:151} INFO - [2026-05-29T10:24:40.481+0200] {dag.py:2915} INFO - Sync 1 DAGs
[2026-05-29T10:24:40.499+0200] {logging_mixin.py:151} INFO - [2026-05-29T10:24:40.499+0200] {dag.py:3696} INFO - Setting next_dagrun for example_trigger_controller_dag to 2021-01-01T00:00:00+00:00, run_after=2021-01-01T00:00:00+00:00
[2026-05-29T10:24:40.516+0200] {processor.py:179} INFO - Processing /home/frederic/airflow_venv/lib/python3.10/site-packages/airflow/example_dags/example_trigger_controller_dag.py took 0.060 seconds
[2026-05-29T10:25:17.132+0200] {processor.py:157} INFO - Started process (PID=705183) to work on /home/frederic/airflow_venv/lib/python3.10/site-packages/airflow/example_dags/example_trigger_controller_dag.py
[2026-05-29T10:25:17.132+0200] {processor.py:829} INFO - Processing file /home/frederic/airflow_venv/lib/python3.10/site-packages/airflow/example_dags/example_trigger_controller_dag.py for tasks to queue
[2026-05-29T10:25:17.133+0200] {logging_mixin.py:151} INFO - [2026-05-29T10:25:17.133+0200] {dagbag.py:539} INFO - Filling up the DagBag from /home/frederic/airflow_venv/lib/python3.10/site-packages/airflow/example_dags/example_trigger_controller_dag.py
[2026-05-29T10:25:17.136+0200] {processor.py:839} INFO - DAG(s) dict_keys(['example_trigger_controller_dag']) retrieved from /home/frederic/airflow_venv/lib/python3.10/site-packages/airflow/example_dags/example_trigger_controller_dag.py
[2026-05-29T10:25:17.148+0200] {logging_mixin.py:151} INFO - [2026-05-29T10:25:17.148+0200] {dag.py:2915} INFO - Sync 1 DAGs
[2026-05-29T10:25:17.243+0200] {logging_mixin.py:151} INFO - [2026-05-29T10:25:17.242+0200] {dag.py:3696} INFO - Setting next_dagrun for example_trigger_controller_dag to 2021-01-01T00:00:00+00:00, run_after=2021-01-01T00:00:00+00:00
[2026-05-29T10:25:17.255+0200] {processor.py:179} INFO - Processing /home/frederic/airflow_venv/lib/python3.10/site-packages/airflow/example_dags/example_trigger_controller_dag.py took 0.126 seconds
[2026-05-29T10:25:55.623+0200] {processor.py:157} INFO - Started process (PID=705540) to work on /home/frederic/airflow_venv/lib/python3.10/site-packages/airflow/example_dags/example_trigger_controller_dag.py
[2026-05-29T10:25:55.624+0200] {processor.py:829} INFO - Processing file /home/frederic/airflow_venv/lib/python3.10/site-packages/airflow/example_dags/example_trigger_controller_dag.py for tasks to queue
[2026-05-29T10:25:55.625+0200] {logging_mixin.py:151} INFO - [2026-05-29T10:25:55.625+0200] {dagbag.py:539} INFO - Filling up the DagBag from /home/frederic/airflow_venv/lib/python3.10/site-packages/airflow/example_dags/example_trigger_controller_dag.py
[2026-05-29T10:25:55.630+0200] {processor.py:839} INFO - DAG(s) dict_keys(['example_trigger_controller_dag']) retrieved from /home/frederic/airflow_venv/lib/python3.10/site-packages/airflow/example_dags/example_trigger_controller_dag.py
[2026-05-29T10:25:55.646+0200] {logging_mixin.py:151} INFO - [2026-05-29T10:25:55.646+0200] {dag.py:2915} INFO - Sync 1 DAGs
[2026-05-29T10:25:55.664+0200] {logging_mixin.py:151} INFO - [2026-05-29T10:25:55.664+0200] {dag.py:3696} INFO - Setting next_dagrun for example_trigger_controller_dag to 2021-01-01T00:00:00+00:00, run_after=2021-01-01T00:00:00+00:00
[2026-05-29T10:25:55.686+0200] {processor.py:179} INFO - Processing /home/frederic/airflow_venv/lib/python3.10/site-packages/airflow/example_dags/example_trigger_controller_dag.py took 0.065 seconds
[2026-05-29T10:26:44.507+0200] {processor.py:157} INFO - Started process (PID=706031) to work on /home/frederic/airflow_venv/lib/python3.10/site-packages/airflow/example_dags/example_trigger_controller_dag.py
[2026-05-29T10:26:44.508+0200] {processor.py:829} INFO - Processing file /home/frederic/airflow_venv/lib/python3.10/site-packages/airflow/example_dags/example_trigger_controller_dag.py for tasks to queue
[2026-05-29T10:26:44.509+0200] {logging_mixin.py:151} INFO - [2026-05-29T10:26:44.509+0200] {dagbag.py:539} INFO - Filling up the DagBag from /home/frederic/airflow_venv/lib/python3.10/site-packages/airflow/example_dags/example_trigger_controller_dag.py
[2026-05-29T10:26:44.512+0200] {processor.py:839} INFO - DAG(s) dict_keys(['example_trigger_controller_dag']) retrieved from /home/frederic/airflow_venv/lib/python3.10/site-packages/airflow/example_dags/example_trigger_controller_dag.py
[2026-05-29T10:26:44.529+0200] {logging_mixin.py:151} INFO - [2026-05-29T10:26:44.529+0200] {dag.py:2915} INFO - Sync 1 DAGs
[2026-05-29T10:26:44.628+0200] {logging_mixin.py:151} INFO - [2026-05-29T10:26:44.628+0200] {dag.py:3696} INFO - Setting next_dagrun for example_trigger_controller_dag to 2021-01-01T00:00:00+00:00, run_after=2021-01-01T00:00:00+00:00
[2026-05-29T10:26:44.641+0200] {processor.py:179} INFO - Processing /home/frederic/airflow_venv/lib/python3.10/site-packages/airflow/example_dags/example_trigger_controller_dag.py took 0.136 seconds
[2026-05-29T10:27:20.121+0200] {processor.py:157} INFO - Started process (PID=706436) to work on /home/frederic/airflow_venv/lib/python3.10/site-packages/airflow/example_dags/example_trigger_controller_dag.py
[2026-05-29T10:27:20.122+0200] {processor.py:829} INFO - Processing file /home/frederic/airflow_venv/lib/python3.10/site-packages/airflow/example_dags/example_trigger_controller_dag.py for tasks to queue
[2026-05-29T10:27:20.122+0200] {logging_mixin.py:151} INFO - [2026-05-29T10:27:20.122+0200] {dagbag.py:539} INFO - Filling up the DagBag from /home/frederic/airflow_venv/lib/python3.10/site-packages/airflow/example_dags/example_trigger_controller_dag.py
[2026-05-29T10:27:20.128+0200] {processor.py:839} INFO - DAG(s) dict_keys(['example_trigger_controller_dag']) retrieved from /home/frederic/airflow_venv/lib/python3.10/site-packages/airflow/example_dags/example_trigger_controller_dag.py
[2026-05-29T10:27:20.142+0200] {logging_mixin.py:151} INFO - [2026-05-29T10:27:20.142+0200] {dag.py:2915} INFO - Sync 1 DAGs
[2026-05-29T10:27:20.163+0200] {logging_mixin.py:151} INFO - [2026-05-29T10:27:20.163+0200] {dag.py:3696} INFO - Setting next_dagrun for example_trigger_controller_dag to 2021-01-01T00:00:00+00:00, run_after=2021-01-01T00:00:00+00:00
[2026-05-29T10:27:20.182+0200] {processor.py:179} INFO - Processing /home/frederic/airflow_venv/lib/python3.10/site-packages/airflow/example_dags/example_trigger_controller_dag.py took 0.065 seconds
[2026-05-29T10:28:03.252+0200] {processor.py:157} INFO - Started process (PID=706860) to work on /home/frederic/airflow_venv/lib/python3.10/site-packages/airflow/example_dags/example_trigger_controller_dag.py
[2026-05-29T10:28:03.253+0200] {processor.py:829} INFO - Processing file /home/frederic/airflow_venv/lib/python3.10/site-packages/airflow/example_dags/example_trigger_controller_dag.py for tasks to queue
[2026-05-29T10:28:03.254+0200] {logging_mixin.py:151} INFO - [2026-05-29T10:28:03.254+0200] {dagbag.py:539} INFO - Filling up the DagBag from /home/frederic/airflow_venv/lib/python3.10/site-packages/airflow/example_dags/example_trigger_controller_dag.py
[2026-05-29T10:28:03.257+0200] {processor.py:839} INFO - DAG(s) dict_keys(['example_trigger_controller_dag']) retrieved from /home/frederic/airflow_venv/lib/python3.10/site-packages/airflow/example_dags/example_trigger_controller_dag.py
[2026-05-29T10:28:03.269+0200] {logging_mixin.py:151} INFO - [2026-05-29T10:28:03.269+0200] {dag.py:2915} INFO - Sync 1 DAGs
[2026-05-29T10:28:03.284+0200] {logging_mixin.py:151} INFO - [2026-05-29T10:28:03.284+0200] {dag.py:3696} INFO - Setting next_dagrun for example_trigger_controller_dag to 2021-01-01T00:00:00+00:00, run_after=2021-01-01T00:00:00+00:00
[2026-05-29T10:28:03.299+0200] {processor.py:179} INFO - Processing /home/frederic/airflow_venv/lib/python3.10/site-packages/airflow/example_dags/example_trigger_controller_dag.py took 0.049 seconds
[2026-05-29T10:28:45.793+0200] {processor.py:157} INFO - Started process (PID=707437) to work on /home/frederic/airflow_venv/lib/python3.10/site-packages/airflow/example_dags/example_trigger_controller_dag.py
[2026-05-29T10:28:45.794+0200] {processor.py:829} INFO - Processing file /home/frederic/airflow_venv/lib/python3.10/site-packages/airflow/example_dags/example_trigger_controller_dag.py for tasks to queue
[2026-05-29T10:28:45.795+0200] {logging_mixin.py:151} INFO - [2026-05-29T10:28:45.794+0200] {dagbag.py:539} INFO - Filling up the DagBag from /home/frederic/airflow_venv/lib/python3.10/site-packages/airflow/example_dags/example_trigger_controller_dag.py
[2026-05-29T10:28:45.798+0200] {processor.py:839} INFO - DAG(s) dict_keys(['example_trigger_controller_dag']) retrieved from /home/frederic/airflow_venv/lib/python3.10/site-packages/airflow/example_dags/example_trigger_controller_dag.py
[2026-05-29T10:28:45.811+0200] {logging_mixin.py:151} INFO - [2026-05-29T10:28:45.811+0200] {dag.py:2915} INFO - Sync 1 DAGs
[2026-05-29T10:28:45.826+0200] {logging_mixin.py:151} INFO - [2026-05-29T10:28:45.826+0200] {dag.py:3696} INFO - Setting next_dagrun for example_trigger_controller_dag to 2021-01-01T00:00:00+00:00, run_after=2021-01-01T00:00:00+00:00
[2026-05-29T10:28:45.839+0200] {processor.py:179} INFO - Processing /home/frederic/airflow_venv/lib/python3.10/site-packages/airflow/example_dags/example_trigger_controller_dag.py took 0.049 seconds
[2026-05-29T10:29:21.209+0200] {processor.py:157} INFO - Started process (PID=707893) to work on /home/frederic/airflow_venv/lib/python3.10/site-packages/airflow/example_dags/example_trigger_controller_dag.py
[2026-05-29T10:29:21.210+0200] {processor.py:829} INFO - Processing file /home/frederic/airflow_venv/lib/python3.10/site-packages/airflow/example_dags/example_trigger_controller_dag.py for tasks to queue
[2026-05-29T10:29:21.211+0200] {logging_mixin.py:151} INFO - [2026-05-29T10:29:21.210+0200] {dagbag.py:539} INFO - Filling up the DagBag from /home/frederic/airflow_venv/lib/python3.10/site-packages/airflow/example_dags/example_trigger_controller_dag.py
[2026-05-29T10:29:21.215+0200] {processor.py:839} INFO - DAG(s) dict_keys(['example_trigger_controller_dag']) retrieved from /home/frederic/airflow_venv/lib/python3.10/site-packages/airflow/example_dags/example_trigger_controller_dag.py
[2026-05-29T10:29:21.228+0200] {logging_mixin.py:151} INFO - [2026-05-29T10:29:21.227+0200] {dag.py:2915} INFO - Sync 1 DAGs
[2026-05-29T10:29:21.244+0200] {logging_mixin.py:151} INFO - [2026-05-29T10:29:21.243+0200] {dag.py:3696} INFO - Setting next_dagrun for example_trigger_controller_dag to 2021-01-01T00:00:00+00:00, run_after=2021-01-01T00:00:00+00:00
[2026-05-29T10:29:21.257+0200] {processor.py:179} INFO - Processing /home/frederic/airflow_venv/lib/python3.10/site-packages/airflow/example_dags/example_trigger_controller_dag.py took 0.052 seconds
[2026-05-29T10:30:08.655+0200] {processor.py:157} INFO - Started process (PID=708449) to work on /home/frederic/airflow_venv/lib/python3.10/site-packages/airflow/example_dags/example_trigger_controller_dag.py
[2026-05-29T10:30:08.656+0200] {processor.py:829} INFO - Processing file /home/frederic/airflow_venv/lib/python3.10/site-packages/airflow/example_dags/example_trigger_controller_dag.py for tasks to queue
[2026-05-29T10:30:08.657+0200] {logging_mixin.py:151} INFO - [2026-05-29T10:30:08.657+0200] {dagbag.py:539} INFO - Filling up the DagBag from /home/frederic/airflow_venv/lib/python3.10/site-packages/airflow/example_dags/example_trigger_controller_dag.py
[2026-05-29T10:30:08.663+0200] {processor.py:839} INFO - DAG(s) dict_keys(['example_trigger_controller_dag']) retrieved from /home/frederic/airflow_venv/lib/python3.10/site-packages/airflow/example_dags/example_trigger_controller_dag.py
[2026-05-29T10:30:08.682+0200] {logging_mixin.py:151} INFO - [2026-05-29T10:30:08.682+0200] {dag.py:2915} INFO - Sync 1 DAGs
[2026-05-29T10:30:08.705+0200] {logging_mixin.py:151} INFO - [2026-05-29T10:30:08.704+0200] {dag.py:3696} INFO - Setting next_dagrun for example_trigger_controller_dag to 2021-01-01T00:00:00+00:00, run_after=2021-01-01T00:00:00+00:00
[2026-05-29T10:30:08.726+0200] {processor.py:179} INFO - Processing /home/frederic/airflow_venv/lib/python3.10/site-packages/airflow/example_dags/example_trigger_controller_dag.py took 0.075 seconds
[2026-05-29T10:30:53.675+0200] {processor.py:157} INFO - Started process (PID=709056) to work on /home/frederic/airflow_venv/lib/python3.10/site-packages/airflow/example_dags/example_trigger_controller_dag.py
[2026-05-29T10:30:53.676+0200] {processor.py:829} INFO - Processing file /home/frederic/airflow_venv/lib/python3.10/site-packages/airflow/example_dags/example_trigger_controller_dag.py for tasks to queue
[2026-05-29T10:30:53.677+0200] {logging_mixin.py:151} INFO - [2026-05-29T10:30:53.677+0200] {dagbag.py:539} INFO - Filling up the DagBag from /home/frederic/airflow_venv/lib/python3.10/site-packages/airflow/example_dags/example_trigger_controller_dag.py
[2026-05-29T10:30:53.682+0200] {processor.py:839} INFO - DAG(s) dict_keys(['example_trigger_controller_dag']) retrieved from /home/frederic/airflow_venv/lib/python3.10/site-packages/airflow/example_dags/example_trigger_controller_dag.py
[2026-05-29T10:30:53.696+0200] {logging_mixin.py:151} INFO - [2026-05-29T10:30:53.696+0200] {dag.py:2915} INFO - Sync 1 DAGs
[2026-05-29T10:30:53.715+0200] {logging_mixin.py:151} INFO - [2026-05-29T10:30:53.715+0200] {dag.py:3696} INFO - Setting next_dagrun for example_trigger_controller_dag to 2021-01-01T00:00:00+00:00, run_after=2021-01-01T00:00:00+00:00
[2026-05-29T10:30:53.731+0200] {processor.py:179} INFO - Processing /home/frederic/airflow_venv/lib/python3.10/site-packages/airflow/example_dags/example_trigger_controller_dag.py took 0.059 seconds
[2026-05-29T10:31:41.032+0200] {processor.py:157} INFO - Started process (PID=709538) to work on /home/frederic/airflow_venv/lib/python3.10/site-packages/airflow/example_dags/example_trigger_controller_dag.py
[2026-05-29T10:31:41.034+0200] {processor.py:829} INFO - Processing file /home/frederic/airflow_venv/lib/python3.10/site-packages/airflow/example_dags/example_trigger_controller_dag.py for tasks to queue
[2026-05-29T10:31:41.034+0200] {logging_mixin.py:151} INFO - [2026-05-29T10:31:41.034+0200] {dagbag.py:539} INFO - Filling up the DagBag from /home/frederic/airflow_venv/lib/python3.10/site-packages/airflow/example_dags/example_trigger_controller_dag.py
[2026-05-29T10:31:41.038+0200] {processor.py:839} INFO - DAG(s) dict_keys(['example_trigger_controller_dag']) retrieved from /home/frederic/airflow_venv/lib/python3.10/site-packages/airflow/example_dags/example_trigger_controller_dag.py
[2026-05-29T10:31:41.051+0200] {logging_mixin.py:151} INFO - [2026-05-29T10:31:41.051+0200] {dag.py:2915} INFO - Sync 1 DAGs
[2026-05-29T10:31:41.066+0200] {logging_mixin.py:151} INFO - [2026-05-29T10:31:41.066+0200] {dag.py:3696} INFO - Setting next_dagrun for example_trigger_controller_dag to 2021-01-01T00:00:00+00:00, run_after=2021-01-01T00:00:00+00:00
[2026-05-29T10:31:41.080+0200] {processor.py:179} INFO - Processing /home/frederic/airflow_venv/lib/python3.10/site-packages/airflow/example_dags/example_trigger_controller_dag.py took 0.050 seconds
[2026-05-29T10:32:25.566+0200] {processor.py:157} INFO - Started process (PID=710129) to work on /home/frederic/airflow_venv/lib/python3.10/site-packages/airflow/example_dags/example_trigger_controller_dag.py
[2026-05-29T10:32:25.568+0200] {processor.py:829} INFO - Processing file /home/frederic/airflow_venv/lib/python3.10/site-packages/airflow/example_dags/example_trigger_controller_dag.py for tasks to queue
[2026-05-29T10:32:25.568+0200] {logging_mixin.py:151} INFO - [2026-05-29T10:32:25.568+0200] {dagbag.py:539} INFO - Filling up the DagBag from /home/frederic/airflow_venv/lib/python3.10/site-packages/airflow/example_dags/example_trigger_controller_dag.py
[2026-05-29T10:32:25.572+0200] {processor.py:839} INFO - DAG(s) dict_keys(['example_trigger_controller_dag']) retrieved from /home/frederic/airflow_venv/lib/python3.10/site-packages/airflow/example_dags/example_trigger_controller_dag.py
[2026-05-29T10:32:25.585+0200] {logging_mixin.py:151} INFO - [2026-05-29T10:32:25.585+0200] {dag.py:2915} INFO - Sync 1 DAGs
[2026-05-29T10:32:25.603+0200] {logging_mixin.py:151} INFO - [2026-05-29T10:32:25.603+0200] {dag.py:3696} INFO - Setting next_dagrun for example_trigger_controller_dag to 2021-01-01T00:00:00+00:00, run_after=2021-01-01T00:00:00+00:00
[2026-05-29T10:32:25.619+0200] {processor.py:179} INFO - Processing /home/frederic/airflow_venv/lib/python3.10/site-packages/airflow/example_dags/example_trigger_controller_dag.py took 0.055 seconds
[2026-05-29T10:33:13.452+0200] {processor.py:157} INFO - Started process (PID=710936) to work on /home/frederic/airflow_venv/lib/python3.10/site-packages/airflow/example_dags/example_trigger_controller_dag.py
[2026-05-29T10:33:13.454+0200] {processor.py:829} INFO - Processing file /home/frederic/airflow_venv/lib/python3.10/site-packages/airflow/example_dags/example_trigger_controller_dag.py for tasks to queue
[2026-05-29T10:33:13.455+0200] {logging_mixin.py:151} INFO - [2026-05-29T10:33:13.454+0200] {dagbag.py:539} INFO - Filling up the DagBag from /home/frederic/airflow_venv/lib/python3.10/site-packages/airflow/example_dags/example_trigger_controller_dag.py
[2026-05-29T10:33:13.459+0200] {processor.py:839} INFO - DAG(s) dict_keys(['example_trigger_controller_dag']) retrieved from /home/frederic/airflow_venv/lib/python3.10/site-packages/airflow/example_dags/example_trigger_controller_dag.py
[2026-05-29T10:33:13.475+0200] {logging_mixin.py:151} INFO - [2026-05-29T10:33:13.475+0200] {dag.py:2915} INFO - Sync 1 DAGs
[2026-05-29T10:33:13.498+0200] {logging_mixin.py:151} INFO - [2026-05-29T10:33:13.498+0200] {dag.py:3696} INFO - Setting next_dagrun for example_trigger_controller_dag to 2021-01-01T00:00:00+00:00, run_after=2021-01-01T00:00:00+00:00
[2026-05-29T10:33:13.517+0200] {processor.py:179} INFO - Processing /home/frederic/airflow_venv/lib/python3.10/site-packages/airflow/example_dags/example_trigger_controller_dag.py took 0.068 seconds
[2026-05-29T10:33:58.429+0200] {processor.py:157} INFO - Started process (PID=711610) to work on /home/frederic/airflow_venv/lib/python3.10/site-packages/airflow/example_dags/example_trigger_controller_dag.py
[2026-05-29T10:33:58.430+0200] {processor.py:829} INFO - Processing file /home/frederic/airflow_venv/lib/python3.10/site-packages/airflow/example_dags/example_trigger_controller_dag.py for tasks to queue
[2026-05-29T10:33:58.431+0200] {logging_mixin.py:151} INFO - [2026-05-29T10:33:58.431+0200] {dagbag.py:539} INFO - Filling up the DagBag from /home/frederic/airflow_venv/lib/python3.10/site-packages/airflow/example_dags/example_trigger_controller_dag.py
[2026-05-29T10:33:58.434+0200] {processor.py:839} INFO - DAG(s) dict_keys(['example_trigger_controller_dag']) retrieved from /home/frederic/airflow_venv/lib/python3.10/site-packages/airflow/example_dags/example_trigger_controller_dag.py
[2026-05-29T10:33:58.448+0200] {logging_mixin.py:151} INFO - [2026-05-29T10:33:58.448+0200] {dag.py:2915} INFO - Sync 1 DAGs
[2026-05-29T10:33:58.464+0200] {logging_mixin.py:151} INFO - [2026-05-29T10:33:58.463+0200] {dag.py:3696} INFO - Setting next_dagrun for example_trigger_controller_dag to 2021-01-01T00:00:00+00:00, run_after=2021-01-01T00:00:00+00:00
[2026-05-29T10:33:58.478+0200] {processor.py:179} INFO - Processing /home/frederic/airflow_venv/lib/python3.10/site-packages/airflow/example_dags/example_trigger_controller_dag.py took 0.051 seconds
[2026-05-29T10:34:39.042+0200] {processor.py:157} INFO - Started process (PID=712079) to work on /home/frederic/airflow_venv/lib/python3.10/site-packages/airflow/example_dags/example_trigger_controller_dag.py
[2026-05-29T10:34:39.043+0200] {processor.py:829} INFO - Processing file /home/frederic/airflow_venv/lib/python3.10/site-packages/airflow/example_dags/example_trigger_controller_dag.py for tasks to queue
[2026-05-29T10:34:39.044+0200] {logging_mixin.py:151} INFO - [2026-05-29T10:34:39.044+0200] {dagbag.py:539} INFO - Filling up the DagBag from /home/frederic/airflow_venv/lib/python3.10/site-packages/airflow/example_dags/example_trigger_controller_dag.py
[2026-05-29T10:34:39.048+0200] {processor.py:839} INFO - DAG(s) dict_keys(['example_trigger_controller_dag']) retrieved from /home/frederic/airflow_venv/lib/python3.10/site-packages/airflow/example_dags/example_trigger_controller_dag.py
[2026-05-29T10:34:39.060+0200] {logging_mixin.py:151} INFO - [2026-05-29T10:34:39.060+0200] {dag.py:2915} INFO - Sync 1 DAGs
[2026-05-29T10:34:39.077+0200] {logging_mixin.py:151} INFO - [2026-05-29T10:34:39.076+0200] {dag.py:3696} INFO - Setting next_dagrun for example_trigger_controller_dag to 2021-01-01T00:00:00+00:00, run_after=2021-01-01T00:00:00+00:00
[2026-05-29T10:34:39.092+0200] {processor.py:179} INFO - Processing /home/frederic/airflow_venv/lib/python3.10/site-packages/airflow/example_dags/example_trigger_controller_dag.py took 0.054 seconds
[2026-05-29T10:35:28.025+0200] {processor.py:157} INFO - Started process (PID=712587) to work on /home/frederic/airflow_venv/lib/python3.10/site-packages/airflow/example_dags/example_trigger_controller_dag.py
[2026-05-29T10:35:28.031+0200] {processor.py:829} INFO - Processing file /home/frederic/airflow_venv/lib/python3.10/site-packages/airflow/example_dags/example_trigger_controller_dag.py for tasks to queue
[2026-05-29T10:35:28.032+0200] {logging_mixin.py:151} INFO - [2026-05-29T10:35:28.031+0200] {dagbag.py:539} INFO - Filling up the DagBag from /home/frederic/airflow_venv/lib/python3.10/site-packages/airflow/example_dags/example_trigger_controller_dag.py
[2026-05-29T10:35:28.036+0200] {processor.py:839} INFO - DAG(s) dict_keys(['example_trigger_controller_dag']) retrieved from /home/frederic/airflow_venv/lib/python3.10/site-packages/airflow/example_dags/example_trigger_controller_dag.py
[2026-05-29T10:35:28.048+0200] {logging_mixin.py:151} INFO - [2026-05-29T10:35:28.048+0200] {dag.py:2915} INFO - Sync 1 DAGs
[2026-05-29T10:35:28.062+0200] {logging_mixin.py:151} INFO - [2026-05-29T10:35:28.062+0200] {dag.py:3696} INFO - Setting next_dagrun for example_trigger_controller_dag to 2021-01-01T00:00:00+00:00, run_after=2021-01-01T00:00:00+00:00
[2026-05-29T10:35:28.078+0200] {processor.py:179} INFO - Processing /home/frederic/airflow_venv/lib/python3.10/site-packages/airflow/example_dags/example_trigger_controller_dag.py took 0.055 seconds
[2026-05-29T10:36:12.975+0200] {processor.py:157} INFO - Started process (PID=713150) to work on /home/frederic/airflow_venv/lib/python3.10/site-packages/airflow/example_dags/example_trigger_controller_dag.py
[2026-05-29T10:36:12.976+0200] {processor.py:829} INFO - Processing file /home/frederic/airflow_venv/lib/python3.10/site-packages/airflow/example_dags/example_trigger_controller_dag.py for tasks to queue
[2026-05-29T10:36:12.976+0200] {logging_mixin.py:151} INFO - [2026-05-29T10:36:12.976+0200] {dagbag.py:539} INFO - Filling up the DagBag from /home/frederic/airflow_venv/lib/python3.10/site-packages/airflow/example_dags/example_trigger_controller_dag.py
[2026-05-29T10:36:12.980+0200] {processor.py:839} INFO - DAG(s) dict_keys(['example_trigger_controller_dag']) retrieved from /home/frederic/airflow_venv/lib/python3.10/site-packages/airflow/example_dags/example_trigger_controller_dag.py
[2026-05-29T10:36:12.994+0200] {logging_mixin.py:151} INFO - [2026-05-29T10:36:12.993+0200] {dag.py:2915} INFO - Sync 1 DAGs
[2026-05-29T10:36:13.012+0200] {logging_mixin.py:151} INFO - [2026-05-29T10:36:13.012+0200] {dag.py:3696} INFO - Setting next_dagrun for example_trigger_controller_dag to 2021-01-01T00:00:00+00:00, run_after=2021-01-01T00:00:00+00:00
[2026-05-29T10:36:13.027+0200] {processor.py:179} INFO - Processing /home/frederic/airflow_venv/lib/python3.10/site-packages/airflow/example_dags/example_trigger_controller_dag.py took 0.055 seconds
[2026-05-29T10:36:55.232+0200] {processor.py:157} INFO - Started process (PID=713602) to work on /home/frederic/airflow_venv/lib/python3.10/site-packages/airflow/example_dags/example_trigger_controller_dag.py
[2026-05-29T10:36:55.234+0200] {processor.py:829} INFO - Processing file /home/frederic/airflow_venv/lib/python3.10/site-packages/airflow/example_dags/example_trigger_controller_dag.py for tasks to queue
[2026-05-29T10:36:55.234+0200] {logging_mixin.py:151} INFO - [2026-05-29T10:36:55.234+0200] {dagbag.py:539} INFO - Filling up the DagBag from /home/frederic/airflow_venv/lib/python3.10/site-packages/airflow/example_dags/example_trigger_controller_dag.py
[2026-05-29T10:36:55.238+0200] {processor.py:839} INFO - DAG(s) dict_keys(['example_trigger_controller_dag']) retrieved from /home/frederic/airflow_venv/lib/python3.10/site-packages/airflow/example_dags/example_trigger_controller_dag.py
[2026-05-29T10:36:55.252+0200] {logging_mixin.py:151} INFO - [2026-05-29T10:36:55.252+0200] {dag.py:2915} INFO - Sync 1 DAGs
[2026-05-29T10:36:55.268+0200] {logging_mixin.py:151} INFO - [2026-05-29T10:36:55.268+0200] {dag.py:3696} INFO - Setting next_dagrun for example_trigger_controller_dag to 2021-01-01T00:00:00+00:00, run_after=2021-01-01T00:00:00+00:00
[2026-05-29T10:36:55.283+0200] {processor.py:179} INFO - Processing /home/frederic/airflow_venv/lib/python3.10/site-packages/airflow/example_dags/example_trigger_controller_dag.py took 0.054 seconds
[2026-05-29T10:37:32.481+0200] {processor.py:157} INFO - Started process (PID=714066) to work on /home/frederic/airflow_venv/lib/python3.10/site-packages/airflow/example_dags/example_trigger_controller_dag.py
[2026-05-29T10:37:32.482+0200] {processor.py:829} INFO - Processing file /home/frederic/airflow_venv/lib/python3.10/site-packages/airflow/example_dags/example_trigger_controller_dag.py for tasks to queue
[2026-05-29T10:37:32.483+0200] {logging_mixin.py:151} INFO - [2026-05-29T10:37:32.483+0200] {dagbag.py:539} INFO - Filling up the DagBag from /home/frederic/airflow_venv/lib/python3.10/site-packages/airflow/example_dags/example_trigger_controller_dag.py
[2026-05-29T10:37:32.487+0200] {processor.py:839} INFO - DAG(s) dict_keys(['example_trigger_controller_dag']) retrieved from /home/frederic/airflow_venv/lib/python3.10/site-packages/airflow/example_dags/example_trigger_controller_dag.py
[2026-05-29T10:37:32.499+0200] {logging_mixin.py:151} INFO - [2026-05-29T10:37:32.499+0200] {dag.py:2915} INFO - Sync 1 DAGs
[2026-05-29T10:37:32.514+0200] {logging_mixin.py:151} INFO - [2026-05-29T10:37:32.514+0200] {dag.py:3696} INFO - Setting next_dagrun for example_trigger_controller_dag to 2021-01-01T00:00:00+00:00, run_after=2021-01-01T00:00:00+00:00
[2026-05-29T10:37:32.530+0200] {processor.py:179} INFO - Processing /home/frederic/airflow_venv/lib/python3.10/site-packages/airflow/example_dags/example_trigger_controller_dag.py took 0.051 seconds
[2026-05-29T10:38:16.287+0200] {processor.py:157} INFO - Started process (PID=714839) to work on /home/frederic/airflow_venv/lib/python3.10/site-packages/airflow/example_dags/example_trigger_controller_dag.py
[2026-05-29T10:38:16.288+0200] {processor.py:829} INFO - Processing file /home/frederic/airflow_venv/lib/python3.10/site-packages/airflow/example_dags/example_trigger_controller_dag.py for tasks to queue
[2026-05-29T10:38:16.289+0200] {logging_mixin.py:151} INFO - [2026-05-29T10:38:16.289+0200] {dagbag.py:539} INFO - Filling up the DagBag from /home/frederic/airflow_venv/lib/python3.10/site-packages/airflow/example_dags/example_trigger_controller_dag.py
[2026-05-29T10:38:16.293+0200] {processor.py:839} INFO - DAG(s) dict_keys(['example_trigger_controller_dag']) retrieved from /home/frederic/airflow_venv/lib/python3.10/site-packages/airflow/example_dags/example_trigger_controller_dag.py
[2026-05-29T10:38:16.307+0200] {logging_mixin.py:151} INFO - [2026-05-29T10:38:16.307+0200] {dag.py:2915} INFO - Sync 1 DAGs
[2026-05-29T10:38:16.324+0200] {logging_mixin.py:151} INFO - [2026-05-29T10:38:16.324+0200] {dag.py:3696} INFO - Setting next_dagrun for example_trigger_controller_dag to 2021-01-01T00:00:00+00:00, run_after=2021-01-01T00:00:00+00:00
[2026-05-29T10:38:16.342+0200] {processor.py:179} INFO - Processing /home/frederic/airflow_venv/lib/python3.10/site-packages/airflow/example_dags/example_trigger_controller_dag.py took 0.058 seconds
[2026-05-29T10:39:00.806+0200] {processor.py:157} INFO - Started process (PID=715388) to work on /home/frederic/airflow_venv/lib/python3.10/site-packages/airflow/example_dags/example_trigger_controller_dag.py
[2026-05-29T10:39:00.806+0200] {processor.py:829} INFO - Processing file /home/frederic/airflow_venv/lib/python3.10/site-packages/airflow/example_dags/example_trigger_controller_dag.py for tasks to queue
[2026-05-29T10:39:00.807+0200] {logging_mixin.py:151} INFO - [2026-05-29T10:39:00.807+0200] {dagbag.py:539} INFO - Filling up the DagBag from /home/frederic/airflow_venv/lib/python3.10/site-packages/airflow/example_dags/example_trigger_controller_dag.py
[2026-05-29T10:39:00.810+0200] {processor.py:839} INFO - DAG(s) dict_keys(['example_trigger_controller_dag']) retrieved from /home/frederic/airflow_venv/lib/python3.10/site-packages/airflow/example_dags/example_trigger_controller_dag.py
[2026-05-29T10:39:00.822+0200] {logging_mixin.py:151} INFO - [2026-05-29T10:39:00.822+0200] {dag.py:2915} INFO - Sync 1 DAGs
[2026-05-29T10:39:00.836+0200] {logging_mixin.py:151} INFO - [2026-05-29T10:39:00.836+0200] {dag.py:3696} INFO - Setting next_dagrun for example_trigger_controller_dag to 2021-01-01T00:00:00+00:00, run_after=2021-01-01T00:00:00+00:00
[2026-05-29T10:39:00.850+0200] {processor.py:179} INFO - Processing /home/frederic/airflow_venv/lib/python3.10/site-packages/airflow/example_dags/example_trigger_controller_dag.py took 0.047 seconds
[2026-05-29T10:39:48.917+0200] {processor.py:157} INFO - Started process (PID=716080) to work on /home/frederic/airflow_venv/lib/python3.10/site-packages/airflow/example_dags/example_trigger_controller_dag.py
[2026-05-29T10:39:48.918+0200] {processor.py:829} INFO - Processing file /home/frederic/airflow_venv/lib/python3.10/site-packages/airflow/example_dags/example_trigger_controller_dag.py for tasks to queue
[2026-05-29T10:39:48.919+0200] {logging_mixin.py:151} INFO - [2026-05-29T10:39:48.919+0200] {dagbag.py:539} INFO - Filling up the DagBag from /home/frederic/airflow_venv/lib/python3.10/site-packages/airflow/example_dags/example_trigger_controller_dag.py
[2026-05-29T10:39:48.922+0200] {processor.py:839} INFO - DAG(s) dict_keys(['example_trigger_controller_dag']) retrieved from /home/frederic/airflow_venv/lib/python3.10/site-packages/airflow/example_dags/example_trigger_controller_dag.py
[2026-05-29T10:39:48.934+0200] {logging_mixin.py:151} INFO - [2026-05-29T10:39:48.934+0200] {dag.py:2915} INFO - Sync 1 DAGs
[2026-05-29T10:39:48.949+0200] {logging_mixin.py:151} INFO - [2026-05-29T10:39:48.949+0200] {dag.py:3696} INFO - Setting next_dagrun for example_trigger_controller_dag to 2021-01-01T00:00:00+00:00, run_after=2021-01-01T00:00:00+00:00
[2026-05-29T10:39:48.963+0200] {processor.py:179} INFO - Processing /home/frederic/airflow_venv/lib/python3.10/site-packages/airflow/example_dags/example_trigger_controller_dag.py took 0.048 seconds
[2026-05-29T10:40:32.162+0200] {processor.py:157} INFO - Started process (PID=716654) to work on /home/frederic/airflow_venv/lib/python3.10/site-packages/airflow/example_dags/example_trigger_controller_dag.py
[2026-05-29T10:40:32.163+0200] {processor.py:829} INFO - Processing file /home/frederic/airflow_venv/lib/python3.10/site-packages/airflow/example_dags/example_trigger_controller_dag.py for tasks to queue
[2026-05-29T10:40:32.164+0200] {logging_mixin.py:151} INFO - [2026-05-29T10:40:32.163+0200] {dagbag.py:539} INFO - Filling up the DagBag from /home/frederic/airflow_venv/lib/python3.10/site-packages/airflow/example_dags/example_trigger_controller_dag.py
[2026-05-29T10:40:32.167+0200] {processor.py:839} INFO - DAG(s) dict_keys(['example_trigger_controller_dag']) retrieved from /home/frederic/airflow_venv/lib/python3.10/site-packages/airflow/example_dags/example_trigger_controller_dag.py
[2026-05-29T10:40:32.180+0200] {logging_mixin.py:151} INFO - [2026-05-29T10:40:32.179+0200] {dag.py:2915} INFO - Sync 1 DAGs
[2026-05-29T10:40:32.195+0200] {logging_mixin.py:151} INFO - [2026-05-29T10:40:32.194+0200] {dag.py:3696} INFO - Setting next_dagrun for example_trigger_controller_dag to 2021-01-01T00:00:00+00:00, run_after=2021-01-01T00:00:00+00:00
[2026-05-29T10:40:32.210+0200] {processor.py:179} INFO - Processing /home/frederic/airflow_venv/lib/python3.10/site-packages/airflow/example_dags/example_trigger_controller_dag.py took 0.050 seconds
[2026-05-29T10:41:17.465+0200] {processor.py:157} INFO - Started process (PID=717153) to work on /home/frederic/airflow_venv/lib/python3.10/site-packages/airflow/example_dags/example_trigger_controller_dag.py
[2026-05-29T10:41:17.467+0200] {processor.py:829} INFO - Processing file /home/frederic/airflow_venv/lib/python3.10/site-packages/airflow/example_dags/example_trigger_controller_dag.py for tasks to queue
[2026-05-29T10:41:17.468+0200] {logging_mixin.py:151} INFO - [2026-05-29T10:41:17.468+0200] {dagbag.py:539} INFO - Filling up the DagBag from /home/frederic/airflow_venv/lib/python3.10/site-packages/airflow/example_dags/example_trigger_controller_dag.py
[2026-05-29T10:41:17.473+0200] {processor.py:839} INFO - DAG(s) dict_keys(['example_trigger_controller_dag']) retrieved from /home/frederic/airflow_venv/lib/python3.10/site-packages/airflow/example_dags/example_trigger_controller_dag.py
[2026-05-29T10:41:17.489+0200] {logging_mixin.py:151} INFO - [2026-05-29T10:41:17.489+0200] {dag.py:2915} INFO - Sync 1 DAGs
[2026-05-29T10:41:17.513+0200] {logging_mixin.py:151} INFO - [2026-05-29T10:41:17.512+0200] {dag.py:3696} INFO - Setting next_dagrun for example_trigger_controller_dag to 2021-01-01T00:00:00+00:00, run_after=2021-01-01T00:00:00+00:00
[2026-05-29T10:41:17.542+0200] {processor.py:179} INFO - Processing /home/frederic/airflow_venv/lib/python3.10/site-packages/airflow/example_dags/example_trigger_controller_dag.py took 0.080 seconds
[2026-05-29T10:42:03.861+0200] {processor.py:157} INFO - Started process (PID=717631) to work on /home/frederic/airflow_venv/lib/python3.10/site-packages/airflow/example_dags/example_trigger_controller_dag.py
[2026-05-29T10:42:03.863+0200] {processor.py:829} INFO - Processing file /home/frederic/airflow_venv/lib/python3.10/site-packages/airflow/example_dags/example_trigger_controller_dag.py for tasks to queue
[2026-05-29T10:42:03.864+0200] {logging_mixin.py:151} INFO - [2026-05-29T10:42:03.863+0200] {dagbag.py:539} INFO - Filling up the DagBag from /home/frederic/airflow_venv/lib/python3.10/site-packages/airflow/example_dags/example_trigger_controller_dag.py
[2026-05-29T10:42:03.868+0200] {processor.py:839} INFO - DAG(s) dict_keys(['example_trigger_controller_dag']) retrieved from /home/frederic/airflow_venv/lib/python3.10/site-packages/airflow/example_dags/example_trigger_controller_dag.py
[2026-05-29T10:42:03.883+0200] {logging_mixin.py:151} INFO - [2026-05-29T10:42:03.883+0200] {dag.py:2915} INFO - Sync 1 DAGs
[2026-05-29T10:42:03.902+0200] {logging_mixin.py:151} INFO - [2026-05-29T10:42:03.902+0200] {dag.py:3696} INFO - Setting next_dagrun for example_trigger_controller_dag to 2021-01-01T00:00:00+00:00, run_after=2021-01-01T00:00:00+00:00
[2026-05-29T10:42:03.918+0200] {processor.py:179} INFO - Processing /home/frederic/airflow_venv/lib/python3.10/site-packages/airflow/example_dags/example_trigger_controller_dag.py took 0.060 seconds
[2026-05-29T10:42:40.413+0200] {processor.py:157} INFO - Started process (PID=717956) to work on /home/frederic/airflow_venv/lib/python3.10/site-packages/airflow/example_dags/example_trigger_controller_dag.py
[2026-05-29T10:42:40.414+0200] {processor.py:829} INFO - Processing file /home/frederic/airflow_venv/lib/python3.10/site-packages/airflow/example_dags/example_trigger_controller_dag.py for tasks to queue
[2026-05-29T10:42:40.414+0200] {logging_mixin.py:151} INFO - [2026-05-29T10:42:40.414+0200] {dagbag.py:539} INFO - Filling up the DagBag from /home/frederic/airflow_venv/lib/python3.10/site-packages/airflow/example_dags/example_trigger_controller_dag.py
[2026-05-29T10:42:40.419+0200] {processor.py:839} INFO - DAG(s) dict_keys(['example_trigger_controller_dag']) retrieved from /home/frederic/airflow_venv/lib/python3.10/site-packages/airflow/example_dags/example_trigger_controller_dag.py
[2026-05-29T10:42:40.434+0200] {logging_mixin.py:151} INFO - [2026-05-29T10:42:40.434+0200] {dag.py:2915} INFO - Sync 1 DAGs
[2026-05-29T10:42:40.455+0200] {logging_mixin.py:151} INFO - [2026-05-29T10:42:40.454+0200] {dag.py:3696} INFO - Setting next_dagrun for example_trigger_controller_dag to 2021-01-01T00:00:00+00:00, run_after=2021-01-01T00:00:00+00:00
[2026-05-29T10:42:40.472+0200] {processor.py:179} INFO - Processing /home/frederic/airflow_venv/lib/python3.10/site-packages/airflow/example_dags/example_trigger_controller_dag.py took 0.063 seconds
[2026-05-29T10:43:24.034+0200] {processor.py:157} INFO - Started process (PID=718524) to work on /home/frederic/airflow_venv/lib/python3.10/site-packages/airflow/example_dags/example_trigger_controller_dag.py
[2026-05-29T10:43:24.035+0200] {processor.py:829} INFO - Processing file /home/frederic/airflow_venv/lib/python3.10/site-packages/airflow/example_dags/example_trigger_controller_dag.py for tasks to queue
[2026-05-29T10:43:24.035+0200] {logging_mixin.py:151} INFO - [2026-05-29T10:43:24.035+0200] {dagbag.py:539} INFO - Filling up the DagBag from /home/frederic/airflow_venv/lib/python3.10/site-packages/airflow/example_dags/example_trigger_controller_dag.py
[2026-05-29T10:43:24.040+0200] {processor.py:839} INFO - DAG(s) dict_keys(['example_trigger_controller_dag']) retrieved from /home/frederic/airflow_venv/lib/python3.10/site-packages/airflow/example_dags/example_trigger_controller_dag.py
[2026-05-29T10:43:24.054+0200] {logging_mixin.py:151} INFO - [2026-05-29T10:43:24.054+0200] {dag.py:2915} INFO - Sync 1 DAGs
[2026-05-29T10:43:24.068+0200] {logging_mixin.py:151} INFO - [2026-05-29T10:43:24.068+0200] {dag.py:3696} INFO - Setting next_dagrun for example_trigger_controller_dag to 2021-01-01T00:00:00+00:00, run_after=2021-01-01T00:00:00+00:00
[2026-05-29T10:43:24.087+0200] {processor.py:179} INFO - Processing /home/frederic/airflow_venv/lib/python3.10/site-packages/airflow/example_dags/example_trigger_controller_dag.py took 0.055 seconds
[2026-05-29T10:44:11.428+0200] {processor.py:157} INFO - Started process (PID=718991) to work on /home/frederic/airflow_venv/lib/python3.10/site-packages/airflow/example_dags/example_trigger_controller_dag.py
[2026-05-29T10:44:11.429+0200] {processor.py:829} INFO - Processing file /home/frederic/airflow_venv/lib/python3.10/site-packages/airflow/example_dags/example_trigger_controller_dag.py for tasks to queue
[2026-05-29T10:44:11.430+0200] {logging_mixin.py:151} INFO - [2026-05-29T10:44:11.429+0200] {dagbag.py:539} INFO - Filling up the DagBag from /home/frederic/airflow_venv/lib/python3.10/site-packages/airflow/example_dags/example_trigger_controller_dag.py
[2026-05-29T10:44:11.435+0200] {processor.py:839} INFO - DAG(s) dict_keys(['example_trigger_controller_dag']) retrieved from /home/frederic/airflow_venv/lib/python3.10/site-packages/airflow/example_dags/example_trigger_controller_dag.py
[2026-05-29T10:44:11.450+0200] {logging_mixin.py:151} INFO - [2026-05-29T10:44:11.450+0200] {dag.py:2915} INFO - Sync 1 DAGs
[2026-05-29T10:44:11.467+0200] {logging_mixin.py:151} INFO - [2026-05-29T10:44:11.466+0200] {dag.py:3696} INFO - Setting next_dagrun for example_trigger_controller_dag to 2021-01-01T00:00:00+00:00, run_after=2021-01-01T00:00:00+00:00
[2026-05-29T10:44:11.483+0200] {processor.py:179} INFO - Processing /home/frederic/airflow_venv/lib/python3.10/site-packages/airflow/example_dags/example_trigger_controller_dag.py took 0.058 seconds
[2026-05-29T10:44:58.434+0200] {processor.py:157} INFO - Started process (PID=719739) to work on /home/frederic/airflow_venv/lib/python3.10/site-packages/airflow/example_dags/example_trigger_controller_dag.py
[2026-05-29T10:44:58.435+0200] {processor.py:829} INFO - Processing file /home/frederic/airflow_venv/lib/python3.10/site-packages/airflow/example_dags/example_trigger_controller_dag.py for tasks to queue
[2026-05-29T10:44:58.436+0200] {logging_mixin.py:151} INFO - [2026-05-29T10:44:58.436+0200] {dagbag.py:539} INFO - Filling up the DagBag from /home/frederic/airflow_venv/lib/python3.10/site-packages/airflow/example_dags/example_trigger_controller_dag.py
[2026-05-29T10:44:58.442+0200] {processor.py:839} INFO - DAG(s) dict_keys(['example_trigger_controller_dag']) retrieved from /home/frederic/airflow_venv/lib/python3.10/site-packages/airflow/example_dags/example_trigger_controller_dag.py
[2026-05-29T10:44:58.457+0200] {logging_mixin.py:151} INFO - [2026-05-29T10:44:58.457+0200] {dag.py:2915} INFO - Sync 1 DAGs
[2026-05-29T10:44:58.472+0200] {logging_mixin.py:151} INFO - [2026-05-29T10:44:58.472+0200] {dag.py:3696} INFO - Setting next_dagrun for example_trigger_controller_dag to 2021-01-01T00:00:00+00:00, run_after=2021-01-01T00:00:00+00:00
[2026-05-29T10:44:58.489+0200] {processor.py:179} INFO - Processing /home/frederic/airflow_venv/lib/python3.10/site-packages/airflow/example_dags/example_trigger_controller_dag.py took 0.057 seconds
[2026-05-29T10:45:45.323+0200] {processor.py:157} INFO - Started process (PID=720256) to work on /home/frederic/airflow_venv/lib/python3.10/site-packages/airflow/example_dags/example_trigger_controller_dag.py
[2026-05-29T10:45:45.325+0200] {processor.py:829} INFO - Processing file /home/frederic/airflow_venv/lib/python3.10/site-packages/airflow/example_dags/example_trigger_controller_dag.py for tasks to queue
[2026-05-29T10:45:45.325+0200] {logging_mixin.py:151} INFO - [2026-05-29T10:45:45.325+0200] {dagbag.py:539} INFO - Filling up the DagBag from /home/frederic/airflow_venv/lib/python3.10/site-packages/airflow/example_dags/example_trigger_controller_dag.py
[2026-05-29T10:45:45.330+0200] {processor.py:839} INFO - DAG(s) dict_keys(['example_trigger_controller_dag']) retrieved from /home/frederic/airflow_venv/lib/python3.10/site-packages/airflow/example_dags/example_trigger_controller_dag.py
[2026-05-29T10:45:45.342+0200] {logging_mixin.py:151} INFO - [2026-05-29T10:45:45.342+0200] {dag.py:2915} INFO - Sync 1 DAGs
[2026-05-29T10:45:45.357+0200] {logging_mixin.py:151} INFO - [2026-05-29T10:45:45.357+0200] {dag.py:3696} INFO - Setting next_dagrun for example_trigger_controller_dag to 2021-01-01T00:00:00+00:00, run_after=2021-01-01T00:00:00+00:00
[2026-05-29T10:45:45.372+0200] {processor.py:179} INFO - Processing /home/frederic/airflow_venv/lib/python3.10/site-packages/airflow/example_dags/example_trigger_controller_dag.py took 0.051 seconds
[2026-05-29T10:46:31.573+0200] {processor.py:157} INFO - Started process (PID=720772) to work on /home/frederic/airflow_venv/lib/python3.10/site-packages/airflow/example_dags/example_trigger_controller_dag.py
[2026-05-29T10:46:31.574+0200] {processor.py:829} INFO - Processing file /home/frederic/airflow_venv/lib/python3.10/site-packages/airflow/example_dags/example_trigger_controller_dag.py for tasks to queue
[2026-05-29T10:46:31.574+0200] {logging_mixin.py:151} INFO - [2026-05-29T10:46:31.574+0200] {dagbag.py:539} INFO - Filling up the DagBag from /home/frederic/airflow_venv/lib/python3.10/site-packages/airflow/example_dags/example_trigger_controller_dag.py
[2026-05-29T10:46:31.578+0200] {processor.py:839} INFO - DAG(s) dict_keys(['example_trigger_controller_dag']) retrieved from /home/frederic/airflow_venv/lib/python3.10/site-packages/airflow/example_dags/example_trigger_controller_dag.py
[2026-05-29T10:46:31.590+0200] {logging_mixin.py:151} INFO - [2026-05-29T10:46:31.590+0200] {dag.py:2915} INFO - Sync 1 DAGs
[2026-05-29T10:46:31.605+0200] {logging_mixin.py:151} INFO - [2026-05-29T10:46:31.605+0200] {dag.py:3696} INFO - Setting next_dagrun for example_trigger_controller_dag to 2021-01-01T00:00:00+00:00, run_after=2021-01-01T00:00:00+00:00
[2026-05-29T10:46:31.621+0200] {processor.py:179} INFO - Processing /home/frederic/airflow_venv/lib/python3.10/site-packages/airflow/example_dags/example_trigger_controller_dag.py took 0.050 seconds
[2026-05-29T10:47:22.990+0200] {processor.py:157} INFO - Started process (PID=721863) to work on /home/frederic/airflow_venv/lib/python3.10/site-packages/airflow/example_dags/example_trigger_controller_dag.py
[2026-05-29T10:47:22.991+0200] {processor.py:829} INFO - Processing file /home/frederic/airflow_venv/lib/python3.10/site-packages/airflow/example_dags/example_trigger_controller_dag.py for tasks to queue
[2026-05-29T10:47:22.991+0200] {logging_mixin.py:151} INFO - [2026-05-29T10:47:22.991+0200] {dagbag.py:539} INFO - Filling up the DagBag from /home/frederic/airflow_venv/lib/python3.10/site-packages/airflow/example_dags/example_trigger_controller_dag.py
[2026-05-29T10:47:22.996+0200] {processor.py:839} INFO - DAG(s) dict_keys(['example_trigger_controller_dag']) retrieved from /home/frederic/airflow_venv/lib/python3.10/site-packages/airflow/example_dags/example_trigger_controller_dag.py
[2026-05-29T10:47:23.010+0200] {logging_mixin.py:151} INFO - [2026-05-29T10:47:23.010+0200] {dag.py:2915} INFO - Sync 1 DAGs
[2026-05-29T10:47:23.027+0200] {logging_mixin.py:151} INFO - [2026-05-29T10:47:23.027+0200] {dag.py:3696} INFO - Setting next_dagrun for example_trigger_controller_dag to 2021-01-01T00:00:00+00:00, run_after=2021-01-01T00:00:00+00:00
[2026-05-29T10:47:23.045+0200] {processor.py:179} INFO - Processing /home/frederic/airflow_venv/lib/python3.10/site-packages/airflow/example_dags/example_trigger_controller_dag.py took 0.057 seconds
[2026-05-29T10:48:07.029+0200] {processor.py:157} INFO - Started process (PID=722339) to work on /home/frederic/airflow_venv/lib/python3.10/site-packages/airflow/example_dags/example_trigger_controller_dag.py
[2026-05-29T10:48:07.030+0200] {processor.py:829} INFO - Processing file /home/frederic/airflow_venv/lib/python3.10/site-packages/airflow/example_dags/example_trigger_controller_dag.py for tasks to queue
[2026-05-29T10:48:07.031+0200] {logging_mixin.py:151} INFO - [2026-05-29T10:48:07.031+0200] {dagbag.py:539} INFO - Filling up the DagBag from /home/frederic/airflow_venv/lib/python3.10/site-packages/airflow/example_dags/example_trigger_controller_dag.py
[2026-05-29T10:48:07.035+0200] {processor.py:839} INFO - DAG(s) dict_keys(['example_trigger_controller_dag']) retrieved from /home/frederic/airflow_venv/lib/python3.10/site-packages/airflow/example_dags/example_trigger_controller_dag.py
[2026-05-29T10:48:07.047+0200] {logging_mixin.py:151} INFO - [2026-05-29T10:48:07.047+0200] {dag.py:2915} INFO - Sync 1 DAGs
[2026-05-29T10:48:07.063+0200] {logging_mixin.py:151} INFO - [2026-05-29T10:48:07.062+0200] {dag.py:3696} INFO - Setting next_dagrun for example_trigger_controller_dag to 2021-01-01T00:00:00+00:00, run_after=2021-01-01T00:00:00+00:00
[2026-05-29T10:48:07.078+0200] {processor.py:179} INFO - Processing /home/frederic/airflow_venv/lib/python3.10/site-packages/airflow/example_dags/example_trigger_controller_dag.py took 0.052 seconds
[2026-05-29T10:48:47.704+0200] {processor.py:157} INFO - Started process (PID=722736) to work on /home/frederic/airflow_venv/lib/python3.10/site-packages/airflow/example_dags/example_trigger_controller_dag.py
[2026-05-29T10:48:47.705+0200] {processor.py:829} INFO - Processing file /home/frederic/airflow_venv/lib/python3.10/site-packages/airflow/example_dags/example_trigger_controller_dag.py for tasks to queue
[2026-05-29T10:48:47.706+0200] {logging_mixin.py:151} INFO - [2026-05-29T10:48:47.705+0200] {dagbag.py:539} INFO - Filling up the DagBag from /home/frederic/airflow_venv/lib/python3.10/site-packages/airflow/example_dags/example_trigger_controller_dag.py
[2026-05-29T10:48:47.710+0200] {processor.py:839} INFO - DAG(s) dict_keys(['example_trigger_controller_dag']) retrieved from /home/frederic/airflow_venv/lib/python3.10/site-packages/airflow/example_dags/example_trigger_controller_dag.py
[2026-05-29T10:48:47.725+0200] {logging_mixin.py:151} INFO - [2026-05-29T10:48:47.724+0200] {dag.py:2915} INFO - Sync 1 DAGs
[2026-05-29T10:48:47.741+0200] {logging_mixin.py:151} INFO - [2026-05-29T10:48:47.741+0200] {dag.py:3696} INFO - Setting next_dagrun for example_trigger_controller_dag to 2021-01-01T00:00:00+00:00, run_after=2021-01-01T00:00:00+00:00
[2026-05-29T10:48:47.755+0200] {processor.py:179} INFO - Processing /home/frederic/airflow_venv/lib/python3.10/site-packages/airflow/example_dags/example_trigger_controller_dag.py took 0.054 seconds
[2026-05-29T10:49:36.915+0200] {processor.py:157} INFO - Started process (PID=723292) to work on /home/frederic/airflow_venv/lib/python3.10/site-packages/airflow/example_dags/example_trigger_controller_dag.py
[2026-05-29T10:49:36.916+0200] {processor.py:829} INFO - Processing file /home/frederic/airflow_venv/lib/python3.10/site-packages/airflow/example_dags/example_trigger_controller_dag.py for tasks to queue
[2026-05-29T10:49:36.917+0200] {logging_mixin.py:151} INFO - [2026-05-29T10:49:36.917+0200] {dagbag.py:539} INFO - Filling up the DagBag from /home/frederic/airflow_venv/lib/python3.10/site-packages/airflow/example_dags/example_trigger_controller_dag.py
[2026-05-29T10:49:36.921+0200] {processor.py:839} INFO - DAG(s) dict_keys(['example_trigger_controller_dag']) retrieved from /home/frederic/airflow_venv/lib/python3.10/site-packages/airflow/example_dags/example_trigger_controller_dag.py
[2026-05-29T10:49:36.934+0200] {logging_mixin.py:151} INFO - [2026-05-29T10:49:36.934+0200] {dag.py:2915} INFO - Sync 1 DAGs
[2026-05-29T10:49:36.952+0200] {logging_mixin.py:151} INFO - [2026-05-29T10:49:36.951+0200] {dag.py:3696} INFO - Setting next_dagrun for example_trigger_controller_dag to 2021-01-01T00:00:00+00:00, run_after=2021-01-01T00:00:00+00:00
[2026-05-29T10:49:36.967+0200] {processor.py:179} INFO - Processing /home/frederic/airflow_venv/lib/python3.10/site-packages/airflow/example_dags/example_trigger_controller_dag.py took 0.055 seconds
[2026-05-29T10:50:23.770+0200] {processor.py:157} INFO - Started process (PID=723792) to work on /home/frederic/airflow_venv/lib/python3.10/site-packages/airflow/example_dags/example_trigger_controller_dag.py
[2026-05-29T10:50:23.772+0200] {processor.py:829} INFO - Processing file /home/frederic/airflow_venv/lib/python3.10/site-packages/airflow/example_dags/example_trigger_controller_dag.py for tasks to queue
[2026-05-29T10:50:23.773+0200] {logging_mixin.py:151} INFO - [2026-05-29T10:50:23.773+0200] {dagbag.py:539} INFO - Filling up the DagBag from /home/frederic/airflow_venv/lib/python3.10/site-packages/airflow/example_dags/example_trigger_controller_dag.py
[2026-05-29T10:50:23.778+0200] {processor.py:839} INFO - DAG(s) dict_keys(['example_trigger_controller_dag']) retrieved from /home/frederic/airflow_venv/lib/python3.10/site-packages/airflow/example_dags/example_trigger_controller_dag.py
[2026-05-29T10:50:23.795+0200] {logging_mixin.py:151} INFO - [2026-05-29T10:50:23.795+0200] {dag.py:2915} INFO - Sync 1 DAGs
[2026-05-29T10:50:23.814+0200] {logging_mixin.py:151} INFO - [2026-05-29T10:50:23.814+0200] {dag.py:3696} INFO - Setting next_dagrun for example_trigger_controller_dag to 2021-01-01T00:00:00+00:00, run_after=2021-01-01T00:00:00+00:00
[2026-05-29T10:50:23.834+0200] {processor.py:179} INFO - Processing /home/frederic/airflow_venv/lib/python3.10/site-packages/airflow/example_dags/example_trigger_controller_dag.py took 0.066 seconds
[2026-05-29T10:51:11.585+0200] {processor.py:157} INFO - Started process (PID=724258) to work on /home/frederic/airflow_venv/lib/python3.10/site-packages/airflow/example_dags/example_trigger_controller_dag.py
[2026-05-29T10:51:11.586+0200] {processor.py:829} INFO - Processing file /home/frederic/airflow_venv/lib/python3.10/site-packages/airflow/example_dags/example_trigger_controller_dag.py for tasks to queue
[2026-05-29T10:51:11.586+0200] {logging_mixin.py:151} INFO - [2026-05-29T10:51:11.586+0200] {dagbag.py:539} INFO - Filling up the DagBag from /home/frederic/airflow_venv/lib/python3.10/site-packages/airflow/example_dags/example_trigger_controller_dag.py
[2026-05-29T10:51:11.592+0200] {processor.py:839} INFO - DAG(s) dict_keys(['example_trigger_controller_dag']) retrieved from /home/frederic/airflow_venv/lib/python3.10/site-packages/airflow/example_dags/example_trigger_controller_dag.py
[2026-05-29T10:51:11.606+0200] {logging_mixin.py:151} INFO - [2026-05-29T10:51:11.605+0200] {dag.py:2915} INFO - Sync 1 DAGs
[2026-05-29T10:51:11.623+0200] {logging_mixin.py:151} INFO - [2026-05-29T10:51:11.623+0200] {dag.py:3696} INFO - Setting next_dagrun for example_trigger_controller_dag to 2021-01-01T00:00:00+00:00, run_after=2021-01-01T00:00:00+00:00
[2026-05-29T10:51:11.638+0200] {processor.py:179} INFO - Processing /home/frederic/airflow_venv/lib/python3.10/site-packages/airflow/example_dags/example_trigger_controller_dag.py took 0.056 seconds
