[2026-05-29T02:00:19.167+0200] {processor.py:157} INFO - Started process (PID=633570) to work on /home/frederic/airflow_venv/lib/python3.10/site-packages/airflow/example_dags/example_branch_operator.py
[2026-05-29T02:00:19.168+0200] {processor.py:829} INFO - Processing file /home/frederic/airflow_venv/lib/python3.10/site-packages/airflow/example_dags/example_branch_operator.py for tasks to queue
[2026-05-29T02:00:19.169+0200] {logging_mixin.py:151} INFO - [2026-05-29T02:00:19.169+0200] {dagbag.py:539} INFO - Filling up the DagBag from /home/frederic/airflow_venv/lib/python3.10/site-packages/airflow/example_dags/example_branch_operator.py
[2026-05-29T02:00:19.177+0200] {processor.py:839} INFO - DAG(s) dict_keys(['example_branch_operator']) retrieved from /home/frederic/airflow_venv/lib/python3.10/site-packages/airflow/example_dags/example_branch_operator.py
[2026-05-29T02:00:19.193+0200] {logging_mixin.py:151} INFO - [2026-05-29T02:00:19.193+0200] {dag.py:2915} INFO - Sync 1 DAGs
[2026-05-29T02:00:19.211+0200] {logging_mixin.py:151} INFO - [2026-05-29T02:00:19.211+0200] {dag.py:3696} INFO - Setting next_dagrun for example_branch_operator to 2026-05-28T00:00:00+00:00, run_after=2026-05-29T00:00:00+00:00
[2026-05-29T02:00:19.236+0200] {processor.py:179} INFO - Processing /home/frederic/airflow_venv/lib/python3.10/site-packages/airflow/example_dags/example_branch_operator.py took 0.072 seconds
[2026-05-29T02:00:50.048+0200] {processor.py:157} INFO - Started process (PID=634640) to work on /home/frederic/airflow_venv/lib/python3.10/site-packages/airflow/example_dags/example_branch_operator.py
[2026-05-29T02:00:50.049+0200] {processor.py:829} INFO - Processing file /home/frederic/airflow_venv/lib/python3.10/site-packages/airflow/example_dags/example_branch_operator.py for tasks to queue
[2026-05-29T02:00:50.049+0200] {logging_mixin.py:151} INFO - [2026-05-29T02:00:50.049+0200] {dagbag.py:539} INFO - Filling up the DagBag from /home/frederic/airflow_venv/lib/python3.10/site-packages/airflow/example_dags/example_branch_operator.py
[2026-05-29T02:00:50.058+0200] {processor.py:839} INFO - DAG(s) dict_keys(['example_branch_operator']) retrieved from /home/frederic/airflow_venv/lib/python3.10/site-packages/airflow/example_dags/example_branch_operator.py
[2026-05-29T02:00:50.076+0200] {logging_mixin.py:151} INFO - [2026-05-29T02:00:50.076+0200] {dag.py:2915} INFO - Sync 1 DAGs
[2026-05-29T02:00:50.096+0200] {logging_mixin.py:151} INFO - [2026-05-29T02:00:50.096+0200] {dag.py:3696} INFO - Setting next_dagrun for example_branch_operator to 2026-05-28T00:00:00+00:00, run_after=2026-05-29T00:00:00+00:00
[2026-05-29T02:00:50.114+0200] {processor.py:179} INFO - Processing /home/frederic/airflow_venv/lib/python3.10/site-packages/airflow/example_dags/example_branch_operator.py took 0.069 seconds
[2026-05-29T02:01:03.963+0200] {processor.py:157} INFO - Started process (PID=634922) to work on /home/frederic/airflow_venv/lib/python3.10/site-packages/airflow/example_dags/example_branch_operator.py
[2026-05-29T02:01:03.963+0200] {processor.py:829} INFO - Processing file /home/frederic/airflow_venv/lib/python3.10/site-packages/airflow/example_dags/example_branch_operator.py for tasks to queue
[2026-05-29T02:01:03.964+0200] {logging_mixin.py:151} INFO - [2026-05-29T02:01:03.964+0200] {dagbag.py:539} INFO - Filling up the DagBag from /home/frederic/airflow_venv/lib/python3.10/site-packages/airflow/example_dags/example_branch_operator.py
[2026-05-29T02:01:03.974+0200] {processor.py:839} INFO - DAG(s) dict_keys(['example_branch_operator']) retrieved from /home/frederic/airflow_venv/lib/python3.10/site-packages/airflow/example_dags/example_branch_operator.py
[2026-05-29T02:01:03.995+0200] {logging_mixin.py:151} INFO - [2026-05-29T02:01:03.994+0200] {dag.py:2915} INFO - Sync 1 DAGs
[2026-05-29T02:01:04.019+0200] {logging_mixin.py:151} INFO - [2026-05-29T02:01:04.018+0200] {dag.py:3696} INFO - Setting next_dagrun for example_branch_operator to 2026-05-28T00:00:00+00:00, run_after=2026-05-29T00:00:00+00:00
[2026-05-29T02:01:04.041+0200] {processor.py:179} INFO - Processing /home/frederic/airflow_venv/lib/python3.10/site-packages/airflow/example_dags/example_branch_operator.py took 0.082 seconds
[2026-05-29T02:01:42.766+0200] {processor.py:157} INFO - Started process (PID=636084) to work on /home/frederic/airflow_venv/lib/python3.10/site-packages/airflow/example_dags/example_branch_operator.py
[2026-05-29T02:01:42.767+0200] {processor.py:829} INFO - Processing file /home/frederic/airflow_venv/lib/python3.10/site-packages/airflow/example_dags/example_branch_operator.py for tasks to queue
[2026-05-29T02:01:42.768+0200] {logging_mixin.py:151} INFO - [2026-05-29T02:01:42.767+0200] {dagbag.py:539} INFO - Filling up the DagBag from /home/frederic/airflow_venv/lib/python3.10/site-packages/airflow/example_dags/example_branch_operator.py
[2026-05-29T02:01:42.776+0200] {processor.py:839} INFO - DAG(s) dict_keys(['example_branch_operator']) retrieved from /home/frederic/airflow_venv/lib/python3.10/site-packages/airflow/example_dags/example_branch_operator.py
[2026-05-29T02:01:42.791+0200] {logging_mixin.py:151} INFO - [2026-05-29T02:01:42.791+0200] {dag.py:2915} INFO - Sync 1 DAGs
[2026-05-29T02:01:42.809+0200] {logging_mixin.py:151} INFO - [2026-05-29T02:01:42.809+0200] {dag.py:3696} INFO - Setting next_dagrun for example_branch_operator to 2026-05-28T00:00:00+00:00, run_after=2026-05-29T00:00:00+00:00
[2026-05-29T02:01:42.824+0200] {processor.py:179} INFO - Processing /home/frederic/airflow_venv/lib/python3.10/site-packages/airflow/example_dags/example_branch_operator.py took 0.061 seconds
[2026-05-29T02:01:47.867+0200] {processor.py:157} INFO - Started process (PID=636221) to work on /home/frederic/airflow_venv/lib/python3.10/site-packages/airflow/example_dags/example_branch_operator.py
[2026-05-29T02:01:47.867+0200] {processor.py:829} INFO - Processing file /home/frederic/airflow_venv/lib/python3.10/site-packages/airflow/example_dags/example_branch_operator.py for tasks to queue
[2026-05-29T02:01:47.868+0200] {logging_mixin.py:151} INFO - [2026-05-29T02:01:47.867+0200] {dagbag.py:539} INFO - Filling up the DagBag from /home/frederic/airflow_venv/lib/python3.10/site-packages/airflow/example_dags/example_branch_operator.py
[2026-05-29T02:01:47.875+0200] {processor.py:839} INFO - DAG(s) dict_keys(['example_branch_operator']) retrieved from /home/frederic/airflow_venv/lib/python3.10/site-packages/airflow/example_dags/example_branch_operator.py
[2026-05-29T02:01:47.890+0200] {logging_mixin.py:151} INFO - [2026-05-29T02:01:47.890+0200] {dag.py:2915} INFO - Sync 1 DAGs
[2026-05-29T02:01:47.909+0200] {logging_mixin.py:151} INFO - [2026-05-29T02:01:47.909+0200] {dag.py:3696} INFO - Setting next_dagrun for example_branch_operator to 2026-05-28T00:00:00+00:00, run_after=2026-05-29T00:00:00+00:00
[2026-05-29T02:01:47.923+0200] {processor.py:179} INFO - Processing /home/frederic/airflow_venv/lib/python3.10/site-packages/airflow/example_dags/example_branch_operator.py took 0.059 seconds
[2026-05-29T02:02:35.808+0200] {processor.py:157} INFO - Started process (PID=637654) to work on /home/frederic/airflow_venv/lib/python3.10/site-packages/airflow/example_dags/example_branch_operator.py
[2026-05-29T02:02:35.811+0200] {processor.py:829} INFO - Processing file /home/frederic/airflow_venv/lib/python3.10/site-packages/airflow/example_dags/example_branch_operator.py for tasks to queue
[2026-05-29T02:02:35.811+0200] {logging_mixin.py:151} INFO - [2026-05-29T02:02:35.811+0200] {dagbag.py:539} INFO - Filling up the DagBag from /home/frederic/airflow_venv/lib/python3.10/site-packages/airflow/example_dags/example_branch_operator.py
[2026-05-29T02:02:35.820+0200] {processor.py:839} INFO - DAG(s) dict_keys(['example_branch_operator']) retrieved from /home/frederic/airflow_venv/lib/python3.10/site-packages/airflow/example_dags/example_branch_operator.py
[2026-05-29T02:02:35.838+0200] {logging_mixin.py:151} INFO - [2026-05-29T02:02:35.837+0200] {dag.py:2915} INFO - Sync 1 DAGs
[2026-05-29T02:02:35.858+0200] {logging_mixin.py:151} INFO - [2026-05-29T02:02:35.858+0200] {dag.py:3696} INFO - Setting next_dagrun for example_branch_operator to 2026-05-28T00:00:00+00:00, run_after=2026-05-29T00:00:00+00:00
[2026-05-29T02:02:35.875+0200] {processor.py:179} INFO - Processing /home/frederic/airflow_venv/lib/python3.10/site-packages/airflow/example_dags/example_branch_operator.py took 0.069 seconds
[2026-05-29T02:02:48.489+0200] {processor.py:157} INFO - Started process (PID=638088) to work on /home/frederic/airflow_venv/lib/python3.10/site-packages/airflow/example_dags/example_branch_operator.py
[2026-05-29T02:02:48.490+0200] {processor.py:829} INFO - Processing file /home/frederic/airflow_venv/lib/python3.10/site-packages/airflow/example_dags/example_branch_operator.py for tasks to queue
[2026-05-29T02:02:48.491+0200] {logging_mixin.py:151} INFO - [2026-05-29T02:02:48.491+0200] {dagbag.py:539} INFO - Filling up the DagBag from /home/frederic/airflow_venv/lib/python3.10/site-packages/airflow/example_dags/example_branch_operator.py
[2026-05-29T02:02:48.502+0200] {processor.py:839} INFO - DAG(s) dict_keys(['example_branch_operator']) retrieved from /home/frederic/airflow_venv/lib/python3.10/site-packages/airflow/example_dags/example_branch_operator.py
[2026-05-29T02:02:48.523+0200] {logging_mixin.py:151} INFO - [2026-05-29T02:02:48.523+0200] {dag.py:2915} INFO - Sync 1 DAGs
[2026-05-29T02:02:48.551+0200] {logging_mixin.py:151} INFO - [2026-05-29T02:02:48.551+0200] {dag.py:3696} INFO - Setting next_dagrun for example_branch_operator to 2026-05-28T00:00:00+00:00, run_after=2026-05-29T00:00:00+00:00
[2026-05-29T02:02:48.579+0200] {processor.py:179} INFO - Processing /home/frederic/airflow_venv/lib/python3.10/site-packages/airflow/example_dags/example_branch_operator.py took 0.092 seconds
[2026-05-29T02:03:23.815+0200] {processor.py:157} INFO - Started process (PID=639039) to work on /home/frederic/airflow_venv/lib/python3.10/site-packages/airflow/example_dags/example_branch_operator.py
[2026-05-29T02:03:23.817+0200] {processor.py:829} INFO - Processing file /home/frederic/airflow_venv/lib/python3.10/site-packages/airflow/example_dags/example_branch_operator.py for tasks to queue
[2026-05-29T02:03:23.818+0200] {logging_mixin.py:151} INFO - [2026-05-29T02:03:23.817+0200] {dagbag.py:539} INFO - Filling up the DagBag from /home/frederic/airflow_venv/lib/python3.10/site-packages/airflow/example_dags/example_branch_operator.py
[2026-05-29T02:03:23.829+0200] {processor.py:839} INFO - DAG(s) dict_keys(['example_branch_operator']) retrieved from /home/frederic/airflow_venv/lib/python3.10/site-packages/airflow/example_dags/example_branch_operator.py
[2026-05-29T02:03:23.849+0200] {logging_mixin.py:151} INFO - [2026-05-29T02:03:23.849+0200] {dag.py:2915} INFO - Sync 1 DAGs
[2026-05-29T02:03:23.871+0200] {logging_mixin.py:151} INFO - [2026-05-29T02:03:23.871+0200] {dag.py:3696} INFO - Setting next_dagrun for example_branch_operator to 2026-05-28T00:00:00+00:00, run_after=2026-05-29T00:00:00+00:00
[2026-05-29T02:03:24.013+0200] {processor.py:179} INFO - Processing /home/frederic/airflow_venv/lib/python3.10/site-packages/airflow/example_dags/example_branch_operator.py took 0.202 seconds
[2026-05-29T02:03:36.814+0200] {processor.py:157} INFO - Started process (PID=639514) to work on /home/frederic/airflow_venv/lib/python3.10/site-packages/airflow/example_dags/example_branch_operator.py
[2026-05-29T02:03:36.815+0200] {processor.py:829} INFO - Processing file /home/frederic/airflow_venv/lib/python3.10/site-packages/airflow/example_dags/example_branch_operator.py for tasks to queue
[2026-05-29T02:03:36.816+0200] {logging_mixin.py:151} INFO - [2026-05-29T02:03:36.815+0200] {dagbag.py:539} INFO - Filling up the DagBag from /home/frederic/airflow_venv/lib/python3.10/site-packages/airflow/example_dags/example_branch_operator.py
[2026-05-29T02:03:36.825+0200] {processor.py:839} INFO - DAG(s) dict_keys(['example_branch_operator']) retrieved from /home/frederic/airflow_venv/lib/python3.10/site-packages/airflow/example_dags/example_branch_operator.py
[2026-05-29T02:03:36.843+0200] {logging_mixin.py:151} INFO - [2026-05-29T02:03:36.842+0200] {dag.py:2915} INFO - Sync 1 DAGs
[2026-05-29T02:03:36.865+0200] {logging_mixin.py:151} INFO - [2026-05-29T02:03:36.864+0200] {dag.py:3696} INFO - Setting next_dagrun for example_branch_operator to 2026-05-28T00:00:00+00:00, run_after=2026-05-29T00:00:00+00:00
[2026-05-29T02:03:36.880+0200] {processor.py:179} INFO - Processing /home/frederic/airflow_venv/lib/python3.10/site-packages/airflow/example_dags/example_branch_operator.py took 0.068 seconds
[2026-05-29T09:58:38.118+0200] {processor.py:157} INFO - Started process (PID=682165) to work on /home/frederic/airflow_venv/lib/python3.10/site-packages/airflow/example_dags/example_branch_operator.py
[2026-05-29T09:58:38.122+0200] {processor.py:829} INFO - Processing file /home/frederic/airflow_venv/lib/python3.10/site-packages/airflow/example_dags/example_branch_operator.py for tasks to queue
[2026-05-29T09:58:38.124+0200] {logging_mixin.py:151} INFO - [2026-05-29T09:58:38.123+0200] {dagbag.py:539} INFO - Filling up the DagBag from /home/frederic/airflow_venv/lib/python3.10/site-packages/airflow/example_dags/example_branch_operator.py
[2026-05-29T09:58:38.136+0200] {processor.py:839} INFO - DAG(s) dict_keys(['example_branch_operator']) retrieved from /home/frederic/airflow_venv/lib/python3.10/site-packages/airflow/example_dags/example_branch_operator.py
[2026-05-29T09:58:38.160+0200] {logging_mixin.py:151} INFO - [2026-05-29T09:58:38.160+0200] {dag.py:2915} INFO - Sync 1 DAGs
[2026-05-29T09:58:38.186+0200] {logging_mixin.py:151} INFO - [2026-05-29T09:58:38.185+0200] {dag.py:3696} INFO - Setting next_dagrun for example_branch_operator to 2026-05-28T00:00:00+00:00, run_after=2026-05-29T00:00:00+00:00
[2026-05-29T09:58:38.210+0200] {processor.py:179} INFO - Processing /home/frederic/airflow_venv/lib/python3.10/site-packages/airflow/example_dags/example_branch_operator.py took 0.095 seconds
[2026-05-29T09:59:41.354+0200] {processor.py:157} INFO - Started process (PID=683745) to work on /home/frederic/airflow_venv/lib/python3.10/site-packages/airflow/example_dags/example_branch_operator.py
[2026-05-29T09:59:41.355+0200] {processor.py:829} INFO - Processing file /home/frederic/airflow_venv/lib/python3.10/site-packages/airflow/example_dags/example_branch_operator.py for tasks to queue
[2026-05-29T09:59:41.356+0200] {logging_mixin.py:151} INFO - [2026-05-29T09:59:41.356+0200] {dagbag.py:539} INFO - Filling up the DagBag from /home/frederic/airflow_venv/lib/python3.10/site-packages/airflow/example_dags/example_branch_operator.py
[2026-05-29T09:59:41.367+0200] {processor.py:839} INFO - DAG(s) dict_keys(['example_branch_operator']) retrieved from /home/frederic/airflow_venv/lib/python3.10/site-packages/airflow/example_dags/example_branch_operator.py
[2026-05-29T09:59:41.385+0200] {logging_mixin.py:151} INFO - [2026-05-29T09:59:41.385+0200] {dag.py:2915} INFO - Sync 1 DAGs
[2026-05-29T09:59:41.406+0200] {logging_mixin.py:151} INFO - [2026-05-29T09:59:41.405+0200] {dag.py:3696} INFO - Setting next_dagrun for example_branch_operator to 2026-05-28T00:00:00+00:00, run_after=2026-05-29T00:00:00+00:00
[2026-05-29T09:59:41.425+0200] {processor.py:179} INFO - Processing /home/frederic/airflow_venv/lib/python3.10/site-packages/airflow/example_dags/example_branch_operator.py took 0.073 seconds
[2026-05-29T10:00:32.584+0200] {processor.py:157} INFO - Started process (PID=684459) to work on /home/frederic/airflow_venv/lib/python3.10/site-packages/airflow/example_dags/example_branch_operator.py
[2026-05-29T10:00:32.588+0200] {processor.py:829} INFO - Processing file /home/frederic/airflow_venv/lib/python3.10/site-packages/airflow/example_dags/example_branch_operator.py for tasks to queue
[2026-05-29T10:00:32.589+0200] {logging_mixin.py:151} INFO - [2026-05-29T10:00:32.589+0200] {dagbag.py:539} INFO - Filling up the DagBag from /home/frederic/airflow_venv/lib/python3.10/site-packages/airflow/example_dags/example_branch_operator.py
[2026-05-29T10:00:32.600+0200] {processor.py:839} INFO - DAG(s) dict_keys(['example_branch_operator']) retrieved from /home/frederic/airflow_venv/lib/python3.10/site-packages/airflow/example_dags/example_branch_operator.py
[2026-05-29T10:00:32.620+0200] {logging_mixin.py:151} INFO - [2026-05-29T10:00:32.620+0200] {dag.py:2915} INFO - Sync 1 DAGs
[2026-05-29T10:00:32.640+0200] {logging_mixin.py:151} INFO - [2026-05-29T10:00:32.640+0200] {dag.py:3696} INFO - Setting next_dagrun for example_branch_operator to 2026-05-28T00:00:00+00:00, run_after=2026-05-29T00:00:00+00:00
[2026-05-29T10:00:32.663+0200] {processor.py:179} INFO - Processing /home/frederic/airflow_venv/lib/python3.10/site-packages/airflow/example_dags/example_branch_operator.py took 0.083 seconds
[2026-05-29T10:01:21.750+0200] {processor.py:157} INFO - Started process (PID=685388) to work on /home/frederic/airflow_venv/lib/python3.10/site-packages/airflow/example_dags/example_branch_operator.py
[2026-05-29T10:01:21.751+0200] {processor.py:829} INFO - Processing file /home/frederic/airflow_venv/lib/python3.10/site-packages/airflow/example_dags/example_branch_operator.py for tasks to queue
[2026-05-29T10:01:21.751+0200] {logging_mixin.py:151} INFO - [2026-05-29T10:01:21.751+0200] {dagbag.py:539} INFO - Filling up the DagBag from /home/frederic/airflow_venv/lib/python3.10/site-packages/airflow/example_dags/example_branch_operator.py
[2026-05-29T10:01:21.761+0200] {processor.py:839} INFO - DAG(s) dict_keys(['example_branch_operator']) retrieved from /home/frederic/airflow_venv/lib/python3.10/site-packages/airflow/example_dags/example_branch_operator.py
[2026-05-29T10:01:21.778+0200] {logging_mixin.py:151} INFO - [2026-05-29T10:01:21.778+0200] {dag.py:2915} INFO - Sync 1 DAGs
[2026-05-29T10:01:21.803+0200] {logging_mixin.py:151} INFO - [2026-05-29T10:01:21.803+0200] {dag.py:3696} INFO - Setting next_dagrun for example_branch_operator to 2026-05-28T00:00:00+00:00, run_after=2026-05-29T00:00:00+00:00
[2026-05-29T10:01:21.821+0200] {processor.py:179} INFO - Processing /home/frederic/airflow_venv/lib/python3.10/site-packages/airflow/example_dags/example_branch_operator.py took 0.074 seconds
[2026-05-29T10:02:10.597+0200] {processor.py:157} INFO - Started process (PID=685993) to work on /home/frederic/airflow_venv/lib/python3.10/site-packages/airflow/example_dags/example_branch_operator.py
[2026-05-29T10:02:10.599+0200] {processor.py:829} INFO - Processing file /home/frederic/airflow_venv/lib/python3.10/site-packages/airflow/example_dags/example_branch_operator.py for tasks to queue
[2026-05-29T10:02:10.600+0200] {logging_mixin.py:151} INFO - [2026-05-29T10:02:10.600+0200] {dagbag.py:539} INFO - Filling up the DagBag from /home/frederic/airflow_venv/lib/python3.10/site-packages/airflow/example_dags/example_branch_operator.py
[2026-05-29T10:02:10.612+0200] {processor.py:839} INFO - DAG(s) dict_keys(['example_branch_operator']) retrieved from /home/frederic/airflow_venv/lib/python3.10/site-packages/airflow/example_dags/example_branch_operator.py
[2026-05-29T10:02:10.630+0200] {logging_mixin.py:151} INFO - [2026-05-29T10:02:10.630+0200] {dag.py:2915} INFO - Sync 1 DAGs
[2026-05-29T10:02:10.653+0200] {logging_mixin.py:151} INFO - [2026-05-29T10:02:10.653+0200] {dag.py:3696} INFO - Setting next_dagrun for example_branch_operator to 2026-05-28T00:00:00+00:00, run_after=2026-05-29T00:00:00+00:00
[2026-05-29T10:02:10.673+0200] {processor.py:179} INFO - Processing /home/frederic/airflow_venv/lib/python3.10/site-packages/airflow/example_dags/example_branch_operator.py took 0.079 seconds
[2026-05-29T10:02:55.631+0200] {processor.py:157} INFO - Started process (PID=686410) to work on /home/frederic/airflow_venv/lib/python3.10/site-packages/airflow/example_dags/example_branch_operator.py
[2026-05-29T10:02:55.634+0200] {processor.py:829} INFO - Processing file /home/frederic/airflow_venv/lib/python3.10/site-packages/airflow/example_dags/example_branch_operator.py for tasks to queue
[2026-05-29T10:02:55.635+0200] {logging_mixin.py:151} INFO - [2026-05-29T10:02:55.635+0200] {dagbag.py:539} INFO - Filling up the DagBag from /home/frederic/airflow_venv/lib/python3.10/site-packages/airflow/example_dags/example_branch_operator.py
[2026-05-29T10:02:55.645+0200] {processor.py:839} INFO - DAG(s) dict_keys(['example_branch_operator']) retrieved from /home/frederic/airflow_venv/lib/python3.10/site-packages/airflow/example_dags/example_branch_operator.py
[2026-05-29T10:02:55.663+0200] {logging_mixin.py:151} INFO - [2026-05-29T10:02:55.663+0200] {dag.py:2915} INFO - Sync 1 DAGs
[2026-05-29T10:02:55.685+0200] {logging_mixin.py:151} INFO - [2026-05-29T10:02:55.685+0200] {dag.py:3696} INFO - Setting next_dagrun for example_branch_operator to 2026-05-28T00:00:00+00:00, run_after=2026-05-29T00:00:00+00:00
[2026-05-29T10:02:55.703+0200] {processor.py:179} INFO - Processing /home/frederic/airflow_venv/lib/python3.10/site-packages/airflow/example_dags/example_branch_operator.py took 0.075 seconds
[2026-05-29T10:03:43.470+0200] {processor.py:157} INFO - Started process (PID=687167) to work on /home/frederic/airflow_venv/lib/python3.10/site-packages/airflow/example_dags/example_branch_operator.py
[2026-05-29T10:03:43.471+0200] {processor.py:829} INFO - Processing file /home/frederic/airflow_venv/lib/python3.10/site-packages/airflow/example_dags/example_branch_operator.py for tasks to queue
[2026-05-29T10:03:43.472+0200] {logging_mixin.py:151} INFO - [2026-05-29T10:03:43.472+0200] {dagbag.py:539} INFO - Filling up the DagBag from /home/frederic/airflow_venv/lib/python3.10/site-packages/airflow/example_dags/example_branch_operator.py
[2026-05-29T10:03:43.482+0200] {processor.py:839} INFO - DAG(s) dict_keys(['example_branch_operator']) retrieved from /home/frederic/airflow_venv/lib/python3.10/site-packages/airflow/example_dags/example_branch_operator.py
[2026-05-29T10:03:43.500+0200] {logging_mixin.py:151} INFO - [2026-05-29T10:03:43.500+0200] {dag.py:2915} INFO - Sync 1 DAGs
[2026-05-29T10:03:43.520+0200] {logging_mixin.py:151} INFO - [2026-05-29T10:03:43.520+0200] {dag.py:3696} INFO - Setting next_dagrun for example_branch_operator to 2026-05-28T00:00:00+00:00, run_after=2026-05-29T00:00:00+00:00
[2026-05-29T10:03:43.540+0200] {processor.py:179} INFO - Processing /home/frederic/airflow_venv/lib/python3.10/site-packages/airflow/example_dags/example_branch_operator.py took 0.072 seconds
[2026-05-29T10:04:31.639+0200] {processor.py:157} INFO - Started process (PID=688208) to work on /home/frederic/airflow_venv/lib/python3.10/site-packages/airflow/example_dags/example_branch_operator.py
[2026-05-29T10:04:31.643+0200] {processor.py:829} INFO - Processing file /home/frederic/airflow_venv/lib/python3.10/site-packages/airflow/example_dags/example_branch_operator.py for tasks to queue
[2026-05-29T10:04:31.645+0200] {logging_mixin.py:151} INFO - [2026-05-29T10:04:31.644+0200] {dagbag.py:539} INFO - Filling up the DagBag from /home/frederic/airflow_venv/lib/python3.10/site-packages/airflow/example_dags/example_branch_operator.py
[2026-05-29T10:04:31.654+0200] {processor.py:839} INFO - DAG(s) dict_keys(['example_branch_operator']) retrieved from /home/frederic/airflow_venv/lib/python3.10/site-packages/airflow/example_dags/example_branch_operator.py
[2026-05-29T10:04:31.675+0200] {logging_mixin.py:151} INFO - [2026-05-29T10:04:31.674+0200] {dag.py:2915} INFO - Sync 1 DAGs
[2026-05-29T10:04:31.696+0200] {logging_mixin.py:151} INFO - [2026-05-29T10:04:31.696+0200] {dag.py:3696} INFO - Setting next_dagrun for example_branch_operator to 2026-05-28T00:00:00+00:00, run_after=2026-05-29T00:00:00+00:00
[2026-05-29T10:04:31.722+0200] {processor.py:179} INFO - Processing /home/frederic/airflow_venv/lib/python3.10/site-packages/airflow/example_dags/example_branch_operator.py took 0.086 seconds
[2026-05-29T10:05:18.851+0200] {processor.py:157} INFO - Started process (PID=689279) to work on /home/frederic/airflow_venv/lib/python3.10/site-packages/airflow/example_dags/example_branch_operator.py
[2026-05-29T10:05:18.852+0200] {processor.py:829} INFO - Processing file /home/frederic/airflow_venv/lib/python3.10/site-packages/airflow/example_dags/example_branch_operator.py for tasks to queue
[2026-05-29T10:05:18.852+0200] {logging_mixin.py:151} INFO - [2026-05-29T10:05:18.852+0200] {dagbag.py:539} INFO - Filling up the DagBag from /home/frederic/airflow_venv/lib/python3.10/site-packages/airflow/example_dags/example_branch_operator.py
[2026-05-29T10:05:18.863+0200] {processor.py:839} INFO - DAG(s) dict_keys(['example_branch_operator']) retrieved from /home/frederic/airflow_venv/lib/python3.10/site-packages/airflow/example_dags/example_branch_operator.py
[2026-05-29T10:05:18.883+0200] {logging_mixin.py:151} INFO - [2026-05-29T10:05:18.883+0200] {dag.py:2915} INFO - Sync 1 DAGs
[2026-05-29T10:05:18.903+0200] {logging_mixin.py:151} INFO - [2026-05-29T10:05:18.903+0200] {dag.py:3696} INFO - Setting next_dagrun for example_branch_operator to 2026-05-28T00:00:00+00:00, run_after=2026-05-29T00:00:00+00:00
[2026-05-29T10:05:18.919+0200] {processor.py:179} INFO - Processing /home/frederic/airflow_venv/lib/python3.10/site-packages/airflow/example_dags/example_branch_operator.py took 0.071 seconds
[2026-05-29T10:06:05.967+0200] {processor.py:157} INFO - Started process (PID=690009) to work on /home/frederic/airflow_venv/lib/python3.10/site-packages/airflow/example_dags/example_branch_operator.py
[2026-05-29T10:06:05.968+0200] {processor.py:829} INFO - Processing file /home/frederic/airflow_venv/lib/python3.10/site-packages/airflow/example_dags/example_branch_operator.py for tasks to queue
[2026-05-29T10:06:05.969+0200] {logging_mixin.py:151} INFO - [2026-05-29T10:06:05.969+0200] {dagbag.py:539} INFO - Filling up the DagBag from /home/frederic/airflow_venv/lib/python3.10/site-packages/airflow/example_dags/example_branch_operator.py
[2026-05-29T10:06:05.979+0200] {processor.py:839} INFO - DAG(s) dict_keys(['example_branch_operator']) retrieved from /home/frederic/airflow_venv/lib/python3.10/site-packages/airflow/example_dags/example_branch_operator.py
[2026-05-29T10:06:05.997+0200] {logging_mixin.py:151} INFO - [2026-05-29T10:06:05.997+0200] {dag.py:2915} INFO - Sync 1 DAGs
[2026-05-29T10:06:06.019+0200] {logging_mixin.py:151} INFO - [2026-05-29T10:06:06.019+0200] {dag.py:3696} INFO - Setting next_dagrun for example_branch_operator to 2026-05-28T00:00:00+00:00, run_after=2026-05-29T00:00:00+00:00
[2026-05-29T10:06:06.038+0200] {processor.py:179} INFO - Processing /home/frederic/airflow_venv/lib/python3.10/site-packages/airflow/example_dags/example_branch_operator.py took 0.073 seconds
[2026-05-29T10:06:59.763+0200] {processor.py:157} INFO - Started process (PID=690699) to work on /home/frederic/airflow_venv/lib/python3.10/site-packages/airflow/example_dags/example_branch_operator.py
[2026-05-29T10:06:59.764+0200] {processor.py:829} INFO - Processing file /home/frederic/airflow_venv/lib/python3.10/site-packages/airflow/example_dags/example_branch_operator.py for tasks to queue
[2026-05-29T10:06:59.765+0200] {logging_mixin.py:151} INFO - [2026-05-29T10:06:59.765+0200] {dagbag.py:539} INFO - Filling up the DagBag from /home/frederic/airflow_venv/lib/python3.10/site-packages/airflow/example_dags/example_branch_operator.py
[2026-05-29T10:06:59.775+0200] {processor.py:839} INFO - DAG(s) dict_keys(['example_branch_operator']) retrieved from /home/frederic/airflow_venv/lib/python3.10/site-packages/airflow/example_dags/example_branch_operator.py
[2026-05-29T10:06:59.791+0200] {logging_mixin.py:151} INFO - [2026-05-29T10:06:59.791+0200] {dag.py:2915} INFO - Sync 1 DAGs
[2026-05-29T10:06:59.810+0200] {logging_mixin.py:151} INFO - [2026-05-29T10:06:59.810+0200] {dag.py:3696} INFO - Setting next_dagrun for example_branch_operator to 2026-05-28T00:00:00+00:00, run_after=2026-05-29T00:00:00+00:00
[2026-05-29T10:06:59.828+0200] {processor.py:179} INFO - Processing /home/frederic/airflow_venv/lib/python3.10/site-packages/airflow/example_dags/example_branch_operator.py took 0.067 seconds
[2026-05-29T10:07:54.262+0200] {processor.py:157} INFO - Started process (PID=691330) to work on /home/frederic/airflow_venv/lib/python3.10/site-packages/airflow/example_dags/example_branch_operator.py
[2026-05-29T10:07:54.263+0200] {processor.py:829} INFO - Processing file /home/frederic/airflow_venv/lib/python3.10/site-packages/airflow/example_dags/example_branch_operator.py for tasks to queue
[2026-05-29T10:07:54.263+0200] {logging_mixin.py:151} INFO - [2026-05-29T10:07:54.263+0200] {dagbag.py:539} INFO - Filling up the DagBag from /home/frederic/airflow_venv/lib/python3.10/site-packages/airflow/example_dags/example_branch_operator.py
[2026-05-29T10:07:54.272+0200] {processor.py:839} INFO - DAG(s) dict_keys(['example_branch_operator']) retrieved from /home/frederic/airflow_venv/lib/python3.10/site-packages/airflow/example_dags/example_branch_operator.py
[2026-05-29T10:07:54.291+0200] {logging_mixin.py:151} INFO - [2026-05-29T10:07:54.291+0200] {dag.py:2915} INFO - Sync 1 DAGs
[2026-05-29T10:07:54.317+0200] {logging_mixin.py:151} INFO - [2026-05-29T10:07:54.317+0200] {dag.py:3696} INFO - Setting next_dagrun for example_branch_operator to 2026-05-28T00:00:00+00:00, run_after=2026-05-29T00:00:00+00:00
[2026-05-29T10:07:54.338+0200] {processor.py:179} INFO - Processing /home/frederic/airflow_venv/lib/python3.10/site-packages/airflow/example_dags/example_branch_operator.py took 0.078 seconds
[2026-05-29T10:08:39.360+0200] {processor.py:157} INFO - Started process (PID=691845) to work on /home/frederic/airflow_venv/lib/python3.10/site-packages/airflow/example_dags/example_branch_operator.py
[2026-05-29T10:08:39.364+0200] {processor.py:829} INFO - Processing file /home/frederic/airflow_venv/lib/python3.10/site-packages/airflow/example_dags/example_branch_operator.py for tasks to queue
[2026-05-29T10:08:39.365+0200] {logging_mixin.py:151} INFO - [2026-05-29T10:08:39.364+0200] {dagbag.py:539} INFO - Filling up the DagBag from /home/frederic/airflow_venv/lib/python3.10/site-packages/airflow/example_dags/example_branch_operator.py
[2026-05-29T10:08:39.378+0200] {processor.py:839} INFO - DAG(s) dict_keys(['example_branch_operator']) retrieved from /home/frederic/airflow_venv/lib/python3.10/site-packages/airflow/example_dags/example_branch_operator.py
[2026-05-29T10:08:39.398+0200] {logging_mixin.py:151} INFO - [2026-05-29T10:08:39.397+0200] {dag.py:2915} INFO - Sync 1 DAGs
[2026-05-29T10:08:39.421+0200] {logging_mixin.py:151} INFO - [2026-05-29T10:08:39.421+0200] {dag.py:3696} INFO - Setting next_dagrun for example_branch_operator to 2026-05-28T00:00:00+00:00, run_after=2026-05-29T00:00:00+00:00
[2026-05-29T10:08:39.439+0200] {processor.py:179} INFO - Processing /home/frederic/airflow_venv/lib/python3.10/site-packages/airflow/example_dags/example_branch_operator.py took 0.082 seconds
[2026-05-29T10:09:26.191+0200] {processor.py:157} INFO - Started process (PID=692467) to work on /home/frederic/airflow_venv/lib/python3.10/site-packages/airflow/example_dags/example_branch_operator.py
[2026-05-29T10:09:26.192+0200] {processor.py:829} INFO - Processing file /home/frederic/airflow_venv/lib/python3.10/site-packages/airflow/example_dags/example_branch_operator.py for tasks to queue
[2026-05-29T10:09:26.192+0200] {logging_mixin.py:151} INFO - [2026-05-29T10:09:26.192+0200] {dagbag.py:539} INFO - Filling up the DagBag from /home/frederic/airflow_venv/lib/python3.10/site-packages/airflow/example_dags/example_branch_operator.py
[2026-05-29T10:09:26.203+0200] {processor.py:839} INFO - DAG(s) dict_keys(['example_branch_operator']) retrieved from /home/frederic/airflow_venv/lib/python3.10/site-packages/airflow/example_dags/example_branch_operator.py
[2026-05-29T10:09:26.220+0200] {logging_mixin.py:151} INFO - [2026-05-29T10:09:26.220+0200] {dag.py:2915} INFO - Sync 1 DAGs
[2026-05-29T10:09:26.240+0200] {logging_mixin.py:151} INFO - [2026-05-29T10:09:26.240+0200] {dag.py:3696} INFO - Setting next_dagrun for example_branch_operator to 2026-05-28T00:00:00+00:00, run_after=2026-05-29T00:00:00+00:00
[2026-05-29T10:09:26.257+0200] {processor.py:179} INFO - Processing /home/frederic/airflow_venv/lib/python3.10/site-packages/airflow/example_dags/example_branch_operator.py took 0.069 seconds
[2026-05-29T10:10:16.557+0200] {processor.py:157} INFO - Started process (PID=693035) to work on /home/frederic/airflow_venv/lib/python3.10/site-packages/airflow/example_dags/example_branch_operator.py
[2026-05-29T10:10:16.561+0200] {processor.py:829} INFO - Processing file /home/frederic/airflow_venv/lib/python3.10/site-packages/airflow/example_dags/example_branch_operator.py for tasks to queue
[2026-05-29T10:10:16.562+0200] {logging_mixin.py:151} INFO - [2026-05-29T10:10:16.561+0200] {dagbag.py:539} INFO - Filling up the DagBag from /home/frederic/airflow_venv/lib/python3.10/site-packages/airflow/example_dags/example_branch_operator.py
[2026-05-29T10:10:16.571+0200] {processor.py:839} INFO - DAG(s) dict_keys(['example_branch_operator']) retrieved from /home/frederic/airflow_venv/lib/python3.10/site-packages/airflow/example_dags/example_branch_operator.py
[2026-05-29T10:10:16.588+0200] {logging_mixin.py:151} INFO - [2026-05-29T10:10:16.588+0200] {dag.py:2915} INFO - Sync 1 DAGs
[2026-05-29T10:10:16.606+0200] {logging_mixin.py:151} INFO - [2026-05-29T10:10:16.606+0200] {dag.py:3696} INFO - Setting next_dagrun for example_branch_operator to 2026-05-28T00:00:00+00:00, run_after=2026-05-29T00:00:00+00:00
[2026-05-29T10:10:16.625+0200] {processor.py:179} INFO - Processing /home/frederic/airflow_venv/lib/python3.10/site-packages/airflow/example_dags/example_branch_operator.py took 0.070 seconds
[2026-05-29T10:11:04.439+0200] {processor.py:157} INFO - Started process (PID=694146) to work on /home/frederic/airflow_venv/lib/python3.10/site-packages/airflow/example_dags/example_branch_operator.py
[2026-05-29T10:11:04.442+0200] {processor.py:829} INFO - Processing file /home/frederic/airflow_venv/lib/python3.10/site-packages/airflow/example_dags/example_branch_operator.py for tasks to queue
[2026-05-29T10:11:04.443+0200] {logging_mixin.py:151} INFO - [2026-05-29T10:11:04.443+0200] {dagbag.py:539} INFO - Filling up the DagBag from /home/frederic/airflow_venv/lib/python3.10/site-packages/airflow/example_dags/example_branch_operator.py
[2026-05-29T10:11:04.452+0200] {processor.py:839} INFO - DAG(s) dict_keys(['example_branch_operator']) retrieved from /home/frederic/airflow_venv/lib/python3.10/site-packages/airflow/example_dags/example_branch_operator.py
[2026-05-29T10:11:04.469+0200] {logging_mixin.py:151} INFO - [2026-05-29T10:11:04.469+0200] {dag.py:2915} INFO - Sync 1 DAGs
[2026-05-29T10:11:04.489+0200] {logging_mixin.py:151} INFO - [2026-05-29T10:11:04.489+0200] {dag.py:3696} INFO - Setting next_dagrun for example_branch_operator to 2026-05-28T00:00:00+00:00, run_after=2026-05-29T00:00:00+00:00
[2026-05-29T10:11:04.508+0200] {processor.py:179} INFO - Processing /home/frederic/airflow_venv/lib/python3.10/site-packages/airflow/example_dags/example_branch_operator.py took 0.072 seconds
[2026-05-29T10:11:53.669+0200] {processor.py:157} INFO - Started process (PID=695122) to work on /home/frederic/airflow_venv/lib/python3.10/site-packages/airflow/example_dags/example_branch_operator.py
[2026-05-29T10:11:53.671+0200] {processor.py:829} INFO - Processing file /home/frederic/airflow_venv/lib/python3.10/site-packages/airflow/example_dags/example_branch_operator.py for tasks to queue
[2026-05-29T10:11:53.672+0200] {logging_mixin.py:151} INFO - [2026-05-29T10:11:53.671+0200] {dagbag.py:539} INFO - Filling up the DagBag from /home/frederic/airflow_venv/lib/python3.10/site-packages/airflow/example_dags/example_branch_operator.py
[2026-05-29T10:11:53.686+0200] {processor.py:839} INFO - DAG(s) dict_keys(['example_branch_operator']) retrieved from /home/frederic/airflow_venv/lib/python3.10/site-packages/airflow/example_dags/example_branch_operator.py
[2026-05-29T10:11:53.715+0200] {logging_mixin.py:151} INFO - [2026-05-29T10:11:53.714+0200] {dag.py:2915} INFO - Sync 1 DAGs
[2026-05-29T10:11:53.753+0200] {logging_mixin.py:151} INFO - [2026-05-29T10:11:53.753+0200] {dag.py:3696} INFO - Setting next_dagrun for example_branch_operator to 2026-05-28T00:00:00+00:00, run_after=2026-05-29T00:00:00+00:00
[2026-05-29T10:11:53.779+0200] {processor.py:179} INFO - Processing /home/frederic/airflow_venv/lib/python3.10/site-packages/airflow/example_dags/example_branch_operator.py took 0.114 seconds
[2026-05-29T10:12:36.295+0200] {processor.py:157} INFO - Started process (PID=695589) to work on /home/frederic/airflow_venv/lib/python3.10/site-packages/airflow/example_dags/example_branch_operator.py
[2026-05-29T10:12:36.296+0200] {processor.py:829} INFO - Processing file /home/frederic/airflow_venv/lib/python3.10/site-packages/airflow/example_dags/example_branch_operator.py for tasks to queue
[2026-05-29T10:12:36.296+0200] {logging_mixin.py:151} INFO - [2026-05-29T10:12:36.296+0200] {dagbag.py:539} INFO - Filling up the DagBag from /home/frederic/airflow_venv/lib/python3.10/site-packages/airflow/example_dags/example_branch_operator.py
[2026-05-29T10:12:36.304+0200] {processor.py:839} INFO - DAG(s) dict_keys(['example_branch_operator']) retrieved from /home/frederic/airflow_venv/lib/python3.10/site-packages/airflow/example_dags/example_branch_operator.py
[2026-05-29T10:12:36.319+0200] {logging_mixin.py:151} INFO - [2026-05-29T10:12:36.319+0200] {dag.py:2915} INFO - Sync 1 DAGs
[2026-05-29T10:12:36.336+0200] {logging_mixin.py:151} INFO - [2026-05-29T10:12:36.335+0200] {dag.py:3696} INFO - Setting next_dagrun for example_branch_operator to 2026-05-28T00:00:00+00:00, run_after=2026-05-29T00:00:00+00:00
[2026-05-29T10:12:36.350+0200] {processor.py:179} INFO - Processing /home/frederic/airflow_venv/lib/python3.10/site-packages/airflow/example_dags/example_branch_operator.py took 0.058 seconds
[2026-05-29T10:13:29.300+0200] {processor.py:157} INFO - Started process (PID=696179) to work on /home/frederic/airflow_venv/lib/python3.10/site-packages/airflow/example_dags/example_branch_operator.py
[2026-05-29T10:13:29.301+0200] {processor.py:829} INFO - Processing file /home/frederic/airflow_venv/lib/python3.10/site-packages/airflow/example_dags/example_branch_operator.py for tasks to queue
[2026-05-29T10:13:29.302+0200] {logging_mixin.py:151} INFO - [2026-05-29T10:13:29.301+0200] {dagbag.py:539} INFO - Filling up the DagBag from /home/frederic/airflow_venv/lib/python3.10/site-packages/airflow/example_dags/example_branch_operator.py
[2026-05-29T10:13:29.309+0200] {processor.py:839} INFO - DAG(s) dict_keys(['example_branch_operator']) retrieved from /home/frederic/airflow_venv/lib/python3.10/site-packages/airflow/example_dags/example_branch_operator.py
[2026-05-29T10:13:29.323+0200] {logging_mixin.py:151} INFO - [2026-05-29T10:13:29.323+0200] {dag.py:2915} INFO - Sync 1 DAGs
[2026-05-29T10:13:29.340+0200] {logging_mixin.py:151} INFO - [2026-05-29T10:13:29.340+0200] {dag.py:3696} INFO - Setting next_dagrun for example_branch_operator to 2026-05-28T00:00:00+00:00, run_after=2026-05-29T00:00:00+00:00
[2026-05-29T10:13:29.355+0200] {processor.py:179} INFO - Processing /home/frederic/airflow_venv/lib/python3.10/site-packages/airflow/example_dags/example_branch_operator.py took 0.057 seconds
[2026-05-29T10:14:21.851+0200] {processor.py:157} INFO - Started process (PID=696805) to work on /home/frederic/airflow_venv/lib/python3.10/site-packages/airflow/example_dags/example_branch_operator.py
[2026-05-29T10:14:21.852+0200] {processor.py:829} INFO - Processing file /home/frederic/airflow_venv/lib/python3.10/site-packages/airflow/example_dags/example_branch_operator.py for tasks to queue
[2026-05-29T10:14:21.852+0200] {logging_mixin.py:151} INFO - [2026-05-29T10:14:21.852+0200] {dagbag.py:539} INFO - Filling up the DagBag from /home/frederic/airflow_venv/lib/python3.10/site-packages/airflow/example_dags/example_branch_operator.py
[2026-05-29T10:14:21.859+0200] {processor.py:839} INFO - DAG(s) dict_keys(['example_branch_operator']) retrieved from /home/frederic/airflow_venv/lib/python3.10/site-packages/airflow/example_dags/example_branch_operator.py
[2026-05-29T10:14:21.873+0200] {logging_mixin.py:151} INFO - [2026-05-29T10:14:21.873+0200] {dag.py:2915} INFO - Sync 1 DAGs
[2026-05-29T10:14:21.889+0200] {logging_mixin.py:151} INFO - [2026-05-29T10:14:21.889+0200] {dag.py:3696} INFO - Setting next_dagrun for example_branch_operator to 2026-05-28T00:00:00+00:00, run_after=2026-05-29T00:00:00+00:00
[2026-05-29T10:14:21.903+0200] {processor.py:179} INFO - Processing /home/frederic/airflow_venv/lib/python3.10/site-packages/airflow/example_dags/example_branch_operator.py took 0.054 seconds
[2026-05-29T10:15:10.402+0200] {processor.py:157} INFO - Started process (PID=697420) to work on /home/frederic/airflow_venv/lib/python3.10/site-packages/airflow/example_dags/example_branch_operator.py
[2026-05-29T10:15:10.404+0200] {processor.py:829} INFO - Processing file /home/frederic/airflow_venv/lib/python3.10/site-packages/airflow/example_dags/example_branch_operator.py for tasks to queue
[2026-05-29T10:15:10.404+0200] {logging_mixin.py:151} INFO - [2026-05-29T10:15:10.404+0200] {dagbag.py:539} INFO - Filling up the DagBag from /home/frederic/airflow_venv/lib/python3.10/site-packages/airflow/example_dags/example_branch_operator.py
[2026-05-29T10:15:10.411+0200] {processor.py:839} INFO - DAG(s) dict_keys(['example_branch_operator']) retrieved from /home/frederic/airflow_venv/lib/python3.10/site-packages/airflow/example_dags/example_branch_operator.py
[2026-05-29T10:15:10.427+0200] {logging_mixin.py:151} INFO - [2026-05-29T10:15:10.427+0200] {dag.py:2915} INFO - Sync 1 DAGs
[2026-05-29T10:15:10.445+0200] {logging_mixin.py:151} INFO - [2026-05-29T10:15:10.445+0200] {dag.py:3696} INFO - Setting next_dagrun for example_branch_operator to 2026-05-28T00:00:00+00:00, run_after=2026-05-29T00:00:00+00:00
[2026-05-29T10:15:10.460+0200] {processor.py:179} INFO - Processing /home/frederic/airflow_venv/lib/python3.10/site-packages/airflow/example_dags/example_branch_operator.py took 0.060 seconds
[2026-05-29T10:15:59.712+0200] {processor.py:157} INFO - Started process (PID=698335) to work on /home/frederic/airflow_venv/lib/python3.10/site-packages/airflow/example_dags/example_branch_operator.py
[2026-05-29T10:15:59.713+0200] {processor.py:829} INFO - Processing file /home/frederic/airflow_venv/lib/python3.10/site-packages/airflow/example_dags/example_branch_operator.py for tasks to queue
[2026-05-29T10:15:59.714+0200] {logging_mixin.py:151} INFO - [2026-05-29T10:15:59.713+0200] {dagbag.py:539} INFO - Filling up the DagBag from /home/frederic/airflow_venv/lib/python3.10/site-packages/airflow/example_dags/example_branch_operator.py
[2026-05-29T10:15:59.724+0200] {processor.py:839} INFO - DAG(s) dict_keys(['example_branch_operator']) retrieved from /home/frederic/airflow_venv/lib/python3.10/site-packages/airflow/example_dags/example_branch_operator.py
[2026-05-29T10:15:59.739+0200] {logging_mixin.py:151} INFO - [2026-05-29T10:15:59.739+0200] {dag.py:2915} INFO - Sync 1 DAGs
[2026-05-29T10:15:59.760+0200] {logging_mixin.py:151} INFO - [2026-05-29T10:15:59.760+0200] {dag.py:3696} INFO - Setting next_dagrun for example_branch_operator to 2026-05-28T00:00:00+00:00, run_after=2026-05-29T00:00:00+00:00
[2026-05-29T10:15:59.776+0200] {processor.py:179} INFO - Processing /home/frederic/airflow_venv/lib/python3.10/site-packages/airflow/example_dags/example_branch_operator.py took 0.067 seconds
[2026-05-29T10:16:46.006+0200] {processor.py:157} INFO - Started process (PID=698908) to work on /home/frederic/airflow_venv/lib/python3.10/site-packages/airflow/example_dags/example_branch_operator.py
[2026-05-29T10:16:46.009+0200] {processor.py:829} INFO - Processing file /home/frederic/airflow_venv/lib/python3.10/site-packages/airflow/example_dags/example_branch_operator.py for tasks to queue
[2026-05-29T10:16:46.010+0200] {logging_mixin.py:151} INFO - [2026-05-29T10:16:46.009+0200] {dagbag.py:539} INFO - Filling up the DagBag from /home/frederic/airflow_venv/lib/python3.10/site-packages/airflow/example_dags/example_branch_operator.py
[2026-05-29T10:16:46.017+0200] {processor.py:839} INFO - DAG(s) dict_keys(['example_branch_operator']) retrieved from /home/frederic/airflow_venv/lib/python3.10/site-packages/airflow/example_dags/example_branch_operator.py
[2026-05-29T10:16:46.032+0200] {logging_mixin.py:151} INFO - [2026-05-29T10:16:46.032+0200] {dag.py:2915} INFO - Sync 1 DAGs
[2026-05-29T10:16:46.048+0200] {logging_mixin.py:151} INFO - [2026-05-29T10:16:46.048+0200] {dag.py:3696} INFO - Setting next_dagrun for example_branch_operator to 2026-05-28T00:00:00+00:00, run_after=2026-05-29T00:00:00+00:00
[2026-05-29T10:16:46.064+0200] {processor.py:179} INFO - Processing /home/frederic/airflow_venv/lib/python3.10/site-packages/airflow/example_dags/example_branch_operator.py took 0.060 seconds
[2026-05-29T10:17:29.865+0200] {processor.py:157} INFO - Started process (PID=700049) to work on /home/frederic/airflow_venv/lib/python3.10/site-packages/airflow/example_dags/example_branch_operator.py
[2026-05-29T10:17:29.866+0200] {processor.py:829} INFO - Processing file /home/frederic/airflow_venv/lib/python3.10/site-packages/airflow/example_dags/example_branch_operator.py for tasks to queue
[2026-05-29T10:17:29.867+0200] {logging_mixin.py:151} INFO - [2026-05-29T10:17:29.867+0200] {dagbag.py:539} INFO - Filling up the DagBag from /home/frederic/airflow_venv/lib/python3.10/site-packages/airflow/example_dags/example_branch_operator.py
[2026-05-29T10:17:29.874+0200] {processor.py:839} INFO - DAG(s) dict_keys(['example_branch_operator']) retrieved from /home/frederic/airflow_venv/lib/python3.10/site-packages/airflow/example_dags/example_branch_operator.py
[2026-05-29T10:17:29.889+0200] {logging_mixin.py:151} INFO - [2026-05-29T10:17:29.888+0200] {dag.py:2915} INFO - Sync 1 DAGs
[2026-05-29T10:17:29.906+0200] {logging_mixin.py:151} INFO - [2026-05-29T10:17:29.905+0200] {dag.py:3696} INFO - Setting next_dagrun for example_branch_operator to 2026-05-28T00:00:00+00:00, run_after=2026-05-29T00:00:00+00:00
[2026-05-29T10:17:29.922+0200] {processor.py:179} INFO - Processing /home/frederic/airflow_venv/lib/python3.10/site-packages/airflow/example_dags/example_branch_operator.py took 0.059 seconds
[2026-05-29T10:18:18.386+0200] {processor.py:157} INFO - Started process (PID=700797) to work on /home/frederic/airflow_venv/lib/python3.10/site-packages/airflow/example_dags/example_branch_operator.py
[2026-05-29T10:18:18.387+0200] {processor.py:829} INFO - Processing file /home/frederic/airflow_venv/lib/python3.10/site-packages/airflow/example_dags/example_branch_operator.py for tasks to queue
[2026-05-29T10:18:18.388+0200] {logging_mixin.py:151} INFO - [2026-05-29T10:18:18.388+0200] {dagbag.py:539} INFO - Filling up the DagBag from /home/frederic/airflow_venv/lib/python3.10/site-packages/airflow/example_dags/example_branch_operator.py
[2026-05-29T10:18:18.395+0200] {processor.py:839} INFO - DAG(s) dict_keys(['example_branch_operator']) retrieved from /home/frederic/airflow_venv/lib/python3.10/site-packages/airflow/example_dags/example_branch_operator.py
[2026-05-29T10:18:18.410+0200] {logging_mixin.py:151} INFO - [2026-05-29T10:18:18.410+0200] {dag.py:2915} INFO - Sync 1 DAGs
[2026-05-29T10:18:18.429+0200] {logging_mixin.py:151} INFO - [2026-05-29T10:18:18.429+0200] {dag.py:3696} INFO - Setting next_dagrun for example_branch_operator to 2026-05-28T00:00:00+00:00, run_after=2026-05-29T00:00:00+00:00
[2026-05-29T10:18:18.445+0200] {processor.py:179} INFO - Processing /home/frederic/airflow_venv/lib/python3.10/site-packages/airflow/example_dags/example_branch_operator.py took 0.061 seconds
[2026-05-29T10:19:03.802+0200] {processor.py:157} INFO - Started process (PID=701250) to work on /home/frederic/airflow_venv/lib/python3.10/site-packages/airflow/example_dags/example_branch_operator.py
[2026-05-29T10:19:03.803+0200] {processor.py:829} INFO - Processing file /home/frederic/airflow_venv/lib/python3.10/site-packages/airflow/example_dags/example_branch_operator.py for tasks to queue
[2026-05-29T10:19:03.804+0200] {logging_mixin.py:151} INFO - [2026-05-29T10:19:03.803+0200] {dagbag.py:539} INFO - Filling up the DagBag from /home/frederic/airflow_venv/lib/python3.10/site-packages/airflow/example_dags/example_branch_operator.py
[2026-05-29T10:19:03.812+0200] {processor.py:839} INFO - DAG(s) dict_keys(['example_branch_operator']) retrieved from /home/frederic/airflow_venv/lib/python3.10/site-packages/airflow/example_dags/example_branch_operator.py
[2026-05-29T10:19:03.827+0200] {logging_mixin.py:151} INFO - [2026-05-29T10:19:03.826+0200] {dag.py:2915} INFO - Sync 1 DAGs
[2026-05-29T10:19:03.844+0200] {logging_mixin.py:151} INFO - [2026-05-29T10:19:03.844+0200] {dag.py:3696} INFO - Setting next_dagrun for example_branch_operator to 2026-05-28T00:00:00+00:00, run_after=2026-05-29T00:00:00+00:00
[2026-05-29T10:19:03.863+0200] {processor.py:179} INFO - Processing /home/frederic/airflow_venv/lib/python3.10/site-packages/airflow/example_dags/example_branch_operator.py took 0.063 seconds
[2026-05-29T10:19:52.100+0200] {processor.py:157} INFO - Started process (PID=701667) to work on /home/frederic/airflow_venv/lib/python3.10/site-packages/airflow/example_dags/example_branch_operator.py
[2026-05-29T10:19:52.101+0200] {processor.py:829} INFO - Processing file /home/frederic/airflow_venv/lib/python3.10/site-packages/airflow/example_dags/example_branch_operator.py for tasks to queue
[2026-05-29T10:19:52.101+0200] {logging_mixin.py:151} INFO - [2026-05-29T10:19:52.101+0200] {dagbag.py:539} INFO - Filling up the DagBag from /home/frederic/airflow_venv/lib/python3.10/site-packages/airflow/example_dags/example_branch_operator.py
[2026-05-29T10:19:52.109+0200] {processor.py:839} INFO - DAG(s) dict_keys(['example_branch_operator']) retrieved from /home/frederic/airflow_venv/lib/python3.10/site-packages/airflow/example_dags/example_branch_operator.py
[2026-05-29T10:19:52.129+0200] {logging_mixin.py:151} INFO - [2026-05-29T10:19:52.129+0200] {dag.py:2915} INFO - Sync 1 DAGs
[2026-05-29T10:19:52.146+0200] {logging_mixin.py:151} INFO - [2026-05-29T10:19:52.146+0200] {dag.py:3696} INFO - Setting next_dagrun for example_branch_operator to 2026-05-28T00:00:00+00:00, run_after=2026-05-29T00:00:00+00:00
[2026-05-29T10:19:52.160+0200] {processor.py:179} INFO - Processing /home/frederic/airflow_venv/lib/python3.10/site-packages/airflow/example_dags/example_branch_operator.py took 0.063 seconds
[2026-05-29T10:20:42.082+0200] {processor.py:157} INFO - Started process (PID=702339) to work on /home/frederic/airflow_venv/lib/python3.10/site-packages/airflow/example_dags/example_branch_operator.py
[2026-05-29T10:20:42.083+0200] {processor.py:829} INFO - Processing file /home/frederic/airflow_venv/lib/python3.10/site-packages/airflow/example_dags/example_branch_operator.py for tasks to queue
[2026-05-29T10:20:42.084+0200] {logging_mixin.py:151} INFO - [2026-05-29T10:20:42.083+0200] {dagbag.py:539} INFO - Filling up the DagBag from /home/frederic/airflow_venv/lib/python3.10/site-packages/airflow/example_dags/example_branch_operator.py
[2026-05-29T10:20:42.091+0200] {processor.py:839} INFO - DAG(s) dict_keys(['example_branch_operator']) retrieved from /home/frederic/airflow_venv/lib/python3.10/site-packages/airflow/example_dags/example_branch_operator.py
[2026-05-29T10:20:42.107+0200] {logging_mixin.py:151} INFO - [2026-05-29T10:20:42.107+0200] {dag.py:2915} INFO - Sync 1 DAGs
[2026-05-29T10:20:42.128+0200] {logging_mixin.py:151} INFO - [2026-05-29T10:20:42.128+0200] {dag.py:3696} INFO - Setting next_dagrun for example_branch_operator to 2026-05-28T00:00:00+00:00, run_after=2026-05-29T00:00:00+00:00
[2026-05-29T10:20:42.146+0200] {processor.py:179} INFO - Processing /home/frederic/airflow_venv/lib/python3.10/site-packages/airflow/example_dags/example_branch_operator.py took 0.066 seconds
[2026-05-29T10:21:30.592+0200] {processor.py:157} INFO - Started process (PID=702833) to work on /home/frederic/airflow_venv/lib/python3.10/site-packages/airflow/example_dags/example_branch_operator.py
[2026-05-29T10:21:30.593+0200] {processor.py:829} INFO - Processing file /home/frederic/airflow_venv/lib/python3.10/site-packages/airflow/example_dags/example_branch_operator.py for tasks to queue
[2026-05-29T10:21:30.594+0200] {logging_mixin.py:151} INFO - [2026-05-29T10:21:30.594+0200] {dagbag.py:539} INFO - Filling up the DagBag from /home/frederic/airflow_venv/lib/python3.10/site-packages/airflow/example_dags/example_branch_operator.py
[2026-05-29T10:21:30.602+0200] {processor.py:839} INFO - DAG(s) dict_keys(['example_branch_operator']) retrieved from /home/frederic/airflow_venv/lib/python3.10/site-packages/airflow/example_dags/example_branch_operator.py
[2026-05-29T10:21:30.616+0200] {logging_mixin.py:151} INFO - [2026-05-29T10:21:30.616+0200] {dag.py:2915} INFO - Sync 1 DAGs
[2026-05-29T10:21:30.635+0200] {logging_mixin.py:151} INFO - [2026-05-29T10:21:30.635+0200] {dag.py:3696} INFO - Setting next_dagrun for example_branch_operator to 2026-05-28T00:00:00+00:00, run_after=2026-05-29T00:00:00+00:00
[2026-05-29T10:21:30.652+0200] {processor.py:179} INFO - Processing /home/frederic/airflow_venv/lib/python3.10/site-packages/airflow/example_dags/example_branch_operator.py took 0.062 seconds
[2026-05-29T10:22:17.293+0200] {processor.py:157} INFO - Started process (PID=703296) to work on /home/frederic/airflow_venv/lib/python3.10/site-packages/airflow/example_dags/example_branch_operator.py
[2026-05-29T10:22:17.294+0200] {processor.py:829} INFO - Processing file /home/frederic/airflow_venv/lib/python3.10/site-packages/airflow/example_dags/example_branch_operator.py for tasks to queue
[2026-05-29T10:22:17.295+0200] {logging_mixin.py:151} INFO - [2026-05-29T10:22:17.295+0200] {dagbag.py:539} INFO - Filling up the DagBag from /home/frederic/airflow_venv/lib/python3.10/site-packages/airflow/example_dags/example_branch_operator.py
[2026-05-29T10:22:17.302+0200] {processor.py:839} INFO - DAG(s) dict_keys(['example_branch_operator']) retrieved from /home/frederic/airflow_venv/lib/python3.10/site-packages/airflow/example_dags/example_branch_operator.py
[2026-05-29T10:22:17.317+0200] {logging_mixin.py:151} INFO - [2026-05-29T10:22:17.317+0200] {dag.py:2915} INFO - Sync 1 DAGs
[2026-05-29T10:22:17.333+0200] {logging_mixin.py:151} INFO - [2026-05-29T10:22:17.333+0200] {dag.py:3696} INFO - Setting next_dagrun for example_branch_operator to 2026-05-28T00:00:00+00:00, run_after=2026-05-29T00:00:00+00:00
[2026-05-29T10:22:17.348+0200] {processor.py:179} INFO - Processing /home/frederic/airflow_venv/lib/python3.10/site-packages/airflow/example_dags/example_branch_operator.py took 0.057 seconds
[2026-05-29T10:23:06.524+0200] {processor.py:157} INFO - Started process (PID=703872) to work on /home/frederic/airflow_venv/lib/python3.10/site-packages/airflow/example_dags/example_branch_operator.py
[2026-05-29T10:23:06.525+0200] {processor.py:829} INFO - Processing file /home/frederic/airflow_venv/lib/python3.10/site-packages/airflow/example_dags/example_branch_operator.py for tasks to queue
[2026-05-29T10:23:06.526+0200] {logging_mixin.py:151} INFO - [2026-05-29T10:23:06.525+0200] {dagbag.py:539} INFO - Filling up the DagBag from /home/frederic/airflow_venv/lib/python3.10/site-packages/airflow/example_dags/example_branch_operator.py
[2026-05-29T10:23:06.533+0200] {processor.py:839} INFO - DAG(s) dict_keys(['example_branch_operator']) retrieved from /home/frederic/airflow_venv/lib/python3.10/site-packages/airflow/example_dags/example_branch_operator.py
[2026-05-29T10:23:06.548+0200] {logging_mixin.py:151} INFO - [2026-05-29T10:23:06.547+0200] {dag.py:2915} INFO - Sync 1 DAGs
[2026-05-29T10:23:06.653+0200] {logging_mixin.py:151} INFO - [2026-05-29T10:23:06.653+0200] {dag.py:3696} INFO - Setting next_dagrun for example_branch_operator to 2026-05-28T00:00:00+00:00, run_after=2026-05-29T00:00:00+00:00
[2026-05-29T10:23:06.667+0200] {processor.py:179} INFO - Processing /home/frederic/airflow_venv/lib/python3.10/site-packages/airflow/example_dags/example_branch_operator.py took 0.145 seconds
[2026-05-29T10:23:55.650+0200] {processor.py:157} INFO - Started process (PID=704364) to work on /home/frederic/airflow_venv/lib/python3.10/site-packages/airflow/example_dags/example_branch_operator.py
[2026-05-29T10:23:55.651+0200] {processor.py:829} INFO - Processing file /home/frederic/airflow_venv/lib/python3.10/site-packages/airflow/example_dags/example_branch_operator.py for tasks to queue
[2026-05-29T10:23:55.652+0200] {logging_mixin.py:151} INFO - [2026-05-29T10:23:55.652+0200] {dagbag.py:539} INFO - Filling up the DagBag from /home/frederic/airflow_venv/lib/python3.10/site-packages/airflow/example_dags/example_branch_operator.py
[2026-05-29T10:23:55.661+0200] {processor.py:839} INFO - DAG(s) dict_keys(['example_branch_operator']) retrieved from /home/frederic/airflow_venv/lib/python3.10/site-packages/airflow/example_dags/example_branch_operator.py
[2026-05-29T10:23:55.676+0200] {logging_mixin.py:151} INFO - [2026-05-29T10:23:55.675+0200] {dag.py:2915} INFO - Sync 1 DAGs
[2026-05-29T10:23:55.692+0200] {logging_mixin.py:151} INFO - [2026-05-29T10:23:55.692+0200] {dag.py:3696} INFO - Setting next_dagrun for example_branch_operator to 2026-05-28T00:00:00+00:00, run_after=2026-05-29T00:00:00+00:00
[2026-05-29T10:23:55.794+0200] {processor.py:179} INFO - Processing /home/frederic/airflow_venv/lib/python3.10/site-packages/airflow/example_dags/example_branch_operator.py took 0.146 seconds
[2026-05-29T10:24:49.725+0200] {processor.py:157} INFO - Started process (PID=704905) to work on /home/frederic/airflow_venv/lib/python3.10/site-packages/airflow/example_dags/example_branch_operator.py
[2026-05-29T10:24:49.726+0200] {processor.py:829} INFO - Processing file /home/frederic/airflow_venv/lib/python3.10/site-packages/airflow/example_dags/example_branch_operator.py for tasks to queue
[2026-05-29T10:24:49.727+0200] {logging_mixin.py:151} INFO - [2026-05-29T10:24:49.726+0200] {dagbag.py:539} INFO - Filling up the DagBag from /home/frederic/airflow_venv/lib/python3.10/site-packages/airflow/example_dags/example_branch_operator.py
[2026-05-29T10:24:49.735+0200] {processor.py:839} INFO - DAG(s) dict_keys(['example_branch_operator']) retrieved from /home/frederic/airflow_venv/lib/python3.10/site-packages/airflow/example_dags/example_branch_operator.py
[2026-05-29T10:24:49.754+0200] {logging_mixin.py:151} INFO - [2026-05-29T10:24:49.754+0200] {dag.py:2915} INFO - Sync 1 DAGs
[2026-05-29T10:24:49.771+0200] {logging_mixin.py:151} INFO - [2026-05-29T10:24:49.771+0200] {dag.py:3696} INFO - Setting next_dagrun for example_branch_operator to 2026-05-28T00:00:00+00:00, run_after=2026-05-29T00:00:00+00:00
[2026-05-29T10:24:49.789+0200] {processor.py:179} INFO - Processing /home/frederic/airflow_venv/lib/python3.10/site-packages/airflow/example_dags/example_branch_operator.py took 0.068 seconds
[2026-05-29T10:25:45.335+0200] {processor.py:157} INFO - Started process (PID=705435) to work on /home/frederic/airflow_venv/lib/python3.10/site-packages/airflow/example_dags/example_branch_operator.py
[2026-05-29T10:25:45.337+0200] {processor.py:829} INFO - Processing file /home/frederic/airflow_venv/lib/python3.10/site-packages/airflow/example_dags/example_branch_operator.py for tasks to queue
[2026-05-29T10:25:45.338+0200] {logging_mixin.py:151} INFO - [2026-05-29T10:25:45.337+0200] {dagbag.py:539} INFO - Filling up the DagBag from /home/frederic/airflow_venv/lib/python3.10/site-packages/airflow/example_dags/example_branch_operator.py
[2026-05-29T10:25:45.349+0200] {processor.py:839} INFO - DAG(s) dict_keys(['example_branch_operator']) retrieved from /home/frederic/airflow_venv/lib/python3.10/site-packages/airflow/example_dags/example_branch_operator.py
[2026-05-29T10:25:45.459+0200] {logging_mixin.py:151} INFO - [2026-05-29T10:25:45.459+0200] {dag.py:2915} INFO - Sync 1 DAGs
[2026-05-29T10:25:45.475+0200] {logging_mixin.py:151} INFO - [2026-05-29T10:25:45.475+0200] {dag.py:3696} INFO - Setting next_dagrun for example_branch_operator to 2026-05-28T00:00:00+00:00, run_after=2026-05-29T00:00:00+00:00
[2026-05-29T10:25:45.489+0200] {processor.py:179} INFO - Processing /home/frederic/airflow_venv/lib/python3.10/site-packages/airflow/example_dags/example_branch_operator.py took 0.157 seconds
[2026-05-29T10:26:36.229+0200] {processor.py:157} INFO - Started process (PID=705963) to work on /home/frederic/airflow_venv/lib/python3.10/site-packages/airflow/example_dags/example_branch_operator.py
[2026-05-29T10:26:36.230+0200] {processor.py:829} INFO - Processing file /home/frederic/airflow_venv/lib/python3.10/site-packages/airflow/example_dags/example_branch_operator.py for tasks to queue
[2026-05-29T10:26:36.231+0200] {logging_mixin.py:151} INFO - [2026-05-29T10:26:36.231+0200] {dagbag.py:539} INFO - Filling up the DagBag from /home/frederic/airflow_venv/lib/python3.10/site-packages/airflow/example_dags/example_branch_operator.py
[2026-05-29T10:26:36.239+0200] {processor.py:839} INFO - DAG(s) dict_keys(['example_branch_operator']) retrieved from /home/frederic/airflow_venv/lib/python3.10/site-packages/airflow/example_dags/example_branch_operator.py
[2026-05-29T10:26:36.253+0200] {logging_mixin.py:151} INFO - [2026-05-29T10:26:36.253+0200] {dag.py:2915} INFO - Sync 1 DAGs
[2026-05-29T10:26:36.355+0200] {logging_mixin.py:151} INFO - [2026-05-29T10:26:36.355+0200] {dag.py:3696} INFO - Setting next_dagrun for example_branch_operator to 2026-05-28T00:00:00+00:00, run_after=2026-05-29T00:00:00+00:00
[2026-05-29T10:26:36.371+0200] {processor.py:179} INFO - Processing /home/frederic/airflow_venv/lib/python3.10/site-packages/airflow/example_dags/example_branch_operator.py took 0.144 seconds
[2026-05-29T10:27:28.123+0200] {processor.py:157} INFO - Started process (PID=706496) to work on /home/frederic/airflow_venv/lib/python3.10/site-packages/airflow/example_dags/example_branch_operator.py
[2026-05-29T10:27:28.124+0200] {processor.py:829} INFO - Processing file /home/frederic/airflow_venv/lib/python3.10/site-packages/airflow/example_dags/example_branch_operator.py for tasks to queue
[2026-05-29T10:27:28.124+0200] {logging_mixin.py:151} INFO - [2026-05-29T10:27:28.124+0200] {dagbag.py:539} INFO - Filling up the DagBag from /home/frederic/airflow_venv/lib/python3.10/site-packages/airflow/example_dags/example_branch_operator.py
[2026-05-29T10:27:28.132+0200] {processor.py:839} INFO - DAG(s) dict_keys(['example_branch_operator']) retrieved from /home/frederic/airflow_venv/lib/python3.10/site-packages/airflow/example_dags/example_branch_operator.py
[2026-05-29T10:27:28.148+0200] {logging_mixin.py:151} INFO - [2026-05-29T10:27:28.148+0200] {dag.py:2915} INFO - Sync 1 DAGs
[2026-05-29T10:27:28.168+0200] {logging_mixin.py:151} INFO - [2026-05-29T10:27:28.168+0200] {dag.py:3696} INFO - Setting next_dagrun for example_branch_operator to 2026-05-28T00:00:00+00:00, run_after=2026-05-29T00:00:00+00:00
[2026-05-29T10:27:28.183+0200] {processor.py:179} INFO - Processing /home/frederic/airflow_venv/lib/python3.10/site-packages/airflow/example_dags/example_branch_operator.py took 0.063 seconds
[2026-05-29T10:28:10.369+0200] {processor.py:157} INFO - Started process (PID=706979) to work on /home/frederic/airflow_venv/lib/python3.10/site-packages/airflow/example_dags/example_branch_operator.py
[2026-05-29T10:28:10.370+0200] {processor.py:829} INFO - Processing file /home/frederic/airflow_venv/lib/python3.10/site-packages/airflow/example_dags/example_branch_operator.py for tasks to queue
[2026-05-29T10:28:10.370+0200] {logging_mixin.py:151} INFO - [2026-05-29T10:28:10.370+0200] {dagbag.py:539} INFO - Filling up the DagBag from /home/frederic/airflow_venv/lib/python3.10/site-packages/airflow/example_dags/example_branch_operator.py
[2026-05-29T10:28:10.378+0200] {processor.py:839} INFO - DAG(s) dict_keys(['example_branch_operator']) retrieved from /home/frederic/airflow_venv/lib/python3.10/site-packages/airflow/example_dags/example_branch_operator.py
[2026-05-29T10:28:10.393+0200] {logging_mixin.py:151} INFO - [2026-05-29T10:28:10.393+0200] {dag.py:2915} INFO - Sync 1 DAGs
[2026-05-29T10:28:10.410+0200] {logging_mixin.py:151} INFO - [2026-05-29T10:28:10.410+0200] {dag.py:3696} INFO - Setting next_dagrun for example_branch_operator to 2026-05-28T00:00:00+00:00, run_after=2026-05-29T00:00:00+00:00
[2026-05-29T10:28:10.425+0200] {processor.py:179} INFO - Processing /home/frederic/airflow_venv/lib/python3.10/site-packages/airflow/example_dags/example_branch_operator.py took 0.058 seconds
[2026-05-29T10:28:58.860+0200] {processor.py:157} INFO - Started process (PID=707614) to work on /home/frederic/airflow_venv/lib/python3.10/site-packages/airflow/example_dags/example_branch_operator.py
[2026-05-29T10:28:58.861+0200] {processor.py:829} INFO - Processing file /home/frederic/airflow_venv/lib/python3.10/site-packages/airflow/example_dags/example_branch_operator.py for tasks to queue
[2026-05-29T10:28:58.861+0200] {logging_mixin.py:151} INFO - [2026-05-29T10:28:58.861+0200] {dagbag.py:539} INFO - Filling up the DagBag from /home/frederic/airflow_venv/lib/python3.10/site-packages/airflow/example_dags/example_branch_operator.py
[2026-05-29T10:28:58.869+0200] {processor.py:839} INFO - DAG(s) dict_keys(['example_branch_operator']) retrieved from /home/frederic/airflow_venv/lib/python3.10/site-packages/airflow/example_dags/example_branch_operator.py
[2026-05-29T10:28:58.885+0200] {logging_mixin.py:151} INFO - [2026-05-29T10:28:58.885+0200] {dag.py:2915} INFO - Sync 1 DAGs
[2026-05-29T10:28:58.901+0200] {logging_mixin.py:151} INFO - [2026-05-29T10:28:58.901+0200] {dag.py:3696} INFO - Setting next_dagrun for example_branch_operator to 2026-05-28T00:00:00+00:00, run_after=2026-05-29T00:00:00+00:00
[2026-05-29T10:28:58.916+0200] {processor.py:179} INFO - Processing /home/frederic/airflow_venv/lib/python3.10/site-packages/airflow/example_dags/example_branch_operator.py took 0.058 seconds
[2026-05-29T10:29:44.882+0200] {processor.py:157} INFO - Started process (PID=708115) to work on /home/frederic/airflow_venv/lib/python3.10/site-packages/airflow/example_dags/example_branch_operator.py
[2026-05-29T10:29:44.883+0200] {processor.py:829} INFO - Processing file /home/frederic/airflow_venv/lib/python3.10/site-packages/airflow/example_dags/example_branch_operator.py for tasks to queue
[2026-05-29T10:29:44.884+0200] {logging_mixin.py:151} INFO - [2026-05-29T10:29:44.883+0200] {dagbag.py:539} INFO - Filling up the DagBag from /home/frederic/airflow_venv/lib/python3.10/site-packages/airflow/example_dags/example_branch_operator.py
[2026-05-29T10:29:44.892+0200] {processor.py:839} INFO - DAG(s) dict_keys(['example_branch_operator']) retrieved from /home/frederic/airflow_venv/lib/python3.10/site-packages/airflow/example_dags/example_branch_operator.py
[2026-05-29T10:29:44.907+0200] {logging_mixin.py:151} INFO - [2026-05-29T10:29:44.906+0200] {dag.py:2915} INFO - Sync 1 DAGs
[2026-05-29T10:29:44.923+0200] {logging_mixin.py:151} INFO - [2026-05-29T10:29:44.923+0200] {dag.py:3696} INFO - Setting next_dagrun for example_branch_operator to 2026-05-28T00:00:00+00:00, run_after=2026-05-29T00:00:00+00:00
[2026-05-29T10:29:44.938+0200] {processor.py:179} INFO - Processing /home/frederic/airflow_venv/lib/python3.10/site-packages/airflow/example_dags/example_branch_operator.py took 0.058 seconds
[2026-05-29T10:30:34.250+0200] {processor.py:157} INFO - Started process (PID=708851) to work on /home/frederic/airflow_venv/lib/python3.10/site-packages/airflow/example_dags/example_branch_operator.py
[2026-05-29T10:30:34.251+0200] {processor.py:829} INFO - Processing file /home/frederic/airflow_venv/lib/python3.10/site-packages/airflow/example_dags/example_branch_operator.py for tasks to queue
[2026-05-29T10:30:34.251+0200] {logging_mixin.py:151} INFO - [2026-05-29T10:30:34.251+0200] {dagbag.py:539} INFO - Filling up the DagBag from /home/frederic/airflow_venv/lib/python3.10/site-packages/airflow/example_dags/example_branch_operator.py
[2026-05-29T10:30:34.259+0200] {processor.py:839} INFO - DAG(s) dict_keys(['example_branch_operator']) retrieved from /home/frederic/airflow_venv/lib/python3.10/site-packages/airflow/example_dags/example_branch_operator.py
[2026-05-29T10:30:34.273+0200] {logging_mixin.py:151} INFO - [2026-05-29T10:30:34.273+0200] {dag.py:2915} INFO - Sync 1 DAGs
[2026-05-29T10:30:34.290+0200] {logging_mixin.py:151} INFO - [2026-05-29T10:30:34.290+0200] {dag.py:3696} INFO - Setting next_dagrun for example_branch_operator to 2026-05-28T00:00:00+00:00, run_after=2026-05-29T00:00:00+00:00
[2026-05-29T10:30:34.306+0200] {processor.py:179} INFO - Processing /home/frederic/airflow_venv/lib/python3.10/site-packages/airflow/example_dags/example_branch_operator.py took 0.058 seconds
[2026-05-29T10:31:19.357+0200] {processor.py:157} INFO - Started process (PID=709358) to work on /home/frederic/airflow_venv/lib/python3.10/site-packages/airflow/example_dags/example_branch_operator.py
[2026-05-29T10:31:19.358+0200] {processor.py:829} INFO - Processing file /home/frederic/airflow_venv/lib/python3.10/site-packages/airflow/example_dags/example_branch_operator.py for tasks to queue
[2026-05-29T10:31:19.360+0200] {logging_mixin.py:151} INFO - [2026-05-29T10:31:19.359+0200] {dagbag.py:539} INFO - Filling up the DagBag from /home/frederic/airflow_venv/lib/python3.10/site-packages/airflow/example_dags/example_branch_operator.py
[2026-05-29T10:31:19.371+0200] {processor.py:839} INFO - DAG(s) dict_keys(['example_branch_operator']) retrieved from /home/frederic/airflow_venv/lib/python3.10/site-packages/airflow/example_dags/example_branch_operator.py
[2026-05-29T10:31:19.391+0200] {logging_mixin.py:151} INFO - [2026-05-29T10:31:19.391+0200] {dag.py:2915} INFO - Sync 1 DAGs
[2026-05-29T10:31:19.411+0200] {logging_mixin.py:151} INFO - [2026-05-29T10:31:19.411+0200] {dag.py:3696} INFO - Setting next_dagrun for example_branch_operator to 2026-05-28T00:00:00+00:00, run_after=2026-05-29T00:00:00+00:00
[2026-05-29T10:31:19.428+0200] {processor.py:179} INFO - Processing /home/frederic/airflow_venv/lib/python3.10/site-packages/airflow/example_dags/example_branch_operator.py took 0.075 seconds
[2026-05-29T10:32:06.726+0200] {processor.py:157} INFO - Started process (PID=709952) to work on /home/frederic/airflow_venv/lib/python3.10/site-packages/airflow/example_dags/example_branch_operator.py
[2026-05-29T10:32:06.727+0200] {processor.py:829} INFO - Processing file /home/frederic/airflow_venv/lib/python3.10/site-packages/airflow/example_dags/example_branch_operator.py for tasks to queue
[2026-05-29T10:32:06.727+0200] {logging_mixin.py:151} INFO - [2026-05-29T10:32:06.727+0200] {dagbag.py:539} INFO - Filling up the DagBag from /home/frederic/airflow_venv/lib/python3.10/site-packages/airflow/example_dags/example_branch_operator.py
[2026-05-29T10:32:06.735+0200] {processor.py:839} INFO - DAG(s) dict_keys(['example_branch_operator']) retrieved from /home/frederic/airflow_venv/lib/python3.10/site-packages/airflow/example_dags/example_branch_operator.py
[2026-05-29T10:32:06.748+0200] {logging_mixin.py:151} INFO - [2026-05-29T10:32:06.748+0200] {dag.py:2915} INFO - Sync 1 DAGs
[2026-05-29T10:32:06.764+0200] {logging_mixin.py:151} INFO - [2026-05-29T10:32:06.763+0200] {dag.py:3696} INFO - Setting next_dagrun for example_branch_operator to 2026-05-28T00:00:00+00:00, run_after=2026-05-29T00:00:00+00:00
[2026-05-29T10:32:06.779+0200] {processor.py:179} INFO - Processing /home/frederic/airflow_venv/lib/python3.10/site-packages/airflow/example_dags/example_branch_operator.py took 0.056 seconds
[2026-05-29T10:33:04.995+0200] {processor.py:157} INFO - Started process (PID=710700) to work on /home/frederic/airflow_venv/lib/python3.10/site-packages/airflow/example_dags/example_branch_operator.py
[2026-05-29T10:33:04.996+0200] {processor.py:829} INFO - Processing file /home/frederic/airflow_venv/lib/python3.10/site-packages/airflow/example_dags/example_branch_operator.py for tasks to queue
[2026-05-29T10:33:04.996+0200] {logging_mixin.py:151} INFO - [2026-05-29T10:33:04.996+0200] {dagbag.py:539} INFO - Filling up the DagBag from /home/frederic/airflow_venv/lib/python3.10/site-packages/airflow/example_dags/example_branch_operator.py
[2026-05-29T10:33:05.004+0200] {processor.py:839} INFO - DAG(s) dict_keys(['example_branch_operator']) retrieved from /home/frederic/airflow_venv/lib/python3.10/site-packages/airflow/example_dags/example_branch_operator.py
[2026-05-29T10:33:05.017+0200] {logging_mixin.py:151} INFO - [2026-05-29T10:33:05.017+0200] {dag.py:2915} INFO - Sync 1 DAGs
[2026-05-29T10:33:05.034+0200] {logging_mixin.py:151} INFO - [2026-05-29T10:33:05.034+0200] {dag.py:3696} INFO - Setting next_dagrun for example_branch_operator to 2026-05-28T00:00:00+00:00, run_after=2026-05-29T00:00:00+00:00
[2026-05-29T10:33:05.048+0200] {processor.py:179} INFO - Processing /home/frederic/airflow_venv/lib/python3.10/site-packages/airflow/example_dags/example_branch_operator.py took 0.056 seconds
[2026-05-29T10:33:53.142+0200] {processor.py:157} INFO - Started process (PID=711545) to work on /home/frederic/airflow_venv/lib/python3.10/site-packages/airflow/example_dags/example_branch_operator.py
[2026-05-29T10:33:53.143+0200] {processor.py:829} INFO - Processing file /home/frederic/airflow_venv/lib/python3.10/site-packages/airflow/example_dags/example_branch_operator.py for tasks to queue
[2026-05-29T10:33:53.144+0200] {logging_mixin.py:151} INFO - [2026-05-29T10:33:53.144+0200] {dagbag.py:539} INFO - Filling up the DagBag from /home/frederic/airflow_venv/lib/python3.10/site-packages/airflow/example_dags/example_branch_operator.py
[2026-05-29T10:33:53.154+0200] {processor.py:839} INFO - DAG(s) dict_keys(['example_branch_operator']) retrieved from /home/frederic/airflow_venv/lib/python3.10/site-packages/airflow/example_dags/example_branch_operator.py
[2026-05-29T10:33:53.172+0200] {logging_mixin.py:151} INFO - [2026-05-29T10:33:53.172+0200] {dag.py:2915} INFO - Sync 1 DAGs
[2026-05-29T10:33:53.191+0200] {logging_mixin.py:151} INFO - [2026-05-29T10:33:53.191+0200] {dag.py:3696} INFO - Setting next_dagrun for example_branch_operator to 2026-05-28T00:00:00+00:00, run_after=2026-05-29T00:00:00+00:00
[2026-05-29T10:33:53.207+0200] {processor.py:179} INFO - Processing /home/frederic/airflow_venv/lib/python3.10/site-packages/airflow/example_dags/example_branch_operator.py took 0.070 seconds
[2026-05-29T10:34:48.925+0200] {processor.py:157} INFO - Started process (PID=712163) to work on /home/frederic/airflow_venv/lib/python3.10/site-packages/airflow/example_dags/example_branch_operator.py
[2026-05-29T10:34:48.926+0200] {processor.py:829} INFO - Processing file /home/frederic/airflow_venv/lib/python3.10/site-packages/airflow/example_dags/example_branch_operator.py for tasks to queue
[2026-05-29T10:34:48.926+0200] {logging_mixin.py:151} INFO - [2026-05-29T10:34:48.926+0200] {dagbag.py:539} INFO - Filling up the DagBag from /home/frederic/airflow_venv/lib/python3.10/site-packages/airflow/example_dags/example_branch_operator.py
[2026-05-29T10:34:48.935+0200] {processor.py:839} INFO - DAG(s) dict_keys(['example_branch_operator']) retrieved from /home/frederic/airflow_venv/lib/python3.10/site-packages/airflow/example_dags/example_branch_operator.py
[2026-05-29T10:34:48.952+0200] {logging_mixin.py:151} INFO - [2026-05-29T10:34:48.951+0200] {dag.py:2915} INFO - Sync 1 DAGs
[2026-05-29T10:34:48.969+0200] {logging_mixin.py:151} INFO - [2026-05-29T10:34:48.968+0200] {dag.py:3696} INFO - Setting next_dagrun for example_branch_operator to 2026-05-28T00:00:00+00:00, run_after=2026-05-29T00:00:00+00:00
[2026-05-29T10:34:48.983+0200] {processor.py:179} INFO - Processing /home/frederic/airflow_venv/lib/python3.10/site-packages/airflow/example_dags/example_branch_operator.py took 0.060 seconds
[2026-05-29T10:35:38.257+0200] {processor.py:157} INFO - Started process (PID=712670) to work on /home/frederic/airflow_venv/lib/python3.10/site-packages/airflow/example_dags/example_branch_operator.py
[2026-05-29T10:35:38.258+0200] {processor.py:829} INFO - Processing file /home/frederic/airflow_venv/lib/python3.10/site-packages/airflow/example_dags/example_branch_operator.py for tasks to queue
[2026-05-29T10:35:38.259+0200] {logging_mixin.py:151} INFO - [2026-05-29T10:35:38.258+0200] {dagbag.py:539} INFO - Filling up the DagBag from /home/frederic/airflow_venv/lib/python3.10/site-packages/airflow/example_dags/example_branch_operator.py
[2026-05-29T10:35:38.267+0200] {processor.py:839} INFO - DAG(s) dict_keys(['example_branch_operator']) retrieved from /home/frederic/airflow_venv/lib/python3.10/site-packages/airflow/example_dags/example_branch_operator.py
[2026-05-29T10:35:38.285+0200] {logging_mixin.py:151} INFO - [2026-05-29T10:35:38.285+0200] {dag.py:2915} INFO - Sync 1 DAGs
[2026-05-29T10:35:38.304+0200] {logging_mixin.py:151} INFO - [2026-05-29T10:35:38.304+0200] {dag.py:3696} INFO - Setting next_dagrun for example_branch_operator to 2026-05-28T00:00:00+00:00, run_after=2026-05-29T00:00:00+00:00
[2026-05-29T10:35:38.320+0200] {processor.py:179} INFO - Processing /home/frederic/airflow_venv/lib/python3.10/site-packages/airflow/example_dags/example_branch_operator.py took 0.065 seconds
[2026-05-29T10:36:22.112+0200] {processor.py:157} INFO - Started process (PID=713248) to work on /home/frederic/airflow_venv/lib/python3.10/site-packages/airflow/example_dags/example_branch_operator.py
[2026-05-29T10:36:22.113+0200] {processor.py:829} INFO - Processing file /home/frederic/airflow_venv/lib/python3.10/site-packages/airflow/example_dags/example_branch_operator.py for tasks to queue
[2026-05-29T10:36:22.113+0200] {logging_mixin.py:151} INFO - [2026-05-29T10:36:22.113+0200] {dagbag.py:539} INFO - Filling up the DagBag from /home/frederic/airflow_venv/lib/python3.10/site-packages/airflow/example_dags/example_branch_operator.py
[2026-05-29T10:36:22.122+0200] {processor.py:839} INFO - DAG(s) dict_keys(['example_branch_operator']) retrieved from /home/frederic/airflow_venv/lib/python3.10/site-packages/airflow/example_dags/example_branch_operator.py
[2026-05-29T10:36:22.137+0200] {logging_mixin.py:151} INFO - [2026-05-29T10:36:22.137+0200] {dag.py:2915} INFO - Sync 1 DAGs
[2026-05-29T10:36:22.161+0200] {logging_mixin.py:151} INFO - [2026-05-29T10:36:22.161+0200] {dag.py:3696} INFO - Setting next_dagrun for example_branch_operator to 2026-05-28T00:00:00+00:00, run_after=2026-05-29T00:00:00+00:00
[2026-05-29T10:36:22.177+0200] {processor.py:179} INFO - Processing /home/frederic/airflow_venv/lib/python3.10/site-packages/airflow/example_dags/example_branch_operator.py took 0.068 seconds
[2026-05-29T10:37:08.352+0200] {processor.py:157} INFO - Started process (PID=713768) to work on /home/frederic/airflow_venv/lib/python3.10/site-packages/airflow/example_dags/example_branch_operator.py
[2026-05-29T10:37:08.353+0200] {processor.py:829} INFO - Processing file /home/frederic/airflow_venv/lib/python3.10/site-packages/airflow/example_dags/example_branch_operator.py for tasks to queue
[2026-05-29T10:37:08.354+0200] {logging_mixin.py:151} INFO - [2026-05-29T10:37:08.354+0200] {dagbag.py:539} INFO - Filling up the DagBag from /home/frederic/airflow_venv/lib/python3.10/site-packages/airflow/example_dags/example_branch_operator.py
[2026-05-29T10:37:08.362+0200] {processor.py:839} INFO - DAG(s) dict_keys(['example_branch_operator']) retrieved from /home/frederic/airflow_venv/lib/python3.10/site-packages/airflow/example_dags/example_branch_operator.py
[2026-05-29T10:37:08.376+0200] {logging_mixin.py:151} INFO - [2026-05-29T10:37:08.376+0200] {dag.py:2915} INFO - Sync 1 DAGs
[2026-05-29T10:37:08.392+0200] {logging_mixin.py:151} INFO - [2026-05-29T10:37:08.392+0200] {dag.py:3696} INFO - Setting next_dagrun for example_branch_operator to 2026-05-28T00:00:00+00:00, run_after=2026-05-29T00:00:00+00:00
[2026-05-29T10:37:08.408+0200] {processor.py:179} INFO - Processing /home/frederic/airflow_venv/lib/python3.10/site-packages/airflow/example_dags/example_branch_operator.py took 0.058 seconds
[2026-05-29T10:37:55.623+0200] {processor.py:157} INFO - Started process (PID=714529) to work on /home/frederic/airflow_venv/lib/python3.10/site-packages/airflow/example_dags/example_branch_operator.py
[2026-05-29T10:37:55.624+0200] {processor.py:829} INFO - Processing file /home/frederic/airflow_venv/lib/python3.10/site-packages/airflow/example_dags/example_branch_operator.py for tasks to queue
[2026-05-29T10:37:55.624+0200] {logging_mixin.py:151} INFO - [2026-05-29T10:37:55.624+0200] {dagbag.py:539} INFO - Filling up the DagBag from /home/frederic/airflow_venv/lib/python3.10/site-packages/airflow/example_dags/example_branch_operator.py
[2026-05-29T10:37:55.632+0200] {processor.py:839} INFO - DAG(s) dict_keys(['example_branch_operator']) retrieved from /home/frederic/airflow_venv/lib/python3.10/site-packages/airflow/example_dags/example_branch_operator.py
[2026-05-29T10:37:55.646+0200] {logging_mixin.py:151} INFO - [2026-05-29T10:37:55.646+0200] {dag.py:2915} INFO - Sync 1 DAGs
[2026-05-29T10:37:55.664+0200] {logging_mixin.py:151} INFO - [2026-05-29T10:37:55.664+0200] {dag.py:3696} INFO - Setting next_dagrun for example_branch_operator to 2026-05-28T00:00:00+00:00, run_after=2026-05-29T00:00:00+00:00
[2026-05-29T10:37:55.679+0200] {processor.py:179} INFO - Processing /home/frederic/airflow_venv/lib/python3.10/site-packages/airflow/example_dags/example_branch_operator.py took 0.059 seconds
[2026-05-29T10:38:41.877+0200] {processor.py:157} INFO - Started process (PID=715100) to work on /home/frederic/airflow_venv/lib/python3.10/site-packages/airflow/example_dags/example_branch_operator.py
[2026-05-29T10:38:41.878+0200] {processor.py:829} INFO - Processing file /home/frederic/airflow_venv/lib/python3.10/site-packages/airflow/example_dags/example_branch_operator.py for tasks to queue
[2026-05-29T10:38:41.879+0200] {logging_mixin.py:151} INFO - [2026-05-29T10:38:41.879+0200] {dagbag.py:539} INFO - Filling up the DagBag from /home/frederic/airflow_venv/lib/python3.10/site-packages/airflow/example_dags/example_branch_operator.py
[2026-05-29T10:38:41.889+0200] {processor.py:839} INFO - DAG(s) dict_keys(['example_branch_operator']) retrieved from /home/frederic/airflow_venv/lib/python3.10/site-packages/airflow/example_dags/example_branch_operator.py
[2026-05-29T10:38:41.906+0200] {logging_mixin.py:151} INFO - [2026-05-29T10:38:41.905+0200] {dag.py:2915} INFO - Sync 1 DAGs
[2026-05-29T10:38:41.927+0200] {logging_mixin.py:151} INFO - [2026-05-29T10:38:41.926+0200] {dag.py:3696} INFO - Setting next_dagrun for example_branch_operator to 2026-05-28T00:00:00+00:00, run_after=2026-05-29T00:00:00+00:00
[2026-05-29T10:38:41.946+0200] {processor.py:179} INFO - Processing /home/frederic/airflow_venv/lib/python3.10/site-packages/airflow/example_dags/example_branch_operator.py took 0.072 seconds
[2026-05-29T10:39:27.217+0200] {processor.py:157} INFO - Started process (PID=715867) to work on /home/frederic/airflow_venv/lib/python3.10/site-packages/airflow/example_dags/example_branch_operator.py
[2026-05-29T10:39:27.218+0200] {processor.py:829} INFO - Processing file /home/frederic/airflow_venv/lib/python3.10/site-packages/airflow/example_dags/example_branch_operator.py for tasks to queue
[2026-05-29T10:39:27.219+0200] {logging_mixin.py:151} INFO - [2026-05-29T10:39:27.218+0200] {dagbag.py:539} INFO - Filling up the DagBag from /home/frederic/airflow_venv/lib/python3.10/site-packages/airflow/example_dags/example_branch_operator.py
[2026-05-29T10:39:27.226+0200] {processor.py:839} INFO - DAG(s) dict_keys(['example_branch_operator']) retrieved from /home/frederic/airflow_venv/lib/python3.10/site-packages/airflow/example_dags/example_branch_operator.py
[2026-05-29T10:39:27.242+0200] {logging_mixin.py:151} INFO - [2026-05-29T10:39:27.241+0200] {dag.py:2915} INFO - Sync 1 DAGs
[2026-05-29T10:39:27.257+0200] {logging_mixin.py:151} INFO - [2026-05-29T10:39:27.257+0200] {dag.py:3696} INFO - Setting next_dagrun for example_branch_operator to 2026-05-28T00:00:00+00:00, run_after=2026-05-29T00:00:00+00:00
[2026-05-29T10:39:27.271+0200] {processor.py:179} INFO - Processing /home/frederic/airflow_venv/lib/python3.10/site-packages/airflow/example_dags/example_branch_operator.py took 0.057 seconds
[2026-05-29T10:40:11.736+0200] {processor.py:157} INFO - Started process (PID=716459) to work on /home/frederic/airflow_venv/lib/python3.10/site-packages/airflow/example_dags/example_branch_operator.py
[2026-05-29T10:40:11.738+0200] {processor.py:829} INFO - Processing file /home/frederic/airflow_venv/lib/python3.10/site-packages/airflow/example_dags/example_branch_operator.py for tasks to queue
[2026-05-29T10:40:11.738+0200] {logging_mixin.py:151} INFO - [2026-05-29T10:40:11.738+0200] {dagbag.py:539} INFO - Filling up the DagBag from /home/frederic/airflow_venv/lib/python3.10/site-packages/airflow/example_dags/example_branch_operator.py
[2026-05-29T10:40:11.745+0200] {processor.py:839} INFO - DAG(s) dict_keys(['example_branch_operator']) retrieved from /home/frederic/airflow_venv/lib/python3.10/site-packages/airflow/example_dags/example_branch_operator.py
[2026-05-29T10:40:11.760+0200] {logging_mixin.py:151} INFO - [2026-05-29T10:40:11.760+0200] {dag.py:2915} INFO - Sync 1 DAGs
[2026-05-29T10:40:11.776+0200] {logging_mixin.py:151} INFO - [2026-05-29T10:40:11.776+0200] {dag.py:3696} INFO - Setting next_dagrun for example_branch_operator to 2026-05-28T00:00:00+00:00, run_after=2026-05-29T00:00:00+00:00
[2026-05-29T10:40:11.790+0200] {processor.py:179} INFO - Processing /home/frederic/airflow_venv/lib/python3.10/site-packages/airflow/example_dags/example_branch_operator.py took 0.056 seconds
[2026-05-29T10:40:55.634+0200] {processor.py:157} INFO - Started process (PID=716891) to work on /home/frederic/airflow_venv/lib/python3.10/site-packages/airflow/example_dags/example_branch_operator.py
[2026-05-29T10:40:55.635+0200] {processor.py:829} INFO - Processing file /home/frederic/airflow_venv/lib/python3.10/site-packages/airflow/example_dags/example_branch_operator.py for tasks to queue
[2026-05-29T10:40:55.636+0200] {logging_mixin.py:151} INFO - [2026-05-29T10:40:55.636+0200] {dagbag.py:539} INFO - Filling up the DagBag from /home/frederic/airflow_venv/lib/python3.10/site-packages/airflow/example_dags/example_branch_operator.py
[2026-05-29T10:40:55.646+0200] {processor.py:839} INFO - DAG(s) dict_keys(['example_branch_operator']) retrieved from /home/frederic/airflow_venv/lib/python3.10/site-packages/airflow/example_dags/example_branch_operator.py
[2026-05-29T10:40:55.663+0200] {logging_mixin.py:151} INFO - [2026-05-29T10:40:55.663+0200] {dag.py:2915} INFO - Sync 1 DAGs
[2026-05-29T10:40:55.683+0200] {logging_mixin.py:151} INFO - [2026-05-29T10:40:55.683+0200] {dag.py:3696} INFO - Setting next_dagrun for example_branch_operator to 2026-05-28T00:00:00+00:00, run_after=2026-05-29T00:00:00+00:00
[2026-05-29T10:40:55.704+0200] {processor.py:179} INFO - Processing /home/frederic/airflow_venv/lib/python3.10/site-packages/airflow/example_dags/example_branch_operator.py took 0.072 seconds
[2026-05-29T10:41:44.428+0200] {processor.py:157} INFO - Started process (PID=717396) to work on /home/frederic/airflow_venv/lib/python3.10/site-packages/airflow/example_dags/example_branch_operator.py
[2026-05-29T10:41:44.429+0200] {processor.py:829} INFO - Processing file /home/frederic/airflow_venv/lib/python3.10/site-packages/airflow/example_dags/example_branch_operator.py for tasks to queue
[2026-05-29T10:41:44.430+0200] {logging_mixin.py:151} INFO - [2026-05-29T10:41:44.430+0200] {dagbag.py:539} INFO - Filling up the DagBag from /home/frederic/airflow_venv/lib/python3.10/site-packages/airflow/example_dags/example_branch_operator.py
[2026-05-29T10:41:44.444+0200] {processor.py:839} INFO - DAG(s) dict_keys(['example_branch_operator']) retrieved from /home/frederic/airflow_venv/lib/python3.10/site-packages/airflow/example_dags/example_branch_operator.py
[2026-05-29T10:41:44.462+0200] {logging_mixin.py:151} INFO - [2026-05-29T10:41:44.461+0200] {dag.py:2915} INFO - Sync 1 DAGs
[2026-05-29T10:41:44.484+0200] {logging_mixin.py:151} INFO - [2026-05-29T10:41:44.484+0200] {dag.py:3696} INFO - Setting next_dagrun for example_branch_operator to 2026-05-28T00:00:00+00:00, run_after=2026-05-29T00:00:00+00:00
[2026-05-29T10:41:44.501+0200] {processor.py:179} INFO - Processing /home/frederic/airflow_venv/lib/python3.10/site-packages/airflow/example_dags/example_branch_operator.py took 0.076 seconds
[2026-05-29T10:42:32.029+0200] {processor.py:157} INFO - Started process (PID=717893) to work on /home/frederic/airflow_venv/lib/python3.10/site-packages/airflow/example_dags/example_branch_operator.py
[2026-05-29T10:42:32.030+0200] {processor.py:829} INFO - Processing file /home/frederic/airflow_venv/lib/python3.10/site-packages/airflow/example_dags/example_branch_operator.py for tasks to queue
[2026-05-29T10:42:32.031+0200] {logging_mixin.py:151} INFO - [2026-05-29T10:42:32.030+0200] {dagbag.py:539} INFO - Filling up the DagBag from /home/frederic/airflow_venv/lib/python3.10/site-packages/airflow/example_dags/example_branch_operator.py
[2026-05-29T10:42:32.039+0200] {processor.py:839} INFO - DAG(s) dict_keys(['example_branch_operator']) retrieved from /home/frederic/airflow_venv/lib/python3.10/site-packages/airflow/example_dags/example_branch_operator.py
[2026-05-29T10:42:32.054+0200] {logging_mixin.py:151} INFO - [2026-05-29T10:42:32.054+0200] {dag.py:2915} INFO - Sync 1 DAGs
[2026-05-29T10:42:32.073+0200] {logging_mixin.py:151} INFO - [2026-05-29T10:42:32.073+0200] {dag.py:3696} INFO - Setting next_dagrun for example_branch_operator to 2026-05-28T00:00:00+00:00, run_after=2026-05-29T00:00:00+00:00
[2026-05-29T10:42:32.098+0200] {processor.py:179} INFO - Processing /home/frederic/airflow_venv/lib/python3.10/site-packages/airflow/example_dags/example_branch_operator.py took 0.071 seconds
[2026-05-29T10:43:13.750+0200] {processor.py:157} INFO - Started process (PID=718421) to work on /home/frederic/airflow_venv/lib/python3.10/site-packages/airflow/example_dags/example_branch_operator.py
[2026-05-29T10:43:13.751+0200] {processor.py:829} INFO - Processing file /home/frederic/airflow_venv/lib/python3.10/site-packages/airflow/example_dags/example_branch_operator.py for tasks to queue
[2026-05-29T10:43:13.751+0200] {logging_mixin.py:151} INFO - [2026-05-29T10:43:13.751+0200] {dagbag.py:539} INFO - Filling up the DagBag from /home/frederic/airflow_venv/lib/python3.10/site-packages/airflow/example_dags/example_branch_operator.py
[2026-05-29T10:43:13.762+0200] {processor.py:839} INFO - DAG(s) dict_keys(['example_branch_operator']) retrieved from /home/frederic/airflow_venv/lib/python3.10/site-packages/airflow/example_dags/example_branch_operator.py
[2026-05-29T10:43:13.779+0200] {logging_mixin.py:151} INFO - [2026-05-29T10:43:13.778+0200] {dag.py:2915} INFO - Sync 1 DAGs
[2026-05-29T10:43:13.798+0200] {logging_mixin.py:151} INFO - [2026-05-29T10:43:13.798+0200] {dag.py:3696} INFO - Setting next_dagrun for example_branch_operator to 2026-05-28T00:00:00+00:00, run_after=2026-05-29T00:00:00+00:00
[2026-05-29T10:43:13.814+0200] {processor.py:179} INFO - Processing /home/frederic/airflow_venv/lib/python3.10/site-packages/airflow/example_dags/example_branch_operator.py took 0.067 seconds
[2026-05-29T10:44:01.142+0200] {processor.py:157} INFO - Started process (PID=718837) to work on /home/frederic/airflow_venv/lib/python3.10/site-packages/airflow/example_dags/example_branch_operator.py
[2026-05-29T10:44:01.142+0200] {processor.py:829} INFO - Processing file /home/frederic/airflow_venv/lib/python3.10/site-packages/airflow/example_dags/example_branch_operator.py for tasks to queue
[2026-05-29T10:44:01.143+0200] {logging_mixin.py:151} INFO - [2026-05-29T10:44:01.143+0200] {dagbag.py:539} INFO - Filling up the DagBag from /home/frederic/airflow_venv/lib/python3.10/site-packages/airflow/example_dags/example_branch_operator.py
[2026-05-29T10:44:01.150+0200] {processor.py:839} INFO - DAG(s) dict_keys(['example_branch_operator']) retrieved from /home/frederic/airflow_venv/lib/python3.10/site-packages/airflow/example_dags/example_branch_operator.py
[2026-05-29T10:44:01.164+0200] {logging_mixin.py:151} INFO - [2026-05-29T10:44:01.164+0200] {dag.py:2915} INFO - Sync 1 DAGs
[2026-05-29T10:44:01.183+0200] {logging_mixin.py:151} INFO - [2026-05-29T10:44:01.183+0200] {dag.py:3696} INFO - Setting next_dagrun for example_branch_operator to 2026-05-28T00:00:00+00:00, run_after=2026-05-29T00:00:00+00:00
[2026-05-29T10:44:01.200+0200] {processor.py:179} INFO - Processing /home/frederic/airflow_venv/lib/python3.10/site-packages/airflow/example_dags/example_branch_operator.py took 0.061 seconds
[2026-05-29T10:44:46.388+0200] {processor.py:157} INFO - Started process (PID=719620) to work on /home/frederic/airflow_venv/lib/python3.10/site-packages/airflow/example_dags/example_branch_operator.py
[2026-05-29T10:44:46.389+0200] {processor.py:829} INFO - Processing file /home/frederic/airflow_venv/lib/python3.10/site-packages/airflow/example_dags/example_branch_operator.py for tasks to queue
[2026-05-29T10:44:46.390+0200] {logging_mixin.py:151} INFO - [2026-05-29T10:44:46.390+0200] {dagbag.py:539} INFO - Filling up the DagBag from /home/frederic/airflow_venv/lib/python3.10/site-packages/airflow/example_dags/example_branch_operator.py
[2026-05-29T10:44:46.399+0200] {processor.py:839} INFO - DAG(s) dict_keys(['example_branch_operator']) retrieved from /home/frederic/airflow_venv/lib/python3.10/site-packages/airflow/example_dags/example_branch_operator.py
[2026-05-29T10:44:46.417+0200] {logging_mixin.py:151} INFO - [2026-05-29T10:44:46.417+0200] {dag.py:2915} INFO - Sync 1 DAGs
[2026-05-29T10:44:46.437+0200] {logging_mixin.py:151} INFO - [2026-05-29T10:44:46.437+0200] {dag.py:3696} INFO - Setting next_dagrun for example_branch_operator to 2026-05-28T00:00:00+00:00, run_after=2026-05-29T00:00:00+00:00
[2026-05-29T10:44:46.456+0200] {processor.py:179} INFO - Processing /home/frederic/airflow_venv/lib/python3.10/site-packages/airflow/example_dags/example_branch_operator.py took 0.070 seconds
[2026-05-29T10:45:35.039+0200] {processor.py:157} INFO - Started process (PID=720175) to work on /home/frederic/airflow_venv/lib/python3.10/site-packages/airflow/example_dags/example_branch_operator.py
[2026-05-29T10:45:35.040+0200] {processor.py:829} INFO - Processing file /home/frederic/airflow_venv/lib/python3.10/site-packages/airflow/example_dags/example_branch_operator.py for tasks to queue
[2026-05-29T10:45:35.041+0200] {logging_mixin.py:151} INFO - [2026-05-29T10:45:35.040+0200] {dagbag.py:539} INFO - Filling up the DagBag from /home/frederic/airflow_venv/lib/python3.10/site-packages/airflow/example_dags/example_branch_operator.py
[2026-05-29T10:45:35.049+0200] {processor.py:839} INFO - DAG(s) dict_keys(['example_branch_operator']) retrieved from /home/frederic/airflow_venv/lib/python3.10/site-packages/airflow/example_dags/example_branch_operator.py
[2026-05-29T10:45:35.063+0200] {logging_mixin.py:151} INFO - [2026-05-29T10:45:35.063+0200] {dag.py:2915} INFO - Sync 1 DAGs
[2026-05-29T10:45:35.081+0200] {logging_mixin.py:151} INFO - [2026-05-29T10:45:35.081+0200] {dag.py:3696} INFO - Setting next_dagrun for example_branch_operator to 2026-05-28T00:00:00+00:00, run_after=2026-05-29T00:00:00+00:00
[2026-05-29T10:45:35.096+0200] {processor.py:179} INFO - Processing /home/frederic/airflow_venv/lib/python3.10/site-packages/airflow/example_dags/example_branch_operator.py took 0.060 seconds
[2026-05-29T10:46:20.165+0200] {processor.py:157} INFO - Started process (PID=720621) to work on /home/frederic/airflow_venv/lib/python3.10/site-packages/airflow/example_dags/example_branch_operator.py
[2026-05-29T10:46:20.166+0200] {processor.py:829} INFO - Processing file /home/frederic/airflow_venv/lib/python3.10/site-packages/airflow/example_dags/example_branch_operator.py for tasks to queue
[2026-05-29T10:46:20.167+0200] {logging_mixin.py:151} INFO - [2026-05-29T10:46:20.167+0200] {dagbag.py:539} INFO - Filling up the DagBag from /home/frederic/airflow_venv/lib/python3.10/site-packages/airflow/example_dags/example_branch_operator.py
[2026-05-29T10:46:20.175+0200] {processor.py:839} INFO - DAG(s) dict_keys(['example_branch_operator']) retrieved from /home/frederic/airflow_venv/lib/python3.10/site-packages/airflow/example_dags/example_branch_operator.py
[2026-05-29T10:46:20.190+0200] {logging_mixin.py:151} INFO - [2026-05-29T10:46:20.190+0200] {dag.py:2915} INFO - Sync 1 DAGs
[2026-05-29T10:46:20.210+0200] {logging_mixin.py:151} INFO - [2026-05-29T10:46:20.210+0200] {dag.py:3696} INFO - Setting next_dagrun for example_branch_operator to 2026-05-28T00:00:00+00:00, run_after=2026-05-29T00:00:00+00:00
[2026-05-29T10:46:20.226+0200] {processor.py:179} INFO - Processing /home/frederic/airflow_venv/lib/python3.10/site-packages/airflow/example_dags/example_branch_operator.py took 0.064 seconds
[2026-05-29T10:47:12.711+0200] {processor.py:157} INFO - Started process (PID=721754) to work on /home/frederic/airflow_venv/lib/python3.10/site-packages/airflow/example_dags/example_branch_operator.py
[2026-05-29T10:47:12.712+0200] {processor.py:829} INFO - Processing file /home/frederic/airflow_venv/lib/python3.10/site-packages/airflow/example_dags/example_branch_operator.py for tasks to queue
[2026-05-29T10:47:12.713+0200] {logging_mixin.py:151} INFO - [2026-05-29T10:47:12.712+0200] {dagbag.py:539} INFO - Filling up the DagBag from /home/frederic/airflow_venv/lib/python3.10/site-packages/airflow/example_dags/example_branch_operator.py
[2026-05-29T10:47:12.723+0200] {processor.py:839} INFO - DAG(s) dict_keys(['example_branch_operator']) retrieved from /home/frederic/airflow_venv/lib/python3.10/site-packages/airflow/example_dags/example_branch_operator.py
[2026-05-29T10:47:12.739+0200] {logging_mixin.py:151} INFO - [2026-05-29T10:47:12.739+0200] {dag.py:2915} INFO - Sync 1 DAGs
[2026-05-29T10:47:12.758+0200] {logging_mixin.py:151} INFO - [2026-05-29T10:47:12.757+0200] {dag.py:3696} INFO - Setting next_dagrun for example_branch_operator to 2026-05-28T00:00:00+00:00, run_after=2026-05-29T00:00:00+00:00
[2026-05-29T10:47:12.774+0200] {processor.py:179} INFO - Processing /home/frederic/airflow_venv/lib/python3.10/site-packages/airflow/example_dags/example_branch_operator.py took 0.066 seconds
[2026-05-29T10:48:01.365+0200] {processor.py:157} INFO - Started process (PID=722201) to work on /home/frederic/airflow_venv/lib/python3.10/site-packages/airflow/example_dags/example_branch_operator.py
[2026-05-29T10:48:01.366+0200] {processor.py:829} INFO - Processing file /home/frederic/airflow_venv/lib/python3.10/site-packages/airflow/example_dags/example_branch_operator.py for tasks to queue
[2026-05-29T10:48:01.367+0200] {logging_mixin.py:151} INFO - [2026-05-29T10:48:01.366+0200] {dagbag.py:539} INFO - Filling up the DagBag from /home/frederic/airflow_venv/lib/python3.10/site-packages/airflow/example_dags/example_branch_operator.py
[2026-05-29T10:48:01.375+0200] {processor.py:839} INFO - DAG(s) dict_keys(['example_branch_operator']) retrieved from /home/frederic/airflow_venv/lib/python3.10/site-packages/airflow/example_dags/example_branch_operator.py
[2026-05-29T10:48:01.392+0200] {logging_mixin.py:151} INFO - [2026-05-29T10:48:01.392+0200] {dag.py:2915} INFO - Sync 1 DAGs
[2026-05-29T10:48:01.415+0200] {logging_mixin.py:151} INFO - [2026-05-29T10:48:01.414+0200] {dag.py:3696} INFO - Setting next_dagrun for example_branch_operator to 2026-05-28T00:00:00+00:00, run_after=2026-05-29T00:00:00+00:00
[2026-05-29T10:48:01.436+0200] {processor.py:179} INFO - Processing /home/frederic/airflow_venv/lib/python3.10/site-packages/airflow/example_dags/example_branch_operator.py took 0.074 seconds
[2026-05-29T10:48:55.712+0200] {processor.py:157} INFO - Started process (PID=722854) to work on /home/frederic/airflow_venv/lib/python3.10/site-packages/airflow/example_dags/example_branch_operator.py
[2026-05-29T10:48:55.713+0200] {processor.py:829} INFO - Processing file /home/frederic/airflow_venv/lib/python3.10/site-packages/airflow/example_dags/example_branch_operator.py for tasks to queue
[2026-05-29T10:48:55.714+0200] {logging_mixin.py:151} INFO - [2026-05-29T10:48:55.713+0200] {dagbag.py:539} INFO - Filling up the DagBag from /home/frederic/airflow_venv/lib/python3.10/site-packages/airflow/example_dags/example_branch_operator.py
[2026-05-29T10:48:55.721+0200] {processor.py:839} INFO - DAG(s) dict_keys(['example_branch_operator']) retrieved from /home/frederic/airflow_venv/lib/python3.10/site-packages/airflow/example_dags/example_branch_operator.py
[2026-05-29T10:48:55.736+0200] {logging_mixin.py:151} INFO - [2026-05-29T10:48:55.736+0200] {dag.py:2915} INFO - Sync 1 DAGs
[2026-05-29T10:48:55.753+0200] {logging_mixin.py:151} INFO - [2026-05-29T10:48:55.753+0200] {dag.py:3696} INFO - Setting next_dagrun for example_branch_operator to 2026-05-28T00:00:00+00:00, run_after=2026-05-29T00:00:00+00:00
[2026-05-29T10:48:55.769+0200] {processor.py:179} INFO - Processing /home/frederic/airflow_venv/lib/python3.10/site-packages/airflow/example_dags/example_branch_operator.py took 0.059 seconds
[2026-05-29T10:49:44.920+0200] {processor.py:157} INFO - Started process (PID=723353) to work on /home/frederic/airflow_venv/lib/python3.10/site-packages/airflow/example_dags/example_branch_operator.py
[2026-05-29T10:49:44.921+0200] {processor.py:829} INFO - Processing file /home/frederic/airflow_venv/lib/python3.10/site-packages/airflow/example_dags/example_branch_operator.py for tasks to queue
[2026-05-29T10:49:44.922+0200] {logging_mixin.py:151} INFO - [2026-05-29T10:49:44.921+0200] {dagbag.py:539} INFO - Filling up the DagBag from /home/frederic/airflow_venv/lib/python3.10/site-packages/airflow/example_dags/example_branch_operator.py
[2026-05-29T10:49:44.931+0200] {processor.py:839} INFO - DAG(s) dict_keys(['example_branch_operator']) retrieved from /home/frederic/airflow_venv/lib/python3.10/site-packages/airflow/example_dags/example_branch_operator.py
[2026-05-29T10:49:44.946+0200] {logging_mixin.py:151} INFO - [2026-05-29T10:49:44.946+0200] {dag.py:2915} INFO - Sync 1 DAGs
[2026-05-29T10:49:44.967+0200] {logging_mixin.py:151} INFO - [2026-05-29T10:49:44.966+0200] {dag.py:3696} INFO - Setting next_dagrun for example_branch_operator to 2026-05-28T00:00:00+00:00, run_after=2026-05-29T00:00:00+00:00
[2026-05-29T10:49:44.982+0200] {processor.py:179} INFO - Processing /home/frederic/airflow_venv/lib/python3.10/site-packages/airflow/example_dags/example_branch_operator.py took 0.065 seconds
[2026-05-29T10:50:31.628+0200] {processor.py:157} INFO - Started process (PID=723855) to work on /home/frederic/airflow_venv/lib/python3.10/site-packages/airflow/example_dags/example_branch_operator.py
[2026-05-29T10:50:31.629+0200] {processor.py:829} INFO - Processing file /home/frederic/airflow_venv/lib/python3.10/site-packages/airflow/example_dags/example_branch_operator.py for tasks to queue
[2026-05-29T10:50:31.630+0200] {logging_mixin.py:151} INFO - [2026-05-29T10:50:31.629+0200] {dagbag.py:539} INFO - Filling up the DagBag from /home/frederic/airflow_venv/lib/python3.10/site-packages/airflow/example_dags/example_branch_operator.py
[2026-05-29T10:50:31.638+0200] {processor.py:839} INFO - DAG(s) dict_keys(['example_branch_operator']) retrieved from /home/frederic/airflow_venv/lib/python3.10/site-packages/airflow/example_dags/example_branch_operator.py
[2026-05-29T10:50:31.655+0200] {logging_mixin.py:151} INFO - [2026-05-29T10:50:31.655+0200] {dag.py:2915} INFO - Sync 1 DAGs
[2026-05-29T10:50:31.675+0200] {logging_mixin.py:151} INFO - [2026-05-29T10:50:31.675+0200] {dag.py:3696} INFO - Setting next_dagrun for example_branch_operator to 2026-05-28T00:00:00+00:00, run_after=2026-05-29T00:00:00+00:00
[2026-05-29T10:50:31.694+0200] {processor.py:179} INFO - Processing /home/frederic/airflow_venv/lib/python3.10/site-packages/airflow/example_dags/example_branch_operator.py took 0.068 seconds
[2026-05-29T10:51:18.453+0200] {processor.py:157} INFO - Started process (PID=724312) to work on /home/frederic/airflow_venv/lib/python3.10/site-packages/airflow/example_dags/example_branch_operator.py
[2026-05-29T10:51:18.454+0200] {processor.py:829} INFO - Processing file /home/frederic/airflow_venv/lib/python3.10/site-packages/airflow/example_dags/example_branch_operator.py for tasks to queue
[2026-05-29T10:51:18.454+0200] {logging_mixin.py:151} INFO - [2026-05-29T10:51:18.454+0200] {dagbag.py:539} INFO - Filling up the DagBag from /home/frederic/airflow_venv/lib/python3.10/site-packages/airflow/example_dags/example_branch_operator.py
[2026-05-29T10:51:18.462+0200] {processor.py:839} INFO - DAG(s) dict_keys(['example_branch_operator']) retrieved from /home/frederic/airflow_venv/lib/python3.10/site-packages/airflow/example_dags/example_branch_operator.py
[2026-05-29T10:51:18.479+0200] {logging_mixin.py:151} INFO - [2026-05-29T10:51:18.479+0200] {dag.py:2915} INFO - Sync 1 DAGs
[2026-05-29T10:51:18.495+0200] {logging_mixin.py:151} INFO - [2026-05-29T10:51:18.495+0200] {dag.py:3696} INFO - Setting next_dagrun for example_branch_operator to 2026-05-28T00:00:00+00:00, run_after=2026-05-29T00:00:00+00:00
[2026-05-29T10:51:18.510+0200] {processor.py:179} INFO - Processing /home/frederic/airflow_venv/lib/python3.10/site-packages/airflow/example_dags/example_branch_operator.py took 0.060 seconds
