[2026-05-29T02:00:19.161+0200] {processor.py:157} INFO - Started process (PID=633569) to work on /home/frederic/airflow_venv/lib/python3.10/site-packages/airflow/example_dags/example_subdag_operator.py
[2026-05-29T02:00:19.161+0200] {processor.py:829} INFO - Processing file /home/frederic/airflow_venv/lib/python3.10/site-packages/airflow/example_dags/example_subdag_operator.py for tasks to queue
[2026-05-29T02:00:19.162+0200] {logging_mixin.py:151} INFO - [2026-05-29T02:00:19.162+0200] {dagbag.py:539} INFO - Filling up the DagBag from /home/frederic/airflow_venv/lib/python3.10/site-packages/airflow/example_dags/example_subdag_operator.py
[2026-05-29T02:00:19.181+0200] {processor.py:839} INFO - DAG(s) dict_keys(['example_subdag_operator.section-1', 'example_subdag_operator.section-2', 'example_subdag_operator']) retrieved from /home/frederic/airflow_venv/lib/python3.10/site-packages/airflow/example_dags/example_subdag_operator.py
[2026-05-29T02:00:19.195+0200] {logging_mixin.py:151} INFO - [2026-05-29T02:00:19.195+0200] {dag.py:2915} INFO - Sync 3 DAGs
[2026-05-29T02:00:19.212+0200] {logging_mixin.py:151} INFO - [2026-05-29T02:00:19.212+0200] {dag.py:3696} INFO - Setting next_dagrun for example_subdag_operator to 2022-01-01T00:00:00+00:00, run_after=2022-01-01T00:00:00+00:00
[2026-05-29T02:00:19.215+0200] {logging_mixin.py:151} INFO - [2026-05-29T02:00:19.215+0200] {dag.py:3696} INFO - Setting next_dagrun for example_subdag_operator.section-1 to None, run_after=None
[2026-05-29T02:00:19.215+0200] {logging_mixin.py:151} INFO - [2026-05-29T02:00:19.215+0200] {dag.py:3696} INFO - Setting next_dagrun for example_subdag_operator.section-2 to None, run_after=None
[2026-05-29T02:00:19.221+0200] {logging_mixin.py:151} INFO - [2026-05-29T02:00:19.221+0200] {dag.py:2915} INFO - Sync 2 DAGs
[2026-05-29T02:00:19.225+0200] {logging_mixin.py:151} INFO - [2026-05-29T02:00:19.224+0200] {dag.py:3696} INFO - Setting next_dagrun for example_subdag_operator.section-1 to None, run_after=None
[2026-05-29T02:00:19.225+0200] {logging_mixin.py:151} INFO - [2026-05-29T02:00:19.225+0200] {dag.py:3696} INFO - Setting next_dagrun for example_subdag_operator.section-2 to None, run_after=None
[2026-05-29T02:00:19.237+0200] {processor.py:179} INFO - Processing /home/frederic/airflow_venv/lib/python3.10/site-packages/airflow/example_dags/example_subdag_operator.py took 0.079 seconds
[2026-05-29T02:00:24.321+0200] {processor.py:157} INFO - Started process (PID=633780) to work on /home/frederic/airflow_venv/lib/python3.10/site-packages/airflow/example_dags/example_subdag_operator.py
[2026-05-29T02:00:24.322+0200] {processor.py:829} INFO - Processing file /home/frederic/airflow_venv/lib/python3.10/site-packages/airflow/example_dags/example_subdag_operator.py for tasks to queue
[2026-05-29T02:00:24.323+0200] {logging_mixin.py:151} INFO - [2026-05-29T02:00:24.323+0200] {dagbag.py:539} INFO - Filling up the DagBag from /home/frederic/airflow_venv/lib/python3.10/site-packages/airflow/example_dags/example_subdag_operator.py
[2026-05-29T02:00:24.348+0200] {processor.py:839} INFO - DAG(s) dict_keys(['example_subdag_operator.section-1', 'example_subdag_operator.section-2', 'example_subdag_operator']) retrieved from /home/frederic/airflow_venv/lib/python3.10/site-packages/airflow/example_dags/example_subdag_operator.py
[2026-05-29T02:00:24.364+0200] {logging_mixin.py:151} INFO - [2026-05-29T02:00:24.364+0200] {dag.py:2915} INFO - Sync 3 DAGs
[2026-05-29T02:00:24.386+0200] {logging_mixin.py:151} INFO - [2026-05-29T02:00:24.386+0200] {dag.py:3696} INFO - Setting next_dagrun for example_subdag_operator to 2022-01-01T00:00:00+00:00, run_after=2022-01-01T00:00:00+00:00
[2026-05-29T02:00:24.390+0200] {logging_mixin.py:151} INFO - [2026-05-29T02:00:24.389+0200] {dag.py:3696} INFO - Setting next_dagrun for example_subdag_operator.section-1 to None, run_after=None
[2026-05-29T02:00:24.391+0200] {logging_mixin.py:151} INFO - [2026-05-29T02:00:24.391+0200] {dag.py:3696} INFO - Setting next_dagrun for example_subdag_operator.section-2 to None, run_after=None
[2026-05-29T02:00:24.397+0200] {logging_mixin.py:151} INFO - [2026-05-29T02:00:24.397+0200] {dag.py:2915} INFO - Sync 2 DAGs
[2026-05-29T02:00:24.402+0200] {logging_mixin.py:151} INFO - [2026-05-29T02:00:24.402+0200] {dag.py:3696} INFO - Setting next_dagrun for example_subdag_operator.section-1 to None, run_after=None
[2026-05-29T02:00:24.402+0200] {logging_mixin.py:151} INFO - [2026-05-29T02:00:24.402+0200] {dag.py:3696} INFO - Setting next_dagrun for example_subdag_operator.section-2 to None, run_after=None
[2026-05-29T02:00:24.418+0200] {processor.py:179} INFO - Processing /home/frederic/airflow_venv/lib/python3.10/site-packages/airflow/example_dags/example_subdag_operator.py took 0.100 seconds
[2026-05-29T02:01:04.591+0200] {processor.py:157} INFO - Started process (PID=634950) to work on /home/frederic/airflow_venv/lib/python3.10/site-packages/airflow/example_dags/example_subdag_operator.py
[2026-05-29T02:01:04.592+0200] {processor.py:829} INFO - Processing file /home/frederic/airflow_venv/lib/python3.10/site-packages/airflow/example_dags/example_subdag_operator.py for tasks to queue
[2026-05-29T02:01:04.593+0200] {logging_mixin.py:151} INFO - [2026-05-29T02:01:04.593+0200] {dagbag.py:539} INFO - Filling up the DagBag from /home/frederic/airflow_venv/lib/python3.10/site-packages/airflow/example_dags/example_subdag_operator.py
[2026-05-29T02:01:04.614+0200] {processor.py:839} INFO - DAG(s) dict_keys(['example_subdag_operator.section-1', 'example_subdag_operator.section-2', 'example_subdag_operator']) retrieved from /home/frederic/airflow_venv/lib/python3.10/site-packages/airflow/example_dags/example_subdag_operator.py
[2026-05-29T02:01:04.631+0200] {logging_mixin.py:151} INFO - [2026-05-29T02:01:04.631+0200] {dag.py:2915} INFO - Sync 3 DAGs
[2026-05-29T02:01:04.650+0200] {logging_mixin.py:151} INFO - [2026-05-29T02:01:04.650+0200] {dag.py:3696} INFO - Setting next_dagrun for example_subdag_operator to 2022-01-01T00:00:00+00:00, run_after=2022-01-01T00:00:00+00:00
[2026-05-29T02:01:04.654+0200] {logging_mixin.py:151} INFO - [2026-05-29T02:01:04.654+0200] {dag.py:3696} INFO - Setting next_dagrun for example_subdag_operator.section-1 to None, run_after=None
[2026-05-29T02:01:04.655+0200] {logging_mixin.py:151} INFO - [2026-05-29T02:01:04.655+0200] {dag.py:3696} INFO - Setting next_dagrun for example_subdag_operator.section-2 to None, run_after=None
[2026-05-29T02:01:04.660+0200] {logging_mixin.py:151} INFO - [2026-05-29T02:01:04.660+0200] {dag.py:2915} INFO - Sync 2 DAGs
[2026-05-29T02:01:04.663+0200] {logging_mixin.py:151} INFO - [2026-05-29T02:01:04.663+0200] {dag.py:3696} INFO - Setting next_dagrun for example_subdag_operator.section-1 to None, run_after=None
[2026-05-29T02:01:04.663+0200] {logging_mixin.py:151} INFO - [2026-05-29T02:01:04.663+0200] {dag.py:3696} INFO - Setting next_dagrun for example_subdag_operator.section-2 to None, run_after=None
[2026-05-29T02:01:04.674+0200] {processor.py:179} INFO - Processing /home/frederic/airflow_venv/lib/python3.10/site-packages/airflow/example_dags/example_subdag_operator.py took 0.085 seconds
[2026-05-29T02:01:10.819+0200] {processor.py:157} INFO - Started process (PID=635120) to work on /home/frederic/airflow_venv/lib/python3.10/site-packages/airflow/example_dags/example_subdag_operator.py
[2026-05-29T02:01:10.820+0200] {processor.py:829} INFO - Processing file /home/frederic/airflow_venv/lib/python3.10/site-packages/airflow/example_dags/example_subdag_operator.py for tasks to queue
[2026-05-29T02:01:10.820+0200] {logging_mixin.py:151} INFO - [2026-05-29T02:01:10.820+0200] {dagbag.py:539} INFO - Filling up the DagBag from /home/frederic/airflow_venv/lib/python3.10/site-packages/airflow/example_dags/example_subdag_operator.py
[2026-05-29T02:01:10.836+0200] {processor.py:839} INFO - DAG(s) dict_keys(['example_subdag_operator.section-1', 'example_subdag_operator.section-2', 'example_subdag_operator']) retrieved from /home/frederic/airflow_venv/lib/python3.10/site-packages/airflow/example_dags/example_subdag_operator.py
[2026-05-29T02:01:10.849+0200] {logging_mixin.py:151} INFO - [2026-05-29T02:01:10.849+0200] {dag.py:2915} INFO - Sync 3 DAGs
[2026-05-29T02:01:10.865+0200] {logging_mixin.py:151} INFO - [2026-05-29T02:01:10.864+0200] {dag.py:3696} INFO - Setting next_dagrun for example_subdag_operator to 2022-01-01T00:00:00+00:00, run_after=2022-01-01T00:00:00+00:00
[2026-05-29T02:01:10.867+0200] {logging_mixin.py:151} INFO - [2026-05-29T02:01:10.867+0200] {dag.py:3696} INFO - Setting next_dagrun for example_subdag_operator.section-1 to None, run_after=None
[2026-05-29T02:01:10.868+0200] {logging_mixin.py:151} INFO - [2026-05-29T02:01:10.867+0200] {dag.py:3696} INFO - Setting next_dagrun for example_subdag_operator.section-2 to None, run_after=None
[2026-05-29T02:01:10.872+0200] {logging_mixin.py:151} INFO - [2026-05-29T02:01:10.872+0200] {dag.py:2915} INFO - Sync 2 DAGs
[2026-05-29T02:01:10.875+0200] {logging_mixin.py:151} INFO - [2026-05-29T02:01:10.875+0200] {dag.py:3696} INFO - Setting next_dagrun for example_subdag_operator.section-1 to None, run_after=None
[2026-05-29T02:01:10.875+0200] {logging_mixin.py:151} INFO - [2026-05-29T02:01:10.875+0200] {dag.py:3696} INFO - Setting next_dagrun for example_subdag_operator.section-2 to None, run_after=None
[2026-05-29T02:01:10.886+0200] {processor.py:179} INFO - Processing /home/frederic/airflow_venv/lib/python3.10/site-packages/airflow/example_dags/example_subdag_operator.py took 0.070 seconds
[2026-05-29T02:01:51.906+0200] {processor.py:157} INFO - Started process (PID=636311) to work on /home/frederic/airflow_venv/lib/python3.10/site-packages/airflow/example_dags/example_subdag_operator.py
[2026-05-29T02:01:51.907+0200] {processor.py:829} INFO - Processing file /home/frederic/airflow_venv/lib/python3.10/site-packages/airflow/example_dags/example_subdag_operator.py for tasks to queue
[2026-05-29T02:01:51.908+0200] {logging_mixin.py:151} INFO - [2026-05-29T02:01:51.908+0200] {dagbag.py:539} INFO - Filling up the DagBag from /home/frederic/airflow_venv/lib/python3.10/site-packages/airflow/example_dags/example_subdag_operator.py
[2026-05-29T02:01:51.927+0200] {processor.py:839} INFO - DAG(s) dict_keys(['example_subdag_operator.section-1', 'example_subdag_operator.section-2', 'example_subdag_operator']) retrieved from /home/frederic/airflow_venv/lib/python3.10/site-packages/airflow/example_dags/example_subdag_operator.py
[2026-05-29T02:01:51.940+0200] {logging_mixin.py:151} INFO - [2026-05-29T02:01:51.940+0200] {dag.py:2915} INFO - Sync 3 DAGs
[2026-05-29T02:01:51.956+0200] {logging_mixin.py:151} INFO - [2026-05-29T02:01:51.956+0200] {dag.py:3696} INFO - Setting next_dagrun for example_subdag_operator to 2022-01-01T00:00:00+00:00, run_after=2022-01-01T00:00:00+00:00
[2026-05-29T02:01:51.958+0200] {logging_mixin.py:151} INFO - [2026-05-29T02:01:51.958+0200] {dag.py:3696} INFO - Setting next_dagrun for example_subdag_operator.section-1 to None, run_after=None
[2026-05-29T02:01:51.959+0200] {logging_mixin.py:151} INFO - [2026-05-29T02:01:51.959+0200] {dag.py:3696} INFO - Setting next_dagrun for example_subdag_operator.section-2 to None, run_after=None
[2026-05-29T02:01:51.963+0200] {logging_mixin.py:151} INFO - [2026-05-29T02:01:51.963+0200] {dag.py:2915} INFO - Sync 2 DAGs
[2026-05-29T02:01:51.967+0200] {logging_mixin.py:151} INFO - [2026-05-29T02:01:51.967+0200] {dag.py:3696} INFO - Setting next_dagrun for example_subdag_operator.section-1 to None, run_after=None
[2026-05-29T02:01:51.968+0200] {logging_mixin.py:151} INFO - [2026-05-29T02:01:51.968+0200] {dag.py:3696} INFO - Setting next_dagrun for example_subdag_operator.section-2 to None, run_after=None
[2026-05-29T02:01:51.978+0200] {processor.py:179} INFO - Processing /home/frederic/airflow_venv/lib/python3.10/site-packages/airflow/example_dags/example_subdag_operator.py took 0.075 seconds
[2026-05-29T02:01:54.148+0200] {processor.py:157} INFO - Started process (PID=636348) to work on /home/frederic/airflow_venv/lib/python3.10/site-packages/airflow/example_dags/example_subdag_operator.py
[2026-05-29T02:01:54.149+0200] {processor.py:829} INFO - Processing file /home/frederic/airflow_venv/lib/python3.10/site-packages/airflow/example_dags/example_subdag_operator.py for tasks to queue
[2026-05-29T02:01:54.149+0200] {logging_mixin.py:151} INFO - [2026-05-29T02:01:54.149+0200] {dagbag.py:539} INFO - Filling up the DagBag from /home/frederic/airflow_venv/lib/python3.10/site-packages/airflow/example_dags/example_subdag_operator.py
[2026-05-29T02:01:54.166+0200] {processor.py:839} INFO - DAG(s) dict_keys(['example_subdag_operator.section-1', 'example_subdag_operator.section-2', 'example_subdag_operator']) retrieved from /home/frederic/airflow_venv/lib/python3.10/site-packages/airflow/example_dags/example_subdag_operator.py
[2026-05-29T02:01:54.180+0200] {logging_mixin.py:151} INFO - [2026-05-29T02:01:54.179+0200] {dag.py:2915} INFO - Sync 3 DAGs
[2026-05-29T02:01:54.196+0200] {logging_mixin.py:151} INFO - [2026-05-29T02:01:54.196+0200] {dag.py:3696} INFO - Setting next_dagrun for example_subdag_operator to 2022-01-01T00:00:00+00:00, run_after=2022-01-01T00:00:00+00:00
[2026-05-29T02:01:54.199+0200] {logging_mixin.py:151} INFO - [2026-05-29T02:01:54.198+0200] {dag.py:3696} INFO - Setting next_dagrun for example_subdag_operator.section-1 to None, run_after=None
[2026-05-29T02:01:54.199+0200] {logging_mixin.py:151} INFO - [2026-05-29T02:01:54.199+0200] {dag.py:3696} INFO - Setting next_dagrun for example_subdag_operator.section-2 to None, run_after=None
[2026-05-29T02:01:54.204+0200] {logging_mixin.py:151} INFO - [2026-05-29T02:01:54.204+0200] {dag.py:2915} INFO - Sync 2 DAGs
[2026-05-29T02:01:54.207+0200] {logging_mixin.py:151} INFO - [2026-05-29T02:01:54.207+0200] {dag.py:3696} INFO - Setting next_dagrun for example_subdag_operator.section-1 to None, run_after=None
[2026-05-29T02:01:54.208+0200] {logging_mixin.py:151} INFO - [2026-05-29T02:01:54.207+0200] {dag.py:3696} INFO - Setting next_dagrun for example_subdag_operator.section-2 to None, run_after=None
[2026-05-29T02:01:54.219+0200] {processor.py:179} INFO - Processing /home/frederic/airflow_venv/lib/python3.10/site-packages/airflow/example_dags/example_subdag_operator.py took 0.074 seconds
[2026-05-29T02:02:42.248+0200] {processor.py:157} INFO - Started process (PID=637915) to work on /home/frederic/airflow_venv/lib/python3.10/site-packages/airflow/example_dags/example_subdag_operator.py
[2026-05-29T02:02:42.249+0200] {processor.py:829} INFO - Processing file /home/frederic/airflow_venv/lib/python3.10/site-packages/airflow/example_dags/example_subdag_operator.py for tasks to queue
[2026-05-29T02:02:42.250+0200] {logging_mixin.py:151} INFO - [2026-05-29T02:02:42.250+0200] {dagbag.py:539} INFO - Filling up the DagBag from /home/frederic/airflow_venv/lib/python3.10/site-packages/airflow/example_dags/example_subdag_operator.py
[2026-05-29T02:02:42.269+0200] {processor.py:839} INFO - DAG(s) dict_keys(['example_subdag_operator.section-1', 'example_subdag_operator.section-2', 'example_subdag_operator']) retrieved from /home/frederic/airflow_venv/lib/python3.10/site-packages/airflow/example_dags/example_subdag_operator.py
[2026-05-29T02:02:42.284+0200] {logging_mixin.py:151} INFO - [2026-05-29T02:02:42.284+0200] {dag.py:2915} INFO - Sync 3 DAGs
[2026-05-29T02:02:42.307+0200] {logging_mixin.py:151} INFO - [2026-05-29T02:02:42.306+0200] {dag.py:3696} INFO - Setting next_dagrun for example_subdag_operator to 2022-01-01T00:00:00+00:00, run_after=2022-01-01T00:00:00+00:00
[2026-05-29T02:02:42.310+0200] {logging_mixin.py:151} INFO - [2026-05-29T02:02:42.310+0200] {dag.py:3696} INFO - Setting next_dagrun for example_subdag_operator.section-1 to None, run_after=None
[2026-05-29T02:02:42.311+0200] {logging_mixin.py:151} INFO - [2026-05-29T02:02:42.311+0200] {dag.py:3696} INFO - Setting next_dagrun for example_subdag_operator.section-2 to None, run_after=None
[2026-05-29T02:02:42.320+0200] {logging_mixin.py:151} INFO - [2026-05-29T02:02:42.319+0200] {dag.py:2915} INFO - Sync 2 DAGs
[2026-05-29T02:02:42.324+0200] {logging_mixin.py:151} INFO - [2026-05-29T02:02:42.324+0200] {dag.py:3696} INFO - Setting next_dagrun for example_subdag_operator.section-1 to None, run_after=None
[2026-05-29T02:02:42.325+0200] {logging_mixin.py:151} INFO - [2026-05-29T02:02:42.325+0200] {dag.py:3696} INFO - Setting next_dagrun for example_subdag_operator.section-2 to None, run_after=None
[2026-05-29T02:02:42.340+0200] {processor.py:179} INFO - Processing /home/frederic/airflow_venv/lib/python3.10/site-packages/airflow/example_dags/example_subdag_operator.py took 0.095 seconds
[2026-05-29T02:02:44.062+0200] {processor.py:157} INFO - Started process (PID=637955) to work on /home/frederic/airflow_venv/lib/python3.10/site-packages/airflow/example_dags/example_subdag_operator.py
[2026-05-29T02:02:44.063+0200] {processor.py:829} INFO - Processing file /home/frederic/airflow_venv/lib/python3.10/site-packages/airflow/example_dags/example_subdag_operator.py for tasks to queue
[2026-05-29T02:02:44.064+0200] {logging_mixin.py:151} INFO - [2026-05-29T02:02:44.063+0200] {dagbag.py:539} INFO - Filling up the DagBag from /home/frederic/airflow_venv/lib/python3.10/site-packages/airflow/example_dags/example_subdag_operator.py
[2026-05-29T02:02:44.087+0200] {processor.py:839} INFO - DAG(s) dict_keys(['example_subdag_operator.section-1', 'example_subdag_operator.section-2', 'example_subdag_operator']) retrieved from /home/frederic/airflow_venv/lib/python3.10/site-packages/airflow/example_dags/example_subdag_operator.py
[2026-05-29T02:02:44.106+0200] {logging_mixin.py:151} INFO - [2026-05-29T02:02:44.105+0200] {dag.py:2915} INFO - Sync 3 DAGs
[2026-05-29T02:02:44.126+0200] {logging_mixin.py:151} INFO - [2026-05-29T02:02:44.126+0200] {dag.py:3696} INFO - Setting next_dagrun for example_subdag_operator to 2022-01-01T00:00:00+00:00, run_after=2022-01-01T00:00:00+00:00
[2026-05-29T02:02:44.129+0200] {logging_mixin.py:151} INFO - [2026-05-29T02:02:44.129+0200] {dag.py:3696} INFO - Setting next_dagrun for example_subdag_operator.section-1 to None, run_after=None
[2026-05-29T02:02:44.130+0200] {logging_mixin.py:151} INFO - [2026-05-29T02:02:44.130+0200] {dag.py:3696} INFO - Setting next_dagrun for example_subdag_operator.section-2 to None, run_after=None
[2026-05-29T02:02:44.138+0200] {logging_mixin.py:151} INFO - [2026-05-29T02:02:44.138+0200] {dag.py:2915} INFO - Sync 2 DAGs
[2026-05-29T02:02:44.142+0200] {logging_mixin.py:151} INFO - [2026-05-29T02:02:44.142+0200] {dag.py:3696} INFO - Setting next_dagrun for example_subdag_operator.section-1 to None, run_after=None
[2026-05-29T02:02:44.143+0200] {logging_mixin.py:151} INFO - [2026-05-29T02:02:44.143+0200] {dag.py:3696} INFO - Setting next_dagrun for example_subdag_operator.section-2 to None, run_after=None
[2026-05-29T02:02:44.154+0200] {processor.py:179} INFO - Processing /home/frederic/airflow_venv/lib/python3.10/site-packages/airflow/example_dags/example_subdag_operator.py took 0.096 seconds
[2026-05-29T02:03:29.627+0200] {processor.py:157} INFO - Started process (PID=639253) to work on /home/frederic/airflow_venv/lib/python3.10/site-packages/airflow/example_dags/example_subdag_operator.py
[2026-05-29T02:03:29.628+0200] {processor.py:829} INFO - Processing file /home/frederic/airflow_venv/lib/python3.10/site-packages/airflow/example_dags/example_subdag_operator.py for tasks to queue
[2026-05-29T02:03:29.629+0200] {logging_mixin.py:151} INFO - [2026-05-29T02:03:29.629+0200] {dagbag.py:539} INFO - Filling up the DagBag from /home/frederic/airflow_venv/lib/python3.10/site-packages/airflow/example_dags/example_subdag_operator.py
[2026-05-29T02:03:29.648+0200] {processor.py:839} INFO - DAG(s) dict_keys(['example_subdag_operator.section-1', 'example_subdag_operator.section-2', 'example_subdag_operator']) retrieved from /home/frederic/airflow_venv/lib/python3.10/site-packages/airflow/example_dags/example_subdag_operator.py
[2026-05-29T02:03:29.663+0200] {logging_mixin.py:151} INFO - [2026-05-29T02:03:29.663+0200] {dag.py:2915} INFO - Sync 3 DAGs
[2026-05-29T02:03:29.683+0200] {logging_mixin.py:151} INFO - [2026-05-29T02:03:29.683+0200] {dag.py:3696} INFO - Setting next_dagrun for example_subdag_operator to 2022-01-01T00:00:00+00:00, run_after=2022-01-01T00:00:00+00:00
[2026-05-29T02:03:29.686+0200] {logging_mixin.py:151} INFO - [2026-05-29T02:03:29.686+0200] {dag.py:3696} INFO - Setting next_dagrun for example_subdag_operator.section-1 to None, run_after=None
[2026-05-29T02:03:29.687+0200] {logging_mixin.py:151} INFO - [2026-05-29T02:03:29.687+0200] {dag.py:3696} INFO - Setting next_dagrun for example_subdag_operator.section-2 to None, run_after=None
[2026-05-29T02:03:29.692+0200] {logging_mixin.py:151} INFO - [2026-05-29T02:03:29.692+0200] {dag.py:2915} INFO - Sync 2 DAGs
[2026-05-29T02:03:29.697+0200] {logging_mixin.py:151} INFO - [2026-05-29T02:03:29.697+0200] {dag.py:3696} INFO - Setting next_dagrun for example_subdag_operator.section-1 to None, run_after=None
[2026-05-29T02:03:29.697+0200] {logging_mixin.py:151} INFO - [2026-05-29T02:03:29.697+0200] {dag.py:3696} INFO - Setting next_dagrun for example_subdag_operator.section-2 to None, run_after=None
[2026-05-29T02:03:29.709+0200] {processor.py:179} INFO - Processing /home/frederic/airflow_venv/lib/python3.10/site-packages/airflow/example_dags/example_subdag_operator.py took 0.086 seconds
[2026-05-29T02:03:32.962+0200] {processor.py:157} INFO - Started process (PID=639362) to work on /home/frederic/airflow_venv/lib/python3.10/site-packages/airflow/example_dags/example_subdag_operator.py
[2026-05-29T02:03:32.963+0200] {processor.py:829} INFO - Processing file /home/frederic/airflow_venv/lib/python3.10/site-packages/airflow/example_dags/example_subdag_operator.py for tasks to queue
[2026-05-29T02:03:32.964+0200] {logging_mixin.py:151} INFO - [2026-05-29T02:03:32.963+0200] {dagbag.py:539} INFO - Filling up the DagBag from /home/frederic/airflow_venv/lib/python3.10/site-packages/airflow/example_dags/example_subdag_operator.py
[2026-05-29T02:03:32.979+0200] {processor.py:839} INFO - DAG(s) dict_keys(['example_subdag_operator.section-1', 'example_subdag_operator.section-2', 'example_subdag_operator']) retrieved from /home/frederic/airflow_venv/lib/python3.10/site-packages/airflow/example_dags/example_subdag_operator.py
[2026-05-29T02:03:32.992+0200] {logging_mixin.py:151} INFO - [2026-05-29T02:03:32.992+0200] {dag.py:2915} INFO - Sync 3 DAGs
[2026-05-29T02:03:33.011+0200] {logging_mixin.py:151} INFO - [2026-05-29T02:03:33.011+0200] {dag.py:3696} INFO - Setting next_dagrun for example_subdag_operator to 2022-01-01T00:00:00+00:00, run_after=2022-01-01T00:00:00+00:00
[2026-05-29T02:03:33.014+0200] {logging_mixin.py:151} INFO - [2026-05-29T02:03:33.014+0200] {dag.py:3696} INFO - Setting next_dagrun for example_subdag_operator.section-1 to None, run_after=None
[2026-05-29T02:03:33.015+0200] {logging_mixin.py:151} INFO - [2026-05-29T02:03:33.015+0200] {dag.py:3696} INFO - Setting next_dagrun for example_subdag_operator.section-2 to None, run_after=None
[2026-05-29T02:03:33.139+0200] {logging_mixin.py:151} INFO - [2026-05-29T02:03:33.139+0200] {dag.py:2915} INFO - Sync 2 DAGs
[2026-05-29T02:03:33.142+0200] {logging_mixin.py:151} INFO - [2026-05-29T02:03:33.142+0200] {dag.py:3696} INFO - Setting next_dagrun for example_subdag_operator.section-1 to None, run_after=None
[2026-05-29T02:03:33.143+0200] {logging_mixin.py:151} INFO - [2026-05-29T02:03:33.143+0200] {dag.py:3696} INFO - Setting next_dagrun for example_subdag_operator.section-2 to None, run_after=None
[2026-05-29T02:03:33.153+0200] {processor.py:179} INFO - Processing /home/frederic/airflow_venv/lib/python3.10/site-packages/airflow/example_dags/example_subdag_operator.py took 0.193 seconds
[2026-05-29T09:58:13.817+0200] {processor.py:157} INFO - Started process (PID=681693) to work on /home/frederic/airflow_venv/lib/python3.10/site-packages/airflow/example_dags/example_subdag_operator.py
[2026-05-29T09:58:13.819+0200] {processor.py:829} INFO - Processing file /home/frederic/airflow_venv/lib/python3.10/site-packages/airflow/example_dags/example_subdag_operator.py for tasks to queue
[2026-05-29T09:58:13.820+0200] {logging_mixin.py:151} INFO - [2026-05-29T09:58:13.819+0200] {dagbag.py:539} INFO - Filling up the DagBag from /home/frederic/airflow_venv/lib/python3.10/site-packages/airflow/example_dags/example_subdag_operator.py
[2026-05-29T09:58:13.845+0200] {processor.py:839} INFO - DAG(s) dict_keys(['example_subdag_operator.section-1', 'example_subdag_operator.section-2', 'example_subdag_operator']) retrieved from /home/frederic/airflow_venv/lib/python3.10/site-packages/airflow/example_dags/example_subdag_operator.py
[2026-05-29T09:58:13.850+0200] {logging_mixin.py:151} INFO - [2026-05-29T09:58:13.850+0200] {dag.py:2915} INFO - Sync 3 DAGs
[2026-05-29T09:58:13.880+0200] {logging_mixin.py:151} INFO - [2026-05-29T09:58:13.880+0200] {dag.py:3696} INFO - Setting next_dagrun for example_subdag_operator to 2022-01-01T00:00:00+00:00, run_after=2022-01-01T00:00:00+00:00
[2026-05-29T09:58:13.884+0200] {logging_mixin.py:151} INFO - [2026-05-29T09:58:13.884+0200] {dag.py:3696} INFO - Setting next_dagrun for example_subdag_operator.section-1 to None, run_after=None
[2026-05-29T09:58:13.884+0200] {logging_mixin.py:151} INFO - [2026-05-29T09:58:13.884+0200] {dag.py:3696} INFO - Setting next_dagrun for example_subdag_operator.section-2 to None, run_after=None
[2026-05-29T09:58:13.891+0200] {logging_mixin.py:151} INFO - [2026-05-29T09:58:13.890+0200] {dag.py:2915} INFO - Sync 2 DAGs
[2026-05-29T09:58:13.894+0200] {logging_mixin.py:151} INFO - [2026-05-29T09:58:13.894+0200] {dag.py:3696} INFO - Setting next_dagrun for example_subdag_operator.section-1 to None, run_after=None
[2026-05-29T09:58:13.894+0200] {logging_mixin.py:151} INFO - [2026-05-29T09:58:13.894+0200] {dag.py:3696} INFO - Setting next_dagrun for example_subdag_operator.section-2 to None, run_after=None
[2026-05-29T09:58:13.906+0200] {processor.py:179} INFO - Processing /home/frederic/airflow_venv/lib/python3.10/site-packages/airflow/example_dags/example_subdag_operator.py took 0.092 seconds
[2026-05-29T09:59:02.918+0200] {processor.py:157} INFO - Started process (PID=682690) to work on /home/frederic/airflow_venv/lib/python3.10/site-packages/airflow/example_dags/example_subdag_operator.py
[2026-05-29T09:59:02.921+0200] {processor.py:829} INFO - Processing file /home/frederic/airflow_venv/lib/python3.10/site-packages/airflow/example_dags/example_subdag_operator.py for tasks to queue
[2026-05-29T09:59:02.922+0200] {logging_mixin.py:151} INFO - [2026-05-29T09:59:02.922+0200] {dagbag.py:539} INFO - Filling up the DagBag from /home/frederic/airflow_venv/lib/python3.10/site-packages/airflow/example_dags/example_subdag_operator.py
[2026-05-29T09:59:02.941+0200] {processor.py:839} INFO - DAG(s) dict_keys(['example_subdag_operator.section-1', 'example_subdag_operator.section-2', 'example_subdag_operator']) retrieved from /home/frederic/airflow_venv/lib/python3.10/site-packages/airflow/example_dags/example_subdag_operator.py
[2026-05-29T09:59:02.957+0200] {logging_mixin.py:151} INFO - [2026-05-29T09:59:02.956+0200] {dag.py:2915} INFO - Sync 3 DAGs
[2026-05-29T09:59:02.975+0200] {logging_mixin.py:151} INFO - [2026-05-29T09:59:02.975+0200] {dag.py:3696} INFO - Setting next_dagrun for example_subdag_operator to 2022-01-01T00:00:00+00:00, run_after=2022-01-01T00:00:00+00:00
[2026-05-29T09:59:02.977+0200] {logging_mixin.py:151} INFO - [2026-05-29T09:59:02.977+0200] {dag.py:3696} INFO - Setting next_dagrun for example_subdag_operator.section-1 to None, run_after=None
[2026-05-29T09:59:02.978+0200] {logging_mixin.py:151} INFO - [2026-05-29T09:59:02.978+0200] {dag.py:3696} INFO - Setting next_dagrun for example_subdag_operator.section-2 to None, run_after=None
[2026-05-29T09:59:02.984+0200] {logging_mixin.py:151} INFO - [2026-05-29T09:59:02.984+0200] {dag.py:2915} INFO - Sync 2 DAGs
[2026-05-29T09:59:02.988+0200] {logging_mixin.py:151} INFO - [2026-05-29T09:59:02.988+0200] {dag.py:3696} INFO - Setting next_dagrun for example_subdag_operator.section-1 to None, run_after=None
[2026-05-29T09:59:02.988+0200] {logging_mixin.py:151} INFO - [2026-05-29T09:59:02.988+0200] {dag.py:3696} INFO - Setting next_dagrun for example_subdag_operator.section-2 to None, run_after=None
[2026-05-29T09:59:03.000+0200] {processor.py:179} INFO - Processing /home/frederic/airflow_venv/lib/python3.10/site-packages/airflow/example_dags/example_subdag_operator.py took 0.084 seconds
[2026-05-29T09:59:49.756+0200] {processor.py:157} INFO - Started process (PID=683852) to work on /home/frederic/airflow_venv/lib/python3.10/site-packages/airflow/example_dags/example_subdag_operator.py
[2026-05-29T09:59:49.757+0200] {processor.py:829} INFO - Processing file /home/frederic/airflow_venv/lib/python3.10/site-packages/airflow/example_dags/example_subdag_operator.py for tasks to queue
[2026-05-29T09:59:49.757+0200] {logging_mixin.py:151} INFO - [2026-05-29T09:59:49.757+0200] {dagbag.py:539} INFO - Filling up the DagBag from /home/frederic/airflow_venv/lib/python3.10/site-packages/airflow/example_dags/example_subdag_operator.py
[2026-05-29T09:59:49.777+0200] {processor.py:839} INFO - DAG(s) dict_keys(['example_subdag_operator.section-1', 'example_subdag_operator.section-2', 'example_subdag_operator']) retrieved from /home/frederic/airflow_venv/lib/python3.10/site-packages/airflow/example_dags/example_subdag_operator.py
[2026-05-29T09:59:49.794+0200] {logging_mixin.py:151} INFO - [2026-05-29T09:59:49.794+0200] {dag.py:2915} INFO - Sync 3 DAGs
[2026-05-29T09:59:49.812+0200] {logging_mixin.py:151} INFO - [2026-05-29T09:59:49.812+0200] {dag.py:3696} INFO - Setting next_dagrun for example_subdag_operator to 2022-01-01T00:00:00+00:00, run_after=2022-01-01T00:00:00+00:00
[2026-05-29T09:59:49.815+0200] {logging_mixin.py:151} INFO - [2026-05-29T09:59:49.815+0200] {dag.py:3696} INFO - Setting next_dagrun for example_subdag_operator.section-1 to None, run_after=None
[2026-05-29T09:59:49.816+0200] {logging_mixin.py:151} INFO - [2026-05-29T09:59:49.816+0200] {dag.py:3696} INFO - Setting next_dagrun for example_subdag_operator.section-2 to None, run_after=None
[2026-05-29T09:59:49.821+0200] {logging_mixin.py:151} INFO - [2026-05-29T09:59:49.821+0200] {dag.py:2915} INFO - Sync 2 DAGs
[2026-05-29T09:59:49.825+0200] {logging_mixin.py:151} INFO - [2026-05-29T09:59:49.825+0200] {dag.py:3696} INFO - Setting next_dagrun for example_subdag_operator.section-1 to None, run_after=None
[2026-05-29T09:59:49.825+0200] {logging_mixin.py:151} INFO - [2026-05-29T09:59:49.825+0200] {dag.py:3696} INFO - Setting next_dagrun for example_subdag_operator.section-2 to None, run_after=None
[2026-05-29T09:59:49.837+0200] {processor.py:179} INFO - Processing /home/frederic/airflow_venv/lib/python3.10/site-packages/airflow/example_dags/example_subdag_operator.py took 0.083 seconds
[2026-05-29T10:00:30.072+0200] {processor.py:157} INFO - Started process (PID=684441) to work on /home/frederic/airflow_venv/lib/python3.10/site-packages/airflow/example_dags/example_subdag_operator.py
[2026-05-29T10:00:30.073+0200] {processor.py:829} INFO - Processing file /home/frederic/airflow_venv/lib/python3.10/site-packages/airflow/example_dags/example_subdag_operator.py for tasks to queue
[2026-05-29T10:00:30.074+0200] {logging_mixin.py:151} INFO - [2026-05-29T10:00:30.073+0200] {dagbag.py:539} INFO - Filling up the DagBag from /home/frederic/airflow_venv/lib/python3.10/site-packages/airflow/example_dags/example_subdag_operator.py
[2026-05-29T10:00:30.098+0200] {processor.py:839} INFO - DAG(s) dict_keys(['example_subdag_operator.section-1', 'example_subdag_operator.section-2', 'example_subdag_operator']) retrieved from /home/frederic/airflow_venv/lib/python3.10/site-packages/airflow/example_dags/example_subdag_operator.py
[2026-05-29T10:00:30.118+0200] {logging_mixin.py:151} INFO - [2026-05-29T10:00:30.118+0200] {dag.py:2915} INFO - Sync 3 DAGs
[2026-05-29T10:00:30.136+0200] {logging_mixin.py:151} INFO - [2026-05-29T10:00:30.136+0200] {dag.py:3696} INFO - Setting next_dagrun for example_subdag_operator to 2022-01-01T00:00:00+00:00, run_after=2022-01-01T00:00:00+00:00
[2026-05-29T10:00:30.140+0200] {logging_mixin.py:151} INFO - [2026-05-29T10:00:30.139+0200] {dag.py:3696} INFO - Setting next_dagrun for example_subdag_operator.section-1 to None, run_after=None
[2026-05-29T10:00:30.142+0200] {logging_mixin.py:151} INFO - [2026-05-29T10:00:30.141+0200] {dag.py:3696} INFO - Setting next_dagrun for example_subdag_operator.section-2 to None, run_after=None
[2026-05-29T10:00:30.155+0200] {logging_mixin.py:151} INFO - [2026-05-29T10:00:30.154+0200] {dag.py:2915} INFO - Sync 2 DAGs
[2026-05-29T10:00:30.162+0200] {logging_mixin.py:151} INFO - [2026-05-29T10:00:30.161+0200] {dag.py:3696} INFO - Setting next_dagrun for example_subdag_operator.section-1 to None, run_after=None
[2026-05-29T10:00:30.162+0200] {logging_mixin.py:151} INFO - [2026-05-29T10:00:30.162+0200] {dag.py:3696} INFO - Setting next_dagrun for example_subdag_operator.section-2 to None, run_after=None
[2026-05-29T10:00:30.179+0200] {processor.py:179} INFO - Processing /home/frederic/airflow_venv/lib/python3.10/site-packages/airflow/example_dags/example_subdag_operator.py took 0.111 seconds
[2026-05-29T10:01:19.267+0200] {processor.py:157} INFO - Started process (PID=685366) to work on /home/frederic/airflow_venv/lib/python3.10/site-packages/airflow/example_dags/example_subdag_operator.py
[2026-05-29T10:01:19.268+0200] {processor.py:829} INFO - Processing file /home/frederic/airflow_venv/lib/python3.10/site-packages/airflow/example_dags/example_subdag_operator.py for tasks to queue
[2026-05-29T10:01:19.269+0200] {logging_mixin.py:151} INFO - [2026-05-29T10:01:19.268+0200] {dagbag.py:539} INFO - Filling up the DagBag from /home/frederic/airflow_venv/lib/python3.10/site-packages/airflow/example_dags/example_subdag_operator.py
[2026-05-29T10:01:19.287+0200] {processor.py:839} INFO - DAG(s) dict_keys(['example_subdag_operator.section-1', 'example_subdag_operator.section-2', 'example_subdag_operator']) retrieved from /home/frederic/airflow_venv/lib/python3.10/site-packages/airflow/example_dags/example_subdag_operator.py
[2026-05-29T10:01:19.304+0200] {logging_mixin.py:151} INFO - [2026-05-29T10:01:19.304+0200] {dag.py:2915} INFO - Sync 3 DAGs
[2026-05-29T10:01:19.328+0200] {logging_mixin.py:151} INFO - [2026-05-29T10:01:19.327+0200] {dag.py:3696} INFO - Setting next_dagrun for example_subdag_operator to 2022-01-01T00:00:00+00:00, run_after=2022-01-01T00:00:00+00:00
[2026-05-29T10:01:19.331+0200] {logging_mixin.py:151} INFO - [2026-05-29T10:01:19.330+0200] {dag.py:3696} INFO - Setting next_dagrun for example_subdag_operator.section-1 to None, run_after=None
[2026-05-29T10:01:19.333+0200] {logging_mixin.py:151} INFO - [2026-05-29T10:01:19.332+0200] {dag.py:3696} INFO - Setting next_dagrun for example_subdag_operator.section-2 to None, run_after=None
[2026-05-29T10:01:19.339+0200] {logging_mixin.py:151} INFO - [2026-05-29T10:01:19.339+0200] {dag.py:2915} INFO - Sync 2 DAGs
[2026-05-29T10:01:19.343+0200] {logging_mixin.py:151} INFO - [2026-05-29T10:01:19.343+0200] {dag.py:3696} INFO - Setting next_dagrun for example_subdag_operator.section-1 to None, run_after=None
[2026-05-29T10:01:19.343+0200] {logging_mixin.py:151} INFO - [2026-05-29T10:01:19.343+0200] {dag.py:3696} INFO - Setting next_dagrun for example_subdag_operator.section-2 to None, run_after=None
[2026-05-29T10:01:19.355+0200] {processor.py:179} INFO - Processing /home/frederic/airflow_venv/lib/python3.10/site-packages/airflow/example_dags/example_subdag_operator.py took 0.091 seconds
[2026-05-29T10:02:07.726+0200] {processor.py:157} INFO - Started process (PID=685973) to work on /home/frederic/airflow_venv/lib/python3.10/site-packages/airflow/example_dags/example_subdag_operator.py
[2026-05-29T10:02:07.727+0200] {processor.py:829} INFO - Processing file /home/frederic/airflow_venv/lib/python3.10/site-packages/airflow/example_dags/example_subdag_operator.py for tasks to queue
[2026-05-29T10:02:07.728+0200] {logging_mixin.py:151} INFO - [2026-05-29T10:02:07.728+0200] {dagbag.py:539} INFO - Filling up the DagBag from /home/frederic/airflow_venv/lib/python3.10/site-packages/airflow/example_dags/example_subdag_operator.py
[2026-05-29T10:02:07.745+0200] {processor.py:839} INFO - DAG(s) dict_keys(['example_subdag_operator.section-1', 'example_subdag_operator.section-2', 'example_subdag_operator']) retrieved from /home/frederic/airflow_venv/lib/python3.10/site-packages/airflow/example_dags/example_subdag_operator.py
[2026-05-29T10:02:07.759+0200] {logging_mixin.py:151} INFO - [2026-05-29T10:02:07.758+0200] {dag.py:2915} INFO - Sync 3 DAGs
[2026-05-29T10:02:07.774+0200] {logging_mixin.py:151} INFO - [2026-05-29T10:02:07.774+0200] {dag.py:3696} INFO - Setting next_dagrun for example_subdag_operator to 2022-01-01T00:00:00+00:00, run_after=2022-01-01T00:00:00+00:00
[2026-05-29T10:02:07.778+0200] {logging_mixin.py:151} INFO - [2026-05-29T10:02:07.777+0200] {dag.py:3696} INFO - Setting next_dagrun for example_subdag_operator.section-1 to None, run_after=None
[2026-05-29T10:02:07.778+0200] {logging_mixin.py:151} INFO - [2026-05-29T10:02:07.778+0200] {dag.py:3696} INFO - Setting next_dagrun for example_subdag_operator.section-2 to None, run_after=None
[2026-05-29T10:02:07.783+0200] {logging_mixin.py:151} INFO - [2026-05-29T10:02:07.783+0200] {dag.py:2915} INFO - Sync 2 DAGs
[2026-05-29T10:02:07.786+0200] {logging_mixin.py:151} INFO - [2026-05-29T10:02:07.786+0200] {dag.py:3696} INFO - Setting next_dagrun for example_subdag_operator.section-1 to None, run_after=None
[2026-05-29T10:02:07.786+0200] {logging_mixin.py:151} INFO - [2026-05-29T10:02:07.786+0200] {dag.py:3696} INFO - Setting next_dagrun for example_subdag_operator.section-2 to None, run_after=None
[2026-05-29T10:02:07.798+0200] {processor.py:179} INFO - Processing /home/frederic/airflow_venv/lib/python3.10/site-packages/airflow/example_dags/example_subdag_operator.py took 0.074 seconds
[2026-05-29T10:02:52.764+0200] {processor.py:157} INFO - Started process (PID=686373) to work on /home/frederic/airflow_venv/lib/python3.10/site-packages/airflow/example_dags/example_subdag_operator.py
[2026-05-29T10:02:52.768+0200] {processor.py:829} INFO - Processing file /home/frederic/airflow_venv/lib/python3.10/site-packages/airflow/example_dags/example_subdag_operator.py for tasks to queue
[2026-05-29T10:02:52.769+0200] {logging_mixin.py:151} INFO - [2026-05-29T10:02:52.768+0200] {dagbag.py:539} INFO - Filling up the DagBag from /home/frederic/airflow_venv/lib/python3.10/site-packages/airflow/example_dags/example_subdag_operator.py
[2026-05-29T10:02:52.787+0200] {processor.py:839} INFO - DAG(s) dict_keys(['example_subdag_operator.section-1', 'example_subdag_operator.section-2', 'example_subdag_operator']) retrieved from /home/frederic/airflow_venv/lib/python3.10/site-packages/airflow/example_dags/example_subdag_operator.py
[2026-05-29T10:02:52.801+0200] {logging_mixin.py:151} INFO - [2026-05-29T10:02:52.801+0200] {dag.py:2915} INFO - Sync 3 DAGs
[2026-05-29T10:02:52.821+0200] {logging_mixin.py:151} INFO - [2026-05-29T10:02:52.820+0200] {dag.py:3696} INFO - Setting next_dagrun for example_subdag_operator to 2022-01-01T00:00:00+00:00, run_after=2022-01-01T00:00:00+00:00
[2026-05-29T10:02:52.824+0200] {logging_mixin.py:151} INFO - [2026-05-29T10:02:52.824+0200] {dag.py:3696} INFO - Setting next_dagrun for example_subdag_operator.section-1 to None, run_after=None
[2026-05-29T10:02:52.824+0200] {logging_mixin.py:151} INFO - [2026-05-29T10:02:52.824+0200] {dag.py:3696} INFO - Setting next_dagrun for example_subdag_operator.section-2 to None, run_after=None
[2026-05-29T10:02:52.829+0200] {logging_mixin.py:151} INFO - [2026-05-29T10:02:52.829+0200] {dag.py:2915} INFO - Sync 2 DAGs
[2026-05-29T10:02:52.833+0200] {logging_mixin.py:151} INFO - [2026-05-29T10:02:52.833+0200] {dag.py:3696} INFO - Setting next_dagrun for example_subdag_operator.section-1 to None, run_after=None
[2026-05-29T10:02:52.834+0200] {logging_mixin.py:151} INFO - [2026-05-29T10:02:52.834+0200] {dag.py:3696} INFO - Setting next_dagrun for example_subdag_operator.section-2 to None, run_after=None
[2026-05-29T10:02:52.844+0200] {processor.py:179} INFO - Processing /home/frederic/airflow_venv/lib/python3.10/site-packages/airflow/example_dags/example_subdag_operator.py took 0.083 seconds
[2026-05-29T10:03:41.323+0200] {processor.py:157} INFO - Started process (PID=687150) to work on /home/frederic/airflow_venv/lib/python3.10/site-packages/airflow/example_dags/example_subdag_operator.py
[2026-05-29T10:03:41.324+0200] {processor.py:829} INFO - Processing file /home/frederic/airflow_venv/lib/python3.10/site-packages/airflow/example_dags/example_subdag_operator.py for tasks to queue
[2026-05-29T10:03:41.324+0200] {logging_mixin.py:151} INFO - [2026-05-29T10:03:41.324+0200] {dagbag.py:539} INFO - Filling up the DagBag from /home/frederic/airflow_venv/lib/python3.10/site-packages/airflow/example_dags/example_subdag_operator.py
[2026-05-29T10:03:41.343+0200] {processor.py:839} INFO - DAG(s) dict_keys(['example_subdag_operator.section-1', 'example_subdag_operator.section-2', 'example_subdag_operator']) retrieved from /home/frederic/airflow_venv/lib/python3.10/site-packages/airflow/example_dags/example_subdag_operator.py
[2026-05-29T10:03:41.359+0200] {logging_mixin.py:151} INFO - [2026-05-29T10:03:41.358+0200] {dag.py:2915} INFO - Sync 3 DAGs
[2026-05-29T10:03:41.383+0200] {logging_mixin.py:151} INFO - [2026-05-29T10:03:41.383+0200] {dag.py:3696} INFO - Setting next_dagrun for example_subdag_operator to 2022-01-01T00:00:00+00:00, run_after=2022-01-01T00:00:00+00:00
[2026-05-29T10:03:41.385+0200] {logging_mixin.py:151} INFO - [2026-05-29T10:03:41.385+0200] {dag.py:3696} INFO - Setting next_dagrun for example_subdag_operator.section-1 to None, run_after=None
[2026-05-29T10:03:41.386+0200] {logging_mixin.py:151} INFO - [2026-05-29T10:03:41.386+0200] {dag.py:3696} INFO - Setting next_dagrun for example_subdag_operator.section-2 to None, run_after=None
[2026-05-29T10:03:41.393+0200] {logging_mixin.py:151} INFO - [2026-05-29T10:03:41.393+0200] {dag.py:2915} INFO - Sync 2 DAGs
[2026-05-29T10:03:41.396+0200] {logging_mixin.py:151} INFO - [2026-05-29T10:03:41.396+0200] {dag.py:3696} INFO - Setting next_dagrun for example_subdag_operator.section-1 to None, run_after=None
[2026-05-29T10:03:41.397+0200] {logging_mixin.py:151} INFO - [2026-05-29T10:03:41.396+0200] {dag.py:3696} INFO - Setting next_dagrun for example_subdag_operator.section-2 to None, run_after=None
[2026-05-29T10:03:41.410+0200] {processor.py:179} INFO - Processing /home/frederic/airflow_venv/lib/python3.10/site-packages/airflow/example_dags/example_subdag_operator.py took 0.092 seconds
[2026-05-29T10:04:28.209+0200] {processor.py:157} INFO - Started process (PID=688168) to work on /home/frederic/airflow_venv/lib/python3.10/site-packages/airflow/example_dags/example_subdag_operator.py
[2026-05-29T10:04:28.212+0200] {processor.py:829} INFO - Processing file /home/frederic/airflow_venv/lib/python3.10/site-packages/airflow/example_dags/example_subdag_operator.py for tasks to queue
[2026-05-29T10:04:28.214+0200] {logging_mixin.py:151} INFO - [2026-05-29T10:04:28.213+0200] {dagbag.py:539} INFO - Filling up the DagBag from /home/frederic/airflow_venv/lib/python3.10/site-packages/airflow/example_dags/example_subdag_operator.py
[2026-05-29T10:04:28.234+0200] {processor.py:839} INFO - DAG(s) dict_keys(['example_subdag_operator.section-1', 'example_subdag_operator.section-2', 'example_subdag_operator']) retrieved from /home/frederic/airflow_venv/lib/python3.10/site-packages/airflow/example_dags/example_subdag_operator.py
[2026-05-29T10:04:28.249+0200] {logging_mixin.py:151} INFO - [2026-05-29T10:04:28.249+0200] {dag.py:2915} INFO - Sync 3 DAGs
[2026-05-29T10:04:28.266+0200] {logging_mixin.py:151} INFO - [2026-05-29T10:04:28.266+0200] {dag.py:3696} INFO - Setting next_dagrun for example_subdag_operator to 2022-01-01T00:00:00+00:00, run_after=2022-01-01T00:00:00+00:00
[2026-05-29T10:04:28.270+0200] {logging_mixin.py:151} INFO - [2026-05-29T10:04:28.270+0200] {dag.py:3696} INFO - Setting next_dagrun for example_subdag_operator.section-1 to None, run_after=None
[2026-05-29T10:04:28.271+0200] {logging_mixin.py:151} INFO - [2026-05-29T10:04:28.271+0200] {dag.py:3696} INFO - Setting next_dagrun for example_subdag_operator.section-2 to None, run_after=None
[2026-05-29T10:04:28.276+0200] {logging_mixin.py:151} INFO - [2026-05-29T10:04:28.275+0200] {dag.py:2915} INFO - Sync 2 DAGs
[2026-05-29T10:04:28.279+0200] {logging_mixin.py:151} INFO - [2026-05-29T10:04:28.279+0200] {dag.py:3696} INFO - Setting next_dagrun for example_subdag_operator.section-1 to None, run_after=None
[2026-05-29T10:04:28.279+0200] {logging_mixin.py:151} INFO - [2026-05-29T10:04:28.279+0200] {dag.py:3696} INFO - Setting next_dagrun for example_subdag_operator.section-2 to None, run_after=None
[2026-05-29T10:04:28.293+0200] {processor.py:179} INFO - Processing /home/frederic/airflow_venv/lib/python3.10/site-packages/airflow/example_dags/example_subdag_operator.py took 0.086 seconds
[2026-05-29T10:05:15.748+0200] {processor.py:157} INFO - Started process (PID=689239) to work on /home/frederic/airflow_venv/lib/python3.10/site-packages/airflow/example_dags/example_subdag_operator.py
[2026-05-29T10:05:15.749+0200] {processor.py:829} INFO - Processing file /home/frederic/airflow_venv/lib/python3.10/site-packages/airflow/example_dags/example_subdag_operator.py for tasks to queue
[2026-05-29T10:05:15.750+0200] {logging_mixin.py:151} INFO - [2026-05-29T10:05:15.750+0200] {dagbag.py:539} INFO - Filling up the DagBag from /home/frederic/airflow_venv/lib/python3.10/site-packages/airflow/example_dags/example_subdag_operator.py
[2026-05-29T10:05:15.774+0200] {processor.py:839} INFO - DAG(s) dict_keys(['example_subdag_operator.section-1', 'example_subdag_operator.section-2', 'example_subdag_operator']) retrieved from /home/frederic/airflow_venv/lib/python3.10/site-packages/airflow/example_dags/example_subdag_operator.py
[2026-05-29T10:05:15.796+0200] {logging_mixin.py:151} INFO - [2026-05-29T10:05:15.796+0200] {dag.py:2915} INFO - Sync 3 DAGs
[2026-05-29T10:05:15.813+0200] {logging_mixin.py:151} INFO - [2026-05-29T10:05:15.813+0200] {dag.py:3696} INFO - Setting next_dagrun for example_subdag_operator to 2022-01-01T00:00:00+00:00, run_after=2022-01-01T00:00:00+00:00
[2026-05-29T10:05:15.817+0200] {logging_mixin.py:151} INFO - [2026-05-29T10:05:15.817+0200] {dag.py:3696} INFO - Setting next_dagrun for example_subdag_operator.section-1 to None, run_after=None
[2026-05-29T10:05:15.818+0200] {logging_mixin.py:151} INFO - [2026-05-29T10:05:15.818+0200] {dag.py:3696} INFO - Setting next_dagrun for example_subdag_operator.section-2 to None, run_after=None
[2026-05-29T10:05:15.823+0200] {logging_mixin.py:151} INFO - [2026-05-29T10:05:15.823+0200] {dag.py:2915} INFO - Sync 2 DAGs
[2026-05-29T10:05:15.826+0200] {logging_mixin.py:151} INFO - [2026-05-29T10:05:15.826+0200] {dag.py:3696} INFO - Setting next_dagrun for example_subdag_operator.section-1 to None, run_after=None
[2026-05-29T10:05:15.827+0200] {logging_mixin.py:151} INFO - [2026-05-29T10:05:15.827+0200] {dag.py:3696} INFO - Setting next_dagrun for example_subdag_operator.section-2 to None, run_after=None
[2026-05-29T10:05:15.839+0200] {processor.py:179} INFO - Processing /home/frederic/airflow_venv/lib/python3.10/site-packages/airflow/example_dags/example_subdag_operator.py took 0.093 seconds
[2026-05-29T10:06:03.101+0200] {processor.py:157} INFO - Started process (PID=689963) to work on /home/frederic/airflow_venv/lib/python3.10/site-packages/airflow/example_dags/example_subdag_operator.py
[2026-05-29T10:06:03.102+0200] {processor.py:829} INFO - Processing file /home/frederic/airflow_venv/lib/python3.10/site-packages/airflow/example_dags/example_subdag_operator.py for tasks to queue
[2026-05-29T10:06:03.103+0200] {logging_mixin.py:151} INFO - [2026-05-29T10:06:03.103+0200] {dagbag.py:539} INFO - Filling up the DagBag from /home/frederic/airflow_venv/lib/python3.10/site-packages/airflow/example_dags/example_subdag_operator.py
[2026-05-29T10:06:03.122+0200] {processor.py:839} INFO - DAG(s) dict_keys(['example_subdag_operator.section-1', 'example_subdag_operator.section-2', 'example_subdag_operator']) retrieved from /home/frederic/airflow_venv/lib/python3.10/site-packages/airflow/example_dags/example_subdag_operator.py
[2026-05-29T10:06:03.136+0200] {logging_mixin.py:151} INFO - [2026-05-29T10:06:03.136+0200] {dag.py:2915} INFO - Sync 3 DAGs
[2026-05-29T10:06:03.154+0200] {logging_mixin.py:151} INFO - [2026-05-29T10:06:03.154+0200] {dag.py:3696} INFO - Setting next_dagrun for example_subdag_operator to 2022-01-01T00:00:00+00:00, run_after=2022-01-01T00:00:00+00:00
[2026-05-29T10:06:03.156+0200] {logging_mixin.py:151} INFO - [2026-05-29T10:06:03.156+0200] {dag.py:3696} INFO - Setting next_dagrun for example_subdag_operator.section-1 to None, run_after=None
[2026-05-29T10:06:03.158+0200] {logging_mixin.py:151} INFO - [2026-05-29T10:06:03.158+0200] {dag.py:3696} INFO - Setting next_dagrun for example_subdag_operator.section-2 to None, run_after=None
[2026-05-29T10:06:03.164+0200] {logging_mixin.py:151} INFO - [2026-05-29T10:06:03.164+0200] {dag.py:2915} INFO - Sync 2 DAGs
[2026-05-29T10:06:03.167+0200] {logging_mixin.py:151} INFO - [2026-05-29T10:06:03.167+0200] {dag.py:3696} INFO - Setting next_dagrun for example_subdag_operator.section-1 to None, run_after=None
[2026-05-29T10:06:03.168+0200] {logging_mixin.py:151} INFO - [2026-05-29T10:06:03.168+0200] {dag.py:3696} INFO - Setting next_dagrun for example_subdag_operator.section-2 to None, run_after=None
[2026-05-29T10:06:03.180+0200] {processor.py:179} INFO - Processing /home/frederic/airflow_venv/lib/python3.10/site-packages/airflow/example_dags/example_subdag_operator.py took 0.082 seconds
[2026-05-29T10:06:55.777+0200] {processor.py:157} INFO - Started process (PID=690658) to work on /home/frederic/airflow_venv/lib/python3.10/site-packages/airflow/example_dags/example_subdag_operator.py
[2026-05-29T10:06:55.779+0200] {processor.py:829} INFO - Processing file /home/frederic/airflow_venv/lib/python3.10/site-packages/airflow/example_dags/example_subdag_operator.py for tasks to queue
[2026-05-29T10:06:55.780+0200] {logging_mixin.py:151} INFO - [2026-05-29T10:06:55.779+0200] {dagbag.py:539} INFO - Filling up the DagBag from /home/frederic/airflow_venv/lib/python3.10/site-packages/airflow/example_dags/example_subdag_operator.py
[2026-05-29T10:06:55.806+0200] {processor.py:839} INFO - DAG(s) dict_keys(['example_subdag_operator.section-1', 'example_subdag_operator.section-2', 'example_subdag_operator']) retrieved from /home/frederic/airflow_venv/lib/python3.10/site-packages/airflow/example_dags/example_subdag_operator.py
[2026-05-29T10:06:55.824+0200] {logging_mixin.py:151} INFO - [2026-05-29T10:06:55.824+0200] {dag.py:2915} INFO - Sync 3 DAGs
[2026-05-29T10:06:55.852+0200] {logging_mixin.py:151} INFO - [2026-05-29T10:06:55.852+0200] {dag.py:3696} INFO - Setting next_dagrun for example_subdag_operator to 2022-01-01T00:00:00+00:00, run_after=2022-01-01T00:00:00+00:00
[2026-05-29T10:06:55.857+0200] {logging_mixin.py:151} INFO - [2026-05-29T10:06:55.856+0200] {dag.py:3696} INFO - Setting next_dagrun for example_subdag_operator.section-1 to None, run_after=None
[2026-05-29T10:06:55.859+0200] {logging_mixin.py:151} INFO - [2026-05-29T10:06:55.859+0200] {dag.py:3696} INFO - Setting next_dagrun for example_subdag_operator.section-2 to None, run_after=None
[2026-05-29T10:06:55.865+0200] {logging_mixin.py:151} INFO - [2026-05-29T10:06:55.865+0200] {dag.py:2915} INFO - Sync 2 DAGs
[2026-05-29T10:06:55.871+0200] {logging_mixin.py:151} INFO - [2026-05-29T10:06:55.871+0200] {dag.py:3696} INFO - Setting next_dagrun for example_subdag_operator.section-1 to None, run_after=None
[2026-05-29T10:06:55.871+0200] {logging_mixin.py:151} INFO - [2026-05-29T10:06:55.871+0200] {dag.py:3696} INFO - Setting next_dagrun for example_subdag_operator.section-2 to None, run_after=None
[2026-05-29T10:06:55.886+0200] {processor.py:179} INFO - Processing /home/frederic/airflow_venv/lib/python3.10/site-packages/airflow/example_dags/example_subdag_operator.py took 0.112 seconds
[2026-05-29T10:07:49.109+0200] {processor.py:157} INFO - Started process (PID=691240) to work on /home/frederic/airflow_venv/lib/python3.10/site-packages/airflow/example_dags/example_subdag_operator.py
[2026-05-29T10:07:49.110+0200] {processor.py:829} INFO - Processing file /home/frederic/airflow_venv/lib/python3.10/site-packages/airflow/example_dags/example_subdag_operator.py for tasks to queue
[2026-05-29T10:07:49.111+0200] {logging_mixin.py:151} INFO - [2026-05-29T10:07:49.111+0200] {dagbag.py:539} INFO - Filling up the DagBag from /home/frederic/airflow_venv/lib/python3.10/site-packages/airflow/example_dags/example_subdag_operator.py
[2026-05-29T10:07:49.134+0200] {processor.py:839} INFO - DAG(s) dict_keys(['example_subdag_operator.section-1', 'example_subdag_operator.section-2', 'example_subdag_operator']) retrieved from /home/frederic/airflow_venv/lib/python3.10/site-packages/airflow/example_dags/example_subdag_operator.py
[2026-05-29T10:07:49.150+0200] {logging_mixin.py:151} INFO - [2026-05-29T10:07:49.149+0200] {dag.py:2915} INFO - Sync 3 DAGs
[2026-05-29T10:07:49.174+0200] {logging_mixin.py:151} INFO - [2026-05-29T10:07:49.173+0200] {dag.py:3696} INFO - Setting next_dagrun for example_subdag_operator to 2022-01-01T00:00:00+00:00, run_after=2022-01-01T00:00:00+00:00
[2026-05-29T10:07:49.177+0200] {logging_mixin.py:151} INFO - [2026-05-29T10:07:49.177+0200] {dag.py:3696} INFO - Setting next_dagrun for example_subdag_operator.section-1 to None, run_after=None
[2026-05-29T10:07:49.178+0200] {logging_mixin.py:151} INFO - [2026-05-29T10:07:49.178+0200] {dag.py:3696} INFO - Setting next_dagrun for example_subdag_operator.section-2 to None, run_after=None
[2026-05-29T10:07:49.183+0200] {logging_mixin.py:151} INFO - [2026-05-29T10:07:49.183+0200] {dag.py:2915} INFO - Sync 2 DAGs
[2026-05-29T10:07:49.186+0200] {logging_mixin.py:151} INFO - [2026-05-29T10:07:49.186+0200] {dag.py:3696} INFO - Setting next_dagrun for example_subdag_operator.section-1 to None, run_after=None
[2026-05-29T10:07:49.186+0200] {logging_mixin.py:151} INFO - [2026-05-29T10:07:49.186+0200] {dag.py:3696} INFO - Setting next_dagrun for example_subdag_operator.section-2 to None, run_after=None
[2026-05-29T10:07:49.199+0200] {processor.py:179} INFO - Processing /home/frederic/airflow_venv/lib/python3.10/site-packages/airflow/example_dags/example_subdag_operator.py took 0.092 seconds
[2026-05-29T10:08:34.551+0200] {processor.py:157} INFO - Started process (PID=691815) to work on /home/frederic/airflow_venv/lib/python3.10/site-packages/airflow/example_dags/example_subdag_operator.py
[2026-05-29T10:08:34.554+0200] {processor.py:829} INFO - Processing file /home/frederic/airflow_venv/lib/python3.10/site-packages/airflow/example_dags/example_subdag_operator.py for tasks to queue
[2026-05-29T10:08:34.555+0200] {logging_mixin.py:151} INFO - [2026-05-29T10:08:34.555+0200] {dagbag.py:539} INFO - Filling up the DagBag from /home/frederic/airflow_venv/lib/python3.10/site-packages/airflow/example_dags/example_subdag_operator.py
[2026-05-29T10:08:34.573+0200] {processor.py:839} INFO - DAG(s) dict_keys(['example_subdag_operator.section-1', 'example_subdag_operator.section-2', 'example_subdag_operator']) retrieved from /home/frederic/airflow_venv/lib/python3.10/site-packages/airflow/example_dags/example_subdag_operator.py
[2026-05-29T10:08:34.588+0200] {logging_mixin.py:151} INFO - [2026-05-29T10:08:34.588+0200] {dag.py:2915} INFO - Sync 3 DAGs
[2026-05-29T10:08:34.611+0200] {logging_mixin.py:151} INFO - [2026-05-29T10:08:34.611+0200] {dag.py:3696} INFO - Setting next_dagrun for example_subdag_operator to 2022-01-01T00:00:00+00:00, run_after=2022-01-01T00:00:00+00:00
[2026-05-29T10:08:34.614+0200] {logging_mixin.py:151} INFO - [2026-05-29T10:08:34.614+0200] {dag.py:3696} INFO - Setting next_dagrun for example_subdag_operator.section-1 to None, run_after=None
[2026-05-29T10:08:34.615+0200] {logging_mixin.py:151} INFO - [2026-05-29T10:08:34.615+0200] {dag.py:3696} INFO - Setting next_dagrun for example_subdag_operator.section-2 to None, run_after=None
[2026-05-29T10:08:34.621+0200] {logging_mixin.py:151} INFO - [2026-05-29T10:08:34.621+0200] {dag.py:2915} INFO - Sync 2 DAGs
[2026-05-29T10:08:34.624+0200] {logging_mixin.py:151} INFO - [2026-05-29T10:08:34.624+0200] {dag.py:3696} INFO - Setting next_dagrun for example_subdag_operator.section-1 to None, run_after=None
[2026-05-29T10:08:34.625+0200] {logging_mixin.py:151} INFO - [2026-05-29T10:08:34.625+0200] {dag.py:3696} INFO - Setting next_dagrun for example_subdag_operator.section-2 to None, run_after=None
[2026-05-29T10:08:34.637+0200] {processor.py:179} INFO - Processing /home/frederic/airflow_venv/lib/python3.10/site-packages/airflow/example_dags/example_subdag_operator.py took 0.089 seconds
[2026-05-29T10:09:21.048+0200] {processor.py:157} INFO - Started process (PID=692426) to work on /home/frederic/airflow_venv/lib/python3.10/site-packages/airflow/example_dags/example_subdag_operator.py
[2026-05-29T10:09:21.050+0200] {processor.py:829} INFO - Processing file /home/frederic/airflow_venv/lib/python3.10/site-packages/airflow/example_dags/example_subdag_operator.py for tasks to queue
[2026-05-29T10:09:21.051+0200] {logging_mixin.py:151} INFO - [2026-05-29T10:09:21.050+0200] {dagbag.py:539} INFO - Filling up the DagBag from /home/frederic/airflow_venv/lib/python3.10/site-packages/airflow/example_dags/example_subdag_operator.py
[2026-05-29T10:09:21.068+0200] {processor.py:839} INFO - DAG(s) dict_keys(['example_subdag_operator.section-1', 'example_subdag_operator.section-2', 'example_subdag_operator']) retrieved from /home/frederic/airflow_venv/lib/python3.10/site-packages/airflow/example_dags/example_subdag_operator.py
[2026-05-29T10:09:21.082+0200] {logging_mixin.py:151} INFO - [2026-05-29T10:09:21.082+0200] {dag.py:2915} INFO - Sync 3 DAGs
[2026-05-29T10:09:21.103+0200] {logging_mixin.py:151} INFO - [2026-05-29T10:09:21.103+0200] {dag.py:3696} INFO - Setting next_dagrun for example_subdag_operator to 2022-01-01T00:00:00+00:00, run_after=2022-01-01T00:00:00+00:00
[2026-05-29T10:09:21.107+0200] {logging_mixin.py:151} INFO - [2026-05-29T10:09:21.107+0200] {dag.py:3696} INFO - Setting next_dagrun for example_subdag_operator.section-1 to None, run_after=None
[2026-05-29T10:09:21.108+0200] {logging_mixin.py:151} INFO - [2026-05-29T10:09:21.108+0200] {dag.py:3696} INFO - Setting next_dagrun for example_subdag_operator.section-2 to None, run_after=None
[2026-05-29T10:09:21.115+0200] {logging_mixin.py:151} INFO - [2026-05-29T10:09:21.115+0200] {dag.py:2915} INFO - Sync 2 DAGs
[2026-05-29T10:09:21.120+0200] {logging_mixin.py:151} INFO - [2026-05-29T10:09:21.119+0200] {dag.py:3696} INFO - Setting next_dagrun for example_subdag_operator.section-1 to None, run_after=None
[2026-05-29T10:09:21.120+0200] {logging_mixin.py:151} INFO - [2026-05-29T10:09:21.120+0200] {dag.py:3696} INFO - Setting next_dagrun for example_subdag_operator.section-2 to None, run_after=None
[2026-05-29T10:09:21.134+0200] {processor.py:179} INFO - Processing /home/frederic/airflow_venv/lib/python3.10/site-packages/airflow/example_dags/example_subdag_operator.py took 0.088 seconds
[2026-05-29T10:10:11.751+0200] {processor.py:157} INFO - Started process (PID=692978) to work on /home/frederic/airflow_venv/lib/python3.10/site-packages/airflow/example_dags/example_subdag_operator.py
[2026-05-29T10:10:11.755+0200] {processor.py:829} INFO - Processing file /home/frederic/airflow_venv/lib/python3.10/site-packages/airflow/example_dags/example_subdag_operator.py for tasks to queue
[2026-05-29T10:10:11.757+0200] {logging_mixin.py:151} INFO - [2026-05-29T10:10:11.756+0200] {dagbag.py:539} INFO - Filling up the DagBag from /home/frederic/airflow_venv/lib/python3.10/site-packages/airflow/example_dags/example_subdag_operator.py
[2026-05-29T10:10:11.778+0200] {processor.py:839} INFO - DAG(s) dict_keys(['example_subdag_operator.section-1', 'example_subdag_operator.section-2', 'example_subdag_operator']) retrieved from /home/frederic/airflow_venv/lib/python3.10/site-packages/airflow/example_dags/example_subdag_operator.py
[2026-05-29T10:10:11.793+0200] {logging_mixin.py:151} INFO - [2026-05-29T10:10:11.793+0200] {dag.py:2915} INFO - Sync 3 DAGs
[2026-05-29T10:10:11.812+0200] {logging_mixin.py:151} INFO - [2026-05-29T10:10:11.812+0200] {dag.py:3696} INFO - Setting next_dagrun for example_subdag_operator to 2022-01-01T00:00:00+00:00, run_after=2022-01-01T00:00:00+00:00
[2026-05-29T10:10:11.815+0200] {logging_mixin.py:151} INFO - [2026-05-29T10:10:11.815+0200] {dag.py:3696} INFO - Setting next_dagrun for example_subdag_operator.section-1 to None, run_after=None
[2026-05-29T10:10:11.816+0200] {logging_mixin.py:151} INFO - [2026-05-29T10:10:11.816+0200] {dag.py:3696} INFO - Setting next_dagrun for example_subdag_operator.section-2 to None, run_after=None
[2026-05-29T10:10:11.820+0200] {logging_mixin.py:151} INFO - [2026-05-29T10:10:11.820+0200] {dag.py:2915} INFO - Sync 2 DAGs
[2026-05-29T10:10:11.823+0200] {logging_mixin.py:151} INFO - [2026-05-29T10:10:11.823+0200] {dag.py:3696} INFO - Setting next_dagrun for example_subdag_operator.section-1 to None, run_after=None
[2026-05-29T10:10:11.823+0200] {logging_mixin.py:151} INFO - [2026-05-29T10:10:11.823+0200] {dag.py:3696} INFO - Setting next_dagrun for example_subdag_operator.section-2 to None, run_after=None
[2026-05-29T10:10:11.835+0200] {processor.py:179} INFO - Processing /home/frederic/airflow_venv/lib/python3.10/site-packages/airflow/example_dags/example_subdag_operator.py took 0.088 seconds
[2026-05-29T10:10:59.293+0200] {processor.py:157} INFO - Started process (PID=694046) to work on /home/frederic/airflow_venv/lib/python3.10/site-packages/airflow/example_dags/example_subdag_operator.py
[2026-05-29T10:10:59.297+0200] {processor.py:829} INFO - Processing file /home/frederic/airflow_venv/lib/python3.10/site-packages/airflow/example_dags/example_subdag_operator.py for tasks to queue
[2026-05-29T10:10:59.298+0200] {logging_mixin.py:151} INFO - [2026-05-29T10:10:59.298+0200] {dagbag.py:539} INFO - Filling up the DagBag from /home/frederic/airflow_venv/lib/python3.10/site-packages/airflow/example_dags/example_subdag_operator.py
[2026-05-29T10:10:59.317+0200] {processor.py:839} INFO - DAG(s) dict_keys(['example_subdag_operator.section-1', 'example_subdag_operator.section-2', 'example_subdag_operator']) retrieved from /home/frederic/airflow_venv/lib/python3.10/site-packages/airflow/example_dags/example_subdag_operator.py
[2026-05-29T10:10:59.332+0200] {logging_mixin.py:151} INFO - [2026-05-29T10:10:59.332+0200] {dag.py:2915} INFO - Sync 3 DAGs
[2026-05-29T10:10:59.352+0200] {logging_mixin.py:151} INFO - [2026-05-29T10:10:59.351+0200] {dag.py:3696} INFO - Setting next_dagrun for example_subdag_operator to 2022-01-01T00:00:00+00:00, run_after=2022-01-01T00:00:00+00:00
[2026-05-29T10:10:59.354+0200] {logging_mixin.py:151} INFO - [2026-05-29T10:10:59.354+0200] {dag.py:3696} INFO - Setting next_dagrun for example_subdag_operator.section-1 to None, run_after=None
[2026-05-29T10:10:59.355+0200] {logging_mixin.py:151} INFO - [2026-05-29T10:10:59.355+0200] {dag.py:3696} INFO - Setting next_dagrun for example_subdag_operator.section-2 to None, run_after=None
[2026-05-29T10:10:59.359+0200] {logging_mixin.py:151} INFO - [2026-05-29T10:10:59.359+0200] {dag.py:2915} INFO - Sync 2 DAGs
[2026-05-29T10:10:59.363+0200] {logging_mixin.py:151} INFO - [2026-05-29T10:10:59.363+0200] {dag.py:3696} INFO - Setting next_dagrun for example_subdag_operator.section-1 to None, run_after=None
[2026-05-29T10:10:59.363+0200] {logging_mixin.py:151} INFO - [2026-05-29T10:10:59.363+0200] {dag.py:3696} INFO - Setting next_dagrun for example_subdag_operator.section-2 to None, run_after=None
[2026-05-29T10:10:59.375+0200] {processor.py:179} INFO - Processing /home/frederic/airflow_venv/lib/python3.10/site-packages/airflow/example_dags/example_subdag_operator.py took 0.085 seconds
[2026-05-29T10:11:48.988+0200] {processor.py:157} INFO - Started process (PID=694980) to work on /home/frederic/airflow_venv/lib/python3.10/site-packages/airflow/example_dags/example_subdag_operator.py
[2026-05-29T10:11:48.989+0200] {processor.py:829} INFO - Processing file /home/frederic/airflow_venv/lib/python3.10/site-packages/airflow/example_dags/example_subdag_operator.py for tasks to queue
[2026-05-29T10:11:48.990+0200] {logging_mixin.py:151} INFO - [2026-05-29T10:11:48.990+0200] {dagbag.py:539} INFO - Filling up the DagBag from /home/frederic/airflow_venv/lib/python3.10/site-packages/airflow/example_dags/example_subdag_operator.py
[2026-05-29T10:11:49.006+0200] {processor.py:839} INFO - DAG(s) dict_keys(['example_subdag_operator.section-1', 'example_subdag_operator.section-2', 'example_subdag_operator']) retrieved from /home/frederic/airflow_venv/lib/python3.10/site-packages/airflow/example_dags/example_subdag_operator.py
[2026-05-29T10:11:49.017+0200] {logging_mixin.py:151} INFO - [2026-05-29T10:11:49.017+0200] {dag.py:2915} INFO - Sync 3 DAGs
[2026-05-29T10:11:49.033+0200] {logging_mixin.py:151} INFO - [2026-05-29T10:11:49.033+0200] {dag.py:3696} INFO - Setting next_dagrun for example_subdag_operator to 2022-01-01T00:00:00+00:00, run_after=2022-01-01T00:00:00+00:00
[2026-05-29T10:11:49.035+0200] {logging_mixin.py:151} INFO - [2026-05-29T10:11:49.035+0200] {dag.py:3696} INFO - Setting next_dagrun for example_subdag_operator.section-1 to None, run_after=None
[2026-05-29T10:11:49.036+0200] {logging_mixin.py:151} INFO - [2026-05-29T10:11:49.036+0200] {dag.py:3696} INFO - Setting next_dagrun for example_subdag_operator.section-2 to None, run_after=None
[2026-05-29T10:11:49.040+0200] {logging_mixin.py:151} INFO - [2026-05-29T10:11:49.040+0200] {dag.py:2915} INFO - Sync 2 DAGs
[2026-05-29T10:11:49.043+0200] {logging_mixin.py:151} INFO - [2026-05-29T10:11:49.043+0200] {dag.py:3696} INFO - Setting next_dagrun for example_subdag_operator.section-1 to None, run_after=None
[2026-05-29T10:11:49.043+0200] {logging_mixin.py:151} INFO - [2026-05-29T10:11:49.043+0200] {dag.py:3696} INFO - Setting next_dagrun for example_subdag_operator.section-2 to None, run_after=None
[2026-05-29T10:11:49.052+0200] {processor.py:179} INFO - Processing /home/frederic/airflow_venv/lib/python3.10/site-packages/airflow/example_dags/example_subdag_operator.py took 0.065 seconds
[2026-05-29T10:12:31.489+0200] {processor.py:157} INFO - Started process (PID=695542) to work on /home/frederic/airflow_venv/lib/python3.10/site-packages/airflow/example_dags/example_subdag_operator.py
[2026-05-29T10:12:31.490+0200] {processor.py:829} INFO - Processing file /home/frederic/airflow_venv/lib/python3.10/site-packages/airflow/example_dags/example_subdag_operator.py for tasks to queue
[2026-05-29T10:12:31.490+0200] {logging_mixin.py:151} INFO - [2026-05-29T10:12:31.490+0200] {dagbag.py:539} INFO - Filling up the DagBag from /home/frederic/airflow_venv/lib/python3.10/site-packages/airflow/example_dags/example_subdag_operator.py
[2026-05-29T10:12:31.505+0200] {processor.py:839} INFO - DAG(s) dict_keys(['example_subdag_operator.section-1', 'example_subdag_operator.section-2', 'example_subdag_operator']) retrieved from /home/frederic/airflow_venv/lib/python3.10/site-packages/airflow/example_dags/example_subdag_operator.py
[2026-05-29T10:12:31.517+0200] {logging_mixin.py:151} INFO - [2026-05-29T10:12:31.517+0200] {dag.py:2915} INFO - Sync 3 DAGs
[2026-05-29T10:12:31.531+0200] {logging_mixin.py:151} INFO - [2026-05-29T10:12:31.531+0200] {dag.py:3696} INFO - Setting next_dagrun for example_subdag_operator to 2022-01-01T00:00:00+00:00, run_after=2022-01-01T00:00:00+00:00
[2026-05-29T10:12:31.534+0200] {logging_mixin.py:151} INFO - [2026-05-29T10:12:31.534+0200] {dag.py:3696} INFO - Setting next_dagrun for example_subdag_operator.section-1 to None, run_after=None
[2026-05-29T10:12:31.534+0200] {logging_mixin.py:151} INFO - [2026-05-29T10:12:31.534+0200] {dag.py:3696} INFO - Setting next_dagrun for example_subdag_operator.section-2 to None, run_after=None
[2026-05-29T10:12:31.538+0200] {logging_mixin.py:151} INFO - [2026-05-29T10:12:31.538+0200] {dag.py:2915} INFO - Sync 2 DAGs
[2026-05-29T10:12:31.541+0200] {logging_mixin.py:151} INFO - [2026-05-29T10:12:31.541+0200] {dag.py:3696} INFO - Setting next_dagrun for example_subdag_operator.section-1 to None, run_after=None
[2026-05-29T10:12:31.541+0200] {logging_mixin.py:151} INFO - [2026-05-29T10:12:31.541+0200] {dag.py:3696} INFO - Setting next_dagrun for example_subdag_operator.section-2 to None, run_after=None
[2026-05-29T10:12:31.551+0200] {processor.py:179} INFO - Processing /home/frederic/airflow_venv/lib/python3.10/site-packages/airflow/example_dags/example_subdag_operator.py took 0.064 seconds
[2026-05-29T10:13:09.886+0200] {processor.py:157} INFO - Started process (PID=695999) to work on /home/frederic/airflow_venv/lib/python3.10/site-packages/airflow/example_dags/example_subdag_operator.py
[2026-05-29T10:13:09.887+0200] {processor.py:829} INFO - Processing file /home/frederic/airflow_venv/lib/python3.10/site-packages/airflow/example_dags/example_subdag_operator.py for tasks to queue
[2026-05-29T10:13:09.888+0200] {logging_mixin.py:151} INFO - [2026-05-29T10:13:09.888+0200] {dagbag.py:539} INFO - Filling up the DagBag from /home/frederic/airflow_venv/lib/python3.10/site-packages/airflow/example_dags/example_subdag_operator.py
[2026-05-29T10:13:09.904+0200] {processor.py:839} INFO - DAG(s) dict_keys(['example_subdag_operator.section-1', 'example_subdag_operator.section-2', 'example_subdag_operator']) retrieved from /home/frederic/airflow_venv/lib/python3.10/site-packages/airflow/example_dags/example_subdag_operator.py
[2026-05-29T10:13:09.915+0200] {logging_mixin.py:151} INFO - [2026-05-29T10:13:09.915+0200] {dag.py:2915} INFO - Sync 3 DAGs
[2026-05-29T10:13:09.929+0200] {logging_mixin.py:151} INFO - [2026-05-29T10:13:09.929+0200] {dag.py:3696} INFO - Setting next_dagrun for example_subdag_operator to 2022-01-01T00:00:00+00:00, run_after=2022-01-01T00:00:00+00:00
[2026-05-29T10:13:09.932+0200] {logging_mixin.py:151} INFO - [2026-05-29T10:13:09.932+0200] {dag.py:3696} INFO - Setting next_dagrun for example_subdag_operator.section-1 to None, run_after=None
[2026-05-29T10:13:09.933+0200] {logging_mixin.py:151} INFO - [2026-05-29T10:13:09.933+0200] {dag.py:3696} INFO - Setting next_dagrun for example_subdag_operator.section-2 to None, run_after=None
[2026-05-29T10:13:09.937+0200] {logging_mixin.py:151} INFO - [2026-05-29T10:13:09.937+0200] {dag.py:2915} INFO - Sync 2 DAGs
[2026-05-29T10:13:09.940+0200] {logging_mixin.py:151} INFO - [2026-05-29T10:13:09.940+0200] {dag.py:3696} INFO - Setting next_dagrun for example_subdag_operator.section-1 to None, run_after=None
[2026-05-29T10:13:09.940+0200] {logging_mixin.py:151} INFO - [2026-05-29T10:13:09.940+0200] {dag.py:3696} INFO - Setting next_dagrun for example_subdag_operator.section-2 to None, run_after=None
[2026-05-29T10:13:09.950+0200] {processor.py:179} INFO - Processing /home/frederic/airflow_venv/lib/python3.10/site-packages/airflow/example_dags/example_subdag_operator.py took 0.065 seconds
[2026-05-29T10:13:58.404+0200] {processor.py:157} INFO - Started process (PID=696499) to work on /home/frederic/airflow_venv/lib/python3.10/site-packages/airflow/example_dags/example_subdag_operator.py
[2026-05-29T10:13:58.405+0200] {processor.py:829} INFO - Processing file /home/frederic/airflow_venv/lib/python3.10/site-packages/airflow/example_dags/example_subdag_operator.py for tasks to queue
[2026-05-29T10:13:58.406+0200] {logging_mixin.py:151} INFO - [2026-05-29T10:13:58.405+0200] {dagbag.py:539} INFO - Filling up the DagBag from /home/frederic/airflow_venv/lib/python3.10/site-packages/airflow/example_dags/example_subdag_operator.py
[2026-05-29T10:13:58.425+0200] {processor.py:839} INFO - DAG(s) dict_keys(['example_subdag_operator.section-1', 'example_subdag_operator.section-2', 'example_subdag_operator']) retrieved from /home/frederic/airflow_venv/lib/python3.10/site-packages/airflow/example_dags/example_subdag_operator.py
[2026-05-29T10:13:58.440+0200] {logging_mixin.py:151} INFO - [2026-05-29T10:13:58.439+0200] {dag.py:2915} INFO - Sync 3 DAGs
[2026-05-29T10:13:58.457+0200] {logging_mixin.py:151} INFO - [2026-05-29T10:13:58.457+0200] {dag.py:3696} INFO - Setting next_dagrun for example_subdag_operator to 2022-01-01T00:00:00+00:00, run_after=2022-01-01T00:00:00+00:00
[2026-05-29T10:13:58.459+0200] {logging_mixin.py:151} INFO - [2026-05-29T10:13:58.459+0200] {dag.py:3696} INFO - Setting next_dagrun for example_subdag_operator.section-1 to None, run_after=None
[2026-05-29T10:13:58.460+0200] {logging_mixin.py:151} INFO - [2026-05-29T10:13:58.460+0200] {dag.py:3696} INFO - Setting next_dagrun for example_subdag_operator.section-2 to None, run_after=None
[2026-05-29T10:13:58.465+0200] {logging_mixin.py:151} INFO - [2026-05-29T10:13:58.465+0200] {dag.py:2915} INFO - Sync 2 DAGs
[2026-05-29T10:13:58.468+0200] {logging_mixin.py:151} INFO - [2026-05-29T10:13:58.468+0200] {dag.py:3696} INFO - Setting next_dagrun for example_subdag_operator.section-1 to None, run_after=None
[2026-05-29T10:13:58.469+0200] {logging_mixin.py:151} INFO - [2026-05-29T10:13:58.468+0200] {dag.py:3696} INFO - Setting next_dagrun for example_subdag_operator.section-2 to None, run_after=None
[2026-05-29T10:13:58.479+0200] {processor.py:179} INFO - Processing /home/frederic/airflow_venv/lib/python3.10/site-packages/airflow/example_dags/example_subdag_operator.py took 0.077 seconds
[2026-05-29T10:14:48.931+0200] {processor.py:157} INFO - Started process (PID=697185) to work on /home/frederic/airflow_venv/lib/python3.10/site-packages/airflow/example_dags/example_subdag_operator.py
[2026-05-29T10:14:48.932+0200] {processor.py:829} INFO - Processing file /home/frederic/airflow_venv/lib/python3.10/site-packages/airflow/example_dags/example_subdag_operator.py for tasks to queue
[2026-05-29T10:14:48.933+0200] {logging_mixin.py:151} INFO - [2026-05-29T10:14:48.933+0200] {dagbag.py:539} INFO - Filling up the DagBag from /home/frederic/airflow_venv/lib/python3.10/site-packages/airflow/example_dags/example_subdag_operator.py
[2026-05-29T10:14:48.950+0200] {processor.py:839} INFO - DAG(s) dict_keys(['example_subdag_operator.section-1', 'example_subdag_operator.section-2', 'example_subdag_operator']) retrieved from /home/frederic/airflow_venv/lib/python3.10/site-packages/airflow/example_dags/example_subdag_operator.py
[2026-05-29T10:14:48.962+0200] {logging_mixin.py:151} INFO - [2026-05-29T10:14:48.962+0200] {dag.py:2915} INFO - Sync 3 DAGs
[2026-05-29T10:14:48.978+0200] {logging_mixin.py:151} INFO - [2026-05-29T10:14:48.978+0200] {dag.py:3696} INFO - Setting next_dagrun for example_subdag_operator to 2022-01-01T00:00:00+00:00, run_after=2022-01-01T00:00:00+00:00
[2026-05-29T10:14:48.980+0200] {logging_mixin.py:151} INFO - [2026-05-29T10:14:48.980+0200] {dag.py:3696} INFO - Setting next_dagrun for example_subdag_operator.section-1 to None, run_after=None
[2026-05-29T10:14:48.981+0200] {logging_mixin.py:151} INFO - [2026-05-29T10:14:48.981+0200] {dag.py:3696} INFO - Setting next_dagrun for example_subdag_operator.section-2 to None, run_after=None
[2026-05-29T10:14:48.985+0200] {logging_mixin.py:151} INFO - [2026-05-29T10:14:48.985+0200] {dag.py:2915} INFO - Sync 2 DAGs
[2026-05-29T10:14:48.988+0200] {logging_mixin.py:151} INFO - [2026-05-29T10:14:48.988+0200] {dag.py:3696} INFO - Setting next_dagrun for example_subdag_operator.section-1 to None, run_after=None
[2026-05-29T10:14:48.988+0200] {logging_mixin.py:151} INFO - [2026-05-29T10:14:48.988+0200] {dag.py:3696} INFO - Setting next_dagrun for example_subdag_operator.section-2 to None, run_after=None
[2026-05-29T10:14:48.999+0200] {processor.py:179} INFO - Processing /home/frederic/airflow_venv/lib/python3.10/site-packages/airflow/example_dags/example_subdag_operator.py took 0.071 seconds
[2026-05-29T10:15:35.040+0200] {processor.py:157} INFO - Started process (PID=697812) to work on /home/frederic/airflow_venv/lib/python3.10/site-packages/airflow/example_dags/example_subdag_operator.py
[2026-05-29T10:15:35.041+0200] {processor.py:829} INFO - Processing file /home/frederic/airflow_venv/lib/python3.10/site-packages/airflow/example_dags/example_subdag_operator.py for tasks to queue
[2026-05-29T10:15:35.042+0200] {logging_mixin.py:151} INFO - [2026-05-29T10:15:35.041+0200] {dagbag.py:539} INFO - Filling up the DagBag from /home/frederic/airflow_venv/lib/python3.10/site-packages/airflow/example_dags/example_subdag_operator.py
[2026-05-29T10:15:35.056+0200] {processor.py:839} INFO - DAG(s) dict_keys(['example_subdag_operator.section-1', 'example_subdag_operator.section-2', 'example_subdag_operator']) retrieved from /home/frederic/airflow_venv/lib/python3.10/site-packages/airflow/example_dags/example_subdag_operator.py
[2026-05-29T10:15:35.071+0200] {logging_mixin.py:151} INFO - [2026-05-29T10:15:35.071+0200] {dag.py:2915} INFO - Sync 3 DAGs
[2026-05-29T10:15:35.087+0200] {logging_mixin.py:151} INFO - [2026-05-29T10:15:35.087+0200] {dag.py:3696} INFO - Setting next_dagrun for example_subdag_operator to 2022-01-01T00:00:00+00:00, run_after=2022-01-01T00:00:00+00:00
[2026-05-29T10:15:35.090+0200] {logging_mixin.py:151} INFO - [2026-05-29T10:15:35.090+0200] {dag.py:3696} INFO - Setting next_dagrun for example_subdag_operator.section-1 to None, run_after=None
[2026-05-29T10:15:35.090+0200] {logging_mixin.py:151} INFO - [2026-05-29T10:15:35.090+0200] {dag.py:3696} INFO - Setting next_dagrun for example_subdag_operator.section-2 to None, run_after=None
[2026-05-29T10:15:35.094+0200] {logging_mixin.py:151} INFO - [2026-05-29T10:15:35.094+0200] {dag.py:2915} INFO - Sync 2 DAGs
[2026-05-29T10:15:35.097+0200] {logging_mixin.py:151} INFO - [2026-05-29T10:15:35.097+0200] {dag.py:3696} INFO - Setting next_dagrun for example_subdag_operator.section-1 to None, run_after=None
[2026-05-29T10:15:35.097+0200] {logging_mixin.py:151} INFO - [2026-05-29T10:15:35.097+0200] {dag.py:3696} INFO - Setting next_dagrun for example_subdag_operator.section-2 to None, run_after=None
[2026-05-29T10:15:35.107+0200] {processor.py:179} INFO - Processing /home/frederic/airflow_venv/lib/python3.10/site-packages/airflow/example_dags/example_subdag_operator.py took 0.070 seconds
[2026-05-29T10:16:23.468+0200] {processor.py:157} INFO - Started process (PID=698628) to work on /home/frederic/airflow_venv/lib/python3.10/site-packages/airflow/example_dags/example_subdag_operator.py
[2026-05-29T10:16:23.469+0200] {processor.py:829} INFO - Processing file /home/frederic/airflow_venv/lib/python3.10/site-packages/airflow/example_dags/example_subdag_operator.py for tasks to queue
[2026-05-29T10:16:23.470+0200] {logging_mixin.py:151} INFO - [2026-05-29T10:16:23.470+0200] {dagbag.py:539} INFO - Filling up the DagBag from /home/frederic/airflow_venv/lib/python3.10/site-packages/airflow/example_dags/example_subdag_operator.py
[2026-05-29T10:16:23.486+0200] {processor.py:839} INFO - DAG(s) dict_keys(['example_subdag_operator.section-1', 'example_subdag_operator.section-2', 'example_subdag_operator']) retrieved from /home/frederic/airflow_venv/lib/python3.10/site-packages/airflow/example_dags/example_subdag_operator.py
[2026-05-29T10:16:23.499+0200] {logging_mixin.py:151} INFO - [2026-05-29T10:16:23.499+0200] {dag.py:2915} INFO - Sync 3 DAGs
[2026-05-29T10:16:23.516+0200] {logging_mixin.py:151} INFO - [2026-05-29T10:16:23.516+0200] {dag.py:3696} INFO - Setting next_dagrun for example_subdag_operator to 2022-01-01T00:00:00+00:00, run_after=2022-01-01T00:00:00+00:00
[2026-05-29T10:16:23.519+0200] {logging_mixin.py:151} INFO - [2026-05-29T10:16:23.519+0200] {dag.py:3696} INFO - Setting next_dagrun for example_subdag_operator.section-1 to None, run_after=None
[2026-05-29T10:16:23.519+0200] {logging_mixin.py:151} INFO - [2026-05-29T10:16:23.519+0200] {dag.py:3696} INFO - Setting next_dagrun for example_subdag_operator.section-2 to None, run_after=None
[2026-05-29T10:16:23.524+0200] {logging_mixin.py:151} INFO - [2026-05-29T10:16:23.524+0200] {dag.py:2915} INFO - Sync 2 DAGs
[2026-05-29T10:16:23.527+0200] {logging_mixin.py:151} INFO - [2026-05-29T10:16:23.527+0200] {dag.py:3696} INFO - Setting next_dagrun for example_subdag_operator.section-1 to None, run_after=None
[2026-05-29T10:16:23.527+0200] {logging_mixin.py:151} INFO - [2026-05-29T10:16:23.527+0200] {dag.py:3696} INFO - Setting next_dagrun for example_subdag_operator.section-2 to None, run_after=None
[2026-05-29T10:16:23.537+0200] {processor.py:179} INFO - Processing /home/frederic/airflow_venv/lib/python3.10/site-packages/airflow/example_dags/example_subdag_operator.py took 0.071 seconds
[2026-05-29T10:17:09.073+0200] {processor.py:157} INFO - Started process (PID=699488) to work on /home/frederic/airflow_venv/lib/python3.10/site-packages/airflow/example_dags/example_subdag_operator.py
[2026-05-29T10:17:09.074+0200] {processor.py:829} INFO - Processing file /home/frederic/airflow_venv/lib/python3.10/site-packages/airflow/example_dags/example_subdag_operator.py for tasks to queue
[2026-05-29T10:17:09.075+0200] {logging_mixin.py:151} INFO - [2026-05-29T10:17:09.074+0200] {dagbag.py:539} INFO - Filling up the DagBag from /home/frederic/airflow_venv/lib/python3.10/site-packages/airflow/example_dags/example_subdag_operator.py
[2026-05-29T10:17:09.097+0200] {processor.py:839} INFO - DAG(s) dict_keys(['example_subdag_operator.section-1', 'example_subdag_operator.section-2', 'example_subdag_operator']) retrieved from /home/frederic/airflow_venv/lib/python3.10/site-packages/airflow/example_dags/example_subdag_operator.py
[2026-05-29T10:17:09.114+0200] {logging_mixin.py:151} INFO - [2026-05-29T10:17:09.114+0200] {dag.py:2915} INFO - Sync 3 DAGs
[2026-05-29T10:17:09.133+0200] {logging_mixin.py:151} INFO - [2026-05-29T10:17:09.133+0200] {dag.py:3696} INFO - Setting next_dagrun for example_subdag_operator to 2022-01-01T00:00:00+00:00, run_after=2022-01-01T00:00:00+00:00
[2026-05-29T10:17:09.136+0200] {logging_mixin.py:151} INFO - [2026-05-29T10:17:09.136+0200] {dag.py:3696} INFO - Setting next_dagrun for example_subdag_operator.section-1 to None, run_after=None
[2026-05-29T10:17:09.137+0200] {logging_mixin.py:151} INFO - [2026-05-29T10:17:09.137+0200] {dag.py:3696} INFO - Setting next_dagrun for example_subdag_operator.section-2 to None, run_after=None
[2026-05-29T10:17:09.142+0200] {logging_mixin.py:151} INFO - [2026-05-29T10:17:09.141+0200] {dag.py:2915} INFO - Sync 2 DAGs
[2026-05-29T10:17:09.146+0200] {logging_mixin.py:151} INFO - [2026-05-29T10:17:09.146+0200] {dag.py:3696} INFO - Setting next_dagrun for example_subdag_operator.section-1 to None, run_after=None
[2026-05-29T10:17:09.146+0200] {logging_mixin.py:151} INFO - [2026-05-29T10:17:09.146+0200] {dag.py:3696} INFO - Setting next_dagrun for example_subdag_operator.section-2 to None, run_after=None
[2026-05-29T10:17:09.156+0200] {processor.py:179} INFO - Processing /home/frederic/airflow_venv/lib/python3.10/site-packages/airflow/example_dags/example_subdag_operator.py took 0.086 seconds
[2026-05-29T10:17:56.717+0200] {processor.py:157} INFO - Started process (PID=700480) to work on /home/frederic/airflow_venv/lib/python3.10/site-packages/airflow/example_dags/example_subdag_operator.py
[2026-05-29T10:17:56.718+0200] {processor.py:829} INFO - Processing file /home/frederic/airflow_venv/lib/python3.10/site-packages/airflow/example_dags/example_subdag_operator.py for tasks to queue
[2026-05-29T10:17:56.719+0200] {logging_mixin.py:151} INFO - [2026-05-29T10:17:56.718+0200] {dagbag.py:539} INFO - Filling up the DagBag from /home/frederic/airflow_venv/lib/python3.10/site-packages/airflow/example_dags/example_subdag_operator.py
[2026-05-29T10:17:56.737+0200] {processor.py:839} INFO - DAG(s) dict_keys(['example_subdag_operator.section-1', 'example_subdag_operator.section-2', 'example_subdag_operator']) retrieved from /home/frederic/airflow_venv/lib/python3.10/site-packages/airflow/example_dags/example_subdag_operator.py
[2026-05-29T10:17:56.762+0200] {logging_mixin.py:151} INFO - [2026-05-29T10:17:56.762+0200] {dag.py:2915} INFO - Sync 3 DAGs
[2026-05-29T10:17:56.778+0200] {logging_mixin.py:151} INFO - [2026-05-29T10:17:56.778+0200] {dag.py:3696} INFO - Setting next_dagrun for example_subdag_operator to 2022-01-01T00:00:00+00:00, run_after=2022-01-01T00:00:00+00:00
[2026-05-29T10:17:56.781+0200] {logging_mixin.py:151} INFO - [2026-05-29T10:17:56.781+0200] {dag.py:3696} INFO - Setting next_dagrun for example_subdag_operator.section-1 to None, run_after=None
[2026-05-29T10:17:56.782+0200] {logging_mixin.py:151} INFO - [2026-05-29T10:17:56.782+0200] {dag.py:3696} INFO - Setting next_dagrun for example_subdag_operator.section-2 to None, run_after=None
[2026-05-29T10:17:56.786+0200] {logging_mixin.py:151} INFO - [2026-05-29T10:17:56.786+0200] {dag.py:2915} INFO - Sync 2 DAGs
[2026-05-29T10:17:56.789+0200] {logging_mixin.py:151} INFO - [2026-05-29T10:17:56.789+0200] {dag.py:3696} INFO - Setting next_dagrun for example_subdag_operator.section-1 to None, run_after=None
[2026-05-29T10:17:56.790+0200] {logging_mixin.py:151} INFO - [2026-05-29T10:17:56.789+0200] {dag.py:3696} INFO - Setting next_dagrun for example_subdag_operator.section-2 to None, run_after=None
[2026-05-29T10:17:56.800+0200] {processor.py:179} INFO - Processing /home/frederic/airflow_venv/lib/python3.10/site-packages/airflow/example_dags/example_subdag_operator.py took 0.085 seconds
[2026-05-29T10:18:39.966+0200] {processor.py:157} INFO - Started process (PID=700987) to work on /home/frederic/airflow_venv/lib/python3.10/site-packages/airflow/example_dags/example_subdag_operator.py
[2026-05-29T10:18:39.967+0200] {processor.py:829} INFO - Processing file /home/frederic/airflow_venv/lib/python3.10/site-packages/airflow/example_dags/example_subdag_operator.py for tasks to queue
[2026-05-29T10:18:39.967+0200] {logging_mixin.py:151} INFO - [2026-05-29T10:18:39.967+0200] {dagbag.py:539} INFO - Filling up the DagBag from /home/frederic/airflow_venv/lib/python3.10/site-packages/airflow/example_dags/example_subdag_operator.py
[2026-05-29T10:18:39.983+0200] {processor.py:839} INFO - DAG(s) dict_keys(['example_subdag_operator.section-1', 'example_subdag_operator.section-2', 'example_subdag_operator']) retrieved from /home/frederic/airflow_venv/lib/python3.10/site-packages/airflow/example_dags/example_subdag_operator.py
[2026-05-29T10:18:39.994+0200] {logging_mixin.py:151} INFO - [2026-05-29T10:18:39.994+0200] {dag.py:2915} INFO - Sync 3 DAGs
[2026-05-29T10:18:40.009+0200] {logging_mixin.py:151} INFO - [2026-05-29T10:18:40.009+0200] {dag.py:3696} INFO - Setting next_dagrun for example_subdag_operator to 2022-01-01T00:00:00+00:00, run_after=2022-01-01T00:00:00+00:00
[2026-05-29T10:18:40.011+0200] {logging_mixin.py:151} INFO - [2026-05-29T10:18:40.011+0200] {dag.py:3696} INFO - Setting next_dagrun for example_subdag_operator.section-1 to None, run_after=None
[2026-05-29T10:18:40.012+0200] {logging_mixin.py:151} INFO - [2026-05-29T10:18:40.012+0200] {dag.py:3696} INFO - Setting next_dagrun for example_subdag_operator.section-2 to None, run_after=None
[2026-05-29T10:18:40.016+0200] {logging_mixin.py:151} INFO - [2026-05-29T10:18:40.016+0200] {dag.py:2915} INFO - Sync 2 DAGs
[2026-05-29T10:18:40.019+0200] {logging_mixin.py:151} INFO - [2026-05-29T10:18:40.019+0200] {dag.py:3696} INFO - Setting next_dagrun for example_subdag_operator.section-1 to None, run_after=None
[2026-05-29T10:18:40.019+0200] {logging_mixin.py:151} INFO - [2026-05-29T10:18:40.019+0200] {dag.py:3696} INFO - Setting next_dagrun for example_subdag_operator.section-2 to None, run_after=None
[2026-05-29T10:18:40.030+0200] {processor.py:179} INFO - Processing /home/frederic/airflow_venv/lib/python3.10/site-packages/airflow/example_dags/example_subdag_operator.py took 0.067 seconds
[2026-05-29T10:19:28.122+0200] {processor.py:157} INFO - Started process (PID=701462) to work on /home/frederic/airflow_venv/lib/python3.10/site-packages/airflow/example_dags/example_subdag_operator.py
[2026-05-29T10:19:28.123+0200] {processor.py:829} INFO - Processing file /home/frederic/airflow_venv/lib/python3.10/site-packages/airflow/example_dags/example_subdag_operator.py for tasks to queue
[2026-05-29T10:19:28.124+0200] {logging_mixin.py:151} INFO - [2026-05-29T10:19:28.123+0200] {dagbag.py:539} INFO - Filling up the DagBag from /home/frederic/airflow_venv/lib/python3.10/site-packages/airflow/example_dags/example_subdag_operator.py
[2026-05-29T10:19:28.144+0200] {processor.py:839} INFO - DAG(s) dict_keys(['example_subdag_operator.section-1', 'example_subdag_operator.section-2', 'example_subdag_operator']) retrieved from /home/frederic/airflow_venv/lib/python3.10/site-packages/airflow/example_dags/example_subdag_operator.py
[2026-05-29T10:19:28.157+0200] {logging_mixin.py:151} INFO - [2026-05-29T10:19:28.157+0200] {dag.py:2915} INFO - Sync 3 DAGs
[2026-05-29T10:19:28.173+0200] {logging_mixin.py:151} INFO - [2026-05-29T10:19:28.172+0200] {dag.py:3696} INFO - Setting next_dagrun for example_subdag_operator to 2022-01-01T00:00:00+00:00, run_after=2022-01-01T00:00:00+00:00
[2026-05-29T10:19:28.175+0200] {logging_mixin.py:151} INFO - [2026-05-29T10:19:28.175+0200] {dag.py:3696} INFO - Setting next_dagrun for example_subdag_operator.section-1 to None, run_after=None
[2026-05-29T10:19:28.175+0200] {logging_mixin.py:151} INFO - [2026-05-29T10:19:28.175+0200] {dag.py:3696} INFO - Setting next_dagrun for example_subdag_operator.section-2 to None, run_after=None
[2026-05-29T10:19:28.181+0200] {logging_mixin.py:151} INFO - [2026-05-29T10:19:28.180+0200] {dag.py:2915} INFO - Sync 2 DAGs
[2026-05-29T10:19:28.184+0200] {logging_mixin.py:151} INFO - [2026-05-29T10:19:28.184+0200] {dag.py:3696} INFO - Setting next_dagrun for example_subdag_operator.section-1 to None, run_after=None
[2026-05-29T10:19:28.184+0200] {logging_mixin.py:151} INFO - [2026-05-29T10:19:28.184+0200] {dag.py:3696} INFO - Setting next_dagrun for example_subdag_operator.section-2 to None, run_after=None
[2026-05-29T10:19:28.193+0200] {processor.py:179} INFO - Processing /home/frederic/airflow_venv/lib/python3.10/site-packages/airflow/example_dags/example_subdag_operator.py took 0.073 seconds
[2026-05-29T10:20:17.375+0200] {processor.py:157} INFO - Started process (PID=702124) to work on /home/frederic/airflow_venv/lib/python3.10/site-packages/airflow/example_dags/example_subdag_operator.py
[2026-05-29T10:20:17.376+0200] {processor.py:829} INFO - Processing file /home/frederic/airflow_venv/lib/python3.10/site-packages/airflow/example_dags/example_subdag_operator.py for tasks to queue
[2026-05-29T10:20:17.377+0200] {logging_mixin.py:151} INFO - [2026-05-29T10:20:17.377+0200] {dagbag.py:539} INFO - Filling up the DagBag from /home/frederic/airflow_venv/lib/python3.10/site-packages/airflow/example_dags/example_subdag_operator.py
[2026-05-29T10:20:17.393+0200] {processor.py:839} INFO - DAG(s) dict_keys(['example_subdag_operator.section-1', 'example_subdag_operator.section-2', 'example_subdag_operator']) retrieved from /home/frederic/airflow_venv/lib/python3.10/site-packages/airflow/example_dags/example_subdag_operator.py
[2026-05-29T10:20:17.406+0200] {logging_mixin.py:151} INFO - [2026-05-29T10:20:17.406+0200] {dag.py:2915} INFO - Sync 3 DAGs
[2026-05-29T10:20:17.420+0200] {logging_mixin.py:151} INFO - [2026-05-29T10:20:17.420+0200] {dag.py:3696} INFO - Setting next_dagrun for example_subdag_operator to 2022-01-01T00:00:00+00:00, run_after=2022-01-01T00:00:00+00:00
[2026-05-29T10:20:17.422+0200] {logging_mixin.py:151} INFO - [2026-05-29T10:20:17.422+0200] {dag.py:3696} INFO - Setting next_dagrun for example_subdag_operator.section-1 to None, run_after=None
[2026-05-29T10:20:17.423+0200] {logging_mixin.py:151} INFO - [2026-05-29T10:20:17.423+0200] {dag.py:3696} INFO - Setting next_dagrun for example_subdag_operator.section-2 to None, run_after=None
[2026-05-29T10:20:17.427+0200] {logging_mixin.py:151} INFO - [2026-05-29T10:20:17.427+0200] {dag.py:2915} INFO - Sync 2 DAGs
[2026-05-29T10:20:17.430+0200] {logging_mixin.py:151} INFO - [2026-05-29T10:20:17.430+0200] {dag.py:3696} INFO - Setting next_dagrun for example_subdag_operator.section-1 to None, run_after=None
[2026-05-29T10:20:17.430+0200] {logging_mixin.py:151} INFO - [2026-05-29T10:20:17.430+0200] {dag.py:3696} INFO - Setting next_dagrun for example_subdag_operator.section-2 to None, run_after=None
[2026-05-29T10:20:17.441+0200] {processor.py:179} INFO - Processing /home/frederic/airflow_venv/lib/python3.10/site-packages/airflow/example_dags/example_subdag_operator.py took 0.068 seconds
[2026-05-29T10:21:09.185+0200] {processor.py:157} INFO - Started process (PID=702636) to work on /home/frederic/airflow_venv/lib/python3.10/site-packages/airflow/example_dags/example_subdag_operator.py
[2026-05-29T10:21:09.186+0200] {processor.py:829} INFO - Processing file /home/frederic/airflow_venv/lib/python3.10/site-packages/airflow/example_dags/example_subdag_operator.py for tasks to queue
[2026-05-29T10:21:09.187+0200] {logging_mixin.py:151} INFO - [2026-05-29T10:21:09.187+0200] {dagbag.py:539} INFO - Filling up the DagBag from /home/frederic/airflow_venv/lib/python3.10/site-packages/airflow/example_dags/example_subdag_operator.py
[2026-05-29T10:21:09.204+0200] {processor.py:839} INFO - DAG(s) dict_keys(['example_subdag_operator.section-1', 'example_subdag_operator.section-2', 'example_subdag_operator']) retrieved from /home/frederic/airflow_venv/lib/python3.10/site-packages/airflow/example_dags/example_subdag_operator.py
[2026-05-29T10:21:09.216+0200] {logging_mixin.py:151} INFO - [2026-05-29T10:21:09.216+0200] {dag.py:2915} INFO - Sync 3 DAGs
[2026-05-29T10:21:09.230+0200] {logging_mixin.py:151} INFO - [2026-05-29T10:21:09.230+0200] {dag.py:3696} INFO - Setting next_dagrun for example_subdag_operator to 2022-01-01T00:00:00+00:00, run_after=2022-01-01T00:00:00+00:00
[2026-05-29T10:21:09.233+0200] {logging_mixin.py:151} INFO - [2026-05-29T10:21:09.233+0200] {dag.py:3696} INFO - Setting next_dagrun for example_subdag_operator.section-1 to None, run_after=None
[2026-05-29T10:21:09.233+0200] {logging_mixin.py:151} INFO - [2026-05-29T10:21:09.233+0200] {dag.py:3696} INFO - Setting next_dagrun for example_subdag_operator.section-2 to None, run_after=None
[2026-05-29T10:21:09.238+0200] {logging_mixin.py:151} INFO - [2026-05-29T10:21:09.238+0200] {dag.py:2915} INFO - Sync 2 DAGs
[2026-05-29T10:21:09.240+0200] {logging_mixin.py:151} INFO - [2026-05-29T10:21:09.240+0200] {dag.py:3696} INFO - Setting next_dagrun for example_subdag_operator.section-1 to None, run_after=None
[2026-05-29T10:21:09.241+0200] {logging_mixin.py:151} INFO - [2026-05-29T10:21:09.241+0200] {dag.py:3696} INFO - Setting next_dagrun for example_subdag_operator.section-2 to None, run_after=None
[2026-05-29T10:21:09.252+0200] {processor.py:179} INFO - Processing /home/frederic/airflow_venv/lib/python3.10/site-packages/airflow/example_dags/example_subdag_operator.py took 0.069 seconds
[2026-05-29T10:21:55.723+0200] {processor.py:157} INFO - Started process (PID=703057) to work on /home/frederic/airflow_venv/lib/python3.10/site-packages/airflow/example_dags/example_subdag_operator.py
[2026-05-29T10:21:55.724+0200] {processor.py:829} INFO - Processing file /home/frederic/airflow_venv/lib/python3.10/site-packages/airflow/example_dags/example_subdag_operator.py for tasks to queue
[2026-05-29T10:21:55.725+0200] {logging_mixin.py:151} INFO - [2026-05-29T10:21:55.725+0200] {dagbag.py:539} INFO - Filling up the DagBag from /home/frederic/airflow_venv/lib/python3.10/site-packages/airflow/example_dags/example_subdag_operator.py
[2026-05-29T10:21:55.743+0200] {processor.py:839} INFO - DAG(s) dict_keys(['example_subdag_operator.section-1', 'example_subdag_operator.section-2', 'example_subdag_operator']) retrieved from /home/frederic/airflow_venv/lib/python3.10/site-packages/airflow/example_dags/example_subdag_operator.py
[2026-05-29T10:21:55.757+0200] {logging_mixin.py:151} INFO - [2026-05-29T10:21:55.757+0200] {dag.py:2915} INFO - Sync 3 DAGs
[2026-05-29T10:21:55.866+0200] {logging_mixin.py:151} INFO - [2026-05-29T10:21:55.865+0200] {dag.py:3696} INFO - Setting next_dagrun for example_subdag_operator to 2022-01-01T00:00:00+00:00, run_after=2022-01-01T00:00:00+00:00
[2026-05-29T10:21:55.869+0200] {logging_mixin.py:151} INFO - [2026-05-29T10:21:55.869+0200] {dag.py:3696} INFO - Setting next_dagrun for example_subdag_operator.section-1 to None, run_after=None
[2026-05-29T10:21:55.870+0200] {logging_mixin.py:151} INFO - [2026-05-29T10:21:55.870+0200] {dag.py:3696} INFO - Setting next_dagrun for example_subdag_operator.section-2 to None, run_after=None
[2026-05-29T10:21:55.874+0200] {logging_mixin.py:151} INFO - [2026-05-29T10:21:55.874+0200] {dag.py:2915} INFO - Sync 2 DAGs
[2026-05-29T10:21:55.878+0200] {logging_mixin.py:151} INFO - [2026-05-29T10:21:55.878+0200] {dag.py:3696} INFO - Setting next_dagrun for example_subdag_operator.section-1 to None, run_after=None
[2026-05-29T10:21:55.878+0200] {logging_mixin.py:151} INFO - [2026-05-29T10:21:55.878+0200] {dag.py:3696} INFO - Setting next_dagrun for example_subdag_operator.section-2 to None, run_after=None
[2026-05-29T10:21:55.889+0200] {processor.py:179} INFO - Processing /home/frederic/airflow_venv/lib/python3.10/site-packages/airflow/example_dags/example_subdag_operator.py took 0.168 seconds
[2026-05-29T10:22:44.528+0200] {processor.py:157} INFO - Started process (PID=703544) to work on /home/frederic/airflow_venv/lib/python3.10/site-packages/airflow/example_dags/example_subdag_operator.py
[2026-05-29T10:22:44.529+0200] {processor.py:829} INFO - Processing file /home/frederic/airflow_venv/lib/python3.10/site-packages/airflow/example_dags/example_subdag_operator.py for tasks to queue
[2026-05-29T10:22:44.530+0200] {logging_mixin.py:151} INFO - [2026-05-29T10:22:44.529+0200] {dagbag.py:539} INFO - Filling up the DagBag from /home/frederic/airflow_venv/lib/python3.10/site-packages/airflow/example_dags/example_subdag_operator.py
[2026-05-29T10:22:44.545+0200] {processor.py:839} INFO - DAG(s) dict_keys(['example_subdag_operator.section-1', 'example_subdag_operator.section-2', 'example_subdag_operator']) retrieved from /home/frederic/airflow_venv/lib/python3.10/site-packages/airflow/example_dags/example_subdag_operator.py
[2026-05-29T10:22:44.557+0200] {logging_mixin.py:151} INFO - [2026-05-29T10:22:44.557+0200] {dag.py:2915} INFO - Sync 3 DAGs
[2026-05-29T10:22:44.573+0200] {logging_mixin.py:151} INFO - [2026-05-29T10:22:44.572+0200] {dag.py:3696} INFO - Setting next_dagrun for example_subdag_operator to 2022-01-01T00:00:00+00:00, run_after=2022-01-01T00:00:00+00:00
[2026-05-29T10:22:44.575+0200] {logging_mixin.py:151} INFO - [2026-05-29T10:22:44.575+0200] {dag.py:3696} INFO - Setting next_dagrun for example_subdag_operator.section-1 to None, run_after=None
[2026-05-29T10:22:44.576+0200] {logging_mixin.py:151} INFO - [2026-05-29T10:22:44.575+0200] {dag.py:3696} INFO - Setting next_dagrun for example_subdag_operator.section-2 to None, run_after=None
[2026-05-29T10:22:44.580+0200] {logging_mixin.py:151} INFO - [2026-05-29T10:22:44.580+0200] {dag.py:2915} INFO - Sync 2 DAGs
[2026-05-29T10:22:44.583+0200] {logging_mixin.py:151} INFO - [2026-05-29T10:22:44.583+0200] {dag.py:3696} INFO - Setting next_dagrun for example_subdag_operator.section-1 to None, run_after=None
[2026-05-29T10:22:44.583+0200] {logging_mixin.py:151} INFO - [2026-05-29T10:22:44.583+0200] {dag.py:3696} INFO - Setting next_dagrun for example_subdag_operator.section-2 to None, run_after=None
[2026-05-29T10:22:44.592+0200] {processor.py:179} INFO - Processing /home/frederic/airflow_venv/lib/python3.10/site-packages/airflow/example_dags/example_subdag_operator.py took 0.066 seconds
[2026-05-29T10:23:32.229+0200] {processor.py:157} INFO - Started process (PID=704136) to work on /home/frederic/airflow_venv/lib/python3.10/site-packages/airflow/example_dags/example_subdag_operator.py
[2026-05-29T10:23:32.230+0200] {processor.py:829} INFO - Processing file /home/frederic/airflow_venv/lib/python3.10/site-packages/airflow/example_dags/example_subdag_operator.py for tasks to queue
[2026-05-29T10:23:32.231+0200] {logging_mixin.py:151} INFO - [2026-05-29T10:23:32.231+0200] {dagbag.py:539} INFO - Filling up the DagBag from /home/frederic/airflow_venv/lib/python3.10/site-packages/airflow/example_dags/example_subdag_operator.py
[2026-05-29T10:23:32.257+0200] {processor.py:839} INFO - DAG(s) dict_keys(['example_subdag_operator.section-1', 'example_subdag_operator.section-2', 'example_subdag_operator']) retrieved from /home/frederic/airflow_venv/lib/python3.10/site-packages/airflow/example_dags/example_subdag_operator.py
[2026-05-29T10:23:32.276+0200] {logging_mixin.py:151} INFO - [2026-05-29T10:23:32.276+0200] {dag.py:2915} INFO - Sync 3 DAGs
[2026-05-29T10:23:32.299+0200] {logging_mixin.py:151} INFO - [2026-05-29T10:23:32.299+0200] {dag.py:3696} INFO - Setting next_dagrun for example_subdag_operator to 2022-01-01T00:00:00+00:00, run_after=2022-01-01T00:00:00+00:00
[2026-05-29T10:23:32.303+0200] {logging_mixin.py:151} INFO - [2026-05-29T10:23:32.302+0200] {dag.py:3696} INFO - Setting next_dagrun for example_subdag_operator.section-1 to None, run_after=None
[2026-05-29T10:23:32.303+0200] {logging_mixin.py:151} INFO - [2026-05-29T10:23:32.303+0200] {dag.py:3696} INFO - Setting next_dagrun for example_subdag_operator.section-2 to None, run_after=None
[2026-05-29T10:23:32.311+0200] {logging_mixin.py:151} INFO - [2026-05-29T10:23:32.311+0200] {dag.py:2915} INFO - Sync 2 DAGs
[2026-05-29T10:23:32.315+0200] {logging_mixin.py:151} INFO - [2026-05-29T10:23:32.315+0200] {dag.py:3696} INFO - Setting next_dagrun for example_subdag_operator.section-1 to None, run_after=None
[2026-05-29T10:23:32.316+0200] {logging_mixin.py:151} INFO - [2026-05-29T10:23:32.316+0200] {dag.py:3696} INFO - Setting next_dagrun for example_subdag_operator.section-2 to None, run_after=None
[2026-05-29T10:23:32.330+0200] {processor.py:179} INFO - Processing /home/frederic/airflow_venv/lib/python3.10/site-packages/airflow/example_dags/example_subdag_operator.py took 0.105 seconds
[2026-05-29T10:24:22.879+0200] {processor.py:157} INFO - Started process (PID=704659) to work on /home/frederic/airflow_venv/lib/python3.10/site-packages/airflow/example_dags/example_subdag_operator.py
[2026-05-29T10:24:22.880+0200] {processor.py:829} INFO - Processing file /home/frederic/airflow_venv/lib/python3.10/site-packages/airflow/example_dags/example_subdag_operator.py for tasks to queue
[2026-05-29T10:24:22.881+0200] {logging_mixin.py:151} INFO - [2026-05-29T10:24:22.881+0200] {dagbag.py:539} INFO - Filling up the DagBag from /home/frederic/airflow_venv/lib/python3.10/site-packages/airflow/example_dags/example_subdag_operator.py
[2026-05-29T10:24:22.901+0200] {processor.py:839} INFO - DAG(s) dict_keys(['example_subdag_operator.section-1', 'example_subdag_operator.section-2', 'example_subdag_operator']) retrieved from /home/frederic/airflow_venv/lib/python3.10/site-packages/airflow/example_dags/example_subdag_operator.py
[2026-05-29T10:24:22.914+0200] {logging_mixin.py:151} INFO - [2026-05-29T10:24:22.914+0200] {dag.py:2915} INFO - Sync 3 DAGs
[2026-05-29T10:24:23.016+0200] {logging_mixin.py:151} INFO - [2026-05-29T10:24:23.016+0200] {dag.py:3696} INFO - Setting next_dagrun for example_subdag_operator to 2022-01-01T00:00:00+00:00, run_after=2022-01-01T00:00:00+00:00
[2026-05-29T10:24:23.019+0200] {logging_mixin.py:151} INFO - [2026-05-29T10:24:23.019+0200] {dag.py:3696} INFO - Setting next_dagrun for example_subdag_operator.section-1 to None, run_after=None
[2026-05-29T10:24:23.020+0200] {logging_mixin.py:151} INFO - [2026-05-29T10:24:23.019+0200] {dag.py:3696} INFO - Setting next_dagrun for example_subdag_operator.section-2 to None, run_after=None
[2026-05-29T10:24:23.024+0200] {logging_mixin.py:151} INFO - [2026-05-29T10:24:23.024+0200] {dag.py:2915} INFO - Sync 2 DAGs
[2026-05-29T10:24:23.027+0200] {logging_mixin.py:151} INFO - [2026-05-29T10:24:23.027+0200] {dag.py:3696} INFO - Setting next_dagrun for example_subdag_operator.section-1 to None, run_after=None
[2026-05-29T10:24:23.027+0200] {logging_mixin.py:151} INFO - [2026-05-29T10:24:23.027+0200] {dag.py:3696} INFO - Setting next_dagrun for example_subdag_operator.section-2 to None, run_after=None
[2026-05-29T10:24:23.039+0200] {processor.py:179} INFO - Processing /home/frederic/airflow_venv/lib/python3.10/site-packages/airflow/example_dags/example_subdag_operator.py took 0.162 seconds
[2026-05-29T10:24:59.424+0200] {processor.py:157} INFO - Started process (PID=704973) to work on /home/frederic/airflow_venv/lib/python3.10/site-packages/airflow/example_dags/example_subdag_operator.py
[2026-05-29T10:24:59.425+0200] {processor.py:829} INFO - Processing file /home/frederic/airflow_venv/lib/python3.10/site-packages/airflow/example_dags/example_subdag_operator.py for tasks to queue
[2026-05-29T10:24:59.425+0200] {logging_mixin.py:151} INFO - [2026-05-29T10:24:59.425+0200] {dagbag.py:539} INFO - Filling up the DagBag from /home/frederic/airflow_venv/lib/python3.10/site-packages/airflow/example_dags/example_subdag_operator.py
[2026-05-29T10:24:59.441+0200] {processor.py:839} INFO - DAG(s) dict_keys(['example_subdag_operator.section-1', 'example_subdag_operator.section-2', 'example_subdag_operator']) retrieved from /home/frederic/airflow_venv/lib/python3.10/site-packages/airflow/example_dags/example_subdag_operator.py
[2026-05-29T10:24:59.457+0200] {logging_mixin.py:151} INFO - [2026-05-29T10:24:59.457+0200] {dag.py:2915} INFO - Sync 3 DAGs
[2026-05-29T10:24:59.475+0200] {logging_mixin.py:151} INFO - [2026-05-29T10:24:59.475+0200] {dag.py:3696} INFO - Setting next_dagrun for example_subdag_operator to 2022-01-01T00:00:00+00:00, run_after=2022-01-01T00:00:00+00:00
[2026-05-29T10:24:59.478+0200] {logging_mixin.py:151} INFO - [2026-05-29T10:24:59.477+0200] {dag.py:3696} INFO - Setting next_dagrun for example_subdag_operator.section-1 to None, run_after=None
[2026-05-29T10:24:59.478+0200] {logging_mixin.py:151} INFO - [2026-05-29T10:24:59.478+0200] {dag.py:3696} INFO - Setting next_dagrun for example_subdag_operator.section-2 to None, run_after=None
[2026-05-29T10:24:59.483+0200] {logging_mixin.py:151} INFO - [2026-05-29T10:24:59.483+0200] {dag.py:2915} INFO - Sync 2 DAGs
[2026-05-29T10:24:59.486+0200] {logging_mixin.py:151} INFO - [2026-05-29T10:24:59.486+0200] {dag.py:3696} INFO - Setting next_dagrun for example_subdag_operator.section-1 to None, run_after=None
[2026-05-29T10:24:59.486+0200] {logging_mixin.py:151} INFO - [2026-05-29T10:24:59.486+0200] {dag.py:3696} INFO - Setting next_dagrun for example_subdag_operator.section-2 to None, run_after=None
[2026-05-29T10:24:59.495+0200] {processor.py:179} INFO - Processing /home/frederic/airflow_venv/lib/python3.10/site-packages/airflow/example_dags/example_subdag_operator.py took 0.074 seconds
[2026-05-29T10:25:38.855+0200] {processor.py:157} INFO - Started process (PID=705385) to work on /home/frederic/airflow_venv/lib/python3.10/site-packages/airflow/example_dags/example_subdag_operator.py
[2026-05-29T10:25:38.856+0200] {processor.py:829} INFO - Processing file /home/frederic/airflow_venv/lib/python3.10/site-packages/airflow/example_dags/example_subdag_operator.py for tasks to queue
[2026-05-29T10:25:38.856+0200] {logging_mixin.py:151} INFO - [2026-05-29T10:25:38.856+0200] {dagbag.py:539} INFO - Filling up the DagBag from /home/frederic/airflow_venv/lib/python3.10/site-packages/airflow/example_dags/example_subdag_operator.py
[2026-05-29T10:25:38.872+0200] {processor.py:839} INFO - DAG(s) dict_keys(['example_subdag_operator.section-1', 'example_subdag_operator.section-2', 'example_subdag_operator']) retrieved from /home/frederic/airflow_venv/lib/python3.10/site-packages/airflow/example_dags/example_subdag_operator.py
[2026-05-29T10:25:38.886+0200] {logging_mixin.py:151} INFO - [2026-05-29T10:25:38.886+0200] {dag.py:2915} INFO - Sync 3 DAGs
[2026-05-29T10:25:38.985+0200] {logging_mixin.py:151} INFO - [2026-05-29T10:25:38.985+0200] {dag.py:3696} INFO - Setting next_dagrun for example_subdag_operator to 2022-01-01T00:00:00+00:00, run_after=2022-01-01T00:00:00+00:00
[2026-05-29T10:25:38.987+0200] {logging_mixin.py:151} INFO - [2026-05-29T10:25:38.987+0200] {dag.py:3696} INFO - Setting next_dagrun for example_subdag_operator.section-1 to None, run_after=None
[2026-05-29T10:25:38.988+0200] {logging_mixin.py:151} INFO - [2026-05-29T10:25:38.988+0200] {dag.py:3696} INFO - Setting next_dagrun for example_subdag_operator.section-2 to None, run_after=None
[2026-05-29T10:25:38.992+0200] {logging_mixin.py:151} INFO - [2026-05-29T10:25:38.992+0200] {dag.py:2915} INFO - Sync 2 DAGs
[2026-05-29T10:25:38.995+0200] {logging_mixin.py:151} INFO - [2026-05-29T10:25:38.995+0200] {dag.py:3696} INFO - Setting next_dagrun for example_subdag_operator.section-1 to None, run_after=None
[2026-05-29T10:25:38.995+0200] {logging_mixin.py:151} INFO - [2026-05-29T10:25:38.995+0200] {dag.py:3696} INFO - Setting next_dagrun for example_subdag_operator.section-2 to None, run_after=None
[2026-05-29T10:25:39.004+0200] {processor.py:179} INFO - Processing /home/frederic/airflow_venv/lib/python3.10/site-packages/airflow/example_dags/example_subdag_operator.py took 0.151 seconds
[2026-05-29T10:26:30.509+0200] {processor.py:157} INFO - Started process (PID=705906) to work on /home/frederic/airflow_venv/lib/python3.10/site-packages/airflow/example_dags/example_subdag_operator.py
[2026-05-29T10:26:30.510+0200] {processor.py:829} INFO - Processing file /home/frederic/airflow_venv/lib/python3.10/site-packages/airflow/example_dags/example_subdag_operator.py for tasks to queue
[2026-05-29T10:26:30.511+0200] {logging_mixin.py:151} INFO - [2026-05-29T10:26:30.510+0200] {dagbag.py:539} INFO - Filling up the DagBag from /home/frederic/airflow_venv/lib/python3.10/site-packages/airflow/example_dags/example_subdag_operator.py
[2026-05-29T10:26:30.527+0200] {processor.py:839} INFO - DAG(s) dict_keys(['example_subdag_operator.section-1', 'example_subdag_operator.section-2', 'example_subdag_operator']) retrieved from /home/frederic/airflow_venv/lib/python3.10/site-packages/airflow/example_dags/example_subdag_operator.py
[2026-05-29T10:26:30.539+0200] {logging_mixin.py:151} INFO - [2026-05-29T10:26:30.539+0200] {dag.py:2915} INFO - Sync 3 DAGs
[2026-05-29T10:26:30.632+0200] {logging_mixin.py:151} INFO - [2026-05-29T10:26:30.632+0200] {dag.py:3696} INFO - Setting next_dagrun for example_subdag_operator to 2022-01-01T00:00:00+00:00, run_after=2022-01-01T00:00:00+00:00
[2026-05-29T10:26:30.634+0200] {logging_mixin.py:151} INFO - [2026-05-29T10:26:30.634+0200] {dag.py:3696} INFO - Setting next_dagrun for example_subdag_operator.section-1 to None, run_after=None
[2026-05-29T10:26:30.635+0200] {logging_mixin.py:151} INFO - [2026-05-29T10:26:30.635+0200] {dag.py:3696} INFO - Setting next_dagrun for example_subdag_operator.section-2 to None, run_after=None
[2026-05-29T10:26:30.638+0200] {logging_mixin.py:151} INFO - [2026-05-29T10:26:30.638+0200] {dag.py:2915} INFO - Sync 2 DAGs
[2026-05-29T10:26:30.641+0200] {logging_mixin.py:151} INFO - [2026-05-29T10:26:30.641+0200] {dag.py:3696} INFO - Setting next_dagrun for example_subdag_operator.section-1 to None, run_after=None
[2026-05-29T10:26:30.641+0200] {logging_mixin.py:151} INFO - [2026-05-29T10:26:30.641+0200] {dag.py:3696} INFO - Setting next_dagrun for example_subdag_operator.section-2 to None, run_after=None
[2026-05-29T10:26:30.652+0200] {processor.py:179} INFO - Processing /home/frederic/airflow_venv/lib/python3.10/site-packages/airflow/example_dags/example_subdag_operator.py took 0.145 seconds
[2026-05-29T10:27:22.388+0200] {processor.py:157} INFO - Started process (PID=706449) to work on /home/frederic/airflow_venv/lib/python3.10/site-packages/airflow/example_dags/example_subdag_operator.py
[2026-05-29T10:27:22.388+0200] {processor.py:829} INFO - Processing file /home/frederic/airflow_venv/lib/python3.10/site-packages/airflow/example_dags/example_subdag_operator.py for tasks to queue
[2026-05-29T10:27:22.389+0200] {logging_mixin.py:151} INFO - [2026-05-29T10:27:22.389+0200] {dagbag.py:539} INFO - Filling up the DagBag from /home/frederic/airflow_venv/lib/python3.10/site-packages/airflow/example_dags/example_subdag_operator.py
[2026-05-29T10:27:22.405+0200] {processor.py:839} INFO - DAG(s) dict_keys(['example_subdag_operator.section-1', 'example_subdag_operator.section-2', 'example_subdag_operator']) retrieved from /home/frederic/airflow_venv/lib/python3.10/site-packages/airflow/example_dags/example_subdag_operator.py
[2026-05-29T10:27:22.420+0200] {logging_mixin.py:151} INFO - [2026-05-29T10:27:22.420+0200] {dag.py:2915} INFO - Sync 3 DAGs
[2026-05-29T10:27:22.436+0200] {logging_mixin.py:151} INFO - [2026-05-29T10:27:22.436+0200] {dag.py:3696} INFO - Setting next_dagrun for example_subdag_operator to 2022-01-01T00:00:00+00:00, run_after=2022-01-01T00:00:00+00:00
[2026-05-29T10:27:22.440+0200] {logging_mixin.py:151} INFO - [2026-05-29T10:27:22.440+0200] {dag.py:3696} INFO - Setting next_dagrun for example_subdag_operator.section-1 to None, run_after=None
[2026-05-29T10:27:22.441+0200] {logging_mixin.py:151} INFO - [2026-05-29T10:27:22.441+0200] {dag.py:3696} INFO - Setting next_dagrun for example_subdag_operator.section-2 to None, run_after=None
[2026-05-29T10:27:22.449+0200] {logging_mixin.py:151} INFO - [2026-05-29T10:27:22.449+0200] {dag.py:2915} INFO - Sync 2 DAGs
[2026-05-29T10:27:22.455+0200] {logging_mixin.py:151} INFO - [2026-05-29T10:27:22.455+0200] {dag.py:3696} INFO - Setting next_dagrun for example_subdag_operator.section-1 to None, run_after=None
[2026-05-29T10:27:22.455+0200] {logging_mixin.py:151} INFO - [2026-05-29T10:27:22.455+0200] {dag.py:3696} INFO - Setting next_dagrun for example_subdag_operator.section-2 to None, run_after=None
[2026-05-29T10:27:22.467+0200] {processor.py:179} INFO - Processing /home/frederic/airflow_venv/lib/python3.10/site-packages/airflow/example_dags/example_subdag_operator.py took 0.081 seconds
[2026-05-29T10:28:04.090+0200] {processor.py:157} INFO - Started process (PID=706876) to work on /home/frederic/airflow_venv/lib/python3.10/site-packages/airflow/example_dags/example_subdag_operator.py
[2026-05-29T10:28:04.091+0200] {processor.py:829} INFO - Processing file /home/frederic/airflow_venv/lib/python3.10/site-packages/airflow/example_dags/example_subdag_operator.py for tasks to queue
[2026-05-29T10:28:04.092+0200] {logging_mixin.py:151} INFO - [2026-05-29T10:28:04.091+0200] {dagbag.py:539} INFO - Filling up the DagBag from /home/frederic/airflow_venv/lib/python3.10/site-packages/airflow/example_dags/example_subdag_operator.py
[2026-05-29T10:28:04.110+0200] {processor.py:839} INFO - DAG(s) dict_keys(['example_subdag_operator.section-1', 'example_subdag_operator.section-2', 'example_subdag_operator']) retrieved from /home/frederic/airflow_venv/lib/python3.10/site-packages/airflow/example_dags/example_subdag_operator.py
[2026-05-29T10:28:04.123+0200] {logging_mixin.py:151} INFO - [2026-05-29T10:28:04.122+0200] {dag.py:2915} INFO - Sync 3 DAGs
[2026-05-29T10:28:04.138+0200] {logging_mixin.py:151} INFO - [2026-05-29T10:28:04.138+0200] {dag.py:3696} INFO - Setting next_dagrun for example_subdag_operator to 2022-01-01T00:00:00+00:00, run_after=2022-01-01T00:00:00+00:00
[2026-05-29T10:28:04.140+0200] {logging_mixin.py:151} INFO - [2026-05-29T10:28:04.140+0200] {dag.py:3696} INFO - Setting next_dagrun for example_subdag_operator.section-1 to None, run_after=None
[2026-05-29T10:28:04.141+0200] {logging_mixin.py:151} INFO - [2026-05-29T10:28:04.141+0200] {dag.py:3696} INFO - Setting next_dagrun for example_subdag_operator.section-2 to None, run_after=None
[2026-05-29T10:28:04.145+0200] {logging_mixin.py:151} INFO - [2026-05-29T10:28:04.145+0200] {dag.py:2915} INFO - Sync 2 DAGs
[2026-05-29T10:28:04.148+0200] {logging_mixin.py:151} INFO - [2026-05-29T10:28:04.148+0200] {dag.py:3696} INFO - Setting next_dagrun for example_subdag_operator.section-1 to None, run_after=None
[2026-05-29T10:28:04.148+0200] {logging_mixin.py:151} INFO - [2026-05-29T10:28:04.148+0200] {dag.py:3696} INFO - Setting next_dagrun for example_subdag_operator.section-2 to None, run_after=None
[2026-05-29T10:28:04.159+0200] {processor.py:179} INFO - Processing /home/frederic/airflow_venv/lib/python3.10/site-packages/airflow/example_dags/example_subdag_operator.py took 0.071 seconds
[2026-05-29T10:28:48.060+0200] {processor.py:157} INFO - Started process (PID=707456) to work on /home/frederic/airflow_venv/lib/python3.10/site-packages/airflow/example_dags/example_subdag_operator.py
[2026-05-29T10:28:48.061+0200] {processor.py:829} INFO - Processing file /home/frederic/airflow_venv/lib/python3.10/site-packages/airflow/example_dags/example_subdag_operator.py for tasks to queue
[2026-05-29T10:28:48.062+0200] {logging_mixin.py:151} INFO - [2026-05-29T10:28:48.061+0200] {dagbag.py:539} INFO - Filling up the DagBag from /home/frederic/airflow_venv/lib/python3.10/site-packages/airflow/example_dags/example_subdag_operator.py
[2026-05-29T10:28:48.078+0200] {processor.py:839} INFO - DAG(s) dict_keys(['example_subdag_operator.section-1', 'example_subdag_operator.section-2', 'example_subdag_operator']) retrieved from /home/frederic/airflow_venv/lib/python3.10/site-packages/airflow/example_dags/example_subdag_operator.py
[2026-05-29T10:28:48.090+0200] {logging_mixin.py:151} INFO - [2026-05-29T10:28:48.090+0200] {dag.py:2915} INFO - Sync 3 DAGs
[2026-05-29T10:28:48.105+0200] {logging_mixin.py:151} INFO - [2026-05-29T10:28:48.105+0200] {dag.py:3696} INFO - Setting next_dagrun for example_subdag_operator to 2022-01-01T00:00:00+00:00, run_after=2022-01-01T00:00:00+00:00
[2026-05-29T10:28:48.108+0200] {logging_mixin.py:151} INFO - [2026-05-29T10:28:48.107+0200] {dag.py:3696} INFO - Setting next_dagrun for example_subdag_operator.section-1 to None, run_after=None
[2026-05-29T10:28:48.108+0200] {logging_mixin.py:151} INFO - [2026-05-29T10:28:48.108+0200] {dag.py:3696} INFO - Setting next_dagrun for example_subdag_operator.section-2 to None, run_after=None
[2026-05-29T10:28:48.114+0200] {logging_mixin.py:151} INFO - [2026-05-29T10:28:48.113+0200] {dag.py:2915} INFO - Sync 2 DAGs
[2026-05-29T10:28:48.117+0200] {logging_mixin.py:151} INFO - [2026-05-29T10:28:48.117+0200] {dag.py:3696} INFO - Setting next_dagrun for example_subdag_operator.section-1 to None, run_after=None
[2026-05-29T10:28:48.118+0200] {logging_mixin.py:151} INFO - [2026-05-29T10:28:48.117+0200] {dag.py:3696} INFO - Setting next_dagrun for example_subdag_operator.section-2 to None, run_after=None
[2026-05-29T10:28:48.128+0200] {processor.py:179} INFO - Processing /home/frederic/airflow_venv/lib/python3.10/site-packages/airflow/example_dags/example_subdag_operator.py took 0.070 seconds
[2026-05-29T10:29:34.747+0200] {processor.py:157} INFO - Started process (PID=708030) to work on /home/frederic/airflow_venv/lib/python3.10/site-packages/airflow/example_dags/example_subdag_operator.py
[2026-05-29T10:29:34.748+0200] {processor.py:829} INFO - Processing file /home/frederic/airflow_venv/lib/python3.10/site-packages/airflow/example_dags/example_subdag_operator.py for tasks to queue
[2026-05-29T10:29:34.749+0200] {logging_mixin.py:151} INFO - [2026-05-29T10:29:34.749+0200] {dagbag.py:539} INFO - Filling up the DagBag from /home/frederic/airflow_venv/lib/python3.10/site-packages/airflow/example_dags/example_subdag_operator.py
[2026-05-29T10:29:34.767+0200] {processor.py:839} INFO - DAG(s) dict_keys(['example_subdag_operator.section-1', 'example_subdag_operator.section-2', 'example_subdag_operator']) retrieved from /home/frederic/airflow_venv/lib/python3.10/site-packages/airflow/example_dags/example_subdag_operator.py
[2026-05-29T10:29:34.781+0200] {logging_mixin.py:151} INFO - [2026-05-29T10:29:34.781+0200] {dag.py:2915} INFO - Sync 3 DAGs
[2026-05-29T10:29:34.797+0200] {logging_mixin.py:151} INFO - [2026-05-29T10:29:34.797+0200] {dag.py:3696} INFO - Setting next_dagrun for example_subdag_operator to 2022-01-01T00:00:00+00:00, run_after=2022-01-01T00:00:00+00:00
[2026-05-29T10:29:34.799+0200] {logging_mixin.py:151} INFO - [2026-05-29T10:29:34.799+0200] {dag.py:3696} INFO - Setting next_dagrun for example_subdag_operator.section-1 to None, run_after=None
[2026-05-29T10:29:34.800+0200] {logging_mixin.py:151} INFO - [2026-05-29T10:29:34.800+0200] {dag.py:3696} INFO - Setting next_dagrun for example_subdag_operator.section-2 to None, run_after=None
[2026-05-29T10:29:34.805+0200] {logging_mixin.py:151} INFO - [2026-05-29T10:29:34.804+0200] {dag.py:2915} INFO - Sync 2 DAGs
[2026-05-29T10:29:34.808+0200] {logging_mixin.py:151} INFO - [2026-05-29T10:29:34.808+0200] {dag.py:3696} INFO - Setting next_dagrun for example_subdag_operator.section-1 to None, run_after=None
[2026-05-29T10:29:34.809+0200] {logging_mixin.py:151} INFO - [2026-05-29T10:29:34.808+0200] {dag.py:3696} INFO - Setting next_dagrun for example_subdag_operator.section-2 to None, run_after=None
[2026-05-29T10:29:34.821+0200] {processor.py:179} INFO - Processing /home/frederic/airflow_venv/lib/python3.10/site-packages/airflow/example_dags/example_subdag_operator.py took 0.077 seconds
[2026-05-29T10:30:25.541+0200] {processor.py:157} INFO - Started process (PID=708625) to work on /home/frederic/airflow_venv/lib/python3.10/site-packages/airflow/example_dags/example_subdag_operator.py
[2026-05-29T10:30:25.542+0200] {processor.py:829} INFO - Processing file /home/frederic/airflow_venv/lib/python3.10/site-packages/airflow/example_dags/example_subdag_operator.py for tasks to queue
[2026-05-29T10:30:25.543+0200] {logging_mixin.py:151} INFO - [2026-05-29T10:30:25.543+0200] {dagbag.py:539} INFO - Filling up the DagBag from /home/frederic/airflow_venv/lib/python3.10/site-packages/airflow/example_dags/example_subdag_operator.py
[2026-05-29T10:30:25.562+0200] {processor.py:839} INFO - DAG(s) dict_keys(['example_subdag_operator.section-1', 'example_subdag_operator.section-2', 'example_subdag_operator']) retrieved from /home/frederic/airflow_venv/lib/python3.10/site-packages/airflow/example_dags/example_subdag_operator.py
[2026-05-29T10:30:25.575+0200] {logging_mixin.py:151} INFO - [2026-05-29T10:30:25.575+0200] {dag.py:2915} INFO - Sync 3 DAGs
[2026-05-29T10:30:25.590+0200] {logging_mixin.py:151} INFO - [2026-05-29T10:30:25.590+0200] {dag.py:3696} INFO - Setting next_dagrun for example_subdag_operator to 2022-01-01T00:00:00+00:00, run_after=2022-01-01T00:00:00+00:00
[2026-05-29T10:30:25.593+0200] {logging_mixin.py:151} INFO - [2026-05-29T10:30:25.593+0200] {dag.py:3696} INFO - Setting next_dagrun for example_subdag_operator.section-1 to None, run_after=None
[2026-05-29T10:30:25.593+0200] {logging_mixin.py:151} INFO - [2026-05-29T10:30:25.593+0200] {dag.py:3696} INFO - Setting next_dagrun for example_subdag_operator.section-2 to None, run_after=None
[2026-05-29T10:30:25.598+0200] {logging_mixin.py:151} INFO - [2026-05-29T10:30:25.598+0200] {dag.py:2915} INFO - Sync 2 DAGs
[2026-05-29T10:30:25.601+0200] {logging_mixin.py:151} INFO - [2026-05-29T10:30:25.601+0200] {dag.py:3696} INFO - Setting next_dagrun for example_subdag_operator.section-1 to None, run_after=None
[2026-05-29T10:30:25.601+0200] {logging_mixin.py:151} INFO - [2026-05-29T10:30:25.601+0200] {dag.py:3696} INFO - Setting next_dagrun for example_subdag_operator.section-2 to None, run_after=None
[2026-05-29T10:30:25.611+0200] {processor.py:179} INFO - Processing /home/frederic/airflow_venv/lib/python3.10/site-packages/airflow/example_dags/example_subdag_operator.py took 0.074 seconds
[2026-05-29T10:31:09.085+0200] {processor.py:157} INFO - Started process (PID=709245) to work on /home/frederic/airflow_venv/lib/python3.10/site-packages/airflow/example_dags/example_subdag_operator.py
[2026-05-29T10:31:09.086+0200] {processor.py:829} INFO - Processing file /home/frederic/airflow_venv/lib/python3.10/site-packages/airflow/example_dags/example_subdag_operator.py for tasks to queue
[2026-05-29T10:31:09.087+0200] {logging_mixin.py:151} INFO - [2026-05-29T10:31:09.086+0200] {dagbag.py:539} INFO - Filling up the DagBag from /home/frederic/airflow_venv/lib/python3.10/site-packages/airflow/example_dags/example_subdag_operator.py
[2026-05-29T10:31:09.103+0200] {processor.py:839} INFO - DAG(s) dict_keys(['example_subdag_operator.section-1', 'example_subdag_operator.section-2', 'example_subdag_operator']) retrieved from /home/frederic/airflow_venv/lib/python3.10/site-packages/airflow/example_dags/example_subdag_operator.py
[2026-05-29T10:31:09.115+0200] {logging_mixin.py:151} INFO - [2026-05-29T10:31:09.115+0200] {dag.py:2915} INFO - Sync 3 DAGs
[2026-05-29T10:31:09.131+0200] {logging_mixin.py:151} INFO - [2026-05-29T10:31:09.130+0200] {dag.py:3696} INFO - Setting next_dagrun for example_subdag_operator to 2022-01-01T00:00:00+00:00, run_after=2022-01-01T00:00:00+00:00
[2026-05-29T10:31:09.133+0200] {logging_mixin.py:151} INFO - [2026-05-29T10:31:09.133+0200] {dag.py:3696} INFO - Setting next_dagrun for example_subdag_operator.section-1 to None, run_after=None
[2026-05-29T10:31:09.134+0200] {logging_mixin.py:151} INFO - [2026-05-29T10:31:09.133+0200] {dag.py:3696} INFO - Setting next_dagrun for example_subdag_operator.section-2 to None, run_after=None
[2026-05-29T10:31:09.138+0200] {logging_mixin.py:151} INFO - [2026-05-29T10:31:09.137+0200] {dag.py:2915} INFO - Sync 2 DAGs
[2026-05-29T10:31:09.140+0200] {logging_mixin.py:151} INFO - [2026-05-29T10:31:09.140+0200] {dag.py:3696} INFO - Setting next_dagrun for example_subdag_operator.section-1 to None, run_after=None
[2026-05-29T10:31:09.141+0200] {logging_mixin.py:151} INFO - [2026-05-29T10:31:09.141+0200] {dag.py:3696} INFO - Setting next_dagrun for example_subdag_operator.section-2 to None, run_after=None
[2026-05-29T10:31:09.150+0200] {processor.py:179} INFO - Processing /home/frederic/airflow_venv/lib/python3.10/site-packages/airflow/example_dags/example_subdag_operator.py took 0.067 seconds
[2026-05-29T10:31:57.893+0200] {processor.py:157} INFO - Started process (PID=709722) to work on /home/frederic/airflow_venv/lib/python3.10/site-packages/airflow/example_dags/example_subdag_operator.py
[2026-05-29T10:31:57.894+0200] {processor.py:829} INFO - Processing file /home/frederic/airflow_venv/lib/python3.10/site-packages/airflow/example_dags/example_subdag_operator.py for tasks to queue
[2026-05-29T10:31:57.894+0200] {logging_mixin.py:151} INFO - [2026-05-29T10:31:57.894+0200] {dagbag.py:539} INFO - Filling up the DagBag from /home/frederic/airflow_venv/lib/python3.10/site-packages/airflow/example_dags/example_subdag_operator.py
[2026-05-29T10:31:57.910+0200] {processor.py:839} INFO - DAG(s) dict_keys(['example_subdag_operator.section-1', 'example_subdag_operator.section-2', 'example_subdag_operator']) retrieved from /home/frederic/airflow_venv/lib/python3.10/site-packages/airflow/example_dags/example_subdag_operator.py
[2026-05-29T10:31:57.921+0200] {logging_mixin.py:151} INFO - [2026-05-29T10:31:57.921+0200] {dag.py:2915} INFO - Sync 3 DAGs
[2026-05-29T10:31:57.936+0200] {logging_mixin.py:151} INFO - [2026-05-29T10:31:57.936+0200] {dag.py:3696} INFO - Setting next_dagrun for example_subdag_operator to 2022-01-01T00:00:00+00:00, run_after=2022-01-01T00:00:00+00:00
[2026-05-29T10:31:57.938+0200] {logging_mixin.py:151} INFO - [2026-05-29T10:31:57.938+0200] {dag.py:3696} INFO - Setting next_dagrun for example_subdag_operator.section-1 to None, run_after=None
[2026-05-29T10:31:57.939+0200] {logging_mixin.py:151} INFO - [2026-05-29T10:31:57.939+0200] {dag.py:3696} INFO - Setting next_dagrun for example_subdag_operator.section-2 to None, run_after=None
[2026-05-29T10:31:57.943+0200] {logging_mixin.py:151} INFO - [2026-05-29T10:31:57.943+0200] {dag.py:2915} INFO - Sync 2 DAGs
[2026-05-29T10:31:57.946+0200] {logging_mixin.py:151} INFO - [2026-05-29T10:31:57.946+0200] {dag.py:3696} INFO - Setting next_dagrun for example_subdag_operator.section-1 to None, run_after=None
[2026-05-29T10:31:57.947+0200] {logging_mixin.py:151} INFO - [2026-05-29T10:31:57.946+0200] {dag.py:3696} INFO - Setting next_dagrun for example_subdag_operator.section-2 to None, run_after=None
[2026-05-29T10:31:57.956+0200] {processor.py:179} INFO - Processing /home/frederic/airflow_venv/lib/python3.10/site-packages/airflow/example_dags/example_subdag_operator.py took 0.066 seconds
[2026-05-29T10:32:41.571+0200] {processor.py:157} INFO - Started process (PID=710311) to work on /home/frederic/airflow_venv/lib/python3.10/site-packages/airflow/example_dags/example_subdag_operator.py
[2026-05-29T10:32:41.572+0200] {processor.py:829} INFO - Processing file /home/frederic/airflow_venv/lib/python3.10/site-packages/airflow/example_dags/example_subdag_operator.py for tasks to queue
[2026-05-29T10:32:41.573+0200] {logging_mixin.py:151} INFO - [2026-05-29T10:32:41.572+0200] {dagbag.py:539} INFO - Filling up the DagBag from /home/frederic/airflow_venv/lib/python3.10/site-packages/airflow/example_dags/example_subdag_operator.py
[2026-05-29T10:32:41.588+0200] {processor.py:839} INFO - DAG(s) dict_keys(['example_subdag_operator.section-1', 'example_subdag_operator.section-2', 'example_subdag_operator']) retrieved from /home/frederic/airflow_venv/lib/python3.10/site-packages/airflow/example_dags/example_subdag_operator.py
[2026-05-29T10:32:41.601+0200] {logging_mixin.py:151} INFO - [2026-05-29T10:32:41.600+0200] {dag.py:2915} INFO - Sync 3 DAGs
[2026-05-29T10:32:41.616+0200] {logging_mixin.py:151} INFO - [2026-05-29T10:32:41.616+0200] {dag.py:3696} INFO - Setting next_dagrun for example_subdag_operator to 2022-01-01T00:00:00+00:00, run_after=2022-01-01T00:00:00+00:00
[2026-05-29T10:32:41.618+0200] {logging_mixin.py:151} INFO - [2026-05-29T10:32:41.618+0200] {dag.py:3696} INFO - Setting next_dagrun for example_subdag_operator.section-1 to None, run_after=None
[2026-05-29T10:32:41.619+0200] {logging_mixin.py:151} INFO - [2026-05-29T10:32:41.619+0200] {dag.py:3696} INFO - Setting next_dagrun for example_subdag_operator.section-2 to None, run_after=None
[2026-05-29T10:32:41.623+0200] {logging_mixin.py:151} INFO - [2026-05-29T10:32:41.623+0200] {dag.py:2915} INFO - Sync 2 DAGs
[2026-05-29T10:32:41.626+0200] {logging_mixin.py:151} INFO - [2026-05-29T10:32:41.625+0200] {dag.py:3696} INFO - Setting next_dagrun for example_subdag_operator.section-1 to None, run_after=None
[2026-05-29T10:32:41.626+0200] {logging_mixin.py:151} INFO - [2026-05-29T10:32:41.626+0200] {dag.py:3696} INFO - Setting next_dagrun for example_subdag_operator.section-2 to None, run_after=None
[2026-05-29T10:32:41.635+0200] {processor.py:179} INFO - Processing /home/frederic/airflow_venv/lib/python3.10/site-packages/airflow/example_dags/example_subdag_operator.py took 0.066 seconds
[2026-05-29T10:33:30.319+0200] {processor.py:157} INFO - Started process (PID=711089) to work on /home/frederic/airflow_venv/lib/python3.10/site-packages/airflow/example_dags/example_subdag_operator.py
[2026-05-29T10:33:30.320+0200] {processor.py:829} INFO - Processing file /home/frederic/airflow_venv/lib/python3.10/site-packages/airflow/example_dags/example_subdag_operator.py for tasks to queue
[2026-05-29T10:33:30.321+0200] {logging_mixin.py:151} INFO - [2026-05-29T10:33:30.321+0200] {dagbag.py:539} INFO - Filling up the DagBag from /home/frederic/airflow_venv/lib/python3.10/site-packages/airflow/example_dags/example_subdag_operator.py
[2026-05-29T10:33:30.337+0200] {processor.py:839} INFO - DAG(s) dict_keys(['example_subdag_operator.section-1', 'example_subdag_operator.section-2', 'example_subdag_operator']) retrieved from /home/frederic/airflow_venv/lib/python3.10/site-packages/airflow/example_dags/example_subdag_operator.py
[2026-05-29T10:33:30.349+0200] {logging_mixin.py:151} INFO - [2026-05-29T10:33:30.349+0200] {dag.py:2915} INFO - Sync 3 DAGs
[2026-05-29T10:33:30.364+0200] {logging_mixin.py:151} INFO - [2026-05-29T10:33:30.364+0200] {dag.py:3696} INFO - Setting next_dagrun for example_subdag_operator to 2022-01-01T00:00:00+00:00, run_after=2022-01-01T00:00:00+00:00
[2026-05-29T10:33:30.366+0200] {logging_mixin.py:151} INFO - [2026-05-29T10:33:30.366+0200] {dag.py:3696} INFO - Setting next_dagrun for example_subdag_operator.section-1 to None, run_after=None
[2026-05-29T10:33:30.367+0200] {logging_mixin.py:151} INFO - [2026-05-29T10:33:30.367+0200] {dag.py:3696} INFO - Setting next_dagrun for example_subdag_operator.section-2 to None, run_after=None
[2026-05-29T10:33:30.371+0200] {logging_mixin.py:151} INFO - [2026-05-29T10:33:30.371+0200] {dag.py:2915} INFO - Sync 2 DAGs
[2026-05-29T10:33:30.375+0200] {logging_mixin.py:151} INFO - [2026-05-29T10:33:30.374+0200] {dag.py:3696} INFO - Setting next_dagrun for example_subdag_operator.section-1 to None, run_after=None
[2026-05-29T10:33:30.375+0200] {logging_mixin.py:151} INFO - [2026-05-29T10:33:30.375+0200] {dag.py:3696} INFO - Setting next_dagrun for example_subdag_operator.section-2 to None, run_after=None
[2026-05-29T10:33:30.385+0200] {processor.py:179} INFO - Processing /home/frederic/airflow_venv/lib/python3.10/site-packages/airflow/example_dags/example_subdag_operator.py took 0.068 seconds
[2026-05-29T10:34:13.237+0200] {processor.py:157} INFO - Started process (PID=711833) to work on /home/frederic/airflow_venv/lib/python3.10/site-packages/airflow/example_dags/example_subdag_operator.py
[2026-05-29T10:34:13.237+0200] {processor.py:829} INFO - Processing file /home/frederic/airflow_venv/lib/python3.10/site-packages/airflow/example_dags/example_subdag_operator.py for tasks to queue
[2026-05-29T10:34:13.238+0200] {logging_mixin.py:151} INFO - [2026-05-29T10:34:13.238+0200] {dagbag.py:539} INFO - Filling up the DagBag from /home/frederic/airflow_venv/lib/python3.10/site-packages/airflow/example_dags/example_subdag_operator.py
[2026-05-29T10:34:13.254+0200] {processor.py:839} INFO - DAG(s) dict_keys(['example_subdag_operator.section-1', 'example_subdag_operator.section-2', 'example_subdag_operator']) retrieved from /home/frederic/airflow_venv/lib/python3.10/site-packages/airflow/example_dags/example_subdag_operator.py
[2026-05-29T10:34:13.266+0200] {logging_mixin.py:151} INFO - [2026-05-29T10:34:13.266+0200] {dag.py:2915} INFO - Sync 3 DAGs
[2026-05-29T10:34:13.281+0200] {logging_mixin.py:151} INFO - [2026-05-29T10:34:13.281+0200] {dag.py:3696} INFO - Setting next_dagrun for example_subdag_operator to 2022-01-01T00:00:00+00:00, run_after=2022-01-01T00:00:00+00:00
[2026-05-29T10:34:13.284+0200] {logging_mixin.py:151} INFO - [2026-05-29T10:34:13.284+0200] {dag.py:3696} INFO - Setting next_dagrun for example_subdag_operator.section-1 to None, run_after=None
[2026-05-29T10:34:13.284+0200] {logging_mixin.py:151} INFO - [2026-05-29T10:34:13.284+0200] {dag.py:3696} INFO - Setting next_dagrun for example_subdag_operator.section-2 to None, run_after=None
[2026-05-29T10:34:13.289+0200] {logging_mixin.py:151} INFO - [2026-05-29T10:34:13.289+0200] {dag.py:2915} INFO - Sync 2 DAGs
[2026-05-29T10:34:13.292+0200] {logging_mixin.py:151} INFO - [2026-05-29T10:34:13.292+0200] {dag.py:3696} INFO - Setting next_dagrun for example_subdag_operator.section-1 to None, run_after=None
[2026-05-29T10:34:13.293+0200] {logging_mixin.py:151} INFO - [2026-05-29T10:34:13.293+0200] {dag.py:3696} INFO - Setting next_dagrun for example_subdag_operator.section-2 to None, run_after=None
[2026-05-29T10:34:13.303+0200] {processor.py:179} INFO - Processing /home/frederic/airflow_venv/lib/python3.10/site-packages/airflow/example_dags/example_subdag_operator.py took 0.069 seconds
[2026-05-29T10:34:56.190+0200] {processor.py:157} INFO - Started process (PID=712255) to work on /home/frederic/airflow_venv/lib/python3.10/site-packages/airflow/example_dags/example_subdag_operator.py
[2026-05-29T10:34:56.191+0200] {processor.py:829} INFO - Processing file /home/frederic/airflow_venv/lib/python3.10/site-packages/airflow/example_dags/example_subdag_operator.py for tasks to queue
[2026-05-29T10:34:56.191+0200] {logging_mixin.py:151} INFO - [2026-05-29T10:34:56.191+0200] {dagbag.py:539} INFO - Filling up the DagBag from /home/frederic/airflow_venv/lib/python3.10/site-packages/airflow/example_dags/example_subdag_operator.py
[2026-05-29T10:34:56.210+0200] {processor.py:839} INFO - DAG(s) dict_keys(['example_subdag_operator.section-1', 'example_subdag_operator.section-2', 'example_subdag_operator']) retrieved from /home/frederic/airflow_venv/lib/python3.10/site-packages/airflow/example_dags/example_subdag_operator.py
[2026-05-29T10:34:56.227+0200] {logging_mixin.py:151} INFO - [2026-05-29T10:34:56.226+0200] {dag.py:2915} INFO - Sync 3 DAGs
[2026-05-29T10:34:56.249+0200] {logging_mixin.py:151} INFO - [2026-05-29T10:34:56.248+0200] {dag.py:3696} INFO - Setting next_dagrun for example_subdag_operator to 2022-01-01T00:00:00+00:00, run_after=2022-01-01T00:00:00+00:00
[2026-05-29T10:34:56.253+0200] {logging_mixin.py:151} INFO - [2026-05-29T10:34:56.253+0200] {dag.py:3696} INFO - Setting next_dagrun for example_subdag_operator.section-1 to None, run_after=None
[2026-05-29T10:34:56.255+0200] {logging_mixin.py:151} INFO - [2026-05-29T10:34:56.255+0200] {dag.py:3696} INFO - Setting next_dagrun for example_subdag_operator.section-2 to None, run_after=None
[2026-05-29T10:34:56.261+0200] {logging_mixin.py:151} INFO - [2026-05-29T10:34:56.261+0200] {dag.py:2915} INFO - Sync 2 DAGs
[2026-05-29T10:34:56.266+0200] {logging_mixin.py:151} INFO - [2026-05-29T10:34:56.266+0200] {dag.py:3696} INFO - Setting next_dagrun for example_subdag_operator.section-1 to None, run_after=None
[2026-05-29T10:34:56.266+0200] {logging_mixin.py:151} INFO - [2026-05-29T10:34:56.266+0200] {dag.py:3696} INFO - Setting next_dagrun for example_subdag_operator.section-2 to None, run_after=None
[2026-05-29T10:34:56.281+0200] {processor.py:179} INFO - Processing /home/frederic/airflow_venv/lib/python3.10/site-packages/airflow/example_dags/example_subdag_operator.py took 0.094 seconds
[2026-05-29T10:35:47.278+0200] {processor.py:157} INFO - Started process (PID=712744) to work on /home/frederic/airflow_venv/lib/python3.10/site-packages/airflow/example_dags/example_subdag_operator.py
[2026-05-29T10:35:47.281+0200] {processor.py:829} INFO - Processing file /home/frederic/airflow_venv/lib/python3.10/site-packages/airflow/example_dags/example_subdag_operator.py for tasks to queue
[2026-05-29T10:35:47.282+0200] {logging_mixin.py:151} INFO - [2026-05-29T10:35:47.282+0200] {dagbag.py:539} INFO - Filling up the DagBag from /home/frederic/airflow_venv/lib/python3.10/site-packages/airflow/example_dags/example_subdag_operator.py
[2026-05-29T10:35:47.298+0200] {processor.py:839} INFO - DAG(s) dict_keys(['example_subdag_operator.section-1', 'example_subdag_operator.section-2', 'example_subdag_operator']) retrieved from /home/frederic/airflow_venv/lib/python3.10/site-packages/airflow/example_dags/example_subdag_operator.py
[2026-05-29T10:35:47.310+0200] {logging_mixin.py:151} INFO - [2026-05-29T10:35:47.310+0200] {dag.py:2915} INFO - Sync 3 DAGs
[2026-05-29T10:35:47.325+0200] {logging_mixin.py:151} INFO - [2026-05-29T10:35:47.325+0200] {dag.py:3696} INFO - Setting next_dagrun for example_subdag_operator to 2022-01-01T00:00:00+00:00, run_after=2022-01-01T00:00:00+00:00
[2026-05-29T10:35:47.327+0200] {logging_mixin.py:151} INFO - [2026-05-29T10:35:47.327+0200] {dag.py:3696} INFO - Setting next_dagrun for example_subdag_operator.section-1 to None, run_after=None
[2026-05-29T10:35:47.328+0200] {logging_mixin.py:151} INFO - [2026-05-29T10:35:47.328+0200] {dag.py:3696} INFO - Setting next_dagrun for example_subdag_operator.section-2 to None, run_after=None
[2026-05-29T10:35:47.333+0200] {logging_mixin.py:151} INFO - [2026-05-29T10:35:47.332+0200] {dag.py:2915} INFO - Sync 2 DAGs
[2026-05-29T10:35:47.335+0200] {logging_mixin.py:151} INFO - [2026-05-29T10:35:47.335+0200] {dag.py:3696} INFO - Setting next_dagrun for example_subdag_operator.section-1 to None, run_after=None
[2026-05-29T10:35:47.336+0200] {logging_mixin.py:151} INFO - [2026-05-29T10:35:47.336+0200] {dag.py:3696} INFO - Setting next_dagrun for example_subdag_operator.section-2 to None, run_after=None
[2026-05-29T10:35:47.346+0200] {processor.py:179} INFO - Processing /home/frederic/airflow_venv/lib/python3.10/site-packages/airflow/example_dags/example_subdag_operator.py took 0.070 seconds
[2026-05-29T10:36:30.541+0200] {processor.py:157} INFO - Started process (PID=713364) to work on /home/frederic/airflow_venv/lib/python3.10/site-packages/airflow/example_dags/example_subdag_operator.py
[2026-05-29T10:36:30.542+0200] {processor.py:829} INFO - Processing file /home/frederic/airflow_venv/lib/python3.10/site-packages/airflow/example_dags/example_subdag_operator.py for tasks to queue
[2026-05-29T10:36:30.543+0200] {logging_mixin.py:151} INFO - [2026-05-29T10:36:30.542+0200] {dagbag.py:539} INFO - Filling up the DagBag from /home/frederic/airflow_venv/lib/python3.10/site-packages/airflow/example_dags/example_subdag_operator.py
[2026-05-29T10:36:30.559+0200] {processor.py:839} INFO - DAG(s) dict_keys(['example_subdag_operator.section-1', 'example_subdag_operator.section-2', 'example_subdag_operator']) retrieved from /home/frederic/airflow_venv/lib/python3.10/site-packages/airflow/example_dags/example_subdag_operator.py
[2026-05-29T10:36:30.572+0200] {logging_mixin.py:151} INFO - [2026-05-29T10:36:30.571+0200] {dag.py:2915} INFO - Sync 3 DAGs
[2026-05-29T10:36:30.588+0200] {logging_mixin.py:151} INFO - [2026-05-29T10:36:30.588+0200] {dag.py:3696} INFO - Setting next_dagrun for example_subdag_operator to 2022-01-01T00:00:00+00:00, run_after=2022-01-01T00:00:00+00:00
[2026-05-29T10:36:30.591+0200] {logging_mixin.py:151} INFO - [2026-05-29T10:36:30.591+0200] {dag.py:3696} INFO - Setting next_dagrun for example_subdag_operator.section-1 to None, run_after=None
[2026-05-29T10:36:30.591+0200] {logging_mixin.py:151} INFO - [2026-05-29T10:36:30.591+0200] {dag.py:3696} INFO - Setting next_dagrun for example_subdag_operator.section-2 to None, run_after=None
[2026-05-29T10:36:30.596+0200] {logging_mixin.py:151} INFO - [2026-05-29T10:36:30.595+0200] {dag.py:2915} INFO - Sync 2 DAGs
[2026-05-29T10:36:30.599+0200] {logging_mixin.py:151} INFO - [2026-05-29T10:36:30.599+0200] {dag.py:3696} INFO - Setting next_dagrun for example_subdag_operator.section-1 to None, run_after=None
[2026-05-29T10:36:30.599+0200] {logging_mixin.py:151} INFO - [2026-05-29T10:36:30.599+0200] {dag.py:3696} INFO - Setting next_dagrun for example_subdag_operator.section-2 to None, run_after=None
[2026-05-29T10:36:30.609+0200] {processor.py:179} INFO - Processing /home/frederic/airflow_venv/lib/python3.10/site-packages/airflow/example_dags/example_subdag_operator.py took 0.070 seconds
[2026-05-29T10:37:19.650+0200] {processor.py:157} INFO - Started process (PID=713943) to work on /home/frederic/airflow_venv/lib/python3.10/site-packages/airflow/example_dags/example_subdag_operator.py
[2026-05-29T10:37:19.651+0200] {processor.py:829} INFO - Processing file /home/frederic/airflow_venv/lib/python3.10/site-packages/airflow/example_dags/example_subdag_operator.py for tasks to queue
[2026-05-29T10:37:19.652+0200] {logging_mixin.py:151} INFO - [2026-05-29T10:37:19.652+0200] {dagbag.py:539} INFO - Filling up the DagBag from /home/frederic/airflow_venv/lib/python3.10/site-packages/airflow/example_dags/example_subdag_operator.py
[2026-05-29T10:37:19.667+0200] {processor.py:839} INFO - DAG(s) dict_keys(['example_subdag_operator.section-1', 'example_subdag_operator.section-2', 'example_subdag_operator']) retrieved from /home/frederic/airflow_venv/lib/python3.10/site-packages/airflow/example_dags/example_subdag_operator.py
[2026-05-29T10:37:19.679+0200] {logging_mixin.py:151} INFO - [2026-05-29T10:37:19.679+0200] {dag.py:2915} INFO - Sync 3 DAGs
[2026-05-29T10:37:19.695+0200] {logging_mixin.py:151} INFO - [2026-05-29T10:37:19.695+0200] {dag.py:3696} INFO - Setting next_dagrun for example_subdag_operator to 2022-01-01T00:00:00+00:00, run_after=2022-01-01T00:00:00+00:00
[2026-05-29T10:37:19.697+0200] {logging_mixin.py:151} INFO - [2026-05-29T10:37:19.697+0200] {dag.py:3696} INFO - Setting next_dagrun for example_subdag_operator.section-1 to None, run_after=None
[2026-05-29T10:37:19.698+0200] {logging_mixin.py:151} INFO - [2026-05-29T10:37:19.697+0200] {dag.py:3696} INFO - Setting next_dagrun for example_subdag_operator.section-2 to None, run_after=None
[2026-05-29T10:37:19.702+0200] {logging_mixin.py:151} INFO - [2026-05-29T10:37:19.702+0200] {dag.py:2915} INFO - Sync 2 DAGs
[2026-05-29T10:37:19.704+0200] {logging_mixin.py:151} INFO - [2026-05-29T10:37:19.704+0200] {dag.py:3696} INFO - Setting next_dagrun for example_subdag_operator.section-1 to None, run_after=None
[2026-05-29T10:37:19.705+0200] {logging_mixin.py:151} INFO - [2026-05-29T10:37:19.704+0200] {dag.py:3696} INFO - Setting next_dagrun for example_subdag_operator.section-2 to None, run_after=None
[2026-05-29T10:37:19.714+0200] {processor.py:179} INFO - Processing /home/frederic/airflow_venv/lib/python3.10/site-packages/airflow/example_dags/example_subdag_operator.py took 0.065 seconds
[2026-05-29T10:38:04.012+0200] {processor.py:157} INFO - Started process (PID=714662) to work on /home/frederic/airflow_venv/lib/python3.10/site-packages/airflow/example_dags/example_subdag_operator.py
[2026-05-29T10:38:04.013+0200] {processor.py:829} INFO - Processing file /home/frederic/airflow_venv/lib/python3.10/site-packages/airflow/example_dags/example_subdag_operator.py for tasks to queue
[2026-05-29T10:38:04.014+0200] {logging_mixin.py:151} INFO - [2026-05-29T10:38:04.014+0200] {dagbag.py:539} INFO - Filling up the DagBag from /home/frederic/airflow_venv/lib/python3.10/site-packages/airflow/example_dags/example_subdag_operator.py
[2026-05-29T10:38:04.031+0200] {processor.py:839} INFO - DAG(s) dict_keys(['example_subdag_operator.section-1', 'example_subdag_operator.section-2', 'example_subdag_operator']) retrieved from /home/frederic/airflow_venv/lib/python3.10/site-packages/airflow/example_dags/example_subdag_operator.py
[2026-05-29T10:38:04.044+0200] {logging_mixin.py:151} INFO - [2026-05-29T10:38:04.043+0200] {dag.py:2915} INFO - Sync 3 DAGs
[2026-05-29T10:38:04.059+0200] {logging_mixin.py:151} INFO - [2026-05-29T10:38:04.058+0200] {dag.py:3696} INFO - Setting next_dagrun for example_subdag_operator to 2022-01-01T00:00:00+00:00, run_after=2022-01-01T00:00:00+00:00
[2026-05-29T10:38:04.061+0200] {logging_mixin.py:151} INFO - [2026-05-29T10:38:04.061+0200] {dag.py:3696} INFO - Setting next_dagrun for example_subdag_operator.section-1 to None, run_after=None
[2026-05-29T10:38:04.062+0200] {logging_mixin.py:151} INFO - [2026-05-29T10:38:04.061+0200] {dag.py:3696} INFO - Setting next_dagrun for example_subdag_operator.section-2 to None, run_after=None
[2026-05-29T10:38:04.066+0200] {logging_mixin.py:151} INFO - [2026-05-29T10:38:04.065+0200] {dag.py:2915} INFO - Sync 2 DAGs
[2026-05-29T10:38:04.068+0200] {logging_mixin.py:151} INFO - [2026-05-29T10:38:04.068+0200] {dag.py:3696} INFO - Setting next_dagrun for example_subdag_operator.section-1 to None, run_after=None
[2026-05-29T10:38:04.069+0200] {logging_mixin.py:151} INFO - [2026-05-29T10:38:04.068+0200] {dag.py:3696} INFO - Setting next_dagrun for example_subdag_operator.section-2 to None, run_after=None
[2026-05-29T10:38:04.078+0200] {processor.py:179} INFO - Processing /home/frederic/airflow_venv/lib/python3.10/site-packages/airflow/example_dags/example_subdag_operator.py took 0.068 seconds
[2026-05-29T10:38:50.425+0200] {processor.py:157} INFO - Started process (PID=715213) to work on /home/frederic/airflow_venv/lib/python3.10/site-packages/airflow/example_dags/example_subdag_operator.py
[2026-05-29T10:38:50.426+0200] {processor.py:829} INFO - Processing file /home/frederic/airflow_venv/lib/python3.10/site-packages/airflow/example_dags/example_subdag_operator.py for tasks to queue
[2026-05-29T10:38:50.426+0200] {logging_mixin.py:151} INFO - [2026-05-29T10:38:50.426+0200] {dagbag.py:539} INFO - Filling up the DagBag from /home/frederic/airflow_venv/lib/python3.10/site-packages/airflow/example_dags/example_subdag_operator.py
[2026-05-29T10:38:50.445+0200] {processor.py:839} INFO - DAG(s) dict_keys(['example_subdag_operator.section-1', 'example_subdag_operator.section-2', 'example_subdag_operator']) retrieved from /home/frederic/airflow_venv/lib/python3.10/site-packages/airflow/example_dags/example_subdag_operator.py
[2026-05-29T10:38:50.458+0200] {logging_mixin.py:151} INFO - [2026-05-29T10:38:50.458+0200] {dag.py:2915} INFO - Sync 3 DAGs
[2026-05-29T10:38:50.476+0200] {logging_mixin.py:151} INFO - [2026-05-29T10:38:50.476+0200] {dag.py:3696} INFO - Setting next_dagrun for example_subdag_operator to 2022-01-01T00:00:00+00:00, run_after=2022-01-01T00:00:00+00:00
[2026-05-29T10:38:50.480+0200] {logging_mixin.py:151} INFO - [2026-05-29T10:38:50.480+0200] {dag.py:3696} INFO - Setting next_dagrun for example_subdag_operator.section-1 to None, run_after=None
[2026-05-29T10:38:50.481+0200] {logging_mixin.py:151} INFO - [2026-05-29T10:38:50.481+0200] {dag.py:3696} INFO - Setting next_dagrun for example_subdag_operator.section-2 to None, run_after=None
[2026-05-29T10:38:50.486+0200] {logging_mixin.py:151} INFO - [2026-05-29T10:38:50.485+0200] {dag.py:2915} INFO - Sync 2 DAGs
[2026-05-29T10:38:50.489+0200] {logging_mixin.py:151} INFO - [2026-05-29T10:38:50.488+0200] {dag.py:3696} INFO - Setting next_dagrun for example_subdag_operator.section-1 to None, run_after=None
[2026-05-29T10:38:50.489+0200] {logging_mixin.py:151} INFO - [2026-05-29T10:38:50.489+0200] {dag.py:3696} INFO - Setting next_dagrun for example_subdag_operator.section-2 to None, run_after=None
[2026-05-29T10:38:50.498+0200] {processor.py:179} INFO - Processing /home/frederic/airflow_venv/lib/python3.10/site-packages/airflow/example_dags/example_subdag_operator.py took 0.076 seconds
[2026-05-29T10:39:35.150+0200] {processor.py:157} INFO - Started process (PID=715958) to work on /home/frederic/airflow_venv/lib/python3.10/site-packages/airflow/example_dags/example_subdag_operator.py
[2026-05-29T10:39:35.151+0200] {processor.py:829} INFO - Processing file /home/frederic/airflow_venv/lib/python3.10/site-packages/airflow/example_dags/example_subdag_operator.py for tasks to queue
[2026-05-29T10:39:35.152+0200] {logging_mixin.py:151} INFO - [2026-05-29T10:39:35.152+0200] {dagbag.py:539} INFO - Filling up the DagBag from /home/frederic/airflow_venv/lib/python3.10/site-packages/airflow/example_dags/example_subdag_operator.py
[2026-05-29T10:39:35.167+0200] {processor.py:839} INFO - DAG(s) dict_keys(['example_subdag_operator.section-1', 'example_subdag_operator.section-2', 'example_subdag_operator']) retrieved from /home/frederic/airflow_venv/lib/python3.10/site-packages/airflow/example_dags/example_subdag_operator.py
[2026-05-29T10:39:35.179+0200] {logging_mixin.py:151} INFO - [2026-05-29T10:39:35.179+0200] {dag.py:2915} INFO - Sync 3 DAGs
[2026-05-29T10:39:35.194+0200] {logging_mixin.py:151} INFO - [2026-05-29T10:39:35.193+0200] {dag.py:3696} INFO - Setting next_dagrun for example_subdag_operator to 2022-01-01T00:00:00+00:00, run_after=2022-01-01T00:00:00+00:00
[2026-05-29T10:39:35.196+0200] {logging_mixin.py:151} INFO - [2026-05-29T10:39:35.196+0200] {dag.py:3696} INFO - Setting next_dagrun for example_subdag_operator.section-1 to None, run_after=None
[2026-05-29T10:39:35.197+0200] {logging_mixin.py:151} INFO - [2026-05-29T10:39:35.196+0200] {dag.py:3696} INFO - Setting next_dagrun for example_subdag_operator.section-2 to None, run_after=None
[2026-05-29T10:39:35.202+0200] {logging_mixin.py:151} INFO - [2026-05-29T10:39:35.201+0200] {dag.py:2915} INFO - Sync 2 DAGs
[2026-05-29T10:39:35.205+0200] {logging_mixin.py:151} INFO - [2026-05-29T10:39:35.205+0200] {dag.py:3696} INFO - Setting next_dagrun for example_subdag_operator.section-1 to None, run_after=None
[2026-05-29T10:39:35.205+0200] {logging_mixin.py:151} INFO - [2026-05-29T10:39:35.205+0200] {dag.py:3696} INFO - Setting next_dagrun for example_subdag_operator.section-2 to None, run_after=None
[2026-05-29T10:39:35.214+0200] {processor.py:179} INFO - Processing /home/frederic/airflow_venv/lib/python3.10/site-packages/airflow/example_dags/example_subdag_operator.py took 0.066 seconds
[2026-05-29T10:40:18.476+0200] {processor.py:157} INFO - Started process (PID=716519) to work on /home/frederic/airflow_venv/lib/python3.10/site-packages/airflow/example_dags/example_subdag_operator.py
[2026-05-29T10:40:18.477+0200] {processor.py:829} INFO - Processing file /home/frederic/airflow_venv/lib/python3.10/site-packages/airflow/example_dags/example_subdag_operator.py for tasks to queue
[2026-05-29T10:40:18.478+0200] {logging_mixin.py:151} INFO - [2026-05-29T10:40:18.478+0200] {dagbag.py:539} INFO - Filling up the DagBag from /home/frederic/airflow_venv/lib/python3.10/site-packages/airflow/example_dags/example_subdag_operator.py
[2026-05-29T10:40:18.495+0200] {processor.py:839} INFO - DAG(s) dict_keys(['example_subdag_operator.section-1', 'example_subdag_operator.section-2', 'example_subdag_operator']) retrieved from /home/frederic/airflow_venv/lib/python3.10/site-packages/airflow/example_dags/example_subdag_operator.py
[2026-05-29T10:40:18.508+0200] {logging_mixin.py:151} INFO - [2026-05-29T10:40:18.508+0200] {dag.py:2915} INFO - Sync 3 DAGs
[2026-05-29T10:40:18.524+0200] {logging_mixin.py:151} INFO - [2026-05-29T10:40:18.524+0200] {dag.py:3696} INFO - Setting next_dagrun for example_subdag_operator to 2022-01-01T00:00:00+00:00, run_after=2022-01-01T00:00:00+00:00
[2026-05-29T10:40:18.527+0200] {logging_mixin.py:151} INFO - [2026-05-29T10:40:18.527+0200] {dag.py:3696} INFO - Setting next_dagrun for example_subdag_operator.section-1 to None, run_after=None
[2026-05-29T10:40:18.528+0200] {logging_mixin.py:151} INFO - [2026-05-29T10:40:18.528+0200] {dag.py:3696} INFO - Setting next_dagrun for example_subdag_operator.section-2 to None, run_after=None
[2026-05-29T10:40:18.533+0200] {logging_mixin.py:151} INFO - [2026-05-29T10:40:18.532+0200] {dag.py:2915} INFO - Sync 2 DAGs
[2026-05-29T10:40:18.536+0200] {logging_mixin.py:151} INFO - [2026-05-29T10:40:18.536+0200] {dag.py:3696} INFO - Setting next_dagrun for example_subdag_operator.section-1 to None, run_after=None
[2026-05-29T10:40:18.536+0200] {logging_mixin.py:151} INFO - [2026-05-29T10:40:18.536+0200] {dag.py:3696} INFO - Setting next_dagrun for example_subdag_operator.section-2 to None, run_after=None
[2026-05-29T10:40:18.550+0200] {processor.py:179} INFO - Processing /home/frederic/airflow_venv/lib/python3.10/site-packages/airflow/example_dags/example_subdag_operator.py took 0.076 seconds
[2026-05-29T10:41:04.780+0200] {processor.py:157} INFO - Started process (PID=717049) to work on /home/frederic/airflow_venv/lib/python3.10/site-packages/airflow/example_dags/example_subdag_operator.py
[2026-05-29T10:41:04.781+0200] {processor.py:829} INFO - Processing file /home/frederic/airflow_venv/lib/python3.10/site-packages/airflow/example_dags/example_subdag_operator.py for tasks to queue
[2026-05-29T10:41:04.782+0200] {logging_mixin.py:151} INFO - [2026-05-29T10:41:04.781+0200] {dagbag.py:539} INFO - Filling up the DagBag from /home/frederic/airflow_venv/lib/python3.10/site-packages/airflow/example_dags/example_subdag_operator.py
[2026-05-29T10:41:04.803+0200] {processor.py:839} INFO - DAG(s) dict_keys(['example_subdag_operator.section-1', 'example_subdag_operator.section-2', 'example_subdag_operator']) retrieved from /home/frederic/airflow_venv/lib/python3.10/site-packages/airflow/example_dags/example_subdag_operator.py
[2026-05-29T10:41:04.818+0200] {logging_mixin.py:151} INFO - [2026-05-29T10:41:04.818+0200] {dag.py:2915} INFO - Sync 3 DAGs
[2026-05-29T10:41:04.841+0200] {logging_mixin.py:151} INFO - [2026-05-29T10:41:04.841+0200] {dag.py:3696} INFO - Setting next_dagrun for example_subdag_operator to 2022-01-01T00:00:00+00:00, run_after=2022-01-01T00:00:00+00:00
[2026-05-29T10:41:04.849+0200] {logging_mixin.py:151} INFO - [2026-05-29T10:41:04.849+0200] {dag.py:3696} INFO - Setting next_dagrun for example_subdag_operator.section-1 to None, run_after=None
[2026-05-29T10:41:04.850+0200] {logging_mixin.py:151} INFO - [2026-05-29T10:41:04.850+0200] {dag.py:3696} INFO - Setting next_dagrun for example_subdag_operator.section-2 to None, run_after=None
[2026-05-29T10:41:04.855+0200] {logging_mixin.py:151} INFO - [2026-05-29T10:41:04.854+0200] {dag.py:2915} INFO - Sync 2 DAGs
[2026-05-29T10:41:04.859+0200] {logging_mixin.py:151} INFO - [2026-05-29T10:41:04.858+0200] {dag.py:3696} INFO - Setting next_dagrun for example_subdag_operator.section-1 to None, run_after=None
[2026-05-29T10:41:04.859+0200] {logging_mixin.py:151} INFO - [2026-05-29T10:41:04.859+0200] {dag.py:3696} INFO - Setting next_dagrun for example_subdag_operator.section-2 to None, run_after=None
[2026-05-29T10:41:04.873+0200] {processor.py:179} INFO - Processing /home/frederic/airflow_venv/lib/python3.10/site-packages/airflow/example_dags/example_subdag_operator.py took 0.096 seconds
[2026-05-29T10:41:52.445+0200] {processor.py:157} INFO - Started process (PID=717483) to work on /home/frederic/airflow_venv/lib/python3.10/site-packages/airflow/example_dags/example_subdag_operator.py
[2026-05-29T10:41:52.446+0200] {processor.py:829} INFO - Processing file /home/frederic/airflow_venv/lib/python3.10/site-packages/airflow/example_dags/example_subdag_operator.py for tasks to queue
[2026-05-29T10:41:52.448+0200] {logging_mixin.py:151} INFO - [2026-05-29T10:41:52.447+0200] {dagbag.py:539} INFO - Filling up the DagBag from /home/frederic/airflow_venv/lib/python3.10/site-packages/airflow/example_dags/example_subdag_operator.py
[2026-05-29T10:41:52.472+0200] {processor.py:839} INFO - DAG(s) dict_keys(['example_subdag_operator.section-1', 'example_subdag_operator.section-2', 'example_subdag_operator']) retrieved from /home/frederic/airflow_venv/lib/python3.10/site-packages/airflow/example_dags/example_subdag_operator.py
[2026-05-29T10:41:52.491+0200] {logging_mixin.py:151} INFO - [2026-05-29T10:41:52.491+0200] {dag.py:2915} INFO - Sync 3 DAGs
[2026-05-29T10:41:52.511+0200] {logging_mixin.py:151} INFO - [2026-05-29T10:41:52.510+0200] {dag.py:3696} INFO - Setting next_dagrun for example_subdag_operator to 2022-01-01T00:00:00+00:00, run_after=2022-01-01T00:00:00+00:00
[2026-05-29T10:41:52.513+0200] {logging_mixin.py:151} INFO - [2026-05-29T10:41:52.513+0200] {dag.py:3696} INFO - Setting next_dagrun for example_subdag_operator.section-1 to None, run_after=None
[2026-05-29T10:41:52.514+0200] {logging_mixin.py:151} INFO - [2026-05-29T10:41:52.514+0200] {dag.py:3696} INFO - Setting next_dagrun for example_subdag_operator.section-2 to None, run_after=None
[2026-05-29T10:41:52.520+0200] {logging_mixin.py:151} INFO - [2026-05-29T10:41:52.520+0200] {dag.py:2915} INFO - Sync 2 DAGs
[2026-05-29T10:41:52.524+0200] {logging_mixin.py:151} INFO - [2026-05-29T10:41:52.524+0200] {dag.py:3696} INFO - Setting next_dagrun for example_subdag_operator.section-1 to None, run_after=None
[2026-05-29T10:41:52.524+0200] {logging_mixin.py:151} INFO - [2026-05-29T10:41:52.524+0200] {dag.py:3696} INFO - Setting next_dagrun for example_subdag_operator.section-2 to None, run_after=None
[2026-05-29T10:41:52.536+0200] {processor.py:179} INFO - Processing /home/frederic/airflow_venv/lib/python3.10/site-packages/airflow/example_dags/example_subdag_operator.py took 0.095 seconds
[2026-05-29T10:42:41.542+0200] {processor.py:157} INFO - Started process (PID=717969) to work on /home/frederic/airflow_venv/lib/python3.10/site-packages/airflow/example_dags/example_subdag_operator.py
[2026-05-29T10:42:41.543+0200] {processor.py:829} INFO - Processing file /home/frederic/airflow_venv/lib/python3.10/site-packages/airflow/example_dags/example_subdag_operator.py for tasks to queue
[2026-05-29T10:42:41.544+0200] {logging_mixin.py:151} INFO - [2026-05-29T10:42:41.543+0200] {dagbag.py:539} INFO - Filling up the DagBag from /home/frederic/airflow_venv/lib/python3.10/site-packages/airflow/example_dags/example_subdag_operator.py
[2026-05-29T10:42:41.560+0200] {processor.py:839} INFO - DAG(s) dict_keys(['example_subdag_operator.section-1', 'example_subdag_operator.section-2', 'example_subdag_operator']) retrieved from /home/frederic/airflow_venv/lib/python3.10/site-packages/airflow/example_dags/example_subdag_operator.py
[2026-05-29T10:42:41.572+0200] {logging_mixin.py:151} INFO - [2026-05-29T10:42:41.572+0200] {dag.py:2915} INFO - Sync 3 DAGs
[2026-05-29T10:42:41.588+0200] {logging_mixin.py:151} INFO - [2026-05-29T10:42:41.588+0200] {dag.py:3696} INFO - Setting next_dagrun for example_subdag_operator to 2022-01-01T00:00:00+00:00, run_after=2022-01-01T00:00:00+00:00
[2026-05-29T10:42:41.590+0200] {logging_mixin.py:151} INFO - [2026-05-29T10:42:41.590+0200] {dag.py:3696} INFO - Setting next_dagrun for example_subdag_operator.section-1 to None, run_after=None
[2026-05-29T10:42:41.591+0200] {logging_mixin.py:151} INFO - [2026-05-29T10:42:41.590+0200] {dag.py:3696} INFO - Setting next_dagrun for example_subdag_operator.section-2 to None, run_after=None
[2026-05-29T10:42:41.595+0200] {logging_mixin.py:151} INFO - [2026-05-29T10:42:41.594+0200] {dag.py:2915} INFO - Sync 2 DAGs
[2026-05-29T10:42:41.598+0200] {logging_mixin.py:151} INFO - [2026-05-29T10:42:41.598+0200] {dag.py:3696} INFO - Setting next_dagrun for example_subdag_operator.section-1 to None, run_after=None
[2026-05-29T10:42:41.599+0200] {logging_mixin.py:151} INFO - [2026-05-29T10:42:41.599+0200] {dag.py:3696} INFO - Setting next_dagrun for example_subdag_operator.section-2 to None, run_after=None
[2026-05-29T10:42:41.609+0200] {processor.py:179} INFO - Processing /home/frederic/airflow_venv/lib/python3.10/site-packages/airflow/example_dags/example_subdag_operator.py took 0.069 seconds
[2026-05-29T10:43:25.173+0200] {processor.py:157} INFO - Started process (PID=718525) to work on /home/frederic/airflow_venv/lib/python3.10/site-packages/airflow/example_dags/example_subdag_operator.py
[2026-05-29T10:43:25.175+0200] {processor.py:829} INFO - Processing file /home/frederic/airflow_venv/lib/python3.10/site-packages/airflow/example_dags/example_subdag_operator.py for tasks to queue
[2026-05-29T10:43:25.175+0200] {logging_mixin.py:151} INFO - [2026-05-29T10:43:25.175+0200] {dagbag.py:539} INFO - Filling up the DagBag from /home/frederic/airflow_venv/lib/python3.10/site-packages/airflow/example_dags/example_subdag_operator.py
[2026-05-29T10:43:25.192+0200] {processor.py:839} INFO - DAG(s) dict_keys(['example_subdag_operator.section-1', 'example_subdag_operator.section-2', 'example_subdag_operator']) retrieved from /home/frederic/airflow_venv/lib/python3.10/site-packages/airflow/example_dags/example_subdag_operator.py
[2026-05-29T10:43:25.209+0200] {logging_mixin.py:151} INFO - [2026-05-29T10:43:25.209+0200] {dag.py:2915} INFO - Sync 3 DAGs
[2026-05-29T10:43:25.225+0200] {logging_mixin.py:151} INFO - [2026-05-29T10:43:25.224+0200] {dag.py:3696} INFO - Setting next_dagrun for example_subdag_operator to 2022-01-01T00:00:00+00:00, run_after=2022-01-01T00:00:00+00:00
[2026-05-29T10:43:25.227+0200] {logging_mixin.py:151} INFO - [2026-05-29T10:43:25.227+0200] {dag.py:3696} INFO - Setting next_dagrun for example_subdag_operator.section-1 to None, run_after=None
[2026-05-29T10:43:25.228+0200] {logging_mixin.py:151} INFO - [2026-05-29T10:43:25.228+0200] {dag.py:3696} INFO - Setting next_dagrun for example_subdag_operator.section-2 to None, run_after=None
[2026-05-29T10:43:25.232+0200] {logging_mixin.py:151} INFO - [2026-05-29T10:43:25.232+0200] {dag.py:2915} INFO - Sync 2 DAGs
[2026-05-29T10:43:25.237+0200] {logging_mixin.py:151} INFO - [2026-05-29T10:43:25.236+0200] {dag.py:3696} INFO - Setting next_dagrun for example_subdag_operator.section-1 to None, run_after=None
[2026-05-29T10:43:25.237+0200] {logging_mixin.py:151} INFO - [2026-05-29T10:43:25.237+0200] {dag.py:3696} INFO - Setting next_dagrun for example_subdag_operator.section-2 to None, run_after=None
[2026-05-29T10:43:25.248+0200] {processor.py:179} INFO - Processing /home/frederic/airflow_venv/lib/python3.10/site-packages/airflow/example_dags/example_subdag_operator.py took 0.077 seconds
[2026-05-29T10:44:12.561+0200] {processor.py:157} INFO - Started process (PID=719003) to work on /home/frederic/airflow_venv/lib/python3.10/site-packages/airflow/example_dags/example_subdag_operator.py
[2026-05-29T10:44:12.562+0200] {processor.py:829} INFO - Processing file /home/frederic/airflow_venv/lib/python3.10/site-packages/airflow/example_dags/example_subdag_operator.py for tasks to queue
[2026-05-29T10:44:12.562+0200] {logging_mixin.py:151} INFO - [2026-05-29T10:44:12.562+0200] {dagbag.py:539} INFO - Filling up the DagBag from /home/frederic/airflow_venv/lib/python3.10/site-packages/airflow/example_dags/example_subdag_operator.py
[2026-05-29T10:44:12.580+0200] {processor.py:839} INFO - DAG(s) dict_keys(['example_subdag_operator.section-1', 'example_subdag_operator.section-2', 'example_subdag_operator']) retrieved from /home/frederic/airflow_venv/lib/python3.10/site-packages/airflow/example_dags/example_subdag_operator.py
[2026-05-29T10:44:12.595+0200] {logging_mixin.py:151} INFO - [2026-05-29T10:44:12.595+0200] {dag.py:2915} INFO - Sync 3 DAGs
[2026-05-29T10:44:12.610+0200] {logging_mixin.py:151} INFO - [2026-05-29T10:44:12.610+0200] {dag.py:3696} INFO - Setting next_dagrun for example_subdag_operator to 2022-01-01T00:00:00+00:00, run_after=2022-01-01T00:00:00+00:00
[2026-05-29T10:44:12.612+0200] {logging_mixin.py:151} INFO - [2026-05-29T10:44:12.612+0200] {dag.py:3696} INFO - Setting next_dagrun for example_subdag_operator.section-1 to None, run_after=None
[2026-05-29T10:44:12.613+0200] {logging_mixin.py:151} INFO - [2026-05-29T10:44:12.613+0200] {dag.py:3696} INFO - Setting next_dagrun for example_subdag_operator.section-2 to None, run_after=None
[2026-05-29T10:44:12.618+0200] {logging_mixin.py:151} INFO - [2026-05-29T10:44:12.618+0200] {dag.py:2915} INFO - Sync 2 DAGs
[2026-05-29T10:44:12.622+0200] {logging_mixin.py:151} INFO - [2026-05-29T10:44:12.622+0200] {dag.py:3696} INFO - Setting next_dagrun for example_subdag_operator.section-1 to None, run_after=None
[2026-05-29T10:44:12.622+0200] {logging_mixin.py:151} INFO - [2026-05-29T10:44:12.622+0200] {dag.py:3696} INFO - Setting next_dagrun for example_subdag_operator.section-2 to None, run_after=None
[2026-05-29T10:44:12.632+0200] {processor.py:179} INFO - Processing /home/frederic/airflow_venv/lib/python3.10/site-packages/airflow/example_dags/example_subdag_operator.py took 0.073 seconds
[2026-05-29T10:45:00.708+0200] {processor.py:157} INFO - Started process (PID=719763) to work on /home/frederic/airflow_venv/lib/python3.10/site-packages/airflow/example_dags/example_subdag_operator.py
[2026-05-29T10:45:00.709+0200] {processor.py:829} INFO - Processing file /home/frederic/airflow_venv/lib/python3.10/site-packages/airflow/example_dags/example_subdag_operator.py for tasks to queue
[2026-05-29T10:45:00.709+0200] {logging_mixin.py:151} INFO - [2026-05-29T10:45:00.709+0200] {dagbag.py:539} INFO - Filling up the DagBag from /home/frederic/airflow_venv/lib/python3.10/site-packages/airflow/example_dags/example_subdag_operator.py
[2026-05-29T10:45:00.734+0200] {processor.py:839} INFO - DAG(s) dict_keys(['example_subdag_operator.section-1', 'example_subdag_operator.section-2', 'example_subdag_operator']) retrieved from /home/frederic/airflow_venv/lib/python3.10/site-packages/airflow/example_dags/example_subdag_operator.py
[2026-05-29T10:45:00.753+0200] {logging_mixin.py:151} INFO - [2026-05-29T10:45:00.752+0200] {dag.py:2915} INFO - Sync 3 DAGs
[2026-05-29T10:45:00.770+0200] {logging_mixin.py:151} INFO - [2026-05-29T10:45:00.770+0200] {dag.py:3696} INFO - Setting next_dagrun for example_subdag_operator to 2022-01-01T00:00:00+00:00, run_after=2022-01-01T00:00:00+00:00
[2026-05-29T10:45:00.773+0200] {logging_mixin.py:151} INFO - [2026-05-29T10:45:00.773+0200] {dag.py:3696} INFO - Setting next_dagrun for example_subdag_operator.section-1 to None, run_after=None
[2026-05-29T10:45:00.773+0200] {logging_mixin.py:151} INFO - [2026-05-29T10:45:00.773+0200] {dag.py:3696} INFO - Setting next_dagrun for example_subdag_operator.section-2 to None, run_after=None
[2026-05-29T10:45:00.778+0200] {logging_mixin.py:151} INFO - [2026-05-29T10:45:00.777+0200] {dag.py:2915} INFO - Sync 2 DAGs
[2026-05-29T10:45:00.781+0200] {logging_mixin.py:151} INFO - [2026-05-29T10:45:00.781+0200] {dag.py:3696} INFO - Setting next_dagrun for example_subdag_operator.section-1 to None, run_after=None
[2026-05-29T10:45:00.781+0200] {logging_mixin.py:151} INFO - [2026-05-29T10:45:00.781+0200] {dag.py:3696} INFO - Setting next_dagrun for example_subdag_operator.section-2 to None, run_after=None
[2026-05-29T10:45:00.794+0200] {processor.py:179} INFO - Processing /home/frederic/airflow_venv/lib/python3.10/site-packages/airflow/example_dags/example_subdag_operator.py took 0.089 seconds
[2026-05-29T10:45:47.590+0200] {processor.py:157} INFO - Started process (PID=720274) to work on /home/frederic/airflow_venv/lib/python3.10/site-packages/airflow/example_dags/example_subdag_operator.py
[2026-05-29T10:45:47.591+0200] {processor.py:829} INFO - Processing file /home/frederic/airflow_venv/lib/python3.10/site-packages/airflow/example_dags/example_subdag_operator.py for tasks to queue
[2026-05-29T10:45:47.591+0200] {logging_mixin.py:151} INFO - [2026-05-29T10:45:47.591+0200] {dagbag.py:539} INFO - Filling up the DagBag from /home/frederic/airflow_venv/lib/python3.10/site-packages/airflow/example_dags/example_subdag_operator.py
[2026-05-29T10:45:47.608+0200] {processor.py:839} INFO - DAG(s) dict_keys(['example_subdag_operator.section-1', 'example_subdag_operator.section-2', 'example_subdag_operator']) retrieved from /home/frederic/airflow_venv/lib/python3.10/site-packages/airflow/example_dags/example_subdag_operator.py
[2026-05-29T10:45:47.624+0200] {logging_mixin.py:151} INFO - [2026-05-29T10:45:47.624+0200] {dag.py:2915} INFO - Sync 3 DAGs
[2026-05-29T10:45:47.648+0200] {logging_mixin.py:151} INFO - [2026-05-29T10:45:47.647+0200] {dag.py:3696} INFO - Setting next_dagrun for example_subdag_operator to 2022-01-01T00:00:00+00:00, run_after=2022-01-01T00:00:00+00:00
[2026-05-29T10:45:47.652+0200] {logging_mixin.py:151} INFO - [2026-05-29T10:45:47.652+0200] {dag.py:3696} INFO - Setting next_dagrun for example_subdag_operator.section-1 to None, run_after=None
[2026-05-29T10:45:47.653+0200] {logging_mixin.py:151} INFO - [2026-05-29T10:45:47.653+0200] {dag.py:3696} INFO - Setting next_dagrun for example_subdag_operator.section-2 to None, run_after=None
[2026-05-29T10:45:47.658+0200] {logging_mixin.py:151} INFO - [2026-05-29T10:45:47.658+0200] {dag.py:2915} INFO - Sync 2 DAGs
[2026-05-29T10:45:47.661+0200] {logging_mixin.py:151} INFO - [2026-05-29T10:45:47.661+0200] {dag.py:3696} INFO - Setting next_dagrun for example_subdag_operator.section-1 to None, run_after=None
[2026-05-29T10:45:47.661+0200] {logging_mixin.py:151} INFO - [2026-05-29T10:45:47.661+0200] {dag.py:3696} INFO - Setting next_dagrun for example_subdag_operator.section-2 to None, run_after=None
[2026-05-29T10:45:47.672+0200] {processor.py:179} INFO - Processing /home/frederic/airflow_venv/lib/python3.10/site-packages/airflow/example_dags/example_subdag_operator.py took 0.084 seconds
[2026-05-29T10:46:33.834+0200] {processor.py:157} INFO - Started process (PID=720793) to work on /home/frederic/airflow_venv/lib/python3.10/site-packages/airflow/example_dags/example_subdag_operator.py
[2026-05-29T10:46:33.835+0200] {processor.py:829} INFO - Processing file /home/frederic/airflow_venv/lib/python3.10/site-packages/airflow/example_dags/example_subdag_operator.py for tasks to queue
[2026-05-29T10:46:33.836+0200] {logging_mixin.py:151} INFO - [2026-05-29T10:46:33.836+0200] {dagbag.py:539} INFO - Filling up the DagBag from /home/frederic/airflow_venv/lib/python3.10/site-packages/airflow/example_dags/example_subdag_operator.py
[2026-05-29T10:46:33.851+0200] {processor.py:839} INFO - DAG(s) dict_keys(['example_subdag_operator.section-1', 'example_subdag_operator.section-2', 'example_subdag_operator']) retrieved from /home/frederic/airflow_venv/lib/python3.10/site-packages/airflow/example_dags/example_subdag_operator.py
[2026-05-29T10:46:33.863+0200] {logging_mixin.py:151} INFO - [2026-05-29T10:46:33.862+0200] {dag.py:2915} INFO - Sync 3 DAGs
[2026-05-29T10:46:33.877+0200] {logging_mixin.py:151} INFO - [2026-05-29T10:46:33.877+0200] {dag.py:3696} INFO - Setting next_dagrun for example_subdag_operator to 2022-01-01T00:00:00+00:00, run_after=2022-01-01T00:00:00+00:00
[2026-05-29T10:46:33.880+0200] {logging_mixin.py:151} INFO - [2026-05-29T10:46:33.879+0200] {dag.py:3696} INFO - Setting next_dagrun for example_subdag_operator.section-1 to None, run_after=None
[2026-05-29T10:46:33.880+0200] {logging_mixin.py:151} INFO - [2026-05-29T10:46:33.880+0200] {dag.py:3696} INFO - Setting next_dagrun for example_subdag_operator.section-2 to None, run_after=None
[2026-05-29T10:46:33.884+0200] {logging_mixin.py:151} INFO - [2026-05-29T10:46:33.884+0200] {dag.py:2915} INFO - Sync 2 DAGs
[2026-05-29T10:46:33.887+0200] {logging_mixin.py:151} INFO - [2026-05-29T10:46:33.887+0200] {dag.py:3696} INFO - Setting next_dagrun for example_subdag_operator.section-1 to None, run_after=None
[2026-05-29T10:46:33.887+0200] {logging_mixin.py:151} INFO - [2026-05-29T10:46:33.887+0200] {dag.py:3696} INFO - Setting next_dagrun for example_subdag_operator.section-2 to None, run_after=None
[2026-05-29T10:46:33.897+0200] {processor.py:179} INFO - Processing /home/frederic/airflow_venv/lib/python3.10/site-packages/airflow/example_dags/example_subdag_operator.py took 0.065 seconds
[2026-05-29T10:47:25.852+0200] {processor.py:157} INFO - Started process (PID=721875) to work on /home/frederic/airflow_venv/lib/python3.10/site-packages/airflow/example_dags/example_subdag_operator.py
[2026-05-29T10:47:25.854+0200] {processor.py:829} INFO - Processing file /home/frederic/airflow_venv/lib/python3.10/site-packages/airflow/example_dags/example_subdag_operator.py for tasks to queue
[2026-05-29T10:47:25.854+0200] {logging_mixin.py:151} INFO - [2026-05-29T10:47:25.854+0200] {dagbag.py:539} INFO - Filling up the DagBag from /home/frederic/airflow_venv/lib/python3.10/site-packages/airflow/example_dags/example_subdag_operator.py
[2026-05-29T10:47:25.872+0200] {processor.py:839} INFO - DAG(s) dict_keys(['example_subdag_operator.section-1', 'example_subdag_operator.section-2', 'example_subdag_operator']) retrieved from /home/frederic/airflow_venv/lib/python3.10/site-packages/airflow/example_dags/example_subdag_operator.py
[2026-05-29T10:47:25.885+0200] {logging_mixin.py:151} INFO - [2026-05-29T10:47:25.885+0200] {dag.py:2915} INFO - Sync 3 DAGs
[2026-05-29T10:47:25.900+0200] {logging_mixin.py:151} INFO - [2026-05-29T10:47:25.900+0200] {dag.py:3696} INFO - Setting next_dagrun for example_subdag_operator to 2022-01-01T00:00:00+00:00, run_after=2022-01-01T00:00:00+00:00
[2026-05-29T10:47:25.903+0200] {logging_mixin.py:151} INFO - [2026-05-29T10:47:25.903+0200] {dag.py:3696} INFO - Setting next_dagrun for example_subdag_operator.section-1 to None, run_after=None
[2026-05-29T10:47:25.904+0200] {logging_mixin.py:151} INFO - [2026-05-29T10:47:25.904+0200] {dag.py:3696} INFO - Setting next_dagrun for example_subdag_operator.section-2 to None, run_after=None
[2026-05-29T10:47:25.909+0200] {logging_mixin.py:151} INFO - [2026-05-29T10:47:25.908+0200] {dag.py:2915} INFO - Sync 2 DAGs
[2026-05-29T10:47:25.911+0200] {logging_mixin.py:151} INFO - [2026-05-29T10:47:25.911+0200] {dag.py:3696} INFO - Setting next_dagrun for example_subdag_operator.section-1 to None, run_after=None
[2026-05-29T10:47:25.912+0200] {logging_mixin.py:151} INFO - [2026-05-29T10:47:25.912+0200] {dag.py:3696} INFO - Setting next_dagrun for example_subdag_operator.section-2 to None, run_after=None
[2026-05-29T10:47:25.921+0200] {processor.py:179} INFO - Processing /home/frederic/airflow_venv/lib/python3.10/site-packages/airflow/example_dags/example_subdag_operator.py took 0.071 seconds
[2026-05-29T10:48:10.743+0200] {processor.py:157} INFO - Started process (PID=722404) to work on /home/frederic/airflow_venv/lib/python3.10/site-packages/airflow/example_dags/example_subdag_operator.py
[2026-05-29T10:48:10.744+0200] {processor.py:829} INFO - Processing file /home/frederic/airflow_venv/lib/python3.10/site-packages/airflow/example_dags/example_subdag_operator.py for tasks to queue
[2026-05-29T10:48:10.745+0200] {logging_mixin.py:151} INFO - [2026-05-29T10:48:10.745+0200] {dagbag.py:539} INFO - Filling up the DagBag from /home/frederic/airflow_venv/lib/python3.10/site-packages/airflow/example_dags/example_subdag_operator.py
[2026-05-29T10:48:10.760+0200] {processor.py:839} INFO - DAG(s) dict_keys(['example_subdag_operator.section-1', 'example_subdag_operator.section-2', 'example_subdag_operator']) retrieved from /home/frederic/airflow_venv/lib/python3.10/site-packages/airflow/example_dags/example_subdag_operator.py
[2026-05-29T10:48:10.772+0200] {logging_mixin.py:151} INFO - [2026-05-29T10:48:10.772+0200] {dag.py:2915} INFO - Sync 3 DAGs
[2026-05-29T10:48:10.790+0200] {logging_mixin.py:151} INFO - [2026-05-29T10:48:10.790+0200] {dag.py:3696} INFO - Setting next_dagrun for example_subdag_operator to 2022-01-01T00:00:00+00:00, run_after=2022-01-01T00:00:00+00:00
[2026-05-29T10:48:10.792+0200] {logging_mixin.py:151} INFO - [2026-05-29T10:48:10.792+0200] {dag.py:3696} INFO - Setting next_dagrun for example_subdag_operator.section-1 to None, run_after=None
[2026-05-29T10:48:10.793+0200] {logging_mixin.py:151} INFO - [2026-05-29T10:48:10.793+0200] {dag.py:3696} INFO - Setting next_dagrun for example_subdag_operator.section-2 to None, run_after=None
[2026-05-29T10:48:10.797+0200] {logging_mixin.py:151} INFO - [2026-05-29T10:48:10.796+0200] {dag.py:2915} INFO - Sync 2 DAGs
[2026-05-29T10:48:10.799+0200] {logging_mixin.py:151} INFO - [2026-05-29T10:48:10.799+0200] {dag.py:3696} INFO - Setting next_dagrun for example_subdag_operator.section-1 to None, run_after=None
[2026-05-29T10:48:10.800+0200] {logging_mixin.py:151} INFO - [2026-05-29T10:48:10.800+0200] {dag.py:3696} INFO - Setting next_dagrun for example_subdag_operator.section-2 to None, run_after=None
[2026-05-29T10:48:10.813+0200] {processor.py:179} INFO - Processing /home/frederic/airflow_venv/lib/python3.10/site-packages/airflow/example_dags/example_subdag_operator.py took 0.072 seconds
[2026-05-29T10:48:51.290+0200] {processor.py:157} INFO - Started process (PID=722793) to work on /home/frederic/airflow_venv/lib/python3.10/site-packages/airflow/example_dags/example_subdag_operator.py
[2026-05-29T10:48:51.291+0200] {processor.py:829} INFO - Processing file /home/frederic/airflow_venv/lib/python3.10/site-packages/airflow/example_dags/example_subdag_operator.py for tasks to queue
[2026-05-29T10:48:51.292+0200] {logging_mixin.py:151} INFO - [2026-05-29T10:48:51.292+0200] {dagbag.py:539} INFO - Filling up the DagBag from /home/frederic/airflow_venv/lib/python3.10/site-packages/airflow/example_dags/example_subdag_operator.py
[2026-05-29T10:48:51.316+0200] {processor.py:839} INFO - DAG(s) dict_keys(['example_subdag_operator.section-1', 'example_subdag_operator.section-2', 'example_subdag_operator']) retrieved from /home/frederic/airflow_venv/lib/python3.10/site-packages/airflow/example_dags/example_subdag_operator.py
[2026-05-29T10:48:51.330+0200] {logging_mixin.py:151} INFO - [2026-05-29T10:48:51.330+0200] {dag.py:2915} INFO - Sync 3 DAGs
[2026-05-29T10:48:51.346+0200] {logging_mixin.py:151} INFO - [2026-05-29T10:48:51.346+0200] {dag.py:3696} INFO - Setting next_dagrun for example_subdag_operator to 2022-01-01T00:00:00+00:00, run_after=2022-01-01T00:00:00+00:00
[2026-05-29T10:48:51.349+0200] {logging_mixin.py:151} INFO - [2026-05-29T10:48:51.349+0200] {dag.py:3696} INFO - Setting next_dagrun for example_subdag_operator.section-1 to None, run_after=None
[2026-05-29T10:48:51.349+0200] {logging_mixin.py:151} INFO - [2026-05-29T10:48:51.349+0200] {dag.py:3696} INFO - Setting next_dagrun for example_subdag_operator.section-2 to None, run_after=None
[2026-05-29T10:48:51.353+0200] {logging_mixin.py:151} INFO - [2026-05-29T10:48:51.353+0200] {dag.py:2915} INFO - Sync 2 DAGs
[2026-05-29T10:48:51.358+0200] {logging_mixin.py:151} INFO - [2026-05-29T10:48:51.358+0200] {dag.py:3696} INFO - Setting next_dagrun for example_subdag_operator.section-1 to None, run_after=None
[2026-05-29T10:48:51.358+0200] {logging_mixin.py:151} INFO - [2026-05-29T10:48:51.358+0200] {dag.py:3696} INFO - Setting next_dagrun for example_subdag_operator.section-2 to None, run_after=None
[2026-05-29T10:48:51.369+0200] {processor.py:179} INFO - Processing /home/frederic/airflow_venv/lib/python3.10/site-packages/airflow/example_dags/example_subdag_operator.py took 0.082 seconds
[2026-05-29T10:49:40.923+0200] {processor.py:157} INFO - Started process (PID=723322) to work on /home/frederic/airflow_venv/lib/python3.10/site-packages/airflow/example_dags/example_subdag_operator.py
[2026-05-29T10:49:40.924+0200] {processor.py:829} INFO - Processing file /home/frederic/airflow_venv/lib/python3.10/site-packages/airflow/example_dags/example_subdag_operator.py for tasks to queue
[2026-05-29T10:49:40.924+0200] {logging_mixin.py:151} INFO - [2026-05-29T10:49:40.924+0200] {dagbag.py:539} INFO - Filling up the DagBag from /home/frederic/airflow_venv/lib/python3.10/site-packages/airflow/example_dags/example_subdag_operator.py
[2026-05-29T10:49:40.948+0200] {processor.py:839} INFO - DAG(s) dict_keys(['example_subdag_operator.section-1', 'example_subdag_operator.section-2', 'example_subdag_operator']) retrieved from /home/frederic/airflow_venv/lib/python3.10/site-packages/airflow/example_dags/example_subdag_operator.py
[2026-05-29T10:49:40.966+0200] {logging_mixin.py:151} INFO - [2026-05-29T10:49:40.965+0200] {dag.py:2915} INFO - Sync 3 DAGs
[2026-05-29T10:49:40.989+0200] {logging_mixin.py:151} INFO - [2026-05-29T10:49:40.989+0200] {dag.py:3696} INFO - Setting next_dagrun for example_subdag_operator to 2022-01-01T00:00:00+00:00, run_after=2022-01-01T00:00:00+00:00
[2026-05-29T10:49:40.992+0200] {logging_mixin.py:151} INFO - [2026-05-29T10:49:40.992+0200] {dag.py:3696} INFO - Setting next_dagrun for example_subdag_operator.section-1 to None, run_after=None
[2026-05-29T10:49:40.992+0200] {logging_mixin.py:151} INFO - [2026-05-29T10:49:40.992+0200] {dag.py:3696} INFO - Setting next_dagrun for example_subdag_operator.section-2 to None, run_after=None
[2026-05-29T10:49:41.000+0200] {logging_mixin.py:151} INFO - [2026-05-29T10:49:40.999+0200] {dag.py:2915} INFO - Sync 2 DAGs
[2026-05-29T10:49:41.003+0200] {logging_mixin.py:151} INFO - [2026-05-29T10:49:41.003+0200] {dag.py:3696} INFO - Setting next_dagrun for example_subdag_operator.section-1 to None, run_after=None
[2026-05-29T10:49:41.003+0200] {logging_mixin.py:151} INFO - [2026-05-29T10:49:41.003+0200] {dag.py:3696} INFO - Setting next_dagrun for example_subdag_operator.section-2 to None, run_after=None
[2026-05-29T10:49:41.017+0200] {processor.py:179} INFO - Processing /home/frederic/airflow_venv/lib/python3.10/site-packages/airflow/example_dags/example_subdag_operator.py took 0.097 seconds
[2026-05-29T10:50:28.274+0200] {processor.py:157} INFO - Started process (PID=723837) to work on /home/frederic/airflow_venv/lib/python3.10/site-packages/airflow/example_dags/example_subdag_operator.py
[2026-05-29T10:50:28.275+0200] {processor.py:829} INFO - Processing file /home/frederic/airflow_venv/lib/python3.10/site-packages/airflow/example_dags/example_subdag_operator.py for tasks to queue
[2026-05-29T10:50:28.275+0200] {logging_mixin.py:151} INFO - [2026-05-29T10:50:28.275+0200] {dagbag.py:539} INFO - Filling up the DagBag from /home/frederic/airflow_venv/lib/python3.10/site-packages/airflow/example_dags/example_subdag_operator.py
[2026-05-29T10:50:28.294+0200] {processor.py:839} INFO - DAG(s) dict_keys(['example_subdag_operator.section-1', 'example_subdag_operator.section-2', 'example_subdag_operator']) retrieved from /home/frederic/airflow_venv/lib/python3.10/site-packages/airflow/example_dags/example_subdag_operator.py
[2026-05-29T10:50:28.307+0200] {logging_mixin.py:151} INFO - [2026-05-29T10:50:28.307+0200] {dag.py:2915} INFO - Sync 3 DAGs
[2026-05-29T10:50:28.326+0200] {logging_mixin.py:151} INFO - [2026-05-29T10:50:28.326+0200] {dag.py:3696} INFO - Setting next_dagrun for example_subdag_operator to 2022-01-01T00:00:00+00:00, run_after=2022-01-01T00:00:00+00:00
[2026-05-29T10:50:28.328+0200] {logging_mixin.py:151} INFO - [2026-05-29T10:50:28.328+0200] {dag.py:3696} INFO - Setting next_dagrun for example_subdag_operator.section-1 to None, run_after=None
[2026-05-29T10:50:28.329+0200] {logging_mixin.py:151} INFO - [2026-05-29T10:50:28.329+0200] {dag.py:3696} INFO - Setting next_dagrun for example_subdag_operator.section-2 to None, run_after=None
[2026-05-29T10:50:28.333+0200] {logging_mixin.py:151} INFO - [2026-05-29T10:50:28.333+0200] {dag.py:2915} INFO - Sync 2 DAGs
[2026-05-29T10:50:28.336+0200] {logging_mixin.py:151} INFO - [2026-05-29T10:50:28.336+0200] {dag.py:3696} INFO - Setting next_dagrun for example_subdag_operator.section-1 to None, run_after=None
[2026-05-29T10:50:28.336+0200] {logging_mixin.py:151} INFO - [2026-05-29T10:50:28.336+0200] {dag.py:3696} INFO - Setting next_dagrun for example_subdag_operator.section-2 to None, run_after=None
[2026-05-29T10:50:28.346+0200] {processor.py:179} INFO - Processing /home/frederic/airflow_venv/lib/python3.10/site-packages/airflow/example_dags/example_subdag_operator.py took 0.075 seconds
[2026-05-29T10:51:14.831+0200] {processor.py:157} INFO - Started process (PID=724293) to work on /home/frederic/airflow_venv/lib/python3.10/site-packages/airflow/example_dags/example_subdag_operator.py
[2026-05-29T10:51:14.832+0200] {processor.py:829} INFO - Processing file /home/frederic/airflow_venv/lib/python3.10/site-packages/airflow/example_dags/example_subdag_operator.py for tasks to queue
[2026-05-29T10:51:14.833+0200] {logging_mixin.py:151} INFO - [2026-05-29T10:51:14.832+0200] {dagbag.py:539} INFO - Filling up the DagBag from /home/frederic/airflow_venv/lib/python3.10/site-packages/airflow/example_dags/example_subdag_operator.py
[2026-05-29T10:51:14.851+0200] {processor.py:839} INFO - DAG(s) dict_keys(['example_subdag_operator.section-1', 'example_subdag_operator.section-2', 'example_subdag_operator']) retrieved from /home/frederic/airflow_venv/lib/python3.10/site-packages/airflow/example_dags/example_subdag_operator.py
[2026-05-29T10:51:14.865+0200] {logging_mixin.py:151} INFO - [2026-05-29T10:51:14.864+0200] {dag.py:2915} INFO - Sync 3 DAGs
[2026-05-29T10:51:14.881+0200] {logging_mixin.py:151} INFO - [2026-05-29T10:51:14.881+0200] {dag.py:3696} INFO - Setting next_dagrun for example_subdag_operator to 2022-01-01T00:00:00+00:00, run_after=2022-01-01T00:00:00+00:00
[2026-05-29T10:51:14.883+0200] {logging_mixin.py:151} INFO - [2026-05-29T10:51:14.883+0200] {dag.py:3696} INFO - Setting next_dagrun for example_subdag_operator.section-1 to None, run_after=None
[2026-05-29T10:51:14.884+0200] {logging_mixin.py:151} INFO - [2026-05-29T10:51:14.884+0200] {dag.py:3696} INFO - Setting next_dagrun for example_subdag_operator.section-2 to None, run_after=None
[2026-05-29T10:51:14.888+0200] {logging_mixin.py:151} INFO - [2026-05-29T10:51:14.888+0200] {dag.py:2915} INFO - Sync 2 DAGs
[2026-05-29T10:51:14.891+0200] {logging_mixin.py:151} INFO - [2026-05-29T10:51:14.891+0200] {dag.py:3696} INFO - Setting next_dagrun for example_subdag_operator.section-1 to None, run_after=None
[2026-05-29T10:51:14.891+0200] {logging_mixin.py:151} INFO - [2026-05-29T10:51:14.891+0200] {dag.py:3696} INFO - Setting next_dagrun for example_subdag_operator.section-2 to None, run_after=None
[2026-05-29T10:51:14.902+0200] {processor.py:179} INFO - Processing /home/frederic/airflow_venv/lib/python3.10/site-packages/airflow/example_dags/example_subdag_operator.py took 0.074 seconds
