[2026-05-29T02:00:27.034+0200] {processor.py:157} INFO - Started process (PID=633898) to work on /home/frederic/airflow_venv/lib/python3.10/site-packages/airflow/example_dags/example_short_circuit_operator.py
[2026-05-29T02:00:27.035+0200] {processor.py:829} INFO - Processing file /home/frederic/airflow_venv/lib/python3.10/site-packages/airflow/example_dags/example_short_circuit_operator.py for tasks to queue
[2026-05-29T02:00:27.036+0200] {logging_mixin.py:151} INFO - [2026-05-29T02:00:27.035+0200] {dagbag.py:539} INFO - Filling up the DagBag from /home/frederic/airflow_venv/lib/python3.10/site-packages/airflow/example_dags/example_short_circuit_operator.py
[2026-05-29T02:00:27.044+0200] {processor.py:839} INFO - DAG(s) dict_keys(['example_short_circuit_operator']) retrieved from /home/frederic/airflow_venv/lib/python3.10/site-packages/airflow/example_dags/example_short_circuit_operator.py
[2026-05-29T02:00:27.065+0200] {logging_mixin.py:151} INFO - [2026-05-29T02:00:27.064+0200] {dag.py:2915} INFO - Sync 1 DAGs
[2026-05-29T02:00:27.095+0200] {logging_mixin.py:151} INFO - [2026-05-29T02:00:27.094+0200] {dag.py:3696} INFO - Setting next_dagrun for example_short_circuit_operator to 2026-05-28T00:00:27.094548+00:00, run_after=2026-05-29T00:00:27.094548+00:00
[2026-05-29T02:00:27.126+0200] {processor.py:179} INFO - Processing /home/frederic/airflow_venv/lib/python3.10/site-packages/airflow/example_dags/example_short_circuit_operator.py took 0.095 seconds
[2026-05-29T02:00:38.787+0200] {processor.py:157} INFO - Started process (PID=634270) to work on /home/frederic/airflow_venv/lib/python3.10/site-packages/airflow/example_dags/example_short_circuit_operator.py
[2026-05-29T02:00:38.788+0200] {processor.py:829} INFO - Processing file /home/frederic/airflow_venv/lib/python3.10/site-packages/airflow/example_dags/example_short_circuit_operator.py for tasks to queue
[2026-05-29T02:00:38.789+0200] {logging_mixin.py:151} INFO - [2026-05-29T02:00:38.789+0200] {dagbag.py:539} INFO - Filling up the DagBag from /home/frederic/airflow_venv/lib/python3.10/site-packages/airflow/example_dags/example_short_circuit_operator.py
[2026-05-29T02:00:38.798+0200] {processor.py:839} INFO - DAG(s) dict_keys(['example_short_circuit_operator']) retrieved from /home/frederic/airflow_venv/lib/python3.10/site-packages/airflow/example_dags/example_short_circuit_operator.py
[2026-05-29T02:00:38.816+0200] {logging_mixin.py:151} INFO - [2026-05-29T02:00:38.815+0200] {dag.py:2915} INFO - Sync 1 DAGs
[2026-05-29T02:00:38.834+0200] {logging_mixin.py:151} INFO - [2026-05-29T02:00:38.834+0200] {dag.py:3696} INFO - Setting next_dagrun for example_short_circuit_operator to 2026-05-28T00:00:38.834033+00:00, run_after=2026-05-29T00:00:38.834033+00:00
[2026-05-29T02:00:38.855+0200] {processor.py:179} INFO - Processing /home/frederic/airflow_venv/lib/python3.10/site-packages/airflow/example_dags/example_short_circuit_operator.py took 0.071 seconds
[2026-05-29T02:01:13.321+0200] {processor.py:157} INFO - Started process (PID=635170) to work on /home/frederic/airflow_venv/lib/python3.10/site-packages/airflow/example_dags/example_short_circuit_operator.py
[2026-05-29T02:01:13.322+0200] {processor.py:829} INFO - Processing file /home/frederic/airflow_venv/lib/python3.10/site-packages/airflow/example_dags/example_short_circuit_operator.py for tasks to queue
[2026-05-29T02:01:13.323+0200] {logging_mixin.py:151} INFO - [2026-05-29T02:01:13.322+0200] {dagbag.py:539} INFO - Filling up the DagBag from /home/frederic/airflow_venv/lib/python3.10/site-packages/airflow/example_dags/example_short_circuit_operator.py
[2026-05-29T02:01:13.337+0200] {processor.py:839} INFO - DAG(s) dict_keys(['example_short_circuit_operator']) retrieved from /home/frederic/airflow_venv/lib/python3.10/site-packages/airflow/example_dags/example_short_circuit_operator.py
[2026-05-29T02:01:13.360+0200] {logging_mixin.py:151} INFO - [2026-05-29T02:01:13.360+0200] {dag.py:2915} INFO - Sync 1 DAGs
[2026-05-29T02:01:13.382+0200] {logging_mixin.py:151} INFO - [2026-05-29T02:01:13.382+0200] {dag.py:3696} INFO - Setting next_dagrun for example_short_circuit_operator to 2026-05-28T00:01:13.382049+00:00, run_after=2026-05-29T00:01:13.382049+00:00
[2026-05-29T02:01:13.400+0200] {processor.py:179} INFO - Processing /home/frederic/airflow_venv/lib/python3.10/site-packages/airflow/example_dags/example_short_circuit_operator.py took 0.083 seconds
[2026-05-29T02:01:21.470+0200] {processor.py:157} INFO - Started process (PID=635516) to work on /home/frederic/airflow_venv/lib/python3.10/site-packages/airflow/example_dags/example_short_circuit_operator.py
[2026-05-29T02:01:21.471+0200] {processor.py:829} INFO - Processing file /home/frederic/airflow_venv/lib/python3.10/site-packages/airflow/example_dags/example_short_circuit_operator.py for tasks to queue
[2026-05-29T02:01:21.472+0200] {logging_mixin.py:151} INFO - [2026-05-29T02:01:21.472+0200] {dagbag.py:539} INFO - Filling up the DagBag from /home/frederic/airflow_venv/lib/python3.10/site-packages/airflow/example_dags/example_short_circuit_operator.py
[2026-05-29T02:01:21.480+0200] {processor.py:839} INFO - DAG(s) dict_keys(['example_short_circuit_operator']) retrieved from /home/frederic/airflow_venv/lib/python3.10/site-packages/airflow/example_dags/example_short_circuit_operator.py
[2026-05-29T02:01:21.498+0200] {logging_mixin.py:151} INFO - [2026-05-29T02:01:21.497+0200] {dag.py:2915} INFO - Sync 1 DAGs
[2026-05-29T02:01:21.515+0200] {logging_mixin.py:151} INFO - [2026-05-29T02:01:21.515+0200] {dag.py:3696} INFO - Setting next_dagrun for example_short_circuit_operator to 2026-05-28T00:01:21.515381+00:00, run_after=2026-05-29T00:01:21.515381+00:00
[2026-05-29T02:01:21.532+0200] {processor.py:179} INFO - Processing /home/frederic/airflow_venv/lib/python3.10/site-packages/airflow/example_dags/example_short_circuit_operator.py took 0.064 seconds
[2026-05-29T02:01:57.014+0200] {processor.py:157} INFO - Started process (PID=636393) to work on /home/frederic/airflow_venv/lib/python3.10/site-packages/airflow/example_dags/example_short_circuit_operator.py
[2026-05-29T02:01:57.015+0200] {processor.py:829} INFO - Processing file /home/frederic/airflow_venv/lib/python3.10/site-packages/airflow/example_dags/example_short_circuit_operator.py for tasks to queue
[2026-05-29T02:01:57.016+0200] {logging_mixin.py:151} INFO - [2026-05-29T02:01:57.015+0200] {dagbag.py:539} INFO - Filling up the DagBag from /home/frederic/airflow_venv/lib/python3.10/site-packages/airflow/example_dags/example_short_circuit_operator.py
[2026-05-29T02:01:57.025+0200] {processor.py:839} INFO - DAG(s) dict_keys(['example_short_circuit_operator']) retrieved from /home/frederic/airflow_venv/lib/python3.10/site-packages/airflow/example_dags/example_short_circuit_operator.py
[2026-05-29T02:01:57.049+0200] {logging_mixin.py:151} INFO - [2026-05-29T02:01:57.048+0200] {dag.py:2915} INFO - Sync 1 DAGs
[2026-05-29T02:01:57.074+0200] {logging_mixin.py:151} INFO - [2026-05-29T02:01:57.074+0200] {dag.py:3696} INFO - Setting next_dagrun for example_short_circuit_operator to 2026-05-28T00:01:57.074196+00:00, run_after=2026-05-29T00:01:57.074196+00:00
[2026-05-29T02:01:57.101+0200] {processor.py:179} INFO - Processing /home/frederic/airflow_venv/lib/python3.10/site-packages/airflow/example_dags/example_short_circuit_operator.py took 0.091 seconds
[2026-05-29T02:02:11.245+0200] {processor.py:157} INFO - Started process (PID=636799) to work on /home/frederic/airflow_venv/lib/python3.10/site-packages/airflow/example_dags/example_short_circuit_operator.py
[2026-05-29T02:02:11.246+0200] {processor.py:829} INFO - Processing file /home/frederic/airflow_venv/lib/python3.10/site-packages/airflow/example_dags/example_short_circuit_operator.py for tasks to queue
[2026-05-29T02:02:11.246+0200] {logging_mixin.py:151} INFO - [2026-05-29T02:02:11.246+0200] {dagbag.py:539} INFO - Filling up the DagBag from /home/frederic/airflow_venv/lib/python3.10/site-packages/airflow/example_dags/example_short_circuit_operator.py
[2026-05-29T02:02:11.256+0200] {processor.py:839} INFO - DAG(s) dict_keys(['example_short_circuit_operator']) retrieved from /home/frederic/airflow_venv/lib/python3.10/site-packages/airflow/example_dags/example_short_circuit_operator.py
[2026-05-29T02:02:11.271+0200] {logging_mixin.py:151} INFO - [2026-05-29T02:02:11.271+0200] {dag.py:2915} INFO - Sync 1 DAGs
[2026-05-29T02:02:11.288+0200] {logging_mixin.py:151} INFO - [2026-05-29T02:02:11.287+0200] {dag.py:3696} INFO - Setting next_dagrun for example_short_circuit_operator to 2026-05-28T00:02:11.287687+00:00, run_after=2026-05-29T00:02:11.287687+00:00
[2026-05-29T02:02:11.304+0200] {processor.py:179} INFO - Processing /home/frederic/airflow_venv/lib/python3.10/site-packages/airflow/example_dags/example_short_circuit_operator.py took 0.061 seconds
[2026-05-29T02:02:44.489+0200] {processor.py:157} INFO - Started process (PID=637956) to work on /home/frederic/airflow_venv/lib/python3.10/site-packages/airflow/example_dags/example_short_circuit_operator.py
[2026-05-29T02:02:44.491+0200] {processor.py:829} INFO - Processing file /home/frederic/airflow_venv/lib/python3.10/site-packages/airflow/example_dags/example_short_circuit_operator.py for tasks to queue
[2026-05-29T02:02:44.492+0200] {logging_mixin.py:151} INFO - [2026-05-29T02:02:44.492+0200] {dagbag.py:539} INFO - Filling up the DagBag from /home/frederic/airflow_venv/lib/python3.10/site-packages/airflow/example_dags/example_short_circuit_operator.py
[2026-05-29T02:02:44.501+0200] {processor.py:839} INFO - DAG(s) dict_keys(['example_short_circuit_operator']) retrieved from /home/frederic/airflow_venv/lib/python3.10/site-packages/airflow/example_dags/example_short_circuit_operator.py
[2026-05-29T02:02:44.520+0200] {logging_mixin.py:151} INFO - [2026-05-29T02:02:44.520+0200] {dag.py:2915} INFO - Sync 1 DAGs
[2026-05-29T02:02:44.542+0200] {logging_mixin.py:151} INFO - [2026-05-29T02:02:44.542+0200] {dag.py:3696} INFO - Setting next_dagrun for example_short_circuit_operator to 2026-05-28T00:02:44.542379+00:00, run_after=2026-05-29T00:02:44.542379+00:00
[2026-05-29T02:02:44.561+0200] {processor.py:179} INFO - Processing /home/frederic/airflow_venv/lib/python3.10/site-packages/airflow/example_dags/example_short_circuit_operator.py took 0.074 seconds
[2026-05-29T02:03:00.914+0200] {processor.py:157} INFO - Started process (PID=638336) to work on /home/frederic/airflow_venv/lib/python3.10/site-packages/airflow/example_dags/example_short_circuit_operator.py
[2026-05-29T02:03:00.915+0200] {processor.py:829} INFO - Processing file /home/frederic/airflow_venv/lib/python3.10/site-packages/airflow/example_dags/example_short_circuit_operator.py for tasks to queue
[2026-05-29T02:03:00.916+0200] {logging_mixin.py:151} INFO - [2026-05-29T02:03:00.915+0200] {dagbag.py:539} INFO - Filling up the DagBag from /home/frederic/airflow_venv/lib/python3.10/site-packages/airflow/example_dags/example_short_circuit_operator.py
[2026-05-29T02:03:00.925+0200] {processor.py:839} INFO - DAG(s) dict_keys(['example_short_circuit_operator']) retrieved from /home/frederic/airflow_venv/lib/python3.10/site-packages/airflow/example_dags/example_short_circuit_operator.py
[2026-05-29T02:03:00.942+0200] {logging_mixin.py:151} INFO - [2026-05-29T02:03:00.942+0200] {dag.py:2915} INFO - Sync 1 DAGs
[2026-05-29T02:03:00.960+0200] {logging_mixin.py:151} INFO - [2026-05-29T02:03:00.959+0200] {dag.py:3696} INFO - Setting next_dagrun for example_short_circuit_operator to 2026-05-28T00:03:00.959670+00:00, run_after=2026-05-29T00:03:00.959670+00:00
[2026-05-29T02:03:00.975+0200] {processor.py:179} INFO - Processing /home/frederic/airflow_venv/lib/python3.10/site-packages/airflow/example_dags/example_short_circuit_operator.py took 0.064 seconds
[2026-05-29T02:03:33.050+0200] {processor.py:157} INFO - Started process (PID=639363) to work on /home/frederic/airflow_venv/lib/python3.10/site-packages/airflow/example_dags/example_short_circuit_operator.py
[2026-05-29T02:03:33.051+0200] {processor.py:829} INFO - Processing file /home/frederic/airflow_venv/lib/python3.10/site-packages/airflow/example_dags/example_short_circuit_operator.py for tasks to queue
[2026-05-29T02:03:33.052+0200] {logging_mixin.py:151} INFO - [2026-05-29T02:03:33.052+0200] {dagbag.py:539} INFO - Filling up the DagBag from /home/frederic/airflow_venv/lib/python3.10/site-packages/airflow/example_dags/example_short_circuit_operator.py
[2026-05-29T02:03:33.063+0200] {processor.py:839} INFO - DAG(s) dict_keys(['example_short_circuit_operator']) retrieved from /home/frederic/airflow_venv/lib/python3.10/site-packages/airflow/example_dags/example_short_circuit_operator.py
[2026-05-29T02:03:33.084+0200] {logging_mixin.py:151} INFO - [2026-05-29T02:03:33.084+0200] {dag.py:2915} INFO - Sync 1 DAGs
[2026-05-29T02:03:33.104+0200] {logging_mixin.py:151} INFO - [2026-05-29T02:03:33.104+0200] {dag.py:3696} INFO - Setting next_dagrun for example_short_circuit_operator to 2026-05-28T00:03:33.104168+00:00, run_after=2026-05-29T00:03:33.104168+00:00
[2026-05-29T02:03:33.122+0200] {processor.py:179} INFO - Processing /home/frederic/airflow_venv/lib/python3.10/site-packages/airflow/example_dags/example_short_circuit_operator.py took 0.076 seconds
[2026-05-29T02:03:50.201+0200] {processor.py:157} INFO - Started process (PID=639873) to work on /home/frederic/airflow_venv/lib/python3.10/site-packages/airflow/example_dags/example_short_circuit_operator.py
[2026-05-29T02:03:50.201+0200] {processor.py:829} INFO - Processing file /home/frederic/airflow_venv/lib/python3.10/site-packages/airflow/example_dags/example_short_circuit_operator.py for tasks to queue
[2026-05-29T02:03:50.202+0200] {logging_mixin.py:151} INFO - [2026-05-29T02:03:50.202+0200] {dagbag.py:539} INFO - Filling up the DagBag from /home/frederic/airflow_venv/lib/python3.10/site-packages/airflow/example_dags/example_short_circuit_operator.py
[2026-05-29T02:03:50.213+0200] {processor.py:839} INFO - DAG(s) dict_keys(['example_short_circuit_operator']) retrieved from /home/frederic/airflow_venv/lib/python3.10/site-packages/airflow/example_dags/example_short_circuit_operator.py
[2026-05-29T02:03:50.233+0200] {logging_mixin.py:151} INFO - [2026-05-29T02:03:50.232+0200] {dag.py:2915} INFO - Sync 1 DAGs
[2026-05-29T02:03:50.255+0200] {logging_mixin.py:151} INFO - [2026-05-29T02:03:50.254+0200] {dag.py:3696} INFO - Setting next_dagrun for example_short_circuit_operator to 2026-05-28T00:03:50.254618+00:00, run_after=2026-05-29T00:03:50.254618+00:00
[2026-05-29T02:03:50.274+0200] {processor.py:179} INFO - Processing /home/frederic/airflow_venv/lib/python3.10/site-packages/airflow/example_dags/example_short_circuit_operator.py took 0.077 seconds
[2026-05-29T09:58:16.384+0200] {processor.py:157} INFO - Started process (PID=681745) to work on /home/frederic/airflow_venv/lib/python3.10/site-packages/airflow/example_dags/example_short_circuit_operator.py
[2026-05-29T09:58:16.385+0200] {processor.py:829} INFO - Processing file /home/frederic/airflow_venv/lib/python3.10/site-packages/airflow/example_dags/example_short_circuit_operator.py for tasks to queue
[2026-05-29T09:58:16.387+0200] {logging_mixin.py:151} INFO - [2026-05-29T09:58:16.386+0200] {dagbag.py:539} INFO - Filling up the DagBag from /home/frederic/airflow_venv/lib/python3.10/site-packages/airflow/example_dags/example_short_circuit_operator.py
[2026-05-29T09:58:16.405+0200] {processor.py:839} INFO - DAG(s) dict_keys(['example_short_circuit_operator']) retrieved from /home/frederic/airflow_venv/lib/python3.10/site-packages/airflow/example_dags/example_short_circuit_operator.py
[2026-05-29T09:58:16.420+0200] {logging_mixin.py:151} INFO - [2026-05-29T09:58:16.420+0200] {dag.py:2915} INFO - Sync 1 DAGs
[2026-05-29T09:58:16.457+0200] {logging_mixin.py:151} INFO - [2026-05-29T09:58:16.457+0200] {dag.py:3696} INFO - Setting next_dagrun for example_short_circuit_operator to 2026-05-28T07:58:16.457118+00:00, run_after=2026-05-29T07:58:16.457118+00:00
[2026-05-29T09:58:16.490+0200] {processor.py:179} INFO - Processing /home/frederic/airflow_venv/lib/python3.10/site-packages/airflow/example_dags/example_short_circuit_operator.py took 0.111 seconds
[2026-05-29T09:59:06.116+0200] {processor.py:157} INFO - Started process (PID=682742) to work on /home/frederic/airflow_venv/lib/python3.10/site-packages/airflow/example_dags/example_short_circuit_operator.py
[2026-05-29T09:59:06.117+0200] {processor.py:829} INFO - Processing file /home/frederic/airflow_venv/lib/python3.10/site-packages/airflow/example_dags/example_short_circuit_operator.py for tasks to queue
[2026-05-29T09:59:06.117+0200] {logging_mixin.py:151} INFO - [2026-05-29T09:59:06.117+0200] {dagbag.py:539} INFO - Filling up the DagBag from /home/frederic/airflow_venv/lib/python3.10/site-packages/airflow/example_dags/example_short_circuit_operator.py
[2026-05-29T09:59:06.124+0200] {processor.py:839} INFO - DAG(s) dict_keys(['example_short_circuit_operator']) retrieved from /home/frederic/airflow_venv/lib/python3.10/site-packages/airflow/example_dags/example_short_circuit_operator.py
[2026-05-29T09:59:06.141+0200] {logging_mixin.py:151} INFO - [2026-05-29T09:59:06.141+0200] {dag.py:2915} INFO - Sync 1 DAGs
[2026-05-29T09:59:06.159+0200] {logging_mixin.py:151} INFO - [2026-05-29T09:59:06.159+0200] {dag.py:3696} INFO - Setting next_dagrun for example_short_circuit_operator to 2026-05-28T07:59:06.159572+00:00, run_after=2026-05-29T07:59:06.159572+00:00
[2026-05-29T09:59:06.177+0200] {processor.py:179} INFO - Processing /home/frederic/airflow_venv/lib/python3.10/site-packages/airflow/example_dags/example_short_circuit_operator.py took 0.064 seconds
[2026-05-29T09:59:52.641+0200] {processor.py:157} INFO - Started process (PID=683873) to work on /home/frederic/airflow_venv/lib/python3.10/site-packages/airflow/example_dags/example_short_circuit_operator.py
[2026-05-29T09:59:52.643+0200] {processor.py:829} INFO - Processing file /home/frederic/airflow_venv/lib/python3.10/site-packages/airflow/example_dags/example_short_circuit_operator.py for tasks to queue
[2026-05-29T09:59:52.644+0200] {logging_mixin.py:151} INFO - [2026-05-29T09:59:52.643+0200] {dagbag.py:539} INFO - Filling up the DagBag from /home/frederic/airflow_venv/lib/python3.10/site-packages/airflow/example_dags/example_short_circuit_operator.py
[2026-05-29T09:59:52.653+0200] {processor.py:839} INFO - DAG(s) dict_keys(['example_short_circuit_operator']) retrieved from /home/frederic/airflow_venv/lib/python3.10/site-packages/airflow/example_dags/example_short_circuit_operator.py
[2026-05-29T09:59:52.675+0200] {logging_mixin.py:151} INFO - [2026-05-29T09:59:52.675+0200] {dag.py:2915} INFO - Sync 1 DAGs
[2026-05-29T09:59:52.698+0200] {logging_mixin.py:151} INFO - [2026-05-29T09:59:52.697+0200] {dag.py:3696} INFO - Setting next_dagrun for example_short_circuit_operator to 2026-05-28T07:59:52.697739+00:00, run_after=2026-05-29T07:59:52.697739+00:00
[2026-05-29T09:59:52.717+0200] {processor.py:179} INFO - Processing /home/frederic/airflow_venv/lib/python3.10/site-packages/airflow/example_dags/example_short_circuit_operator.py took 0.078 seconds
[2026-05-29T10:00:44.036+0200] {processor.py:157} INFO - Started process (PID=684823) to work on /home/frederic/airflow_venv/lib/python3.10/site-packages/airflow/example_dags/example_short_circuit_operator.py
[2026-05-29T10:00:44.037+0200] {processor.py:829} INFO - Processing file /home/frederic/airflow_venv/lib/python3.10/site-packages/airflow/example_dags/example_short_circuit_operator.py for tasks to queue
[2026-05-29T10:00:44.038+0200] {logging_mixin.py:151} INFO - [2026-05-29T10:00:44.038+0200] {dagbag.py:539} INFO - Filling up the DagBag from /home/frederic/airflow_venv/lib/python3.10/site-packages/airflow/example_dags/example_short_circuit_operator.py
[2026-05-29T10:00:44.050+0200] {processor.py:839} INFO - DAG(s) dict_keys(['example_short_circuit_operator']) retrieved from /home/frederic/airflow_venv/lib/python3.10/site-packages/airflow/example_dags/example_short_circuit_operator.py
[2026-05-29T10:00:44.068+0200] {logging_mixin.py:151} INFO - [2026-05-29T10:00:44.068+0200] {dag.py:2915} INFO - Sync 1 DAGs
[2026-05-29T10:00:44.092+0200] {logging_mixin.py:151} INFO - [2026-05-29T10:00:44.092+0200] {dag.py:3696} INFO - Setting next_dagrun for example_short_circuit_operator to 2026-05-28T08:00:44.092426+00:00, run_after=2026-05-29T08:00:44.092426+00:00
[2026-05-29T10:00:44.116+0200] {processor.py:179} INFO - Processing /home/frederic/airflow_venv/lib/python3.10/site-packages/airflow/example_dags/example_short_circuit_operator.py took 0.082 seconds
[2026-05-29T10:01:31.757+0200] {processor.py:157} INFO - Started process (PID=685470) to work on /home/frederic/airflow_venv/lib/python3.10/site-packages/airflow/example_dags/example_short_circuit_operator.py
[2026-05-29T10:01:31.761+0200] {processor.py:829} INFO - Processing file /home/frederic/airflow_venv/lib/python3.10/site-packages/airflow/example_dags/example_short_circuit_operator.py for tasks to queue
[2026-05-29T10:01:31.761+0200] {logging_mixin.py:151} INFO - [2026-05-29T10:01:31.761+0200] {dagbag.py:539} INFO - Filling up the DagBag from /home/frederic/airflow_venv/lib/python3.10/site-packages/airflow/example_dags/example_short_circuit_operator.py
[2026-05-29T10:01:31.769+0200] {processor.py:839} INFO - DAG(s) dict_keys(['example_short_circuit_operator']) retrieved from /home/frederic/airflow_venv/lib/python3.10/site-packages/airflow/example_dags/example_short_circuit_operator.py
[2026-05-29T10:01:31.786+0200] {logging_mixin.py:151} INFO - [2026-05-29T10:01:31.786+0200] {dag.py:2915} INFO - Sync 1 DAGs
[2026-05-29T10:01:31.805+0200] {logging_mixin.py:151} INFO - [2026-05-29T10:01:31.804+0200] {dag.py:3696} INFO - Setting next_dagrun for example_short_circuit_operator to 2026-05-28T08:01:31.804670+00:00, run_after=2026-05-29T08:01:31.804670+00:00
[2026-05-29T10:01:31.822+0200] {processor.py:179} INFO - Processing /home/frederic/airflow_venv/lib/python3.10/site-packages/airflow/example_dags/example_short_circuit_operator.py took 0.069 seconds
[2026-05-29T10:02:20.758+0200] {processor.py:157} INFO - Started process (PID=686103) to work on /home/frederic/airflow_venv/lib/python3.10/site-packages/airflow/example_dags/example_short_circuit_operator.py
[2026-05-29T10:02:20.759+0200] {processor.py:829} INFO - Processing file /home/frederic/airflow_venv/lib/python3.10/site-packages/airflow/example_dags/example_short_circuit_operator.py for tasks to queue
[2026-05-29T10:02:20.761+0200] {logging_mixin.py:151} INFO - [2026-05-29T10:02:20.760+0200] {dagbag.py:539} INFO - Filling up the DagBag from /home/frederic/airflow_venv/lib/python3.10/site-packages/airflow/example_dags/example_short_circuit_operator.py
[2026-05-29T10:02:20.772+0200] {processor.py:839} INFO - DAG(s) dict_keys(['example_short_circuit_operator']) retrieved from /home/frederic/airflow_venv/lib/python3.10/site-packages/airflow/example_dags/example_short_circuit_operator.py
[2026-05-29T10:02:20.790+0200] {logging_mixin.py:151} INFO - [2026-05-29T10:02:20.789+0200] {dag.py:2915} INFO - Sync 1 DAGs
[2026-05-29T10:02:20.809+0200] {logging_mixin.py:151} INFO - [2026-05-29T10:02:20.809+0200] {dag.py:3696} INFO - Setting next_dagrun for example_short_circuit_operator to 2026-05-28T08:02:20.809279+00:00, run_after=2026-05-29T08:02:20.809279+00:00
[2026-05-29T10:02:20.829+0200] {processor.py:179} INFO - Processing /home/frederic/airflow_venv/lib/python3.10/site-packages/airflow/example_dags/example_short_circuit_operator.py took 0.074 seconds
[2026-05-29T10:03:05.923+0200] {processor.py:157} INFO - Started process (PID=686547) to work on /home/frederic/airflow_venv/lib/python3.10/site-packages/airflow/example_dags/example_short_circuit_operator.py
[2026-05-29T10:03:05.927+0200] {processor.py:829} INFO - Processing file /home/frederic/airflow_venv/lib/python3.10/site-packages/airflow/example_dags/example_short_circuit_operator.py for tasks to queue
[2026-05-29T10:03:05.928+0200] {logging_mixin.py:151} INFO - [2026-05-29T10:03:05.928+0200] {dagbag.py:539} INFO - Filling up the DagBag from /home/frederic/airflow_venv/lib/python3.10/site-packages/airflow/example_dags/example_short_circuit_operator.py
[2026-05-29T10:03:05.943+0200] {processor.py:839} INFO - DAG(s) dict_keys(['example_short_circuit_operator']) retrieved from /home/frederic/airflow_venv/lib/python3.10/site-packages/airflow/example_dags/example_short_circuit_operator.py
[2026-05-29T10:03:05.967+0200] {logging_mixin.py:151} INFO - [2026-05-29T10:03:05.967+0200] {dag.py:2915} INFO - Sync 1 DAGs
[2026-05-29T10:03:05.985+0200] {logging_mixin.py:151} INFO - [2026-05-29T10:03:05.985+0200] {dag.py:3696} INFO - Setting next_dagrun for example_short_circuit_operator to 2026-05-28T08:03:05.985331+00:00, run_after=2026-05-29T08:03:05.985331+00:00
[2026-05-29T10:03:06.005+0200] {processor.py:179} INFO - Processing /home/frederic/airflow_venv/lib/python3.10/site-packages/airflow/example_dags/example_short_circuit_operator.py took 0.086 seconds
[2026-05-29T10:03:54.756+0200] {processor.py:157} INFO - Started process (PID=687509) to work on /home/frederic/airflow_venv/lib/python3.10/site-packages/airflow/example_dags/example_short_circuit_operator.py
[2026-05-29T10:03:54.757+0200] {processor.py:829} INFO - Processing file /home/frederic/airflow_venv/lib/python3.10/site-packages/airflow/example_dags/example_short_circuit_operator.py for tasks to queue
[2026-05-29T10:03:54.757+0200] {logging_mixin.py:151} INFO - [2026-05-29T10:03:54.757+0200] {dagbag.py:539} INFO - Filling up the DagBag from /home/frederic/airflow_venv/lib/python3.10/site-packages/airflow/example_dags/example_short_circuit_operator.py
[2026-05-29T10:03:54.766+0200] {processor.py:839} INFO - DAG(s) dict_keys(['example_short_circuit_operator']) retrieved from /home/frederic/airflow_venv/lib/python3.10/site-packages/airflow/example_dags/example_short_circuit_operator.py
[2026-05-29T10:03:54.788+0200] {logging_mixin.py:151} INFO - [2026-05-29T10:03:54.787+0200] {dag.py:2915} INFO - Sync 1 DAGs
[2026-05-29T10:03:54.809+0200] {logging_mixin.py:151} INFO - [2026-05-29T10:03:54.809+0200] {dag.py:3696} INFO - Setting next_dagrun for example_short_circuit_operator to 2026-05-28T08:03:54.809420+00:00, run_after=2026-05-29T08:03:54.809420+00:00
[2026-05-29T10:03:54.832+0200] {processor.py:179} INFO - Processing /home/frederic/airflow_venv/lib/python3.10/site-packages/airflow/example_dags/example_short_circuit_operator.py took 0.080 seconds
[2026-05-29T10:04:44.191+0200] {processor.py:157} INFO - Started process (PID=688433) to work on /home/frederic/airflow_venv/lib/python3.10/site-packages/airflow/example_dags/example_short_circuit_operator.py
[2026-05-29T10:04:44.194+0200] {processor.py:829} INFO - Processing file /home/frederic/airflow_venv/lib/python3.10/site-packages/airflow/example_dags/example_short_circuit_operator.py for tasks to queue
[2026-05-29T10:04:44.195+0200] {logging_mixin.py:151} INFO - [2026-05-29T10:04:44.195+0200] {dagbag.py:539} INFO - Filling up the DagBag from /home/frederic/airflow_venv/lib/python3.10/site-packages/airflow/example_dags/example_short_circuit_operator.py
[2026-05-29T10:04:44.204+0200] {processor.py:839} INFO - DAG(s) dict_keys(['example_short_circuit_operator']) retrieved from /home/frederic/airflow_venv/lib/python3.10/site-packages/airflow/example_dags/example_short_circuit_operator.py
[2026-05-29T10:04:44.224+0200] {logging_mixin.py:151} INFO - [2026-05-29T10:04:44.224+0200] {dag.py:2915} INFO - Sync 1 DAGs
[2026-05-29T10:04:44.245+0200] {logging_mixin.py:151} INFO - [2026-05-29T10:04:44.244+0200] {dag.py:3696} INFO - Setting next_dagrun for example_short_circuit_operator to 2026-05-28T08:04:44.244782+00:00, run_after=2026-05-29T08:04:44.244782+00:00
[2026-05-29T10:04:44.267+0200] {processor.py:179} INFO - Processing /home/frederic/airflow_venv/lib/python3.10/site-packages/airflow/example_dags/example_short_circuit_operator.py took 0.080 seconds
[2026-05-29T10:05:29.850+0200] {processor.py:157} INFO - Started process (PID=689578) to work on /home/frederic/airflow_venv/lib/python3.10/site-packages/airflow/example_dags/example_short_circuit_operator.py
[2026-05-29T10:05:29.851+0200] {processor.py:829} INFO - Processing file /home/frederic/airflow_venv/lib/python3.10/site-packages/airflow/example_dags/example_short_circuit_operator.py for tasks to queue
[2026-05-29T10:05:29.852+0200] {logging_mixin.py:151} INFO - [2026-05-29T10:05:29.852+0200] {dagbag.py:539} INFO - Filling up the DagBag from /home/frederic/airflow_venv/lib/python3.10/site-packages/airflow/example_dags/example_short_circuit_operator.py
[2026-05-29T10:05:29.861+0200] {processor.py:839} INFO - DAG(s) dict_keys(['example_short_circuit_operator']) retrieved from /home/frederic/airflow_venv/lib/python3.10/site-packages/airflow/example_dags/example_short_circuit_operator.py
[2026-05-29T10:05:29.882+0200] {logging_mixin.py:151} INFO - [2026-05-29T10:05:29.881+0200] {dag.py:2915} INFO - Sync 1 DAGs
[2026-05-29T10:05:29.902+0200] {logging_mixin.py:151} INFO - [2026-05-29T10:05:29.902+0200] {dag.py:3696} INFO - Setting next_dagrun for example_short_circuit_operator to 2026-05-28T08:05:29.902511+00:00, run_after=2026-05-29T08:05:29.902511+00:00
[2026-05-29T10:05:29.922+0200] {processor.py:179} INFO - Processing /home/frederic/airflow_venv/lib/python3.10/site-packages/airflow/example_dags/example_short_circuit_operator.py took 0.076 seconds
[2026-05-29T10:06:17.404+0200] {processor.py:157} INFO - Started process (PID=690148) to work on /home/frederic/airflow_venv/lib/python3.10/site-packages/airflow/example_dags/example_short_circuit_operator.py
[2026-05-29T10:06:17.406+0200] {processor.py:829} INFO - Processing file /home/frederic/airflow_venv/lib/python3.10/site-packages/airflow/example_dags/example_short_circuit_operator.py for tasks to queue
[2026-05-29T10:06:17.406+0200] {logging_mixin.py:151} INFO - [2026-05-29T10:06:17.406+0200] {dagbag.py:539} INFO - Filling up the DagBag from /home/frederic/airflow_venv/lib/python3.10/site-packages/airflow/example_dags/example_short_circuit_operator.py
[2026-05-29T10:06:17.418+0200] {processor.py:839} INFO - DAG(s) dict_keys(['example_short_circuit_operator']) retrieved from /home/frederic/airflow_venv/lib/python3.10/site-packages/airflow/example_dags/example_short_circuit_operator.py
[2026-05-29T10:06:17.439+0200] {logging_mixin.py:151} INFO - [2026-05-29T10:06:17.439+0200] {dag.py:2915} INFO - Sync 1 DAGs
[2026-05-29T10:06:17.461+0200] {logging_mixin.py:151} INFO - [2026-05-29T10:06:17.460+0200] {dag.py:3696} INFO - Setting next_dagrun for example_short_circuit_operator to 2026-05-28T08:06:17.460748+00:00, run_after=2026-05-29T08:06:17.460748+00:00
[2026-05-29T10:06:17.481+0200] {processor.py:179} INFO - Processing /home/frederic/airflow_venv/lib/python3.10/site-packages/airflow/example_dags/example_short_circuit_operator.py took 0.080 seconds
[2026-05-29T10:07:11.196+0200] {processor.py:157} INFO - Started process (PID=690852) to work on /home/frederic/airflow_venv/lib/python3.10/site-packages/airflow/example_dags/example_short_circuit_operator.py
[2026-05-29T10:07:11.197+0200] {processor.py:829} INFO - Processing file /home/frederic/airflow_venv/lib/python3.10/site-packages/airflow/example_dags/example_short_circuit_operator.py for tasks to queue
[2026-05-29T10:07:11.198+0200] {logging_mixin.py:151} INFO - [2026-05-29T10:07:11.197+0200] {dagbag.py:539} INFO - Filling up the DagBag from /home/frederic/airflow_venv/lib/python3.10/site-packages/airflow/example_dags/example_short_circuit_operator.py
[2026-05-29T10:07:11.208+0200] {processor.py:839} INFO - DAG(s) dict_keys(['example_short_circuit_operator']) retrieved from /home/frederic/airflow_venv/lib/python3.10/site-packages/airflow/example_dags/example_short_circuit_operator.py
[2026-05-29T10:07:11.226+0200] {logging_mixin.py:151} INFO - [2026-05-29T10:07:11.226+0200] {dag.py:2915} INFO - Sync 1 DAGs
[2026-05-29T10:07:11.246+0200] {logging_mixin.py:151} INFO - [2026-05-29T10:07:11.246+0200] {dag.py:3696} INFO - Setting next_dagrun for example_short_circuit_operator to 2026-05-28T08:07:11.246408+00:00, run_after=2026-05-29T08:07:11.246408+00:00
[2026-05-29T10:07:11.264+0200] {processor.py:179} INFO - Processing /home/frederic/airflow_venv/lib/python3.10/site-packages/airflow/example_dags/example_short_circuit_operator.py took 0.070 seconds
[2026-05-29T10:07:52.541+0200] {processor.py:157} INFO - Started process (PID=691313) to work on /home/frederic/airflow_venv/lib/python3.10/site-packages/airflow/example_dags/example_short_circuit_operator.py
[2026-05-29T10:07:52.543+0200] {processor.py:829} INFO - Processing file /home/frederic/airflow_venv/lib/python3.10/site-packages/airflow/example_dags/example_short_circuit_operator.py for tasks to queue
[2026-05-29T10:07:52.544+0200] {logging_mixin.py:151} INFO - [2026-05-29T10:07:52.543+0200] {dagbag.py:539} INFO - Filling up the DagBag from /home/frederic/airflow_venv/lib/python3.10/site-packages/airflow/example_dags/example_short_circuit_operator.py
[2026-05-29T10:07:52.557+0200] {processor.py:839} INFO - DAG(s) dict_keys(['example_short_circuit_operator']) retrieved from /home/frederic/airflow_venv/lib/python3.10/site-packages/airflow/example_dags/example_short_circuit_operator.py
[2026-05-29T10:07:52.582+0200] {logging_mixin.py:151} INFO - [2026-05-29T10:07:52.582+0200] {dag.py:2915} INFO - Sync 1 DAGs
[2026-05-29T10:07:52.610+0200] {logging_mixin.py:151} INFO - [2026-05-29T10:07:52.609+0200] {dag.py:3696} INFO - Setting next_dagrun for example_short_circuit_operator to 2026-05-28T08:07:52.609776+00:00, run_after=2026-05-29T08:07:52.609776+00:00
[2026-05-29T10:07:52.637+0200] {processor.py:179} INFO - Processing /home/frederic/airflow_venv/lib/python3.10/site-packages/airflow/example_dags/example_short_circuit_operator.py took 0.099 seconds
[2026-05-29T10:08:37.089+0200] {processor.py:157} INFO - Started process (PID=691830) to work on /home/frederic/airflow_venv/lib/python3.10/site-packages/airflow/example_dags/example_short_circuit_operator.py
[2026-05-29T10:08:37.090+0200] {processor.py:829} INFO - Processing file /home/frederic/airflow_venv/lib/python3.10/site-packages/airflow/example_dags/example_short_circuit_operator.py for tasks to queue
[2026-05-29T10:08:37.091+0200] {logging_mixin.py:151} INFO - [2026-05-29T10:08:37.090+0200] {dagbag.py:539} INFO - Filling up the DagBag from /home/frederic/airflow_venv/lib/python3.10/site-packages/airflow/example_dags/example_short_circuit_operator.py
[2026-05-29T10:08:37.098+0200] {processor.py:839} INFO - DAG(s) dict_keys(['example_short_circuit_operator']) retrieved from /home/frederic/airflow_venv/lib/python3.10/site-packages/airflow/example_dags/example_short_circuit_operator.py
[2026-05-29T10:08:37.114+0200] {logging_mixin.py:151} INFO - [2026-05-29T10:08:37.114+0200] {dag.py:2915} INFO - Sync 1 DAGs
[2026-05-29T10:08:37.131+0200] {logging_mixin.py:151} INFO - [2026-05-29T10:08:37.131+0200] {dag.py:3696} INFO - Setting next_dagrun for example_short_circuit_operator to 2026-05-28T08:08:37.131175+00:00, run_after=2026-05-29T08:08:37.131175+00:00
[2026-05-29T10:08:37.147+0200] {processor.py:179} INFO - Processing /home/frederic/airflow_venv/lib/python3.10/site-packages/airflow/example_dags/example_short_circuit_operator.py took 0.062 seconds
[2026-05-29T10:09:23.921+0200] {processor.py:157} INFO - Started process (PID=692454) to work on /home/frederic/airflow_venv/lib/python3.10/site-packages/airflow/example_dags/example_short_circuit_operator.py
[2026-05-29T10:09:23.924+0200] {processor.py:829} INFO - Processing file /home/frederic/airflow_venv/lib/python3.10/site-packages/airflow/example_dags/example_short_circuit_operator.py for tasks to queue
[2026-05-29T10:09:23.925+0200] {logging_mixin.py:151} INFO - [2026-05-29T10:09:23.924+0200] {dagbag.py:539} INFO - Filling up the DagBag from /home/frederic/airflow_venv/lib/python3.10/site-packages/airflow/example_dags/example_short_circuit_operator.py
[2026-05-29T10:09:23.933+0200] {processor.py:839} INFO - DAG(s) dict_keys(['example_short_circuit_operator']) retrieved from /home/frederic/airflow_venv/lib/python3.10/site-packages/airflow/example_dags/example_short_circuit_operator.py
[2026-05-29T10:09:23.950+0200] {logging_mixin.py:151} INFO - [2026-05-29T10:09:23.950+0200] {dag.py:2915} INFO - Sync 1 DAGs
[2026-05-29T10:09:23.969+0200] {logging_mixin.py:151} INFO - [2026-05-29T10:09:23.968+0200] {dag.py:3696} INFO - Setting next_dagrun for example_short_circuit_operator to 2026-05-28T08:09:23.968739+00:00, run_after=2026-05-29T08:09:23.968739+00:00
[2026-05-29T10:09:23.986+0200] {processor.py:179} INFO - Processing /home/frederic/airflow_venv/lib/python3.10/site-packages/airflow/example_dags/example_short_circuit_operator.py took 0.067 seconds
[2026-05-29T10:10:14.278+0200] {processor.py:157} INFO - Started process (PID=693006) to work on /home/frederic/airflow_venv/lib/python3.10/site-packages/airflow/example_dags/example_short_circuit_operator.py
[2026-05-29T10:10:14.280+0200] {processor.py:829} INFO - Processing file /home/frederic/airflow_venv/lib/python3.10/site-packages/airflow/example_dags/example_short_circuit_operator.py for tasks to queue
[2026-05-29T10:10:14.281+0200] {logging_mixin.py:151} INFO - [2026-05-29T10:10:14.280+0200] {dagbag.py:539} INFO - Filling up the DagBag from /home/frederic/airflow_venv/lib/python3.10/site-packages/airflow/example_dags/example_short_circuit_operator.py
[2026-05-29T10:10:14.288+0200] {processor.py:839} INFO - DAG(s) dict_keys(['example_short_circuit_operator']) retrieved from /home/frederic/airflow_venv/lib/python3.10/site-packages/airflow/example_dags/example_short_circuit_operator.py
[2026-05-29T10:10:14.305+0200] {logging_mixin.py:151} INFO - [2026-05-29T10:10:14.305+0200] {dag.py:2915} INFO - Sync 1 DAGs
[2026-05-29T10:10:14.322+0200] {logging_mixin.py:151} INFO - [2026-05-29T10:10:14.322+0200] {dag.py:3696} INFO - Setting next_dagrun for example_short_circuit_operator to 2026-05-28T08:10:14.322654+00:00, run_after=2026-05-29T08:10:14.322654+00:00
[2026-05-29T10:10:14.344+0200] {processor.py:179} INFO - Processing /home/frederic/airflow_venv/lib/python3.10/site-packages/airflow/example_dags/example_short_circuit_operator.py took 0.068 seconds
[2026-05-29T10:11:02.710+0200] {processor.py:157} INFO - Started process (PID=694129) to work on /home/frederic/airflow_venv/lib/python3.10/site-packages/airflow/example_dags/example_short_circuit_operator.py
[2026-05-29T10:11:02.712+0200] {processor.py:829} INFO - Processing file /home/frederic/airflow_venv/lib/python3.10/site-packages/airflow/example_dags/example_short_circuit_operator.py for tasks to queue
[2026-05-29T10:11:02.712+0200] {logging_mixin.py:151} INFO - [2026-05-29T10:11:02.712+0200] {dagbag.py:539} INFO - Filling up the DagBag from /home/frederic/airflow_venv/lib/python3.10/site-packages/airflow/example_dags/example_short_circuit_operator.py
[2026-05-29T10:11:02.721+0200] {processor.py:839} INFO - DAG(s) dict_keys(['example_short_circuit_operator']) retrieved from /home/frederic/airflow_venv/lib/python3.10/site-packages/airflow/example_dags/example_short_circuit_operator.py
[2026-05-29T10:11:02.738+0200] {logging_mixin.py:151} INFO - [2026-05-29T10:11:02.738+0200] {dag.py:2915} INFO - Sync 1 DAGs
[2026-05-29T10:11:02.756+0200] {logging_mixin.py:151} INFO - [2026-05-29T10:11:02.756+0200] {dag.py:3696} INFO - Setting next_dagrun for example_short_circuit_operator to 2026-05-28T08:11:02.756451+00:00, run_after=2026-05-29T08:11:02.756451+00:00
[2026-05-29T10:11:02.773+0200] {processor.py:179} INFO - Processing /home/frederic/airflow_venv/lib/python3.10/site-packages/airflow/example_dags/example_short_circuit_operator.py took 0.065 seconds
[2026-05-29T10:11:51.378+0200] {processor.py:157} INFO - Started process (PID=694995) to work on /home/frederic/airflow_venv/lib/python3.10/site-packages/airflow/example_dags/example_short_circuit_operator.py
[2026-05-29T10:11:51.379+0200] {processor.py:829} INFO - Processing file /home/frederic/airflow_venv/lib/python3.10/site-packages/airflow/example_dags/example_short_circuit_operator.py for tasks to queue
[2026-05-29T10:11:51.380+0200] {logging_mixin.py:151} INFO - [2026-05-29T10:11:51.379+0200] {dagbag.py:539} INFO - Filling up the DagBag from /home/frederic/airflow_venv/lib/python3.10/site-packages/airflow/example_dags/example_short_circuit_operator.py
[2026-05-29T10:11:51.388+0200] {processor.py:839} INFO - DAG(s) dict_keys(['example_short_circuit_operator']) retrieved from /home/frederic/airflow_venv/lib/python3.10/site-packages/airflow/example_dags/example_short_circuit_operator.py
[2026-05-29T10:11:51.405+0200] {logging_mixin.py:151} INFO - [2026-05-29T10:11:51.405+0200] {dag.py:2915} INFO - Sync 1 DAGs
[2026-05-29T10:11:51.421+0200] {logging_mixin.py:151} INFO - [2026-05-29T10:11:51.421+0200] {dag.py:3696} INFO - Setting next_dagrun for example_short_circuit_operator to 2026-05-28T08:11:51.421293+00:00, run_after=2026-05-29T08:11:51.421293+00:00
[2026-05-29T10:11:51.436+0200] {processor.py:179} INFO - Processing /home/frederic/airflow_venv/lib/python3.10/site-packages/airflow/example_dags/example_short_circuit_operator.py took 0.060 seconds
[2026-05-29T10:12:34.032+0200] {processor.py:157} INFO - Started process (PID=695573) to work on /home/frederic/airflow_venv/lib/python3.10/site-packages/airflow/example_dags/example_short_circuit_operator.py
[2026-05-29T10:12:34.033+0200] {processor.py:829} INFO - Processing file /home/frederic/airflow_venv/lib/python3.10/site-packages/airflow/example_dags/example_short_circuit_operator.py for tasks to queue
[2026-05-29T10:12:34.034+0200] {logging_mixin.py:151} INFO - [2026-05-29T10:12:34.034+0200] {dagbag.py:539} INFO - Filling up the DagBag from /home/frederic/airflow_venv/lib/python3.10/site-packages/airflow/example_dags/example_short_circuit_operator.py
[2026-05-29T10:12:34.041+0200] {processor.py:839} INFO - DAG(s) dict_keys(['example_short_circuit_operator']) retrieved from /home/frederic/airflow_venv/lib/python3.10/site-packages/airflow/example_dags/example_short_circuit_operator.py
[2026-05-29T10:12:34.055+0200] {logging_mixin.py:151} INFO - [2026-05-29T10:12:34.055+0200] {dag.py:2915} INFO - Sync 1 DAGs
[2026-05-29T10:12:34.069+0200] {logging_mixin.py:151} INFO - [2026-05-29T10:12:34.069+0200] {dag.py:3696} INFO - Setting next_dagrun for example_short_circuit_operator to 2026-05-28T08:12:34.069616+00:00, run_after=2026-05-29T08:12:34.069616+00:00
[2026-05-29T10:12:34.084+0200] {processor.py:179} INFO - Processing /home/frederic/airflow_venv/lib/python3.10/site-packages/airflow/example_dags/example_short_circuit_operator.py took 0.054 seconds
[2026-05-29T10:13:12.755+0200] {processor.py:157} INFO - Started process (PID=696025) to work on /home/frederic/airflow_venv/lib/python3.10/site-packages/airflow/example_dags/example_short_circuit_operator.py
[2026-05-29T10:13:12.756+0200] {processor.py:829} INFO - Processing file /home/frederic/airflow_venv/lib/python3.10/site-packages/airflow/example_dags/example_short_circuit_operator.py for tasks to queue
[2026-05-29T10:13:12.757+0200] {logging_mixin.py:151} INFO - [2026-05-29T10:13:12.757+0200] {dagbag.py:539} INFO - Filling up the DagBag from /home/frederic/airflow_venv/lib/python3.10/site-packages/airflow/example_dags/example_short_circuit_operator.py
[2026-05-29T10:13:12.763+0200] {processor.py:839} INFO - DAG(s) dict_keys(['example_short_circuit_operator']) retrieved from /home/frederic/airflow_venv/lib/python3.10/site-packages/airflow/example_dags/example_short_circuit_operator.py
[2026-05-29T10:13:12.778+0200] {logging_mixin.py:151} INFO - [2026-05-29T10:13:12.778+0200] {dag.py:2915} INFO - Sync 1 DAGs
[2026-05-29T10:13:12.792+0200] {logging_mixin.py:151} INFO - [2026-05-29T10:13:12.792+0200] {dag.py:3696} INFO - Setting next_dagrun for example_short_circuit_operator to 2026-05-28T08:13:12.792499+00:00, run_after=2026-05-29T08:13:12.792499+00:00
[2026-05-29T10:13:12.808+0200] {processor.py:179} INFO - Processing /home/frederic/airflow_venv/lib/python3.10/site-packages/airflow/example_dags/example_short_circuit_operator.py took 0.055 seconds
[2026-05-29T10:14:00.731+0200] {processor.py:157} INFO - Started process (PID=696549) to work on /home/frederic/airflow_venv/lib/python3.10/site-packages/airflow/example_dags/example_short_circuit_operator.py
[2026-05-29T10:14:00.733+0200] {processor.py:829} INFO - Processing file /home/frederic/airflow_venv/lib/python3.10/site-packages/airflow/example_dags/example_short_circuit_operator.py for tasks to queue
[2026-05-29T10:14:00.734+0200] {logging_mixin.py:151} INFO - [2026-05-29T10:14:00.734+0200] {dagbag.py:539} INFO - Filling up the DagBag from /home/frederic/airflow_venv/lib/python3.10/site-packages/airflow/example_dags/example_short_circuit_operator.py
[2026-05-29T10:14:00.749+0200] {processor.py:839} INFO - DAG(s) dict_keys(['example_short_circuit_operator']) retrieved from /home/frederic/airflow_venv/lib/python3.10/site-packages/airflow/example_dags/example_short_circuit_operator.py
[2026-05-29T10:14:00.781+0200] {logging_mixin.py:151} INFO - [2026-05-29T10:14:00.781+0200] {dag.py:2915} INFO - Sync 1 DAGs
[2026-05-29T10:14:00.815+0200] {logging_mixin.py:151} INFO - [2026-05-29T10:14:00.815+0200] {dag.py:3696} INFO - Setting next_dagrun for example_short_circuit_operator to 2026-05-28T08:14:00.815188+00:00, run_after=2026-05-29T08:14:00.815188+00:00
[2026-05-29T10:14:00.850+0200] {processor.py:179} INFO - Processing /home/frederic/airflow_venv/lib/python3.10/site-packages/airflow/example_dags/example_short_circuit_operator.py took 0.123 seconds
[2026-05-29T10:14:51.804+0200] {processor.py:157} INFO - Started process (PID=697210) to work on /home/frederic/airflow_venv/lib/python3.10/site-packages/airflow/example_dags/example_short_circuit_operator.py
[2026-05-29T10:14:51.805+0200] {processor.py:829} INFO - Processing file /home/frederic/airflow_venv/lib/python3.10/site-packages/airflow/example_dags/example_short_circuit_operator.py for tasks to queue
[2026-05-29T10:14:51.806+0200] {logging_mixin.py:151} INFO - [2026-05-29T10:14:51.806+0200] {dagbag.py:539} INFO - Filling up the DagBag from /home/frederic/airflow_venv/lib/python3.10/site-packages/airflow/example_dags/example_short_circuit_operator.py
[2026-05-29T10:14:51.813+0200] {processor.py:839} INFO - DAG(s) dict_keys(['example_short_circuit_operator']) retrieved from /home/frederic/airflow_venv/lib/python3.10/site-packages/airflow/example_dags/example_short_circuit_operator.py
[2026-05-29T10:14:51.830+0200] {logging_mixin.py:151} INFO - [2026-05-29T10:14:51.830+0200] {dag.py:2915} INFO - Sync 1 DAGs
[2026-05-29T10:14:51.846+0200] {logging_mixin.py:151} INFO - [2026-05-29T10:14:51.846+0200] {dag.py:3696} INFO - Setting next_dagrun for example_short_circuit_operator to 2026-05-28T08:14:51.846633+00:00, run_after=2026-05-29T08:14:51.846633+00:00
[2026-05-29T10:14:51.864+0200] {processor.py:179} INFO - Processing /home/frederic/airflow_venv/lib/python3.10/site-packages/airflow/example_dags/example_short_circuit_operator.py took 0.063 seconds
[2026-05-29T10:15:38.070+0200] {processor.py:157} INFO - Started process (PID=697848) to work on /home/frederic/airflow_venv/lib/python3.10/site-packages/airflow/example_dags/example_short_circuit_operator.py
[2026-05-29T10:15:38.071+0200] {processor.py:829} INFO - Processing file /home/frederic/airflow_venv/lib/python3.10/site-packages/airflow/example_dags/example_short_circuit_operator.py for tasks to queue
[2026-05-29T10:15:38.071+0200] {logging_mixin.py:151} INFO - [2026-05-29T10:15:38.071+0200] {dagbag.py:539} INFO - Filling up the DagBag from /home/frederic/airflow_venv/lib/python3.10/site-packages/airflow/example_dags/example_short_circuit_operator.py
[2026-05-29T10:15:38.079+0200] {processor.py:839} INFO - DAG(s) dict_keys(['example_short_circuit_operator']) retrieved from /home/frederic/airflow_venv/lib/python3.10/site-packages/airflow/example_dags/example_short_circuit_operator.py
[2026-05-29T10:15:38.094+0200] {logging_mixin.py:151} INFO - [2026-05-29T10:15:38.093+0200] {dag.py:2915} INFO - Sync 1 DAGs
[2026-05-29T10:15:38.108+0200] {logging_mixin.py:151} INFO - [2026-05-29T10:15:38.108+0200] {dag.py:3696} INFO - Setting next_dagrun for example_short_circuit_operator to 2026-05-28T08:15:38.108615+00:00, run_after=2026-05-29T08:15:38.108615+00:00
[2026-05-29T10:15:38.123+0200] {processor.py:179} INFO - Processing /home/frederic/airflow_venv/lib/python3.10/site-packages/airflow/example_dags/example_short_circuit_operator.py took 0.056 seconds
[2026-05-29T10:16:26.095+0200] {processor.py:157} INFO - Started process (PID=698645) to work on /home/frederic/airflow_venv/lib/python3.10/site-packages/airflow/example_dags/example_short_circuit_operator.py
[2026-05-29T10:16:26.100+0200] {processor.py:829} INFO - Processing file /home/frederic/airflow_venv/lib/python3.10/site-packages/airflow/example_dags/example_short_circuit_operator.py for tasks to queue
[2026-05-29T10:16:26.101+0200] {logging_mixin.py:151} INFO - [2026-05-29T10:16:26.101+0200] {dagbag.py:539} INFO - Filling up the DagBag from /home/frederic/airflow_venv/lib/python3.10/site-packages/airflow/example_dags/example_short_circuit_operator.py
[2026-05-29T10:16:26.107+0200] {processor.py:839} INFO - DAG(s) dict_keys(['example_short_circuit_operator']) retrieved from /home/frederic/airflow_venv/lib/python3.10/site-packages/airflow/example_dags/example_short_circuit_operator.py
[2026-05-29T10:16:26.120+0200] {logging_mixin.py:151} INFO - [2026-05-29T10:16:26.120+0200] {dag.py:2915} INFO - Sync 1 DAGs
[2026-05-29T10:16:26.134+0200] {logging_mixin.py:151} INFO - [2026-05-29T10:16:26.134+0200] {dag.py:3696} INFO - Setting next_dagrun for example_short_circuit_operator to 2026-05-28T08:16:26.134412+00:00, run_after=2026-05-29T08:16:26.134412+00:00
[2026-05-29T10:16:26.148+0200] {processor.py:179} INFO - Processing /home/frederic/airflow_venv/lib/python3.10/site-packages/airflow/example_dags/example_short_circuit_operator.py took 0.055 seconds
[2026-05-29T10:17:11.518+0200] {processor.py:157} INFO - Started process (PID=699581) to work on /home/frederic/airflow_venv/lib/python3.10/site-packages/airflow/example_dags/example_short_circuit_operator.py
[2026-05-29T10:17:11.519+0200] {processor.py:829} INFO - Processing file /home/frederic/airflow_venv/lib/python3.10/site-packages/airflow/example_dags/example_short_circuit_operator.py for tasks to queue
[2026-05-29T10:17:11.520+0200] {logging_mixin.py:151} INFO - [2026-05-29T10:17:11.520+0200] {dagbag.py:539} INFO - Filling up the DagBag from /home/frederic/airflow_venv/lib/python3.10/site-packages/airflow/example_dags/example_short_circuit_operator.py
[2026-05-29T10:17:11.527+0200] {processor.py:839} INFO - DAG(s) dict_keys(['example_short_circuit_operator']) retrieved from /home/frederic/airflow_venv/lib/python3.10/site-packages/airflow/example_dags/example_short_circuit_operator.py
[2026-05-29T10:17:11.542+0200] {logging_mixin.py:151} INFO - [2026-05-29T10:17:11.542+0200] {dag.py:2915} INFO - Sync 1 DAGs
[2026-05-29T10:17:11.557+0200] {logging_mixin.py:151} INFO - [2026-05-29T10:17:11.557+0200] {dag.py:3696} INFO - Setting next_dagrun for example_short_circuit_operator to 2026-05-28T08:17:11.557036+00:00, run_after=2026-05-29T08:17:11.557036+00:00
[2026-05-29T10:17:11.571+0200] {processor.py:179} INFO - Processing /home/frederic/airflow_venv/lib/python3.10/site-packages/airflow/example_dags/example_short_circuit_operator.py took 0.055 seconds
[2026-05-29T10:17:59.160+0200] {processor.py:157} INFO - Started process (PID=700499) to work on /home/frederic/airflow_venv/lib/python3.10/site-packages/airflow/example_dags/example_short_circuit_operator.py
[2026-05-29T10:17:59.161+0200] {processor.py:829} INFO - Processing file /home/frederic/airflow_venv/lib/python3.10/site-packages/airflow/example_dags/example_short_circuit_operator.py for tasks to queue
[2026-05-29T10:17:59.162+0200] {logging_mixin.py:151} INFO - [2026-05-29T10:17:59.162+0200] {dagbag.py:539} INFO - Filling up the DagBag from /home/frederic/airflow_venv/lib/python3.10/site-packages/airflow/example_dags/example_short_circuit_operator.py
[2026-05-29T10:17:59.169+0200] {processor.py:839} INFO - DAG(s) dict_keys(['example_short_circuit_operator']) retrieved from /home/frederic/airflow_venv/lib/python3.10/site-packages/airflow/example_dags/example_short_circuit_operator.py
[2026-05-29T10:17:59.185+0200] {logging_mixin.py:151} INFO - [2026-05-29T10:17:59.185+0200] {dag.py:2915} INFO - Sync 1 DAGs
[2026-05-29T10:17:59.205+0200] {logging_mixin.py:151} INFO - [2026-05-29T10:17:59.205+0200] {dag.py:3696} INFO - Setting next_dagrun for example_short_circuit_operator to 2026-05-28T08:17:59.205328+00:00, run_after=2026-05-29T08:17:59.205328+00:00
[2026-05-29T10:17:59.225+0200] {processor.py:179} INFO - Processing /home/frederic/airflow_venv/lib/python3.10/site-packages/airflow/example_dags/example_short_circuit_operator.py took 0.067 seconds
[2026-05-29T10:18:43.047+0200] {processor.py:157} INFO - Started process (PID=701005) to work on /home/frederic/airflow_venv/lib/python3.10/site-packages/airflow/example_dags/example_short_circuit_operator.py
[2026-05-29T10:18:43.048+0200] {processor.py:829} INFO - Processing file /home/frederic/airflow_venv/lib/python3.10/site-packages/airflow/example_dags/example_short_circuit_operator.py for tasks to queue
[2026-05-29T10:18:43.049+0200] {logging_mixin.py:151} INFO - [2026-05-29T10:18:43.049+0200] {dagbag.py:539} INFO - Filling up the DagBag from /home/frederic/airflow_venv/lib/python3.10/site-packages/airflow/example_dags/example_short_circuit_operator.py
[2026-05-29T10:18:43.056+0200] {processor.py:839} INFO - DAG(s) dict_keys(['example_short_circuit_operator']) retrieved from /home/frederic/airflow_venv/lib/python3.10/site-packages/airflow/example_dags/example_short_circuit_operator.py
[2026-05-29T10:18:43.070+0200] {logging_mixin.py:151} INFO - [2026-05-29T10:18:43.070+0200] {dag.py:2915} INFO - Sync 1 DAGs
[2026-05-29T10:18:43.086+0200] {logging_mixin.py:151} INFO - [2026-05-29T10:18:43.085+0200] {dag.py:3696} INFO - Setting next_dagrun for example_short_circuit_operator to 2026-05-28T08:18:43.085730+00:00, run_after=2026-05-29T08:18:43.085730+00:00
[2026-05-29T10:18:43.100+0200] {processor.py:179} INFO - Processing /home/frederic/airflow_venv/lib/python3.10/site-packages/airflow/example_dags/example_short_circuit_operator.py took 0.055 seconds
[2026-05-29T10:19:31.529+0200] {processor.py:157} INFO - Started process (PID=701493) to work on /home/frederic/airflow_venv/lib/python3.10/site-packages/airflow/example_dags/example_short_circuit_operator.py
[2026-05-29T10:19:31.530+0200] {processor.py:829} INFO - Processing file /home/frederic/airflow_venv/lib/python3.10/site-packages/airflow/example_dags/example_short_circuit_operator.py for tasks to queue
[2026-05-29T10:19:31.530+0200] {logging_mixin.py:151} INFO - [2026-05-29T10:19:31.530+0200] {dagbag.py:539} INFO - Filling up the DagBag from /home/frederic/airflow_venv/lib/python3.10/site-packages/airflow/example_dags/example_short_circuit_operator.py
[2026-05-29T10:19:31.537+0200] {processor.py:839} INFO - DAG(s) dict_keys(['example_short_circuit_operator']) retrieved from /home/frederic/airflow_venv/lib/python3.10/site-packages/airflow/example_dags/example_short_circuit_operator.py
[2026-05-29T10:19:31.552+0200] {logging_mixin.py:151} INFO - [2026-05-29T10:19:31.552+0200] {dag.py:2915} INFO - Sync 1 DAGs
[2026-05-29T10:19:31.567+0200] {logging_mixin.py:151} INFO - [2026-05-29T10:19:31.567+0200] {dag.py:3696} INFO - Setting next_dagrun for example_short_circuit_operator to 2026-05-28T08:19:31.567538+00:00, run_after=2026-05-29T08:19:31.567538+00:00
[2026-05-29T10:19:31.583+0200] {processor.py:179} INFO - Processing /home/frederic/airflow_venv/lib/python3.10/site-packages/airflow/example_dags/example_short_circuit_operator.py took 0.056 seconds
[2026-05-29T10:20:20.705+0200] {processor.py:157} INFO - Started process (PID=702163) to work on /home/frederic/airflow_venv/lib/python3.10/site-packages/airflow/example_dags/example_short_circuit_operator.py
[2026-05-29T10:20:20.707+0200] {processor.py:829} INFO - Processing file /home/frederic/airflow_venv/lib/python3.10/site-packages/airflow/example_dags/example_short_circuit_operator.py for tasks to queue
[2026-05-29T10:20:20.708+0200] {logging_mixin.py:151} INFO - [2026-05-29T10:20:20.707+0200] {dagbag.py:539} INFO - Filling up the DagBag from /home/frederic/airflow_venv/lib/python3.10/site-packages/airflow/example_dags/example_short_circuit_operator.py
[2026-05-29T10:20:20.714+0200] {processor.py:839} INFO - DAG(s) dict_keys(['example_short_circuit_operator']) retrieved from /home/frederic/airflow_venv/lib/python3.10/site-packages/airflow/example_dags/example_short_circuit_operator.py
[2026-05-29T10:20:20.729+0200] {logging_mixin.py:151} INFO - [2026-05-29T10:20:20.729+0200] {dag.py:2915} INFO - Sync 1 DAGs
[2026-05-29T10:20:20.745+0200] {logging_mixin.py:151} INFO - [2026-05-29T10:20:20.744+0200] {dag.py:3696} INFO - Setting next_dagrun for example_short_circuit_operator to 2026-05-28T08:20:20.744828+00:00, run_after=2026-05-29T08:20:20.744828+00:00
[2026-05-29T10:20:20.759+0200] {processor.py:179} INFO - Processing /home/frederic/airflow_venv/lib/python3.10/site-packages/airflow/example_dags/example_short_circuit_operator.py took 0.057 seconds
[2026-05-29T10:21:11.215+0200] {processor.py:157} INFO - Started process (PID=702649) to work on /home/frederic/airflow_venv/lib/python3.10/site-packages/airflow/example_dags/example_short_circuit_operator.py
[2026-05-29T10:21:11.216+0200] {processor.py:829} INFO - Processing file /home/frederic/airflow_venv/lib/python3.10/site-packages/airflow/example_dags/example_short_circuit_operator.py for tasks to queue
[2026-05-29T10:21:11.217+0200] {logging_mixin.py:151} INFO - [2026-05-29T10:21:11.216+0200] {dagbag.py:539} INFO - Filling up the DagBag from /home/frederic/airflow_venv/lib/python3.10/site-packages/airflow/example_dags/example_short_circuit_operator.py
[2026-05-29T10:21:11.223+0200] {processor.py:839} INFO - DAG(s) dict_keys(['example_short_circuit_operator']) retrieved from /home/frederic/airflow_venv/lib/python3.10/site-packages/airflow/example_dags/example_short_circuit_operator.py
[2026-05-29T10:21:11.240+0200] {logging_mixin.py:151} INFO - [2026-05-29T10:21:11.239+0200] {dag.py:2915} INFO - Sync 1 DAGs
[2026-05-29T10:21:11.257+0200] {logging_mixin.py:151} INFO - [2026-05-29T10:21:11.256+0200] {dag.py:3696} INFO - Setting next_dagrun for example_short_circuit_operator to 2026-05-28T08:21:11.256726+00:00, run_after=2026-05-29T08:21:11.256726+00:00
[2026-05-29T10:21:11.270+0200] {processor.py:179} INFO - Processing /home/frederic/airflow_venv/lib/python3.10/site-packages/airflow/example_dags/example_short_circuit_operator.py took 0.057 seconds
[2026-05-29T10:21:57.596+0200] {processor.py:157} INFO - Started process (PID=703076) to work on /home/frederic/airflow_venv/lib/python3.10/site-packages/airflow/example_dags/example_short_circuit_operator.py
[2026-05-29T10:21:57.597+0200] {processor.py:829} INFO - Processing file /home/frederic/airflow_venv/lib/python3.10/site-packages/airflow/example_dags/example_short_circuit_operator.py for tasks to queue
[2026-05-29T10:21:57.598+0200] {logging_mixin.py:151} INFO - [2026-05-29T10:21:57.597+0200] {dagbag.py:539} INFO - Filling up the DagBag from /home/frederic/airflow_venv/lib/python3.10/site-packages/airflow/example_dags/example_short_circuit_operator.py
[2026-05-29T10:21:57.604+0200] {processor.py:839} INFO - DAG(s) dict_keys(['example_short_circuit_operator']) retrieved from /home/frederic/airflow_venv/lib/python3.10/site-packages/airflow/example_dags/example_short_circuit_operator.py
[2026-05-29T10:21:57.618+0200] {logging_mixin.py:151} INFO - [2026-05-29T10:21:57.618+0200] {dag.py:2915} INFO - Sync 1 DAGs
[2026-05-29T10:21:57.714+0200] {logging_mixin.py:151} INFO - [2026-05-29T10:21:57.714+0200] {dag.py:3696} INFO - Setting next_dagrun for example_short_circuit_operator to 2026-05-28T08:21:57.714249+00:00, run_after=2026-05-29T08:21:57.714249+00:00
[2026-05-29T10:21:57.727+0200] {processor.py:179} INFO - Processing /home/frederic/airflow_venv/lib/python3.10/site-packages/airflow/example_dags/example_short_circuit_operator.py took 0.134 seconds
[2026-05-29T10:22:47.927+0200] {processor.py:157} INFO - Started process (PID=703559) to work on /home/frederic/airflow_venv/lib/python3.10/site-packages/airflow/example_dags/example_short_circuit_operator.py
[2026-05-29T10:22:47.928+0200] {processor.py:829} INFO - Processing file /home/frederic/airflow_venv/lib/python3.10/site-packages/airflow/example_dags/example_short_circuit_operator.py for tasks to queue
[2026-05-29T10:22:47.929+0200] {logging_mixin.py:151} INFO - [2026-05-29T10:22:47.928+0200] {dagbag.py:539} INFO - Filling up the DagBag from /home/frederic/airflow_venv/lib/python3.10/site-packages/airflow/example_dags/example_short_circuit_operator.py
[2026-05-29T10:22:47.935+0200] {processor.py:839} INFO - DAG(s) dict_keys(['example_short_circuit_operator']) retrieved from /home/frederic/airflow_venv/lib/python3.10/site-packages/airflow/example_dags/example_short_circuit_operator.py
[2026-05-29T10:22:47.956+0200] {logging_mixin.py:151} INFO - [2026-05-29T10:22:47.956+0200] {dag.py:2915} INFO - Sync 1 DAGs
[2026-05-29T10:22:47.970+0200] {logging_mixin.py:151} INFO - [2026-05-29T10:22:47.970+0200] {dag.py:3696} INFO - Setting next_dagrun for example_short_circuit_operator to 2026-05-28T08:22:47.970259+00:00, run_after=2026-05-29T08:22:47.970259+00:00
[2026-05-29T10:22:47.985+0200] {processor.py:179} INFO - Processing /home/frederic/airflow_venv/lib/python3.10/site-packages/airflow/example_dags/example_short_circuit_operator.py took 0.059 seconds
[2026-05-29T10:23:35.090+0200] {processor.py:157} INFO - Started process (PID=704166) to work on /home/frederic/airflow_venv/lib/python3.10/site-packages/airflow/example_dags/example_short_circuit_operator.py
[2026-05-29T10:23:35.091+0200] {processor.py:829} INFO - Processing file /home/frederic/airflow_venv/lib/python3.10/site-packages/airflow/example_dags/example_short_circuit_operator.py for tasks to queue
[2026-05-29T10:23:35.092+0200] {logging_mixin.py:151} INFO - [2026-05-29T10:23:35.091+0200] {dagbag.py:539} INFO - Filling up the DagBag from /home/frederic/airflow_venv/lib/python3.10/site-packages/airflow/example_dags/example_short_circuit_operator.py
[2026-05-29T10:23:35.098+0200] {processor.py:839} INFO - DAG(s) dict_keys(['example_short_circuit_operator']) retrieved from /home/frederic/airflow_venv/lib/python3.10/site-packages/airflow/example_dags/example_short_circuit_operator.py
[2026-05-29T10:23:35.114+0200] {logging_mixin.py:151} INFO - [2026-05-29T10:23:35.114+0200] {dag.py:2915} INFO - Sync 1 DAGs
[2026-05-29T10:23:35.129+0200] {logging_mixin.py:151} INFO - [2026-05-29T10:23:35.129+0200] {dag.py:3696} INFO - Setting next_dagrun for example_short_circuit_operator to 2026-05-28T08:23:35.129080+00:00, run_after=2026-05-29T08:23:35.129080+00:00
[2026-05-29T10:23:35.143+0200] {processor.py:179} INFO - Processing /home/frederic/airflow_venv/lib/python3.10/site-packages/airflow/example_dags/example_short_circuit_operator.py took 0.055 seconds
[2026-05-29T10:24:26.378+0200] {processor.py:157} INFO - Started process (PID=704694) to work on /home/frederic/airflow_venv/lib/python3.10/site-packages/airflow/example_dags/example_short_circuit_operator.py
[2026-05-29T10:24:26.379+0200] {processor.py:829} INFO - Processing file /home/frederic/airflow_venv/lib/python3.10/site-packages/airflow/example_dags/example_short_circuit_operator.py for tasks to queue
[2026-05-29T10:24:26.379+0200] {logging_mixin.py:151} INFO - [2026-05-29T10:24:26.379+0200] {dagbag.py:539} INFO - Filling up the DagBag from /home/frederic/airflow_venv/lib/python3.10/site-packages/airflow/example_dags/example_short_circuit_operator.py
[2026-05-29T10:24:26.386+0200] {processor.py:839} INFO - DAG(s) dict_keys(['example_short_circuit_operator']) retrieved from /home/frederic/airflow_venv/lib/python3.10/site-packages/airflow/example_dags/example_short_circuit_operator.py
[2026-05-29T10:24:26.400+0200] {logging_mixin.py:151} INFO - [2026-05-29T10:24:26.400+0200] {dag.py:2915} INFO - Sync 1 DAGs
[2026-05-29T10:24:26.415+0200] {logging_mixin.py:151} INFO - [2026-05-29T10:24:26.415+0200] {dag.py:3696} INFO - Setting next_dagrun for example_short_circuit_operator to 2026-05-28T08:24:26.415533+00:00, run_after=2026-05-29T08:24:26.415533+00:00
[2026-05-29T10:24:26.431+0200] {processor.py:179} INFO - Processing /home/frederic/airflow_venv/lib/python3.10/site-packages/airflow/example_dags/example_short_circuit_operator.py took 0.056 seconds
[2026-05-29T10:25:20.754+0200] {processor.py:157} INFO - Started process (PID=705234) to work on /home/frederic/airflow_venv/lib/python3.10/site-packages/airflow/example_dags/example_short_circuit_operator.py
[2026-05-29T10:25:20.755+0200] {processor.py:829} INFO - Processing file /home/frederic/airflow_venv/lib/python3.10/site-packages/airflow/example_dags/example_short_circuit_operator.py for tasks to queue
[2026-05-29T10:25:20.756+0200] {logging_mixin.py:151} INFO - [2026-05-29T10:25:20.756+0200] {dagbag.py:539} INFO - Filling up the DagBag from /home/frederic/airflow_venv/lib/python3.10/site-packages/airflow/example_dags/example_short_circuit_operator.py
[2026-05-29T10:25:20.764+0200] {processor.py:839} INFO - DAG(s) dict_keys(['example_short_circuit_operator']) retrieved from /home/frederic/airflow_venv/lib/python3.10/site-packages/airflow/example_dags/example_short_circuit_operator.py
[2026-05-29T10:25:20.780+0200] {logging_mixin.py:151} INFO - [2026-05-29T10:25:20.780+0200] {dag.py:2915} INFO - Sync 1 DAGs
[2026-05-29T10:25:20.876+0200] {logging_mixin.py:151} INFO - [2026-05-29T10:25:20.876+0200] {dag.py:3696} INFO - Setting next_dagrun for example_short_circuit_operator to 2026-05-28T08:25:20.876004+00:00, run_after=2026-05-29T08:25:20.876004+00:00
[2026-05-29T10:25:20.891+0200] {processor.py:179} INFO - Processing /home/frederic/airflow_venv/lib/python3.10/site-packages/airflow/example_dags/example_short_circuit_operator.py took 0.139 seconds
[2026-05-29T10:26:16.307+0200] {processor.py:157} INFO - Started process (PID=705770) to work on /home/frederic/airflow_venv/lib/python3.10/site-packages/airflow/example_dags/example_short_circuit_operator.py
[2026-05-29T10:26:16.308+0200] {processor.py:829} INFO - Processing file /home/frederic/airflow_venv/lib/python3.10/site-packages/airflow/example_dags/example_short_circuit_operator.py for tasks to queue
[2026-05-29T10:26:16.309+0200] {logging_mixin.py:151} INFO - [2026-05-29T10:26:16.308+0200] {dagbag.py:539} INFO - Filling up the DagBag from /home/frederic/airflow_venv/lib/python3.10/site-packages/airflow/example_dags/example_short_circuit_operator.py
[2026-05-29T10:26:16.318+0200] {processor.py:839} INFO - DAG(s) dict_keys(['example_short_circuit_operator']) retrieved from /home/frederic/airflow_venv/lib/python3.10/site-packages/airflow/example_dags/example_short_circuit_operator.py
[2026-05-29T10:26:16.347+0200] {logging_mixin.py:151} INFO - [2026-05-29T10:26:16.347+0200] {dag.py:2915} INFO - Sync 1 DAGs
[2026-05-29T10:26:16.368+0200] {logging_mixin.py:151} INFO - [2026-05-29T10:26:16.368+0200] {dag.py:3696} INFO - Setting next_dagrun for example_short_circuit_operator to 2026-05-28T08:26:16.368290+00:00, run_after=2026-05-29T08:26:16.368290+00:00
[2026-05-29T10:26:16.385+0200] {processor.py:179} INFO - Processing /home/frederic/airflow_venv/lib/python3.10/site-packages/airflow/example_dags/example_short_circuit_operator.py took 0.080 seconds
[2026-05-29T10:27:07.461+0200] {processor.py:157} INFO - Started process (PID=706307) to work on /home/frederic/airflow_venv/lib/python3.10/site-packages/airflow/example_dags/example_short_circuit_operator.py
[2026-05-29T10:27:07.462+0200] {processor.py:829} INFO - Processing file /home/frederic/airflow_venv/lib/python3.10/site-packages/airflow/example_dags/example_short_circuit_operator.py for tasks to queue
[2026-05-29T10:27:07.462+0200] {logging_mixin.py:151} INFO - [2026-05-29T10:27:07.462+0200] {dagbag.py:539} INFO - Filling up the DagBag from /home/frederic/airflow_venv/lib/python3.10/site-packages/airflow/example_dags/example_short_circuit_operator.py
[2026-05-29T10:27:07.546+0200] {processor.py:839} INFO - DAG(s) dict_keys(['example_short_circuit_operator']) retrieved from /home/frederic/airflow_venv/lib/python3.10/site-packages/airflow/example_dags/example_short_circuit_operator.py
[2026-05-29T10:27:07.557+0200] {logging_mixin.py:151} INFO - [2026-05-29T10:27:07.557+0200] {dag.py:2915} INFO - Sync 1 DAGs
[2026-05-29T10:27:07.570+0200] {logging_mixin.py:151} INFO - [2026-05-29T10:27:07.570+0200] {dag.py:3696} INFO - Setting next_dagrun for example_short_circuit_operator to 2026-05-28T08:27:07.570133+00:00, run_after=2026-05-29T08:27:07.570133+00:00
[2026-05-29T10:27:07.585+0200] {processor.py:179} INFO - Processing /home/frederic/airflow_venv/lib/python3.10/site-packages/airflow/example_dags/example_short_circuit_operator.py took 0.127 seconds
[2026-05-29T10:27:53.803+0200] {processor.py:157} INFO - Started process (PID=706733) to work on /home/frederic/airflow_venv/lib/python3.10/site-packages/airflow/example_dags/example_short_circuit_operator.py
[2026-05-29T10:27:53.804+0200] {processor.py:829} INFO - Processing file /home/frederic/airflow_venv/lib/python3.10/site-packages/airflow/example_dags/example_short_circuit_operator.py for tasks to queue
[2026-05-29T10:27:53.805+0200] {logging_mixin.py:151} INFO - [2026-05-29T10:27:53.805+0200] {dagbag.py:539} INFO - Filling up the DagBag from /home/frederic/airflow_venv/lib/python3.10/site-packages/airflow/example_dags/example_short_circuit_operator.py
[2026-05-29T10:27:53.812+0200] {processor.py:839} INFO - DAG(s) dict_keys(['example_short_circuit_operator']) retrieved from /home/frederic/airflow_venv/lib/python3.10/site-packages/airflow/example_dags/example_short_circuit_operator.py
[2026-05-29T10:27:53.829+0200] {logging_mixin.py:151} INFO - [2026-05-29T10:27:53.829+0200] {dag.py:2915} INFO - Sync 1 DAGs
[2026-05-29T10:27:53.848+0200] {logging_mixin.py:151} INFO - [2026-05-29T10:27:53.848+0200] {dag.py:3696} INFO - Setting next_dagrun for example_short_circuit_operator to 2026-05-28T08:27:53.847841+00:00, run_after=2026-05-29T08:27:53.847841+00:00
[2026-05-29T10:27:53.861+0200] {processor.py:179} INFO - Processing /home/frederic/airflow_venv/lib/python3.10/site-packages/airflow/example_dags/example_short_circuit_operator.py took 0.060 seconds
[2026-05-29T10:28:36.068+0200] {processor.py:157} INFO - Started process (PID=707374) to work on /home/frederic/airflow_venv/lib/python3.10/site-packages/airflow/example_dags/example_short_circuit_operator.py
[2026-05-29T10:28:36.069+0200] {processor.py:829} INFO - Processing file /home/frederic/airflow_venv/lib/python3.10/site-packages/airflow/example_dags/example_short_circuit_operator.py for tasks to queue
[2026-05-29T10:28:36.070+0200] {logging_mixin.py:151} INFO - [2026-05-29T10:28:36.070+0200] {dagbag.py:539} INFO - Filling up the DagBag from /home/frederic/airflow_venv/lib/python3.10/site-packages/airflow/example_dags/example_short_circuit_operator.py
[2026-05-29T10:28:36.076+0200] {processor.py:839} INFO - DAG(s) dict_keys(['example_short_circuit_operator']) retrieved from /home/frederic/airflow_venv/lib/python3.10/site-packages/airflow/example_dags/example_short_circuit_operator.py
[2026-05-29T10:28:36.093+0200] {logging_mixin.py:151} INFO - [2026-05-29T10:28:36.092+0200] {dag.py:2915} INFO - Sync 1 DAGs
[2026-05-29T10:28:36.108+0200] {logging_mixin.py:151} INFO - [2026-05-29T10:28:36.108+0200] {dag.py:3696} INFO - Setting next_dagrun for example_short_circuit_operator to 2026-05-28T08:28:36.108569+00:00, run_after=2026-05-29T08:28:36.108569+00:00
[2026-05-29T10:28:36.124+0200] {processor.py:179} INFO - Processing /home/frederic/airflow_venv/lib/python3.10/site-packages/airflow/example_dags/example_short_circuit_operator.py took 0.058 seconds
[2026-05-29T10:29:26.344+0200] {processor.py:157} INFO - Started process (PID=707924) to work on /home/frederic/airflow_venv/lib/python3.10/site-packages/airflow/example_dags/example_short_circuit_operator.py
[2026-05-29T10:29:26.345+0200] {processor.py:829} INFO - Processing file /home/frederic/airflow_venv/lib/python3.10/site-packages/airflow/example_dags/example_short_circuit_operator.py for tasks to queue
[2026-05-29T10:29:26.346+0200] {logging_mixin.py:151} INFO - [2026-05-29T10:29:26.346+0200] {dagbag.py:539} INFO - Filling up the DagBag from /home/frederic/airflow_venv/lib/python3.10/site-packages/airflow/example_dags/example_short_circuit_operator.py
[2026-05-29T10:29:26.353+0200] {processor.py:839} INFO - DAG(s) dict_keys(['example_short_circuit_operator']) retrieved from /home/frederic/airflow_venv/lib/python3.10/site-packages/airflow/example_dags/example_short_circuit_operator.py
[2026-05-29T10:29:26.367+0200] {logging_mixin.py:151} INFO - [2026-05-29T10:29:26.367+0200] {dag.py:2915} INFO - Sync 1 DAGs
[2026-05-29T10:29:26.383+0200] {logging_mixin.py:151} INFO - [2026-05-29T10:29:26.383+0200] {dag.py:3696} INFO - Setting next_dagrun for example_short_circuit_operator to 2026-05-28T08:29:26.382941+00:00, run_after=2026-05-29T08:29:26.382941+00:00
[2026-05-29T10:29:26.397+0200] {processor.py:179} INFO - Processing /home/frederic/airflow_venv/lib/python3.10/site-packages/airflow/example_dags/example_short_circuit_operator.py took 0.055 seconds
[2026-05-29T10:30:13.788+0200] {processor.py:157} INFO - Started process (PID=708498) to work on /home/frederic/airflow_venv/lib/python3.10/site-packages/airflow/example_dags/example_short_circuit_operator.py
[2026-05-29T10:30:13.789+0200] {processor.py:829} INFO - Processing file /home/frederic/airflow_venv/lib/python3.10/site-packages/airflow/example_dags/example_short_circuit_operator.py for tasks to queue
[2026-05-29T10:30:13.790+0200] {logging_mixin.py:151} INFO - [2026-05-29T10:30:13.790+0200] {dagbag.py:539} INFO - Filling up the DagBag from /home/frederic/airflow_venv/lib/python3.10/site-packages/airflow/example_dags/example_short_circuit_operator.py
[2026-05-29T10:30:13.796+0200] {processor.py:839} INFO - DAG(s) dict_keys(['example_short_circuit_operator']) retrieved from /home/frederic/airflow_venv/lib/python3.10/site-packages/airflow/example_dags/example_short_circuit_operator.py
[2026-05-29T10:30:13.811+0200] {logging_mixin.py:151} INFO - [2026-05-29T10:30:13.811+0200] {dag.py:2915} INFO - Sync 1 DAGs
[2026-05-29T10:30:13.832+0200] {logging_mixin.py:151} INFO - [2026-05-29T10:30:13.832+0200] {dag.py:3696} INFO - Setting next_dagrun for example_short_circuit_operator to 2026-05-28T08:30:13.831989+00:00, run_after=2026-05-29T08:30:13.831989+00:00
[2026-05-29T10:30:13.850+0200] {processor.py:179} INFO - Processing /home/frederic/airflow_venv/lib/python3.10/site-packages/airflow/example_dags/example_short_circuit_operator.py took 0.064 seconds
[2026-05-29T10:30:58.811+0200] {processor.py:157} INFO - Started process (PID=709108) to work on /home/frederic/airflow_venv/lib/python3.10/site-packages/airflow/example_dags/example_short_circuit_operator.py
[2026-05-29T10:30:58.812+0200] {processor.py:829} INFO - Processing file /home/frederic/airflow_venv/lib/python3.10/site-packages/airflow/example_dags/example_short_circuit_operator.py for tasks to queue
[2026-05-29T10:30:58.812+0200] {logging_mixin.py:151} INFO - [2026-05-29T10:30:58.812+0200] {dagbag.py:539} INFO - Filling up the DagBag from /home/frederic/airflow_venv/lib/python3.10/site-packages/airflow/example_dags/example_short_circuit_operator.py
[2026-05-29T10:30:58.820+0200] {processor.py:839} INFO - DAG(s) dict_keys(['example_short_circuit_operator']) retrieved from /home/frederic/airflow_venv/lib/python3.10/site-packages/airflow/example_dags/example_short_circuit_operator.py
[2026-05-29T10:30:58.834+0200] {logging_mixin.py:151} INFO - [2026-05-29T10:30:58.834+0200] {dag.py:2915} INFO - Sync 1 DAGs
[2026-05-29T10:30:58.850+0200] {logging_mixin.py:151} INFO - [2026-05-29T10:30:58.850+0200] {dag.py:3696} INFO - Setting next_dagrun for example_short_circuit_operator to 2026-05-28T08:30:58.850001+00:00, run_after=2026-05-29T08:30:58.850001+00:00
[2026-05-29T10:30:58.865+0200] {processor.py:179} INFO - Processing /home/frederic/airflow_venv/lib/python3.10/site-packages/airflow/example_dags/example_short_circuit_operator.py took 0.057 seconds
[2026-05-29T10:31:46.175+0200] {processor.py:157} INFO - Started process (PID=709590) to work on /home/frederic/airflow_venv/lib/python3.10/site-packages/airflow/example_dags/example_short_circuit_operator.py
[2026-05-29T10:31:46.176+0200] {processor.py:829} INFO - Processing file /home/frederic/airflow_venv/lib/python3.10/site-packages/airflow/example_dags/example_short_circuit_operator.py for tasks to queue
[2026-05-29T10:31:46.176+0200] {logging_mixin.py:151} INFO - [2026-05-29T10:31:46.176+0200] {dagbag.py:539} INFO - Filling up the DagBag from /home/frederic/airflow_venv/lib/python3.10/site-packages/airflow/example_dags/example_short_circuit_operator.py
[2026-05-29T10:31:46.184+0200] {processor.py:839} INFO - DAG(s) dict_keys(['example_short_circuit_operator']) retrieved from /home/frederic/airflow_venv/lib/python3.10/site-packages/airflow/example_dags/example_short_circuit_operator.py
[2026-05-29T10:31:46.201+0200] {logging_mixin.py:151} INFO - [2026-05-29T10:31:46.200+0200] {dag.py:2915} INFO - Sync 1 DAGs
[2026-05-29T10:31:46.235+0200] {logging_mixin.py:151} INFO - [2026-05-29T10:31:46.234+0200] {dag.py:3696} INFO - Setting next_dagrun for example_short_circuit_operator to 2026-05-28T08:31:46.234707+00:00, run_after=2026-05-29T08:31:46.234707+00:00
[2026-05-29T10:31:46.258+0200] {processor.py:179} INFO - Processing /home/frederic/airflow_venv/lib/python3.10/site-packages/airflow/example_dags/example_short_circuit_operator.py took 0.086 seconds
[2026-05-29T10:32:30.539+0200] {processor.py:157} INFO - Started process (PID=710182) to work on /home/frederic/airflow_venv/lib/python3.10/site-packages/airflow/example_dags/example_short_circuit_operator.py
[2026-05-29T10:32:30.540+0200] {processor.py:829} INFO - Processing file /home/frederic/airflow_venv/lib/python3.10/site-packages/airflow/example_dags/example_short_circuit_operator.py for tasks to queue
[2026-05-29T10:32:30.541+0200] {logging_mixin.py:151} INFO - [2026-05-29T10:32:30.541+0200] {dagbag.py:539} INFO - Filling up the DagBag from /home/frederic/airflow_venv/lib/python3.10/site-packages/airflow/example_dags/example_short_circuit_operator.py
[2026-05-29T10:32:30.548+0200] {processor.py:839} INFO - DAG(s) dict_keys(['example_short_circuit_operator']) retrieved from /home/frederic/airflow_venv/lib/python3.10/site-packages/airflow/example_dags/example_short_circuit_operator.py
[2026-05-29T10:32:30.563+0200] {logging_mixin.py:151} INFO - [2026-05-29T10:32:30.562+0200] {dag.py:2915} INFO - Sync 1 DAGs
[2026-05-29T10:32:30.580+0200] {logging_mixin.py:151} INFO - [2026-05-29T10:32:30.580+0200] {dag.py:3696} INFO - Setting next_dagrun for example_short_circuit_operator to 2026-05-28T08:32:30.580238+00:00, run_after=2026-05-29T08:32:30.580238+00:00
[2026-05-29T10:32:30.597+0200] {processor.py:179} INFO - Processing /home/frederic/airflow_venv/lib/python3.10/site-packages/airflow/example_dags/example_short_circuit_operator.py took 0.060 seconds
[2026-05-29T10:33:17.912+0200] {processor.py:157} INFO - Started process (PID=710969) to work on /home/frederic/airflow_venv/lib/python3.10/site-packages/airflow/example_dags/example_short_circuit_operator.py
[2026-05-29T10:33:17.913+0200] {processor.py:829} INFO - Processing file /home/frederic/airflow_venv/lib/python3.10/site-packages/airflow/example_dags/example_short_circuit_operator.py for tasks to queue
[2026-05-29T10:33:17.914+0200] {logging_mixin.py:151} INFO - [2026-05-29T10:33:17.913+0200] {dagbag.py:539} INFO - Filling up the DagBag from /home/frederic/airflow_venv/lib/python3.10/site-packages/airflow/example_dags/example_short_circuit_operator.py
[2026-05-29T10:33:17.924+0200] {processor.py:839} INFO - DAG(s) dict_keys(['example_short_circuit_operator']) retrieved from /home/frederic/airflow_venv/lib/python3.10/site-packages/airflow/example_dags/example_short_circuit_operator.py
[2026-05-29T10:33:17.951+0200] {logging_mixin.py:151} INFO - [2026-05-29T10:33:17.950+0200] {dag.py:2915} INFO - Sync 1 DAGs
[2026-05-29T10:33:17.972+0200] {logging_mixin.py:151} INFO - [2026-05-29T10:33:17.972+0200] {dag.py:3696} INFO - Setting next_dagrun for example_short_circuit_operator to 2026-05-28T08:33:17.972015+00:00, run_after=2026-05-29T08:33:17.972015+00:00
[2026-05-29T10:33:17.992+0200] {processor.py:179} INFO - Processing /home/frederic/airflow_venv/lib/python3.10/site-packages/airflow/example_dags/example_short_circuit_operator.py took 0.083 seconds
[2026-05-29T10:34:03.167+0200] {processor.py:157} INFO - Started process (PID=711707) to work on /home/frederic/airflow_venv/lib/python3.10/site-packages/airflow/example_dags/example_short_circuit_operator.py
[2026-05-29T10:34:03.168+0200] {processor.py:829} INFO - Processing file /home/frederic/airflow_venv/lib/python3.10/site-packages/airflow/example_dags/example_short_circuit_operator.py for tasks to queue
[2026-05-29T10:34:03.168+0200] {logging_mixin.py:151} INFO - [2026-05-29T10:34:03.168+0200] {dagbag.py:539} INFO - Filling up the DagBag from /home/frederic/airflow_venv/lib/python3.10/site-packages/airflow/example_dags/example_short_circuit_operator.py
[2026-05-29T10:34:03.175+0200] {processor.py:839} INFO - DAG(s) dict_keys(['example_short_circuit_operator']) retrieved from /home/frederic/airflow_venv/lib/python3.10/site-packages/airflow/example_dags/example_short_circuit_operator.py
[2026-05-29T10:34:03.190+0200] {logging_mixin.py:151} INFO - [2026-05-29T10:34:03.190+0200] {dag.py:2915} INFO - Sync 1 DAGs
[2026-05-29T10:34:03.208+0200] {logging_mixin.py:151} INFO - [2026-05-29T10:34:03.207+0200] {dag.py:3696} INFO - Setting next_dagrun for example_short_circuit_operator to 2026-05-28T08:34:03.207709+00:00, run_after=2026-05-29T08:34:03.207709+00:00
[2026-05-29T10:34:03.222+0200] {processor.py:179} INFO - Processing /home/frederic/airflow_venv/lib/python3.10/site-packages/airflow/example_dags/example_short_circuit_operator.py took 0.058 seconds
[2026-05-29T10:34:44.176+0200] {processor.py:157} INFO - Started process (PID=712131) to work on /home/frederic/airflow_venv/lib/python3.10/site-packages/airflow/example_dags/example_short_circuit_operator.py
[2026-05-29T10:34:44.178+0200] {processor.py:829} INFO - Processing file /home/frederic/airflow_venv/lib/python3.10/site-packages/airflow/example_dags/example_short_circuit_operator.py for tasks to queue
[2026-05-29T10:34:44.179+0200] {logging_mixin.py:151} INFO - [2026-05-29T10:34:44.178+0200] {dagbag.py:539} INFO - Filling up the DagBag from /home/frederic/airflow_venv/lib/python3.10/site-packages/airflow/example_dags/example_short_circuit_operator.py
[2026-05-29T10:34:44.188+0200] {processor.py:839} INFO - DAG(s) dict_keys(['example_short_circuit_operator']) retrieved from /home/frederic/airflow_venv/lib/python3.10/site-packages/airflow/example_dags/example_short_circuit_operator.py
[2026-05-29T10:34:44.204+0200] {logging_mixin.py:151} INFO - [2026-05-29T10:34:44.204+0200] {dag.py:2915} INFO - Sync 1 DAGs
[2026-05-29T10:34:44.220+0200] {logging_mixin.py:151} INFO - [2026-05-29T10:34:44.220+0200] {dag.py:3696} INFO - Setting next_dagrun for example_short_circuit_operator to 2026-05-28T08:34:44.219922+00:00, run_after=2026-05-29T08:34:44.219922+00:00
[2026-05-29T10:34:44.235+0200] {processor.py:179} INFO - Processing /home/frederic/airflow_venv/lib/python3.10/site-packages/airflow/example_dags/example_short_circuit_operator.py took 0.062 seconds
[2026-05-29T10:35:33.119+0200] {processor.py:157} INFO - Started process (PID=712632) to work on /home/frederic/airflow_venv/lib/python3.10/site-packages/airflow/example_dags/example_short_circuit_operator.py
[2026-05-29T10:35:33.122+0200] {processor.py:829} INFO - Processing file /home/frederic/airflow_venv/lib/python3.10/site-packages/airflow/example_dags/example_short_circuit_operator.py for tasks to queue
[2026-05-29T10:35:33.123+0200] {logging_mixin.py:151} INFO - [2026-05-29T10:35:33.122+0200] {dagbag.py:539} INFO - Filling up the DagBag from /home/frederic/airflow_venv/lib/python3.10/site-packages/airflow/example_dags/example_short_circuit_operator.py
[2026-05-29T10:35:33.129+0200] {processor.py:839} INFO - DAG(s) dict_keys(['example_short_circuit_operator']) retrieved from /home/frederic/airflow_venv/lib/python3.10/site-packages/airflow/example_dags/example_short_circuit_operator.py
[2026-05-29T10:35:33.143+0200] {logging_mixin.py:151} INFO - [2026-05-29T10:35:33.142+0200] {dag.py:2915} INFO - Sync 1 DAGs
[2026-05-29T10:35:33.158+0200] {logging_mixin.py:151} INFO - [2026-05-29T10:35:33.157+0200] {dag.py:3696} INFO - Setting next_dagrun for example_short_circuit_operator to 2026-05-28T08:35:33.157735+00:00, run_after=2026-05-29T08:35:33.157735+00:00
[2026-05-29T10:35:33.173+0200] {processor.py:179} INFO - Processing /home/frederic/airflow_venv/lib/python3.10/site-packages/airflow/example_dags/example_short_circuit_operator.py took 0.057 seconds
[2026-05-29T10:36:18.114+0200] {processor.py:157} INFO - Started process (PID=713193) to work on /home/frederic/airflow_venv/lib/python3.10/site-packages/airflow/example_dags/example_short_circuit_operator.py
[2026-05-29T10:36:18.115+0200] {processor.py:829} INFO - Processing file /home/frederic/airflow_venv/lib/python3.10/site-packages/airflow/example_dags/example_short_circuit_operator.py for tasks to queue
[2026-05-29T10:36:18.116+0200] {logging_mixin.py:151} INFO - [2026-05-29T10:36:18.116+0200] {dagbag.py:539} INFO - Filling up the DagBag from /home/frederic/airflow_venv/lib/python3.10/site-packages/airflow/example_dags/example_short_circuit_operator.py
[2026-05-29T10:36:18.124+0200] {processor.py:839} INFO - DAG(s) dict_keys(['example_short_circuit_operator']) retrieved from /home/frederic/airflow_venv/lib/python3.10/site-packages/airflow/example_dags/example_short_circuit_operator.py
[2026-05-29T10:36:18.140+0200] {logging_mixin.py:151} INFO - [2026-05-29T10:36:18.140+0200] {dag.py:2915} INFO - Sync 1 DAGs
[2026-05-29T10:36:18.158+0200] {logging_mixin.py:151} INFO - [2026-05-29T10:36:18.158+0200] {dag.py:3696} INFO - Setting next_dagrun for example_short_circuit_operator to 2026-05-28T08:36:18.158335+00:00, run_after=2026-05-29T08:36:18.158335+00:00
[2026-05-29T10:36:18.174+0200] {processor.py:179} INFO - Processing /home/frederic/airflow_venv/lib/python3.10/site-packages/airflow/example_dags/example_short_circuit_operator.py took 0.062 seconds
[2026-05-29T10:37:00.380+0200] {processor.py:157} INFO - Started process (PID=713640) to work on /home/frederic/airflow_venv/lib/python3.10/site-packages/airflow/example_dags/example_short_circuit_operator.py
[2026-05-29T10:37:00.381+0200] {processor.py:829} INFO - Processing file /home/frederic/airflow_venv/lib/python3.10/site-packages/airflow/example_dags/example_short_circuit_operator.py for tasks to queue
[2026-05-29T10:37:00.382+0200] {logging_mixin.py:151} INFO - [2026-05-29T10:37:00.382+0200] {dagbag.py:539} INFO - Filling up the DagBag from /home/frederic/airflow_venv/lib/python3.10/site-packages/airflow/example_dags/example_short_circuit_operator.py
[2026-05-29T10:37:00.389+0200] {processor.py:839} INFO - DAG(s) dict_keys(['example_short_circuit_operator']) retrieved from /home/frederic/airflow_venv/lib/python3.10/site-packages/airflow/example_dags/example_short_circuit_operator.py
[2026-05-29T10:37:00.404+0200] {logging_mixin.py:151} INFO - [2026-05-29T10:37:00.404+0200] {dag.py:2915} INFO - Sync 1 DAGs
[2026-05-29T10:37:00.420+0200] {logging_mixin.py:151} INFO - [2026-05-29T10:37:00.420+0200] {dag.py:3696} INFO - Setting next_dagrun for example_short_circuit_operator to 2026-05-28T08:37:00.420275+00:00, run_after=2026-05-29T08:37:00.420275+00:00
[2026-05-29T10:37:00.436+0200] {processor.py:179} INFO - Processing /home/frederic/airflow_venv/lib/python3.10/site-packages/airflow/example_dags/example_short_circuit_operator.py took 0.058 seconds
[2026-05-29T10:37:47.606+0200] {processor.py:157} INFO - Started process (PID=714429) to work on /home/frederic/airflow_venv/lib/python3.10/site-packages/airflow/example_dags/example_short_circuit_operator.py
[2026-05-29T10:37:47.608+0200] {processor.py:829} INFO - Processing file /home/frederic/airflow_venv/lib/python3.10/site-packages/airflow/example_dags/example_short_circuit_operator.py for tasks to queue
[2026-05-29T10:37:47.608+0200] {logging_mixin.py:151} INFO - [2026-05-29T10:37:47.608+0200] {dagbag.py:539} INFO - Filling up the DagBag from /home/frederic/airflow_venv/lib/python3.10/site-packages/airflow/example_dags/example_short_circuit_operator.py
[2026-05-29T10:37:47.615+0200] {processor.py:839} INFO - DAG(s) dict_keys(['example_short_circuit_operator']) retrieved from /home/frederic/airflow_venv/lib/python3.10/site-packages/airflow/example_dags/example_short_circuit_operator.py
[2026-05-29T10:37:47.630+0200] {logging_mixin.py:151} INFO - [2026-05-29T10:37:47.629+0200] {dag.py:2915} INFO - Sync 1 DAGs
[2026-05-29T10:37:47.645+0200] {logging_mixin.py:151} INFO - [2026-05-29T10:37:47.644+0200] {dag.py:3696} INFO - Setting next_dagrun for example_short_circuit_operator to 2026-05-28T08:37:47.644758+00:00, run_after=2026-05-29T08:37:47.644758+00:00
[2026-05-29T10:37:47.658+0200] {processor.py:179} INFO - Processing /home/frederic/airflow_venv/lib/python3.10/site-packages/airflow/example_dags/example_short_circuit_operator.py took 0.054 seconds
[2026-05-29T10:38:35.448+0200] {processor.py:157} INFO - Started process (PID=715032) to work on /home/frederic/airflow_venv/lib/python3.10/site-packages/airflow/example_dags/example_short_circuit_operator.py
[2026-05-29T10:38:35.450+0200] {processor.py:829} INFO - Processing file /home/frederic/airflow_venv/lib/python3.10/site-packages/airflow/example_dags/example_short_circuit_operator.py for tasks to queue
[2026-05-29T10:38:35.451+0200] {logging_mixin.py:151} INFO - [2026-05-29T10:38:35.450+0200] {dagbag.py:539} INFO - Filling up the DagBag from /home/frederic/airflow_venv/lib/python3.10/site-packages/airflow/example_dags/example_short_circuit_operator.py
[2026-05-29T10:38:35.461+0200] {processor.py:839} INFO - DAG(s) dict_keys(['example_short_circuit_operator']) retrieved from /home/frederic/airflow_venv/lib/python3.10/site-packages/airflow/example_dags/example_short_circuit_operator.py
[2026-05-29T10:38:35.483+0200] {logging_mixin.py:151} INFO - [2026-05-29T10:38:35.482+0200] {dag.py:2915} INFO - Sync 1 DAGs
[2026-05-29T10:38:35.504+0200] {logging_mixin.py:151} INFO - [2026-05-29T10:38:35.504+0200] {dag.py:3696} INFO - Setting next_dagrun for example_short_circuit_operator to 2026-05-28T08:38:35.503942+00:00, run_after=2026-05-29T08:38:35.503942+00:00
[2026-05-29T10:38:35.522+0200] {processor.py:179} INFO - Processing /home/frederic/airflow_venv/lib/python3.10/site-packages/airflow/example_dags/example_short_circuit_operator.py took 0.077 seconds
[2026-05-29T10:39:19.219+0200] {processor.py:157} INFO - Started process (PID=715773) to work on /home/frederic/airflow_venv/lib/python3.10/site-packages/airflow/example_dags/example_short_circuit_operator.py
[2026-05-29T10:39:19.220+0200] {processor.py:829} INFO - Processing file /home/frederic/airflow_venv/lib/python3.10/site-packages/airflow/example_dags/example_short_circuit_operator.py for tasks to queue
[2026-05-29T10:39:19.221+0200] {logging_mixin.py:151} INFO - [2026-05-29T10:39:19.221+0200] {dagbag.py:539} INFO - Filling up the DagBag from /home/frederic/airflow_venv/lib/python3.10/site-packages/airflow/example_dags/example_short_circuit_operator.py
[2026-05-29T10:39:19.231+0200] {processor.py:839} INFO - DAG(s) dict_keys(['example_short_circuit_operator']) retrieved from /home/frederic/airflow_venv/lib/python3.10/site-packages/airflow/example_dags/example_short_circuit_operator.py
[2026-05-29T10:39:19.250+0200] {logging_mixin.py:151} INFO - [2026-05-29T10:39:19.249+0200] {dag.py:2915} INFO - Sync 1 DAGs
[2026-05-29T10:39:19.270+0200] {logging_mixin.py:151} INFO - [2026-05-29T10:39:19.270+0200] {dag.py:3696} INFO - Setting next_dagrun for example_short_circuit_operator to 2026-05-28T08:39:19.270402+00:00, run_after=2026-05-29T08:39:19.270402+00:00
[2026-05-29T10:39:19.288+0200] {processor.py:179} INFO - Processing /home/frederic/airflow_venv/lib/python3.10/site-packages/airflow/example_dags/example_short_circuit_operator.py took 0.071 seconds
[2026-05-29T10:40:04.338+0200] {processor.py:157} INFO - Started process (PID=716389) to work on /home/frederic/airflow_venv/lib/python3.10/site-packages/airflow/example_dags/example_short_circuit_operator.py
[2026-05-29T10:40:04.339+0200] {processor.py:829} INFO - Processing file /home/frederic/airflow_venv/lib/python3.10/site-packages/airflow/example_dags/example_short_circuit_operator.py for tasks to queue
[2026-05-29T10:40:04.340+0200] {logging_mixin.py:151} INFO - [2026-05-29T10:40:04.339+0200] {dagbag.py:539} INFO - Filling up the DagBag from /home/frederic/airflow_venv/lib/python3.10/site-packages/airflow/example_dags/example_short_circuit_operator.py
[2026-05-29T10:40:04.348+0200] {processor.py:839} INFO - DAG(s) dict_keys(['example_short_circuit_operator']) retrieved from /home/frederic/airflow_venv/lib/python3.10/site-packages/airflow/example_dags/example_short_circuit_operator.py
[2026-05-29T10:40:04.365+0200] {logging_mixin.py:151} INFO - [2026-05-29T10:40:04.365+0200] {dag.py:2915} INFO - Sync 1 DAGs
[2026-05-29T10:40:04.384+0200] {logging_mixin.py:151} INFO - [2026-05-29T10:40:04.384+0200] {dag.py:3696} INFO - Setting next_dagrun for example_short_circuit_operator to 2026-05-28T08:40:04.384273+00:00, run_after=2026-05-29T08:40:04.384273+00:00
[2026-05-29T10:40:04.402+0200] {processor.py:179} INFO - Processing /home/frederic/airflow_venv/lib/python3.10/site-packages/airflow/example_dags/example_short_circuit_operator.py took 0.067 seconds
[2026-05-29T10:40:48.734+0200] {processor.py:157} INFO - Started process (PID=716793) to work on /home/frederic/airflow_venv/lib/python3.10/site-packages/airflow/example_dags/example_short_circuit_operator.py
[2026-05-29T10:40:48.735+0200] {processor.py:829} INFO - Processing file /home/frederic/airflow_venv/lib/python3.10/site-packages/airflow/example_dags/example_short_circuit_operator.py for tasks to queue
[2026-05-29T10:40:48.736+0200] {logging_mixin.py:151} INFO - [2026-05-29T10:40:48.735+0200] {dagbag.py:539} INFO - Filling up the DagBag from /home/frederic/airflow_venv/lib/python3.10/site-packages/airflow/example_dags/example_short_circuit_operator.py
[2026-05-29T10:40:48.744+0200] {processor.py:839} INFO - DAG(s) dict_keys(['example_short_circuit_operator']) retrieved from /home/frederic/airflow_venv/lib/python3.10/site-packages/airflow/example_dags/example_short_circuit_operator.py
[2026-05-29T10:40:48.760+0200] {logging_mixin.py:151} INFO - [2026-05-29T10:40:48.760+0200] {dag.py:2915} INFO - Sync 1 DAGs
[2026-05-29T10:40:48.777+0200] {logging_mixin.py:151} INFO - [2026-05-29T10:40:48.777+0200] {dag.py:3696} INFO - Setting next_dagrun for example_short_circuit_operator to 2026-05-28T08:40:48.777412+00:00, run_after=2026-05-29T08:40:48.777412+00:00
[2026-05-29T10:40:48.795+0200] {processor.py:179} INFO - Processing /home/frederic/airflow_venv/lib/python3.10/site-packages/airflow/example_dags/example_short_circuit_operator.py took 0.063 seconds
[2026-05-29T10:41:35.857+0200] {processor.py:157} INFO - Started process (PID=717324) to work on /home/frederic/airflow_venv/lib/python3.10/site-packages/airflow/example_dags/example_short_circuit_operator.py
[2026-05-29T10:41:35.859+0200] {processor.py:829} INFO - Processing file /home/frederic/airflow_venv/lib/python3.10/site-packages/airflow/example_dags/example_short_circuit_operator.py for tasks to queue
[2026-05-29T10:41:35.860+0200] {logging_mixin.py:151} INFO - [2026-05-29T10:41:35.859+0200] {dagbag.py:539} INFO - Filling up the DagBag from /home/frederic/airflow_venv/lib/python3.10/site-packages/airflow/example_dags/example_short_circuit_operator.py
[2026-05-29T10:41:35.867+0200] {processor.py:839} INFO - DAG(s) dict_keys(['example_short_circuit_operator']) retrieved from /home/frederic/airflow_venv/lib/python3.10/site-packages/airflow/example_dags/example_short_circuit_operator.py
[2026-05-29T10:41:35.887+0200] {logging_mixin.py:151} INFO - [2026-05-29T10:41:35.887+0200] {dag.py:2915} INFO - Sync 1 DAGs
[2026-05-29T10:41:35.907+0200] {logging_mixin.py:151} INFO - [2026-05-29T10:41:35.907+0200] {dag.py:3696} INFO - Setting next_dagrun for example_short_circuit_operator to 2026-05-28T08:41:35.907539+00:00, run_after=2026-05-29T08:41:35.907539+00:00
[2026-05-29T10:41:35.928+0200] {processor.py:179} INFO - Processing /home/frederic/airflow_venv/lib/python3.10/site-packages/airflow/example_dags/example_short_circuit_operator.py took 0.074 seconds
[2026-05-29T10:42:23.003+0200] {processor.py:157} INFO - Started process (PID=717822) to work on /home/frederic/airflow_venv/lib/python3.10/site-packages/airflow/example_dags/example_short_circuit_operator.py
[2026-05-29T10:42:23.005+0200] {processor.py:829} INFO - Processing file /home/frederic/airflow_venv/lib/python3.10/site-packages/airflow/example_dags/example_short_circuit_operator.py for tasks to queue
[2026-05-29T10:42:23.005+0200] {logging_mixin.py:151} INFO - [2026-05-29T10:42:23.005+0200] {dagbag.py:539} INFO - Filling up the DagBag from /home/frederic/airflow_venv/lib/python3.10/site-packages/airflow/example_dags/example_short_circuit_operator.py
[2026-05-29T10:42:23.012+0200] {processor.py:839} INFO - DAG(s) dict_keys(['example_short_circuit_operator']) retrieved from /home/frederic/airflow_venv/lib/python3.10/site-packages/airflow/example_dags/example_short_circuit_operator.py
[2026-05-29T10:42:23.028+0200] {logging_mixin.py:151} INFO - [2026-05-29T10:42:23.027+0200] {dag.py:2915} INFO - Sync 1 DAGs
[2026-05-29T10:42:23.043+0200] {logging_mixin.py:151} INFO - [2026-05-29T10:42:23.042+0200] {dag.py:3696} INFO - Setting next_dagrun for example_short_circuit_operator to 2026-05-28T08:42:23.042773+00:00, run_after=2026-05-29T08:42:23.042773+00:00
[2026-05-29T10:42:23.057+0200] {processor.py:179} INFO - Processing /home/frederic/airflow_venv/lib/python3.10/site-packages/airflow/example_dags/example_short_circuit_operator.py took 0.057 seconds
[2026-05-29T10:43:06.904+0200] {processor.py:157} INFO - Started process (PID=718299) to work on /home/frederic/airflow_venv/lib/python3.10/site-packages/airflow/example_dags/example_short_circuit_operator.py
[2026-05-29T10:43:06.905+0200] {processor.py:829} INFO - Processing file /home/frederic/airflow_venv/lib/python3.10/site-packages/airflow/example_dags/example_short_circuit_operator.py for tasks to queue
[2026-05-29T10:43:06.906+0200] {logging_mixin.py:151} INFO - [2026-05-29T10:43:06.905+0200] {dagbag.py:539} INFO - Filling up the DagBag from /home/frederic/airflow_venv/lib/python3.10/site-packages/airflow/example_dags/example_short_circuit_operator.py
[2026-05-29T10:43:06.916+0200] {processor.py:839} INFO - DAG(s) dict_keys(['example_short_circuit_operator']) retrieved from /home/frederic/airflow_venv/lib/python3.10/site-packages/airflow/example_dags/example_short_circuit_operator.py
[2026-05-29T10:43:06.933+0200] {logging_mixin.py:151} INFO - [2026-05-29T10:43:06.933+0200] {dag.py:2915} INFO - Sync 1 DAGs
[2026-05-29T10:43:06.951+0200] {logging_mixin.py:151} INFO - [2026-05-29T10:43:06.951+0200] {dag.py:3696} INFO - Setting next_dagrun for example_short_circuit_operator to 2026-05-28T08:43:06.951659+00:00, run_after=2026-05-29T08:43:06.951659+00:00
[2026-05-29T10:43:06.974+0200] {processor.py:179} INFO - Processing /home/frederic/airflow_venv/lib/python3.10/site-packages/airflow/example_dags/example_short_circuit_operator.py took 0.072 seconds
[2026-05-29T10:43:53.735+0200] {processor.py:157} INFO - Started process (PID=718787) to work on /home/frederic/airflow_venv/lib/python3.10/site-packages/airflow/example_dags/example_short_circuit_operator.py
[2026-05-29T10:43:53.736+0200] {processor.py:829} INFO - Processing file /home/frederic/airflow_venv/lib/python3.10/site-packages/airflow/example_dags/example_short_circuit_operator.py for tasks to queue
[2026-05-29T10:43:53.737+0200] {logging_mixin.py:151} INFO - [2026-05-29T10:43:53.737+0200] {dagbag.py:539} INFO - Filling up the DagBag from /home/frederic/airflow_venv/lib/python3.10/site-packages/airflow/example_dags/example_short_circuit_operator.py
[2026-05-29T10:43:53.744+0200] {processor.py:839} INFO - DAG(s) dict_keys(['example_short_circuit_operator']) retrieved from /home/frederic/airflow_venv/lib/python3.10/site-packages/airflow/example_dags/example_short_circuit_operator.py
[2026-05-29T10:43:53.760+0200] {logging_mixin.py:151} INFO - [2026-05-29T10:43:53.760+0200] {dag.py:2915} INFO - Sync 1 DAGs
[2026-05-29T10:43:53.776+0200] {logging_mixin.py:151} INFO - [2026-05-29T10:43:53.776+0200] {dag.py:3696} INFO - Setting next_dagrun for example_short_circuit_operator to 2026-05-28T08:43:53.776514+00:00, run_after=2026-05-29T08:43:53.776514+00:00
[2026-05-29T10:43:53.793+0200] {processor.py:179} INFO - Processing /home/frederic/airflow_venv/lib/python3.10/site-packages/airflow/example_dags/example_short_circuit_operator.py took 0.061 seconds
[2026-05-29T10:44:38.156+0200] {processor.py:157} INFO - Started process (PID=719311) to work on /home/frederic/airflow_venv/lib/python3.10/site-packages/airflow/example_dags/example_short_circuit_operator.py
[2026-05-29T10:44:38.157+0200] {processor.py:829} INFO - Processing file /home/frederic/airflow_venv/lib/python3.10/site-packages/airflow/example_dags/example_short_circuit_operator.py for tasks to queue
[2026-05-29T10:44:38.158+0200] {logging_mixin.py:151} INFO - [2026-05-29T10:44:38.157+0200] {dagbag.py:539} INFO - Filling up the DagBag from /home/frederic/airflow_venv/lib/python3.10/site-packages/airflow/example_dags/example_short_circuit_operator.py
[2026-05-29T10:44:38.164+0200] {processor.py:839} INFO - DAG(s) dict_keys(['example_short_circuit_operator']) retrieved from /home/frederic/airflow_venv/lib/python3.10/site-packages/airflow/example_dags/example_short_circuit_operator.py
[2026-05-29T10:44:38.180+0200] {logging_mixin.py:151} INFO - [2026-05-29T10:44:38.180+0200] {dag.py:2915} INFO - Sync 1 DAGs
[2026-05-29T10:44:38.196+0200] {logging_mixin.py:151} INFO - [2026-05-29T10:44:38.195+0200] {dag.py:3696} INFO - Setting next_dagrun for example_short_circuit_operator to 2026-05-28T08:44:38.195703+00:00, run_after=2026-05-29T08:44:38.195703+00:00
[2026-05-29T10:44:38.213+0200] {processor.py:179} INFO - Processing /home/frederic/airflow_venv/lib/python3.10/site-packages/airflow/example_dags/example_short_circuit_operator.py took 0.059 seconds
[2026-05-29T10:45:26.808+0200] {processor.py:157} INFO - Started process (PID=720115) to work on /home/frederic/airflow_venv/lib/python3.10/site-packages/airflow/example_dags/example_short_circuit_operator.py
[2026-05-29T10:45:26.809+0200] {processor.py:829} INFO - Processing file /home/frederic/airflow_venv/lib/python3.10/site-packages/airflow/example_dags/example_short_circuit_operator.py for tasks to queue
[2026-05-29T10:45:26.809+0200] {logging_mixin.py:151} INFO - [2026-05-29T10:45:26.809+0200] {dagbag.py:539} INFO - Filling up the DagBag from /home/frederic/airflow_venv/lib/python3.10/site-packages/airflow/example_dags/example_short_circuit_operator.py
[2026-05-29T10:45:26.816+0200] {processor.py:839} INFO - DAG(s) dict_keys(['example_short_circuit_operator']) retrieved from /home/frederic/airflow_venv/lib/python3.10/site-packages/airflow/example_dags/example_short_circuit_operator.py
[2026-05-29T10:45:26.832+0200] {logging_mixin.py:151} INFO - [2026-05-29T10:45:26.832+0200] {dag.py:2915} INFO - Sync 1 DAGs
[2026-05-29T10:45:26.848+0200] {logging_mixin.py:151} INFO - [2026-05-29T10:45:26.848+0200] {dag.py:3696} INFO - Setting next_dagrun for example_short_circuit_operator to 2026-05-28T08:45:26.848215+00:00, run_after=2026-05-29T08:45:26.848215+00:00
[2026-05-29T10:45:26.866+0200] {processor.py:179} INFO - Processing /home/frederic/airflow_venv/lib/python3.10/site-packages/airflow/example_dags/example_short_circuit_operator.py took 0.061 seconds
[2026-05-29T10:46:12.163+0200] {processor.py:157} INFO - Started process (PID=720554) to work on /home/frederic/airflow_venv/lib/python3.10/site-packages/airflow/example_dags/example_short_circuit_operator.py
[2026-05-29T10:46:12.164+0200] {processor.py:829} INFO - Processing file /home/frederic/airflow_venv/lib/python3.10/site-packages/airflow/example_dags/example_short_circuit_operator.py for tasks to queue
[2026-05-29T10:46:12.164+0200] {logging_mixin.py:151} INFO - [2026-05-29T10:46:12.164+0200] {dagbag.py:539} INFO - Filling up the DagBag from /home/frederic/airflow_venv/lib/python3.10/site-packages/airflow/example_dags/example_short_circuit_operator.py
[2026-05-29T10:46:12.171+0200] {processor.py:839} INFO - DAG(s) dict_keys(['example_short_circuit_operator']) retrieved from /home/frederic/airflow_venv/lib/python3.10/site-packages/airflow/example_dags/example_short_circuit_operator.py
[2026-05-29T10:46:12.187+0200] {logging_mixin.py:151} INFO - [2026-05-29T10:46:12.186+0200] {dag.py:2915} INFO - Sync 1 DAGs
[2026-05-29T10:46:12.203+0200] {logging_mixin.py:151} INFO - [2026-05-29T10:46:12.203+0200] {dag.py:3696} INFO - Setting next_dagrun for example_short_circuit_operator to 2026-05-28T08:46:12.203392+00:00, run_after=2026-05-29T08:46:12.203392+00:00
[2026-05-29T10:46:12.218+0200] {processor.py:179} INFO - Processing /home/frederic/airflow_venv/lib/python3.10/site-packages/airflow/example_dags/example_short_circuit_operator.py took 0.058 seconds
[2026-05-29T10:47:04.769+0200] {processor.py:157} INFO - Started process (PID=721589) to work on /home/frederic/airflow_venv/lib/python3.10/site-packages/airflow/example_dags/example_short_circuit_operator.py
[2026-05-29T10:47:04.770+0200] {processor.py:829} INFO - Processing file /home/frederic/airflow_venv/lib/python3.10/site-packages/airflow/example_dags/example_short_circuit_operator.py for tasks to queue
[2026-05-29T10:47:04.771+0200] {logging_mixin.py:151} INFO - [2026-05-29T10:47:04.771+0200] {dagbag.py:539} INFO - Filling up the DagBag from /home/frederic/airflow_venv/lib/python3.10/site-packages/airflow/example_dags/example_short_circuit_operator.py
[2026-05-29T10:47:04.778+0200] {processor.py:839} INFO - DAG(s) dict_keys(['example_short_circuit_operator']) retrieved from /home/frederic/airflow_venv/lib/python3.10/site-packages/airflow/example_dags/example_short_circuit_operator.py
[2026-05-29T10:47:04.795+0200] {logging_mixin.py:151} INFO - [2026-05-29T10:47:04.795+0200] {dag.py:2915} INFO - Sync 1 DAGs
[2026-05-29T10:47:04.811+0200] {logging_mixin.py:151} INFO - [2026-05-29T10:47:04.811+0200] {dag.py:3696} INFO - Setting next_dagrun for example_short_circuit_operator to 2026-05-28T08:47:04.811679+00:00, run_after=2026-05-29T08:47:04.811679+00:00
[2026-05-29T10:47:04.826+0200] {processor.py:179} INFO - Processing /home/frederic/airflow_venv/lib/python3.10/site-packages/airflow/example_dags/example_short_circuit_operator.py took 0.059 seconds
[2026-05-29T10:47:53.888+0200] {processor.py:157} INFO - Started process (PID=722140) to work on /home/frederic/airflow_venv/lib/python3.10/site-packages/airflow/example_dags/example_short_circuit_operator.py
[2026-05-29T10:47:53.889+0200] {processor.py:829} INFO - Processing file /home/frederic/airflow_venv/lib/python3.10/site-packages/airflow/example_dags/example_short_circuit_operator.py for tasks to queue
[2026-05-29T10:47:53.890+0200] {logging_mixin.py:151} INFO - [2026-05-29T10:47:53.890+0200] {dagbag.py:539} INFO - Filling up the DagBag from /home/frederic/airflow_venv/lib/python3.10/site-packages/airflow/example_dags/example_short_circuit_operator.py
[2026-05-29T10:47:53.897+0200] {processor.py:839} INFO - DAG(s) dict_keys(['example_short_circuit_operator']) retrieved from /home/frederic/airflow_venv/lib/python3.10/site-packages/airflow/example_dags/example_short_circuit_operator.py
[2026-05-29T10:47:53.914+0200] {logging_mixin.py:151} INFO - [2026-05-29T10:47:53.914+0200] {dag.py:2915} INFO - Sync 1 DAGs
[2026-05-29T10:47:53.932+0200] {logging_mixin.py:151} INFO - [2026-05-29T10:47:53.931+0200] {dag.py:3696} INFO - Setting next_dagrun for example_short_circuit_operator to 2026-05-28T08:47:53.931610+00:00, run_after=2026-05-29T08:47:53.931610+00:00
[2026-05-29T10:47:53.950+0200] {processor.py:179} INFO - Processing /home/frederic/airflow_venv/lib/python3.10/site-packages/airflow/example_dags/example_short_circuit_operator.py took 0.064 seconds
[2026-05-29T10:48:34.022+0200] {processor.py:157} INFO - Started process (PID=722605) to work on /home/frederic/airflow_venv/lib/python3.10/site-packages/airflow/example_dags/example_short_circuit_operator.py
[2026-05-29T10:48:34.023+0200] {processor.py:829} INFO - Processing file /home/frederic/airflow_venv/lib/python3.10/site-packages/airflow/example_dags/example_short_circuit_operator.py for tasks to queue
[2026-05-29T10:48:34.024+0200] {logging_mixin.py:151} INFO - [2026-05-29T10:48:34.024+0200] {dagbag.py:539} INFO - Filling up the DagBag from /home/frederic/airflow_venv/lib/python3.10/site-packages/airflow/example_dags/example_short_circuit_operator.py
[2026-05-29T10:48:34.031+0200] {processor.py:839} INFO - DAG(s) dict_keys(['example_short_circuit_operator']) retrieved from /home/frederic/airflow_venv/lib/python3.10/site-packages/airflow/example_dags/example_short_circuit_operator.py
[2026-05-29T10:48:34.047+0200] {logging_mixin.py:151} INFO - [2026-05-29T10:48:34.047+0200] {dag.py:2915} INFO - Sync 1 DAGs
[2026-05-29T10:48:34.062+0200] {logging_mixin.py:151} INFO - [2026-05-29T10:48:34.062+0200] {dag.py:3696} INFO - Setting next_dagrun for example_short_circuit_operator to 2026-05-28T08:48:34.062194+00:00, run_after=2026-05-29T08:48:34.062194+00:00
[2026-05-29T10:48:34.076+0200] {processor.py:179} INFO - Processing /home/frederic/airflow_venv/lib/python3.10/site-packages/airflow/example_dags/example_short_circuit_operator.py took 0.057 seconds
[2026-05-29T10:49:24.356+0200] {processor.py:157} INFO - Started process (PID=723185) to work on /home/frederic/airflow_venv/lib/python3.10/site-packages/airflow/example_dags/example_short_circuit_operator.py
[2026-05-29T10:49:24.357+0200] {processor.py:829} INFO - Processing file /home/frederic/airflow_venv/lib/python3.10/site-packages/airflow/example_dags/example_short_circuit_operator.py for tasks to queue
[2026-05-29T10:49:24.358+0200] {logging_mixin.py:151} INFO - [2026-05-29T10:49:24.358+0200] {dagbag.py:539} INFO - Filling up the DagBag from /home/frederic/airflow_venv/lib/python3.10/site-packages/airflow/example_dags/example_short_circuit_operator.py
[2026-05-29T10:49:24.365+0200] {processor.py:839} INFO - DAG(s) dict_keys(['example_short_circuit_operator']) retrieved from /home/frederic/airflow_venv/lib/python3.10/site-packages/airflow/example_dags/example_short_circuit_operator.py
[2026-05-29T10:49:24.380+0200] {logging_mixin.py:151} INFO - [2026-05-29T10:49:24.380+0200] {dag.py:2915} INFO - Sync 1 DAGs
[2026-05-29T10:49:24.397+0200] {logging_mixin.py:151} INFO - [2026-05-29T10:49:24.397+0200] {dag.py:3696} INFO - Setting next_dagrun for example_short_circuit_operator to 2026-05-28T08:49:24.397294+00:00, run_after=2026-05-29T08:49:24.397294+00:00
[2026-05-29T10:49:24.413+0200] {processor.py:179} INFO - Processing /home/frederic/airflow_venv/lib/python3.10/site-packages/airflow/example_dags/example_short_circuit_operator.py took 0.059 seconds
[2026-05-29T10:50:11.990+0200] {processor.py:157} INFO - Started process (PID=723671) to work on /home/frederic/airflow_venv/lib/python3.10/site-packages/airflow/example_dags/example_short_circuit_operator.py
[2026-05-29T10:50:11.991+0200] {processor.py:829} INFO - Processing file /home/frederic/airflow_venv/lib/python3.10/site-packages/airflow/example_dags/example_short_circuit_operator.py for tasks to queue
[2026-05-29T10:50:11.992+0200] {logging_mixin.py:151} INFO - [2026-05-29T10:50:11.992+0200] {dagbag.py:539} INFO - Filling up the DagBag from /home/frederic/airflow_venv/lib/python3.10/site-packages/airflow/example_dags/example_short_circuit_operator.py
[2026-05-29T10:50:11.999+0200] {processor.py:839} INFO - DAG(s) dict_keys(['example_short_circuit_operator']) retrieved from /home/frederic/airflow_venv/lib/python3.10/site-packages/airflow/example_dags/example_short_circuit_operator.py
[2026-05-29T10:50:12.019+0200] {logging_mixin.py:151} INFO - [2026-05-29T10:50:12.019+0200] {dag.py:2915} INFO - Sync 1 DAGs
[2026-05-29T10:50:12.047+0200] {logging_mixin.py:151} INFO - [2026-05-29T10:50:12.047+0200] {dag.py:3696} INFO - Setting next_dagrun for example_short_circuit_operator to 2026-05-28T08:50:12.046847+00:00, run_after=2026-05-29T08:50:12.046847+00:00
[2026-05-29T10:50:12.069+0200] {processor.py:179} INFO - Processing /home/frederic/airflow_venv/lib/python3.10/site-packages/airflow/example_dags/example_short_circuit_operator.py took 0.083 seconds
[2026-05-29T10:50:59.691+0200] {processor.py:157} INFO - Started process (PID=724106) to work on /home/frederic/airflow_venv/lib/python3.10/site-packages/airflow/example_dags/example_short_circuit_operator.py
[2026-05-29T10:50:59.692+0200] {processor.py:829} INFO - Processing file /home/frederic/airflow_venv/lib/python3.10/site-packages/airflow/example_dags/example_short_circuit_operator.py for tasks to queue
[2026-05-29T10:50:59.693+0200] {logging_mixin.py:151} INFO - [2026-05-29T10:50:59.692+0200] {dagbag.py:539} INFO - Filling up the DagBag from /home/frederic/airflow_venv/lib/python3.10/site-packages/airflow/example_dags/example_short_circuit_operator.py
[2026-05-29T10:50:59.700+0200] {processor.py:839} INFO - DAG(s) dict_keys(['example_short_circuit_operator']) retrieved from /home/frederic/airflow_venv/lib/python3.10/site-packages/airflow/example_dags/example_short_circuit_operator.py
[2026-05-29T10:50:59.715+0200] {logging_mixin.py:151} INFO - [2026-05-29T10:50:59.715+0200] {dag.py:2915} INFO - Sync 1 DAGs
[2026-05-29T10:50:59.734+0200] {logging_mixin.py:151} INFO - [2026-05-29T10:50:59.734+0200] {dag.py:3696} INFO - Setting next_dagrun for example_short_circuit_operator to 2026-05-28T08:50:59.734126+00:00, run_after=2026-05-29T08:50:59.734126+00:00
[2026-05-29T10:50:59.750+0200] {processor.py:179} INFO - Processing /home/frederic/airflow_venv/lib/python3.10/site-packages/airflow/example_dags/example_short_circuit_operator.py took 0.061 seconds
