[2026-05-29T02:00:02.798+0200] {processor.py:157} INFO - Started process (PID=633144) to work on /home/frederic/airflow_venv/lib/python3.10/site-packages/airflow/example_dags/example_kubernetes_executor.py
[2026-05-29T02:00:02.799+0200] {processor.py:829} INFO - Processing file /home/frederic/airflow_venv/lib/python3.10/site-packages/airflow/example_dags/example_kubernetes_executor.py for tasks to queue
[2026-05-29T02:00:02.800+0200] {logging_mixin.py:151} INFO - [2026-05-29T02:00:02.800+0200] {dagbag.py:539} INFO - Filling up the DagBag from /home/frederic/airflow_venv/lib/python3.10/site-packages/airflow/example_dags/example_kubernetes_executor.py
[2026-05-29T02:00:02.803+0200] {logging_mixin.py:151} INFO - [2026-05-29T02:00:02.802+0200] {example_kubernetes_executor.py:38} WARNING - The example_kubernetes_executor example DAG requires the kubernetes provider. Please install it with: pip install apache-airflow[cncf.kubernetes]
[2026-05-29T02:00:02.803+0200] {processor.py:841} WARNING - No viable dags retrieved from /home/frederic/airflow_venv/lib/python3.10/site-packages/airflow/example_dags/example_kubernetes_executor.py
[2026-05-29T02:00:02.810+0200] {processor.py:179} INFO - Processing /home/frederic/airflow_venv/lib/python3.10/site-packages/airflow/example_dags/example_kubernetes_executor.py took 0.015 seconds
[2026-05-29T02:00:46.268+0200] {processor.py:157} INFO - Started process (PID=634533) to work on /home/frederic/airflow_venv/lib/python3.10/site-packages/airflow/example_dags/example_kubernetes_executor.py
[2026-05-29T02:00:46.269+0200] {processor.py:829} INFO - Processing file /home/frederic/airflow_venv/lib/python3.10/site-packages/airflow/example_dags/example_kubernetes_executor.py for tasks to queue
[2026-05-29T02:00:46.270+0200] {logging_mixin.py:151} INFO - [2026-05-29T02:00:46.269+0200] {dagbag.py:539} INFO - Filling up the DagBag from /home/frederic/airflow_venv/lib/python3.10/site-packages/airflow/example_dags/example_kubernetes_executor.py
[2026-05-29T02:00:46.272+0200] {logging_mixin.py:151} INFO - [2026-05-29T02:00:46.272+0200] {example_kubernetes_executor.py:38} WARNING - The example_kubernetes_executor example DAG requires the kubernetes provider. Please install it with: pip install apache-airflow[cncf.kubernetes]
[2026-05-29T02:00:46.272+0200] {processor.py:841} WARNING - No viable dags retrieved from /home/frederic/airflow_venv/lib/python3.10/site-packages/airflow/example_dags/example_kubernetes_executor.py
[2026-05-29T02:00:46.280+0200] {processor.py:179} INFO - Processing /home/frederic/airflow_venv/lib/python3.10/site-packages/airflow/example_dags/example_kubernetes_executor.py took 0.014 seconds
[2026-05-29T02:01:09.737+0200] {processor.py:157} INFO - Started process (PID=635105) to work on /home/frederic/airflow_venv/lib/python3.10/site-packages/airflow/example_dags/example_kubernetes_executor.py
[2026-05-29T02:01:09.737+0200] {processor.py:829} INFO - Processing file /home/frederic/airflow_venv/lib/python3.10/site-packages/airflow/example_dags/example_kubernetes_executor.py for tasks to queue
[2026-05-29T02:01:09.738+0200] {logging_mixin.py:151} INFO - [2026-05-29T02:01:09.738+0200] {dagbag.py:539} INFO - Filling up the DagBag from /home/frederic/airflow_venv/lib/python3.10/site-packages/airflow/example_dags/example_kubernetes_executor.py
[2026-05-29T02:01:09.740+0200] {logging_mixin.py:151} INFO - [2026-05-29T02:01:09.740+0200] {example_kubernetes_executor.py:38} WARNING - The example_kubernetes_executor example DAG requires the kubernetes provider. Please install it with: pip install apache-airflow[cncf.kubernetes]
[2026-05-29T02:01:09.741+0200] {processor.py:841} WARNING - No viable dags retrieved from /home/frederic/airflow_venv/lib/python3.10/site-packages/airflow/example_dags/example_kubernetes_executor.py
[2026-05-29T02:01:09.748+0200] {processor.py:179} INFO - Processing /home/frederic/airflow_venv/lib/python3.10/site-packages/airflow/example_dags/example_kubernetes_executor.py took 0.013 seconds
[2026-05-29T02:01:31.294+0200] {processor.py:157} INFO - Started process (PID=635730) to work on /home/frederic/airflow_venv/lib/python3.10/site-packages/airflow/example_dags/example_kubernetes_executor.py
[2026-05-29T02:01:31.295+0200] {processor.py:829} INFO - Processing file /home/frederic/airflow_venv/lib/python3.10/site-packages/airflow/example_dags/example_kubernetes_executor.py for tasks to queue
[2026-05-29T02:01:31.296+0200] {logging_mixin.py:151} INFO - [2026-05-29T02:01:31.296+0200] {dagbag.py:539} INFO - Filling up the DagBag from /home/frederic/airflow_venv/lib/python3.10/site-packages/airflow/example_dags/example_kubernetes_executor.py
[2026-05-29T02:01:31.298+0200] {logging_mixin.py:151} INFO - [2026-05-29T02:01:31.298+0200] {example_kubernetes_executor.py:38} WARNING - The example_kubernetes_executor example DAG requires the kubernetes provider. Please install it with: pip install apache-airflow[cncf.kubernetes]
[2026-05-29T02:01:31.298+0200] {processor.py:841} WARNING - No viable dags retrieved from /home/frederic/airflow_venv/lib/python3.10/site-packages/airflow/example_dags/example_kubernetes_executor.py
[2026-05-29T02:01:31.305+0200] {processor.py:179} INFO - Processing /home/frederic/airflow_venv/lib/python3.10/site-packages/airflow/example_dags/example_kubernetes_executor.py took 0.014 seconds
[2026-05-29T02:01:57.709+0200] {processor.py:157} INFO - Started process (PID=636412) to work on /home/frederic/airflow_venv/lib/python3.10/site-packages/airflow/example_dags/example_kubernetes_executor.py
[2026-05-29T02:01:57.710+0200] {processor.py:829} INFO - Processing file /home/frederic/airflow_venv/lib/python3.10/site-packages/airflow/example_dags/example_kubernetes_executor.py for tasks to queue
[2026-05-29T02:01:57.711+0200] {logging_mixin.py:151} INFO - [2026-05-29T02:01:57.710+0200] {dagbag.py:539} INFO - Filling up the DagBag from /home/frederic/airflow_venv/lib/python3.10/site-packages/airflow/example_dags/example_kubernetes_executor.py
[2026-05-29T02:01:57.714+0200] {logging_mixin.py:151} INFO - [2026-05-29T02:01:57.714+0200] {example_kubernetes_executor.py:38} WARNING - The example_kubernetes_executor example DAG requires the kubernetes provider. Please install it with: pip install apache-airflow[cncf.kubernetes]
[2026-05-29T02:01:57.715+0200] {processor.py:841} WARNING - No viable dags retrieved from /home/frederic/airflow_venv/lib/python3.10/site-packages/airflow/example_dags/example_kubernetes_executor.py
[2026-05-29T02:01:57.728+0200] {processor.py:179} INFO - Processing /home/frederic/airflow_venv/lib/python3.10/site-packages/airflow/example_dags/example_kubernetes_executor.py took 0.024 seconds
[2026-05-29T02:02:13.899+0200] {processor.py:157} INFO - Started process (PID=636936) to work on /home/frederic/airflow_venv/lib/python3.10/site-packages/airflow/example_dags/example_kubernetes_executor.py
[2026-05-29T02:02:13.900+0200] {processor.py:829} INFO - Processing file /home/frederic/airflow_venv/lib/python3.10/site-packages/airflow/example_dags/example_kubernetes_executor.py for tasks to queue
[2026-05-29T02:02:13.902+0200] {logging_mixin.py:151} INFO - [2026-05-29T02:02:13.901+0200] {dagbag.py:539} INFO - Filling up the DagBag from /home/frederic/airflow_venv/lib/python3.10/site-packages/airflow/example_dags/example_kubernetes_executor.py
[2026-05-29T02:02:13.905+0200] {logging_mixin.py:151} INFO - [2026-05-29T02:02:13.905+0200] {example_kubernetes_executor.py:38} WARNING - The example_kubernetes_executor example DAG requires the kubernetes provider. Please install it with: pip install apache-airflow[cncf.kubernetes]
[2026-05-29T02:02:13.906+0200] {processor.py:841} WARNING - No viable dags retrieved from /home/frederic/airflow_venv/lib/python3.10/site-packages/airflow/example_dags/example_kubernetes_executor.py
[2026-05-29T02:02:13.916+0200] {processor.py:179} INFO - Processing /home/frederic/airflow_venv/lib/python3.10/site-packages/airflow/example_dags/example_kubernetes_executor.py took 0.021 seconds
[2026-05-29T02:02:49.638+0200] {processor.py:157} INFO - Started process (PID=638094) to work on /home/frederic/airflow_venv/lib/python3.10/site-packages/airflow/example_dags/example_kubernetes_executor.py
[2026-05-29T02:02:49.639+0200] {processor.py:829} INFO - Processing file /home/frederic/airflow_venv/lib/python3.10/site-packages/airflow/example_dags/example_kubernetes_executor.py for tasks to queue
[2026-05-29T02:02:49.640+0200] {logging_mixin.py:151} INFO - [2026-05-29T02:02:49.639+0200] {dagbag.py:539} INFO - Filling up the DagBag from /home/frederic/airflow_venv/lib/python3.10/site-packages/airflow/example_dags/example_kubernetes_executor.py
[2026-05-29T02:02:49.643+0200] {logging_mixin.py:151} INFO - [2026-05-29T02:02:49.643+0200] {example_kubernetes_executor.py:38} WARNING - The example_kubernetes_executor example DAG requires the kubernetes provider. Please install it with: pip install apache-airflow[cncf.kubernetes]
[2026-05-29T02:02:49.643+0200] {processor.py:841} WARNING - No viable dags retrieved from /home/frederic/airflow_venv/lib/python3.10/site-packages/airflow/example_dags/example_kubernetes_executor.py
[2026-05-29T02:02:49.653+0200] {processor.py:179} INFO - Processing /home/frederic/airflow_venv/lib/python3.10/site-packages/airflow/example_dags/example_kubernetes_executor.py took 0.017 seconds
[2026-05-29T02:03:06.032+0200] {processor.py:157} INFO - Started process (PID=638439) to work on /home/frederic/airflow_venv/lib/python3.10/site-packages/airflow/example_dags/example_kubernetes_executor.py
[2026-05-29T02:03:06.033+0200] {processor.py:829} INFO - Processing file /home/frederic/airflow_venv/lib/python3.10/site-packages/airflow/example_dags/example_kubernetes_executor.py for tasks to queue
[2026-05-29T02:03:06.034+0200] {logging_mixin.py:151} INFO - [2026-05-29T02:03:06.033+0200] {dagbag.py:539} INFO - Filling up the DagBag from /home/frederic/airflow_venv/lib/python3.10/site-packages/airflow/example_dags/example_kubernetes_executor.py
[2026-05-29T02:03:06.036+0200] {logging_mixin.py:151} INFO - [2026-05-29T02:03:06.036+0200] {example_kubernetes_executor.py:38} WARNING - The example_kubernetes_executor example DAG requires the kubernetes provider. Please install it with: pip install apache-airflow[cncf.kubernetes]
[2026-05-29T02:03:06.036+0200] {processor.py:841} WARNING - No viable dags retrieved from /home/frederic/airflow_venv/lib/python3.10/site-packages/airflow/example_dags/example_kubernetes_executor.py
[2026-05-29T02:03:06.043+0200] {processor.py:179} INFO - Processing /home/frederic/airflow_venv/lib/python3.10/site-packages/airflow/example_dags/example_kubernetes_executor.py took 0.014 seconds
[2026-05-29T02:03:38.938+0200] {processor.py:157} INFO - Started process (PID=639556) to work on /home/frederic/airflow_venv/lib/python3.10/site-packages/airflow/example_dags/example_kubernetes_executor.py
[2026-05-29T02:03:38.939+0200] {processor.py:829} INFO - Processing file /home/frederic/airflow_venv/lib/python3.10/site-packages/airflow/example_dags/example_kubernetes_executor.py for tasks to queue
[2026-05-29T02:03:38.939+0200] {logging_mixin.py:151} INFO - [2026-05-29T02:03:38.939+0200] {dagbag.py:539} INFO - Filling up the DagBag from /home/frederic/airflow_venv/lib/python3.10/site-packages/airflow/example_dags/example_kubernetes_executor.py
[2026-05-29T02:03:38.942+0200] {logging_mixin.py:151} INFO - [2026-05-29T02:03:38.942+0200] {example_kubernetes_executor.py:38} WARNING - The example_kubernetes_executor example DAG requires the kubernetes provider. Please install it with: pip install apache-airflow[cncf.kubernetes]
[2026-05-29T02:03:38.942+0200] {processor.py:841} WARNING - No viable dags retrieved from /home/frederic/airflow_venv/lib/python3.10/site-packages/airflow/example_dags/example_kubernetes_executor.py
[2026-05-29T02:03:38.950+0200] {processor.py:179} INFO - Processing /home/frederic/airflow_venv/lib/python3.10/site-packages/airflow/example_dags/example_kubernetes_executor.py took 0.014 seconds
[2026-05-29T02:03:53.256+0200] {processor.py:157} INFO - Started process (PID=639984) to work on /home/frederic/airflow_venv/lib/python3.10/site-packages/airflow/example_dags/example_kubernetes_executor.py
[2026-05-29T02:03:53.257+0200] {processor.py:829} INFO - Processing file /home/frederic/airflow_venv/lib/python3.10/site-packages/airflow/example_dags/example_kubernetes_executor.py for tasks to queue
[2026-05-29T02:03:53.258+0200] {logging_mixin.py:151} INFO - [2026-05-29T02:03:53.257+0200] {dagbag.py:539} INFO - Filling up the DagBag from /home/frederic/airflow_venv/lib/python3.10/site-packages/airflow/example_dags/example_kubernetes_executor.py
[2026-05-29T02:03:53.260+0200] {logging_mixin.py:151} INFO - [2026-05-29T02:03:53.260+0200] {example_kubernetes_executor.py:38} WARNING - The example_kubernetes_executor example DAG requires the kubernetes provider. Please install it with: pip install apache-airflow[cncf.kubernetes]
[2026-05-29T02:03:53.260+0200] {processor.py:841} WARNING - No viable dags retrieved from /home/frederic/airflow_venv/lib/python3.10/site-packages/airflow/example_dags/example_kubernetes_executor.py
[2026-05-29T02:03:53.270+0200] {processor.py:179} INFO - Processing /home/frederic/airflow_venv/lib/python3.10/site-packages/airflow/example_dags/example_kubernetes_executor.py took 0.017 seconds
[2026-05-29T09:58:29.084+0200] {processor.py:157} INFO - Started process (PID=682025) to work on /home/frederic/airflow_venv/lib/python3.10/site-packages/airflow/example_dags/example_kubernetes_executor.py
[2026-05-29T09:58:29.085+0200] {processor.py:829} INFO - Processing file /home/frederic/airflow_venv/lib/python3.10/site-packages/airflow/example_dags/example_kubernetes_executor.py for tasks to queue
[2026-05-29T09:58:29.086+0200] {logging_mixin.py:151} INFO - [2026-05-29T09:58:29.085+0200] {dagbag.py:539} INFO - Filling up the DagBag from /home/frederic/airflow_venv/lib/python3.10/site-packages/airflow/example_dags/example_kubernetes_executor.py
[2026-05-29T09:58:29.088+0200] {logging_mixin.py:151} INFO - [2026-05-29T09:58:29.088+0200] {example_kubernetes_executor.py:38} WARNING - The example_kubernetes_executor example DAG requires the kubernetes provider. Please install it with: pip install apache-airflow[cncf.kubernetes]
[2026-05-29T09:58:29.088+0200] {processor.py:841} WARNING - No viable dags retrieved from /home/frederic/airflow_venv/lib/python3.10/site-packages/airflow/example_dags/example_kubernetes_executor.py
[2026-05-29T09:58:29.095+0200] {processor.py:179} INFO - Processing /home/frederic/airflow_venv/lib/python3.10/site-packages/airflow/example_dags/example_kubernetes_executor.py took 0.013 seconds
[2026-05-29T09:59:19.927+0200] {processor.py:157} INFO - Started process (PID=683532) to work on /home/frederic/airflow_venv/lib/python3.10/site-packages/airflow/example_dags/example_kubernetes_executor.py
[2026-05-29T09:59:19.929+0200] {processor.py:829} INFO - Processing file /home/frederic/airflow_venv/lib/python3.10/site-packages/airflow/example_dags/example_kubernetes_executor.py for tasks to queue
[2026-05-29T09:59:19.930+0200] {logging_mixin.py:151} INFO - [2026-05-29T09:59:19.929+0200] {dagbag.py:539} INFO - Filling up the DagBag from /home/frederic/airflow_venv/lib/python3.10/site-packages/airflow/example_dags/example_kubernetes_executor.py
[2026-05-29T09:59:19.933+0200] {logging_mixin.py:151} INFO - [2026-05-29T09:59:19.932+0200] {example_kubernetes_executor.py:38} WARNING - The example_kubernetes_executor example DAG requires the kubernetes provider. Please install it with: pip install apache-airflow[cncf.kubernetes]
[2026-05-29T09:59:19.933+0200] {processor.py:841} WARNING - No viable dags retrieved from /home/frederic/airflow_venv/lib/python3.10/site-packages/airflow/example_dags/example_kubernetes_executor.py
[2026-05-29T09:59:19.942+0200] {processor.py:179} INFO - Processing /home/frederic/airflow_venv/lib/python3.10/site-packages/airflow/example_dags/example_kubernetes_executor.py took 0.019 seconds
[2026-05-29T10:00:11.898+0200] {processor.py:157} INFO - Started process (PID=684162) to work on /home/frederic/airflow_venv/lib/python3.10/site-packages/airflow/example_dags/example_kubernetes_executor.py
[2026-05-29T10:00:11.902+0200] {processor.py:829} INFO - Processing file /home/frederic/airflow_venv/lib/python3.10/site-packages/airflow/example_dags/example_kubernetes_executor.py for tasks to queue
[2026-05-29T10:00:11.903+0200] {logging_mixin.py:151} INFO - [2026-05-29T10:00:11.902+0200] {dagbag.py:539} INFO - Filling up the DagBag from /home/frederic/airflow_venv/lib/python3.10/site-packages/airflow/example_dags/example_kubernetes_executor.py
[2026-05-29T10:00:11.906+0200] {logging_mixin.py:151} INFO - [2026-05-29T10:00:11.905+0200] {example_kubernetes_executor.py:38} WARNING - The example_kubernetes_executor example DAG requires the kubernetes provider. Please install it with: pip install apache-airflow[cncf.kubernetes]
[2026-05-29T10:00:11.906+0200] {processor.py:841} WARNING - No viable dags retrieved from /home/frederic/airflow_venv/lib/python3.10/site-packages/airflow/example_dags/example_kubernetes_executor.py
[2026-05-29T10:00:11.915+0200] {processor.py:179} INFO - Processing /home/frederic/airflow_venv/lib/python3.10/site-packages/airflow/example_dags/example_kubernetes_executor.py took 0.020 seconds
[2026-05-29T10:01:02.471+0200] {processor.py:157} INFO - Started process (PID=685057) to work on /home/frederic/airflow_venv/lib/python3.10/site-packages/airflow/example_dags/example_kubernetes_executor.py
[2026-05-29T10:01:02.475+0200] {processor.py:829} INFO - Processing file /home/frederic/airflow_venv/lib/python3.10/site-packages/airflow/example_dags/example_kubernetes_executor.py for tasks to queue
[2026-05-29T10:01:02.476+0200] {logging_mixin.py:151} INFO - [2026-05-29T10:01:02.476+0200] {dagbag.py:539} INFO - Filling up the DagBag from /home/frederic/airflow_venv/lib/python3.10/site-packages/airflow/example_dags/example_kubernetes_executor.py
[2026-05-29T10:01:02.482+0200] {logging_mixin.py:151} INFO - [2026-05-29T10:01:02.481+0200] {example_kubernetes_executor.py:38} WARNING - The example_kubernetes_executor example DAG requires the kubernetes provider. Please install it with: pip install apache-airflow[cncf.kubernetes]
[2026-05-29T10:01:02.483+0200] {processor.py:841} WARNING - No viable dags retrieved from /home/frederic/airflow_venv/lib/python3.10/site-packages/airflow/example_dags/example_kubernetes_executor.py
[2026-05-29T10:01:02.504+0200] {processor.py:179} INFO - Processing /home/frederic/airflow_venv/lib/python3.10/site-packages/airflow/example_dags/example_kubernetes_executor.py took 0.039 seconds
[2026-05-29T10:01:51.279+0200] {processor.py:157} INFO - Started process (PID=685735) to work on /home/frederic/airflow_venv/lib/python3.10/site-packages/airflow/example_dags/example_kubernetes_executor.py
[2026-05-29T10:01:51.281+0200] {processor.py:829} INFO - Processing file /home/frederic/airflow_venv/lib/python3.10/site-packages/airflow/example_dags/example_kubernetes_executor.py for tasks to queue
[2026-05-29T10:01:51.282+0200] {logging_mixin.py:151} INFO - [2026-05-29T10:01:51.282+0200] {dagbag.py:539} INFO - Filling up the DagBag from /home/frederic/airflow_venv/lib/python3.10/site-packages/airflow/example_dags/example_kubernetes_executor.py
[2026-05-29T10:01:51.285+0200] {logging_mixin.py:151} INFO - [2026-05-29T10:01:51.285+0200] {example_kubernetes_executor.py:38} WARNING - The example_kubernetes_executor example DAG requires the kubernetes provider. Please install it with: pip install apache-airflow[cncf.kubernetes]
[2026-05-29T10:01:51.285+0200] {processor.py:841} WARNING - No viable dags retrieved from /home/frederic/airflow_venv/lib/python3.10/site-packages/airflow/example_dags/example_kubernetes_executor.py
[2026-05-29T10:01:51.292+0200] {processor.py:179} INFO - Processing /home/frederic/airflow_venv/lib/python3.10/site-packages/airflow/example_dags/example_kubernetes_executor.py took 0.015 seconds
[2026-05-29T10:02:37.344+0200] {processor.py:157} INFO - Started process (PID=686239) to work on /home/frederic/airflow_venv/lib/python3.10/site-packages/airflow/example_dags/example_kubernetes_executor.py
[2026-05-29T10:02:37.345+0200] {processor.py:829} INFO - Processing file /home/frederic/airflow_venv/lib/python3.10/site-packages/airflow/example_dags/example_kubernetes_executor.py for tasks to queue
[2026-05-29T10:02:37.346+0200] {logging_mixin.py:151} INFO - [2026-05-29T10:02:37.345+0200] {dagbag.py:539} INFO - Filling up the DagBag from /home/frederic/airflow_venv/lib/python3.10/site-packages/airflow/example_dags/example_kubernetes_executor.py
[2026-05-29T10:02:37.348+0200] {logging_mixin.py:151} INFO - [2026-05-29T10:02:37.348+0200] {example_kubernetes_executor.py:38} WARNING - The example_kubernetes_executor example DAG requires the kubernetes provider. Please install it with: pip install apache-airflow[cncf.kubernetes]
[2026-05-29T10:02:37.348+0200] {processor.py:841} WARNING - No viable dags retrieved from /home/frederic/airflow_venv/lib/python3.10/site-packages/airflow/example_dags/example_kubernetes_executor.py
[2026-05-29T10:02:37.358+0200] {processor.py:179} INFO - Processing /home/frederic/airflow_venv/lib/python3.10/site-packages/airflow/example_dags/example_kubernetes_executor.py took 0.017 seconds
[2026-05-29T10:03:23.183+0200] {processor.py:157} INFO - Started process (PID=686708) to work on /home/frederic/airflow_venv/lib/python3.10/site-packages/airflow/example_dags/example_kubernetes_executor.py
[2026-05-29T10:03:23.184+0200] {processor.py:829} INFO - Processing file /home/frederic/airflow_venv/lib/python3.10/site-packages/airflow/example_dags/example_kubernetes_executor.py for tasks to queue
[2026-05-29T10:03:23.185+0200] {logging_mixin.py:151} INFO - [2026-05-29T10:03:23.184+0200] {dagbag.py:539} INFO - Filling up the DagBag from /home/frederic/airflow_venv/lib/python3.10/site-packages/airflow/example_dags/example_kubernetes_executor.py
[2026-05-29T10:03:23.189+0200] {logging_mixin.py:151} INFO - [2026-05-29T10:03:23.188+0200] {example_kubernetes_executor.py:38} WARNING - The example_kubernetes_executor example DAG requires the kubernetes provider. Please install it with: pip install apache-airflow[cncf.kubernetes]
[2026-05-29T10:03:23.189+0200] {processor.py:841} WARNING - No viable dags retrieved from /home/frederic/airflow_venv/lib/python3.10/site-packages/airflow/example_dags/example_kubernetes_executor.py
[2026-05-29T10:03:23.197+0200] {processor.py:179} INFO - Processing /home/frederic/airflow_venv/lib/python3.10/site-packages/airflow/example_dags/example_kubernetes_executor.py took 0.016 seconds
[2026-05-29T10:04:12.196+0200] {processor.py:157} INFO - Started process (PID=687838) to work on /home/frederic/airflow_venv/lib/python3.10/site-packages/airflow/example_dags/example_kubernetes_executor.py
[2026-05-29T10:04:12.197+0200] {processor.py:829} INFO - Processing file /home/frederic/airflow_venv/lib/python3.10/site-packages/airflow/example_dags/example_kubernetes_executor.py for tasks to queue
[2026-05-29T10:04:12.198+0200] {logging_mixin.py:151} INFO - [2026-05-29T10:04:12.197+0200] {dagbag.py:539} INFO - Filling up the DagBag from /home/frederic/airflow_venv/lib/python3.10/site-packages/airflow/example_dags/example_kubernetes_executor.py
[2026-05-29T10:04:12.202+0200] {logging_mixin.py:151} INFO - [2026-05-29T10:04:12.201+0200] {example_kubernetes_executor.py:38} WARNING - The example_kubernetes_executor example DAG requires the kubernetes provider. Please install it with: pip install apache-airflow[cncf.kubernetes]
[2026-05-29T10:04:12.202+0200] {processor.py:841} WARNING - No viable dags retrieved from /home/frederic/airflow_venv/lib/python3.10/site-packages/airflow/example_dags/example_kubernetes_executor.py
[2026-05-29T10:04:12.212+0200] {processor.py:179} INFO - Processing /home/frederic/airflow_venv/lib/python3.10/site-packages/airflow/example_dags/example_kubernetes_executor.py took 0.019 seconds
[2026-05-29T10:05:01.832+0200] {processor.py:157} INFO - Started process (PID=688912) to work on /home/frederic/airflow_venv/lib/python3.10/site-packages/airflow/example_dags/example_kubernetes_executor.py
[2026-05-29T10:05:01.835+0200] {processor.py:829} INFO - Processing file /home/frederic/airflow_venv/lib/python3.10/site-packages/airflow/example_dags/example_kubernetes_executor.py for tasks to queue
[2026-05-29T10:05:01.836+0200] {logging_mixin.py:151} INFO - [2026-05-29T10:05:01.836+0200] {dagbag.py:539} INFO - Filling up the DagBag from /home/frederic/airflow_venv/lib/python3.10/site-packages/airflow/example_dags/example_kubernetes_executor.py
[2026-05-29T10:05:01.840+0200] {logging_mixin.py:151} INFO - [2026-05-29T10:05:01.840+0200] {example_kubernetes_executor.py:38} WARNING - The example_kubernetes_executor example DAG requires the kubernetes provider. Please install it with: pip install apache-airflow[cncf.kubernetes]
[2026-05-29T10:05:01.840+0200] {processor.py:841} WARNING - No viable dags retrieved from /home/frederic/airflow_venv/lib/python3.10/site-packages/airflow/example_dags/example_kubernetes_executor.py
[2026-05-29T10:05:01.849+0200] {processor.py:179} INFO - Processing /home/frederic/airflow_venv/lib/python3.10/site-packages/airflow/example_dags/example_kubernetes_executor.py took 0.020 seconds
[2026-05-29T10:05:47.580+0200] {processor.py:157} INFO - Started process (PID=689757) to work on /home/frederic/airflow_venv/lib/python3.10/site-packages/airflow/example_dags/example_kubernetes_executor.py
[2026-05-29T10:05:47.581+0200] {processor.py:829} INFO - Processing file /home/frederic/airflow_venv/lib/python3.10/site-packages/airflow/example_dags/example_kubernetes_executor.py for tasks to queue
[2026-05-29T10:05:47.582+0200] {logging_mixin.py:151} INFO - [2026-05-29T10:05:47.582+0200] {dagbag.py:539} INFO - Filling up the DagBag from /home/frederic/airflow_venv/lib/python3.10/site-packages/airflow/example_dags/example_kubernetes_executor.py
[2026-05-29T10:05:47.585+0200] {logging_mixin.py:151} INFO - [2026-05-29T10:05:47.585+0200] {example_kubernetes_executor.py:38} WARNING - The example_kubernetes_executor example DAG requires the kubernetes provider. Please install it with: pip install apache-airflow[cncf.kubernetes]
[2026-05-29T10:05:47.585+0200] {processor.py:841} WARNING - No viable dags retrieved from /home/frederic/airflow_venv/lib/python3.10/site-packages/airflow/example_dags/example_kubernetes_executor.py
[2026-05-29T10:05:47.595+0200] {processor.py:179} INFO - Processing /home/frederic/airflow_venv/lib/python3.10/site-packages/airflow/example_dags/example_kubernetes_executor.py took 0.018 seconds
[2026-05-29T10:06:37.958+0200] {processor.py:157} INFO - Started process (PID=690322) to work on /home/frederic/airflow_venv/lib/python3.10/site-packages/airflow/example_dags/example_kubernetes_executor.py
[2026-05-29T10:06:37.959+0200] {processor.py:829} INFO - Processing file /home/frederic/airflow_venv/lib/python3.10/site-packages/airflow/example_dags/example_kubernetes_executor.py for tasks to queue
[2026-05-29T10:06:37.960+0200] {logging_mixin.py:151} INFO - [2026-05-29T10:06:37.960+0200] {dagbag.py:539} INFO - Filling up the DagBag from /home/frederic/airflow_venv/lib/python3.10/site-packages/airflow/example_dags/example_kubernetes_executor.py
[2026-05-29T10:06:37.963+0200] {logging_mixin.py:151} INFO - [2026-05-29T10:06:37.963+0200] {example_kubernetes_executor.py:38} WARNING - The example_kubernetes_executor example DAG requires the kubernetes provider. Please install it with: pip install apache-airflow[cncf.kubernetes]
[2026-05-29T10:06:37.963+0200] {processor.py:841} WARNING - No viable dags retrieved from /home/frederic/airflow_venv/lib/python3.10/site-packages/airflow/example_dags/example_kubernetes_executor.py
[2026-05-29T10:06:37.975+0200] {processor.py:179} INFO - Processing /home/frederic/airflow_venv/lib/python3.10/site-packages/airflow/example_dags/example_kubernetes_executor.py took 0.019 seconds
[2026-05-29T10:07:33.491+0200] {processor.py:157} INFO - Started process (PID=691089) to work on /home/frederic/airflow_venv/lib/python3.10/site-packages/airflow/example_dags/example_kubernetes_executor.py
[2026-05-29T10:07:33.492+0200] {processor.py:829} INFO - Processing file /home/frederic/airflow_venv/lib/python3.10/site-packages/airflow/example_dags/example_kubernetes_executor.py for tasks to queue
[2026-05-29T10:07:33.492+0200] {logging_mixin.py:151} INFO - [2026-05-29T10:07:33.492+0200] {dagbag.py:539} INFO - Filling up the DagBag from /home/frederic/airflow_venv/lib/python3.10/site-packages/airflow/example_dags/example_kubernetes_executor.py
[2026-05-29T10:07:33.495+0200] {logging_mixin.py:151} INFO - [2026-05-29T10:07:33.495+0200] {example_kubernetes_executor.py:38} WARNING - The example_kubernetes_executor example DAG requires the kubernetes provider. Please install it with: pip install apache-airflow[cncf.kubernetes]
[2026-05-29T10:07:33.495+0200] {processor.py:841} WARNING - No viable dags retrieved from /home/frederic/airflow_venv/lib/python3.10/site-packages/airflow/example_dags/example_kubernetes_executor.py
[2026-05-29T10:07:33.505+0200] {processor.py:179} INFO - Processing /home/frederic/airflow_venv/lib/python3.10/site-packages/airflow/example_dags/example_kubernetes_executor.py took 0.017 seconds
[2026-05-29T10:08:21.112+0200] {processor.py:157} INFO - Started process (PID=691707) to work on /home/frederic/airflow_venv/lib/python3.10/site-packages/airflow/example_dags/example_kubernetes_executor.py
[2026-05-29T10:08:21.113+0200] {processor.py:829} INFO - Processing file /home/frederic/airflow_venv/lib/python3.10/site-packages/airflow/example_dags/example_kubernetes_executor.py for tasks to queue
[2026-05-29T10:08:21.114+0200] {logging_mixin.py:151} INFO - [2026-05-29T10:08:21.114+0200] {dagbag.py:539} INFO - Filling up the DagBag from /home/frederic/airflow_venv/lib/python3.10/site-packages/airflow/example_dags/example_kubernetes_executor.py
[2026-05-29T10:08:21.117+0200] {logging_mixin.py:151} INFO - [2026-05-29T10:08:21.117+0200] {example_kubernetes_executor.py:38} WARNING - The example_kubernetes_executor example DAG requires the kubernetes provider. Please install it with: pip install apache-airflow[cncf.kubernetes]
[2026-05-29T10:08:21.117+0200] {processor.py:841} WARNING - No viable dags retrieved from /home/frederic/airflow_venv/lib/python3.10/site-packages/airflow/example_dags/example_kubernetes_executor.py
[2026-05-29T10:08:21.124+0200] {processor.py:179} INFO - Processing /home/frederic/airflow_venv/lib/python3.10/site-packages/airflow/example_dags/example_kubernetes_executor.py took 0.015 seconds
[2026-05-29T10:09:07.599+0200] {processor.py:157} INFO - Started process (PID=692271) to work on /home/frederic/airflow_venv/lib/python3.10/site-packages/airflow/example_dags/example_kubernetes_executor.py
[2026-05-29T10:09:07.603+0200] {processor.py:829} INFO - Processing file /home/frederic/airflow_venv/lib/python3.10/site-packages/airflow/example_dags/example_kubernetes_executor.py for tasks to queue
[2026-05-29T10:09:07.603+0200] {logging_mixin.py:151} INFO - [2026-05-29T10:09:07.603+0200] {dagbag.py:539} INFO - Filling up the DagBag from /home/frederic/airflow_venv/lib/python3.10/site-packages/airflow/example_dags/example_kubernetes_executor.py
[2026-05-29T10:09:07.606+0200] {logging_mixin.py:151} INFO - [2026-05-29T10:09:07.606+0200] {example_kubernetes_executor.py:38} WARNING - The example_kubernetes_executor example DAG requires the kubernetes provider. Please install it with: pip install apache-airflow[cncf.kubernetes]
[2026-05-29T10:09:07.606+0200] {processor.py:841} WARNING - No viable dags retrieved from /home/frederic/airflow_venv/lib/python3.10/site-packages/airflow/example_dags/example_kubernetes_executor.py
[2026-05-29T10:09:07.615+0200] {processor.py:179} INFO - Processing /home/frederic/airflow_venv/lib/python3.10/site-packages/airflow/example_dags/example_kubernetes_executor.py took 0.019 seconds
[2026-05-29T10:09:58.202+0200] {processor.py:157} INFO - Started process (PID=692763) to work on /home/frederic/airflow_venv/lib/python3.10/site-packages/airflow/example_dags/example_kubernetes_executor.py
[2026-05-29T10:09:58.203+0200] {processor.py:829} INFO - Processing file /home/frederic/airflow_venv/lib/python3.10/site-packages/airflow/example_dags/example_kubernetes_executor.py for tasks to queue
[2026-05-29T10:09:58.204+0200] {logging_mixin.py:151} INFO - [2026-05-29T10:09:58.204+0200] {dagbag.py:539} INFO - Filling up the DagBag from /home/frederic/airflow_venv/lib/python3.10/site-packages/airflow/example_dags/example_kubernetes_executor.py
[2026-05-29T10:09:58.206+0200] {logging_mixin.py:151} INFO - [2026-05-29T10:09:58.206+0200] {example_kubernetes_executor.py:38} WARNING - The example_kubernetes_executor example DAG requires the kubernetes provider. Please install it with: pip install apache-airflow[cncf.kubernetes]
[2026-05-29T10:09:58.207+0200] {processor.py:841} WARNING - No viable dags retrieved from /home/frederic/airflow_venv/lib/python3.10/site-packages/airflow/example_dags/example_kubernetes_executor.py
[2026-05-29T10:09:58.216+0200] {processor.py:179} INFO - Processing /home/frederic/airflow_venv/lib/python3.10/site-packages/airflow/example_dags/example_kubernetes_executor.py took 0.018 seconds
[2026-05-29T10:10:43.854+0200] {processor.py:157} INFO - Started process (PID=693566) to work on /home/frederic/airflow_venv/lib/python3.10/site-packages/airflow/example_dags/example_kubernetes_executor.py
[2026-05-29T10:10:43.855+0200] {processor.py:829} INFO - Processing file /home/frederic/airflow_venv/lib/python3.10/site-packages/airflow/example_dags/example_kubernetes_executor.py for tasks to queue
[2026-05-29T10:10:43.856+0200] {logging_mixin.py:151} INFO - [2026-05-29T10:10:43.856+0200] {dagbag.py:539} INFO - Filling up the DagBag from /home/frederic/airflow_venv/lib/python3.10/site-packages/airflow/example_dags/example_kubernetes_executor.py
[2026-05-29T10:10:43.859+0200] {logging_mixin.py:151} INFO - [2026-05-29T10:10:43.859+0200] {example_kubernetes_executor.py:38} WARNING - The example_kubernetes_executor example DAG requires the kubernetes provider. Please install it with: pip install apache-airflow[cncf.kubernetes]
[2026-05-29T10:10:43.859+0200] {processor.py:841} WARNING - No viable dags retrieved from /home/frederic/airflow_venv/lib/python3.10/site-packages/airflow/example_dags/example_kubernetes_executor.py
[2026-05-29T10:10:43.870+0200] {processor.py:179} INFO - Processing /home/frederic/airflow_venv/lib/python3.10/site-packages/airflow/example_dags/example_kubernetes_executor.py took 0.020 seconds
[2026-05-29T10:11:33.549+0200] {processor.py:157} INFO - Started process (PID=694680) to work on /home/frederic/airflow_venv/lib/python3.10/site-packages/airflow/example_dags/example_kubernetes_executor.py
[2026-05-29T10:11:33.550+0200] {processor.py:829} INFO - Processing file /home/frederic/airflow_venv/lib/python3.10/site-packages/airflow/example_dags/example_kubernetes_executor.py for tasks to queue
[2026-05-29T10:11:33.551+0200] {logging_mixin.py:151} INFO - [2026-05-29T10:11:33.551+0200] {dagbag.py:539} INFO - Filling up the DagBag from /home/frederic/airflow_venv/lib/python3.10/site-packages/airflow/example_dags/example_kubernetes_executor.py
[2026-05-29T10:11:33.553+0200] {logging_mixin.py:151} INFO - [2026-05-29T10:11:33.553+0200] {example_kubernetes_executor.py:38} WARNING - The example_kubernetes_executor example DAG requires the kubernetes provider. Please install it with: pip install apache-airflow[cncf.kubernetes]
[2026-05-29T10:11:33.553+0200] {processor.py:841} WARNING - No viable dags retrieved from /home/frederic/airflow_venv/lib/python3.10/site-packages/airflow/example_dags/example_kubernetes_executor.py
[2026-05-29T10:11:33.562+0200] {processor.py:179} INFO - Processing /home/frederic/airflow_venv/lib/python3.10/site-packages/airflow/example_dags/example_kubernetes_executor.py took 0.014 seconds
[2026-05-29T10:12:21.352+0200] {processor.py:157} INFO - Started process (PID=695459) to work on /home/frederic/airflow_venv/lib/python3.10/site-packages/airflow/example_dags/example_kubernetes_executor.py
[2026-05-29T10:12:21.353+0200] {processor.py:829} INFO - Processing file /home/frederic/airflow_venv/lib/python3.10/site-packages/airflow/example_dags/example_kubernetes_executor.py for tasks to queue
[2026-05-29T10:12:21.354+0200] {logging_mixin.py:151} INFO - [2026-05-29T10:12:21.354+0200] {dagbag.py:539} INFO - Filling up the DagBag from /home/frederic/airflow_venv/lib/python3.10/site-packages/airflow/example_dags/example_kubernetes_executor.py
[2026-05-29T10:12:21.356+0200] {logging_mixin.py:151} INFO - [2026-05-29T10:12:21.356+0200] {example_kubernetes_executor.py:38} WARNING - The example_kubernetes_executor example DAG requires the kubernetes provider. Please install it with: pip install apache-airflow[cncf.kubernetes]
[2026-05-29T10:12:21.356+0200] {processor.py:841} WARNING - No viable dags retrieved from /home/frederic/airflow_venv/lib/python3.10/site-packages/airflow/example_dags/example_kubernetes_executor.py
[2026-05-29T10:12:21.363+0200] {processor.py:179} INFO - Processing /home/frederic/airflow_venv/lib/python3.10/site-packages/airflow/example_dags/example_kubernetes_executor.py took 0.013 seconds
[2026-05-29T10:13:01.901+0200] {processor.py:157} INFO - Started process (PID=695872) to work on /home/frederic/airflow_venv/lib/python3.10/site-packages/airflow/example_dags/example_kubernetes_executor.py
[2026-05-29T10:13:01.902+0200] {processor.py:829} INFO - Processing file /home/frederic/airflow_venv/lib/python3.10/site-packages/airflow/example_dags/example_kubernetes_executor.py for tasks to queue
[2026-05-29T10:13:01.903+0200] {logging_mixin.py:151} INFO - [2026-05-29T10:13:01.902+0200] {dagbag.py:539} INFO - Filling up the DagBag from /home/frederic/airflow_venv/lib/python3.10/site-packages/airflow/example_dags/example_kubernetes_executor.py
[2026-05-29T10:13:01.905+0200] {logging_mixin.py:151} INFO - [2026-05-29T10:13:01.905+0200] {example_kubernetes_executor.py:38} WARNING - The example_kubernetes_executor example DAG requires the kubernetes provider. Please install it with: pip install apache-airflow[cncf.kubernetes]
[2026-05-29T10:13:01.905+0200] {processor.py:841} WARNING - No viable dags retrieved from /home/frederic/airflow_venv/lib/python3.10/site-packages/airflow/example_dags/example_kubernetes_executor.py
[2026-05-29T10:13:01.911+0200] {processor.py:179} INFO - Processing /home/frederic/airflow_venv/lib/python3.10/site-packages/airflow/example_dags/example_kubernetes_executor.py took 0.012 seconds
[2026-05-29T10:13:48.710+0200] {processor.py:157} INFO - Started process (PID=696416) to work on /home/frederic/airflow_venv/lib/python3.10/site-packages/airflow/example_dags/example_kubernetes_executor.py
[2026-05-29T10:13:48.711+0200] {processor.py:829} INFO - Processing file /home/frederic/airflow_venv/lib/python3.10/site-packages/airflow/example_dags/example_kubernetes_executor.py for tasks to queue
[2026-05-29T10:13:48.711+0200] {logging_mixin.py:151} INFO - [2026-05-29T10:13:48.711+0200] {dagbag.py:539} INFO - Filling up the DagBag from /home/frederic/airflow_venv/lib/python3.10/site-packages/airflow/example_dags/example_kubernetes_executor.py
[2026-05-29T10:13:48.714+0200] {logging_mixin.py:151} INFO - [2026-05-29T10:13:48.714+0200] {example_kubernetes_executor.py:38} WARNING - The example_kubernetes_executor example DAG requires the kubernetes provider. Please install it with: pip install apache-airflow[cncf.kubernetes]
[2026-05-29T10:13:48.714+0200] {processor.py:841} WARNING - No viable dags retrieved from /home/frederic/airflow_venv/lib/python3.10/site-packages/airflow/example_dags/example_kubernetes_executor.py
[2026-05-29T10:13:48.722+0200] {processor.py:179} INFO - Processing /home/frederic/airflow_venv/lib/python3.10/site-packages/airflow/example_dags/example_kubernetes_executor.py took 0.015 seconds
[2026-05-29T10:14:40.140+0200] {processor.py:157} INFO - Started process (PID=697082) to work on /home/frederic/airflow_venv/lib/python3.10/site-packages/airflow/example_dags/example_kubernetes_executor.py
[2026-05-29T10:14:40.141+0200] {processor.py:829} INFO - Processing file /home/frederic/airflow_venv/lib/python3.10/site-packages/airflow/example_dags/example_kubernetes_executor.py for tasks to queue
[2026-05-29T10:14:40.142+0200] {logging_mixin.py:151} INFO - [2026-05-29T10:14:40.141+0200] {dagbag.py:539} INFO - Filling up the DagBag from /home/frederic/airflow_venv/lib/python3.10/site-packages/airflow/example_dags/example_kubernetes_executor.py
[2026-05-29T10:14:40.144+0200] {logging_mixin.py:151} INFO - [2026-05-29T10:14:40.144+0200] {example_kubernetes_executor.py:38} WARNING - The example_kubernetes_executor example DAG requires the kubernetes provider. Please install it with: pip install apache-airflow[cncf.kubernetes]
[2026-05-29T10:14:40.144+0200] {processor.py:841} WARNING - No viable dags retrieved from /home/frederic/airflow_venv/lib/python3.10/site-packages/airflow/example_dags/example_kubernetes_executor.py
[2026-05-29T10:14:40.151+0200] {processor.py:179} INFO - Processing /home/frederic/airflow_venv/lib/python3.10/site-packages/airflow/example_dags/example_kubernetes_executor.py took 0.013 seconds
[2026-05-29T10:15:26.643+0200] {processor.py:157} INFO - Started process (PID=697580) to work on /home/frederic/airflow_venv/lib/python3.10/site-packages/airflow/example_dags/example_kubernetes_executor.py
[2026-05-29T10:15:26.644+0200] {processor.py:829} INFO - Processing file /home/frederic/airflow_venv/lib/python3.10/site-packages/airflow/example_dags/example_kubernetes_executor.py for tasks to queue
[2026-05-29T10:15:26.644+0200] {logging_mixin.py:151} INFO - [2026-05-29T10:15:26.644+0200] {dagbag.py:539} INFO - Filling up the DagBag from /home/frederic/airflow_venv/lib/python3.10/site-packages/airflow/example_dags/example_kubernetes_executor.py
[2026-05-29T10:15:26.647+0200] {logging_mixin.py:151} INFO - [2026-05-29T10:15:26.647+0200] {example_kubernetes_executor.py:38} WARNING - The example_kubernetes_executor example DAG requires the kubernetes provider. Please install it with: pip install apache-airflow[cncf.kubernetes]
[2026-05-29T10:15:26.647+0200] {processor.py:841} WARNING - No viable dags retrieved from /home/frederic/airflow_venv/lib/python3.10/site-packages/airflow/example_dags/example_kubernetes_executor.py
[2026-05-29T10:15:26.657+0200] {processor.py:179} INFO - Processing /home/frederic/airflow_venv/lib/python3.10/site-packages/airflow/example_dags/example_kubernetes_executor.py took 0.017 seconds
[2026-05-29T10:16:15.606+0200] {processor.py:157} INFO - Started process (PID=698545) to work on /home/frederic/airflow_venv/lib/python3.10/site-packages/airflow/example_dags/example_kubernetes_executor.py
[2026-05-29T10:16:15.607+0200] {processor.py:829} INFO - Processing file /home/frederic/airflow_venv/lib/python3.10/site-packages/airflow/example_dags/example_kubernetes_executor.py for tasks to queue
[2026-05-29T10:16:15.608+0200] {logging_mixin.py:151} INFO - [2026-05-29T10:16:15.608+0200] {dagbag.py:539} INFO - Filling up the DagBag from /home/frederic/airflow_venv/lib/python3.10/site-packages/airflow/example_dags/example_kubernetes_executor.py
[2026-05-29T10:16:15.612+0200] {logging_mixin.py:151} INFO - [2026-05-29T10:16:15.611+0200] {example_kubernetes_executor.py:38} WARNING - The example_kubernetes_executor example DAG requires the kubernetes provider. Please install it with: pip install apache-airflow[cncf.kubernetes]
[2026-05-29T10:16:15.612+0200] {processor.py:841} WARNING - No viable dags retrieved from /home/frederic/airflow_venv/lib/python3.10/site-packages/airflow/example_dags/example_kubernetes_executor.py
[2026-05-29T10:16:15.620+0200] {processor.py:179} INFO - Processing /home/frederic/airflow_venv/lib/python3.10/site-packages/airflow/example_dags/example_kubernetes_executor.py took 0.016 seconds
[2026-05-29T10:17:01.136+0200] {processor.py:157} INFO - Started process (PID=699291) to work on /home/frederic/airflow_venv/lib/python3.10/site-packages/airflow/example_dags/example_kubernetes_executor.py
[2026-05-29T10:17:01.137+0200] {processor.py:829} INFO - Processing file /home/frederic/airflow_venv/lib/python3.10/site-packages/airflow/example_dags/example_kubernetes_executor.py for tasks to queue
[2026-05-29T10:17:01.137+0200] {logging_mixin.py:151} INFO - [2026-05-29T10:17:01.137+0200] {dagbag.py:539} INFO - Filling up the DagBag from /home/frederic/airflow_venv/lib/python3.10/site-packages/airflow/example_dags/example_kubernetes_executor.py
[2026-05-29T10:17:01.140+0200] {logging_mixin.py:151} INFO - [2026-05-29T10:17:01.139+0200] {example_kubernetes_executor.py:38} WARNING - The example_kubernetes_executor example DAG requires the kubernetes provider. Please install it with: pip install apache-airflow[cncf.kubernetes]
[2026-05-29T10:17:01.140+0200] {processor.py:841} WARNING - No viable dags retrieved from /home/frederic/airflow_venv/lib/python3.10/site-packages/airflow/example_dags/example_kubernetes_executor.py
[2026-05-29T10:17:01.147+0200] {processor.py:179} INFO - Processing /home/frederic/airflow_venv/lib/python3.10/site-packages/airflow/example_dags/example_kubernetes_executor.py took 0.014 seconds
[2026-05-29T10:17:47.583+0200] {processor.py:157} INFO - Started process (PID=700382) to work on /home/frederic/airflow_venv/lib/python3.10/site-packages/airflow/example_dags/example_kubernetes_executor.py
[2026-05-29T10:17:47.584+0200] {processor.py:829} INFO - Processing file /home/frederic/airflow_venv/lib/python3.10/site-packages/airflow/example_dags/example_kubernetes_executor.py for tasks to queue
[2026-05-29T10:17:47.585+0200] {logging_mixin.py:151} INFO - [2026-05-29T10:17:47.585+0200] {dagbag.py:539} INFO - Filling up the DagBag from /home/frederic/airflow_venv/lib/python3.10/site-packages/airflow/example_dags/example_kubernetes_executor.py
[2026-05-29T10:17:47.587+0200] {logging_mixin.py:151} INFO - [2026-05-29T10:17:47.587+0200] {example_kubernetes_executor.py:38} WARNING - The example_kubernetes_executor example DAG requires the kubernetes provider. Please install it with: pip install apache-airflow[cncf.kubernetes]
[2026-05-29T10:17:47.587+0200] {processor.py:841} WARNING - No viable dags retrieved from /home/frederic/airflow_venv/lib/python3.10/site-packages/airflow/example_dags/example_kubernetes_executor.py
[2026-05-29T10:17:47.595+0200] {processor.py:179} INFO - Processing /home/frederic/airflow_venv/lib/python3.10/site-packages/airflow/example_dags/example_kubernetes_executor.py took 0.014 seconds
[2026-05-29T10:18:32.766+0200] {processor.py:157} INFO - Started process (PID=700930) to work on /home/frederic/airflow_venv/lib/python3.10/site-packages/airflow/example_dags/example_kubernetes_executor.py
[2026-05-29T10:18:32.767+0200] {processor.py:829} INFO - Processing file /home/frederic/airflow_venv/lib/python3.10/site-packages/airflow/example_dags/example_kubernetes_executor.py for tasks to queue
[2026-05-29T10:18:32.767+0200] {logging_mixin.py:151} INFO - [2026-05-29T10:18:32.767+0200] {dagbag.py:539} INFO - Filling up the DagBag from /home/frederic/airflow_venv/lib/python3.10/site-packages/airflow/example_dags/example_kubernetes_executor.py
[2026-05-29T10:18:32.769+0200] {logging_mixin.py:151} INFO - [2026-05-29T10:18:32.769+0200] {example_kubernetes_executor.py:38} WARNING - The example_kubernetes_executor example DAG requires the kubernetes provider. Please install it with: pip install apache-airflow[cncf.kubernetes]
[2026-05-29T10:18:32.770+0200] {processor.py:841} WARNING - No viable dags retrieved from /home/frederic/airflow_venv/lib/python3.10/site-packages/airflow/example_dags/example_kubernetes_executor.py
[2026-05-29T10:18:32.777+0200] {processor.py:179} INFO - Processing /home/frederic/airflow_venv/lib/python3.10/site-packages/airflow/example_dags/example_kubernetes_executor.py took 0.013 seconds
[2026-05-29T10:19:21.251+0200] {processor.py:157} INFO - Started process (PID=701411) to work on /home/frederic/airflow_venv/lib/python3.10/site-packages/airflow/example_dags/example_kubernetes_executor.py
[2026-05-29T10:19:21.252+0200] {processor.py:829} INFO - Processing file /home/frederic/airflow_venv/lib/python3.10/site-packages/airflow/example_dags/example_kubernetes_executor.py for tasks to queue
[2026-05-29T10:19:21.253+0200] {logging_mixin.py:151} INFO - [2026-05-29T10:19:21.252+0200] {dagbag.py:539} INFO - Filling up the DagBag from /home/frederic/airflow_venv/lib/python3.10/site-packages/airflow/example_dags/example_kubernetes_executor.py
[2026-05-29T10:19:21.255+0200] {logging_mixin.py:151} INFO - [2026-05-29T10:19:21.255+0200] {example_kubernetes_executor.py:38} WARNING - The example_kubernetes_executor example DAG requires the kubernetes provider. Please install it with: pip install apache-airflow[cncf.kubernetes]
[2026-05-29T10:19:21.255+0200] {processor.py:841} WARNING - No viable dags retrieved from /home/frederic/airflow_venv/lib/python3.10/site-packages/airflow/example_dags/example_kubernetes_executor.py
[2026-05-29T10:19:21.263+0200] {processor.py:179} INFO - Processing /home/frederic/airflow_venv/lib/python3.10/site-packages/airflow/example_dags/example_kubernetes_executor.py took 0.014 seconds
[2026-05-29T10:20:09.283+0200] {processor.py:157} INFO - Started process (PID=702050) to work on /home/frederic/airflow_venv/lib/python3.10/site-packages/airflow/example_dags/example_kubernetes_executor.py
[2026-05-29T10:20:09.284+0200] {processor.py:829} INFO - Processing file /home/frederic/airflow_venv/lib/python3.10/site-packages/airflow/example_dags/example_kubernetes_executor.py for tasks to queue
[2026-05-29T10:20:09.285+0200] {logging_mixin.py:151} INFO - [2026-05-29T10:20:09.284+0200] {dagbag.py:539} INFO - Filling up the DagBag from /home/frederic/airflow_venv/lib/python3.10/site-packages/airflow/example_dags/example_kubernetes_executor.py
[2026-05-29T10:20:09.287+0200] {logging_mixin.py:151} INFO - [2026-05-29T10:20:09.287+0200] {example_kubernetes_executor.py:38} WARNING - The example_kubernetes_executor example DAG requires the kubernetes provider. Please install it with: pip install apache-airflow[cncf.kubernetes]
[2026-05-29T10:20:09.288+0200] {processor.py:841} WARNING - No viable dags retrieved from /home/frederic/airflow_venv/lib/python3.10/site-packages/airflow/example_dags/example_kubernetes_executor.py
[2026-05-29T10:20:09.299+0200] {processor.py:179} INFO - Processing /home/frederic/airflow_venv/lib/python3.10/site-packages/airflow/example_dags/example_kubernetes_executor.py took 0.019 seconds
[2026-05-29T10:21:00.786+0200] {processor.py:157} INFO - Started process (PID=702512) to work on /home/frederic/airflow_venv/lib/python3.10/site-packages/airflow/example_dags/example_kubernetes_executor.py
[2026-05-29T10:21:00.787+0200] {processor.py:829} INFO - Processing file /home/frederic/airflow_venv/lib/python3.10/site-packages/airflow/example_dags/example_kubernetes_executor.py for tasks to queue
[2026-05-29T10:21:00.787+0200] {logging_mixin.py:151} INFO - [2026-05-29T10:21:00.787+0200] {dagbag.py:539} INFO - Filling up the DagBag from /home/frederic/airflow_venv/lib/python3.10/site-packages/airflow/example_dags/example_kubernetes_executor.py
[2026-05-29T10:21:00.790+0200] {logging_mixin.py:151} INFO - [2026-05-29T10:21:00.790+0200] {example_kubernetes_executor.py:38} WARNING - The example_kubernetes_executor example DAG requires the kubernetes provider. Please install it with: pip install apache-airflow[cncf.kubernetes]
[2026-05-29T10:21:00.790+0200] {processor.py:841} WARNING - No viable dags retrieved from /home/frederic/airflow_venv/lib/python3.10/site-packages/airflow/example_dags/example_kubernetes_executor.py
[2026-05-29T10:21:00.797+0200] {processor.py:179} INFO - Processing /home/frederic/airflow_venv/lib/python3.10/site-packages/airflow/example_dags/example_kubernetes_executor.py took 0.014 seconds
[2026-05-29T10:21:47.065+0200] {processor.py:157} INFO - Started process (PID=702968) to work on /home/frederic/airflow_venv/lib/python3.10/site-packages/airflow/example_dags/example_kubernetes_executor.py
[2026-05-29T10:21:47.066+0200] {processor.py:829} INFO - Processing file /home/frederic/airflow_venv/lib/python3.10/site-packages/airflow/example_dags/example_kubernetes_executor.py for tasks to queue
[2026-05-29T10:21:47.067+0200] {logging_mixin.py:151} INFO - [2026-05-29T10:21:47.067+0200] {dagbag.py:539} INFO - Filling up the DagBag from /home/frederic/airflow_venv/lib/python3.10/site-packages/airflow/example_dags/example_kubernetes_executor.py
[2026-05-29T10:21:47.070+0200] {logging_mixin.py:151} INFO - [2026-05-29T10:21:47.070+0200] {example_kubernetes_executor.py:38} WARNING - The example_kubernetes_executor example DAG requires the kubernetes provider. Please install it with: pip install apache-airflow[cncf.kubernetes]
[2026-05-29T10:21:47.070+0200] {processor.py:841} WARNING - No viable dags retrieved from /home/frederic/airflow_venv/lib/python3.10/site-packages/airflow/example_dags/example_kubernetes_executor.py
[2026-05-29T10:21:47.082+0200] {processor.py:179} INFO - Processing /home/frederic/airflow_venv/lib/python3.10/site-packages/airflow/example_dags/example_kubernetes_executor.py took 0.019 seconds
[2026-05-29T10:22:35.454+0200] {processor.py:157} INFO - Started process (PID=703463) to work on /home/frederic/airflow_venv/lib/python3.10/site-packages/airflow/example_dags/example_kubernetes_executor.py
[2026-05-29T10:22:35.455+0200] {processor.py:829} INFO - Processing file /home/frederic/airflow_venv/lib/python3.10/site-packages/airflow/example_dags/example_kubernetes_executor.py for tasks to queue
[2026-05-29T10:22:35.455+0200] {logging_mixin.py:151} INFO - [2026-05-29T10:22:35.455+0200] {dagbag.py:539} INFO - Filling up the DagBag from /home/frederic/airflow_venv/lib/python3.10/site-packages/airflow/example_dags/example_kubernetes_executor.py
[2026-05-29T10:22:35.458+0200] {logging_mixin.py:151} INFO - [2026-05-29T10:22:35.458+0200] {example_kubernetes_executor.py:38} WARNING - The example_kubernetes_executor example DAG requires the kubernetes provider. Please install it with: pip install apache-airflow[cncf.kubernetes]
[2026-05-29T10:22:35.458+0200] {processor.py:841} WARNING - No viable dags retrieved from /home/frederic/airflow_venv/lib/python3.10/site-packages/airflow/example_dags/example_kubernetes_executor.py
[2026-05-29T10:22:35.465+0200] {processor.py:179} INFO - Processing /home/frederic/airflow_venv/lib/python3.10/site-packages/airflow/example_dags/example_kubernetes_executor.py took 0.014 seconds
[2026-05-29T10:23:24.225+0200] {processor.py:157} INFO - Started process (PID=704075) to work on /home/frederic/airflow_venv/lib/python3.10/site-packages/airflow/example_dags/example_kubernetes_executor.py
[2026-05-29T10:23:24.226+0200] {processor.py:829} INFO - Processing file /home/frederic/airflow_venv/lib/python3.10/site-packages/airflow/example_dags/example_kubernetes_executor.py for tasks to queue
[2026-05-29T10:23:24.227+0200] {logging_mixin.py:151} INFO - [2026-05-29T10:23:24.226+0200] {dagbag.py:539} INFO - Filling up the DagBag from /home/frederic/airflow_venv/lib/python3.10/site-packages/airflow/example_dags/example_kubernetes_executor.py
[2026-05-29T10:23:24.229+0200] {logging_mixin.py:151} INFO - [2026-05-29T10:23:24.229+0200] {example_kubernetes_executor.py:38} WARNING - The example_kubernetes_executor example DAG requires the kubernetes provider. Please install it with: pip install apache-airflow[cncf.kubernetes]
[2026-05-29T10:23:24.229+0200] {processor.py:841} WARNING - No viable dags retrieved from /home/frederic/airflow_venv/lib/python3.10/site-packages/airflow/example_dags/example_kubernetes_executor.py
[2026-05-29T10:23:24.237+0200] {processor.py:179} INFO - Processing /home/frederic/airflow_venv/lib/python3.10/site-packages/airflow/example_dags/example_kubernetes_executor.py took 0.014 seconds
[2026-05-29T10:24:12.949+0200] {processor.py:157} INFO - Started process (PID=704555) to work on /home/frederic/airflow_venv/lib/python3.10/site-packages/airflow/example_dags/example_kubernetes_executor.py
[2026-05-29T10:24:12.950+0200] {processor.py:829} INFO - Processing file /home/frederic/airflow_venv/lib/python3.10/site-packages/airflow/example_dags/example_kubernetes_executor.py for tasks to queue
[2026-05-29T10:24:12.951+0200] {logging_mixin.py:151} INFO - [2026-05-29T10:24:12.950+0200] {dagbag.py:539} INFO - Filling up the DagBag from /home/frederic/airflow_venv/lib/python3.10/site-packages/airflow/example_dags/example_kubernetes_executor.py
[2026-05-29T10:24:12.953+0200] {logging_mixin.py:151} INFO - [2026-05-29T10:24:12.953+0200] {example_kubernetes_executor.py:38} WARNING - The example_kubernetes_executor example DAG requires the kubernetes provider. Please install it with: pip install apache-airflow[cncf.kubernetes]
[2026-05-29T10:24:12.953+0200] {processor.py:841} WARNING - No viable dags retrieved from /home/frederic/airflow_venv/lib/python3.10/site-packages/airflow/example_dags/example_kubernetes_executor.py
[2026-05-29T10:24:12.960+0200] {processor.py:179} INFO - Processing /home/frederic/airflow_venv/lib/python3.10/site-packages/airflow/example_dags/example_kubernetes_executor.py took 0.014 seconds
[2026-05-29T10:25:07.879+0200] {processor.py:157} INFO - Started process (PID=705109) to work on /home/frederic/airflow_venv/lib/python3.10/site-packages/airflow/example_dags/example_kubernetes_executor.py
[2026-05-29T10:25:07.880+0200] {processor.py:829} INFO - Processing file /home/frederic/airflow_venv/lib/python3.10/site-packages/airflow/example_dags/example_kubernetes_executor.py for tasks to queue
[2026-05-29T10:25:07.881+0200] {logging_mixin.py:151} INFO - [2026-05-29T10:25:07.880+0200] {dagbag.py:539} INFO - Filling up the DagBag from /home/frederic/airflow_venv/lib/python3.10/site-packages/airflow/example_dags/example_kubernetes_executor.py
[2026-05-29T10:25:07.883+0200] {logging_mixin.py:151} INFO - [2026-05-29T10:25:07.883+0200] {example_kubernetes_executor.py:38} WARNING - The example_kubernetes_executor example DAG requires the kubernetes provider. Please install it with: pip install apache-airflow[cncf.kubernetes]
[2026-05-29T10:25:07.883+0200] {processor.py:841} WARNING - No viable dags retrieved from /home/frederic/airflow_venv/lib/python3.10/site-packages/airflow/example_dags/example_kubernetes_executor.py
[2026-05-29T10:25:07.891+0200] {processor.py:179} INFO - Processing /home/frederic/airflow_venv/lib/python3.10/site-packages/airflow/example_dags/example_kubernetes_executor.py took 0.014 seconds
[2026-05-29T10:26:04.878+0200] {processor.py:157} INFO - Started process (PID=705680) to work on /home/frederic/airflow_venv/lib/python3.10/site-packages/airflow/example_dags/example_kubernetes_executor.py
[2026-05-29T10:26:04.879+0200] {processor.py:829} INFO - Processing file /home/frederic/airflow_venv/lib/python3.10/site-packages/airflow/example_dags/example_kubernetes_executor.py for tasks to queue
[2026-05-29T10:26:04.880+0200] {logging_mixin.py:151} INFO - [2026-05-29T10:26:04.880+0200] {dagbag.py:539} INFO - Filling up the DagBag from /home/frederic/airflow_venv/lib/python3.10/site-packages/airflow/example_dags/example_kubernetes_executor.py
[2026-05-29T10:26:04.883+0200] {logging_mixin.py:151} INFO - [2026-05-29T10:26:04.883+0200] {example_kubernetes_executor.py:38} WARNING - The example_kubernetes_executor example DAG requires the kubernetes provider. Please install it with: pip install apache-airflow[cncf.kubernetes]
[2026-05-29T10:26:04.884+0200] {processor.py:841} WARNING - No viable dags retrieved from /home/frederic/airflow_venv/lib/python3.10/site-packages/airflow/example_dags/example_kubernetes_executor.py
[2026-05-29T10:26:04.891+0200] {processor.py:179} INFO - Processing /home/frederic/airflow_venv/lib/python3.10/site-packages/airflow/example_dags/example_kubernetes_executor.py took 0.015 seconds
[2026-05-29T10:26:54.932+0200] {processor.py:157} INFO - Started process (PID=706132) to work on /home/frederic/airflow_venv/lib/python3.10/site-packages/airflow/example_dags/example_kubernetes_executor.py
[2026-05-29T10:26:54.933+0200] {processor.py:829} INFO - Processing file /home/frederic/airflow_venv/lib/python3.10/site-packages/airflow/example_dags/example_kubernetes_executor.py for tasks to queue
[2026-05-29T10:26:54.933+0200] {logging_mixin.py:151} INFO - [2026-05-29T10:26:54.933+0200] {dagbag.py:539} INFO - Filling up the DagBag from /home/frederic/airflow_venv/lib/python3.10/site-packages/airflow/example_dags/example_kubernetes_executor.py
[2026-05-29T10:26:54.936+0200] {logging_mixin.py:151} INFO - [2026-05-29T10:26:54.936+0200] {example_kubernetes_executor.py:38} WARNING - The example_kubernetes_executor example DAG requires the kubernetes provider. Please install it with: pip install apache-airflow[cncf.kubernetes]
[2026-05-29T10:26:54.937+0200] {processor.py:841} WARNING - No viable dags retrieved from /home/frederic/airflow_venv/lib/python3.10/site-packages/airflow/example_dags/example_kubernetes_executor.py
[2026-05-29T10:26:54.945+0200] {processor.py:179} INFO - Processing /home/frederic/airflow_venv/lib/python3.10/site-packages/airflow/example_dags/example_kubernetes_executor.py took 0.016 seconds
[2026-05-29T10:27:43.647+0200] {processor.py:157} INFO - Started process (PID=706631) to work on /home/frederic/airflow_venv/lib/python3.10/site-packages/airflow/example_dags/example_kubernetes_executor.py
[2026-05-29T10:27:43.649+0200] {processor.py:829} INFO - Processing file /home/frederic/airflow_venv/lib/python3.10/site-packages/airflow/example_dags/example_kubernetes_executor.py for tasks to queue
[2026-05-29T10:27:43.649+0200] {logging_mixin.py:151} INFO - [2026-05-29T10:27:43.649+0200] {dagbag.py:539} INFO - Filling up the DagBag from /home/frederic/airflow_venv/lib/python3.10/site-packages/airflow/example_dags/example_kubernetes_executor.py
[2026-05-29T10:27:43.651+0200] {logging_mixin.py:151} INFO - [2026-05-29T10:27:43.651+0200] {example_kubernetes_executor.py:38} WARNING - The example_kubernetes_executor example DAG requires the kubernetes provider. Please install it with: pip install apache-airflow[cncf.kubernetes]
[2026-05-29T10:27:43.652+0200] {processor.py:841} WARNING - No viable dags retrieved from /home/frederic/airflow_venv/lib/python3.10/site-packages/airflow/example_dags/example_kubernetes_executor.py
[2026-05-29T10:27:43.661+0200] {processor.py:179} INFO - Processing /home/frederic/airflow_venv/lib/python3.10/site-packages/airflow/example_dags/example_kubernetes_executor.py took 0.016 seconds
[2026-05-29T10:28:37.204+0200] {processor.py:157} INFO - Started process (PID=707375) to work on /home/frederic/airflow_venv/lib/python3.10/site-packages/airflow/example_dags/example_kubernetes_executor.py
[2026-05-29T10:28:37.205+0200] {processor.py:829} INFO - Processing file /home/frederic/airflow_venv/lib/python3.10/site-packages/airflow/example_dags/example_kubernetes_executor.py for tasks to queue
[2026-05-29T10:28:37.205+0200] {logging_mixin.py:151} INFO - [2026-05-29T10:28:37.205+0200] {dagbag.py:539} INFO - Filling up the DagBag from /home/frederic/airflow_venv/lib/python3.10/site-packages/airflow/example_dags/example_kubernetes_executor.py
[2026-05-29T10:28:37.208+0200] {logging_mixin.py:151} INFO - [2026-05-29T10:28:37.208+0200] {example_kubernetes_executor.py:38} WARNING - The example_kubernetes_executor example DAG requires the kubernetes provider. Please install it with: pip install apache-airflow[cncf.kubernetes]
[2026-05-29T10:28:37.208+0200] {processor.py:841} WARNING - No viable dags retrieved from /home/frederic/airflow_venv/lib/python3.10/site-packages/airflow/example_dags/example_kubernetes_executor.py
[2026-05-29T10:28:37.216+0200] {processor.py:179} INFO - Processing /home/frederic/airflow_venv/lib/python3.10/site-packages/airflow/example_dags/example_kubernetes_executor.py took 0.016 seconds
[2026-05-29T10:29:27.483+0200] {processor.py:157} INFO - Started process (PID=707936) to work on /home/frederic/airflow_venv/lib/python3.10/site-packages/airflow/example_dags/example_kubernetes_executor.py
[2026-05-29T10:29:27.484+0200] {processor.py:829} INFO - Processing file /home/frederic/airflow_venv/lib/python3.10/site-packages/airflow/example_dags/example_kubernetes_executor.py for tasks to queue
[2026-05-29T10:29:27.485+0200] {logging_mixin.py:151} INFO - [2026-05-29T10:29:27.484+0200] {dagbag.py:539} INFO - Filling up the DagBag from /home/frederic/airflow_venv/lib/python3.10/site-packages/airflow/example_dags/example_kubernetes_executor.py
[2026-05-29T10:29:27.487+0200] {logging_mixin.py:151} INFO - [2026-05-29T10:29:27.487+0200] {example_kubernetes_executor.py:38} WARNING - The example_kubernetes_executor example DAG requires the kubernetes provider. Please install it with: pip install apache-airflow[cncf.kubernetes]
[2026-05-29T10:29:27.487+0200] {processor.py:841} WARNING - No viable dags retrieved from /home/frederic/airflow_venv/lib/python3.10/site-packages/airflow/example_dags/example_kubernetes_executor.py
[2026-05-29T10:29:27.494+0200] {processor.py:179} INFO - Processing /home/frederic/airflow_venv/lib/python3.10/site-packages/airflow/example_dags/example_kubernetes_executor.py took 0.014 seconds
[2026-05-29T10:30:14.922+0200] {processor.py:157} INFO - Started process (PID=708499) to work on /home/frederic/airflow_venv/lib/python3.10/site-packages/airflow/example_dags/example_kubernetes_executor.py
[2026-05-29T10:30:14.923+0200] {processor.py:829} INFO - Processing file /home/frederic/airflow_venv/lib/python3.10/site-packages/airflow/example_dags/example_kubernetes_executor.py for tasks to queue
[2026-05-29T10:30:14.924+0200] {logging_mixin.py:151} INFO - [2026-05-29T10:30:14.924+0200] {dagbag.py:539} INFO - Filling up the DagBag from /home/frederic/airflow_venv/lib/python3.10/site-packages/airflow/example_dags/example_kubernetes_executor.py
[2026-05-29T10:30:14.926+0200] {logging_mixin.py:151} INFO - [2026-05-29T10:30:14.926+0200] {example_kubernetes_executor.py:38} WARNING - The example_kubernetes_executor example DAG requires the kubernetes provider. Please install it with: pip install apache-airflow[cncf.kubernetes]
[2026-05-29T10:30:14.926+0200] {processor.py:841} WARNING - No viable dags retrieved from /home/frederic/airflow_venv/lib/python3.10/site-packages/airflow/example_dags/example_kubernetes_executor.py
[2026-05-29T10:30:14.933+0200] {processor.py:179} INFO - Processing /home/frederic/airflow_venv/lib/python3.10/site-packages/airflow/example_dags/example_kubernetes_executor.py took 0.013 seconds
[2026-05-29T10:30:59.951+0200] {processor.py:157} INFO - Started process (PID=709122) to work on /home/frederic/airflow_venv/lib/python3.10/site-packages/airflow/example_dags/example_kubernetes_executor.py
[2026-05-29T10:30:59.952+0200] {processor.py:829} INFO - Processing file /home/frederic/airflow_venv/lib/python3.10/site-packages/airflow/example_dags/example_kubernetes_executor.py for tasks to queue
[2026-05-29T10:30:59.953+0200] {logging_mixin.py:151} INFO - [2026-05-29T10:30:59.953+0200] {dagbag.py:539} INFO - Filling up the DagBag from /home/frederic/airflow_venv/lib/python3.10/site-packages/airflow/example_dags/example_kubernetes_executor.py
[2026-05-29T10:30:59.955+0200] {logging_mixin.py:151} INFO - [2026-05-29T10:30:59.955+0200] {example_kubernetes_executor.py:38} WARNING - The example_kubernetes_executor example DAG requires the kubernetes provider. Please install it with: pip install apache-airflow[cncf.kubernetes]
[2026-05-29T10:30:59.956+0200] {processor.py:841} WARNING - No viable dags retrieved from /home/frederic/airflow_venv/lib/python3.10/site-packages/airflow/example_dags/example_kubernetes_executor.py
[2026-05-29T10:30:59.963+0200] {processor.py:179} INFO - Processing /home/frederic/airflow_venv/lib/python3.10/site-packages/airflow/example_dags/example_kubernetes_executor.py took 0.014 seconds
[2026-05-29T10:31:46.629+0200] {processor.py:157} INFO - Started process (PID=709591) to work on /home/frederic/airflow_venv/lib/python3.10/site-packages/airflow/example_dags/example_kubernetes_executor.py
[2026-05-29T10:31:46.630+0200] {processor.py:829} INFO - Processing file /home/frederic/airflow_venv/lib/python3.10/site-packages/airflow/example_dags/example_kubernetes_executor.py for tasks to queue
[2026-05-29T10:31:46.630+0200] {logging_mixin.py:151} INFO - [2026-05-29T10:31:46.630+0200] {dagbag.py:539} INFO - Filling up the DagBag from /home/frederic/airflow_venv/lib/python3.10/site-packages/airflow/example_dags/example_kubernetes_executor.py
[2026-05-29T10:31:46.633+0200] {logging_mixin.py:151} INFO - [2026-05-29T10:31:46.633+0200] {example_kubernetes_executor.py:38} WARNING - The example_kubernetes_executor example DAG requires the kubernetes provider. Please install it with: pip install apache-airflow[cncf.kubernetes]
[2026-05-29T10:31:46.633+0200] {processor.py:841} WARNING - No viable dags retrieved from /home/frederic/airflow_venv/lib/python3.10/site-packages/airflow/example_dags/example_kubernetes_executor.py
[2026-05-29T10:31:46.641+0200] {processor.py:179} INFO - Processing /home/frederic/airflow_venv/lib/python3.10/site-packages/airflow/example_dags/example_kubernetes_executor.py took 0.015 seconds
[2026-05-29T10:32:31.295+0200] {processor.py:157} INFO - Started process (PID=710190) to work on /home/frederic/airflow_venv/lib/python3.10/site-packages/airflow/example_dags/example_kubernetes_executor.py
[2026-05-29T10:32:31.296+0200] {processor.py:829} INFO - Processing file /home/frederic/airflow_venv/lib/python3.10/site-packages/airflow/example_dags/example_kubernetes_executor.py for tasks to queue
[2026-05-29T10:32:31.297+0200] {logging_mixin.py:151} INFO - [2026-05-29T10:32:31.297+0200] {dagbag.py:539} INFO - Filling up the DagBag from /home/frederic/airflow_venv/lib/python3.10/site-packages/airflow/example_dags/example_kubernetes_executor.py
[2026-05-29T10:32:31.300+0200] {logging_mixin.py:151} INFO - [2026-05-29T10:32:31.300+0200] {example_kubernetes_executor.py:38} WARNING - The example_kubernetes_executor example DAG requires the kubernetes provider. Please install it with: pip install apache-airflow[cncf.kubernetes]
[2026-05-29T10:32:31.300+0200] {processor.py:841} WARNING - No viable dags retrieved from /home/frederic/airflow_venv/lib/python3.10/site-packages/airflow/example_dags/example_kubernetes_executor.py
[2026-05-29T10:32:31.307+0200] {processor.py:179} INFO - Processing /home/frederic/airflow_venv/lib/python3.10/site-packages/airflow/example_dags/example_kubernetes_executor.py took 0.014 seconds
[2026-05-29T10:33:18.288+0200] {processor.py:157} INFO - Started process (PID=710970) to work on /home/frederic/airflow_venv/lib/python3.10/site-packages/airflow/example_dags/example_kubernetes_executor.py
[2026-05-29T10:33:18.290+0200] {processor.py:829} INFO - Processing file /home/frederic/airflow_venv/lib/python3.10/site-packages/airflow/example_dags/example_kubernetes_executor.py for tasks to queue
[2026-05-29T10:33:18.291+0200] {logging_mixin.py:151} INFO - [2026-05-29T10:33:18.290+0200] {dagbag.py:539} INFO - Filling up the DagBag from /home/frederic/airflow_venv/lib/python3.10/site-packages/airflow/example_dags/example_kubernetes_executor.py
[2026-05-29T10:33:18.294+0200] {logging_mixin.py:151} INFO - [2026-05-29T10:33:18.294+0200] {example_kubernetes_executor.py:38} WARNING - The example_kubernetes_executor example DAG requires the kubernetes provider. Please install it with: pip install apache-airflow[cncf.kubernetes]
[2026-05-29T10:33:18.294+0200] {processor.py:841} WARNING - No viable dags retrieved from /home/frederic/airflow_venv/lib/python3.10/site-packages/airflow/example_dags/example_kubernetes_executor.py
[2026-05-29T10:33:18.304+0200] {processor.py:179} INFO - Processing /home/frederic/airflow_venv/lib/python3.10/site-packages/airflow/example_dags/example_kubernetes_executor.py took 0.020 seconds
[2026-05-29T10:34:03.567+0200] {processor.py:157} INFO - Started process (PID=711720) to work on /home/frederic/airflow_venv/lib/python3.10/site-packages/airflow/example_dags/example_kubernetes_executor.py
[2026-05-29T10:34:03.568+0200] {processor.py:829} INFO - Processing file /home/frederic/airflow_venv/lib/python3.10/site-packages/airflow/example_dags/example_kubernetes_executor.py for tasks to queue
[2026-05-29T10:34:03.568+0200] {logging_mixin.py:151} INFO - [2026-05-29T10:34:03.568+0200] {dagbag.py:539} INFO - Filling up the DagBag from /home/frederic/airflow_venv/lib/python3.10/site-packages/airflow/example_dags/example_kubernetes_executor.py
[2026-05-29T10:34:03.571+0200] {logging_mixin.py:151} INFO - [2026-05-29T10:34:03.571+0200] {example_kubernetes_executor.py:38} WARNING - The example_kubernetes_executor example DAG requires the kubernetes provider. Please install it with: pip install apache-airflow[cncf.kubernetes]
[2026-05-29T10:34:03.571+0200] {processor.py:841} WARNING - No viable dags retrieved from /home/frederic/airflow_venv/lib/python3.10/site-packages/airflow/example_dags/example_kubernetes_executor.py
[2026-05-29T10:34:03.581+0200] {processor.py:179} INFO - Processing /home/frederic/airflow_venv/lib/python3.10/site-packages/airflow/example_dags/example_kubernetes_executor.py took 0.016 seconds
[2026-05-29T10:34:44.774+0200] {processor.py:157} INFO - Started process (PID=712132) to work on /home/frederic/airflow_venv/lib/python3.10/site-packages/airflow/example_dags/example_kubernetes_executor.py
[2026-05-29T10:34:44.775+0200] {processor.py:829} INFO - Processing file /home/frederic/airflow_venv/lib/python3.10/site-packages/airflow/example_dags/example_kubernetes_executor.py for tasks to queue
[2026-05-29T10:34:44.776+0200] {logging_mixin.py:151} INFO - [2026-05-29T10:34:44.776+0200] {dagbag.py:539} INFO - Filling up the DagBag from /home/frederic/airflow_venv/lib/python3.10/site-packages/airflow/example_dags/example_kubernetes_executor.py
[2026-05-29T10:34:44.779+0200] {logging_mixin.py:151} INFO - [2026-05-29T10:34:44.779+0200] {example_kubernetes_executor.py:38} WARNING - The example_kubernetes_executor example DAG requires the kubernetes provider. Please install it with: pip install apache-airflow[cncf.kubernetes]
[2026-05-29T10:34:44.779+0200] {processor.py:841} WARNING - No viable dags retrieved from /home/frederic/airflow_venv/lib/python3.10/site-packages/airflow/example_dags/example_kubernetes_executor.py
[2026-05-29T10:34:44.787+0200] {processor.py:179} INFO - Processing /home/frederic/airflow_venv/lib/python3.10/site-packages/airflow/example_dags/example_kubernetes_executor.py took 0.016 seconds
[2026-05-29T10:35:34.256+0200] {processor.py:157} INFO - Started process (PID=712636) to work on /home/frederic/airflow_venv/lib/python3.10/site-packages/airflow/example_dags/example_kubernetes_executor.py
[2026-05-29T10:35:34.257+0200] {processor.py:829} INFO - Processing file /home/frederic/airflow_venv/lib/python3.10/site-packages/airflow/example_dags/example_kubernetes_executor.py for tasks to queue
[2026-05-29T10:35:34.258+0200] {logging_mixin.py:151} INFO - [2026-05-29T10:35:34.257+0200] {dagbag.py:539} INFO - Filling up the DagBag from /home/frederic/airflow_venv/lib/python3.10/site-packages/airflow/example_dags/example_kubernetes_executor.py
[2026-05-29T10:35:34.260+0200] {logging_mixin.py:151} INFO - [2026-05-29T10:35:34.260+0200] {example_kubernetes_executor.py:38} WARNING - The example_kubernetes_executor example DAG requires the kubernetes provider. Please install it with: pip install apache-airflow[cncf.kubernetes]
[2026-05-29T10:35:34.260+0200] {processor.py:841} WARNING - No viable dags retrieved from /home/frederic/airflow_venv/lib/python3.10/site-packages/airflow/example_dags/example_kubernetes_executor.py
[2026-05-29T10:35:34.269+0200] {processor.py:179} INFO - Processing /home/frederic/airflow_venv/lib/python3.10/site-packages/airflow/example_dags/example_kubernetes_executor.py took 0.015 seconds
[2026-05-29T10:36:19.252+0200] {processor.py:157} INFO - Started process (PID=713208) to work on /home/frederic/airflow_venv/lib/python3.10/site-packages/airflow/example_dags/example_kubernetes_executor.py
[2026-05-29T10:36:19.253+0200] {processor.py:829} INFO - Processing file /home/frederic/airflow_venv/lib/python3.10/site-packages/airflow/example_dags/example_kubernetes_executor.py for tasks to queue
[2026-05-29T10:36:19.253+0200] {logging_mixin.py:151} INFO - [2026-05-29T10:36:19.253+0200] {dagbag.py:539} INFO - Filling up the DagBag from /home/frederic/airflow_venv/lib/python3.10/site-packages/airflow/example_dags/example_kubernetes_executor.py
[2026-05-29T10:36:19.256+0200] {logging_mixin.py:151} INFO - [2026-05-29T10:36:19.256+0200] {example_kubernetes_executor.py:38} WARNING - The example_kubernetes_executor example DAG requires the kubernetes provider. Please install it with: pip install apache-airflow[cncf.kubernetes]
[2026-05-29T10:36:19.256+0200] {processor.py:841} WARNING - No viable dags retrieved from /home/frederic/airflow_venv/lib/python3.10/site-packages/airflow/example_dags/example_kubernetes_executor.py
[2026-05-29T10:36:19.263+0200] {processor.py:179} INFO - Processing /home/frederic/airflow_venv/lib/python3.10/site-packages/airflow/example_dags/example_kubernetes_executor.py took 0.014 seconds
[2026-05-29T10:37:03.214+0200] {processor.py:157} INFO - Started process (PID=713713) to work on /home/frederic/airflow_venv/lib/python3.10/site-packages/airflow/example_dags/example_kubernetes_executor.py
[2026-05-29T10:37:03.215+0200] {processor.py:829} INFO - Processing file /home/frederic/airflow_venv/lib/python3.10/site-packages/airflow/example_dags/example_kubernetes_executor.py for tasks to queue
[2026-05-29T10:37:03.216+0200] {logging_mixin.py:151} INFO - [2026-05-29T10:37:03.216+0200] {dagbag.py:539} INFO - Filling up the DagBag from /home/frederic/airflow_venv/lib/python3.10/site-packages/airflow/example_dags/example_kubernetes_executor.py
[2026-05-29T10:37:03.218+0200] {logging_mixin.py:151} INFO - [2026-05-29T10:37:03.218+0200] {example_kubernetes_executor.py:38} WARNING - The example_kubernetes_executor example DAG requires the kubernetes provider. Please install it with: pip install apache-airflow[cncf.kubernetes]
[2026-05-29T10:37:03.218+0200] {processor.py:841} WARNING - No viable dags retrieved from /home/frederic/airflow_venv/lib/python3.10/site-packages/airflow/example_dags/example_kubernetes_executor.py
[2026-05-29T10:37:03.226+0200] {processor.py:179} INFO - Processing /home/frederic/airflow_venv/lib/python3.10/site-packages/airflow/example_dags/example_kubernetes_executor.py took 0.014 seconds
[2026-05-29T10:37:50.480+0200] {processor.py:157} INFO - Started process (PID=714489) to work on /home/frederic/airflow_venv/lib/python3.10/site-packages/airflow/example_dags/example_kubernetes_executor.py
[2026-05-29T10:37:50.481+0200] {processor.py:829} INFO - Processing file /home/frederic/airflow_venv/lib/python3.10/site-packages/airflow/example_dags/example_kubernetes_executor.py for tasks to queue
[2026-05-29T10:37:50.481+0200] {logging_mixin.py:151} INFO - [2026-05-29T10:37:50.481+0200] {dagbag.py:539} INFO - Filling up the DagBag from /home/frederic/airflow_venv/lib/python3.10/site-packages/airflow/example_dags/example_kubernetes_executor.py
[2026-05-29T10:37:50.484+0200] {logging_mixin.py:151} INFO - [2026-05-29T10:37:50.484+0200] {example_kubernetes_executor.py:38} WARNING - The example_kubernetes_executor example DAG requires the kubernetes provider. Please install it with: pip install apache-airflow[cncf.kubernetes]
[2026-05-29T10:37:50.484+0200] {processor.py:841} WARNING - No viable dags retrieved from /home/frederic/airflow_venv/lib/python3.10/site-packages/airflow/example_dags/example_kubernetes_executor.py
[2026-05-29T10:37:50.491+0200] {processor.py:179} INFO - Processing /home/frederic/airflow_venv/lib/python3.10/site-packages/airflow/example_dags/example_kubernetes_executor.py took 0.015 seconds
[2026-05-29T10:38:37.032+0200] {processor.py:157} INFO - Started process (PID=715047) to work on /home/frederic/airflow_venv/lib/python3.10/site-packages/airflow/example_dags/example_kubernetes_executor.py
[2026-05-29T10:38:37.033+0200] {processor.py:829} INFO - Processing file /home/frederic/airflow_venv/lib/python3.10/site-packages/airflow/example_dags/example_kubernetes_executor.py for tasks to queue
[2026-05-29T10:38:37.033+0200] {logging_mixin.py:151} INFO - [2026-05-29T10:38:37.033+0200] {dagbag.py:539} INFO - Filling up the DagBag from /home/frederic/airflow_venv/lib/python3.10/site-packages/airflow/example_dags/example_kubernetes_executor.py
[2026-05-29T10:38:37.036+0200] {logging_mixin.py:151} INFO - [2026-05-29T10:38:37.036+0200] {example_kubernetes_executor.py:38} WARNING - The example_kubernetes_executor example DAG requires the kubernetes provider. Please install it with: pip install apache-airflow[cncf.kubernetes]
[2026-05-29T10:38:37.036+0200] {processor.py:841} WARNING - No viable dags retrieved from /home/frederic/airflow_venv/lib/python3.10/site-packages/airflow/example_dags/example_kubernetes_executor.py
[2026-05-29T10:38:37.043+0200] {processor.py:179} INFO - Processing /home/frederic/airflow_venv/lib/python3.10/site-packages/airflow/example_dags/example_kubernetes_executor.py took 0.013 seconds
[2026-05-29T10:39:22.076+0200] {processor.py:157} INFO - Started process (PID=715818) to work on /home/frederic/airflow_venv/lib/python3.10/site-packages/airflow/example_dags/example_kubernetes_executor.py
[2026-05-29T10:39:22.077+0200] {processor.py:829} INFO - Processing file /home/frederic/airflow_venv/lib/python3.10/site-packages/airflow/example_dags/example_kubernetes_executor.py for tasks to queue
[2026-05-29T10:39:22.078+0200] {logging_mixin.py:151} INFO - [2026-05-29T10:39:22.078+0200] {dagbag.py:539} INFO - Filling up the DagBag from /home/frederic/airflow_venv/lib/python3.10/site-packages/airflow/example_dags/example_kubernetes_executor.py
[2026-05-29T10:39:22.080+0200] {logging_mixin.py:151} INFO - [2026-05-29T10:39:22.080+0200] {example_kubernetes_executor.py:38} WARNING - The example_kubernetes_executor example DAG requires the kubernetes provider. Please install it with: pip install apache-airflow[cncf.kubernetes]
[2026-05-29T10:39:22.081+0200] {processor.py:841} WARNING - No viable dags retrieved from /home/frederic/airflow_venv/lib/python3.10/site-packages/airflow/example_dags/example_kubernetes_executor.py
[2026-05-29T10:39:22.088+0200] {processor.py:179} INFO - Processing /home/frederic/airflow_venv/lib/python3.10/site-packages/airflow/example_dags/example_kubernetes_executor.py took 0.014 seconds
[2026-05-29T10:40:06.747+0200] {processor.py:157} INFO - Started process (PID=716406) to work on /home/frederic/airflow_venv/lib/python3.10/site-packages/airflow/example_dags/example_kubernetes_executor.py
[2026-05-29T10:40:06.748+0200] {processor.py:829} INFO - Processing file /home/frederic/airflow_venv/lib/python3.10/site-packages/airflow/example_dags/example_kubernetes_executor.py for tasks to queue
[2026-05-29T10:40:06.749+0200] {logging_mixin.py:151} INFO - [2026-05-29T10:40:06.749+0200] {dagbag.py:539} INFO - Filling up the DagBag from /home/frederic/airflow_venv/lib/python3.10/site-packages/airflow/example_dags/example_kubernetes_executor.py
[2026-05-29T10:40:06.752+0200] {logging_mixin.py:151} INFO - [2026-05-29T10:40:06.752+0200] {example_kubernetes_executor.py:38} WARNING - The example_kubernetes_executor example DAG requires the kubernetes provider. Please install it with: pip install apache-airflow[cncf.kubernetes]
[2026-05-29T10:40:06.752+0200] {processor.py:841} WARNING - No viable dags retrieved from /home/frederic/airflow_venv/lib/python3.10/site-packages/airflow/example_dags/example_kubernetes_executor.py
[2026-05-29T10:40:06.763+0200] {processor.py:179} INFO - Processing /home/frederic/airflow_venv/lib/python3.10/site-packages/airflow/example_dags/example_kubernetes_executor.py took 0.018 seconds
[2026-05-29T10:40:51.628+0200] {processor.py:157} INFO - Started process (PID=716836) to work on /home/frederic/airflow_venv/lib/python3.10/site-packages/airflow/example_dags/example_kubernetes_executor.py
[2026-05-29T10:40:51.630+0200] {processor.py:829} INFO - Processing file /home/frederic/airflow_venv/lib/python3.10/site-packages/airflow/example_dags/example_kubernetes_executor.py for tasks to queue
[2026-05-29T10:40:51.631+0200] {logging_mixin.py:151} INFO - [2026-05-29T10:40:51.630+0200] {dagbag.py:539} INFO - Filling up the DagBag from /home/frederic/airflow_venv/lib/python3.10/site-packages/airflow/example_dags/example_kubernetes_executor.py
[2026-05-29T10:40:51.634+0200] {logging_mixin.py:151} INFO - [2026-05-29T10:40:51.634+0200] {example_kubernetes_executor.py:38} WARNING - The example_kubernetes_executor example DAG requires the kubernetes provider. Please install it with: pip install apache-airflow[cncf.kubernetes]
[2026-05-29T10:40:51.634+0200] {processor.py:841} WARNING - No viable dags retrieved from /home/frederic/airflow_venv/lib/python3.10/site-packages/airflow/example_dags/example_kubernetes_executor.py
[2026-05-29T10:40:51.644+0200] {processor.py:179} INFO - Processing /home/frederic/airflow_venv/lib/python3.10/site-packages/airflow/example_dags/example_kubernetes_executor.py took 0.019 seconds
[2026-05-29T10:41:38.730+0200] {processor.py:157} INFO - Started process (PID=717353) to work on /home/frederic/airflow_venv/lib/python3.10/site-packages/airflow/example_dags/example_kubernetes_executor.py
[2026-05-29T10:41:38.731+0200] {processor.py:829} INFO - Processing file /home/frederic/airflow_venv/lib/python3.10/site-packages/airflow/example_dags/example_kubernetes_executor.py for tasks to queue
[2026-05-29T10:41:38.732+0200] {logging_mixin.py:151} INFO - [2026-05-29T10:41:38.732+0200] {dagbag.py:539} INFO - Filling up the DagBag from /home/frederic/airflow_venv/lib/python3.10/site-packages/airflow/example_dags/example_kubernetes_executor.py
[2026-05-29T10:41:38.736+0200] {logging_mixin.py:151} INFO - [2026-05-29T10:41:38.735+0200] {example_kubernetes_executor.py:38} WARNING - The example_kubernetes_executor example DAG requires the kubernetes provider. Please install it with: pip install apache-airflow[cncf.kubernetes]
[2026-05-29T10:41:38.736+0200] {processor.py:841} WARNING - No viable dags retrieved from /home/frederic/airflow_venv/lib/python3.10/site-packages/airflow/example_dags/example_kubernetes_executor.py
[2026-05-29T10:41:38.747+0200] {processor.py:179} INFO - Processing /home/frederic/airflow_venv/lib/python3.10/site-packages/airflow/example_dags/example_kubernetes_executor.py took 0.020 seconds
[2026-05-29T10:42:26.356+0200] {processor.py:157} INFO - Started process (PID=717842) to work on /home/frederic/airflow_venv/lib/python3.10/site-packages/airflow/example_dags/example_kubernetes_executor.py
[2026-05-29T10:42:26.357+0200] {processor.py:829} INFO - Processing file /home/frederic/airflow_venv/lib/python3.10/site-packages/airflow/example_dags/example_kubernetes_executor.py for tasks to queue
[2026-05-29T10:42:26.359+0200] {logging_mixin.py:151} INFO - [2026-05-29T10:42:26.358+0200] {dagbag.py:539} INFO - Filling up the DagBag from /home/frederic/airflow_venv/lib/python3.10/site-packages/airflow/example_dags/example_kubernetes_executor.py
[2026-05-29T10:42:26.363+0200] {logging_mixin.py:151} INFO - [2026-05-29T10:42:26.363+0200] {example_kubernetes_executor.py:38} WARNING - The example_kubernetes_executor example DAG requires the kubernetes provider. Please install it with: pip install apache-airflow[cncf.kubernetes]
[2026-05-29T10:42:26.363+0200] {processor.py:841} WARNING - No viable dags retrieved from /home/frederic/airflow_venv/lib/python3.10/site-packages/airflow/example_dags/example_kubernetes_executor.py
[2026-05-29T10:42:26.372+0200] {processor.py:179} INFO - Processing /home/frederic/airflow_venv/lib/python3.10/site-packages/airflow/example_dags/example_kubernetes_executor.py took 0.019 seconds
[2026-05-29T10:43:08.611+0200] {processor.py:157} INFO - Started process (PID=718369) to work on /home/frederic/airflow_venv/lib/python3.10/site-packages/airflow/example_dags/example_kubernetes_executor.py
[2026-05-29T10:43:08.612+0200] {processor.py:829} INFO - Processing file /home/frederic/airflow_venv/lib/python3.10/site-packages/airflow/example_dags/example_kubernetes_executor.py for tasks to queue
[2026-05-29T10:43:08.613+0200] {logging_mixin.py:151} INFO - [2026-05-29T10:43:08.613+0200] {dagbag.py:539} INFO - Filling up the DagBag from /home/frederic/airflow_venv/lib/python3.10/site-packages/airflow/example_dags/example_kubernetes_executor.py
[2026-05-29T10:43:08.617+0200] {logging_mixin.py:151} INFO - [2026-05-29T10:43:08.616+0200] {example_kubernetes_executor.py:38} WARNING - The example_kubernetes_executor example DAG requires the kubernetes provider. Please install it with: pip install apache-airflow[cncf.kubernetes]
[2026-05-29T10:43:08.617+0200] {processor.py:841} WARNING - No viable dags retrieved from /home/frederic/airflow_venv/lib/python3.10/site-packages/airflow/example_dags/example_kubernetes_executor.py
[2026-05-29T10:43:08.628+0200] {processor.py:179} INFO - Processing /home/frederic/airflow_venv/lib/python3.10/site-packages/airflow/example_dags/example_kubernetes_executor.py took 0.021 seconds
[2026-05-29T10:43:56.452+0200] {processor.py:157} INFO - Started process (PID=718801) to work on /home/frederic/airflow_venv/lib/python3.10/site-packages/airflow/example_dags/example_kubernetes_executor.py
[2026-05-29T10:43:56.453+0200] {processor.py:829} INFO - Processing file /home/frederic/airflow_venv/lib/python3.10/site-packages/airflow/example_dags/example_kubernetes_executor.py for tasks to queue
[2026-05-29T10:43:56.454+0200] {logging_mixin.py:151} INFO - [2026-05-29T10:43:56.453+0200] {dagbag.py:539} INFO - Filling up the DagBag from /home/frederic/airflow_venv/lib/python3.10/site-packages/airflow/example_dags/example_kubernetes_executor.py
[2026-05-29T10:43:56.457+0200] {logging_mixin.py:151} INFO - [2026-05-29T10:43:56.457+0200] {example_kubernetes_executor.py:38} WARNING - The example_kubernetes_executor example DAG requires the kubernetes provider. Please install it with: pip install apache-airflow[cncf.kubernetes]
[2026-05-29T10:43:56.457+0200] {processor.py:841} WARNING - No viable dags retrieved from /home/frederic/airflow_venv/lib/python3.10/site-packages/airflow/example_dags/example_kubernetes_executor.py
[2026-05-29T10:43:56.466+0200] {processor.py:179} INFO - Processing /home/frederic/airflow_venv/lib/python3.10/site-packages/airflow/example_dags/example_kubernetes_executor.py took 0.016 seconds
[2026-05-29T10:44:41.242+0200] {processor.py:157} INFO - Started process (PID=719340) to work on /home/frederic/airflow_venv/lib/python3.10/site-packages/airflow/example_dags/example_kubernetes_executor.py
[2026-05-29T10:44:41.243+0200] {processor.py:829} INFO - Processing file /home/frederic/airflow_venv/lib/python3.10/site-packages/airflow/example_dags/example_kubernetes_executor.py for tasks to queue
[2026-05-29T10:44:41.244+0200] {logging_mixin.py:151} INFO - [2026-05-29T10:44:41.243+0200] {dagbag.py:539} INFO - Filling up the DagBag from /home/frederic/airflow_venv/lib/python3.10/site-packages/airflow/example_dags/example_kubernetes_executor.py
[2026-05-29T10:44:41.247+0200] {logging_mixin.py:151} INFO - [2026-05-29T10:44:41.247+0200] {example_kubernetes_executor.py:38} WARNING - The example_kubernetes_executor example DAG requires the kubernetes provider. Please install it with: pip install apache-airflow[cncf.kubernetes]
[2026-05-29T10:44:41.247+0200] {processor.py:841} WARNING - No viable dags retrieved from /home/frederic/airflow_venv/lib/python3.10/site-packages/airflow/example_dags/example_kubernetes_executor.py
[2026-05-29T10:44:41.257+0200] {processor.py:179} INFO - Processing /home/frederic/airflow_venv/lib/python3.10/site-packages/airflow/example_dags/example_kubernetes_executor.py took 0.017 seconds
[2026-05-29T10:45:29.902+0200] {processor.py:157} INFO - Started process (PID=720132) to work on /home/frederic/airflow_venv/lib/python3.10/site-packages/airflow/example_dags/example_kubernetes_executor.py
[2026-05-29T10:45:29.904+0200] {processor.py:829} INFO - Processing file /home/frederic/airflow_venv/lib/python3.10/site-packages/airflow/example_dags/example_kubernetes_executor.py for tasks to queue
[2026-05-29T10:45:29.904+0200] {logging_mixin.py:151} INFO - [2026-05-29T10:45:29.904+0200] {dagbag.py:539} INFO - Filling up the DagBag from /home/frederic/airflow_venv/lib/python3.10/site-packages/airflow/example_dags/example_kubernetes_executor.py
[2026-05-29T10:45:29.908+0200] {logging_mixin.py:151} INFO - [2026-05-29T10:45:29.908+0200] {example_kubernetes_executor.py:38} WARNING - The example_kubernetes_executor example DAG requires the kubernetes provider. Please install it with: pip install apache-airflow[cncf.kubernetes]
[2026-05-29T10:45:29.908+0200] {processor.py:841} WARNING - No viable dags retrieved from /home/frederic/airflow_venv/lib/python3.10/site-packages/airflow/example_dags/example_kubernetes_executor.py
[2026-05-29T10:45:29.915+0200] {processor.py:179} INFO - Processing /home/frederic/airflow_venv/lib/python3.10/site-packages/airflow/example_dags/example_kubernetes_executor.py took 0.016 seconds
[2026-05-29T10:46:15.027+0200] {processor.py:157} INFO - Started process (PID=720578) to work on /home/frederic/airflow_venv/lib/python3.10/site-packages/airflow/example_dags/example_kubernetes_executor.py
[2026-05-29T10:46:15.028+0200] {processor.py:829} INFO - Processing file /home/frederic/airflow_venv/lib/python3.10/site-packages/airflow/example_dags/example_kubernetes_executor.py for tasks to queue
[2026-05-29T10:46:15.029+0200] {logging_mixin.py:151} INFO - [2026-05-29T10:46:15.029+0200] {dagbag.py:539} INFO - Filling up the DagBag from /home/frederic/airflow_venv/lib/python3.10/site-packages/airflow/example_dags/example_kubernetes_executor.py
[2026-05-29T10:46:15.032+0200] {logging_mixin.py:151} INFO - [2026-05-29T10:46:15.032+0200] {example_kubernetes_executor.py:38} WARNING - The example_kubernetes_executor example DAG requires the kubernetes provider. Please install it with: pip install apache-airflow[cncf.kubernetes]
[2026-05-29T10:46:15.032+0200] {processor.py:841} WARNING - No viable dags retrieved from /home/frederic/airflow_venv/lib/python3.10/site-packages/airflow/example_dags/example_kubernetes_executor.py
[2026-05-29T10:46:15.039+0200] {processor.py:179} INFO - Processing /home/frederic/airflow_venv/lib/python3.10/site-packages/airflow/example_dags/example_kubernetes_executor.py took 0.015 seconds
[2026-05-29T10:47:07.650+0200] {processor.py:157} INFO - Started process (PID=721709) to work on /home/frederic/airflow_venv/lib/python3.10/site-packages/airflow/example_dags/example_kubernetes_executor.py
[2026-05-29T10:47:07.651+0200] {processor.py:829} INFO - Processing file /home/frederic/airflow_venv/lib/python3.10/site-packages/airflow/example_dags/example_kubernetes_executor.py for tasks to queue
[2026-05-29T10:47:07.651+0200] {logging_mixin.py:151} INFO - [2026-05-29T10:47:07.651+0200] {dagbag.py:539} INFO - Filling up the DagBag from /home/frederic/airflow_venv/lib/python3.10/site-packages/airflow/example_dags/example_kubernetes_executor.py
[2026-05-29T10:47:07.654+0200] {logging_mixin.py:151} INFO - [2026-05-29T10:47:07.654+0200] {example_kubernetes_executor.py:38} WARNING - The example_kubernetes_executor example DAG requires the kubernetes provider. Please install it with: pip install apache-airflow[cncf.kubernetes]
[2026-05-29T10:47:07.654+0200] {processor.py:841} WARNING - No viable dags retrieved from /home/frederic/airflow_venv/lib/python3.10/site-packages/airflow/example_dags/example_kubernetes_executor.py
[2026-05-29T10:47:07.662+0200] {processor.py:179} INFO - Processing /home/frederic/airflow_venv/lib/python3.10/site-packages/airflow/example_dags/example_kubernetes_executor.py took 0.014 seconds
[2026-05-29T10:47:56.753+0200] {processor.py:157} INFO - Started process (PID=722168) to work on /home/frederic/airflow_venv/lib/python3.10/site-packages/airflow/example_dags/example_kubernetes_executor.py
[2026-05-29T10:47:56.754+0200] {processor.py:829} INFO - Processing file /home/frederic/airflow_venv/lib/python3.10/site-packages/airflow/example_dags/example_kubernetes_executor.py for tasks to queue
[2026-05-29T10:47:56.754+0200] {logging_mixin.py:151} INFO - [2026-05-29T10:47:56.754+0200] {dagbag.py:539} INFO - Filling up the DagBag from /home/frederic/airflow_venv/lib/python3.10/site-packages/airflow/example_dags/example_kubernetes_executor.py
[2026-05-29T10:47:56.757+0200] {logging_mixin.py:151} INFO - [2026-05-29T10:47:56.757+0200] {example_kubernetes_executor.py:38} WARNING - The example_kubernetes_executor example DAG requires the kubernetes provider. Please install it with: pip install apache-airflow[cncf.kubernetes]
[2026-05-29T10:47:56.757+0200] {processor.py:841} WARNING - No viable dags retrieved from /home/frederic/airflow_venv/lib/python3.10/site-packages/airflow/example_dags/example_kubernetes_executor.py
[2026-05-29T10:47:56.764+0200] {processor.py:179} INFO - Processing /home/frederic/airflow_venv/lib/python3.10/site-packages/airflow/example_dags/example_kubernetes_executor.py took 0.014 seconds
[2026-05-29T10:48:37.423+0200] {processor.py:157} INFO - Started process (PID=722636) to work on /home/frederic/airflow_venv/lib/python3.10/site-packages/airflow/example_dags/example_kubernetes_executor.py
[2026-05-29T10:48:37.424+0200] {processor.py:829} INFO - Processing file /home/frederic/airflow_venv/lib/python3.10/site-packages/airflow/example_dags/example_kubernetes_executor.py for tasks to queue
[2026-05-29T10:48:37.424+0200] {logging_mixin.py:151} INFO - [2026-05-29T10:48:37.424+0200] {dagbag.py:539} INFO - Filling up the DagBag from /home/frederic/airflow_venv/lib/python3.10/site-packages/airflow/example_dags/example_kubernetes_executor.py
[2026-05-29T10:48:37.427+0200] {logging_mixin.py:151} INFO - [2026-05-29T10:48:37.426+0200] {example_kubernetes_executor.py:38} WARNING - The example_kubernetes_executor example DAG requires the kubernetes provider. Please install it with: pip install apache-airflow[cncf.kubernetes]
[2026-05-29T10:48:37.427+0200] {processor.py:841} WARNING - No viable dags retrieved from /home/frederic/airflow_venv/lib/python3.10/site-packages/airflow/example_dags/example_kubernetes_executor.py
[2026-05-29T10:48:37.435+0200] {processor.py:179} INFO - Processing /home/frederic/airflow_venv/lib/python3.10/site-packages/airflow/example_dags/example_kubernetes_executor.py took 0.014 seconds
[2026-05-29T10:49:27.711+0200] {processor.py:157} INFO - Started process (PID=723216) to work on /home/frederic/airflow_venv/lib/python3.10/site-packages/airflow/example_dags/example_kubernetes_executor.py
[2026-05-29T10:49:27.712+0200] {processor.py:829} INFO - Processing file /home/frederic/airflow_venv/lib/python3.10/site-packages/airflow/example_dags/example_kubernetes_executor.py for tasks to queue
[2026-05-29T10:49:27.713+0200] {logging_mixin.py:151} INFO - [2026-05-29T10:49:27.712+0200] {dagbag.py:539} INFO - Filling up the DagBag from /home/frederic/airflow_venv/lib/python3.10/site-packages/airflow/example_dags/example_kubernetes_executor.py
[2026-05-29T10:49:27.715+0200] {logging_mixin.py:151} INFO - [2026-05-29T10:49:27.715+0200] {example_kubernetes_executor.py:38} WARNING - The example_kubernetes_executor example DAG requires the kubernetes provider. Please install it with: pip install apache-airflow[cncf.kubernetes]
[2026-05-29T10:49:27.715+0200] {processor.py:841} WARNING - No viable dags retrieved from /home/frederic/airflow_venv/lib/python3.10/site-packages/airflow/example_dags/example_kubernetes_executor.py
[2026-05-29T10:49:27.723+0200] {processor.py:179} INFO - Processing /home/frederic/airflow_venv/lib/python3.10/site-packages/airflow/example_dags/example_kubernetes_executor.py took 0.016 seconds
[2026-05-29T10:50:15.408+0200] {processor.py:157} INFO - Started process (PID=723694) to work on /home/frederic/airflow_venv/lib/python3.10/site-packages/airflow/example_dags/example_kubernetes_executor.py
[2026-05-29T10:50:15.409+0200] {processor.py:829} INFO - Processing file /home/frederic/airflow_venv/lib/python3.10/site-packages/airflow/example_dags/example_kubernetes_executor.py for tasks to queue
[2026-05-29T10:50:15.409+0200] {logging_mixin.py:151} INFO - [2026-05-29T10:50:15.409+0200] {dagbag.py:539} INFO - Filling up the DagBag from /home/frederic/airflow_venv/lib/python3.10/site-packages/airflow/example_dags/example_kubernetes_executor.py
[2026-05-29T10:50:15.411+0200] {logging_mixin.py:151} INFO - [2026-05-29T10:50:15.411+0200] {example_kubernetes_executor.py:38} WARNING - The example_kubernetes_executor example DAG requires the kubernetes provider. Please install it with: pip install apache-airflow[cncf.kubernetes]
[2026-05-29T10:50:15.412+0200] {processor.py:841} WARNING - No viable dags retrieved from /home/frederic/airflow_venv/lib/python3.10/site-packages/airflow/example_dags/example_kubernetes_executor.py
[2026-05-29T10:50:15.420+0200] {processor.py:179} INFO - Processing /home/frederic/airflow_venv/lib/python3.10/site-packages/airflow/example_dags/example_kubernetes_executor.py took 0.014 seconds
[2026-05-29T10:51:02.039+0200] {processor.py:157} INFO - Started process (PID=724123) to work on /home/frederic/airflow_venv/lib/python3.10/site-packages/airflow/example_dags/example_kubernetes_executor.py
[2026-05-29T10:51:02.040+0200] {processor.py:829} INFO - Processing file /home/frederic/airflow_venv/lib/python3.10/site-packages/airflow/example_dags/example_kubernetes_executor.py for tasks to queue
[2026-05-29T10:51:02.041+0200] {logging_mixin.py:151} INFO - [2026-05-29T10:51:02.040+0200] {dagbag.py:539} INFO - Filling up the DagBag from /home/frederic/airflow_venv/lib/python3.10/site-packages/airflow/example_dags/example_kubernetes_executor.py
[2026-05-29T10:51:02.043+0200] {logging_mixin.py:151} INFO - [2026-05-29T10:51:02.043+0200] {example_kubernetes_executor.py:38} WARNING - The example_kubernetes_executor example DAG requires the kubernetes provider. Please install it with: pip install apache-airflow[cncf.kubernetes]
[2026-05-29T10:51:02.043+0200] {processor.py:841} WARNING - No viable dags retrieved from /home/frederic/airflow_venv/lib/python3.10/site-packages/airflow/example_dags/example_kubernetes_executor.py
[2026-05-29T10:51:02.051+0200] {processor.py:179} INFO - Processing /home/frederic/airflow_venv/lib/python3.10/site-packages/airflow/example_dags/example_kubernetes_executor.py took 0.014 seconds
