[2026-05-29T02:00:41.134+0200] {processor.py:157} INFO - Started process (PID=634394) to work on /home/frederic/airflow_venv/lib/python3.10/site-packages/airflow/example_dags/example_params_trigger_ui.py
[2026-05-29T02:00:41.135+0200] {processor.py:829} INFO - Processing file /home/frederic/airflow_venv/lib/python3.10/site-packages/airflow/example_dags/example_params_trigger_ui.py for tasks to queue
[2026-05-29T02:00:41.136+0200] {logging_mixin.py:151} INFO - [2026-05-29T02:00:41.136+0200] {dagbag.py:539} INFO - Filling up the DagBag from /home/frederic/airflow_venv/lib/python3.10/site-packages/airflow/example_dags/example_params_trigger_ui.py
[2026-05-29T02:00:41.157+0200] {processor.py:839} INFO - DAG(s) dict_keys(['example_params_trigger_ui']) retrieved from /home/frederic/airflow_venv/lib/python3.10/site-packages/airflow/example_dags/example_params_trigger_ui.py
[2026-05-29T02:00:41.206+0200] {logging_mixin.py:151} INFO - [2026-05-29T02:00:41.206+0200] {dag.py:2915} INFO - Sync 1 DAGs
[2026-05-29T02:00:41.216+0200] {logging_mixin.py:151} INFO - [2026-05-29T02:00:41.215+0200] {dag.py:3696} INFO - Setting next_dagrun for example_params_trigger_ui to None, run_after=None
[2026-05-29T02:00:41.232+0200] {processor.py:179} INFO - Processing /home/frederic/airflow_venv/lib/python3.10/site-packages/airflow/example_dags/example_params_trigger_ui.py took 0.102 seconds
[2026-05-29T02:00:43.934+0200] {processor.py:157} INFO - Started process (PID=634443) to work on /home/frederic/airflow_venv/lib/python3.10/site-packages/airflow/example_dags/example_params_trigger_ui.py
[2026-05-29T02:00:43.935+0200] {processor.py:829} INFO - Processing file /home/frederic/airflow_venv/lib/python3.10/site-packages/airflow/example_dags/example_params_trigger_ui.py for tasks to queue
[2026-05-29T02:00:43.937+0200] {logging_mixin.py:151} INFO - [2026-05-29T02:00:43.936+0200] {dagbag.py:539} INFO - Filling up the DagBag from /home/frederic/airflow_venv/lib/python3.10/site-packages/airflow/example_dags/example_params_trigger_ui.py
[2026-05-29T02:00:43.960+0200] {processor.py:839} INFO - DAG(s) dict_keys(['example_params_trigger_ui']) retrieved from /home/frederic/airflow_venv/lib/python3.10/site-packages/airflow/example_dags/example_params_trigger_ui.py
[2026-05-29T02:00:44.011+0200] {logging_mixin.py:151} INFO - [2026-05-29T02:00:44.011+0200] {dag.py:2915} INFO - Sync 1 DAGs
[2026-05-29T02:00:44.023+0200] {logging_mixin.py:151} INFO - [2026-05-29T02:00:44.023+0200] {dag.py:3696} INFO - Setting next_dagrun for example_params_trigger_ui to None, run_after=None
[2026-05-29T02:00:44.042+0200] {processor.py:179} INFO - Processing /home/frederic/airflow_venv/lib/python3.10/site-packages/airflow/example_dags/example_params_trigger_ui.py took 0.113 seconds
[2026-05-29T02:01:26.245+0200] {processor.py:157} INFO - Started process (PID=635623) to work on /home/frederic/airflow_venv/lib/python3.10/site-packages/airflow/example_dags/example_params_trigger_ui.py
[2026-05-29T02:01:26.245+0200] {processor.py:829} INFO - Processing file /home/frederic/airflow_venv/lib/python3.10/site-packages/airflow/example_dags/example_params_trigger_ui.py for tasks to queue
[2026-05-29T02:01:26.246+0200] {logging_mixin.py:151} INFO - [2026-05-29T02:01:26.246+0200] {dagbag.py:539} INFO - Filling up the DagBag from /home/frederic/airflow_venv/lib/python3.10/site-packages/airflow/example_dags/example_params_trigger_ui.py
[2026-05-29T02:01:26.261+0200] {processor.py:839} INFO - DAG(s) dict_keys(['example_params_trigger_ui']) retrieved from /home/frederic/airflow_venv/lib/python3.10/site-packages/airflow/example_dags/example_params_trigger_ui.py
[2026-05-29T02:01:26.304+0200] {logging_mixin.py:151} INFO - [2026-05-29T02:01:26.304+0200] {dag.py:2915} INFO - Sync 1 DAGs
[2026-05-29T02:01:26.314+0200] {logging_mixin.py:151} INFO - [2026-05-29T02:01:26.314+0200] {dag.py:3696} INFO - Setting next_dagrun for example_params_trigger_ui to None, run_after=None
[2026-05-29T02:01:26.330+0200] {processor.py:179} INFO - Processing /home/frederic/airflow_venv/lib/python3.10/site-packages/airflow/example_dags/example_params_trigger_ui.py took 0.088 seconds
[2026-05-29T02:01:27.277+0200] {processor.py:157} INFO - Started process (PID=635642) to work on /home/frederic/airflow_venv/lib/python3.10/site-packages/airflow/example_dags/example_params_trigger_ui.py
[2026-05-29T02:01:27.277+0200] {processor.py:829} INFO - Processing file /home/frederic/airflow_venv/lib/python3.10/site-packages/airflow/example_dags/example_params_trigger_ui.py for tasks to queue
[2026-05-29T02:01:27.278+0200] {logging_mixin.py:151} INFO - [2026-05-29T02:01:27.278+0200] {dagbag.py:539} INFO - Filling up the DagBag from /home/frederic/airflow_venv/lib/python3.10/site-packages/airflow/example_dags/example_params_trigger_ui.py
[2026-05-29T02:01:27.296+0200] {processor.py:839} INFO - DAG(s) dict_keys(['example_params_trigger_ui']) retrieved from /home/frederic/airflow_venv/lib/python3.10/site-packages/airflow/example_dags/example_params_trigger_ui.py
[2026-05-29T02:01:27.338+0200] {logging_mixin.py:151} INFO - [2026-05-29T02:01:27.338+0200] {dag.py:2915} INFO - Sync 1 DAGs
[2026-05-29T02:01:27.349+0200] {logging_mixin.py:151} INFO - [2026-05-29T02:01:27.349+0200] {dag.py:3696} INFO - Setting next_dagrun for example_params_trigger_ui to None, run_after=None
[2026-05-29T02:01:27.366+0200] {processor.py:179} INFO - Processing /home/frederic/airflow_venv/lib/python3.10/site-packages/airflow/example_dags/example_params_trigger_ui.py took 0.093 seconds
[2026-05-29T02:02:09.558+0200] {processor.py:157} INFO - Started process (PID=636773) to work on /home/frederic/airflow_venv/lib/python3.10/site-packages/airflow/example_dags/example_params_trigger_ui.py
[2026-05-29T02:02:09.559+0200] {processor.py:829} INFO - Processing file /home/frederic/airflow_venv/lib/python3.10/site-packages/airflow/example_dags/example_params_trigger_ui.py for tasks to queue
[2026-05-29T02:02:09.559+0200] {logging_mixin.py:151} INFO - [2026-05-29T02:02:09.559+0200] {dagbag.py:539} INFO - Filling up the DagBag from /home/frederic/airflow_venv/lib/python3.10/site-packages/airflow/example_dags/example_params_trigger_ui.py
[2026-05-29T02:02:09.573+0200] {processor.py:839} INFO - DAG(s) dict_keys(['example_params_trigger_ui']) retrieved from /home/frederic/airflow_venv/lib/python3.10/site-packages/airflow/example_dags/example_params_trigger_ui.py
[2026-05-29T02:02:09.612+0200] {logging_mixin.py:151} INFO - [2026-05-29T02:02:09.612+0200] {dag.py:2915} INFO - Sync 1 DAGs
[2026-05-29T02:02:09.622+0200] {logging_mixin.py:151} INFO - [2026-05-29T02:02:09.621+0200] {dag.py:3696} INFO - Setting next_dagrun for example_params_trigger_ui to None, run_after=None
[2026-05-29T02:02:09.636+0200] {processor.py:179} INFO - Processing /home/frederic/airflow_venv/lib/python3.10/site-packages/airflow/example_dags/example_params_trigger_ui.py took 0.080 seconds
[2026-05-29T02:02:16.675+0200] {processor.py:157} INFO - Started process (PID=637066) to work on /home/frederic/airflow_venv/lib/python3.10/site-packages/airflow/example_dags/example_params_trigger_ui.py
[2026-05-29T02:02:16.680+0200] {processor.py:829} INFO - Processing file /home/frederic/airflow_venv/lib/python3.10/site-packages/airflow/example_dags/example_params_trigger_ui.py for tasks to queue
[2026-05-29T02:02:16.682+0200] {logging_mixin.py:151} INFO - [2026-05-29T02:02:16.681+0200] {dagbag.py:539} INFO - Filling up the DagBag from /home/frederic/airflow_venv/lib/python3.10/site-packages/airflow/example_dags/example_params_trigger_ui.py
[2026-05-29T02:02:17.085+0200] {processor.py:839} INFO - DAG(s) dict_keys(['example_params_trigger_ui']) retrieved from /home/frederic/airflow_venv/lib/python3.10/site-packages/airflow/example_dags/example_params_trigger_ui.py
[2026-05-29T02:02:17.243+0200] {logging_mixin.py:151} INFO - [2026-05-29T02:02:17.243+0200] {dag.py:2915} INFO - Sync 1 DAGs
[2026-05-29T02:02:17.259+0200] {logging_mixin.py:151} INFO - [2026-05-29T02:02:17.259+0200] {dag.py:3696} INFO - Setting next_dagrun for example_params_trigger_ui to None, run_after=None
[2026-05-29T02:02:17.333+0200] {processor.py:179} INFO - Processing /home/frederic/airflow_venv/lib/python3.10/site-packages/airflow/example_dags/example_params_trigger_ui.py took 0.670 seconds
[2026-05-29T02:03:00.346+0200] {processor.py:157} INFO - Started process (PID=638334) to work on /home/frederic/airflow_venv/lib/python3.10/site-packages/airflow/example_dags/example_params_trigger_ui.py
[2026-05-29T02:03:00.347+0200] {processor.py:829} INFO - Processing file /home/frederic/airflow_venv/lib/python3.10/site-packages/airflow/example_dags/example_params_trigger_ui.py for tasks to queue
[2026-05-29T02:03:00.348+0200] {logging_mixin.py:151} INFO - [2026-05-29T02:03:00.347+0200] {dagbag.py:539} INFO - Filling up the DagBag from /home/frederic/airflow_venv/lib/python3.10/site-packages/airflow/example_dags/example_params_trigger_ui.py
[2026-05-29T02:03:00.362+0200] {processor.py:839} INFO - DAG(s) dict_keys(['example_params_trigger_ui']) retrieved from /home/frederic/airflow_venv/lib/python3.10/site-packages/airflow/example_dags/example_params_trigger_ui.py
[2026-05-29T02:03:00.400+0200] {logging_mixin.py:151} INFO - [2026-05-29T02:03:00.399+0200] {dag.py:2915} INFO - Sync 1 DAGs
[2026-05-29T02:03:00.409+0200] {logging_mixin.py:151} INFO - [2026-05-29T02:03:00.409+0200] {dag.py:3696} INFO - Setting next_dagrun for example_params_trigger_ui to None, run_after=None
[2026-05-29T02:03:00.426+0200] {processor.py:179} INFO - Processing /home/frederic/airflow_venv/lib/python3.10/site-packages/airflow/example_dags/example_params_trigger_ui.py took 0.082 seconds
[2026-05-29T02:03:06.077+0200] {processor.py:157} INFO - Started process (PID=638440) to work on /home/frederic/airflow_venv/lib/python3.10/site-packages/airflow/example_dags/example_params_trigger_ui.py
[2026-05-29T02:03:06.078+0200] {processor.py:829} INFO - Processing file /home/frederic/airflow_venv/lib/python3.10/site-packages/airflow/example_dags/example_params_trigger_ui.py for tasks to queue
[2026-05-29T02:03:06.079+0200] {logging_mixin.py:151} INFO - [2026-05-29T02:03:06.078+0200] {dagbag.py:539} INFO - Filling up the DagBag from /home/frederic/airflow_venv/lib/python3.10/site-packages/airflow/example_dags/example_params_trigger_ui.py
[2026-05-29T02:03:06.096+0200] {processor.py:839} INFO - DAG(s) dict_keys(['example_params_trigger_ui']) retrieved from /home/frederic/airflow_venv/lib/python3.10/site-packages/airflow/example_dags/example_params_trigger_ui.py
[2026-05-29T02:03:06.137+0200] {logging_mixin.py:151} INFO - [2026-05-29T02:03:06.137+0200] {dag.py:2915} INFO - Sync 1 DAGs
[2026-05-29T02:03:06.147+0200] {logging_mixin.py:151} INFO - [2026-05-29T02:03:06.147+0200] {dag.py:3696} INFO - Setting next_dagrun for example_params_trigger_ui to None, run_after=None
[2026-05-29T02:03:06.162+0200] {processor.py:179} INFO - Processing /home/frederic/airflow_venv/lib/python3.10/site-packages/airflow/example_dags/example_params_trigger_ui.py took 0.088 seconds
[2026-05-29T02:03:48.246+0200] {processor.py:157} INFO - Started process (PID=639807) to work on /home/frederic/airflow_venv/lib/python3.10/site-packages/airflow/example_dags/example_params_trigger_ui.py
[2026-05-29T02:03:48.247+0200] {processor.py:829} INFO - Processing file /home/frederic/airflow_venv/lib/python3.10/site-packages/airflow/example_dags/example_params_trigger_ui.py for tasks to queue
[2026-05-29T02:03:48.248+0200] {logging_mixin.py:151} INFO - [2026-05-29T02:03:48.248+0200] {dagbag.py:539} INFO - Filling up the DagBag from /home/frederic/airflow_venv/lib/python3.10/site-packages/airflow/example_dags/example_params_trigger_ui.py
[2026-05-29T02:03:48.264+0200] {processor.py:839} INFO - DAG(s) dict_keys(['example_params_trigger_ui']) retrieved from /home/frederic/airflow_venv/lib/python3.10/site-packages/airflow/example_dags/example_params_trigger_ui.py
[2026-05-29T02:03:48.307+0200] {logging_mixin.py:151} INFO - [2026-05-29T02:03:48.307+0200] {dag.py:2915} INFO - Sync 1 DAGs
[2026-05-29T02:03:48.317+0200] {logging_mixin.py:151} INFO - [2026-05-29T02:03:48.317+0200] {dag.py:3696} INFO - Setting next_dagrun for example_params_trigger_ui to None, run_after=None
[2026-05-29T02:03:48.336+0200] {processor.py:179} INFO - Processing /home/frederic/airflow_venv/lib/python3.10/site-packages/airflow/example_dags/example_params_trigger_ui.py took 0.092 seconds
[2026-05-29T02:03:55.271+0200] {processor.py:157} INFO - Started process (PID=640041) to work on /home/frederic/airflow_venv/lib/python3.10/site-packages/airflow/example_dags/example_params_trigger_ui.py
[2026-05-29T02:03:55.272+0200] {processor.py:829} INFO - Processing file /home/frederic/airflow_venv/lib/python3.10/site-packages/airflow/example_dags/example_params_trigger_ui.py for tasks to queue
[2026-05-29T02:03:55.273+0200] {logging_mixin.py:151} INFO - [2026-05-29T02:03:55.273+0200] {dagbag.py:539} INFO - Filling up the DagBag from /home/frederic/airflow_venv/lib/python3.10/site-packages/airflow/example_dags/example_params_trigger_ui.py
[2026-05-29T02:03:55.292+0200] {processor.py:839} INFO - DAG(s) dict_keys(['example_params_trigger_ui']) retrieved from /home/frederic/airflow_venv/lib/python3.10/site-packages/airflow/example_dags/example_params_trigger_ui.py
[2026-05-29T02:03:55.340+0200] {logging_mixin.py:151} INFO - [2026-05-29T02:03:55.340+0200] {dag.py:2915} INFO - Sync 1 DAGs
[2026-05-29T02:03:55.354+0200] {logging_mixin.py:151} INFO - [2026-05-29T02:03:55.354+0200] {dag.py:3696} INFO - Setting next_dagrun for example_params_trigger_ui to None, run_after=None
[2026-05-29T02:03:55.378+0200] {processor.py:179} INFO - Processing /home/frederic/airflow_venv/lib/python3.10/site-packages/airflow/example_dags/example_params_trigger_ui.py took 0.110 seconds
[2026-05-29T09:58:24.385+0200] {processor.py:157} INFO - Started process (PID=681934) to work on /home/frederic/airflow_venv/lib/python3.10/site-packages/airflow/example_dags/example_params_trigger_ui.py
[2026-05-29T09:58:24.388+0200] {processor.py:829} INFO - Processing file /home/frederic/airflow_venv/lib/python3.10/site-packages/airflow/example_dags/example_params_trigger_ui.py for tasks to queue
[2026-05-29T09:58:24.389+0200] {logging_mixin.py:151} INFO - [2026-05-29T09:58:24.389+0200] {dagbag.py:539} INFO - Filling up the DagBag from /home/frederic/airflow_venv/lib/python3.10/site-packages/airflow/example_dags/example_params_trigger_ui.py
[2026-05-29T09:58:24.416+0200] {processor.py:839} INFO - DAG(s) dict_keys(['example_params_trigger_ui']) retrieved from /home/frederic/airflow_venv/lib/python3.10/site-packages/airflow/example_dags/example_params_trigger_ui.py
[2026-05-29T09:58:24.427+0200] {logging_mixin.py:151} INFO - [2026-05-29T09:58:24.427+0200] {dag.py:2915} INFO - Sync 1 DAGs
[2026-05-29T09:58:24.448+0200] {logging_mixin.py:151} INFO - [2026-05-29T09:58:24.448+0200] {dag.py:3696} INFO - Setting next_dagrun for example_params_trigger_ui to None, run_after=None
[2026-05-29T09:58:24.474+0200] {processor.py:179} INFO - Processing /home/frederic/airflow_venv/lib/python3.10/site-packages/airflow/example_dags/example_params_trigger_ui.py took 0.093 seconds
[2026-05-29T09:59:15.383+0200] {processor.py:157} INFO - Started process (PID=683425) to work on /home/frederic/airflow_venv/lib/python3.10/site-packages/airflow/example_dags/example_params_trigger_ui.py
[2026-05-29T09:59:15.384+0200] {processor.py:829} INFO - Processing file /home/frederic/airflow_venv/lib/python3.10/site-packages/airflow/example_dags/example_params_trigger_ui.py for tasks to queue
[2026-05-29T09:59:15.385+0200] {logging_mixin.py:151} INFO - [2026-05-29T09:59:15.385+0200] {dagbag.py:539} INFO - Filling up the DagBag from /home/frederic/airflow_venv/lib/python3.10/site-packages/airflow/example_dags/example_params_trigger_ui.py
[2026-05-29T09:59:15.405+0200] {processor.py:839} INFO - DAG(s) dict_keys(['example_params_trigger_ui']) retrieved from /home/frederic/airflow_venv/lib/python3.10/site-packages/airflow/example_dags/example_params_trigger_ui.py
[2026-05-29T09:59:15.459+0200] {logging_mixin.py:151} INFO - [2026-05-29T09:59:15.459+0200] {dag.py:2915} INFO - Sync 1 DAGs
[2026-05-29T09:59:15.472+0200] {logging_mixin.py:151} INFO - [2026-05-29T09:59:15.471+0200] {dag.py:3696} INFO - Setting next_dagrun for example_params_trigger_ui to None, run_after=None
[2026-05-29T09:59:15.491+0200] {processor.py:179} INFO - Processing /home/frederic/airflow_venv/lib/python3.10/site-packages/airflow/example_dags/example_params_trigger_ui.py took 0.112 seconds
[2026-05-29T10:00:01.746+0200] {processor.py:157} INFO - Started process (PID=684008) to work on /home/frederic/airflow_venv/lib/python3.10/site-packages/airflow/example_dags/example_params_trigger_ui.py
[2026-05-29T10:00:01.748+0200] {processor.py:829} INFO - Processing file /home/frederic/airflow_venv/lib/python3.10/site-packages/airflow/example_dags/example_params_trigger_ui.py for tasks to queue
[2026-05-29T10:00:01.749+0200] {logging_mixin.py:151} INFO - [2026-05-29T10:00:01.748+0200] {dagbag.py:539} INFO - Filling up the DagBag from /home/frederic/airflow_venv/lib/python3.10/site-packages/airflow/example_dags/example_params_trigger_ui.py
[2026-05-29T10:00:01.766+0200] {processor.py:839} INFO - DAG(s) dict_keys(['example_params_trigger_ui']) retrieved from /home/frederic/airflow_venv/lib/python3.10/site-packages/airflow/example_dags/example_params_trigger_ui.py
[2026-05-29T10:00:01.813+0200] {logging_mixin.py:151} INFO - [2026-05-29T10:00:01.813+0200] {dag.py:2915} INFO - Sync 1 DAGs
[2026-05-29T10:00:01.824+0200] {logging_mixin.py:151} INFO - [2026-05-29T10:00:01.824+0200] {dag.py:3696} INFO - Setting next_dagrun for example_params_trigger_ui to None, run_after=None
[2026-05-29T10:00:01.843+0200] {processor.py:179} INFO - Processing /home/frederic/airflow_venv/lib/python3.10/site-packages/airflow/example_dags/example_params_trigger_ui.py took 0.100 seconds
[2026-05-29T10:00:53.306+0200] {processor.py:157} INFO - Started process (PID=684918) to work on /home/frederic/airflow_venv/lib/python3.10/site-packages/airflow/example_dags/example_params_trigger_ui.py
[2026-05-29T10:00:53.307+0200] {processor.py:829} INFO - Processing file /home/frederic/airflow_venv/lib/python3.10/site-packages/airflow/example_dags/example_params_trigger_ui.py for tasks to queue
[2026-05-29T10:00:53.308+0200] {logging_mixin.py:151} INFO - [2026-05-29T10:00:53.307+0200] {dagbag.py:539} INFO - Filling up the DagBag from /home/frederic/airflow_venv/lib/python3.10/site-packages/airflow/example_dags/example_params_trigger_ui.py
[2026-05-29T10:00:53.326+0200] {processor.py:839} INFO - DAG(s) dict_keys(['example_params_trigger_ui']) retrieved from /home/frederic/airflow_venv/lib/python3.10/site-packages/airflow/example_dags/example_params_trigger_ui.py
[2026-05-29T10:00:53.376+0200] {logging_mixin.py:151} INFO - [2026-05-29T10:00:53.376+0200] {dag.py:2915} INFO - Sync 1 DAGs
[2026-05-29T10:00:53.387+0200] {logging_mixin.py:151} INFO - [2026-05-29T10:00:53.387+0200] {dag.py:3696} INFO - Setting next_dagrun for example_params_trigger_ui to None, run_after=None
[2026-05-29T10:00:53.403+0200] {processor.py:179} INFO - Processing /home/frederic/airflow_venv/lib/python3.10/site-packages/airflow/example_dags/example_params_trigger_ui.py took 0.101 seconds
[2026-05-29T10:01:41.085+0200] {processor.py:157} INFO - Started process (PID=685566) to work on /home/frederic/airflow_venv/lib/python3.10/site-packages/airflow/example_dags/example_params_trigger_ui.py
[2026-05-29T10:01:41.086+0200] {processor.py:829} INFO - Processing file /home/frederic/airflow_venv/lib/python3.10/site-packages/airflow/example_dags/example_params_trigger_ui.py for tasks to queue
[2026-05-29T10:01:41.087+0200] {logging_mixin.py:151} INFO - [2026-05-29T10:01:41.086+0200] {dagbag.py:539} INFO - Filling up the DagBag from /home/frederic/airflow_venv/lib/python3.10/site-packages/airflow/example_dags/example_params_trigger_ui.py
[2026-05-29T10:01:41.104+0200] {processor.py:839} INFO - DAG(s) dict_keys(['example_params_trigger_ui']) retrieved from /home/frederic/airflow_venv/lib/python3.10/site-packages/airflow/example_dags/example_params_trigger_ui.py
[2026-05-29T10:01:41.147+0200] {logging_mixin.py:151} INFO - [2026-05-29T10:01:41.147+0200] {dag.py:2915} INFO - Sync 1 DAGs
[2026-05-29T10:01:41.157+0200] {logging_mixin.py:151} INFO - [2026-05-29T10:01:41.157+0200] {dag.py:3696} INFO - Setting next_dagrun for example_params_trigger_ui to None, run_after=None
[2026-05-29T10:01:41.176+0200] {processor.py:179} INFO - Processing /home/frederic/airflow_venv/lib/python3.10/site-packages/airflow/example_dags/example_params_trigger_ui.py took 0.094 seconds
[2026-05-29T10:02:29.418+0200] {processor.py:157} INFO - Started process (PID=686175) to work on /home/frederic/airflow_venv/lib/python3.10/site-packages/airflow/example_dags/example_params_trigger_ui.py
[2026-05-29T10:02:29.420+0200] {processor.py:829} INFO - Processing file /home/frederic/airflow_venv/lib/python3.10/site-packages/airflow/example_dags/example_params_trigger_ui.py for tasks to queue
[2026-05-29T10:02:29.420+0200] {logging_mixin.py:151} INFO - [2026-05-29T10:02:29.420+0200] {dagbag.py:539} INFO - Filling up the DagBag from /home/frederic/airflow_venv/lib/python3.10/site-packages/airflow/example_dags/example_params_trigger_ui.py
[2026-05-29T10:02:29.436+0200] {processor.py:839} INFO - DAG(s) dict_keys(['example_params_trigger_ui']) retrieved from /home/frederic/airflow_venv/lib/python3.10/site-packages/airflow/example_dags/example_params_trigger_ui.py
[2026-05-29T10:02:29.486+0200] {logging_mixin.py:151} INFO - [2026-05-29T10:02:29.486+0200] {dag.py:2915} INFO - Sync 1 DAGs
[2026-05-29T10:02:29.496+0200] {logging_mixin.py:151} INFO - [2026-05-29T10:02:29.496+0200] {dag.py:3696} INFO - Setting next_dagrun for example_params_trigger_ui to None, run_after=None
[2026-05-29T10:02:29.515+0200] {processor.py:179} INFO - Processing /home/frederic/airflow_venv/lib/python3.10/site-packages/airflow/example_dags/example_params_trigger_ui.py took 0.099 seconds
[2026-05-29T10:03:15.422+0200] {processor.py:157} INFO - Started process (PID=686617) to work on /home/frederic/airflow_venv/lib/python3.10/site-packages/airflow/example_dags/example_params_trigger_ui.py
[2026-05-29T10:03:15.426+0200] {processor.py:829} INFO - Processing file /home/frederic/airflow_venv/lib/python3.10/site-packages/airflow/example_dags/example_params_trigger_ui.py for tasks to queue
[2026-05-29T10:03:15.426+0200] {logging_mixin.py:151} INFO - [2026-05-29T10:03:15.426+0200] {dagbag.py:539} INFO - Filling up the DagBag from /home/frederic/airflow_venv/lib/python3.10/site-packages/airflow/example_dags/example_params_trigger_ui.py
[2026-05-29T10:03:15.445+0200] {processor.py:839} INFO - DAG(s) dict_keys(['example_params_trigger_ui']) retrieved from /home/frederic/airflow_venv/lib/python3.10/site-packages/airflow/example_dags/example_params_trigger_ui.py
[2026-05-29T10:03:15.491+0200] {logging_mixin.py:151} INFO - [2026-05-29T10:03:15.491+0200] {dag.py:2915} INFO - Sync 1 DAGs
[2026-05-29T10:03:15.501+0200] {logging_mixin.py:151} INFO - [2026-05-29T10:03:15.501+0200] {dag.py:3696} INFO - Setting next_dagrun for example_params_trigger_ui to None, run_after=None
[2026-05-29T10:03:15.518+0200] {processor.py:179} INFO - Processing /home/frederic/airflow_venv/lib/python3.10/site-packages/airflow/example_dags/example_params_trigger_ui.py took 0.098 seconds
[2026-05-29T10:04:02.478+0200] {processor.py:157} INFO - Started process (PID=687747) to work on /home/frederic/airflow_venv/lib/python3.10/site-packages/airflow/example_dags/example_params_trigger_ui.py
[2026-05-29T10:04:02.479+0200] {processor.py:829} INFO - Processing file /home/frederic/airflow_venv/lib/python3.10/site-packages/airflow/example_dags/example_params_trigger_ui.py for tasks to queue
[2026-05-29T10:04:02.480+0200] {logging_mixin.py:151} INFO - [2026-05-29T10:04:02.480+0200] {dagbag.py:539} INFO - Filling up the DagBag from /home/frederic/airflow_venv/lib/python3.10/site-packages/airflow/example_dags/example_params_trigger_ui.py
[2026-05-29T10:04:02.497+0200] {processor.py:839} INFO - DAG(s) dict_keys(['example_params_trigger_ui']) retrieved from /home/frederic/airflow_venv/lib/python3.10/site-packages/airflow/example_dags/example_params_trigger_ui.py
[2026-05-29T10:04:02.541+0200] {logging_mixin.py:151} INFO - [2026-05-29T10:04:02.541+0200] {dag.py:2915} INFO - Sync 1 DAGs
[2026-05-29T10:04:02.552+0200] {logging_mixin.py:151} INFO - [2026-05-29T10:04:02.552+0200] {dag.py:3696} INFO - Setting next_dagrun for example_params_trigger_ui to None, run_after=None
[2026-05-29T10:04:02.569+0200] {processor.py:179} INFO - Processing /home/frederic/airflow_venv/lib/python3.10/site-packages/airflow/example_dags/example_params_trigger_ui.py took 0.093 seconds
[2026-05-29T10:04:53.428+0200] {processor.py:157} INFO - Started process (PID=688663) to work on /home/frederic/airflow_venv/lib/python3.10/site-packages/airflow/example_dags/example_params_trigger_ui.py
[2026-05-29T10:04:53.429+0200] {processor.py:829} INFO - Processing file /home/frederic/airflow_venv/lib/python3.10/site-packages/airflow/example_dags/example_params_trigger_ui.py for tasks to queue
[2026-05-29T10:04:53.430+0200] {logging_mixin.py:151} INFO - [2026-05-29T10:04:53.430+0200] {dagbag.py:539} INFO - Filling up the DagBag from /home/frederic/airflow_venv/lib/python3.10/site-packages/airflow/example_dags/example_params_trigger_ui.py
[2026-05-29T10:04:53.453+0200] {processor.py:839} INFO - DAG(s) dict_keys(['example_params_trigger_ui']) retrieved from /home/frederic/airflow_venv/lib/python3.10/site-packages/airflow/example_dags/example_params_trigger_ui.py
[2026-05-29T10:04:53.502+0200] {logging_mixin.py:151} INFO - [2026-05-29T10:04:53.502+0200] {dag.py:2915} INFO - Sync 1 DAGs
[2026-05-29T10:04:53.515+0200] {logging_mixin.py:151} INFO - [2026-05-29T10:04:53.515+0200] {dag.py:3696} INFO - Setting next_dagrun for example_params_trigger_ui to None, run_after=None
[2026-05-29T10:04:53.534+0200] {processor.py:179} INFO - Processing /home/frederic/airflow_venv/lib/python3.10/site-packages/airflow/example_dags/example_params_trigger_ui.py took 0.111 seconds
[2026-05-29T10:05:38.525+0200] {processor.py:157} INFO - Started process (PID=689647) to work on /home/frederic/airflow_venv/lib/python3.10/site-packages/airflow/example_dags/example_params_trigger_ui.py
[2026-05-29T10:05:38.526+0200] {processor.py:829} INFO - Processing file /home/frederic/airflow_venv/lib/python3.10/site-packages/airflow/example_dags/example_params_trigger_ui.py for tasks to queue
[2026-05-29T10:05:38.526+0200] {logging_mixin.py:151} INFO - [2026-05-29T10:05:38.526+0200] {dagbag.py:539} INFO - Filling up the DagBag from /home/frederic/airflow_venv/lib/python3.10/site-packages/airflow/example_dags/example_params_trigger_ui.py
[2026-05-29T10:05:38.543+0200] {processor.py:839} INFO - DAG(s) dict_keys(['example_params_trigger_ui']) retrieved from /home/frederic/airflow_venv/lib/python3.10/site-packages/airflow/example_dags/example_params_trigger_ui.py
[2026-05-29T10:05:38.591+0200] {logging_mixin.py:151} INFO - [2026-05-29T10:05:38.591+0200] {dag.py:2915} INFO - Sync 1 DAGs
[2026-05-29T10:05:38.606+0200] {logging_mixin.py:151} INFO - [2026-05-29T10:05:38.606+0200] {dag.py:3696} INFO - Setting next_dagrun for example_params_trigger_ui to None, run_after=None
[2026-05-29T10:05:38.627+0200] {processor.py:179} INFO - Processing /home/frederic/airflow_venv/lib/python3.10/site-packages/airflow/example_dags/example_params_trigger_ui.py took 0.105 seconds
[2026-05-29T10:06:26.555+0200] {processor.py:157} INFO - Started process (PID=690237) to work on /home/frederic/airflow_venv/lib/python3.10/site-packages/airflow/example_dags/example_params_trigger_ui.py
[2026-05-29T10:06:26.556+0200] {processor.py:829} INFO - Processing file /home/frederic/airflow_venv/lib/python3.10/site-packages/airflow/example_dags/example_params_trigger_ui.py for tasks to queue
[2026-05-29T10:06:26.556+0200] {logging_mixin.py:151} INFO - [2026-05-29T10:06:26.556+0200] {dagbag.py:539} INFO - Filling up the DagBag from /home/frederic/airflow_venv/lib/python3.10/site-packages/airflow/example_dags/example_params_trigger_ui.py
[2026-05-29T10:06:26.578+0200] {processor.py:839} INFO - DAG(s) dict_keys(['example_params_trigger_ui']) retrieved from /home/frederic/airflow_venv/lib/python3.10/site-packages/airflow/example_dags/example_params_trigger_ui.py
[2026-05-29T10:06:26.636+0200] {logging_mixin.py:151} INFO - [2026-05-29T10:06:26.635+0200] {dag.py:2915} INFO - Sync 1 DAGs
[2026-05-29T10:06:26.653+0200] {logging_mixin.py:151} INFO - [2026-05-29T10:06:26.653+0200] {dag.py:3696} INFO - Setting next_dagrun for example_params_trigger_ui to None, run_after=None
[2026-05-29T10:06:26.677+0200] {processor.py:179} INFO - Processing /home/frederic/airflow_venv/lib/python3.10/site-packages/airflow/example_dags/example_params_trigger_ui.py took 0.124 seconds
[2026-05-29T10:07:20.063+0200] {processor.py:157} INFO - Started process (PID=690968) to work on /home/frederic/airflow_venv/lib/python3.10/site-packages/airflow/example_dags/example_params_trigger_ui.py
[2026-05-29T10:07:20.064+0200] {processor.py:829} INFO - Processing file /home/frederic/airflow_venv/lib/python3.10/site-packages/airflow/example_dags/example_params_trigger_ui.py for tasks to queue
[2026-05-29T10:07:20.065+0200] {logging_mixin.py:151} INFO - [2026-05-29T10:07:20.064+0200] {dagbag.py:539} INFO - Filling up the DagBag from /home/frederic/airflow_venv/lib/python3.10/site-packages/airflow/example_dags/example_params_trigger_ui.py
[2026-05-29T10:07:20.079+0200] {processor.py:839} INFO - DAG(s) dict_keys(['example_params_trigger_ui']) retrieved from /home/frederic/airflow_venv/lib/python3.10/site-packages/airflow/example_dags/example_params_trigger_ui.py
[2026-05-29T10:07:20.118+0200] {logging_mixin.py:151} INFO - [2026-05-29T10:07:20.118+0200] {dag.py:2915} INFO - Sync 1 DAGs
[2026-05-29T10:07:20.128+0200] {logging_mixin.py:151} INFO - [2026-05-29T10:07:20.128+0200] {dag.py:3696} INFO - Setting next_dagrun for example_params_trigger_ui to None, run_after=None
[2026-05-29T10:07:20.146+0200] {processor.py:179} INFO - Processing /home/frederic/airflow_venv/lib/python3.10/site-packages/airflow/example_dags/example_params_trigger_ui.py took 0.087 seconds
[2026-05-29T10:08:12.067+0200] {processor.py:157} INFO - Started process (PID=691610) to work on /home/frederic/airflow_venv/lib/python3.10/site-packages/airflow/example_dags/example_params_trigger_ui.py
[2026-05-29T10:08:12.070+0200] {processor.py:829} INFO - Processing file /home/frederic/airflow_venv/lib/python3.10/site-packages/airflow/example_dags/example_params_trigger_ui.py for tasks to queue
[2026-05-29T10:08:12.071+0200] {logging_mixin.py:151} INFO - [2026-05-29T10:08:12.071+0200] {dagbag.py:539} INFO - Filling up the DagBag from /home/frederic/airflow_venv/lib/python3.10/site-packages/airflow/example_dags/example_params_trigger_ui.py
[2026-05-29T10:08:12.089+0200] {processor.py:839} INFO - DAG(s) dict_keys(['example_params_trigger_ui']) retrieved from /home/frederic/airflow_venv/lib/python3.10/site-packages/airflow/example_dags/example_params_trigger_ui.py
[2026-05-29T10:08:12.134+0200] {logging_mixin.py:151} INFO - [2026-05-29T10:08:12.134+0200] {dag.py:2915} INFO - Sync 1 DAGs
[2026-05-29T10:08:12.146+0200] {logging_mixin.py:151} INFO - [2026-05-29T10:08:12.146+0200] {dag.py:3696} INFO - Setting next_dagrun for example_params_trigger_ui to None, run_after=None
[2026-05-29T10:08:12.163+0200] {processor.py:179} INFO - Processing /home/frederic/airflow_venv/lib/python3.10/site-packages/airflow/example_dags/example_params_trigger_ui.py took 0.098 seconds
[2026-05-29T10:08:58.602+0200] {processor.py:157} INFO - Started process (PID=692146) to work on /home/frederic/airflow_venv/lib/python3.10/site-packages/airflow/example_dags/example_params_trigger_ui.py
[2026-05-29T10:08:58.605+0200] {processor.py:829} INFO - Processing file /home/frederic/airflow_venv/lib/python3.10/site-packages/airflow/example_dags/example_params_trigger_ui.py for tasks to queue
[2026-05-29T10:08:58.606+0200] {logging_mixin.py:151} INFO - [2026-05-29T10:08:58.606+0200] {dagbag.py:539} INFO - Filling up the DagBag from /home/frederic/airflow_venv/lib/python3.10/site-packages/airflow/example_dags/example_params_trigger_ui.py
[2026-05-29T10:08:58.623+0200] {processor.py:839} INFO - DAG(s) dict_keys(['example_params_trigger_ui']) retrieved from /home/frederic/airflow_venv/lib/python3.10/site-packages/airflow/example_dags/example_params_trigger_ui.py
[2026-05-29T10:08:58.665+0200] {logging_mixin.py:151} INFO - [2026-05-29T10:08:58.665+0200] {dag.py:2915} INFO - Sync 1 DAGs
[2026-05-29T10:08:58.676+0200] {logging_mixin.py:151} INFO - [2026-05-29T10:08:58.675+0200] {dag.py:3696} INFO - Setting next_dagrun for example_params_trigger_ui to None, run_after=None
[2026-05-29T10:08:58.693+0200] {processor.py:179} INFO - Processing /home/frederic/airflow_venv/lib/python3.10/site-packages/airflow/example_dags/example_params_trigger_ui.py took 0.094 seconds
[2026-05-29T10:09:45.745+0200] {processor.py:157} INFO - Started process (PID=692630) to work on /home/frederic/airflow_venv/lib/python3.10/site-packages/airflow/example_dags/example_params_trigger_ui.py
[2026-05-29T10:09:45.748+0200] {processor.py:829} INFO - Processing file /home/frederic/airflow_venv/lib/python3.10/site-packages/airflow/example_dags/example_params_trigger_ui.py for tasks to queue
[2026-05-29T10:09:45.749+0200] {logging_mixin.py:151} INFO - [2026-05-29T10:09:45.748+0200] {dagbag.py:539} INFO - Filling up the DagBag from /home/frederic/airflow_venv/lib/python3.10/site-packages/airflow/example_dags/example_params_trigger_ui.py
[2026-05-29T10:09:45.764+0200] {processor.py:839} INFO - DAG(s) dict_keys(['example_params_trigger_ui']) retrieved from /home/frederic/airflow_venv/lib/python3.10/site-packages/airflow/example_dags/example_params_trigger_ui.py
[2026-05-29T10:09:45.808+0200] {logging_mixin.py:151} INFO - [2026-05-29T10:09:45.807+0200] {dag.py:2915} INFO - Sync 1 DAGs
[2026-05-29T10:09:45.821+0200] {logging_mixin.py:151} INFO - [2026-05-29T10:09:45.820+0200] {dag.py:3696} INFO - Setting next_dagrun for example_params_trigger_ui to None, run_after=None
[2026-05-29T10:09:45.842+0200] {processor.py:179} INFO - Processing /home/frederic/airflow_venv/lib/python3.10/site-packages/airflow/example_dags/example_params_trigger_ui.py took 0.100 seconds
[2026-05-29T10:10:33.229+0200] {processor.py:157} INFO - Started process (PID=693372) to work on /home/frederic/airflow_venv/lib/python3.10/site-packages/airflow/example_dags/example_params_trigger_ui.py
[2026-05-29T10:10:33.233+0200] {processor.py:829} INFO - Processing file /home/frederic/airflow_venv/lib/python3.10/site-packages/airflow/example_dags/example_params_trigger_ui.py for tasks to queue
[2026-05-29T10:10:33.234+0200] {logging_mixin.py:151} INFO - [2026-05-29T10:10:33.234+0200] {dagbag.py:539} INFO - Filling up the DagBag from /home/frederic/airflow_venv/lib/python3.10/site-packages/airflow/example_dags/example_params_trigger_ui.py
[2026-05-29T10:10:33.249+0200] {processor.py:839} INFO - DAG(s) dict_keys(['example_params_trigger_ui']) retrieved from /home/frederic/airflow_venv/lib/python3.10/site-packages/airflow/example_dags/example_params_trigger_ui.py
[2026-05-29T10:10:33.292+0200] {logging_mixin.py:151} INFO - [2026-05-29T10:10:33.291+0200] {dag.py:2915} INFO - Sync 1 DAGs
[2026-05-29T10:10:33.301+0200] {logging_mixin.py:151} INFO - [2026-05-29T10:10:33.301+0200] {dag.py:3696} INFO - Setting next_dagrun for example_params_trigger_ui to None, run_after=None
[2026-05-29T10:10:33.320+0200] {processor.py:179} INFO - Processing /home/frederic/airflow_venv/lib/python3.10/site-packages/airflow/example_dags/example_params_trigger_ui.py took 0.093 seconds
[2026-05-29T10:11:22.241+0200] {processor.py:157} INFO - Started process (PID=694413) to work on /home/frederic/airflow_venv/lib/python3.10/site-packages/airflow/example_dags/example_params_trigger_ui.py
[2026-05-29T10:11:22.242+0200] {processor.py:829} INFO - Processing file /home/frederic/airflow_venv/lib/python3.10/site-packages/airflow/example_dags/example_params_trigger_ui.py for tasks to queue
[2026-05-29T10:11:22.243+0200] {logging_mixin.py:151} INFO - [2026-05-29T10:11:22.243+0200] {dagbag.py:539} INFO - Filling up the DagBag from /home/frederic/airflow_venv/lib/python3.10/site-packages/airflow/example_dags/example_params_trigger_ui.py
[2026-05-29T10:11:22.257+0200] {processor.py:839} INFO - DAG(s) dict_keys(['example_params_trigger_ui']) retrieved from /home/frederic/airflow_venv/lib/python3.10/site-packages/airflow/example_dags/example_params_trigger_ui.py
[2026-05-29T10:11:22.294+0200] {logging_mixin.py:151} INFO - [2026-05-29T10:11:22.294+0200] {dag.py:2915} INFO - Sync 1 DAGs
[2026-05-29T10:11:22.302+0200] {logging_mixin.py:151} INFO - [2026-05-29T10:11:22.302+0200] {dag.py:3696} INFO - Setting next_dagrun for example_params_trigger_ui to None, run_after=None
[2026-05-29T10:11:22.320+0200] {processor.py:179} INFO - Processing /home/frederic/airflow_venv/lib/python3.10/site-packages/airflow/example_dags/example_params_trigger_ui.py took 0.081 seconds
[2026-05-29T10:12:11.219+0200] {processor.py:157} INFO - Started process (PID=695354) to work on /home/frederic/airflow_venv/lib/python3.10/site-packages/airflow/example_dags/example_params_trigger_ui.py
[2026-05-29T10:12:11.220+0200] {processor.py:829} INFO - Processing file /home/frederic/airflow_venv/lib/python3.10/site-packages/airflow/example_dags/example_params_trigger_ui.py for tasks to queue
[2026-05-29T10:12:11.220+0200] {logging_mixin.py:151} INFO - [2026-05-29T10:12:11.220+0200] {dagbag.py:539} INFO - Filling up the DagBag from /home/frederic/airflow_venv/lib/python3.10/site-packages/airflow/example_dags/example_params_trigger_ui.py
[2026-05-29T10:12:11.233+0200] {processor.py:839} INFO - DAG(s) dict_keys(['example_params_trigger_ui']) retrieved from /home/frederic/airflow_venv/lib/python3.10/site-packages/airflow/example_dags/example_params_trigger_ui.py
[2026-05-29T10:12:11.268+0200] {logging_mixin.py:151} INFO - [2026-05-29T10:12:11.268+0200] {dag.py:2915} INFO - Sync 1 DAGs
[2026-05-29T10:12:11.278+0200] {logging_mixin.py:151} INFO - [2026-05-29T10:12:11.277+0200] {dag.py:3696} INFO - Setting next_dagrun for example_params_trigger_ui to None, run_after=None
[2026-05-29T10:12:11.292+0200] {processor.py:179} INFO - Processing /home/frederic/airflow_venv/lib/python3.10/site-packages/airflow/example_dags/example_params_trigger_ui.py took 0.075 seconds
[2026-05-29T10:12:58.484+0200] {processor.py:157} INFO - Started process (PID=695793) to work on /home/frederic/airflow_venv/lib/python3.10/site-packages/airflow/example_dags/example_params_trigger_ui.py
[2026-05-29T10:12:58.485+0200] {processor.py:829} INFO - Processing file /home/frederic/airflow_venv/lib/python3.10/site-packages/airflow/example_dags/example_params_trigger_ui.py for tasks to queue
[2026-05-29T10:12:58.485+0200] {logging_mixin.py:151} INFO - [2026-05-29T10:12:58.485+0200] {dagbag.py:539} INFO - Filling up the DagBag from /home/frederic/airflow_venv/lib/python3.10/site-packages/airflow/example_dags/example_params_trigger_ui.py
[2026-05-29T10:12:58.500+0200] {processor.py:839} INFO - DAG(s) dict_keys(['example_params_trigger_ui']) retrieved from /home/frederic/airflow_venv/lib/python3.10/site-packages/airflow/example_dags/example_params_trigger_ui.py
[2026-05-29T10:12:58.535+0200] {logging_mixin.py:151} INFO - [2026-05-29T10:12:58.535+0200] {dag.py:2915} INFO - Sync 1 DAGs
[2026-05-29T10:12:58.544+0200] {logging_mixin.py:151} INFO - [2026-05-29T10:12:58.544+0200] {dag.py:3696} INFO - Setting next_dagrun for example_params_trigger_ui to None, run_after=None
[2026-05-29T10:12:58.558+0200] {processor.py:179} INFO - Processing /home/frederic/airflow_venv/lib/python3.10/site-packages/airflow/example_dags/example_params_trigger_ui.py took 0.076 seconds
[2026-05-29T10:13:43.568+0200] {processor.py:157} INFO - Started process (PID=696312) to work on /home/frederic/airflow_venv/lib/python3.10/site-packages/airflow/example_dags/example_params_trigger_ui.py
[2026-05-29T10:13:43.569+0200] {processor.py:829} INFO - Processing file /home/frederic/airflow_venv/lib/python3.10/site-packages/airflow/example_dags/example_params_trigger_ui.py for tasks to queue
[2026-05-29T10:13:43.569+0200] {logging_mixin.py:151} INFO - [2026-05-29T10:13:43.569+0200] {dagbag.py:539} INFO - Filling up the DagBag from /home/frederic/airflow_venv/lib/python3.10/site-packages/airflow/example_dags/example_params_trigger_ui.py
[2026-05-29T10:13:43.585+0200] {processor.py:839} INFO - DAG(s) dict_keys(['example_params_trigger_ui']) retrieved from /home/frederic/airflow_venv/lib/python3.10/site-packages/airflow/example_dags/example_params_trigger_ui.py
[2026-05-29T10:13:43.629+0200] {logging_mixin.py:151} INFO - [2026-05-29T10:13:43.628+0200] {dag.py:2915} INFO - Sync 1 DAGs
[2026-05-29T10:13:43.637+0200] {logging_mixin.py:151} INFO - [2026-05-29T10:13:43.637+0200] {dag.py:3696} INFO - Setting next_dagrun for example_params_trigger_ui to None, run_after=None
[2026-05-29T10:13:43.651+0200] {processor.py:179} INFO - Processing /home/frederic/airflow_venv/lib/python3.10/site-packages/airflow/example_dags/example_params_trigger_ui.py took 0.086 seconds
[2026-05-29T10:14:35.270+0200] {processor.py:157} INFO - Started process (PID=696923) to work on /home/frederic/airflow_venv/lib/python3.10/site-packages/airflow/example_dags/example_params_trigger_ui.py
[2026-05-29T10:14:35.272+0200] {processor.py:829} INFO - Processing file /home/frederic/airflow_venv/lib/python3.10/site-packages/airflow/example_dags/example_params_trigger_ui.py for tasks to queue
[2026-05-29T10:14:35.272+0200] {logging_mixin.py:151} INFO - [2026-05-29T10:14:35.272+0200] {dagbag.py:539} INFO - Filling up the DagBag from /home/frederic/airflow_venv/lib/python3.10/site-packages/airflow/example_dags/example_params_trigger_ui.py
[2026-05-29T10:14:35.286+0200] {processor.py:839} INFO - DAG(s) dict_keys(['example_params_trigger_ui']) retrieved from /home/frederic/airflow_venv/lib/python3.10/site-packages/airflow/example_dags/example_params_trigger_ui.py
[2026-05-29T10:14:35.326+0200] {logging_mixin.py:151} INFO - [2026-05-29T10:14:35.326+0200] {dag.py:2915} INFO - Sync 1 DAGs
[2026-05-29T10:14:35.336+0200] {logging_mixin.py:151} INFO - [2026-05-29T10:14:35.336+0200] {dag.py:3696} INFO - Setting next_dagrun for example_params_trigger_ui to None, run_after=None
[2026-05-29T10:14:35.349+0200] {processor.py:179} INFO - Processing /home/frederic/airflow_venv/lib/python3.10/site-packages/airflow/example_dags/example_params_trigger_ui.py took 0.081 seconds
[2026-05-29T10:15:21.501+0200] {processor.py:157} INFO - Started process (PID=697531) to work on /home/frederic/airflow_venv/lib/python3.10/site-packages/airflow/example_dags/example_params_trigger_ui.py
[2026-05-29T10:15:21.502+0200] {processor.py:829} INFO - Processing file /home/frederic/airflow_venv/lib/python3.10/site-packages/airflow/example_dags/example_params_trigger_ui.py for tasks to queue
[2026-05-29T10:15:21.503+0200] {logging_mixin.py:151} INFO - [2026-05-29T10:15:21.503+0200] {dagbag.py:539} INFO - Filling up the DagBag from /home/frederic/airflow_venv/lib/python3.10/site-packages/airflow/example_dags/example_params_trigger_ui.py
[2026-05-29T10:15:21.519+0200] {processor.py:839} INFO - DAG(s) dict_keys(['example_params_trigger_ui']) retrieved from /home/frederic/airflow_venv/lib/python3.10/site-packages/airflow/example_dags/example_params_trigger_ui.py
[2026-05-29T10:15:21.557+0200] {logging_mixin.py:151} INFO - [2026-05-29T10:15:21.557+0200] {dag.py:2915} INFO - Sync 1 DAGs
[2026-05-29T10:15:21.569+0200] {logging_mixin.py:151} INFO - [2026-05-29T10:15:21.569+0200] {dag.py:3696} INFO - Setting next_dagrun for example_params_trigger_ui to None, run_after=None
[2026-05-29T10:15:21.584+0200] {processor.py:179} INFO - Processing /home/frederic/airflow_venv/lib/python3.10/site-packages/airflow/example_dags/example_params_trigger_ui.py took 0.086 seconds
[2026-05-29T10:16:11.063+0200] {processor.py:157} INFO - Started process (PID=698501) to work on /home/frederic/airflow_venv/lib/python3.10/site-packages/airflow/example_dags/example_params_trigger_ui.py
[2026-05-29T10:16:11.064+0200] {processor.py:829} INFO - Processing file /home/frederic/airflow_venv/lib/python3.10/site-packages/airflow/example_dags/example_params_trigger_ui.py for tasks to queue
[2026-05-29T10:16:11.064+0200] {logging_mixin.py:151} INFO - [2026-05-29T10:16:11.064+0200] {dagbag.py:539} INFO - Filling up the DagBag from /home/frederic/airflow_venv/lib/python3.10/site-packages/airflow/example_dags/example_params_trigger_ui.py
[2026-05-29T10:16:11.079+0200] {processor.py:839} INFO - DAG(s) dict_keys(['example_params_trigger_ui']) retrieved from /home/frederic/airflow_venv/lib/python3.10/site-packages/airflow/example_dags/example_params_trigger_ui.py
[2026-05-29T10:16:11.120+0200] {logging_mixin.py:151} INFO - [2026-05-29T10:16:11.119+0200] {dag.py:2915} INFO - Sync 1 DAGs
[2026-05-29T10:16:11.131+0200] {logging_mixin.py:151} INFO - [2026-05-29T10:16:11.130+0200] {dag.py:3696} INFO - Setting next_dagrun for example_params_trigger_ui to None, run_after=None
[2026-05-29T10:16:11.147+0200] {processor.py:179} INFO - Processing /home/frederic/airflow_venv/lib/python3.10/site-packages/airflow/example_dags/example_params_trigger_ui.py took 0.087 seconds
[2026-05-29T10:16:56.383+0200] {processor.py:157} INFO - Started process (PID=699212) to work on /home/frederic/airflow_venv/lib/python3.10/site-packages/airflow/example_dags/example_params_trigger_ui.py
[2026-05-29T10:16:56.384+0200] {processor.py:829} INFO - Processing file /home/frederic/airflow_venv/lib/python3.10/site-packages/airflow/example_dags/example_params_trigger_ui.py for tasks to queue
[2026-05-29T10:16:56.385+0200] {logging_mixin.py:151} INFO - [2026-05-29T10:16:56.384+0200] {dagbag.py:539} INFO - Filling up the DagBag from /home/frederic/airflow_venv/lib/python3.10/site-packages/airflow/example_dags/example_params_trigger_ui.py
[2026-05-29T10:16:56.398+0200] {processor.py:839} INFO - DAG(s) dict_keys(['example_params_trigger_ui']) retrieved from /home/frederic/airflow_venv/lib/python3.10/site-packages/airflow/example_dags/example_params_trigger_ui.py
[2026-05-29T10:16:56.437+0200] {logging_mixin.py:151} INFO - [2026-05-29T10:16:56.436+0200] {dag.py:2915} INFO - Sync 1 DAGs
[2026-05-29T10:16:56.447+0200] {logging_mixin.py:151} INFO - [2026-05-29T10:16:56.447+0200] {dag.py:3696} INFO - Setting next_dagrun for example_params_trigger_ui to None, run_after=None
[2026-05-29T10:16:56.464+0200] {processor.py:179} INFO - Processing /home/frederic/airflow_venv/lib/python3.10/site-packages/airflow/example_dags/example_params_trigger_ui.py took 0.083 seconds
[2026-05-29T10:17:42.432+0200] {processor.py:157} INFO - Started process (PID=700210) to work on /home/frederic/airflow_venv/lib/python3.10/site-packages/airflow/example_dags/example_params_trigger_ui.py
[2026-05-29T10:17:42.433+0200] {processor.py:829} INFO - Processing file /home/frederic/airflow_venv/lib/python3.10/site-packages/airflow/example_dags/example_params_trigger_ui.py for tasks to queue
[2026-05-29T10:17:42.434+0200] {logging_mixin.py:151} INFO - [2026-05-29T10:17:42.433+0200] {dagbag.py:539} INFO - Filling up the DagBag from /home/frederic/airflow_venv/lib/python3.10/site-packages/airflow/example_dags/example_params_trigger_ui.py
[2026-05-29T10:17:42.449+0200] {processor.py:839} INFO - DAG(s) dict_keys(['example_params_trigger_ui']) retrieved from /home/frederic/airflow_venv/lib/python3.10/site-packages/airflow/example_dags/example_params_trigger_ui.py
[2026-05-29T10:17:42.488+0200] {logging_mixin.py:151} INFO - [2026-05-29T10:17:42.488+0200] {dag.py:2915} INFO - Sync 1 DAGs
[2026-05-29T10:17:42.496+0200] {logging_mixin.py:151} INFO - [2026-05-29T10:17:42.496+0200] {dag.py:3696} INFO - Setting next_dagrun for example_params_trigger_ui to None, run_after=None
[2026-05-29T10:17:42.511+0200] {processor.py:179} INFO - Processing /home/frederic/airflow_venv/lib/python3.10/site-packages/airflow/example_dags/example_params_trigger_ui.py took 0.081 seconds
[2026-05-29T10:18:27.648+0200] {processor.py:157} INFO - Started process (PID=700882) to work on /home/frederic/airflow_venv/lib/python3.10/site-packages/airflow/example_dags/example_params_trigger_ui.py
[2026-05-29T10:18:27.653+0200] {processor.py:829} INFO - Processing file /home/frederic/airflow_venv/lib/python3.10/site-packages/airflow/example_dags/example_params_trigger_ui.py for tasks to queue
[2026-05-29T10:18:27.655+0200] {logging_mixin.py:151} INFO - [2026-05-29T10:18:27.654+0200] {dagbag.py:539} INFO - Filling up the DagBag from /home/frederic/airflow_venv/lib/python3.10/site-packages/airflow/example_dags/example_params_trigger_ui.py
[2026-05-29T10:18:27.686+0200] {processor.py:839} INFO - DAG(s) dict_keys(['example_params_trigger_ui']) retrieved from /home/frederic/airflow_venv/lib/python3.10/site-packages/airflow/example_dags/example_params_trigger_ui.py
[2026-05-29T10:18:27.775+0200] {logging_mixin.py:151} INFO - [2026-05-29T10:18:27.775+0200] {dag.py:2915} INFO - Sync 1 DAGs
[2026-05-29T10:18:27.792+0200] {logging_mixin.py:151} INFO - [2026-05-29T10:18:27.792+0200] {dag.py:3696} INFO - Setting next_dagrun for example_params_trigger_ui to None, run_after=None
[2026-05-29T10:18:27.812+0200] {processor.py:179} INFO - Processing /home/frederic/airflow_venv/lib/python3.10/site-packages/airflow/example_dags/example_params_trigger_ui.py took 0.170 seconds
[2026-05-29T10:19:15.573+0200] {processor.py:157} INFO - Started process (PID=701352) to work on /home/frederic/airflow_venv/lib/python3.10/site-packages/airflow/example_dags/example_params_trigger_ui.py
[2026-05-29T10:19:15.574+0200] {processor.py:829} INFO - Processing file /home/frederic/airflow_venv/lib/python3.10/site-packages/airflow/example_dags/example_params_trigger_ui.py for tasks to queue
[2026-05-29T10:19:15.575+0200] {logging_mixin.py:151} INFO - [2026-05-29T10:19:15.575+0200] {dagbag.py:539} INFO - Filling up the DagBag from /home/frederic/airflow_venv/lib/python3.10/site-packages/airflow/example_dags/example_params_trigger_ui.py
[2026-05-29T10:19:15.589+0200] {processor.py:839} INFO - DAG(s) dict_keys(['example_params_trigger_ui']) retrieved from /home/frederic/airflow_venv/lib/python3.10/site-packages/airflow/example_dags/example_params_trigger_ui.py
[2026-05-29T10:19:15.626+0200] {logging_mixin.py:151} INFO - [2026-05-29T10:19:15.626+0200] {dag.py:2915} INFO - Sync 1 DAGs
[2026-05-29T10:19:15.635+0200] {logging_mixin.py:151} INFO - [2026-05-29T10:19:15.635+0200] {dag.py:3696} INFO - Setting next_dagrun for example_params_trigger_ui to None, run_after=None
[2026-05-29T10:19:15.649+0200] {processor.py:179} INFO - Processing /home/frederic/airflow_venv/lib/python3.10/site-packages/airflow/example_dags/example_params_trigger_ui.py took 0.078 seconds
[2026-05-29T10:20:04.041+0200] {processor.py:157} INFO - Started process (PID=701917) to work on /home/frederic/airflow_venv/lib/python3.10/site-packages/airflow/example_dags/example_params_trigger_ui.py
[2026-05-29T10:20:04.042+0200] {processor.py:829} INFO - Processing file /home/frederic/airflow_venv/lib/python3.10/site-packages/airflow/example_dags/example_params_trigger_ui.py for tasks to queue
[2026-05-29T10:20:04.043+0200] {logging_mixin.py:151} INFO - [2026-05-29T10:20:04.043+0200] {dagbag.py:539} INFO - Filling up the DagBag from /home/frederic/airflow_venv/lib/python3.10/site-packages/airflow/example_dags/example_params_trigger_ui.py
[2026-05-29T10:20:04.065+0200] {processor.py:839} INFO - DAG(s) dict_keys(['example_params_trigger_ui']) retrieved from /home/frederic/airflow_venv/lib/python3.10/site-packages/airflow/example_dags/example_params_trigger_ui.py
[2026-05-29T10:20:04.116+0200] {logging_mixin.py:151} INFO - [2026-05-29T10:20:04.116+0200] {dag.py:2915} INFO - Sync 1 DAGs
[2026-05-29T10:20:04.126+0200] {logging_mixin.py:151} INFO - [2026-05-29T10:20:04.126+0200] {dag.py:3696} INFO - Setting next_dagrun for example_params_trigger_ui to None, run_after=None
[2026-05-29T10:20:04.142+0200] {processor.py:179} INFO - Processing /home/frederic/airflow_venv/lib/python3.10/site-packages/airflow/example_dags/example_params_trigger_ui.py took 0.106 seconds
[2026-05-29T10:20:56.082+0200] {processor.py:157} INFO - Started process (PID=702474) to work on /home/frederic/airflow_venv/lib/python3.10/site-packages/airflow/example_dags/example_params_trigger_ui.py
[2026-05-29T10:20:56.083+0200] {processor.py:829} INFO - Processing file /home/frederic/airflow_venv/lib/python3.10/site-packages/airflow/example_dags/example_params_trigger_ui.py for tasks to queue
[2026-05-29T10:20:56.083+0200] {logging_mixin.py:151} INFO - [2026-05-29T10:20:56.083+0200] {dagbag.py:539} INFO - Filling up the DagBag from /home/frederic/airflow_venv/lib/python3.10/site-packages/airflow/example_dags/example_params_trigger_ui.py
[2026-05-29T10:20:56.097+0200] {processor.py:839} INFO - DAG(s) dict_keys(['example_params_trigger_ui']) retrieved from /home/frederic/airflow_venv/lib/python3.10/site-packages/airflow/example_dags/example_params_trigger_ui.py
[2026-05-29T10:20:56.135+0200] {logging_mixin.py:151} INFO - [2026-05-29T10:20:56.135+0200] {dag.py:2915} INFO - Sync 1 DAGs
[2026-05-29T10:20:56.144+0200] {logging_mixin.py:151} INFO - [2026-05-29T10:20:56.144+0200] {dag.py:3696} INFO - Setting next_dagrun for example_params_trigger_ui to None, run_after=None
[2026-05-29T10:20:56.159+0200] {processor.py:179} INFO - Processing /home/frederic/airflow_venv/lib/python3.10/site-packages/airflow/example_dags/example_params_trigger_ui.py took 0.079 seconds
[2026-05-29T10:21:41.926+0200] {processor.py:157} INFO - Started process (PID=702928) to work on /home/frederic/airflow_venv/lib/python3.10/site-packages/airflow/example_dags/example_params_trigger_ui.py
[2026-05-29T10:21:41.927+0200] {processor.py:829} INFO - Processing file /home/frederic/airflow_venv/lib/python3.10/site-packages/airflow/example_dags/example_params_trigger_ui.py for tasks to queue
[2026-05-29T10:21:41.928+0200] {logging_mixin.py:151} INFO - [2026-05-29T10:21:41.927+0200] {dagbag.py:539} INFO - Filling up the DagBag from /home/frederic/airflow_venv/lib/python3.10/site-packages/airflow/example_dags/example_params_trigger_ui.py
[2026-05-29T10:21:41.941+0200] {processor.py:839} INFO - DAG(s) dict_keys(['example_params_trigger_ui']) retrieved from /home/frederic/airflow_venv/lib/python3.10/site-packages/airflow/example_dags/example_params_trigger_ui.py
[2026-05-29T10:21:41.979+0200] {logging_mixin.py:151} INFO - [2026-05-29T10:21:41.979+0200] {dag.py:2915} INFO - Sync 1 DAGs
[2026-05-29T10:21:41.988+0200] {logging_mixin.py:151} INFO - [2026-05-29T10:21:41.987+0200] {dag.py:3696} INFO - Setting next_dagrun for example_params_trigger_ui to None, run_after=None
[2026-05-29T10:21:42.003+0200] {processor.py:179} INFO - Processing /home/frederic/airflow_venv/lib/python3.10/site-packages/airflow/example_dags/example_params_trigger_ui.py took 0.079 seconds
[2026-05-29T10:22:30.418+0200] {processor.py:157} INFO - Started process (PID=703428) to work on /home/frederic/airflow_venv/lib/python3.10/site-packages/airflow/example_dags/example_params_trigger_ui.py
[2026-05-29T10:22:30.419+0200] {processor.py:829} INFO - Processing file /home/frederic/airflow_venv/lib/python3.10/site-packages/airflow/example_dags/example_params_trigger_ui.py for tasks to queue
[2026-05-29T10:22:30.420+0200] {logging_mixin.py:151} INFO - [2026-05-29T10:22:30.420+0200] {dagbag.py:539} INFO - Filling up the DagBag from /home/frederic/airflow_venv/lib/python3.10/site-packages/airflow/example_dags/example_params_trigger_ui.py
[2026-05-29T10:22:30.435+0200] {processor.py:839} INFO - DAG(s) dict_keys(['example_params_trigger_ui']) retrieved from /home/frederic/airflow_venv/lib/python3.10/site-packages/airflow/example_dags/example_params_trigger_ui.py
[2026-05-29T10:22:30.473+0200] {logging_mixin.py:151} INFO - [2026-05-29T10:22:30.473+0200] {dag.py:2915} INFO - Sync 1 DAGs
[2026-05-29T10:22:30.482+0200] {logging_mixin.py:151} INFO - [2026-05-29T10:22:30.482+0200] {dag.py:3696} INFO - Setting next_dagrun for example_params_trigger_ui to None, run_after=None
[2026-05-29T10:22:30.498+0200] {processor.py:179} INFO - Processing /home/frederic/airflow_venv/lib/python3.10/site-packages/airflow/example_dags/example_params_trigger_ui.py took 0.081 seconds
[2026-05-29T10:23:18.878+0200] {processor.py:157} INFO - Started process (PID=704042) to work on /home/frederic/airflow_venv/lib/python3.10/site-packages/airflow/example_dags/example_params_trigger_ui.py
[2026-05-29T10:23:18.879+0200] {processor.py:829} INFO - Processing file /home/frederic/airflow_venv/lib/python3.10/site-packages/airflow/example_dags/example_params_trigger_ui.py for tasks to queue
[2026-05-29T10:23:18.880+0200] {logging_mixin.py:151} INFO - [2026-05-29T10:23:18.880+0200] {dagbag.py:539} INFO - Filling up the DagBag from /home/frederic/airflow_venv/lib/python3.10/site-packages/airflow/example_dags/example_params_trigger_ui.py
[2026-05-29T10:23:18.898+0200] {processor.py:839} INFO - DAG(s) dict_keys(['example_params_trigger_ui']) retrieved from /home/frederic/airflow_venv/lib/python3.10/site-packages/airflow/example_dags/example_params_trigger_ui.py
[2026-05-29T10:23:18.943+0200] {logging_mixin.py:151} INFO - [2026-05-29T10:23:18.942+0200] {dag.py:2915} INFO - Sync 1 DAGs
[2026-05-29T10:23:18.953+0200] {logging_mixin.py:151} INFO - [2026-05-29T10:23:18.953+0200] {dag.py:3696} INFO - Setting next_dagrun for example_params_trigger_ui to None, run_after=None
[2026-05-29T10:23:18.969+0200] {processor.py:179} INFO - Processing /home/frederic/airflow_venv/lib/python3.10/site-packages/airflow/example_dags/example_params_trigger_ui.py took 0.094 seconds
[2026-05-29T10:24:08.517+0200] {processor.py:157} INFO - Started process (PID=704517) to work on /home/frederic/airflow_venv/lib/python3.10/site-packages/airflow/example_dags/example_params_trigger_ui.py
[2026-05-29T10:24:08.518+0200] {processor.py:829} INFO - Processing file /home/frederic/airflow_venv/lib/python3.10/site-packages/airflow/example_dags/example_params_trigger_ui.py for tasks to queue
[2026-05-29T10:24:08.519+0200] {logging_mixin.py:151} INFO - [2026-05-29T10:24:08.518+0200] {dagbag.py:539} INFO - Filling up the DagBag from /home/frederic/airflow_venv/lib/python3.10/site-packages/airflow/example_dags/example_params_trigger_ui.py
[2026-05-29T10:24:08.533+0200] {processor.py:839} INFO - DAG(s) dict_keys(['example_params_trigger_ui']) retrieved from /home/frederic/airflow_venv/lib/python3.10/site-packages/airflow/example_dags/example_params_trigger_ui.py
[2026-05-29T10:24:08.570+0200] {logging_mixin.py:151} INFO - [2026-05-29T10:24:08.570+0200] {dag.py:2915} INFO - Sync 1 DAGs
[2026-05-29T10:24:08.665+0200] {logging_mixin.py:151} INFO - [2026-05-29T10:24:08.665+0200] {dag.py:3696} INFO - Setting next_dagrun for example_params_trigger_ui to None, run_after=None
[2026-05-29T10:24:08.679+0200] {processor.py:179} INFO - Processing /home/frederic/airflow_venv/lib/python3.10/site-packages/airflow/example_dags/example_params_trigger_ui.py took 0.165 seconds
[2026-05-29T10:25:02.736+0200] {processor.py:157} INFO - Started process (PID=705064) to work on /home/frederic/airflow_venv/lib/python3.10/site-packages/airflow/example_dags/example_params_trigger_ui.py
[2026-05-29T10:25:02.737+0200] {processor.py:829} INFO - Processing file /home/frederic/airflow_venv/lib/python3.10/site-packages/airflow/example_dags/example_params_trigger_ui.py for tasks to queue
[2026-05-29T10:25:02.737+0200] {logging_mixin.py:151} INFO - [2026-05-29T10:25:02.737+0200] {dagbag.py:539} INFO - Filling up the DagBag from /home/frederic/airflow_venv/lib/python3.10/site-packages/airflow/example_dags/example_params_trigger_ui.py
[2026-05-29T10:25:02.751+0200] {processor.py:839} INFO - DAG(s) dict_keys(['example_params_trigger_ui']) retrieved from /home/frederic/airflow_venv/lib/python3.10/site-packages/airflow/example_dags/example_params_trigger_ui.py
[2026-05-29T10:25:02.794+0200] {logging_mixin.py:151} INFO - [2026-05-29T10:25:02.793+0200] {dag.py:2915} INFO - Sync 1 DAGs
[2026-05-29T10:25:02.803+0200] {logging_mixin.py:151} INFO - [2026-05-29T10:25:02.803+0200] {dag.py:3696} INFO - Setting next_dagrun for example_params_trigger_ui to None, run_after=None
[2026-05-29T10:25:02.818+0200] {processor.py:179} INFO - Processing /home/frederic/airflow_venv/lib/python3.10/site-packages/airflow/example_dags/example_params_trigger_ui.py took 0.085 seconds
[2026-05-29T10:26:00.440+0200] {processor.py:157} INFO - Started process (PID=705594) to work on /home/frederic/airflow_venv/lib/python3.10/site-packages/airflow/example_dags/example_params_trigger_ui.py
[2026-05-29T10:26:00.441+0200] {processor.py:829} INFO - Processing file /home/frederic/airflow_venv/lib/python3.10/site-packages/airflow/example_dags/example_params_trigger_ui.py for tasks to queue
[2026-05-29T10:26:00.441+0200] {logging_mixin.py:151} INFO - [2026-05-29T10:26:00.441+0200] {dagbag.py:539} INFO - Filling up the DagBag from /home/frederic/airflow_venv/lib/python3.10/site-packages/airflow/example_dags/example_params_trigger_ui.py
[2026-05-29T10:26:00.456+0200] {processor.py:839} INFO - DAG(s) dict_keys(['example_params_trigger_ui']) retrieved from /home/frederic/airflow_venv/lib/python3.10/site-packages/airflow/example_dags/example_params_trigger_ui.py
[2026-05-29T10:26:00.496+0200] {logging_mixin.py:151} INFO - [2026-05-29T10:26:00.495+0200] {dag.py:2915} INFO - Sync 1 DAGs
[2026-05-29T10:26:00.507+0200] {logging_mixin.py:151} INFO - [2026-05-29T10:26:00.507+0200] {dag.py:3696} INFO - Setting next_dagrun for example_params_trigger_ui to None, run_after=None
[2026-05-29T10:26:00.522+0200] {processor.py:179} INFO - Processing /home/frederic/airflow_venv/lib/python3.10/site-packages/airflow/example_dags/example_params_trigger_ui.py took 0.085 seconds
[2026-05-29T10:26:50.317+0200] {processor.py:157} INFO - Started process (PID=706097) to work on /home/frederic/airflow_venv/lib/python3.10/site-packages/airflow/example_dags/example_params_trigger_ui.py
[2026-05-29T10:26:50.318+0200] {processor.py:829} INFO - Processing file /home/frederic/airflow_venv/lib/python3.10/site-packages/airflow/example_dags/example_params_trigger_ui.py for tasks to queue
[2026-05-29T10:26:50.319+0200] {logging_mixin.py:151} INFO - [2026-05-29T10:26:50.319+0200] {dagbag.py:539} INFO - Filling up the DagBag from /home/frederic/airflow_venv/lib/python3.10/site-packages/airflow/example_dags/example_params_trigger_ui.py
[2026-05-29T10:26:50.333+0200] {processor.py:839} INFO - DAG(s) dict_keys(['example_params_trigger_ui']) retrieved from /home/frederic/airflow_venv/lib/python3.10/site-packages/airflow/example_dags/example_params_trigger_ui.py
[2026-05-29T10:26:50.457+0200] {logging_mixin.py:151} INFO - [2026-05-29T10:26:50.457+0200] {dag.py:2915} INFO - Sync 1 DAGs
[2026-05-29T10:26:50.465+0200] {logging_mixin.py:151} INFO - [2026-05-29T10:26:50.465+0200] {dag.py:3696} INFO - Setting next_dagrun for example_params_trigger_ui to None, run_after=None
[2026-05-29T10:26:50.479+0200] {processor.py:179} INFO - Processing /home/frederic/airflow_venv/lib/python3.10/site-packages/airflow/example_dags/example_params_trigger_ui.py took 0.165 seconds
[2026-05-29T10:27:39.647+0200] {processor.py:157} INFO - Started process (PID=706592) to work on /home/frederic/airflow_venv/lib/python3.10/site-packages/airflow/example_dags/example_params_trigger_ui.py
[2026-05-29T10:27:39.648+0200] {processor.py:829} INFO - Processing file /home/frederic/airflow_venv/lib/python3.10/site-packages/airflow/example_dags/example_params_trigger_ui.py for tasks to queue
[2026-05-29T10:27:39.648+0200] {logging_mixin.py:151} INFO - [2026-05-29T10:27:39.648+0200] {dagbag.py:539} INFO - Filling up the DagBag from /home/frederic/airflow_venv/lib/python3.10/site-packages/airflow/example_dags/example_params_trigger_ui.py
[2026-05-29T10:27:39.663+0200] {processor.py:839} INFO - DAG(s) dict_keys(['example_params_trigger_ui']) retrieved from /home/frederic/airflow_venv/lib/python3.10/site-packages/airflow/example_dags/example_params_trigger_ui.py
[2026-05-29T10:27:39.705+0200] {logging_mixin.py:151} INFO - [2026-05-29T10:27:39.705+0200] {dag.py:2915} INFO - Sync 1 DAGs
[2026-05-29T10:27:39.715+0200] {logging_mixin.py:151} INFO - [2026-05-29T10:27:39.715+0200] {dag.py:3696} INFO - Setting next_dagrun for example_params_trigger_ui to None, run_after=None
[2026-05-29T10:27:39.733+0200] {processor.py:179} INFO - Processing /home/frederic/airflow_venv/lib/python3.10/site-packages/airflow/example_dags/example_params_trigger_ui.py took 0.089 seconds
[2026-05-29T10:28:21.890+0200] {processor.py:157} INFO - Started process (PID=707101) to work on /home/frederic/airflow_venv/lib/python3.10/site-packages/airflow/example_dags/example_params_trigger_ui.py
[2026-05-29T10:28:21.891+0200] {processor.py:829} INFO - Processing file /home/frederic/airflow_venv/lib/python3.10/site-packages/airflow/example_dags/example_params_trigger_ui.py for tasks to queue
[2026-05-29T10:28:21.891+0200] {logging_mixin.py:151} INFO - [2026-05-29T10:28:21.891+0200] {dagbag.py:539} INFO - Filling up the DagBag from /home/frederic/airflow_venv/lib/python3.10/site-packages/airflow/example_dags/example_params_trigger_ui.py
[2026-05-29T10:28:21.908+0200] {processor.py:839} INFO - DAG(s) dict_keys(['example_params_trigger_ui']) retrieved from /home/frederic/airflow_venv/lib/python3.10/site-packages/airflow/example_dags/example_params_trigger_ui.py
[2026-05-29T10:28:21.948+0200] {logging_mixin.py:151} INFO - [2026-05-29T10:28:21.948+0200] {dag.py:2915} INFO - Sync 1 DAGs
[2026-05-29T10:28:21.961+0200] {logging_mixin.py:151} INFO - [2026-05-29T10:28:21.961+0200] {dag.py:3696} INFO - Setting next_dagrun for example_params_trigger_ui to None, run_after=None
[2026-05-29T10:28:21.979+0200] {processor.py:179} INFO - Processing /home/frederic/airflow_venv/lib/python3.10/site-packages/airflow/example_dags/example_params_trigger_ui.py took 0.092 seconds
[2026-05-29T10:29:12.105+0200] {processor.py:157} INFO - Started process (PID=707772) to work on /home/frederic/airflow_venv/lib/python3.10/site-packages/airflow/example_dags/example_params_trigger_ui.py
[2026-05-29T10:29:12.107+0200] {processor.py:829} INFO - Processing file /home/frederic/airflow_venv/lib/python3.10/site-packages/airflow/example_dags/example_params_trigger_ui.py for tasks to queue
[2026-05-29T10:29:12.107+0200] {logging_mixin.py:151} INFO - [2026-05-29T10:29:12.107+0200] {dagbag.py:539} INFO - Filling up the DagBag from /home/frederic/airflow_venv/lib/python3.10/site-packages/airflow/example_dags/example_params_trigger_ui.py
[2026-05-29T10:29:12.122+0200] {processor.py:839} INFO - DAG(s) dict_keys(['example_params_trigger_ui']) retrieved from /home/frederic/airflow_venv/lib/python3.10/site-packages/airflow/example_dags/example_params_trigger_ui.py
[2026-05-29T10:29:12.157+0200] {logging_mixin.py:151} INFO - [2026-05-29T10:29:12.157+0200] {dag.py:2915} INFO - Sync 1 DAGs
[2026-05-29T10:29:12.167+0200] {logging_mixin.py:151} INFO - [2026-05-29T10:29:12.167+0200] {dag.py:3696} INFO - Setting next_dagrun for example_params_trigger_ui to None, run_after=None
[2026-05-29T10:29:12.181+0200] {processor.py:179} INFO - Processing /home/frederic/airflow_venv/lib/python3.10/site-packages/airflow/example_dags/example_params_trigger_ui.py took 0.078 seconds
[2026-05-29T10:29:57.215+0200] {processor.py:157} INFO - Started process (PID=708290) to work on /home/frederic/airflow_venv/lib/python3.10/site-packages/airflow/example_dags/example_params_trigger_ui.py
[2026-05-29T10:29:57.216+0200] {processor.py:829} INFO - Processing file /home/frederic/airflow_venv/lib/python3.10/site-packages/airflow/example_dags/example_params_trigger_ui.py for tasks to queue
[2026-05-29T10:29:57.216+0200] {logging_mixin.py:151} INFO - [2026-05-29T10:29:57.216+0200] {dagbag.py:539} INFO - Filling up the DagBag from /home/frederic/airflow_venv/lib/python3.10/site-packages/airflow/example_dags/example_params_trigger_ui.py
[2026-05-29T10:29:57.230+0200] {processor.py:839} INFO - DAG(s) dict_keys(['example_params_trigger_ui']) retrieved from /home/frederic/airflow_venv/lib/python3.10/site-packages/airflow/example_dags/example_params_trigger_ui.py
[2026-05-29T10:29:57.267+0200] {logging_mixin.py:151} INFO - [2026-05-29T10:29:57.267+0200] {dag.py:2915} INFO - Sync 1 DAGs
[2026-05-29T10:29:57.277+0200] {logging_mixin.py:151} INFO - [2026-05-29T10:29:57.277+0200] {dag.py:3696} INFO - Setting next_dagrun for example_params_trigger_ui to None, run_after=None
[2026-05-29T10:29:57.294+0200] {processor.py:179} INFO - Processing /home/frederic/airflow_venv/lib/python3.10/site-packages/airflow/example_dags/example_params_trigger_ui.py took 0.081 seconds
[2026-05-29T10:30:45.808+0200] {processor.py:157} INFO - Started process (PID=708961) to work on /home/frederic/airflow_venv/lib/python3.10/site-packages/airflow/example_dags/example_params_trigger_ui.py
[2026-05-29T10:30:45.809+0200] {processor.py:829} INFO - Processing file /home/frederic/airflow_venv/lib/python3.10/site-packages/airflow/example_dags/example_params_trigger_ui.py for tasks to queue
[2026-05-29T10:30:45.809+0200] {logging_mixin.py:151} INFO - [2026-05-29T10:30:45.809+0200] {dagbag.py:539} INFO - Filling up the DagBag from /home/frederic/airflow_venv/lib/python3.10/site-packages/airflow/example_dags/example_params_trigger_ui.py
[2026-05-29T10:30:45.823+0200] {processor.py:839} INFO - DAG(s) dict_keys(['example_params_trigger_ui']) retrieved from /home/frederic/airflow_venv/lib/python3.10/site-packages/airflow/example_dags/example_params_trigger_ui.py
[2026-05-29T10:30:45.861+0200] {logging_mixin.py:151} INFO - [2026-05-29T10:30:45.861+0200] {dag.py:2915} INFO - Sync 1 DAGs
[2026-05-29T10:30:45.870+0200] {logging_mixin.py:151} INFO - [2026-05-29T10:30:45.870+0200] {dag.py:3696} INFO - Setting next_dagrun for example_params_trigger_ui to None, run_after=None
[2026-05-29T10:30:45.884+0200] {processor.py:179} INFO - Processing /home/frederic/airflow_venv/lib/python3.10/site-packages/airflow/example_dags/example_params_trigger_ui.py took 0.079 seconds
[2026-05-29T10:31:30.882+0200] {processor.py:157} INFO - Started process (PID=709453) to work on /home/frederic/airflow_venv/lib/python3.10/site-packages/airflow/example_dags/example_params_trigger_ui.py
[2026-05-29T10:31:30.883+0200] {processor.py:829} INFO - Processing file /home/frederic/airflow_venv/lib/python3.10/site-packages/airflow/example_dags/example_params_trigger_ui.py for tasks to queue
[2026-05-29T10:31:30.884+0200] {logging_mixin.py:151} INFO - [2026-05-29T10:31:30.883+0200] {dagbag.py:539} INFO - Filling up the DagBag from /home/frederic/airflow_venv/lib/python3.10/site-packages/airflow/example_dags/example_params_trigger_ui.py
[2026-05-29T10:31:30.897+0200] {processor.py:839} INFO - DAG(s) dict_keys(['example_params_trigger_ui']) retrieved from /home/frederic/airflow_venv/lib/python3.10/site-packages/airflow/example_dags/example_params_trigger_ui.py
[2026-05-29T10:31:30.933+0200] {logging_mixin.py:151} INFO - [2026-05-29T10:31:30.933+0200] {dag.py:2915} INFO - Sync 1 DAGs
[2026-05-29T10:31:30.943+0200] {logging_mixin.py:151} INFO - [2026-05-29T10:31:30.943+0200] {dag.py:3696} INFO - Setting next_dagrun for example_params_trigger_ui to None, run_after=None
[2026-05-29T10:31:30.965+0200] {processor.py:179} INFO - Processing /home/frederic/airflow_venv/lib/python3.10/site-packages/airflow/example_dags/example_params_trigger_ui.py took 0.085 seconds
[2026-05-29T10:32:15.272+0200] {processor.py:157} INFO - Started process (PID=710025) to work on /home/frederic/airflow_venv/lib/python3.10/site-packages/airflow/example_dags/example_params_trigger_ui.py
[2026-05-29T10:32:15.273+0200] {processor.py:829} INFO - Processing file /home/frederic/airflow_venv/lib/python3.10/site-packages/airflow/example_dags/example_params_trigger_ui.py for tasks to queue
[2026-05-29T10:32:15.274+0200] {logging_mixin.py:151} INFO - [2026-05-29T10:32:15.274+0200] {dagbag.py:539} INFO - Filling up the DagBag from /home/frederic/airflow_venv/lib/python3.10/site-packages/airflow/example_dags/example_params_trigger_ui.py
[2026-05-29T10:32:15.288+0200] {processor.py:839} INFO - DAG(s) dict_keys(['example_params_trigger_ui']) retrieved from /home/frederic/airflow_venv/lib/python3.10/site-packages/airflow/example_dags/example_params_trigger_ui.py
[2026-05-29T10:32:15.327+0200] {logging_mixin.py:151} INFO - [2026-05-29T10:32:15.327+0200] {dag.py:2915} INFO - Sync 1 DAGs
[2026-05-29T10:32:15.337+0200] {logging_mixin.py:151} INFO - [2026-05-29T10:32:15.336+0200] {dag.py:3696} INFO - Setting next_dagrun for example_params_trigger_ui to None, run_after=None
[2026-05-29T10:32:15.351+0200] {processor.py:179} INFO - Processing /home/frederic/airflow_venv/lib/python3.10/site-packages/airflow/example_dags/example_params_trigger_ui.py took 0.082 seconds
[2026-05-29T10:32:59.735+0200] {processor.py:157} INFO - Started process (PID=710591) to work on /home/frederic/airflow_venv/lib/python3.10/site-packages/airflow/example_dags/example_params_trigger_ui.py
[2026-05-29T10:32:59.736+0200] {processor.py:829} INFO - Processing file /home/frederic/airflow_venv/lib/python3.10/site-packages/airflow/example_dags/example_params_trigger_ui.py for tasks to queue
[2026-05-29T10:32:59.737+0200] {logging_mixin.py:151} INFO - [2026-05-29T10:32:59.736+0200] {dagbag.py:539} INFO - Filling up the DagBag from /home/frederic/airflow_venv/lib/python3.10/site-packages/airflow/example_dags/example_params_trigger_ui.py
[2026-05-29T10:32:59.751+0200] {processor.py:839} INFO - DAG(s) dict_keys(['example_params_trigger_ui']) retrieved from /home/frederic/airflow_venv/lib/python3.10/site-packages/airflow/example_dags/example_params_trigger_ui.py
[2026-05-29T10:32:59.791+0200] {logging_mixin.py:151} INFO - [2026-05-29T10:32:59.791+0200] {dag.py:2915} INFO - Sync 1 DAGs
[2026-05-29T10:32:59.800+0200] {logging_mixin.py:151} INFO - [2026-05-29T10:32:59.800+0200] {dag.py:3696} INFO - Setting next_dagrun for example_params_trigger_ui to None, run_after=None
[2026-05-29T10:32:59.814+0200] {processor.py:179} INFO - Processing /home/frederic/airflow_venv/lib/python3.10/site-packages/airflow/example_dags/example_params_trigger_ui.py took 0.082 seconds
[2026-05-29T10:33:48.289+0200] {processor.py:157} INFO - Started process (PID=711332) to work on /home/frederic/airflow_venv/lib/python3.10/site-packages/airflow/example_dags/example_params_trigger_ui.py
[2026-05-29T10:33:48.290+0200] {processor.py:829} INFO - Processing file /home/frederic/airflow_venv/lib/python3.10/site-packages/airflow/example_dags/example_params_trigger_ui.py for tasks to queue
[2026-05-29T10:33:48.291+0200] {logging_mixin.py:151} INFO - [2026-05-29T10:33:48.291+0200] {dagbag.py:539} INFO - Filling up the DagBag from /home/frederic/airflow_venv/lib/python3.10/site-packages/airflow/example_dags/example_params_trigger_ui.py
[2026-05-29T10:33:48.307+0200] {processor.py:839} INFO - DAG(s) dict_keys(['example_params_trigger_ui']) retrieved from /home/frederic/airflow_venv/lib/python3.10/site-packages/airflow/example_dags/example_params_trigger_ui.py
[2026-05-29T10:33:48.347+0200] {logging_mixin.py:151} INFO - [2026-05-29T10:33:48.347+0200] {dag.py:2915} INFO - Sync 1 DAGs
[2026-05-29T10:33:48.356+0200] {logging_mixin.py:151} INFO - [2026-05-29T10:33:48.355+0200] {dag.py:3696} INFO - Setting next_dagrun for example_params_trigger_ui to None, run_after=None
[2026-05-29T10:33:48.369+0200] {processor.py:179} INFO - Processing /home/frederic/airflow_venv/lib/python3.10/site-packages/airflow/example_dags/example_params_trigger_ui.py took 0.082 seconds
[2026-05-29T10:34:29.258+0200] {processor.py:157} INFO - Started process (PID=711997) to work on /home/frederic/airflow_venv/lib/python3.10/site-packages/airflow/example_dags/example_params_trigger_ui.py
[2026-05-29T10:34:29.259+0200] {processor.py:829} INFO - Processing file /home/frederic/airflow_venv/lib/python3.10/site-packages/airflow/example_dags/example_params_trigger_ui.py for tasks to queue
[2026-05-29T10:34:29.259+0200] {logging_mixin.py:151} INFO - [2026-05-29T10:34:29.259+0200] {dagbag.py:539} INFO - Filling up the DagBag from /home/frederic/airflow_venv/lib/python3.10/site-packages/airflow/example_dags/example_params_trigger_ui.py
[2026-05-29T10:34:29.273+0200] {processor.py:839} INFO - DAG(s) dict_keys(['example_params_trigger_ui']) retrieved from /home/frederic/airflow_venv/lib/python3.10/site-packages/airflow/example_dags/example_params_trigger_ui.py
[2026-05-29T10:34:29.311+0200] {logging_mixin.py:151} INFO - [2026-05-29T10:34:29.310+0200] {dag.py:2915} INFO - Sync 1 DAGs
[2026-05-29T10:34:29.320+0200] {logging_mixin.py:151} INFO - [2026-05-29T10:34:29.320+0200] {dag.py:3696} INFO - Setting next_dagrun for example_params_trigger_ui to None, run_after=None
[2026-05-29T10:34:29.335+0200] {processor.py:179} INFO - Processing /home/frederic/airflow_venv/lib/python3.10/site-packages/airflow/example_dags/example_params_trigger_ui.py took 0.080 seconds
[2026-05-29T10:35:17.854+0200] {processor.py:157} INFO - Started process (PID=712484) to work on /home/frederic/airflow_venv/lib/python3.10/site-packages/airflow/example_dags/example_params_trigger_ui.py
[2026-05-29T10:35:17.855+0200] {processor.py:829} INFO - Processing file /home/frederic/airflow_venv/lib/python3.10/site-packages/airflow/example_dags/example_params_trigger_ui.py for tasks to queue
[2026-05-29T10:35:17.856+0200] {logging_mixin.py:151} INFO - [2026-05-29T10:35:17.856+0200] {dagbag.py:539} INFO - Filling up the DagBag from /home/frederic/airflow_venv/lib/python3.10/site-packages/airflow/example_dags/example_params_trigger_ui.py
[2026-05-29T10:35:17.870+0200] {processor.py:839} INFO - DAG(s) dict_keys(['example_params_trigger_ui']) retrieved from /home/frederic/airflow_venv/lib/python3.10/site-packages/airflow/example_dags/example_params_trigger_ui.py
[2026-05-29T10:35:17.905+0200] {logging_mixin.py:151} INFO - [2026-05-29T10:35:17.905+0200] {dag.py:2915} INFO - Sync 1 DAGs
[2026-05-29T10:35:17.914+0200] {logging_mixin.py:151} INFO - [2026-05-29T10:35:17.913+0200] {dag.py:3696} INFO - Setting next_dagrun for example_params_trigger_ui to None, run_after=None
[2026-05-29T10:35:17.931+0200] {processor.py:179} INFO - Processing /home/frederic/airflow_venv/lib/python3.10/site-packages/airflow/example_dags/example_params_trigger_ui.py took 0.078 seconds
[2026-05-29T10:36:05.767+0200] {processor.py:157} INFO - Started process (PID=713002) to work on /home/frederic/airflow_venv/lib/python3.10/site-packages/airflow/example_dags/example_params_trigger_ui.py
[2026-05-29T10:36:05.770+0200] {processor.py:829} INFO - Processing file /home/frederic/airflow_venv/lib/python3.10/site-packages/airflow/example_dags/example_params_trigger_ui.py for tasks to queue
[2026-05-29T10:36:05.771+0200] {logging_mixin.py:151} INFO - [2026-05-29T10:36:05.771+0200] {dagbag.py:539} INFO - Filling up the DagBag from /home/frederic/airflow_venv/lib/python3.10/site-packages/airflow/example_dags/example_params_trigger_ui.py
[2026-05-29T10:36:05.786+0200] {processor.py:839} INFO - DAG(s) dict_keys(['example_params_trigger_ui']) retrieved from /home/frederic/airflow_venv/lib/python3.10/site-packages/airflow/example_dags/example_params_trigger_ui.py
[2026-05-29T10:36:05.822+0200] {logging_mixin.py:151} INFO - [2026-05-29T10:36:05.822+0200] {dag.py:2915} INFO - Sync 1 DAGs
[2026-05-29T10:36:05.831+0200] {logging_mixin.py:151} INFO - [2026-05-29T10:36:05.831+0200] {dag.py:3696} INFO - Setting next_dagrun for example_params_trigger_ui to None, run_after=None
[2026-05-29T10:36:05.845+0200] {processor.py:179} INFO - Processing /home/frederic/airflow_venv/lib/python3.10/site-packages/airflow/example_dags/example_params_trigger_ui.py took 0.082 seconds
[2026-05-29T10:36:48.958+0200] {processor.py:157} INFO - Started process (PID=713520) to work on /home/frederic/airflow_venv/lib/python3.10/site-packages/airflow/example_dags/example_params_trigger_ui.py
[2026-05-29T10:36:48.959+0200] {processor.py:829} INFO - Processing file /home/frederic/airflow_venv/lib/python3.10/site-packages/airflow/example_dags/example_params_trigger_ui.py for tasks to queue
[2026-05-29T10:36:48.959+0200] {logging_mixin.py:151} INFO - [2026-05-29T10:36:48.959+0200] {dagbag.py:539} INFO - Filling up the DagBag from /home/frederic/airflow_venv/lib/python3.10/site-packages/airflow/example_dags/example_params_trigger_ui.py
[2026-05-29T10:36:48.973+0200] {processor.py:839} INFO - DAG(s) dict_keys(['example_params_trigger_ui']) retrieved from /home/frederic/airflow_venv/lib/python3.10/site-packages/airflow/example_dags/example_params_trigger_ui.py
[2026-05-29T10:36:49.010+0200] {logging_mixin.py:151} INFO - [2026-05-29T10:36:49.010+0200] {dag.py:2915} INFO - Sync 1 DAGs
[2026-05-29T10:36:49.019+0200] {logging_mixin.py:151} INFO - [2026-05-29T10:36:49.019+0200] {dag.py:3696} INFO - Setting next_dagrun for example_params_trigger_ui to None, run_after=None
[2026-05-29T10:36:49.034+0200] {processor.py:179} INFO - Processing /home/frederic/airflow_venv/lib/python3.10/site-packages/airflow/example_dags/example_params_trigger_ui.py took 0.079 seconds
[2026-05-29T10:37:39.064+0200] {processor.py:157} INFO - Started process (PID=714278) to work on /home/frederic/airflow_venv/lib/python3.10/site-packages/airflow/example_dags/example_params_trigger_ui.py
[2026-05-29T10:37:39.065+0200] {processor.py:829} INFO - Processing file /home/frederic/airflow_venv/lib/python3.10/site-packages/airflow/example_dags/example_params_trigger_ui.py for tasks to queue
[2026-05-29T10:37:39.065+0200] {logging_mixin.py:151} INFO - [2026-05-29T10:37:39.065+0200] {dagbag.py:539} INFO - Filling up the DagBag from /home/frederic/airflow_venv/lib/python3.10/site-packages/airflow/example_dags/example_params_trigger_ui.py
[2026-05-29T10:37:39.079+0200] {processor.py:839} INFO - DAG(s) dict_keys(['example_params_trigger_ui']) retrieved from /home/frederic/airflow_venv/lib/python3.10/site-packages/airflow/example_dags/example_params_trigger_ui.py
[2026-05-29T10:37:39.116+0200] {logging_mixin.py:151} INFO - [2026-05-29T10:37:39.116+0200] {dag.py:2915} INFO - Sync 1 DAGs
[2026-05-29T10:37:39.125+0200] {logging_mixin.py:151} INFO - [2026-05-29T10:37:39.125+0200] {dag.py:3696} INFO - Setting next_dagrun for example_params_trigger_ui to None, run_after=None
[2026-05-29T10:37:39.141+0200] {processor.py:179} INFO - Processing /home/frederic/airflow_venv/lib/python3.10/site-packages/airflow/example_dags/example_params_trigger_ui.py took 0.080 seconds
[2026-05-29T10:38:24.181+0200] {processor.py:157} INFO - Started process (PID=714943) to work on /home/frederic/airflow_venv/lib/python3.10/site-packages/airflow/example_dags/example_params_trigger_ui.py
[2026-05-29T10:38:24.182+0200] {processor.py:829} INFO - Processing file /home/frederic/airflow_venv/lib/python3.10/site-packages/airflow/example_dags/example_params_trigger_ui.py for tasks to queue
[2026-05-29T10:38:24.183+0200] {logging_mixin.py:151} INFO - [2026-05-29T10:38:24.183+0200] {dagbag.py:539} INFO - Filling up the DagBag from /home/frederic/airflow_venv/lib/python3.10/site-packages/airflow/example_dags/example_params_trigger_ui.py
[2026-05-29T10:38:24.196+0200] {processor.py:839} INFO - DAG(s) dict_keys(['example_params_trigger_ui']) retrieved from /home/frederic/airflow_venv/lib/python3.10/site-packages/airflow/example_dags/example_params_trigger_ui.py
[2026-05-29T10:38:24.235+0200] {logging_mixin.py:151} INFO - [2026-05-29T10:38:24.235+0200] {dag.py:2915} INFO - Sync 1 DAGs
[2026-05-29T10:38:24.244+0200] {logging_mixin.py:151} INFO - [2026-05-29T10:38:24.244+0200] {dag.py:3696} INFO - Setting next_dagrun for example_params_trigger_ui to None, run_after=None
[2026-05-29T10:38:24.259+0200] {processor.py:179} INFO - Processing /home/frederic/airflow_venv/lib/python3.10/site-packages/airflow/example_dags/example_params_trigger_ui.py took 0.080 seconds
[2026-05-29T10:39:07.790+0200] {processor.py:157} INFO - Started process (PID=715630) to work on /home/frederic/airflow_venv/lib/python3.10/site-packages/airflow/example_dags/example_params_trigger_ui.py
[2026-05-29T10:39:07.791+0200] {processor.py:829} INFO - Processing file /home/frederic/airflow_venv/lib/python3.10/site-packages/airflow/example_dags/example_params_trigger_ui.py for tasks to queue
[2026-05-29T10:39:07.792+0200] {logging_mixin.py:151} INFO - [2026-05-29T10:39:07.792+0200] {dagbag.py:539} INFO - Filling up the DagBag from /home/frederic/airflow_venv/lib/python3.10/site-packages/airflow/example_dags/example_params_trigger_ui.py
[2026-05-29T10:39:07.809+0200] {processor.py:839} INFO - DAG(s) dict_keys(['example_params_trigger_ui']) retrieved from /home/frederic/airflow_venv/lib/python3.10/site-packages/airflow/example_dags/example_params_trigger_ui.py
[2026-05-29T10:39:07.853+0200] {logging_mixin.py:151} INFO - [2026-05-29T10:39:07.853+0200] {dag.py:2915} INFO - Sync 1 DAGs
[2026-05-29T10:39:07.864+0200] {logging_mixin.py:151} INFO - [2026-05-29T10:39:07.864+0200] {dag.py:3696} INFO - Setting next_dagrun for example_params_trigger_ui to None, run_after=None
[2026-05-29T10:39:07.883+0200] {processor.py:179} INFO - Processing /home/frederic/airflow_venv/lib/python3.10/site-packages/airflow/example_dags/example_params_trigger_ui.py took 0.096 seconds
[2026-05-29T10:39:55.518+0200] {processor.py:157} INFO - Started process (PID=716259) to work on /home/frederic/airflow_venv/lib/python3.10/site-packages/airflow/example_dags/example_params_trigger_ui.py
[2026-05-29T10:39:55.518+0200] {processor.py:829} INFO - Processing file /home/frederic/airflow_venv/lib/python3.10/site-packages/airflow/example_dags/example_params_trigger_ui.py for tasks to queue
[2026-05-29T10:39:55.519+0200] {logging_mixin.py:151} INFO - [2026-05-29T10:39:55.519+0200] {dagbag.py:539} INFO - Filling up the DagBag from /home/frederic/airflow_venv/lib/python3.10/site-packages/airflow/example_dags/example_params_trigger_ui.py
[2026-05-29T10:39:55.533+0200] {processor.py:839} INFO - DAG(s) dict_keys(['example_params_trigger_ui']) retrieved from /home/frederic/airflow_venv/lib/python3.10/site-packages/airflow/example_dags/example_params_trigger_ui.py
[2026-05-29T10:39:55.570+0200] {logging_mixin.py:151} INFO - [2026-05-29T10:39:55.569+0200] {dag.py:2915} INFO - Sync 1 DAGs
[2026-05-29T10:39:55.579+0200] {logging_mixin.py:151} INFO - [2026-05-29T10:39:55.579+0200] {dag.py:3696} INFO - Setting next_dagrun for example_params_trigger_ui to None, run_after=None
[2026-05-29T10:39:55.594+0200] {processor.py:179} INFO - Processing /home/frederic/airflow_venv/lib/python3.10/site-packages/airflow/example_dags/example_params_trigger_ui.py took 0.078 seconds
[2026-05-29T10:40:39.041+0200] {processor.py:157} INFO - Started process (PID=716714) to work on /home/frederic/airflow_venv/lib/python3.10/site-packages/airflow/example_dags/example_params_trigger_ui.py
[2026-05-29T10:40:39.042+0200] {processor.py:829} INFO - Processing file /home/frederic/airflow_venv/lib/python3.10/site-packages/airflow/example_dags/example_params_trigger_ui.py for tasks to queue
[2026-05-29T10:40:39.042+0200] {logging_mixin.py:151} INFO - [2026-05-29T10:40:39.042+0200] {dagbag.py:539} INFO - Filling up the DagBag from /home/frederic/airflow_venv/lib/python3.10/site-packages/airflow/example_dags/example_params_trigger_ui.py
[2026-05-29T10:40:39.056+0200] {processor.py:839} INFO - DAG(s) dict_keys(['example_params_trigger_ui']) retrieved from /home/frederic/airflow_venv/lib/python3.10/site-packages/airflow/example_dags/example_params_trigger_ui.py
[2026-05-29T10:40:39.093+0200] {logging_mixin.py:151} INFO - [2026-05-29T10:40:39.092+0200] {dag.py:2915} INFO - Sync 1 DAGs
[2026-05-29T10:40:39.103+0200] {logging_mixin.py:151} INFO - [2026-05-29T10:40:39.103+0200] {dag.py:3696} INFO - Setting next_dagrun for example_params_trigger_ui to None, run_after=None
[2026-05-29T10:40:39.118+0200] {processor.py:179} INFO - Processing /home/frederic/airflow_venv/lib/python3.10/site-packages/airflow/example_dags/example_params_trigger_ui.py took 0.079 seconds
[2026-05-29T10:41:25.474+0200] {processor.py:157} INFO - Started process (PID=717242) to work on /home/frederic/airflow_venv/lib/python3.10/site-packages/airflow/example_dags/example_params_trigger_ui.py
[2026-05-29T10:41:25.475+0200] {processor.py:829} INFO - Processing file /home/frederic/airflow_venv/lib/python3.10/site-packages/airflow/example_dags/example_params_trigger_ui.py for tasks to queue
[2026-05-29T10:41:25.476+0200] {logging_mixin.py:151} INFO - [2026-05-29T10:41:25.475+0200] {dagbag.py:539} INFO - Filling up the DagBag from /home/frederic/airflow_venv/lib/python3.10/site-packages/airflow/example_dags/example_params_trigger_ui.py
[2026-05-29T10:41:25.493+0200] {processor.py:839} INFO - DAG(s) dict_keys(['example_params_trigger_ui']) retrieved from /home/frederic/airflow_venv/lib/python3.10/site-packages/airflow/example_dags/example_params_trigger_ui.py
[2026-05-29T10:41:25.541+0200] {logging_mixin.py:151} INFO - [2026-05-29T10:41:25.541+0200] {dag.py:2915} INFO - Sync 1 DAGs
[2026-05-29T10:41:25.556+0200] {logging_mixin.py:151} INFO - [2026-05-29T10:41:25.556+0200] {dag.py:3696} INFO - Setting next_dagrun for example_params_trigger_ui to None, run_after=None
[2026-05-29T10:41:25.572+0200] {processor.py:179} INFO - Processing /home/frederic/airflow_venv/lib/python3.10/site-packages/airflow/example_dags/example_params_trigger_ui.py took 0.101 seconds
[2026-05-29T10:42:11.863+0200] {processor.py:157} INFO - Started process (PID=717698) to work on /home/frederic/airflow_venv/lib/python3.10/site-packages/airflow/example_dags/example_params_trigger_ui.py
[2026-05-29T10:42:11.864+0200] {processor.py:829} INFO - Processing file /home/frederic/airflow_venv/lib/python3.10/site-packages/airflow/example_dags/example_params_trigger_ui.py for tasks to queue
[2026-05-29T10:42:11.865+0200] {logging_mixin.py:151} INFO - [2026-05-29T10:42:11.864+0200] {dagbag.py:539} INFO - Filling up the DagBag from /home/frederic/airflow_venv/lib/python3.10/site-packages/airflow/example_dags/example_params_trigger_ui.py
[2026-05-29T10:42:11.883+0200] {processor.py:839} INFO - DAG(s) dict_keys(['example_params_trigger_ui']) retrieved from /home/frederic/airflow_venv/lib/python3.10/site-packages/airflow/example_dags/example_params_trigger_ui.py
[2026-05-29T10:42:11.929+0200] {logging_mixin.py:151} INFO - [2026-05-29T10:42:11.929+0200] {dag.py:2915} INFO - Sync 1 DAGs
[2026-05-29T10:42:11.940+0200] {logging_mixin.py:151} INFO - [2026-05-29T10:42:11.939+0200] {dag.py:3696} INFO - Setting next_dagrun for example_params_trigger_ui to None, run_after=None
[2026-05-29T10:42:11.962+0200] {processor.py:179} INFO - Processing /home/frederic/airflow_venv/lib/python3.10/site-packages/airflow/example_dags/example_params_trigger_ui.py took 0.103 seconds
[2026-05-29T10:42:59.582+0200] {processor.py:157} INFO - Started process (PID=718158) to work on /home/frederic/airflow_venv/lib/python3.10/site-packages/airflow/example_dags/example_params_trigger_ui.py
[2026-05-29T10:42:59.583+0200] {processor.py:829} INFO - Processing file /home/frederic/airflow_venv/lib/python3.10/site-packages/airflow/example_dags/example_params_trigger_ui.py for tasks to queue
[2026-05-29T10:42:59.585+0200] {logging_mixin.py:151} INFO - [2026-05-29T10:42:59.584+0200] {dagbag.py:539} INFO - Filling up the DagBag from /home/frederic/airflow_venv/lib/python3.10/site-packages/airflow/example_dags/example_params_trigger_ui.py
[2026-05-29T10:42:59.606+0200] {processor.py:839} INFO - DAG(s) dict_keys(['example_params_trigger_ui']) retrieved from /home/frederic/airflow_venv/lib/python3.10/site-packages/airflow/example_dags/example_params_trigger_ui.py
[2026-05-29T10:42:59.648+0200] {logging_mixin.py:151} INFO - [2026-05-29T10:42:59.648+0200] {dag.py:2915} INFO - Sync 1 DAGs
[2026-05-29T10:42:59.659+0200] {logging_mixin.py:151} INFO - [2026-05-29T10:42:59.659+0200] {dag.py:3696} INFO - Setting next_dagrun for example_params_trigger_ui to None, run_after=None
[2026-05-29T10:42:59.678+0200] {processor.py:179} INFO - Processing /home/frederic/airflow_venv/lib/python3.10/site-packages/airflow/example_dags/example_params_trigger_ui.py took 0.099 seconds
[2026-05-29T10:43:41.734+0200] {processor.py:157} INFO - Started process (PID=718667) to work on /home/frederic/airflow_venv/lib/python3.10/site-packages/airflow/example_dags/example_params_trigger_ui.py
[2026-05-29T10:43:41.735+0200] {processor.py:829} INFO - Processing file /home/frederic/airflow_venv/lib/python3.10/site-packages/airflow/example_dags/example_params_trigger_ui.py for tasks to queue
[2026-05-29T10:43:41.736+0200] {logging_mixin.py:151} INFO - [2026-05-29T10:43:41.736+0200] {dagbag.py:539} INFO - Filling up the DagBag from /home/frederic/airflow_venv/lib/python3.10/site-packages/airflow/example_dags/example_params_trigger_ui.py
[2026-05-29T10:43:41.752+0200] {processor.py:839} INFO - DAG(s) dict_keys(['example_params_trigger_ui']) retrieved from /home/frederic/airflow_venv/lib/python3.10/site-packages/airflow/example_dags/example_params_trigger_ui.py
[2026-05-29T10:43:41.794+0200] {logging_mixin.py:151} INFO - [2026-05-29T10:43:41.794+0200] {dag.py:2915} INFO - Sync 1 DAGs
[2026-05-29T10:43:41.804+0200] {logging_mixin.py:151} INFO - [2026-05-29T10:43:41.804+0200] {dag.py:3696} INFO - Setting next_dagrun for example_params_trigger_ui to None, run_after=None
[2026-05-29T10:43:41.821+0200] {processor.py:179} INFO - Processing /home/frederic/airflow_venv/lib/python3.10/site-packages/airflow/example_dags/example_params_trigger_ui.py took 0.088 seconds
[2026-05-29T10:44:26.878+0200] {processor.py:157} INFO - Started process (PID=719217) to work on /home/frederic/airflow_venv/lib/python3.10/site-packages/airflow/example_dags/example_params_trigger_ui.py
[2026-05-29T10:44:26.879+0200] {processor.py:829} INFO - Processing file /home/frederic/airflow_venv/lib/python3.10/site-packages/airflow/example_dags/example_params_trigger_ui.py for tasks to queue
[2026-05-29T10:44:26.880+0200] {logging_mixin.py:151} INFO - [2026-05-29T10:44:26.880+0200] {dagbag.py:539} INFO - Filling up the DagBag from /home/frederic/airflow_venv/lib/python3.10/site-packages/airflow/example_dags/example_params_trigger_ui.py
[2026-05-29T10:44:26.898+0200] {processor.py:839} INFO - DAG(s) dict_keys(['example_params_trigger_ui']) retrieved from /home/frederic/airflow_venv/lib/python3.10/site-packages/airflow/example_dags/example_params_trigger_ui.py
[2026-05-29T10:44:26.942+0200] {logging_mixin.py:151} INFO - [2026-05-29T10:44:26.942+0200] {dag.py:2915} INFO - Sync 1 DAGs
[2026-05-29T10:44:26.954+0200] {logging_mixin.py:151} INFO - [2026-05-29T10:44:26.954+0200] {dag.py:3696} INFO - Setting next_dagrun for example_params_trigger_ui to None, run_after=None
[2026-05-29T10:44:26.971+0200] {processor.py:179} INFO - Processing /home/frederic/airflow_venv/lib/python3.10/site-packages/airflow/example_dags/example_params_trigger_ui.py took 0.096 seconds
[2026-05-29T10:45:17.240+0200] {processor.py:157} INFO - Started process (PID=719996) to work on /home/frederic/airflow_venv/lib/python3.10/site-packages/airflow/example_dags/example_params_trigger_ui.py
[2026-05-29T10:45:17.241+0200] {processor.py:829} INFO - Processing file /home/frederic/airflow_venv/lib/python3.10/site-packages/airflow/example_dags/example_params_trigger_ui.py for tasks to queue
[2026-05-29T10:45:17.242+0200] {logging_mixin.py:151} INFO - [2026-05-29T10:45:17.242+0200] {dagbag.py:539} INFO - Filling up the DagBag from /home/frederic/airflow_venv/lib/python3.10/site-packages/airflow/example_dags/example_params_trigger_ui.py
[2026-05-29T10:45:17.258+0200] {processor.py:839} INFO - DAG(s) dict_keys(['example_params_trigger_ui']) retrieved from /home/frederic/airflow_venv/lib/python3.10/site-packages/airflow/example_dags/example_params_trigger_ui.py
[2026-05-29T10:45:17.305+0200] {logging_mixin.py:151} INFO - [2026-05-29T10:45:17.305+0200] {dag.py:2915} INFO - Sync 1 DAGs
[2026-05-29T10:45:17.318+0200] {logging_mixin.py:151} INFO - [2026-05-29T10:45:17.318+0200] {dag.py:3696} INFO - Setting next_dagrun for example_params_trigger_ui to None, run_after=None
[2026-05-29T10:45:17.340+0200] {processor.py:179} INFO - Processing /home/frederic/airflow_venv/lib/python3.10/site-packages/airflow/example_dags/example_params_trigger_ui.py took 0.102 seconds
[2026-05-29T10:46:01.478+0200] {processor.py:157} INFO - Started process (PID=720411) to work on /home/frederic/airflow_venv/lib/python3.10/site-packages/airflow/example_dags/example_params_trigger_ui.py
[2026-05-29T10:46:01.479+0200] {processor.py:829} INFO - Processing file /home/frederic/airflow_venv/lib/python3.10/site-packages/airflow/example_dags/example_params_trigger_ui.py for tasks to queue
[2026-05-29T10:46:01.480+0200] {logging_mixin.py:151} INFO - [2026-05-29T10:46:01.479+0200] {dagbag.py:539} INFO - Filling up the DagBag from /home/frederic/airflow_venv/lib/python3.10/site-packages/airflow/example_dags/example_params_trigger_ui.py
[2026-05-29T10:46:01.494+0200] {processor.py:839} INFO - DAG(s) dict_keys(['example_params_trigger_ui']) retrieved from /home/frederic/airflow_venv/lib/python3.10/site-packages/airflow/example_dags/example_params_trigger_ui.py
[2026-05-29T10:46:01.534+0200] {logging_mixin.py:151} INFO - [2026-05-29T10:46:01.534+0200] {dag.py:2915} INFO - Sync 1 DAGs
[2026-05-29T10:46:01.544+0200] {logging_mixin.py:151} INFO - [2026-05-29T10:46:01.543+0200] {dag.py:3696} INFO - Setting next_dagrun for example_params_trigger_ui to None, run_after=None
[2026-05-29T10:46:01.558+0200] {processor.py:179} INFO - Processing /home/frederic/airflow_venv/lib/python3.10/site-packages/airflow/example_dags/example_params_trigger_ui.py took 0.083 seconds
[2026-05-29T10:46:52.209+0200] {processor.py:157} INFO - Started process (PID=721023) to work on /home/frederic/airflow_venv/lib/python3.10/site-packages/airflow/example_dags/example_params_trigger_ui.py
[2026-05-29T10:46:52.210+0200] {processor.py:829} INFO - Processing file /home/frederic/airflow_venv/lib/python3.10/site-packages/airflow/example_dags/example_params_trigger_ui.py for tasks to queue
[2026-05-29T10:46:52.211+0200] {logging_mixin.py:151} INFO - [2026-05-29T10:46:52.210+0200] {dagbag.py:539} INFO - Filling up the DagBag from /home/frederic/airflow_venv/lib/python3.10/site-packages/airflow/example_dags/example_params_trigger_ui.py
[2026-05-29T10:46:52.227+0200] {processor.py:839} INFO - DAG(s) dict_keys(['example_params_trigger_ui']) retrieved from /home/frederic/airflow_venv/lib/python3.10/site-packages/airflow/example_dags/example_params_trigger_ui.py
[2026-05-29T10:46:52.270+0200] {logging_mixin.py:151} INFO - [2026-05-29T10:46:52.270+0200] {dag.py:2915} INFO - Sync 1 DAGs
[2026-05-29T10:46:52.282+0200] {logging_mixin.py:151} INFO - [2026-05-29T10:46:52.281+0200] {dag.py:3696} INFO - Setting next_dagrun for example_params_trigger_ui to None, run_after=None
[2026-05-29T10:46:52.296+0200] {processor.py:179} INFO - Processing /home/frederic/airflow_venv/lib/python3.10/site-packages/airflow/example_dags/example_params_trigger_ui.py took 0.090 seconds
[2026-05-29T10:47:42.516+0200] {processor.py:157} INFO - Started process (PID=722023) to work on /home/frederic/airflow_venv/lib/python3.10/site-packages/airflow/example_dags/example_params_trigger_ui.py
[2026-05-29T10:47:42.517+0200] {processor.py:829} INFO - Processing file /home/frederic/airflow_venv/lib/python3.10/site-packages/airflow/example_dags/example_params_trigger_ui.py for tasks to queue
[2026-05-29T10:47:42.518+0200] {logging_mixin.py:151} INFO - [2026-05-29T10:47:42.518+0200] {dagbag.py:539} INFO - Filling up the DagBag from /home/frederic/airflow_venv/lib/python3.10/site-packages/airflow/example_dags/example_params_trigger_ui.py
[2026-05-29T10:47:42.532+0200] {processor.py:839} INFO - DAG(s) dict_keys(['example_params_trigger_ui']) retrieved from /home/frederic/airflow_venv/lib/python3.10/site-packages/airflow/example_dags/example_params_trigger_ui.py
[2026-05-29T10:47:42.572+0200] {logging_mixin.py:151} INFO - [2026-05-29T10:47:42.572+0200] {dag.py:2915} INFO - Sync 1 DAGs
[2026-05-29T10:47:42.584+0200] {logging_mixin.py:151} INFO - [2026-05-29T10:47:42.583+0200] {dag.py:3696} INFO - Setting next_dagrun for example_params_trigger_ui to None, run_after=None
[2026-05-29T10:47:42.605+0200] {processor.py:179} INFO - Processing /home/frederic/airflow_venv/lib/python3.10/site-packages/airflow/example_dags/example_params_trigger_ui.py took 0.091 seconds
[2026-05-29T10:48:25.925+0200] {processor.py:157} INFO - Started process (PID=722541) to work on /home/frederic/airflow_venv/lib/python3.10/site-packages/airflow/example_dags/example_params_trigger_ui.py
[2026-05-29T10:48:25.926+0200] {processor.py:829} INFO - Processing file /home/frederic/airflow_venv/lib/python3.10/site-packages/airflow/example_dags/example_params_trigger_ui.py for tasks to queue
[2026-05-29T10:48:25.926+0200] {logging_mixin.py:151} INFO - [2026-05-29T10:48:25.926+0200] {dagbag.py:539} INFO - Filling up the DagBag from /home/frederic/airflow_venv/lib/python3.10/site-packages/airflow/example_dags/example_params_trigger_ui.py
[2026-05-29T10:48:25.943+0200] {processor.py:839} INFO - DAG(s) dict_keys(['example_params_trigger_ui']) retrieved from /home/frederic/airflow_venv/lib/python3.10/site-packages/airflow/example_dags/example_params_trigger_ui.py
[2026-05-29T10:48:25.983+0200] {logging_mixin.py:151} INFO - [2026-05-29T10:48:25.983+0200] {dag.py:2915} INFO - Sync 1 DAGs
[2026-05-29T10:48:25.993+0200] {logging_mixin.py:151} INFO - [2026-05-29T10:48:25.993+0200] {dag.py:3696} INFO - Setting next_dagrun for example_params_trigger_ui to None, run_after=None
[2026-05-29T10:48:26.008+0200] {processor.py:179} INFO - Processing /home/frederic/airflow_venv/lib/python3.10/site-packages/airflow/example_dags/example_params_trigger_ui.py took 0.086 seconds
[2026-05-29T10:49:11.431+0200] {processor.py:157} INFO - Started process (PID=723056) to work on /home/frederic/airflow_venv/lib/python3.10/site-packages/airflow/example_dags/example_params_trigger_ui.py
[2026-05-29T10:49:11.432+0200] {processor.py:829} INFO - Processing file /home/frederic/airflow_venv/lib/python3.10/site-packages/airflow/example_dags/example_params_trigger_ui.py for tasks to queue
[2026-05-29T10:49:11.433+0200] {logging_mixin.py:151} INFO - [2026-05-29T10:49:11.433+0200] {dagbag.py:539} INFO - Filling up the DagBag from /home/frederic/airflow_venv/lib/python3.10/site-packages/airflow/example_dags/example_params_trigger_ui.py
[2026-05-29T10:49:11.450+0200] {processor.py:839} INFO - DAG(s) dict_keys(['example_params_trigger_ui']) retrieved from /home/frederic/airflow_venv/lib/python3.10/site-packages/airflow/example_dags/example_params_trigger_ui.py
[2026-05-29T10:49:11.494+0200] {logging_mixin.py:151} INFO - [2026-05-29T10:49:11.494+0200] {dag.py:2915} INFO - Sync 1 DAGs
[2026-05-29T10:49:11.505+0200] {logging_mixin.py:151} INFO - [2026-05-29T10:49:11.505+0200] {dag.py:3696} INFO - Setting next_dagrun for example_params_trigger_ui to None, run_after=None
[2026-05-29T10:49:11.521+0200] {processor.py:179} INFO - Processing /home/frederic/airflow_venv/lib/python3.10/site-packages/airflow/example_dags/example_params_trigger_ui.py took 0.093 seconds
[2026-05-29T10:50:00.339+0200] {processor.py:157} INFO - Started process (PID=723503) to work on /home/frederic/airflow_venv/lib/python3.10/site-packages/airflow/example_dags/example_params_trigger_ui.py
[2026-05-29T10:50:00.340+0200] {processor.py:829} INFO - Processing file /home/frederic/airflow_venv/lib/python3.10/site-packages/airflow/example_dags/example_params_trigger_ui.py for tasks to queue
[2026-05-29T10:50:00.340+0200] {logging_mixin.py:151} INFO - [2026-05-29T10:50:00.340+0200] {dagbag.py:539} INFO - Filling up the DagBag from /home/frederic/airflow_venv/lib/python3.10/site-packages/airflow/example_dags/example_params_trigger_ui.py
[2026-05-29T10:50:00.353+0200] {processor.py:839} INFO - DAG(s) dict_keys(['example_params_trigger_ui']) retrieved from /home/frederic/airflow_venv/lib/python3.10/site-packages/airflow/example_dags/example_params_trigger_ui.py
[2026-05-29T10:50:00.398+0200] {logging_mixin.py:151} INFO - [2026-05-29T10:50:00.397+0200] {dag.py:2915} INFO - Sync 1 DAGs
[2026-05-29T10:50:00.406+0200] {logging_mixin.py:151} INFO - [2026-05-29T10:50:00.406+0200] {dag.py:3696} INFO - Setting next_dagrun for example_params_trigger_ui to None, run_after=None
[2026-05-29T10:50:00.424+0200] {processor.py:179} INFO - Processing /home/frederic/airflow_venv/lib/python3.10/site-packages/airflow/example_dags/example_params_trigger_ui.py took 0.087 seconds
[2026-05-29T10:50:46.466+0200] {processor.py:157} INFO - Started process (PID=723984) to work on /home/frederic/airflow_venv/lib/python3.10/site-packages/airflow/example_dags/example_params_trigger_ui.py
[2026-05-29T10:50:46.467+0200] {processor.py:829} INFO - Processing file /home/frederic/airflow_venv/lib/python3.10/site-packages/airflow/example_dags/example_params_trigger_ui.py for tasks to queue
[2026-05-29T10:50:46.468+0200] {logging_mixin.py:151} INFO - [2026-05-29T10:50:46.468+0200] {dagbag.py:539} INFO - Filling up the DagBag from /home/frederic/airflow_venv/lib/python3.10/site-packages/airflow/example_dags/example_params_trigger_ui.py
[2026-05-29T10:50:46.483+0200] {processor.py:839} INFO - DAG(s) dict_keys(['example_params_trigger_ui']) retrieved from /home/frederic/airflow_venv/lib/python3.10/site-packages/airflow/example_dags/example_params_trigger_ui.py
[2026-05-29T10:50:46.522+0200] {logging_mixin.py:151} INFO - [2026-05-29T10:50:46.522+0200] {dag.py:2915} INFO - Sync 1 DAGs
[2026-05-29T10:50:46.531+0200] {logging_mixin.py:151} INFO - [2026-05-29T10:50:46.531+0200] {dag.py:3696} INFO - Setting next_dagrun for example_params_trigger_ui to None, run_after=None
[2026-05-29T10:50:46.546+0200] {processor.py:179} INFO - Processing /home/frederic/airflow_venv/lib/python3.10/site-packages/airflow/example_dags/example_params_trigger_ui.py took 0.082 seconds
