[2026-05-29T02:00:25.575+0200] {processor.py:157} INFO - Started process (PID=633841) to work on /home/frederic/airflow_venv/lib/python3.10/site-packages/airflow/example_dags/example_sla_dag.py
[2026-05-29T02:00:25.576+0200] {processor.py:829} INFO - Processing file /home/frederic/airflow_venv/lib/python3.10/site-packages/airflow/example_dags/example_sla_dag.py for tasks to queue
[2026-05-29T02:00:25.577+0200] {logging_mixin.py:151} INFO - [2026-05-29T02:00:25.576+0200] {dagbag.py:539} INFO - Filling up the DagBag from /home/frederic/airflow_venv/lib/python3.10/site-packages/airflow/example_dags/example_sla_dag.py
[2026-05-29T02:00:25.585+0200] {processor.py:839} INFO - DAG(s) dict_keys(['example_sla_dag']) retrieved from /home/frederic/airflow_venv/lib/python3.10/site-packages/airflow/example_dags/example_sla_dag.py
[2026-05-29T02:00:25.598+0200] {logging_mixin.py:151} INFO - [2026-05-29T02:00:25.598+0200] {dag.py:2915} INFO - Sync 1 DAGs
[2026-05-29T02:00:25.620+0200] {logging_mixin.py:151} INFO - [2026-05-29T02:00:25.619+0200] {dag.py:3696} INFO - Setting next_dagrun for example_sla_dag to 2026-05-28T23:58:00+00:00, run_after=2026-05-29T00:00:00+00:00
[2026-05-29T02:00:25.642+0200] {processor.py:179} INFO - Processing /home/frederic/airflow_venv/lib/python3.10/site-packages/airflow/example_dags/example_sla_dag.py took 0.070 seconds
[2026-05-29T02:00:37.198+0200] {processor.py:157} INFO - Started process (PID=634253) to work on /home/frederic/airflow_venv/lib/python3.10/site-packages/airflow/example_dags/example_sla_dag.py
[2026-05-29T02:00:37.199+0200] {processor.py:829} INFO - Processing file /home/frederic/airflow_venv/lib/python3.10/site-packages/airflow/example_dags/example_sla_dag.py for tasks to queue
[2026-05-29T02:00:37.201+0200] {logging_mixin.py:151} INFO - [2026-05-29T02:00:37.201+0200] {dagbag.py:539} INFO - Filling up the DagBag from /home/frederic/airflow_venv/lib/python3.10/site-packages/airflow/example_dags/example_sla_dag.py
[2026-05-29T02:00:37.213+0200] {processor.py:839} INFO - DAG(s) dict_keys(['example_sla_dag']) retrieved from /home/frederic/airflow_venv/lib/python3.10/site-packages/airflow/example_dags/example_sla_dag.py
[2026-05-29T02:00:37.235+0200] {logging_mixin.py:151} INFO - [2026-05-29T02:00:37.235+0200] {dag.py:2915} INFO - Sync 1 DAGs
[2026-05-29T02:00:37.268+0200] {logging_mixin.py:151} INFO - [2026-05-29T02:00:37.268+0200] {dag.py:3696} INFO - Setting next_dagrun for example_sla_dag to 2026-05-28T23:58:00+00:00, run_after=2026-05-29T00:00:00+00:00
[2026-05-29T02:00:37.294+0200] {processor.py:179} INFO - Processing /home/frederic/airflow_venv/lib/python3.10/site-packages/airflow/example_dags/example_sla_dag.py took 0.100 seconds
[2026-05-29T02:01:11.959+0200] {processor.py:157} INFO - Started process (PID=635150) to work on /home/frederic/airflow_venv/lib/python3.10/site-packages/airflow/example_dags/example_sla_dag.py
[2026-05-29T02:01:11.960+0200] {processor.py:829} INFO - Processing file /home/frederic/airflow_venv/lib/python3.10/site-packages/airflow/example_dags/example_sla_dag.py for tasks to queue
[2026-05-29T02:01:11.961+0200] {logging_mixin.py:151} INFO - [2026-05-29T02:01:11.960+0200] {dagbag.py:539} INFO - Filling up the DagBag from /home/frederic/airflow_venv/lib/python3.10/site-packages/airflow/example_dags/example_sla_dag.py
[2026-05-29T02:01:11.969+0200] {processor.py:839} INFO - DAG(s) dict_keys(['example_sla_dag']) retrieved from /home/frederic/airflow_venv/lib/python3.10/site-packages/airflow/example_dags/example_sla_dag.py
[2026-05-29T02:01:11.981+0200] {logging_mixin.py:151} INFO - [2026-05-29T02:01:11.981+0200] {dag.py:2915} INFO - Sync 1 DAGs
[2026-05-29T02:01:12.004+0200] {logging_mixin.py:151} INFO - [2026-05-29T02:01:12.004+0200] {dag.py:3696} INFO - Setting next_dagrun for example_sla_dag to 2026-05-28T23:58:00+00:00, run_after=2026-05-29T00:00:00+00:00
[2026-05-29T02:01:12.025+0200] {processor.py:179} INFO - Processing /home/frederic/airflow_venv/lib/python3.10/site-packages/airflow/example_dags/example_sla_dag.py took 0.069 seconds
[2026-05-29T02:01:20.027+0200] {processor.py:157} INFO - Started process (PID=635421) to work on /home/frederic/airflow_venv/lib/python3.10/site-packages/airflow/example_dags/example_sla_dag.py
[2026-05-29T02:01:20.028+0200] {processor.py:829} INFO - Processing file /home/frederic/airflow_venv/lib/python3.10/site-packages/airflow/example_dags/example_sla_dag.py for tasks to queue
[2026-05-29T02:01:20.029+0200] {logging_mixin.py:151} INFO - [2026-05-29T02:01:20.028+0200] {dagbag.py:539} INFO - Filling up the DagBag from /home/frederic/airflow_venv/lib/python3.10/site-packages/airflow/example_dags/example_sla_dag.py
[2026-05-29T02:01:20.037+0200] {processor.py:839} INFO - DAG(s) dict_keys(['example_sla_dag']) retrieved from /home/frederic/airflow_venv/lib/python3.10/site-packages/airflow/example_dags/example_sla_dag.py
[2026-05-29T02:01:20.050+0200] {logging_mixin.py:151} INFO - [2026-05-29T02:01:20.050+0200] {dag.py:2915} INFO - Sync 1 DAGs
[2026-05-29T02:01:20.072+0200] {logging_mixin.py:151} INFO - [2026-05-29T02:01:20.071+0200] {dag.py:3696} INFO - Setting next_dagrun for example_sla_dag to 2026-05-28T23:58:00+00:00, run_after=2026-05-29T00:00:00+00:00
[2026-05-29T02:01:20.092+0200] {processor.py:179} INFO - Processing /home/frederic/airflow_venv/lib/python3.10/site-packages/airflow/example_dags/example_sla_dag.py took 0.068 seconds
[2026-05-29T02:01:55.282+0200] {processor.py:157} INFO - Started process (PID=636362) to work on /home/frederic/airflow_venv/lib/python3.10/site-packages/airflow/example_dags/example_sla_dag.py
[2026-05-29T02:01:55.283+0200] {processor.py:829} INFO - Processing file /home/frederic/airflow_venv/lib/python3.10/site-packages/airflow/example_dags/example_sla_dag.py for tasks to queue
[2026-05-29T02:01:55.284+0200] {logging_mixin.py:151} INFO - [2026-05-29T02:01:55.283+0200] {dagbag.py:539} INFO - Filling up the DagBag from /home/frederic/airflow_venv/lib/python3.10/site-packages/airflow/example_dags/example_sla_dag.py
[2026-05-29T02:01:55.294+0200] {processor.py:839} INFO - DAG(s) dict_keys(['example_sla_dag']) retrieved from /home/frederic/airflow_venv/lib/python3.10/site-packages/airflow/example_dags/example_sla_dag.py
[2026-05-29T02:01:55.311+0200] {logging_mixin.py:151} INFO - [2026-05-29T02:01:55.311+0200] {dag.py:2915} INFO - Sync 1 DAGs
[2026-05-29T02:01:55.338+0200] {logging_mixin.py:151} INFO - [2026-05-29T02:01:55.338+0200] {dag.py:3696} INFO - Setting next_dagrun for example_sla_dag to 2026-05-28T23:58:00+00:00, run_after=2026-05-29T00:00:00+00:00
[2026-05-29T02:01:55.358+0200] {processor.py:179} INFO - Processing /home/frederic/airflow_venv/lib/python3.10/site-packages/airflow/example_dags/example_sla_dag.py took 0.079 seconds
[2026-05-29T02:02:08.981+0200] {processor.py:157} INFO - Started process (PID=636759) to work on /home/frederic/airflow_venv/lib/python3.10/site-packages/airflow/example_dags/example_sla_dag.py
[2026-05-29T02:02:08.981+0200] {processor.py:829} INFO - Processing file /home/frederic/airflow_venv/lib/python3.10/site-packages/airflow/example_dags/example_sla_dag.py for tasks to queue
[2026-05-29T02:02:08.982+0200] {logging_mixin.py:151} INFO - [2026-05-29T02:02:08.982+0200] {dagbag.py:539} INFO - Filling up the DagBag from /home/frederic/airflow_venv/lib/python3.10/site-packages/airflow/example_dags/example_sla_dag.py
[2026-05-29T02:02:08.992+0200] {processor.py:839} INFO - DAG(s) dict_keys(['example_sla_dag']) retrieved from /home/frederic/airflow_venv/lib/python3.10/site-packages/airflow/example_dags/example_sla_dag.py
[2026-05-29T02:02:09.008+0200] {logging_mixin.py:151} INFO - [2026-05-29T02:02:09.007+0200] {dag.py:2915} INFO - Sync 1 DAGs
[2026-05-29T02:02:09.030+0200] {logging_mixin.py:151} INFO - [2026-05-29T02:02:09.030+0200] {dag.py:3696} INFO - Setting next_dagrun for example_sla_dag to 2026-05-29T00:00:00+00:00, run_after=2026-05-29T00:02:00+00:00
[2026-05-29T02:02:09.046+0200] {processor.py:179} INFO - Processing /home/frederic/airflow_venv/lib/python3.10/site-packages/airflow/example_dags/example_sla_dag.py took 0.069 seconds
[2026-05-29T02:02:43.057+0200] {processor.py:157} INFO - Started process (PID=637920) to work on /home/frederic/airflow_venv/lib/python3.10/site-packages/airflow/example_dags/example_sla_dag.py
[2026-05-29T02:02:43.059+0200] {processor.py:829} INFO - Processing file /home/frederic/airflow_venv/lib/python3.10/site-packages/airflow/example_dags/example_sla_dag.py for tasks to queue
[2026-05-29T02:02:43.060+0200] {logging_mixin.py:151} INFO - [2026-05-29T02:02:43.060+0200] {dagbag.py:539} INFO - Filling up the DagBag from /home/frederic/airflow_venv/lib/python3.10/site-packages/airflow/example_dags/example_sla_dag.py
[2026-05-29T02:02:43.068+0200] {processor.py:839} INFO - DAG(s) dict_keys(['example_sla_dag']) retrieved from /home/frederic/airflow_venv/lib/python3.10/site-packages/airflow/example_dags/example_sla_dag.py
[2026-05-29T02:02:43.086+0200] {logging_mixin.py:151} INFO - [2026-05-29T02:02:43.086+0200] {dag.py:2915} INFO - Sync 1 DAGs
[2026-05-29T02:02:43.110+0200] {logging_mixin.py:151} INFO - [2026-05-29T02:02:43.110+0200] {dag.py:3696} INFO - Setting next_dagrun for example_sla_dag to 2026-05-29T00:00:00+00:00, run_after=2026-05-29T00:02:00+00:00
[2026-05-29T02:02:43.138+0200] {processor.py:179} INFO - Processing /home/frederic/airflow_venv/lib/python3.10/site-packages/airflow/example_dags/example_sla_dag.py took 0.083 seconds
[2026-05-29T02:02:58.639+0200] {processor.py:157} INFO - Started process (PID=638291) to work on /home/frederic/airflow_venv/lib/python3.10/site-packages/airflow/example_dags/example_sla_dag.py
[2026-05-29T02:02:58.641+0200] {processor.py:829} INFO - Processing file /home/frederic/airflow_venv/lib/python3.10/site-packages/airflow/example_dags/example_sla_dag.py for tasks to queue
[2026-05-29T02:02:58.641+0200] {logging_mixin.py:151} INFO - [2026-05-29T02:02:58.641+0200] {dagbag.py:539} INFO - Filling up the DagBag from /home/frederic/airflow_venv/lib/python3.10/site-packages/airflow/example_dags/example_sla_dag.py
[2026-05-29T02:02:58.651+0200] {processor.py:839} INFO - DAG(s) dict_keys(['example_sla_dag']) retrieved from /home/frederic/airflow_venv/lib/python3.10/site-packages/airflow/example_dags/example_sla_dag.py
[2026-05-29T02:02:58.669+0200] {logging_mixin.py:151} INFO - [2026-05-29T02:02:58.668+0200] {dag.py:2915} INFO - Sync 1 DAGs
[2026-05-29T02:02:58.700+0200] {logging_mixin.py:151} INFO - [2026-05-29T02:02:58.700+0200] {dag.py:3696} INFO - Setting next_dagrun for example_sla_dag to 2026-05-29T00:00:00+00:00, run_after=2026-05-29T00:02:00+00:00
[2026-05-29T02:02:58.721+0200] {processor.py:179} INFO - Processing /home/frederic/airflow_venv/lib/python3.10/site-packages/airflow/example_dags/example_sla_dag.py took 0.084 seconds
[2026-05-29T02:03:30.767+0200] {processor.py:157} INFO - Started process (PID=639322) to work on /home/frederic/airflow_venv/lib/python3.10/site-packages/airflow/example_dags/example_sla_dag.py
[2026-05-29T02:03:30.769+0200] {processor.py:829} INFO - Processing file /home/frederic/airflow_venv/lib/python3.10/site-packages/airflow/example_dags/example_sla_dag.py for tasks to queue
[2026-05-29T02:03:30.769+0200] {logging_mixin.py:151} INFO - [2026-05-29T02:03:30.769+0200] {dagbag.py:539} INFO - Filling up the DagBag from /home/frederic/airflow_venv/lib/python3.10/site-packages/airflow/example_dags/example_sla_dag.py
[2026-05-29T02:03:30.777+0200] {processor.py:839} INFO - DAG(s) dict_keys(['example_sla_dag']) retrieved from /home/frederic/airflow_venv/lib/python3.10/site-packages/airflow/example_dags/example_sla_dag.py
[2026-05-29T02:03:30.792+0200] {logging_mixin.py:151} INFO - [2026-05-29T02:03:30.792+0200] {dag.py:2915} INFO - Sync 1 DAGs
[2026-05-29T02:03:30.816+0200] {logging_mixin.py:151} INFO - [2026-05-29T02:03:30.816+0200] {dag.py:3696} INFO - Setting next_dagrun for example_sla_dag to 2026-05-29T00:00:00+00:00, run_after=2026-05-29T00:02:00+00:00
[2026-05-29T02:03:30.833+0200] {processor.py:179} INFO - Processing /home/frederic/airflow_venv/lib/python3.10/site-packages/airflow/example_dags/example_sla_dag.py took 0.070 seconds
[2026-05-29T02:03:48.478+0200] {processor.py:157} INFO - Started process (PID=639811) to work on /home/frederic/airflow_venv/lib/python3.10/site-packages/airflow/example_dags/example_sla_dag.py
[2026-05-29T02:03:48.480+0200] {processor.py:829} INFO - Processing file /home/frederic/airflow_venv/lib/python3.10/site-packages/airflow/example_dags/example_sla_dag.py for tasks to queue
[2026-05-29T02:03:48.481+0200] {logging_mixin.py:151} INFO - [2026-05-29T02:03:48.480+0200] {dagbag.py:539} INFO - Filling up the DagBag from /home/frederic/airflow_venv/lib/python3.10/site-packages/airflow/example_dags/example_sla_dag.py
[2026-05-29T02:03:48.489+0200] {processor.py:839} INFO - DAG(s) dict_keys(['example_sla_dag']) retrieved from /home/frederic/airflow_venv/lib/python3.10/site-packages/airflow/example_dags/example_sla_dag.py
[2026-05-29T02:03:48.506+0200] {logging_mixin.py:151} INFO - [2026-05-29T02:03:48.506+0200] {dag.py:2915} INFO - Sync 1 DAGs
[2026-05-29T02:03:48.534+0200] {logging_mixin.py:151} INFO - [2026-05-29T02:03:48.534+0200] {dag.py:3696} INFO - Setting next_dagrun for example_sla_dag to 2026-05-29T00:00:00+00:00, run_after=2026-05-29T00:02:00+00:00
[2026-05-29T02:03:48.561+0200] {processor.py:179} INFO - Processing /home/frederic/airflow_venv/lib/python3.10/site-packages/airflow/example_dags/example_sla_dag.py took 0.087 seconds
[2026-05-29T09:58:14.096+0200] {processor.py:157} INFO - Started process (PID=681706) to work on /home/frederic/airflow_venv/lib/python3.10/site-packages/airflow/example_dags/example_sla_dag.py
[2026-05-29T09:58:14.097+0200] {processor.py:829} INFO - Processing file /home/frederic/airflow_venv/lib/python3.10/site-packages/airflow/example_dags/example_sla_dag.py for tasks to queue
[2026-05-29T09:58:14.098+0200] {logging_mixin.py:151} INFO - [2026-05-29T09:58:14.098+0200] {dagbag.py:539} INFO - Filling up the DagBag from /home/frederic/airflow_venv/lib/python3.10/site-packages/airflow/example_dags/example_sla_dag.py
[2026-05-29T09:58:14.106+0200] {processor.py:839} INFO - DAG(s) dict_keys(['example_sla_dag']) retrieved from /home/frederic/airflow_venv/lib/python3.10/site-packages/airflow/example_dags/example_sla_dag.py
[2026-05-29T09:58:14.113+0200] {logging_mixin.py:151} INFO - [2026-05-29T09:58:14.113+0200] {dag.py:2915} INFO - Sync 1 DAGs
[2026-05-29T09:58:14.138+0200] {logging_mixin.py:151} INFO - [2026-05-29T09:58:14.138+0200] {dag.py:3696} INFO - Setting next_dagrun for example_sla_dag to 2026-05-29T07:56:00+00:00, run_after=2026-05-29T07:58:00+00:00
[2026-05-29T09:58:14.155+0200] {processor.py:179} INFO - Processing /home/frederic/airflow_venv/lib/python3.10/site-packages/airflow/example_dags/example_sla_dag.py took 0.062 seconds
[2026-05-29T09:59:03.838+0200] {processor.py:157} INFO - Started process (PID=682729) to work on /home/frederic/airflow_venv/lib/python3.10/site-packages/airflow/example_dags/example_sla_dag.py
[2026-05-29T09:59:03.839+0200] {processor.py:829} INFO - Processing file /home/frederic/airflow_venv/lib/python3.10/site-packages/airflow/example_dags/example_sla_dag.py for tasks to queue
[2026-05-29T09:59:03.839+0200] {logging_mixin.py:151} INFO - [2026-05-29T09:59:03.839+0200] {dagbag.py:539} INFO - Filling up the DagBag from /home/frederic/airflow_venv/lib/python3.10/site-packages/airflow/example_dags/example_sla_dag.py
[2026-05-29T09:59:03.848+0200] {processor.py:839} INFO - DAG(s) dict_keys(['example_sla_dag']) retrieved from /home/frederic/airflow_venv/lib/python3.10/site-packages/airflow/example_dags/example_sla_dag.py
[2026-05-29T09:59:03.861+0200] {logging_mixin.py:151} INFO - [2026-05-29T09:59:03.861+0200] {dag.py:2915} INFO - Sync 1 DAGs
[2026-05-29T09:59:03.885+0200] {logging_mixin.py:151} INFO - [2026-05-29T09:59:03.885+0200] {dag.py:3696} INFO - Setting next_dagrun for example_sla_dag to 2026-05-29T07:56:00+00:00, run_after=2026-05-29T07:58:00+00:00
[2026-05-29T09:59:03.902+0200] {processor.py:179} INFO - Processing /home/frederic/airflow_venv/lib/python3.10/site-packages/airflow/example_dags/example_sla_dag.py took 0.067 seconds
[2026-05-29T09:59:50.344+0200] {processor.py:157} INFO - Started process (PID=683856) to work on /home/frederic/airflow_venv/lib/python3.10/site-packages/airflow/example_dags/example_sla_dag.py
[2026-05-29T09:59:50.346+0200] {processor.py:829} INFO - Processing file /home/frederic/airflow_venv/lib/python3.10/site-packages/airflow/example_dags/example_sla_dag.py for tasks to queue
[2026-05-29T09:59:50.347+0200] {logging_mixin.py:151} INFO - [2026-05-29T09:59:50.346+0200] {dagbag.py:539} INFO - Filling up the DagBag from /home/frederic/airflow_venv/lib/python3.10/site-packages/airflow/example_dags/example_sla_dag.py
[2026-05-29T09:59:50.354+0200] {processor.py:839} INFO - DAG(s) dict_keys(['example_sla_dag']) retrieved from /home/frederic/airflow_venv/lib/python3.10/site-packages/airflow/example_dags/example_sla_dag.py
[2026-05-29T09:59:50.368+0200] {logging_mixin.py:151} INFO - [2026-05-29T09:59:50.368+0200] {dag.py:2915} INFO - Sync 1 DAGs
[2026-05-29T09:59:50.393+0200] {logging_mixin.py:151} INFO - [2026-05-29T09:59:50.393+0200] {dag.py:3696} INFO - Setting next_dagrun for example_sla_dag to 2026-05-29T07:56:00+00:00, run_after=2026-05-29T07:58:00+00:00
[2026-05-29T09:59:50.411+0200] {processor.py:179} INFO - Processing /home/frederic/airflow_venv/lib/python3.10/site-packages/airflow/example_dags/example_sla_dag.py took 0.070 seconds
[2026-05-29T10:00:31.032+0200] {processor.py:157} INFO - Started process (PID=684445) to work on /home/frederic/airflow_venv/lib/python3.10/site-packages/airflow/example_dags/example_sla_dag.py
[2026-05-29T10:00:31.033+0200] {processor.py:829} INFO - Processing file /home/frederic/airflow_venv/lib/python3.10/site-packages/airflow/example_dags/example_sla_dag.py for tasks to queue
[2026-05-29T10:00:31.034+0200] {logging_mixin.py:151} INFO - [2026-05-29T10:00:31.034+0200] {dagbag.py:539} INFO - Filling up the DagBag from /home/frederic/airflow_venv/lib/python3.10/site-packages/airflow/example_dags/example_sla_dag.py
[2026-05-29T10:00:31.043+0200] {processor.py:839} INFO - DAG(s) dict_keys(['example_sla_dag']) retrieved from /home/frederic/airflow_venv/lib/python3.10/site-packages/airflow/example_dags/example_sla_dag.py
[2026-05-29T10:00:31.059+0200] {logging_mixin.py:151} INFO - [2026-05-29T10:00:31.059+0200] {dag.py:2915} INFO - Sync 1 DAGs
[2026-05-29T10:00:31.085+0200] {logging_mixin.py:151} INFO - [2026-05-29T10:00:31.084+0200] {dag.py:3696} INFO - Setting next_dagrun for example_sla_dag to 2026-05-29T07:58:00+00:00, run_after=2026-05-29T08:00:00+00:00
[2026-05-29T10:00:31.105+0200] {processor.py:179} INFO - Processing /home/frederic/airflow_venv/lib/python3.10/site-packages/airflow/example_dags/example_sla_dag.py took 0.075 seconds
[2026-05-29T10:01:20.403+0200] {processor.py:157} INFO - Started process (PID=685381) to work on /home/frederic/airflow_venv/lib/python3.10/site-packages/airflow/example_dags/example_sla_dag.py
[2026-05-29T10:01:20.404+0200] {processor.py:829} INFO - Processing file /home/frederic/airflow_venv/lib/python3.10/site-packages/airflow/example_dags/example_sla_dag.py for tasks to queue
[2026-05-29T10:01:20.405+0200] {logging_mixin.py:151} INFO - [2026-05-29T10:01:20.404+0200] {dagbag.py:539} INFO - Filling up the DagBag from /home/frederic/airflow_venv/lib/python3.10/site-packages/airflow/example_dags/example_sla_dag.py
[2026-05-29T10:01:20.413+0200] {processor.py:839} INFO - DAG(s) dict_keys(['example_sla_dag']) retrieved from /home/frederic/airflow_venv/lib/python3.10/site-packages/airflow/example_dags/example_sla_dag.py
[2026-05-29T10:01:20.430+0200] {logging_mixin.py:151} INFO - [2026-05-29T10:01:20.430+0200] {dag.py:2915} INFO - Sync 1 DAGs
[2026-05-29T10:01:20.455+0200] {logging_mixin.py:151} INFO - [2026-05-29T10:01:20.454+0200] {dag.py:3696} INFO - Setting next_dagrun for example_sla_dag to 2026-05-29T07:58:00+00:00, run_after=2026-05-29T08:00:00+00:00
[2026-05-29T10:01:20.474+0200] {processor.py:179} INFO - Processing /home/frederic/airflow_venv/lib/python3.10/site-packages/airflow/example_dags/example_sla_dag.py took 0.074 seconds
[2026-05-29T10:02:08.860+0200] {processor.py:157} INFO - Started process (PID=685990) to work on /home/frederic/airflow_venv/lib/python3.10/site-packages/airflow/example_dags/example_sla_dag.py
[2026-05-29T10:02:08.861+0200] {processor.py:829} INFO - Processing file /home/frederic/airflow_venv/lib/python3.10/site-packages/airflow/example_dags/example_sla_dag.py for tasks to queue
[2026-05-29T10:02:08.862+0200] {logging_mixin.py:151} INFO - [2026-05-29T10:02:08.862+0200] {dagbag.py:539} INFO - Filling up the DagBag from /home/frederic/airflow_venv/lib/python3.10/site-packages/airflow/example_dags/example_sla_dag.py
[2026-05-29T10:02:08.870+0200] {processor.py:839} INFO - DAG(s) dict_keys(['example_sla_dag']) retrieved from /home/frederic/airflow_venv/lib/python3.10/site-packages/airflow/example_dags/example_sla_dag.py
[2026-05-29T10:02:08.884+0200] {logging_mixin.py:151} INFO - [2026-05-29T10:02:08.884+0200] {dag.py:2915} INFO - Sync 1 DAGs
[2026-05-29T10:02:08.906+0200] {logging_mixin.py:151} INFO - [2026-05-29T10:02:08.906+0200] {dag.py:3696} INFO - Setting next_dagrun for example_sla_dag to 2026-05-29T08:00:00+00:00, run_after=2026-05-29T08:02:00+00:00
[2026-05-29T10:02:08.923+0200] {processor.py:179} INFO - Processing /home/frederic/airflow_venv/lib/python3.10/site-packages/airflow/example_dags/example_sla_dag.py took 0.065 seconds
[2026-05-29T10:02:53.899+0200] {processor.py:157} INFO - Started process (PID=686394) to work on /home/frederic/airflow_venv/lib/python3.10/site-packages/airflow/example_dags/example_sla_dag.py
[2026-05-29T10:02:53.903+0200] {processor.py:829} INFO - Processing file /home/frederic/airflow_venv/lib/python3.10/site-packages/airflow/example_dags/example_sla_dag.py for tasks to queue
[2026-05-29T10:02:53.904+0200] {logging_mixin.py:151} INFO - [2026-05-29T10:02:53.904+0200] {dagbag.py:539} INFO - Filling up the DagBag from /home/frederic/airflow_venv/lib/python3.10/site-packages/airflow/example_dags/example_sla_dag.py
[2026-05-29T10:02:53.912+0200] {processor.py:839} INFO - DAG(s) dict_keys(['example_sla_dag']) retrieved from /home/frederic/airflow_venv/lib/python3.10/site-packages/airflow/example_dags/example_sla_dag.py
[2026-05-29T10:02:53.925+0200] {logging_mixin.py:151} INFO - [2026-05-29T10:02:53.924+0200] {dag.py:2915} INFO - Sync 1 DAGs
[2026-05-29T10:02:53.946+0200] {logging_mixin.py:151} INFO - [2026-05-29T10:02:53.946+0200] {dag.py:3696} INFO - Setting next_dagrun for example_sla_dag to 2026-05-29T08:00:00+00:00, run_after=2026-05-29T08:02:00+00:00
[2026-05-29T10:02:53.963+0200] {processor.py:179} INFO - Processing /home/frederic/airflow_venv/lib/python3.10/site-packages/airflow/example_dags/example_sla_dag.py took 0.066 seconds
[2026-05-29T10:03:41.905+0200] {processor.py:157} INFO - Started process (PID=687163) to work on /home/frederic/airflow_venv/lib/python3.10/site-packages/airflow/example_dags/example_sla_dag.py
[2026-05-29T10:03:41.906+0200] {processor.py:829} INFO - Processing file /home/frederic/airflow_venv/lib/python3.10/site-packages/airflow/example_dags/example_sla_dag.py for tasks to queue
[2026-05-29T10:03:41.907+0200] {logging_mixin.py:151} INFO - [2026-05-29T10:03:41.906+0200] {dagbag.py:539} INFO - Filling up the DagBag from /home/frederic/airflow_venv/lib/python3.10/site-packages/airflow/example_dags/example_sla_dag.py
[2026-05-29T10:03:41.914+0200] {processor.py:839} INFO - DAG(s) dict_keys(['example_sla_dag']) retrieved from /home/frederic/airflow_venv/lib/python3.10/site-packages/airflow/example_dags/example_sla_dag.py
[2026-05-29T10:03:41.928+0200] {logging_mixin.py:151} INFO - [2026-05-29T10:03:41.928+0200] {dag.py:2915} INFO - Sync 1 DAGs
[2026-05-29T10:03:41.950+0200] {logging_mixin.py:151} INFO - [2026-05-29T10:03:41.950+0200] {dag.py:3696} INFO - Setting next_dagrun for example_sla_dag to 2026-05-29T08:00:00+00:00, run_after=2026-05-29T08:02:00+00:00
[2026-05-29T10:03:41.971+0200] {processor.py:179} INFO - Processing /home/frederic/airflow_venv/lib/python3.10/site-packages/airflow/example_dags/example_sla_dag.py took 0.070 seconds
[2026-05-29T10:04:29.357+0200] {processor.py:157} INFO - Started process (PID=688187) to work on /home/frederic/airflow_venv/lib/python3.10/site-packages/airflow/example_dags/example_sla_dag.py
[2026-05-29T10:04:29.358+0200] {processor.py:829} INFO - Processing file /home/frederic/airflow_venv/lib/python3.10/site-packages/airflow/example_dags/example_sla_dag.py for tasks to queue
[2026-05-29T10:04:29.359+0200] {logging_mixin.py:151} INFO - [2026-05-29T10:04:29.359+0200] {dagbag.py:539} INFO - Filling up the DagBag from /home/frederic/airflow_venv/lib/python3.10/site-packages/airflow/example_dags/example_sla_dag.py
[2026-05-29T10:04:29.368+0200] {processor.py:839} INFO - DAG(s) dict_keys(['example_sla_dag']) retrieved from /home/frederic/airflow_venv/lib/python3.10/site-packages/airflow/example_dags/example_sla_dag.py
[2026-05-29T10:04:29.383+0200] {logging_mixin.py:151} INFO - [2026-05-29T10:04:29.383+0200] {dag.py:2915} INFO - Sync 1 DAGs
[2026-05-29T10:04:29.406+0200] {logging_mixin.py:151} INFO - [2026-05-29T10:04:29.406+0200] {dag.py:3696} INFO - Setting next_dagrun for example_sla_dag to 2026-05-29T08:02:00+00:00, run_after=2026-05-29T08:04:00+00:00
[2026-05-29T10:04:29.425+0200] {processor.py:179} INFO - Processing /home/frederic/airflow_venv/lib/python3.10/site-packages/airflow/example_dags/example_sla_dag.py took 0.070 seconds
[2026-05-29T10:05:16.886+0200] {processor.py:157} INFO - Started process (PID=689261) to work on /home/frederic/airflow_venv/lib/python3.10/site-packages/airflow/example_dags/example_sla_dag.py
[2026-05-29T10:05:16.888+0200] {processor.py:829} INFO - Processing file /home/frederic/airflow_venv/lib/python3.10/site-packages/airflow/example_dags/example_sla_dag.py for tasks to queue
[2026-05-29T10:05:16.889+0200] {logging_mixin.py:151} INFO - [2026-05-29T10:05:16.888+0200] {dagbag.py:539} INFO - Filling up the DagBag from /home/frederic/airflow_venv/lib/python3.10/site-packages/airflow/example_dags/example_sla_dag.py
[2026-05-29T10:05:16.897+0200] {processor.py:839} INFO - DAG(s) dict_keys(['example_sla_dag']) retrieved from /home/frederic/airflow_venv/lib/python3.10/site-packages/airflow/example_dags/example_sla_dag.py
[2026-05-29T10:05:16.913+0200] {logging_mixin.py:151} INFO - [2026-05-29T10:05:16.913+0200] {dag.py:2915} INFO - Sync 1 DAGs
[2026-05-29T10:05:16.939+0200] {logging_mixin.py:151} INFO - [2026-05-29T10:05:16.939+0200] {dag.py:3696} INFO - Setting next_dagrun for example_sla_dag to 2026-05-29T08:02:00+00:00, run_after=2026-05-29T08:04:00+00:00
[2026-05-29T10:05:16.961+0200] {processor.py:179} INFO - Processing /home/frederic/airflow_venv/lib/python3.10/site-packages/airflow/example_dags/example_sla_dag.py took 0.077 seconds
[2026-05-29T10:06:04.253+0200] {processor.py:157} INFO - Started process (PID=689978) to work on /home/frederic/airflow_venv/lib/python3.10/site-packages/airflow/example_dags/example_sla_dag.py
[2026-05-29T10:06:04.254+0200] {processor.py:829} INFO - Processing file /home/frederic/airflow_venv/lib/python3.10/site-packages/airflow/example_dags/example_sla_dag.py for tasks to queue
[2026-05-29T10:06:04.255+0200] {logging_mixin.py:151} INFO - [2026-05-29T10:06:04.254+0200] {dagbag.py:539} INFO - Filling up the DagBag from /home/frederic/airflow_venv/lib/python3.10/site-packages/airflow/example_dags/example_sla_dag.py
[2026-05-29T10:06:04.263+0200] {processor.py:839} INFO - DAG(s) dict_keys(['example_sla_dag']) retrieved from /home/frederic/airflow_venv/lib/python3.10/site-packages/airflow/example_dags/example_sla_dag.py
[2026-05-29T10:06:04.278+0200] {logging_mixin.py:151} INFO - [2026-05-29T10:06:04.278+0200] {dag.py:2915} INFO - Sync 1 DAGs
[2026-05-29T10:06:04.303+0200] {logging_mixin.py:151} INFO - [2026-05-29T10:06:04.302+0200] {dag.py:3696} INFO - Setting next_dagrun for example_sla_dag to 2026-05-29T08:04:00+00:00, run_after=2026-05-29T08:06:00+00:00
[2026-05-29T10:06:04.324+0200] {processor.py:179} INFO - Processing /home/frederic/airflow_venv/lib/python3.10/site-packages/airflow/example_dags/example_sla_dag.py took 0.074 seconds
[2026-05-29T10:06:57.014+0200] {processor.py:157} INFO - Started process (PID=690675) to work on /home/frederic/airflow_venv/lib/python3.10/site-packages/airflow/example_dags/example_sla_dag.py
[2026-05-29T10:06:57.015+0200] {processor.py:829} INFO - Processing file /home/frederic/airflow_venv/lib/python3.10/site-packages/airflow/example_dags/example_sla_dag.py for tasks to queue
[2026-05-29T10:06:57.016+0200] {logging_mixin.py:151} INFO - [2026-05-29T10:06:57.016+0200] {dagbag.py:539} INFO - Filling up the DagBag from /home/frederic/airflow_venv/lib/python3.10/site-packages/airflow/example_dags/example_sla_dag.py
[2026-05-29T10:06:57.025+0200] {processor.py:839} INFO - DAG(s) dict_keys(['example_sla_dag']) retrieved from /home/frederic/airflow_venv/lib/python3.10/site-packages/airflow/example_dags/example_sla_dag.py
[2026-05-29T10:06:57.039+0200] {logging_mixin.py:151} INFO - [2026-05-29T10:06:57.039+0200] {dag.py:2915} INFO - Sync 1 DAGs
[2026-05-29T10:06:57.059+0200] {logging_mixin.py:151} INFO - [2026-05-29T10:06:57.059+0200] {dag.py:3696} INFO - Setting next_dagrun for example_sla_dag to 2026-05-29T08:04:00+00:00, run_after=2026-05-29T08:06:00+00:00
[2026-05-29T10:06:57.075+0200] {processor.py:179} INFO - Processing /home/frederic/airflow_venv/lib/python3.10/site-packages/airflow/example_dags/example_sla_dag.py took 0.064 seconds
[2026-05-29T10:07:50.263+0200] {processor.py:157} INFO - Started process (PID=691296) to work on /home/frederic/airflow_venv/lib/python3.10/site-packages/airflow/example_dags/example_sla_dag.py
[2026-05-29T10:07:50.264+0200] {processor.py:829} INFO - Processing file /home/frederic/airflow_venv/lib/python3.10/site-packages/airflow/example_dags/example_sla_dag.py for tasks to queue
[2026-05-29T10:07:50.265+0200] {logging_mixin.py:151} INFO - [2026-05-29T10:07:50.264+0200] {dagbag.py:539} INFO - Filling up the DagBag from /home/frederic/airflow_venv/lib/python3.10/site-packages/airflow/example_dags/example_sla_dag.py
[2026-05-29T10:07:50.274+0200] {processor.py:839} INFO - DAG(s) dict_keys(['example_sla_dag']) retrieved from /home/frederic/airflow_venv/lib/python3.10/site-packages/airflow/example_dags/example_sla_dag.py
[2026-05-29T10:07:50.286+0200] {logging_mixin.py:151} INFO - [2026-05-29T10:07:50.286+0200] {dag.py:2915} INFO - Sync 1 DAGs
[2026-05-29T10:07:50.310+0200] {logging_mixin.py:151} INFO - [2026-05-29T10:07:50.310+0200] {dag.py:3696} INFO - Setting next_dagrun for example_sla_dag to 2026-05-29T08:04:00+00:00, run_after=2026-05-29T08:06:00+00:00
[2026-05-29T10:07:50.328+0200] {processor.py:179} INFO - Processing /home/frederic/airflow_venv/lib/python3.10/site-packages/airflow/example_dags/example_sla_dag.py took 0.067 seconds
[2026-05-29T10:08:35.412+0200] {processor.py:157} INFO - Started process (PID=691828) to work on /home/frederic/airflow_venv/lib/python3.10/site-packages/airflow/example_dags/example_sla_dag.py
[2026-05-29T10:08:35.415+0200] {processor.py:829} INFO - Processing file /home/frederic/airflow_venv/lib/python3.10/site-packages/airflow/example_dags/example_sla_dag.py for tasks to queue
[2026-05-29T10:08:35.416+0200] {logging_mixin.py:151} INFO - [2026-05-29T10:08:35.415+0200] {dagbag.py:539} INFO - Filling up the DagBag from /home/frederic/airflow_venv/lib/python3.10/site-packages/airflow/example_dags/example_sla_dag.py
[2026-05-29T10:08:35.426+0200] {processor.py:839} INFO - DAG(s) dict_keys(['example_sla_dag']) retrieved from /home/frederic/airflow_venv/lib/python3.10/site-packages/airflow/example_dags/example_sla_dag.py
[2026-05-29T10:08:35.442+0200] {logging_mixin.py:151} INFO - [2026-05-29T10:08:35.441+0200] {dag.py:2915} INFO - Sync 1 DAGs
[2026-05-29T10:08:35.465+0200] {logging_mixin.py:151} INFO - [2026-05-29T10:08:35.465+0200] {dag.py:3696} INFO - Setting next_dagrun for example_sla_dag to 2026-05-29T08:06:00+00:00, run_after=2026-05-29T08:08:00+00:00
[2026-05-29T10:08:35.484+0200] {processor.py:179} INFO - Processing /home/frederic/airflow_venv/lib/python3.10/site-packages/airflow/example_dags/example_sla_dag.py took 0.075 seconds
[2026-05-29T10:09:21.642+0200] {processor.py:157} INFO - Started process (PID=692428) to work on /home/frederic/airflow_venv/lib/python3.10/site-packages/airflow/example_dags/example_sla_dag.py
[2026-05-29T10:09:21.645+0200] {processor.py:829} INFO - Processing file /home/frederic/airflow_venv/lib/python3.10/site-packages/airflow/example_dags/example_sla_dag.py for tasks to queue
[2026-05-29T10:09:21.646+0200] {logging_mixin.py:151} INFO - [2026-05-29T10:09:21.645+0200] {dagbag.py:539} INFO - Filling up the DagBag from /home/frederic/airflow_venv/lib/python3.10/site-packages/airflow/example_dags/example_sla_dag.py
[2026-05-29T10:09:21.654+0200] {processor.py:839} INFO - DAG(s) dict_keys(['example_sla_dag']) retrieved from /home/frederic/airflow_venv/lib/python3.10/site-packages/airflow/example_dags/example_sla_dag.py
[2026-05-29T10:09:21.668+0200] {logging_mixin.py:151} INFO - [2026-05-29T10:09:21.668+0200] {dag.py:2915} INFO - Sync 1 DAGs
[2026-05-29T10:09:21.692+0200] {logging_mixin.py:151} INFO - [2026-05-29T10:09:21.692+0200] {dag.py:3696} INFO - Setting next_dagrun for example_sla_dag to 2026-05-29T08:06:00+00:00, run_after=2026-05-29T08:08:00+00:00
[2026-05-29T10:09:21.708+0200] {processor.py:179} INFO - Processing /home/frederic/airflow_venv/lib/python3.10/site-packages/airflow/example_dags/example_sla_dag.py took 0.069 seconds
[2026-05-29T10:10:12.887+0200] {processor.py:157} INFO - Started process (PID=692991) to work on /home/frederic/airflow_venv/lib/python3.10/site-packages/airflow/example_dags/example_sla_dag.py
[2026-05-29T10:10:12.888+0200] {processor.py:829} INFO - Processing file /home/frederic/airflow_venv/lib/python3.10/site-packages/airflow/example_dags/example_sla_dag.py for tasks to queue
[2026-05-29T10:10:12.889+0200] {logging_mixin.py:151} INFO - [2026-05-29T10:10:12.889+0200] {dagbag.py:539} INFO - Filling up the DagBag from /home/frederic/airflow_venv/lib/python3.10/site-packages/airflow/example_dags/example_sla_dag.py
[2026-05-29T10:10:12.897+0200] {processor.py:839} INFO - DAG(s) dict_keys(['example_sla_dag']) retrieved from /home/frederic/airflow_venv/lib/python3.10/site-packages/airflow/example_dags/example_sla_dag.py
[2026-05-29T10:10:12.911+0200] {logging_mixin.py:151} INFO - [2026-05-29T10:10:12.910+0200] {dag.py:2915} INFO - Sync 1 DAGs
[2026-05-29T10:10:12.933+0200] {logging_mixin.py:151} INFO - [2026-05-29T10:10:12.932+0200] {dag.py:3696} INFO - Setting next_dagrun for example_sla_dag to 2026-05-29T08:08:00+00:00, run_after=2026-05-29T08:10:00+00:00
[2026-05-29T10:10:12.949+0200] {processor.py:179} INFO - Processing /home/frederic/airflow_venv/lib/python3.10/site-packages/airflow/example_dags/example_sla_dag.py took 0.065 seconds
[2026-05-29T10:11:00.315+0200] {processor.py:157} INFO - Started process (PID=694047) to work on /home/frederic/airflow_venv/lib/python3.10/site-packages/airflow/example_dags/example_sla_dag.py
[2026-05-29T10:11:00.316+0200] {processor.py:829} INFO - Processing file /home/frederic/airflow_venv/lib/python3.10/site-packages/airflow/example_dags/example_sla_dag.py for tasks to queue
[2026-05-29T10:11:00.317+0200] {logging_mixin.py:151} INFO - [2026-05-29T10:11:00.317+0200] {dagbag.py:539} INFO - Filling up the DagBag from /home/frederic/airflow_venv/lib/python3.10/site-packages/airflow/example_dags/example_sla_dag.py
[2026-05-29T10:11:00.328+0200] {processor.py:839} INFO - DAG(s) dict_keys(['example_sla_dag']) retrieved from /home/frederic/airflow_venv/lib/python3.10/site-packages/airflow/example_dags/example_sla_dag.py
[2026-05-29T10:11:00.344+0200] {logging_mixin.py:151} INFO - [2026-05-29T10:11:00.344+0200] {dag.py:2915} INFO - Sync 1 DAGs
[2026-05-29T10:11:00.367+0200] {logging_mixin.py:151} INFO - [2026-05-29T10:11:00.366+0200] {dag.py:3696} INFO - Setting next_dagrun for example_sla_dag to 2026-05-29T08:08:00+00:00, run_after=2026-05-29T08:10:00+00:00
[2026-05-29T10:11:00.384+0200] {processor.py:179} INFO - Processing /home/frederic/airflow_venv/lib/python3.10/site-packages/airflow/example_dags/example_sla_dag.py took 0.074 seconds
[2026-05-29T10:11:49.817+0200] {processor.py:157} INFO - Started process (PID=694992) to work on /home/frederic/airflow_venv/lib/python3.10/site-packages/airflow/example_dags/example_sla_dag.py
[2026-05-29T10:11:49.818+0200] {processor.py:829} INFO - Processing file /home/frederic/airflow_venv/lib/python3.10/site-packages/airflow/example_dags/example_sla_dag.py for tasks to queue
[2026-05-29T10:11:49.819+0200] {logging_mixin.py:151} INFO - [2026-05-29T10:11:49.819+0200] {dagbag.py:539} INFO - Filling up the DagBag from /home/frederic/airflow_venv/lib/python3.10/site-packages/airflow/example_dags/example_sla_dag.py
[2026-05-29T10:11:49.825+0200] {processor.py:839} INFO - DAG(s) dict_keys(['example_sla_dag']) retrieved from /home/frederic/airflow_venv/lib/python3.10/site-packages/airflow/example_dags/example_sla_dag.py
[2026-05-29T10:11:49.837+0200] {logging_mixin.py:151} INFO - [2026-05-29T10:11:49.836+0200] {dag.py:2915} INFO - Sync 1 DAGs
[2026-05-29T10:11:49.854+0200] {logging_mixin.py:151} INFO - [2026-05-29T10:11:49.854+0200] {dag.py:3696} INFO - Setting next_dagrun for example_sla_dag to 2026-05-29T08:08:00+00:00, run_after=2026-05-29T08:10:00+00:00
[2026-05-29T10:11:49.867+0200] {processor.py:179} INFO - Processing /home/frederic/airflow_venv/lib/python3.10/site-packages/airflow/example_dags/example_sla_dag.py took 0.052 seconds
[2026-05-29T10:12:31.765+0200] {processor.py:157} INFO - Started process (PID=695547) to work on /home/frederic/airflow_venv/lib/python3.10/site-packages/airflow/example_dags/example_sla_dag.py
[2026-05-29T10:12:31.766+0200] {processor.py:829} INFO - Processing file /home/frederic/airflow_venv/lib/python3.10/site-packages/airflow/example_dags/example_sla_dag.py for tasks to queue
[2026-05-29T10:12:31.766+0200] {logging_mixin.py:151} INFO - [2026-05-29T10:12:31.766+0200] {dagbag.py:539} INFO - Filling up the DagBag from /home/frederic/airflow_venv/lib/python3.10/site-packages/airflow/example_dags/example_sla_dag.py
[2026-05-29T10:12:31.773+0200] {processor.py:839} INFO - DAG(s) dict_keys(['example_sla_dag']) retrieved from /home/frederic/airflow_venv/lib/python3.10/site-packages/airflow/example_dags/example_sla_dag.py
[2026-05-29T10:12:31.784+0200] {logging_mixin.py:151} INFO - [2026-05-29T10:12:31.784+0200] {dag.py:2915} INFO - Sync 1 DAGs
[2026-05-29T10:12:31.802+0200] {logging_mixin.py:151} INFO - [2026-05-29T10:12:31.802+0200] {dag.py:3696} INFO - Setting next_dagrun for example_sla_dag to 2026-05-29T08:10:00+00:00, run_after=2026-05-29T08:12:00+00:00
[2026-05-29T10:12:31.815+0200] {processor.py:179} INFO - Processing /home/frederic/airflow_venv/lib/python3.10/site-packages/airflow/example_dags/example_sla_dag.py took 0.052 seconds
[2026-05-29T10:13:10.900+0200] {processor.py:157} INFO - Started process (PID=696012) to work on /home/frederic/airflow_venv/lib/python3.10/site-packages/airflow/example_dags/example_sla_dag.py
[2026-05-29T10:13:10.901+0200] {processor.py:829} INFO - Processing file /home/frederic/airflow_venv/lib/python3.10/site-packages/airflow/example_dags/example_sla_dag.py for tasks to queue
[2026-05-29T10:13:10.902+0200] {logging_mixin.py:151} INFO - [2026-05-29T10:13:10.902+0200] {dagbag.py:539} INFO - Filling up the DagBag from /home/frederic/airflow_venv/lib/python3.10/site-packages/airflow/example_dags/example_sla_dag.py
[2026-05-29T10:13:10.908+0200] {processor.py:839} INFO - DAG(s) dict_keys(['example_sla_dag']) retrieved from /home/frederic/airflow_venv/lib/python3.10/site-packages/airflow/example_dags/example_sla_dag.py
[2026-05-29T10:13:10.919+0200] {logging_mixin.py:151} INFO - [2026-05-29T10:13:10.919+0200] {dag.py:2915} INFO - Sync 1 DAGs
[2026-05-29T10:13:10.935+0200] {logging_mixin.py:151} INFO - [2026-05-29T10:13:10.935+0200] {dag.py:3696} INFO - Setting next_dagrun for example_sla_dag to 2026-05-29T08:10:00+00:00, run_after=2026-05-29T08:12:00+00:00
[2026-05-29T10:13:10.950+0200] {processor.py:179} INFO - Processing /home/frederic/airflow_venv/lib/python3.10/site-packages/airflow/example_dags/example_sla_dag.py took 0.052 seconds
[2026-05-29T10:13:58.989+0200] {processor.py:157} INFO - Started process (PID=696515) to work on /home/frederic/airflow_venv/lib/python3.10/site-packages/airflow/example_dags/example_sla_dag.py
[2026-05-29T10:13:58.990+0200] {processor.py:829} INFO - Processing file /home/frederic/airflow_venv/lib/python3.10/site-packages/airflow/example_dags/example_sla_dag.py for tasks to queue
[2026-05-29T10:13:58.991+0200] {logging_mixin.py:151} INFO - [2026-05-29T10:13:58.990+0200] {dagbag.py:539} INFO - Filling up the DagBag from /home/frederic/airflow_venv/lib/python3.10/site-packages/airflow/example_dags/example_sla_dag.py
[2026-05-29T10:13:58.997+0200] {processor.py:839} INFO - DAG(s) dict_keys(['example_sla_dag']) retrieved from /home/frederic/airflow_venv/lib/python3.10/site-packages/airflow/example_dags/example_sla_dag.py
[2026-05-29T10:13:59.011+0200] {logging_mixin.py:151} INFO - [2026-05-29T10:13:59.010+0200] {dag.py:2915} INFO - Sync 1 DAGs
[2026-05-29T10:13:59.046+0200] {logging_mixin.py:151} INFO - [2026-05-29T10:13:59.045+0200] {dag.py:3696} INFO - Setting next_dagrun for example_sla_dag to 2026-05-29T08:10:00+00:00, run_after=2026-05-29T08:12:00+00:00
[2026-05-29T10:13:59.069+0200] {processor.py:179} INFO - Processing /home/frederic/airflow_venv/lib/python3.10/site-packages/airflow/example_dags/example_sla_dag.py took 0.083 seconds
[2026-05-29T10:14:50.060+0200] {processor.py:157} INFO - Started process (PID=697194) to work on /home/frederic/airflow_venv/lib/python3.10/site-packages/airflow/example_dags/example_sla_dag.py
[2026-05-29T10:14:50.061+0200] {processor.py:829} INFO - Processing file /home/frederic/airflow_venv/lib/python3.10/site-packages/airflow/example_dags/example_sla_dag.py for tasks to queue
[2026-05-29T10:14:50.062+0200] {logging_mixin.py:151} INFO - [2026-05-29T10:14:50.062+0200] {dagbag.py:539} INFO - Filling up the DagBag from /home/frederic/airflow_venv/lib/python3.10/site-packages/airflow/example_dags/example_sla_dag.py
[2026-05-29T10:14:50.069+0200] {processor.py:839} INFO - DAG(s) dict_keys(['example_sla_dag']) retrieved from /home/frederic/airflow_venv/lib/python3.10/site-packages/airflow/example_dags/example_sla_dag.py
[2026-05-29T10:14:50.082+0200] {logging_mixin.py:151} INFO - [2026-05-29T10:14:50.081+0200] {dag.py:2915} INFO - Sync 1 DAGs
[2026-05-29T10:14:50.099+0200] {logging_mixin.py:151} INFO - [2026-05-29T10:14:50.099+0200] {dag.py:3696} INFO - Setting next_dagrun for example_sla_dag to 2026-05-29T08:12:00+00:00, run_after=2026-05-29T08:14:00+00:00
[2026-05-29T10:14:50.114+0200] {processor.py:179} INFO - Processing /home/frederic/airflow_venv/lib/python3.10/site-packages/airflow/example_dags/example_sla_dag.py took 0.056 seconds
[2026-05-29T10:15:36.175+0200] {processor.py:157} INFO - Started process (PID=697824) to work on /home/frederic/airflow_venv/lib/python3.10/site-packages/airflow/example_dags/example_sla_dag.py
[2026-05-29T10:15:36.177+0200] {processor.py:829} INFO - Processing file /home/frederic/airflow_venv/lib/python3.10/site-packages/airflow/example_dags/example_sla_dag.py for tasks to queue
[2026-05-29T10:15:36.177+0200] {logging_mixin.py:151} INFO - [2026-05-29T10:15:36.177+0200] {dagbag.py:539} INFO - Filling up the DagBag from /home/frederic/airflow_venv/lib/python3.10/site-packages/airflow/example_dags/example_sla_dag.py
[2026-05-29T10:15:36.187+0200] {processor.py:839} INFO - DAG(s) dict_keys(['example_sla_dag']) retrieved from /home/frederic/airflow_venv/lib/python3.10/site-packages/airflow/example_dags/example_sla_dag.py
[2026-05-29T10:15:36.204+0200] {logging_mixin.py:151} INFO - [2026-05-29T10:15:36.204+0200] {dag.py:2915} INFO - Sync 1 DAGs
[2026-05-29T10:15:36.224+0200] {logging_mixin.py:151} INFO - [2026-05-29T10:15:36.224+0200] {dag.py:3696} INFO - Setting next_dagrun for example_sla_dag to 2026-05-29T08:12:00+00:00, run_after=2026-05-29T08:14:00+00:00
[2026-05-29T10:15:36.240+0200] {processor.py:179} INFO - Processing /home/frederic/airflow_venv/lib/python3.10/site-packages/airflow/example_dags/example_sla_dag.py took 0.068 seconds
[2026-05-29T10:16:23.824+0200] {processor.py:157} INFO - Started process (PID=698632) to work on /home/frederic/airflow_venv/lib/python3.10/site-packages/airflow/example_dags/example_sla_dag.py
[2026-05-29T10:16:23.825+0200] {processor.py:829} INFO - Processing file /home/frederic/airflow_venv/lib/python3.10/site-packages/airflow/example_dags/example_sla_dag.py for tasks to queue
[2026-05-29T10:16:23.827+0200] {logging_mixin.py:151} INFO - [2026-05-29T10:16:23.826+0200] {dagbag.py:539} INFO - Filling up the DagBag from /home/frederic/airflow_venv/lib/python3.10/site-packages/airflow/example_dags/example_sla_dag.py
[2026-05-29T10:16:23.836+0200] {processor.py:839} INFO - DAG(s) dict_keys(['example_sla_dag']) retrieved from /home/frederic/airflow_venv/lib/python3.10/site-packages/airflow/example_dags/example_sla_dag.py
[2026-05-29T10:16:23.850+0200] {logging_mixin.py:151} INFO - [2026-05-29T10:16:23.850+0200] {dag.py:2915} INFO - Sync 1 DAGs
[2026-05-29T10:16:23.874+0200] {logging_mixin.py:151} INFO - [2026-05-29T10:16:23.874+0200] {dag.py:3696} INFO - Setting next_dagrun for example_sla_dag to 2026-05-29T08:14:00+00:00, run_after=2026-05-29T08:16:00+00:00
[2026-05-29T10:16:23.892+0200] {processor.py:179} INFO - Processing /home/frederic/airflow_venv/lib/python3.10/site-packages/airflow/example_dags/example_sla_dag.py took 0.070 seconds
[2026-05-29T10:17:09.248+0200] {processor.py:157} INFO - Started process (PID=699493) to work on /home/frederic/airflow_venv/lib/python3.10/site-packages/airflow/example_dags/example_sla_dag.py
[2026-05-29T10:17:09.249+0200] {processor.py:829} INFO - Processing file /home/frederic/airflow_venv/lib/python3.10/site-packages/airflow/example_dags/example_sla_dag.py for tasks to queue
[2026-05-29T10:17:09.249+0200] {logging_mixin.py:151} INFO - [2026-05-29T10:17:09.249+0200] {dagbag.py:539} INFO - Filling up the DagBag from /home/frederic/airflow_venv/lib/python3.10/site-packages/airflow/example_dags/example_sla_dag.py
[2026-05-29T10:17:09.257+0200] {processor.py:839} INFO - DAG(s) dict_keys(['example_sla_dag']) retrieved from /home/frederic/airflow_venv/lib/python3.10/site-packages/airflow/example_dags/example_sla_dag.py
[2026-05-29T10:17:09.270+0200] {logging_mixin.py:151} INFO - [2026-05-29T10:17:09.269+0200] {dag.py:2915} INFO - Sync 1 DAGs
[2026-05-29T10:17:09.290+0200] {logging_mixin.py:151} INFO - [2026-05-29T10:17:09.290+0200] {dag.py:3696} INFO - Setting next_dagrun for example_sla_dag to 2026-05-29T08:14:00+00:00, run_after=2026-05-29T08:16:00+00:00
[2026-05-29T10:17:09.304+0200] {processor.py:179} INFO - Processing /home/frederic/airflow_venv/lib/python3.10/site-packages/airflow/example_dags/example_sla_dag.py took 0.059 seconds
[2026-05-29T10:17:57.849+0200] {processor.py:157} INFO - Started process (PID=700493) to work on /home/frederic/airflow_venv/lib/python3.10/site-packages/airflow/example_dags/example_sla_dag.py
[2026-05-29T10:17:57.850+0200] {processor.py:829} INFO - Processing file /home/frederic/airflow_venv/lib/python3.10/site-packages/airflow/example_dags/example_sla_dag.py for tasks to queue
[2026-05-29T10:17:57.850+0200] {logging_mixin.py:151} INFO - [2026-05-29T10:17:57.850+0200] {dagbag.py:539} INFO - Filling up the DagBag from /home/frederic/airflow_venv/lib/python3.10/site-packages/airflow/example_dags/example_sla_dag.py
[2026-05-29T10:17:57.857+0200] {processor.py:839} INFO - DAG(s) dict_keys(['example_sla_dag']) retrieved from /home/frederic/airflow_venv/lib/python3.10/site-packages/airflow/example_dags/example_sla_dag.py
[2026-05-29T10:17:57.874+0200] {logging_mixin.py:151} INFO - [2026-05-29T10:17:57.873+0200] {dag.py:2915} INFO - Sync 1 DAGs
[2026-05-29T10:17:57.893+0200] {logging_mixin.py:151} INFO - [2026-05-29T10:17:57.893+0200] {dag.py:3696} INFO - Setting next_dagrun for example_sla_dag to 2026-05-29T08:14:00+00:00, run_after=2026-05-29T08:16:00+00:00
[2026-05-29T10:17:57.908+0200] {processor.py:179} INFO - Processing /home/frederic/airflow_venv/lib/python3.10/site-packages/airflow/example_dags/example_sla_dag.py took 0.061 seconds
[2026-05-29T10:18:41.105+0200] {processor.py:157} INFO - Started process (PID=700988) to work on /home/frederic/airflow_venv/lib/python3.10/site-packages/airflow/example_dags/example_sla_dag.py
[2026-05-29T10:18:41.106+0200] {processor.py:829} INFO - Processing file /home/frederic/airflow_venv/lib/python3.10/site-packages/airflow/example_dags/example_sla_dag.py for tasks to queue
[2026-05-29T10:18:41.108+0200] {logging_mixin.py:151} INFO - [2026-05-29T10:18:41.107+0200] {dagbag.py:539} INFO - Filling up the DagBag from /home/frederic/airflow_venv/lib/python3.10/site-packages/airflow/example_dags/example_sla_dag.py
[2026-05-29T10:18:41.115+0200] {processor.py:839} INFO - DAG(s) dict_keys(['example_sla_dag']) retrieved from /home/frederic/airflow_venv/lib/python3.10/site-packages/airflow/example_dags/example_sla_dag.py
[2026-05-29T10:18:41.127+0200] {logging_mixin.py:151} INFO - [2026-05-29T10:18:41.127+0200] {dag.py:2915} INFO - Sync 1 DAGs
[2026-05-29T10:18:41.146+0200] {logging_mixin.py:151} INFO - [2026-05-29T10:18:41.145+0200] {dag.py:3696} INFO - Setting next_dagrun for example_sla_dag to 2026-05-29T08:16:00+00:00, run_after=2026-05-29T08:18:00+00:00
[2026-05-29T10:18:41.160+0200] {processor.py:179} INFO - Processing /home/frederic/airflow_venv/lib/python3.10/site-packages/airflow/example_dags/example_sla_dag.py took 0.058 seconds
[2026-05-29T10:19:29.257+0200] {processor.py:157} INFO - Started process (PID=701478) to work on /home/frederic/airflow_venv/lib/python3.10/site-packages/airflow/example_dags/example_sla_dag.py
[2026-05-29T10:19:29.258+0200] {processor.py:829} INFO - Processing file /home/frederic/airflow_venv/lib/python3.10/site-packages/airflow/example_dags/example_sla_dag.py for tasks to queue
[2026-05-29T10:19:29.259+0200] {logging_mixin.py:151} INFO - [2026-05-29T10:19:29.258+0200] {dagbag.py:539} INFO - Filling up the DagBag from /home/frederic/airflow_venv/lib/python3.10/site-packages/airflow/example_dags/example_sla_dag.py
[2026-05-29T10:19:29.265+0200] {processor.py:839} INFO - DAG(s) dict_keys(['example_sla_dag']) retrieved from /home/frederic/airflow_venv/lib/python3.10/site-packages/airflow/example_dags/example_sla_dag.py
[2026-05-29T10:19:29.276+0200] {logging_mixin.py:151} INFO - [2026-05-29T10:19:29.276+0200] {dag.py:2915} INFO - Sync 1 DAGs
[2026-05-29T10:19:29.296+0200] {logging_mixin.py:151} INFO - [2026-05-29T10:19:29.296+0200] {dag.py:3696} INFO - Setting next_dagrun for example_sla_dag to 2026-05-29T08:16:00+00:00, run_after=2026-05-29T08:18:00+00:00
[2026-05-29T10:19:29.311+0200] {processor.py:179} INFO - Processing /home/frederic/airflow_venv/lib/python3.10/site-packages/airflow/example_dags/example_sla_dag.py took 0.056 seconds
[2026-05-29T10:20:18.510+0200] {processor.py:157} INFO - Started process (PID=702146) to work on /home/frederic/airflow_venv/lib/python3.10/site-packages/airflow/example_dags/example_sla_dag.py
[2026-05-29T10:20:18.511+0200] {processor.py:829} INFO - Processing file /home/frederic/airflow_venv/lib/python3.10/site-packages/airflow/example_dags/example_sla_dag.py for tasks to queue
[2026-05-29T10:20:18.512+0200] {logging_mixin.py:151} INFO - [2026-05-29T10:20:18.512+0200] {dagbag.py:539} INFO - Filling up the DagBag from /home/frederic/airflow_venv/lib/python3.10/site-packages/airflow/example_dags/example_sla_dag.py
[2026-05-29T10:20:18.519+0200] {processor.py:839} INFO - DAG(s) dict_keys(['example_sla_dag']) retrieved from /home/frederic/airflow_venv/lib/python3.10/site-packages/airflow/example_dags/example_sla_dag.py
[2026-05-29T10:20:18.531+0200] {logging_mixin.py:151} INFO - [2026-05-29T10:20:18.531+0200] {dag.py:2915} INFO - Sync 1 DAGs
[2026-05-29T10:20:18.549+0200] {logging_mixin.py:151} INFO - [2026-05-29T10:20:18.549+0200] {dag.py:3696} INFO - Setting next_dagrun for example_sla_dag to 2026-05-29T08:18:00+00:00, run_after=2026-05-29T08:20:00+00:00
[2026-05-29T10:20:18.564+0200] {processor.py:179} INFO - Processing /home/frederic/airflow_venv/lib/python3.10/site-packages/airflow/example_dags/example_sla_dag.py took 0.056 seconds
[2026-05-29T10:21:10.318+0200] {processor.py:157} INFO - Started process (PID=702646) to work on /home/frederic/airflow_venv/lib/python3.10/site-packages/airflow/example_dags/example_sla_dag.py
[2026-05-29T10:21:10.319+0200] {processor.py:829} INFO - Processing file /home/frederic/airflow_venv/lib/python3.10/site-packages/airflow/example_dags/example_sla_dag.py for tasks to queue
[2026-05-29T10:21:10.320+0200] {logging_mixin.py:151} INFO - [2026-05-29T10:21:10.319+0200] {dagbag.py:539} INFO - Filling up the DagBag from /home/frederic/airflow_venv/lib/python3.10/site-packages/airflow/example_dags/example_sla_dag.py
[2026-05-29T10:21:10.326+0200] {processor.py:839} INFO - DAG(s) dict_keys(['example_sla_dag']) retrieved from /home/frederic/airflow_venv/lib/python3.10/site-packages/airflow/example_dags/example_sla_dag.py
[2026-05-29T10:21:10.338+0200] {logging_mixin.py:151} INFO - [2026-05-29T10:21:10.337+0200] {dag.py:2915} INFO - Sync 1 DAGs
[2026-05-29T10:21:10.356+0200] {logging_mixin.py:151} INFO - [2026-05-29T10:21:10.356+0200] {dag.py:3696} INFO - Setting next_dagrun for example_sla_dag to 2026-05-29T08:18:00+00:00, run_after=2026-05-29T08:20:00+00:00
[2026-05-29T10:21:10.372+0200] {processor.py:179} INFO - Processing /home/frederic/airflow_venv/lib/python3.10/site-packages/airflow/example_dags/example_sla_dag.py took 0.056 seconds
[2026-05-29T10:21:56.727+0200] {processor.py:157} INFO - Started process (PID=703071) to work on /home/frederic/airflow_venv/lib/python3.10/site-packages/airflow/example_dags/example_sla_dag.py
[2026-05-29T10:21:56.728+0200] {processor.py:829} INFO - Processing file /home/frederic/airflow_venv/lib/python3.10/site-packages/airflow/example_dags/example_sla_dag.py for tasks to queue
[2026-05-29T10:21:56.729+0200] {logging_mixin.py:151} INFO - [2026-05-29T10:21:56.728+0200] {dagbag.py:539} INFO - Filling up the DagBag from /home/frederic/airflow_venv/lib/python3.10/site-packages/airflow/example_dags/example_sla_dag.py
[2026-05-29T10:21:56.736+0200] {processor.py:839} INFO - DAG(s) dict_keys(['example_sla_dag']) retrieved from /home/frederic/airflow_venv/lib/python3.10/site-packages/airflow/example_dags/example_sla_dag.py
[2026-05-29T10:21:56.749+0200] {logging_mixin.py:151} INFO - [2026-05-29T10:21:56.748+0200] {dag.py:2915} INFO - Sync 1 DAGs
[2026-05-29T10:21:56.864+0200] {logging_mixin.py:151} INFO - [2026-05-29T10:21:56.863+0200] {dag.py:3696} INFO - Setting next_dagrun for example_sla_dag to 2026-05-29T08:18:00+00:00, run_after=2026-05-29T08:20:00+00:00
[2026-05-29T10:21:56.880+0200] {processor.py:179} INFO - Processing /home/frederic/airflow_venv/lib/python3.10/site-packages/airflow/example_dags/example_sla_dag.py took 0.156 seconds
[2026-05-29T10:22:45.660+0200] {processor.py:157} INFO - Started process (PID=703545) to work on /home/frederic/airflow_venv/lib/python3.10/site-packages/airflow/example_dags/example_sla_dag.py
[2026-05-29T10:22:45.661+0200] {processor.py:829} INFO - Processing file /home/frederic/airflow_venv/lib/python3.10/site-packages/airflow/example_dags/example_sla_dag.py for tasks to queue
[2026-05-29T10:22:45.661+0200] {logging_mixin.py:151} INFO - [2026-05-29T10:22:45.661+0200] {dagbag.py:539} INFO - Filling up the DagBag from /home/frederic/airflow_venv/lib/python3.10/site-packages/airflow/example_dags/example_sla_dag.py
[2026-05-29T10:22:45.668+0200] {processor.py:839} INFO - DAG(s) dict_keys(['example_sla_dag']) retrieved from /home/frederic/airflow_venv/lib/python3.10/site-packages/airflow/example_dags/example_sla_dag.py
[2026-05-29T10:22:45.680+0200] {logging_mixin.py:151} INFO - [2026-05-29T10:22:45.680+0200] {dag.py:2915} INFO - Sync 1 DAGs
[2026-05-29T10:22:45.700+0200] {logging_mixin.py:151} INFO - [2026-05-29T10:22:45.700+0200] {dag.py:3696} INFO - Setting next_dagrun for example_sla_dag to 2026-05-29T08:20:00+00:00, run_after=2026-05-29T08:22:00+00:00
[2026-05-29T10:22:45.714+0200] {processor.py:179} INFO - Processing /home/frederic/airflow_venv/lib/python3.10/site-packages/airflow/example_dags/example_sla_dag.py took 0.057 seconds
[2026-05-29T10:23:33.462+0200] {processor.py:157} INFO - Started process (PID=704149) to work on /home/frederic/airflow_venv/lib/python3.10/site-packages/airflow/example_dags/example_sla_dag.py
[2026-05-29T10:23:33.463+0200] {processor.py:829} INFO - Processing file /home/frederic/airflow_venv/lib/python3.10/site-packages/airflow/example_dags/example_sla_dag.py for tasks to queue
[2026-05-29T10:23:33.464+0200] {logging_mixin.py:151} INFO - [2026-05-29T10:23:33.464+0200] {dagbag.py:539} INFO - Filling up the DagBag from /home/frederic/airflow_venv/lib/python3.10/site-packages/airflow/example_dags/example_sla_dag.py
[2026-05-29T10:23:33.471+0200] {processor.py:839} INFO - DAG(s) dict_keys(['example_sla_dag']) retrieved from /home/frederic/airflow_venv/lib/python3.10/site-packages/airflow/example_dags/example_sla_dag.py
[2026-05-29T10:23:33.484+0200] {logging_mixin.py:151} INFO - [2026-05-29T10:23:33.483+0200] {dag.py:2915} INFO - Sync 1 DAGs
[2026-05-29T10:23:33.502+0200] {logging_mixin.py:151} INFO - [2026-05-29T10:23:33.502+0200] {dag.py:3696} INFO - Setting next_dagrun for example_sla_dag to 2026-05-29T08:20:00+00:00, run_after=2026-05-29T08:22:00+00:00
[2026-05-29T10:23:33.517+0200] {processor.py:179} INFO - Processing /home/frederic/airflow_venv/lib/python3.10/site-packages/airflow/example_dags/example_sla_dag.py took 0.057 seconds
[2026-05-29T10:24:24.111+0200] {processor.py:157} INFO - Started process (PID=704673) to work on /home/frederic/airflow_venv/lib/python3.10/site-packages/airflow/example_dags/example_sla_dag.py
[2026-05-29T10:24:24.112+0200] {processor.py:829} INFO - Processing file /home/frederic/airflow_venv/lib/python3.10/site-packages/airflow/example_dags/example_sla_dag.py for tasks to queue
[2026-05-29T10:24:24.113+0200] {logging_mixin.py:151} INFO - [2026-05-29T10:24:24.113+0200] {dagbag.py:539} INFO - Filling up the DagBag from /home/frederic/airflow_venv/lib/python3.10/site-packages/airflow/example_dags/example_sla_dag.py
[2026-05-29T10:24:24.122+0200] {processor.py:839} INFO - DAG(s) dict_keys(['example_sla_dag']) retrieved from /home/frederic/airflow_venv/lib/python3.10/site-packages/airflow/example_dags/example_sla_dag.py
[2026-05-29T10:24:24.136+0200] {logging_mixin.py:151} INFO - [2026-05-29T10:24:24.136+0200] {dag.py:2915} INFO - Sync 1 DAGs
[2026-05-29T10:24:24.157+0200] {logging_mixin.py:151} INFO - [2026-05-29T10:24:24.157+0200] {dag.py:3696} INFO - Setting next_dagrun for example_sla_dag to 2026-05-29T08:22:00+00:00, run_after=2026-05-29T08:24:00+00:00
[2026-05-29T10:24:24.174+0200] {processor.py:179} INFO - Processing /home/frederic/airflow_venv/lib/python3.10/site-packages/airflow/example_dags/example_sla_dag.py took 0.066 seconds
[2026-05-29T10:25:18.269+0200] {processor.py:157} INFO - Started process (PID=705195) to work on /home/frederic/airflow_venv/lib/python3.10/site-packages/airflow/example_dags/example_sla_dag.py
[2026-05-29T10:25:18.271+0200] {processor.py:829} INFO - Processing file /home/frederic/airflow_venv/lib/python3.10/site-packages/airflow/example_dags/example_sla_dag.py for tasks to queue
[2026-05-29T10:25:18.272+0200] {logging_mixin.py:151} INFO - [2026-05-29T10:25:18.272+0200] {dagbag.py:539} INFO - Filling up the DagBag from /home/frederic/airflow_venv/lib/python3.10/site-packages/airflow/example_dags/example_sla_dag.py
[2026-05-29T10:25:18.281+0200] {processor.py:839} INFO - DAG(s) dict_keys(['example_sla_dag']) retrieved from /home/frederic/airflow_venv/lib/python3.10/site-packages/airflow/example_dags/example_sla_dag.py
[2026-05-29T10:25:18.297+0200] {logging_mixin.py:151} INFO - [2026-05-29T10:25:18.297+0200] {dag.py:2915} INFO - Sync 1 DAGs
[2026-05-29T10:25:18.436+0200] {logging_mixin.py:151} INFO - [2026-05-29T10:25:18.436+0200] {dag.py:3696} INFO - Setting next_dagrun for example_sla_dag to 2026-05-29T08:22:00+00:00, run_after=2026-05-29T08:24:00+00:00
[2026-05-29T10:25:18.458+0200] {processor.py:179} INFO - Processing /home/frederic/airflow_venv/lib/python3.10/site-packages/airflow/example_dags/example_sla_dag.py took 0.191 seconds
[2026-05-29T10:25:56.754+0200] {processor.py:157} INFO - Started process (PID=705556) to work on /home/frederic/airflow_venv/lib/python3.10/site-packages/airflow/example_dags/example_sla_dag.py
[2026-05-29T10:25:56.756+0200] {processor.py:829} INFO - Processing file /home/frederic/airflow_venv/lib/python3.10/site-packages/airflow/example_dags/example_sla_dag.py for tasks to queue
[2026-05-29T10:25:56.756+0200] {logging_mixin.py:151} INFO - [2026-05-29T10:25:56.756+0200] {dagbag.py:539} INFO - Filling up the DagBag from /home/frederic/airflow_venv/lib/python3.10/site-packages/airflow/example_dags/example_sla_dag.py
[2026-05-29T10:25:56.763+0200] {processor.py:839} INFO - DAG(s) dict_keys(['example_sla_dag']) retrieved from /home/frederic/airflow_venv/lib/python3.10/site-packages/airflow/example_dags/example_sla_dag.py
[2026-05-29T10:25:56.775+0200] {logging_mixin.py:151} INFO - [2026-05-29T10:25:56.774+0200] {dag.py:2915} INFO - Sync 1 DAGs
[2026-05-29T10:25:56.792+0200] {logging_mixin.py:151} INFO - [2026-05-29T10:25:56.792+0200] {dag.py:3696} INFO - Setting next_dagrun for example_sla_dag to 2026-05-29T08:22:00+00:00, run_after=2026-05-29T08:24:00+00:00
[2026-05-29T10:25:56.806+0200] {processor.py:179} INFO - Processing /home/frederic/airflow_venv/lib/python3.10/site-packages/airflow/example_dags/example_sla_dag.py took 0.053 seconds
[2026-05-29T10:26:45.745+0200] {processor.py:157} INFO - Started process (PID=706044) to work on /home/frederic/airflow_venv/lib/python3.10/site-packages/airflow/example_dags/example_sla_dag.py
[2026-05-29T10:26:45.746+0200] {processor.py:829} INFO - Processing file /home/frederic/airflow_venv/lib/python3.10/site-packages/airflow/example_dags/example_sla_dag.py for tasks to queue
[2026-05-29T10:26:45.746+0200] {logging_mixin.py:151} INFO - [2026-05-29T10:26:45.746+0200] {dagbag.py:539} INFO - Filling up the DagBag from /home/frederic/airflow_venv/lib/python3.10/site-packages/airflow/example_dags/example_sla_dag.py
[2026-05-29T10:26:45.753+0200] {processor.py:839} INFO - DAG(s) dict_keys(['example_sla_dag']) retrieved from /home/frederic/airflow_venv/lib/python3.10/site-packages/airflow/example_dags/example_sla_dag.py
[2026-05-29T10:26:45.765+0200] {logging_mixin.py:151} INFO - [2026-05-29T10:26:45.765+0200] {dag.py:2915} INFO - Sync 1 DAGs
[2026-05-29T10:26:45.861+0200] {logging_mixin.py:151} INFO - [2026-05-29T10:26:45.861+0200] {dag.py:3696} INFO - Setting next_dagrun for example_sla_dag to 2026-05-29T08:24:00+00:00, run_after=2026-05-29T08:26:00+00:00
[2026-05-29T10:26:45.874+0200] {processor.py:179} INFO - Processing /home/frederic/airflow_venv/lib/python3.10/site-packages/airflow/example_dags/example_sla_dag.py took 0.132 seconds
[2026-05-29T10:27:35.545+0200] {processor.py:157} INFO - Started process (PID=706562) to work on /home/frederic/airflow_venv/lib/python3.10/site-packages/airflow/example_dags/example_sla_dag.py
[2026-05-29T10:27:35.546+0200] {processor.py:829} INFO - Processing file /home/frederic/airflow_venv/lib/python3.10/site-packages/airflow/example_dags/example_sla_dag.py for tasks to queue
[2026-05-29T10:27:35.547+0200] {logging_mixin.py:151} INFO - [2026-05-29T10:27:35.546+0200] {dagbag.py:539} INFO - Filling up the DagBag from /home/frederic/airflow_venv/lib/python3.10/site-packages/airflow/example_dags/example_sla_dag.py
[2026-05-29T10:27:35.554+0200] {processor.py:839} INFO - DAG(s) dict_keys(['example_sla_dag']) retrieved from /home/frederic/airflow_venv/lib/python3.10/site-packages/airflow/example_dags/example_sla_dag.py
[2026-05-29T10:27:35.568+0200] {logging_mixin.py:151} INFO - [2026-05-29T10:27:35.568+0200] {dag.py:2915} INFO - Sync 1 DAGs
[2026-05-29T10:27:35.587+0200] {logging_mixin.py:151} INFO - [2026-05-29T10:27:35.586+0200] {dag.py:3696} INFO - Setting next_dagrun for example_sla_dag to 2026-05-29T08:24:00+00:00, run_after=2026-05-29T08:26:00+00:00
[2026-05-29T10:27:35.602+0200] {processor.py:179} INFO - Processing /home/frederic/airflow_venv/lib/python3.10/site-packages/airflow/example_dags/example_sla_dag.py took 0.060 seconds
[2026-05-29T10:28:17.794+0200] {processor.py:157} INFO - Started process (PID=707036) to work on /home/frederic/airflow_venv/lib/python3.10/site-packages/airflow/example_dags/example_sla_dag.py
[2026-05-29T10:28:17.796+0200] {processor.py:829} INFO - Processing file /home/frederic/airflow_venv/lib/python3.10/site-packages/airflow/example_dags/example_sla_dag.py for tasks to queue
[2026-05-29T10:28:17.796+0200] {logging_mixin.py:151} INFO - [2026-05-29T10:28:17.796+0200] {dagbag.py:539} INFO - Filling up the DagBag from /home/frederic/airflow_venv/lib/python3.10/site-packages/airflow/example_dags/example_sla_dag.py
[2026-05-29T10:28:17.807+0200] {processor.py:839} INFO - DAG(s) dict_keys(['example_sla_dag']) retrieved from /home/frederic/airflow_venv/lib/python3.10/site-packages/airflow/example_dags/example_sla_dag.py
[2026-05-29T10:28:17.821+0200] {logging_mixin.py:151} INFO - [2026-05-29T10:28:17.821+0200] {dag.py:2915} INFO - Sync 1 DAGs
[2026-05-29T10:28:17.843+0200] {logging_mixin.py:151} INFO - [2026-05-29T10:28:17.843+0200] {dag.py:3696} INFO - Setting next_dagrun for example_sla_dag to 2026-05-29T08:26:00+00:00, run_after=2026-05-29T08:28:00+00:00
[2026-05-29T10:28:17.861+0200] {processor.py:179} INFO - Processing /home/frederic/airflow_venv/lib/python3.10/site-packages/airflow/example_dags/example_sla_dag.py took 0.069 seconds
[2026-05-29T10:29:07.999+0200] {processor.py:157} INFO - Started process (PID=707733) to work on /home/frederic/airflow_venv/lib/python3.10/site-packages/airflow/example_dags/example_sla_dag.py
[2026-05-29T10:29:08.000+0200] {processor.py:829} INFO - Processing file /home/frederic/airflow_venv/lib/python3.10/site-packages/airflow/example_dags/example_sla_dag.py for tasks to queue
[2026-05-29T10:29:08.001+0200] {logging_mixin.py:151} INFO - [2026-05-29T10:29:08.001+0200] {dagbag.py:539} INFO - Filling up the DagBag from /home/frederic/airflow_venv/lib/python3.10/site-packages/airflow/example_dags/example_sla_dag.py
[2026-05-29T10:29:08.011+0200] {processor.py:839} INFO - DAG(s) dict_keys(['example_sla_dag']) retrieved from /home/frederic/airflow_venv/lib/python3.10/site-packages/airflow/example_dags/example_sla_dag.py
[2026-05-29T10:29:08.029+0200] {logging_mixin.py:151} INFO - [2026-05-29T10:29:08.029+0200] {dag.py:2915} INFO - Sync 1 DAGs
[2026-05-29T10:29:08.048+0200] {logging_mixin.py:151} INFO - [2026-05-29T10:29:08.048+0200] {dag.py:3696} INFO - Setting next_dagrun for example_sla_dag to 2026-05-29T08:26:00+00:00, run_after=2026-05-29T08:28:00+00:00
[2026-05-29T10:29:08.063+0200] {processor.py:179} INFO - Processing /home/frederic/airflow_venv/lib/python3.10/site-packages/airflow/example_dags/example_sla_dag.py took 0.067 seconds
[2026-05-29T10:29:53.224+0200] {processor.py:157} INFO - Started process (PID=708249) to work on /home/frederic/airflow_venv/lib/python3.10/site-packages/airflow/example_dags/example_sla_dag.py
[2026-05-29T10:29:53.225+0200] {processor.py:829} INFO - Processing file /home/frederic/airflow_venv/lib/python3.10/site-packages/airflow/example_dags/example_sla_dag.py for tasks to queue
[2026-05-29T10:29:53.226+0200] {logging_mixin.py:151} INFO - [2026-05-29T10:29:53.226+0200] {dagbag.py:539} INFO - Filling up the DagBag from /home/frederic/airflow_venv/lib/python3.10/site-packages/airflow/example_dags/example_sla_dag.py
[2026-05-29T10:29:53.239+0200] {processor.py:839} INFO - DAG(s) dict_keys(['example_sla_dag']) retrieved from /home/frederic/airflow_venv/lib/python3.10/site-packages/airflow/example_dags/example_sla_dag.py
[2026-05-29T10:29:53.260+0200] {logging_mixin.py:151} INFO - [2026-05-29T10:29:53.260+0200] {dag.py:2915} INFO - Sync 1 DAGs
[2026-05-29T10:29:53.289+0200] {logging_mixin.py:151} INFO - [2026-05-29T10:29:53.289+0200] {dag.py:3696} INFO - Setting next_dagrun for example_sla_dag to 2026-05-29T08:26:00+00:00, run_after=2026-05-29T08:28:00+00:00
[2026-05-29T10:29:53.316+0200] {processor.py:179} INFO - Processing /home/frederic/airflow_venv/lib/python3.10/site-packages/airflow/example_dags/example_sla_dag.py took 0.096 seconds
[2026-05-29T10:30:42.796+0200] {processor.py:157} INFO - Started process (PID=708930) to work on /home/frederic/airflow_venv/lib/python3.10/site-packages/airflow/example_dags/example_sla_dag.py
[2026-05-29T10:30:42.797+0200] {processor.py:829} INFO - Processing file /home/frederic/airflow_venv/lib/python3.10/site-packages/airflow/example_dags/example_sla_dag.py for tasks to queue
[2026-05-29T10:30:42.798+0200] {logging_mixin.py:151} INFO - [2026-05-29T10:30:42.798+0200] {dagbag.py:539} INFO - Filling up the DagBag from /home/frederic/airflow_venv/lib/python3.10/site-packages/airflow/example_dags/example_sla_dag.py
[2026-05-29T10:30:42.804+0200] {processor.py:839} INFO - DAG(s) dict_keys(['example_sla_dag']) retrieved from /home/frederic/airflow_venv/lib/python3.10/site-packages/airflow/example_dags/example_sla_dag.py
[2026-05-29T10:30:42.817+0200] {logging_mixin.py:151} INFO - [2026-05-29T10:30:42.817+0200] {dag.py:2915} INFO - Sync 1 DAGs
[2026-05-29T10:30:42.836+0200] {logging_mixin.py:151} INFO - [2026-05-29T10:30:42.836+0200] {dag.py:3696} INFO - Setting next_dagrun for example_sla_dag to 2026-05-29T08:28:00+00:00, run_after=2026-05-29T08:30:00+00:00
[2026-05-29T10:30:42.850+0200] {processor.py:179} INFO - Processing /home/frederic/airflow_venv/lib/python3.10/site-packages/airflow/example_dags/example_sla_dag.py took 0.056 seconds
[2026-05-29T10:31:26.353+0200] {processor.py:157} INFO - Started process (PID=709421) to work on /home/frederic/airflow_venv/lib/python3.10/site-packages/airflow/example_dags/example_sla_dag.py
[2026-05-29T10:31:26.354+0200] {processor.py:829} INFO - Processing file /home/frederic/airflow_venv/lib/python3.10/site-packages/airflow/example_dags/example_sla_dag.py for tasks to queue
[2026-05-29T10:31:26.355+0200] {logging_mixin.py:151} INFO - [2026-05-29T10:31:26.355+0200] {dagbag.py:539} INFO - Filling up the DagBag from /home/frederic/airflow_venv/lib/python3.10/site-packages/airflow/example_dags/example_sla_dag.py
[2026-05-29T10:31:26.366+0200] {processor.py:839} INFO - DAG(s) dict_keys(['example_sla_dag']) retrieved from /home/frederic/airflow_venv/lib/python3.10/site-packages/airflow/example_dags/example_sla_dag.py
[2026-05-29T10:31:26.384+0200] {logging_mixin.py:151} INFO - [2026-05-29T10:31:26.384+0200] {dag.py:2915} INFO - Sync 1 DAGs
[2026-05-29T10:31:26.410+0200] {logging_mixin.py:151} INFO - [2026-05-29T10:31:26.410+0200] {dag.py:3696} INFO - Setting next_dagrun for example_sla_dag to 2026-05-29T08:28:00+00:00, run_after=2026-05-29T08:30:00+00:00
[2026-05-29T10:31:26.430+0200] {processor.py:179} INFO - Processing /home/frederic/airflow_venv/lib/python3.10/site-packages/airflow/example_dags/example_sla_dag.py took 0.081 seconds
[2026-05-29T10:32:10.726+0200] {processor.py:157} INFO - Started process (PID=709984) to work on /home/frederic/airflow_venv/lib/python3.10/site-packages/airflow/example_dags/example_sla_dag.py
[2026-05-29T10:32:10.727+0200] {processor.py:829} INFO - Processing file /home/frederic/airflow_venv/lib/python3.10/site-packages/airflow/example_dags/example_sla_dag.py for tasks to queue
[2026-05-29T10:32:10.728+0200] {logging_mixin.py:151} INFO - [2026-05-29T10:32:10.727+0200] {dagbag.py:539} INFO - Filling up the DagBag from /home/frederic/airflow_venv/lib/python3.10/site-packages/airflow/example_dags/example_sla_dag.py
[2026-05-29T10:32:10.734+0200] {processor.py:839} INFO - DAG(s) dict_keys(['example_sla_dag']) retrieved from /home/frederic/airflow_venv/lib/python3.10/site-packages/airflow/example_dags/example_sla_dag.py
[2026-05-29T10:32:10.749+0200] {logging_mixin.py:151} INFO - [2026-05-29T10:32:10.748+0200] {dag.py:2915} INFO - Sync 1 DAGs
[2026-05-29T10:32:10.776+0200] {logging_mixin.py:151} INFO - [2026-05-29T10:32:10.776+0200] {dag.py:3696} INFO - Setting next_dagrun for example_sla_dag to 2026-05-29T08:30:00+00:00, run_after=2026-05-29T08:32:00+00:00
[2026-05-29T10:32:10.794+0200] {processor.py:179} INFO - Processing /home/frederic/airflow_venv/lib/python3.10/site-packages/airflow/example_dags/example_sla_dag.py took 0.070 seconds
[2026-05-29T10:32:56.414+0200] {processor.py:157} INFO - Started process (PID=710554) to work on /home/frederic/airflow_venv/lib/python3.10/site-packages/airflow/example_dags/example_sla_dag.py
[2026-05-29T10:32:56.415+0200] {processor.py:829} INFO - Processing file /home/frederic/airflow_venv/lib/python3.10/site-packages/airflow/example_dags/example_sla_dag.py for tasks to queue
[2026-05-29T10:32:56.416+0200] {logging_mixin.py:151} INFO - [2026-05-29T10:32:56.416+0200] {dagbag.py:539} INFO - Filling up the DagBag from /home/frederic/airflow_venv/lib/python3.10/site-packages/airflow/example_dags/example_sla_dag.py
[2026-05-29T10:32:56.423+0200] {processor.py:839} INFO - DAG(s) dict_keys(['example_sla_dag']) retrieved from /home/frederic/airflow_venv/lib/python3.10/site-packages/airflow/example_dags/example_sla_dag.py
[2026-05-29T10:32:56.435+0200] {logging_mixin.py:151} INFO - [2026-05-29T10:32:56.435+0200] {dag.py:2915} INFO - Sync 1 DAGs
[2026-05-29T10:32:56.455+0200] {logging_mixin.py:151} INFO - [2026-05-29T10:32:56.454+0200] {dag.py:3696} INFO - Setting next_dagrun for example_sla_dag to 2026-05-29T08:30:00+00:00, run_after=2026-05-29T08:32:00+00:00
[2026-05-29T10:32:56.469+0200] {processor.py:179} INFO - Processing /home/frederic/airflow_venv/lib/python3.10/site-packages/airflow/example_dags/example_sla_dag.py took 0.057 seconds
[2026-05-29T10:33:44.292+0200] {processor.py:157} INFO - Started process (PID=711304) to work on /home/frederic/airflow_venv/lib/python3.10/site-packages/airflow/example_dags/example_sla_dag.py
[2026-05-29T10:33:44.292+0200] {processor.py:829} INFO - Processing file /home/frederic/airflow_venv/lib/python3.10/site-packages/airflow/example_dags/example_sla_dag.py for tasks to queue
[2026-05-29T10:33:44.293+0200] {logging_mixin.py:151} INFO - [2026-05-29T10:33:44.293+0200] {dagbag.py:539} INFO - Filling up the DagBag from /home/frederic/airflow_venv/lib/python3.10/site-packages/airflow/example_dags/example_sla_dag.py
[2026-05-29T10:33:44.300+0200] {processor.py:839} INFO - DAG(s) dict_keys(['example_sla_dag']) retrieved from /home/frederic/airflow_venv/lib/python3.10/site-packages/airflow/example_dags/example_sla_dag.py
[2026-05-29T10:33:44.313+0200] {logging_mixin.py:151} INFO - [2026-05-29T10:33:44.312+0200] {dag.py:2915} INFO - Sync 1 DAGs
[2026-05-29T10:33:44.331+0200] {logging_mixin.py:151} INFO - [2026-05-29T10:33:44.331+0200] {dag.py:3696} INFO - Setting next_dagrun for example_sla_dag to 2026-05-29T08:30:00+00:00, run_after=2026-05-29T08:32:00+00:00
[2026-05-29T10:33:44.344+0200] {processor.py:179} INFO - Processing /home/frederic/airflow_venv/lib/python3.10/site-packages/airflow/example_dags/example_sla_dag.py took 0.055 seconds
[2026-05-29T10:34:26.395+0200] {processor.py:157} INFO - Started process (PID=711974) to work on /home/frederic/airflow_venv/lib/python3.10/site-packages/airflow/example_dags/example_sla_dag.py
[2026-05-29T10:34:26.396+0200] {processor.py:829} INFO - Processing file /home/frederic/airflow_venv/lib/python3.10/site-packages/airflow/example_dags/example_sla_dag.py for tasks to queue
[2026-05-29T10:34:26.396+0200] {logging_mixin.py:151} INFO - [2026-05-29T10:34:26.396+0200] {dagbag.py:539} INFO - Filling up the DagBag from /home/frederic/airflow_venv/lib/python3.10/site-packages/airflow/example_dags/example_sla_dag.py
[2026-05-29T10:34:26.403+0200] {processor.py:839} INFO - DAG(s) dict_keys(['example_sla_dag']) retrieved from /home/frederic/airflow_venv/lib/python3.10/site-packages/airflow/example_dags/example_sla_dag.py
[2026-05-29T10:34:26.417+0200] {logging_mixin.py:151} INFO - [2026-05-29T10:34:26.417+0200] {dag.py:2915} INFO - Sync 1 DAGs
[2026-05-29T10:34:26.445+0200] {logging_mixin.py:151} INFO - [2026-05-29T10:34:26.445+0200] {dag.py:3696} INFO - Setting next_dagrun for example_sla_dag to 2026-05-29T08:32:00+00:00, run_after=2026-05-29T08:34:00+00:00
[2026-05-29T10:34:26.463+0200] {processor.py:179} INFO - Processing /home/frederic/airflow_venv/lib/python3.10/site-packages/airflow/example_dags/example_sla_dag.py took 0.071 seconds
[2026-05-29T10:35:13.739+0200] {processor.py:157} INFO - Started process (PID=712451) to work on /home/frederic/airflow_venv/lib/python3.10/site-packages/airflow/example_dags/example_sla_dag.py
[2026-05-29T10:35:13.740+0200] {processor.py:829} INFO - Processing file /home/frederic/airflow_venv/lib/python3.10/site-packages/airflow/example_dags/example_sla_dag.py for tasks to queue
[2026-05-29T10:35:13.741+0200] {logging_mixin.py:151} INFO - [2026-05-29T10:35:13.741+0200] {dagbag.py:539} INFO - Filling up the DagBag from /home/frederic/airflow_venv/lib/python3.10/site-packages/airflow/example_dags/example_sla_dag.py
[2026-05-29T10:35:13.749+0200] {processor.py:839} INFO - DAG(s) dict_keys(['example_sla_dag']) retrieved from /home/frederic/airflow_venv/lib/python3.10/site-packages/airflow/example_dags/example_sla_dag.py
[2026-05-29T10:35:13.761+0200] {logging_mixin.py:151} INFO - [2026-05-29T10:35:13.761+0200] {dag.py:2915} INFO - Sync 1 DAGs
[2026-05-29T10:35:13.782+0200] {logging_mixin.py:151} INFO - [2026-05-29T10:35:13.782+0200] {dag.py:3696} INFO - Setting next_dagrun for example_sla_dag to 2026-05-29T08:32:00+00:00, run_after=2026-05-29T08:34:00+00:00
[2026-05-29T10:35:13.798+0200] {processor.py:179} INFO - Processing /home/frederic/airflow_venv/lib/python3.10/site-packages/airflow/example_dags/example_sla_dag.py took 0.061 seconds
[2026-05-29T10:36:02.694+0200] {processor.py:157} INFO - Started process (PID=712965) to work on /home/frederic/airflow_venv/lib/python3.10/site-packages/airflow/example_dags/example_sla_dag.py
[2026-05-29T10:36:02.697+0200] {processor.py:829} INFO - Processing file /home/frederic/airflow_venv/lib/python3.10/site-packages/airflow/example_dags/example_sla_dag.py for tasks to queue
[2026-05-29T10:36:02.698+0200] {logging_mixin.py:151} INFO - [2026-05-29T10:36:02.697+0200] {dagbag.py:539} INFO - Filling up the DagBag from /home/frederic/airflow_venv/lib/python3.10/site-packages/airflow/example_dags/example_sla_dag.py
[2026-05-29T10:36:02.705+0200] {processor.py:839} INFO - DAG(s) dict_keys(['example_sla_dag']) retrieved from /home/frederic/airflow_venv/lib/python3.10/site-packages/airflow/example_dags/example_sla_dag.py
[2026-05-29T10:36:02.716+0200] {logging_mixin.py:151} INFO - [2026-05-29T10:36:02.716+0200] {dag.py:2915} INFO - Sync 1 DAGs
[2026-05-29T10:36:02.737+0200] {logging_mixin.py:151} INFO - [2026-05-29T10:36:02.737+0200] {dag.py:3696} INFO - Setting next_dagrun for example_sla_dag to 2026-05-29T08:34:00+00:00, run_after=2026-05-29T08:36:00+00:00
[2026-05-29T10:36:02.752+0200] {processor.py:179} INFO - Processing /home/frederic/airflow_venv/lib/python3.10/site-packages/airflow/example_dags/example_sla_dag.py took 0.061 seconds
[2026-05-29T10:36:44.953+0200] {processor.py:157} INFO - Started process (PID=713486) to work on /home/frederic/airflow_venv/lib/python3.10/site-packages/airflow/example_dags/example_sla_dag.py
[2026-05-29T10:36:44.954+0200] {processor.py:829} INFO - Processing file /home/frederic/airflow_venv/lib/python3.10/site-packages/airflow/example_dags/example_sla_dag.py for tasks to queue
[2026-05-29T10:36:44.955+0200] {logging_mixin.py:151} INFO - [2026-05-29T10:36:44.954+0200] {dagbag.py:539} INFO - Filling up the DagBag from /home/frederic/airflow_venv/lib/python3.10/site-packages/airflow/example_dags/example_sla_dag.py
[2026-05-29T10:36:44.962+0200] {processor.py:839} INFO - DAG(s) dict_keys(['example_sla_dag']) retrieved from /home/frederic/airflow_venv/lib/python3.10/site-packages/airflow/example_dags/example_sla_dag.py
[2026-05-29T10:36:44.973+0200] {logging_mixin.py:151} INFO - [2026-05-29T10:36:44.973+0200] {dag.py:2915} INFO - Sync 1 DAGs
[2026-05-29T10:36:44.992+0200] {logging_mixin.py:151} INFO - [2026-05-29T10:36:44.992+0200] {dag.py:3696} INFO - Setting next_dagrun for example_sla_dag to 2026-05-29T08:34:00+00:00, run_after=2026-05-29T08:36:00+00:00
[2026-05-29T10:36:45.010+0200] {processor.py:179} INFO - Processing /home/frederic/airflow_venv/lib/python3.10/site-packages/airflow/example_dags/example_sla_dag.py took 0.059 seconds
[2026-05-29T10:37:35.450+0200] {processor.py:157} INFO - Started process (PID=714158) to work on /home/frederic/airflow_venv/lib/python3.10/site-packages/airflow/example_dags/example_sla_dag.py
[2026-05-29T10:37:35.451+0200] {processor.py:829} INFO - Processing file /home/frederic/airflow_venv/lib/python3.10/site-packages/airflow/example_dags/example_sla_dag.py for tasks to queue
[2026-05-29T10:37:35.451+0200] {logging_mixin.py:151} INFO - [2026-05-29T10:37:35.451+0200] {dagbag.py:539} INFO - Filling up the DagBag from /home/frederic/airflow_venv/lib/python3.10/site-packages/airflow/example_dags/example_sla_dag.py
[2026-05-29T10:37:35.459+0200] {processor.py:839} INFO - DAG(s) dict_keys(['example_sla_dag']) retrieved from /home/frederic/airflow_venv/lib/python3.10/site-packages/airflow/example_dags/example_sla_dag.py
[2026-05-29T10:37:35.471+0200] {logging_mixin.py:151} INFO - [2026-05-29T10:37:35.471+0200] {dag.py:2915} INFO - Sync 1 DAGs
[2026-05-29T10:37:35.490+0200] {logging_mixin.py:151} INFO - [2026-05-29T10:37:35.490+0200] {dag.py:3696} INFO - Setting next_dagrun for example_sla_dag to 2026-05-29T08:34:00+00:00, run_after=2026-05-29T08:36:00+00:00
[2026-05-29T10:37:35.504+0200] {processor.py:179} INFO - Processing /home/frederic/airflow_venv/lib/python3.10/site-packages/airflow/example_dags/example_sla_dag.py took 0.056 seconds
[2026-05-29T10:38:20.285+0200] {processor.py:157} INFO - Started process (PID=714904) to work on /home/frederic/airflow_venv/lib/python3.10/site-packages/airflow/example_dags/example_sla_dag.py
[2026-05-29T10:38:20.286+0200] {processor.py:829} INFO - Processing file /home/frederic/airflow_venv/lib/python3.10/site-packages/airflow/example_dags/example_sla_dag.py for tasks to queue
[2026-05-29T10:38:20.286+0200] {logging_mixin.py:151} INFO - [2026-05-29T10:38:20.286+0200] {dagbag.py:539} INFO - Filling up the DagBag from /home/frederic/airflow_venv/lib/python3.10/site-packages/airflow/example_dags/example_sla_dag.py
[2026-05-29T10:38:20.294+0200] {processor.py:839} INFO - DAG(s) dict_keys(['example_sla_dag']) retrieved from /home/frederic/airflow_venv/lib/python3.10/site-packages/airflow/example_dags/example_sla_dag.py
[2026-05-29T10:38:20.306+0200] {logging_mixin.py:151} INFO - [2026-05-29T10:38:20.306+0200] {dag.py:2915} INFO - Sync 1 DAGs
[2026-05-29T10:38:20.325+0200] {logging_mixin.py:151} INFO - [2026-05-29T10:38:20.325+0200] {dag.py:3696} INFO - Setting next_dagrun for example_sla_dag to 2026-05-29T08:36:00+00:00, run_after=2026-05-29T08:38:00+00:00
[2026-05-29T10:38:20.340+0200] {processor.py:179} INFO - Processing /home/frederic/airflow_venv/lib/python3.10/site-packages/airflow/example_dags/example_sla_dag.py took 0.057 seconds
[2026-05-29T10:39:04.613+0200] {processor.py:157} INFO - Started process (PID=715610) to work on /home/frederic/airflow_venv/lib/python3.10/site-packages/airflow/example_dags/example_sla_dag.py
[2026-05-29T10:39:04.614+0200] {processor.py:829} INFO - Processing file /home/frederic/airflow_venv/lib/python3.10/site-packages/airflow/example_dags/example_sla_dag.py for tasks to queue
[2026-05-29T10:39:04.615+0200] {logging_mixin.py:151} INFO - [2026-05-29T10:39:04.614+0200] {dagbag.py:539} INFO - Filling up the DagBag from /home/frederic/airflow_venv/lib/python3.10/site-packages/airflow/example_dags/example_sla_dag.py
[2026-05-29T10:39:04.626+0200] {processor.py:839} INFO - DAG(s) dict_keys(['example_sla_dag']) retrieved from /home/frederic/airflow_venv/lib/python3.10/site-packages/airflow/example_dags/example_sla_dag.py
[2026-05-29T10:39:04.643+0200] {logging_mixin.py:151} INFO - [2026-05-29T10:39:04.643+0200] {dag.py:2915} INFO - Sync 1 DAGs
[2026-05-29T10:39:04.668+0200] {logging_mixin.py:151} INFO - [2026-05-29T10:39:04.667+0200] {dag.py:3696} INFO - Setting next_dagrun for example_sla_dag to 2026-05-29T08:36:00+00:00, run_after=2026-05-29T08:38:00+00:00
[2026-05-29T10:39:04.690+0200] {processor.py:179} INFO - Processing /home/frederic/airflow_venv/lib/python3.10/site-packages/airflow/example_dags/example_sla_dag.py took 0.080 seconds
[2026-05-29T10:39:52.744+0200] {processor.py:157} INFO - Started process (PID=716219) to work on /home/frederic/airflow_venv/lib/python3.10/site-packages/airflow/example_dags/example_sla_dag.py
[2026-05-29T10:39:52.744+0200] {processor.py:829} INFO - Processing file /home/frederic/airflow_venv/lib/python3.10/site-packages/airflow/example_dags/example_sla_dag.py for tasks to queue
[2026-05-29T10:39:52.745+0200] {logging_mixin.py:151} INFO - [2026-05-29T10:39:52.745+0200] {dagbag.py:539} INFO - Filling up the DagBag from /home/frederic/airflow_venv/lib/python3.10/site-packages/airflow/example_dags/example_sla_dag.py
[2026-05-29T10:39:52.752+0200] {processor.py:839} INFO - DAG(s) dict_keys(['example_sla_dag']) retrieved from /home/frederic/airflow_venv/lib/python3.10/site-packages/airflow/example_dags/example_sla_dag.py
[2026-05-29T10:39:52.763+0200] {logging_mixin.py:151} INFO - [2026-05-29T10:39:52.763+0200] {dag.py:2915} INFO - Sync 1 DAGs
[2026-05-29T10:39:52.781+0200] {logging_mixin.py:151} INFO - [2026-05-29T10:39:52.781+0200] {dag.py:3696} INFO - Setting next_dagrun for example_sla_dag to 2026-05-29T08:36:00+00:00, run_after=2026-05-29T08:38:00+00:00
[2026-05-29T10:39:52.796+0200] {processor.py:179} INFO - Processing /home/frederic/airflow_venv/lib/python3.10/site-packages/airflow/example_dags/example_sla_dag.py took 0.054 seconds
[2026-05-29T10:40:35.040+0200] {processor.py:157} INFO - Started process (PID=716678) to work on /home/frederic/airflow_venv/lib/python3.10/site-packages/airflow/example_dags/example_sla_dag.py
[2026-05-29T10:40:35.041+0200] {processor.py:829} INFO - Processing file /home/frederic/airflow_venv/lib/python3.10/site-packages/airflow/example_dags/example_sla_dag.py for tasks to queue
[2026-05-29T10:40:35.042+0200] {logging_mixin.py:151} INFO - [2026-05-29T10:40:35.042+0200] {dagbag.py:539} INFO - Filling up the DagBag from /home/frederic/airflow_venv/lib/python3.10/site-packages/airflow/example_dags/example_sla_dag.py
[2026-05-29T10:40:35.049+0200] {processor.py:839} INFO - DAG(s) dict_keys(['example_sla_dag']) retrieved from /home/frederic/airflow_venv/lib/python3.10/site-packages/airflow/example_dags/example_sla_dag.py
[2026-05-29T10:40:35.060+0200] {logging_mixin.py:151} INFO - [2026-05-29T10:40:35.060+0200] {dag.py:2915} INFO - Sync 1 DAGs
[2026-05-29T10:40:35.082+0200] {logging_mixin.py:151} INFO - [2026-05-29T10:40:35.082+0200] {dag.py:3696} INFO - Setting next_dagrun for example_sla_dag to 2026-05-29T08:38:00+00:00, run_after=2026-05-29T08:40:00+00:00
[2026-05-29T10:40:35.101+0200] {processor.py:179} INFO - Processing /home/frederic/airflow_venv/lib/python3.10/site-packages/airflow/example_dags/example_sla_dag.py took 0.063 seconds
[2026-05-29T10:41:21.473+0200] {processor.py:157} INFO - Started process (PID=717205) to work on /home/frederic/airflow_venv/lib/python3.10/site-packages/airflow/example_dags/example_sla_dag.py
[2026-05-29T10:41:21.474+0200] {processor.py:829} INFO - Processing file /home/frederic/airflow_venv/lib/python3.10/site-packages/airflow/example_dags/example_sla_dag.py for tasks to queue
[2026-05-29T10:41:21.475+0200] {logging_mixin.py:151} INFO - [2026-05-29T10:41:21.474+0200] {dagbag.py:539} INFO - Filling up the DagBag from /home/frederic/airflow_venv/lib/python3.10/site-packages/airflow/example_dags/example_sla_dag.py
[2026-05-29T10:41:21.483+0200] {processor.py:839} INFO - DAG(s) dict_keys(['example_sla_dag']) retrieved from /home/frederic/airflow_venv/lib/python3.10/site-packages/airflow/example_dags/example_sla_dag.py
[2026-05-29T10:41:21.496+0200] {logging_mixin.py:151} INFO - [2026-05-29T10:41:21.496+0200] {dag.py:2915} INFO - Sync 1 DAGs
[2026-05-29T10:41:21.516+0200] {logging_mixin.py:151} INFO - [2026-05-29T10:41:21.516+0200] {dag.py:3696} INFO - Setting next_dagrun for example_sla_dag to 2026-05-29T08:38:00+00:00, run_after=2026-05-29T08:40:00+00:00
[2026-05-29T10:41:21.534+0200] {processor.py:179} INFO - Processing /home/frederic/airflow_venv/lib/python3.10/site-packages/airflow/example_dags/example_sla_dag.py took 0.063 seconds
[2026-05-29T10:42:07.864+0200] {processor.py:157} INFO - Started process (PID=717666) to work on /home/frederic/airflow_venv/lib/python3.10/site-packages/airflow/example_dags/example_sla_dag.py
[2026-05-29T10:42:07.865+0200] {processor.py:829} INFO - Processing file /home/frederic/airflow_venv/lib/python3.10/site-packages/airflow/example_dags/example_sla_dag.py for tasks to queue
[2026-05-29T10:42:07.866+0200] {logging_mixin.py:151} INFO - [2026-05-29T10:42:07.866+0200] {dagbag.py:539} INFO - Filling up the DagBag from /home/frederic/airflow_venv/lib/python3.10/site-packages/airflow/example_dags/example_sla_dag.py
[2026-05-29T10:42:07.878+0200] {processor.py:839} INFO - DAG(s) dict_keys(['example_sla_dag']) retrieved from /home/frederic/airflow_venv/lib/python3.10/site-packages/airflow/example_dags/example_sla_dag.py
[2026-05-29T10:42:07.899+0200] {logging_mixin.py:151} INFO - [2026-05-29T10:42:07.898+0200] {dag.py:2915} INFO - Sync 1 DAGs
[2026-05-29T10:42:07.930+0200] {logging_mixin.py:151} INFO - [2026-05-29T10:42:07.929+0200] {dag.py:3696} INFO - Setting next_dagrun for example_sla_dag to 2026-05-29T08:40:00+00:00, run_after=2026-05-29T08:42:00+00:00
[2026-05-29T10:42:07.951+0200] {processor.py:179} INFO - Processing /home/frederic/airflow_venv/lib/python3.10/site-packages/airflow/example_dags/example_sla_dag.py took 0.090 seconds
[2026-05-29T10:42:55.622+0200] {processor.py:157} INFO - Started process (PID=718126) to work on /home/frederic/airflow_venv/lib/python3.10/site-packages/airflow/example_dags/example_sla_dag.py
[2026-05-29T10:42:55.623+0200] {processor.py:829} INFO - Processing file /home/frederic/airflow_venv/lib/python3.10/site-packages/airflow/example_dags/example_sla_dag.py for tasks to queue
[2026-05-29T10:42:55.624+0200] {logging_mixin.py:151} INFO - [2026-05-29T10:42:55.623+0200] {dagbag.py:539} INFO - Filling up the DagBag from /home/frederic/airflow_venv/lib/python3.10/site-packages/airflow/example_dags/example_sla_dag.py
[2026-05-29T10:42:55.632+0200] {processor.py:839} INFO - DAG(s) dict_keys(['example_sla_dag']) retrieved from /home/frederic/airflow_venv/lib/python3.10/site-packages/airflow/example_dags/example_sla_dag.py
[2026-05-29T10:42:55.647+0200] {logging_mixin.py:151} INFO - [2026-05-29T10:42:55.646+0200] {dag.py:2915} INFO - Sync 1 DAGs
[2026-05-29T10:42:55.668+0200] {logging_mixin.py:151} INFO - [2026-05-29T10:42:55.667+0200] {dag.py:3696} INFO - Setting next_dagrun for example_sla_dag to 2026-05-29T08:40:00+00:00, run_after=2026-05-29T08:42:00+00:00
[2026-05-29T10:42:55.682+0200] {processor.py:179} INFO - Processing /home/frederic/airflow_venv/lib/python3.10/site-packages/airflow/example_dags/example_sla_dag.py took 0.062 seconds
[2026-05-29T10:43:38.447+0200] {processor.py:157} INFO - Started process (PID=718632) to work on /home/frederic/airflow_venv/lib/python3.10/site-packages/airflow/example_dags/example_sla_dag.py
[2026-05-29T10:43:38.448+0200] {processor.py:829} INFO - Processing file /home/frederic/airflow_venv/lib/python3.10/site-packages/airflow/example_dags/example_sla_dag.py for tasks to queue
[2026-05-29T10:43:38.449+0200] {logging_mixin.py:151} INFO - [2026-05-29T10:43:38.449+0200] {dagbag.py:539} INFO - Filling up the DagBag from /home/frederic/airflow_venv/lib/python3.10/site-packages/airflow/example_dags/example_sla_dag.py
[2026-05-29T10:43:38.456+0200] {processor.py:839} INFO - DAG(s) dict_keys(['example_sla_dag']) retrieved from /home/frederic/airflow_venv/lib/python3.10/site-packages/airflow/example_dags/example_sla_dag.py
[2026-05-29T10:43:38.470+0200] {logging_mixin.py:151} INFO - [2026-05-29T10:43:38.470+0200] {dag.py:2915} INFO - Sync 1 DAGs
[2026-05-29T10:43:38.490+0200] {logging_mixin.py:151} INFO - [2026-05-29T10:43:38.490+0200] {dag.py:3696} INFO - Setting next_dagrun for example_sla_dag to 2026-05-29T08:40:00+00:00, run_after=2026-05-29T08:42:00+00:00
[2026-05-29T10:43:38.508+0200] {processor.py:179} INFO - Processing /home/frederic/airflow_venv/lib/python3.10/site-packages/airflow/example_dags/example_sla_dag.py took 0.064 seconds
[2026-05-29T10:44:22.853+0200] {processor.py:157} INFO - Started process (PID=719181) to work on /home/frederic/airflow_venv/lib/python3.10/site-packages/airflow/example_dags/example_sla_dag.py
[2026-05-29T10:44:22.854+0200] {processor.py:829} INFO - Processing file /home/frederic/airflow_venv/lib/python3.10/site-packages/airflow/example_dags/example_sla_dag.py for tasks to queue
[2026-05-29T10:44:22.854+0200] {logging_mixin.py:151} INFO - [2026-05-29T10:44:22.854+0200] {dagbag.py:539} INFO - Filling up the DagBag from /home/frederic/airflow_venv/lib/python3.10/site-packages/airflow/example_dags/example_sla_dag.py
[2026-05-29T10:44:22.862+0200] {processor.py:839} INFO - DAG(s) dict_keys(['example_sla_dag']) retrieved from /home/frederic/airflow_venv/lib/python3.10/site-packages/airflow/example_dags/example_sla_dag.py
[2026-05-29T10:44:22.875+0200] {logging_mixin.py:151} INFO - [2026-05-29T10:44:22.875+0200] {dag.py:2915} INFO - Sync 1 DAGs
[2026-05-29T10:44:22.894+0200] {logging_mixin.py:151} INFO - [2026-05-29T10:44:22.894+0200] {dag.py:3696} INFO - Setting next_dagrun for example_sla_dag to 2026-05-29T08:42:00+00:00, run_after=2026-05-29T08:44:00+00:00
[2026-05-29T10:44:22.910+0200] {processor.py:179} INFO - Processing /home/frederic/airflow_venv/lib/python3.10/site-packages/airflow/example_dags/example_sla_dag.py took 0.061 seconds
[2026-05-29T10:45:12.097+0200] {processor.py:157} INFO - Started process (PID=719940) to work on /home/frederic/airflow_venv/lib/python3.10/site-packages/airflow/example_dags/example_sla_dag.py
[2026-05-29T10:45:12.098+0200] {processor.py:829} INFO - Processing file /home/frederic/airflow_venv/lib/python3.10/site-packages/airflow/example_dags/example_sla_dag.py for tasks to queue
[2026-05-29T10:45:12.098+0200] {logging_mixin.py:151} INFO - [2026-05-29T10:45:12.098+0200] {dagbag.py:539} INFO - Filling up the DagBag from /home/frederic/airflow_venv/lib/python3.10/site-packages/airflow/example_dags/example_sla_dag.py
[2026-05-29T10:45:12.105+0200] {processor.py:839} INFO - DAG(s) dict_keys(['example_sla_dag']) retrieved from /home/frederic/airflow_venv/lib/python3.10/site-packages/airflow/example_dags/example_sla_dag.py
[2026-05-29T10:45:12.119+0200] {logging_mixin.py:151} INFO - [2026-05-29T10:45:12.118+0200] {dag.py:2915} INFO - Sync 1 DAGs
[2026-05-29T10:45:12.139+0200] {logging_mixin.py:151} INFO - [2026-05-29T10:45:12.138+0200] {dag.py:3696} INFO - Setting next_dagrun for example_sla_dag to 2026-05-29T08:42:00+00:00, run_after=2026-05-29T08:44:00+00:00
[2026-05-29T10:45:12.157+0200] {processor.py:179} INFO - Processing /home/frederic/airflow_venv/lib/python3.10/site-packages/airflow/example_dags/example_sla_dag.py took 0.063 seconds
[2026-05-29T10:45:57.083+0200] {processor.py:157} INFO - Started process (PID=720371) to work on /home/frederic/airflow_venv/lib/python3.10/site-packages/airflow/example_dags/example_sla_dag.py
[2026-05-29T10:45:57.084+0200] {processor.py:829} INFO - Processing file /home/frederic/airflow_venv/lib/python3.10/site-packages/airflow/example_dags/example_sla_dag.py for tasks to queue
[2026-05-29T10:45:57.084+0200] {logging_mixin.py:151} INFO - [2026-05-29T10:45:57.084+0200] {dagbag.py:539} INFO - Filling up the DagBag from /home/frederic/airflow_venv/lib/python3.10/site-packages/airflow/example_dags/example_sla_dag.py
[2026-05-29T10:45:57.091+0200] {processor.py:839} INFO - DAG(s) dict_keys(['example_sla_dag']) retrieved from /home/frederic/airflow_venv/lib/python3.10/site-packages/airflow/example_dags/example_sla_dag.py
[2026-05-29T10:45:57.104+0200] {logging_mixin.py:151} INFO - [2026-05-29T10:45:57.104+0200] {dag.py:2915} INFO - Sync 1 DAGs
[2026-05-29T10:45:57.122+0200] {logging_mixin.py:151} INFO - [2026-05-29T10:45:57.121+0200] {dag.py:3696} INFO - Setting next_dagrun for example_sla_dag to 2026-05-29T08:42:00+00:00, run_after=2026-05-29T08:44:00+00:00
[2026-05-29T10:45:57.137+0200] {processor.py:179} INFO - Processing /home/frederic/airflow_venv/lib/python3.10/site-packages/airflow/example_dags/example_sla_dag.py took 0.056 seconds
[2026-05-29T10:46:46.970+0200] {processor.py:157} INFO - Started process (PID=720891) to work on /home/frederic/airflow_venv/lib/python3.10/site-packages/airflow/example_dags/example_sla_dag.py
[2026-05-29T10:46:46.971+0200] {processor.py:829} INFO - Processing file /home/frederic/airflow_venv/lib/python3.10/site-packages/airflow/example_dags/example_sla_dag.py for tasks to queue
[2026-05-29T10:46:46.972+0200] {logging_mixin.py:151} INFO - [2026-05-29T10:46:46.971+0200] {dagbag.py:539} INFO - Filling up the DagBag from /home/frederic/airflow_venv/lib/python3.10/site-packages/airflow/example_dags/example_sla_dag.py
[2026-05-29T10:46:46.979+0200] {processor.py:839} INFO - DAG(s) dict_keys(['example_sla_dag']) retrieved from /home/frederic/airflow_venv/lib/python3.10/site-packages/airflow/example_dags/example_sla_dag.py
[2026-05-29T10:46:46.991+0200] {logging_mixin.py:151} INFO - [2026-05-29T10:46:46.990+0200] {dag.py:2915} INFO - Sync 1 DAGs
[2026-05-29T10:46:47.008+0200] {logging_mixin.py:151} INFO - [2026-05-29T10:46:47.008+0200] {dag.py:3696} INFO - Setting next_dagrun for example_sla_dag to 2026-05-29T08:44:00+00:00, run_after=2026-05-29T08:46:00+00:00
[2026-05-29T10:46:47.023+0200] {processor.py:179} INFO - Processing /home/frederic/airflow_venv/lib/python3.10/site-packages/airflow/example_dags/example_sla_dag.py took 0.056 seconds
[2026-05-29T10:47:38.411+0200] {processor.py:157} INFO - Started process (PID=721983) to work on /home/frederic/airflow_venv/lib/python3.10/site-packages/airflow/example_dags/example_sla_dag.py
[2026-05-29T10:47:38.412+0200] {processor.py:829} INFO - Processing file /home/frederic/airflow_venv/lib/python3.10/site-packages/airflow/example_dags/example_sla_dag.py for tasks to queue
[2026-05-29T10:47:38.412+0200] {logging_mixin.py:151} INFO - [2026-05-29T10:47:38.412+0200] {dagbag.py:539} INFO - Filling up the DagBag from /home/frederic/airflow_venv/lib/python3.10/site-packages/airflow/example_dags/example_sla_dag.py
[2026-05-29T10:47:38.420+0200] {processor.py:839} INFO - DAG(s) dict_keys(['example_sla_dag']) retrieved from /home/frederic/airflow_venv/lib/python3.10/site-packages/airflow/example_dags/example_sla_dag.py
[2026-05-29T10:47:38.436+0200] {logging_mixin.py:151} INFO - [2026-05-29T10:47:38.436+0200] {dag.py:2915} INFO - Sync 1 DAGs
[2026-05-29T10:47:38.457+0200] {logging_mixin.py:151} INFO - [2026-05-29T10:47:38.457+0200] {dag.py:3696} INFO - Setting next_dagrun for example_sla_dag to 2026-05-29T08:44:00+00:00, run_after=2026-05-29T08:46:00+00:00
[2026-05-29T10:47:38.472+0200] {processor.py:179} INFO - Processing /home/frederic/airflow_venv/lib/python3.10/site-packages/airflow/example_dags/example_sla_dag.py took 0.064 seconds
[2026-05-29T10:48:20.879+0200] {processor.py:157} INFO - Started process (PID=722491) to work on /home/frederic/airflow_venv/lib/python3.10/site-packages/airflow/example_dags/example_sla_dag.py
[2026-05-29T10:48:20.880+0200] {processor.py:829} INFO - Processing file /home/frederic/airflow_venv/lib/python3.10/site-packages/airflow/example_dags/example_sla_dag.py for tasks to queue
[2026-05-29T10:48:20.881+0200] {logging_mixin.py:151} INFO - [2026-05-29T10:48:20.880+0200] {dagbag.py:539} INFO - Filling up the DagBag from /home/frederic/airflow_venv/lib/python3.10/site-packages/airflow/example_dags/example_sla_dag.py
[2026-05-29T10:48:20.889+0200] {processor.py:839} INFO - DAG(s) dict_keys(['example_sla_dag']) retrieved from /home/frederic/airflow_venv/lib/python3.10/site-packages/airflow/example_dags/example_sla_dag.py
[2026-05-29T10:48:20.901+0200] {logging_mixin.py:151} INFO - [2026-05-29T10:48:20.901+0200] {dag.py:2915} INFO - Sync 1 DAGs
[2026-05-29T10:48:20.921+0200] {logging_mixin.py:151} INFO - [2026-05-29T10:48:20.921+0200] {dag.py:3696} INFO - Setting next_dagrun for example_sla_dag to 2026-05-29T08:46:00+00:00, run_after=2026-05-29T08:48:00+00:00
[2026-05-29T10:48:20.939+0200] {processor.py:179} INFO - Processing /home/frederic/airflow_venv/lib/python3.10/site-packages/airflow/example_dags/example_sla_dag.py took 0.062 seconds
[2026-05-29T10:49:03.692+0200] {processor.py:157} INFO - Started process (PID=722988) to work on /home/frederic/airflow_venv/lib/python3.10/site-packages/airflow/example_dags/example_sla_dag.py
[2026-05-29T10:49:03.693+0200] {processor.py:829} INFO - Processing file /home/frederic/airflow_venv/lib/python3.10/site-packages/airflow/example_dags/example_sla_dag.py for tasks to queue
[2026-05-29T10:49:03.694+0200] {logging_mixin.py:151} INFO - [2026-05-29T10:49:03.694+0200] {dagbag.py:539} INFO - Filling up the DagBag from /home/frederic/airflow_venv/lib/python3.10/site-packages/airflow/example_dags/example_sla_dag.py
[2026-05-29T10:49:03.701+0200] {processor.py:839} INFO - DAG(s) dict_keys(['example_sla_dag']) retrieved from /home/frederic/airflow_venv/lib/python3.10/site-packages/airflow/example_dags/example_sla_dag.py
[2026-05-29T10:49:03.713+0200] {logging_mixin.py:151} INFO - [2026-05-29T10:49:03.713+0200] {dag.py:2915} INFO - Sync 1 DAGs
[2026-05-29T10:49:03.732+0200] {logging_mixin.py:151} INFO - [2026-05-29T10:49:03.732+0200] {dag.py:3696} INFO - Setting next_dagrun for example_sla_dag to 2026-05-29T08:46:00+00:00, run_after=2026-05-29T08:48:00+00:00
[2026-05-29T10:49:03.751+0200] {processor.py:179} INFO - Processing /home/frederic/airflow_venv/lib/python3.10/site-packages/airflow/example_dags/example_sla_dag.py took 0.062 seconds
[2026-05-29T10:49:52.209+0200] {processor.py:157} INFO - Started process (PID=723433) to work on /home/frederic/airflow_venv/lib/python3.10/site-packages/airflow/example_dags/example_sla_dag.py
[2026-05-29T10:49:52.210+0200] {processor.py:829} INFO - Processing file /home/frederic/airflow_venv/lib/python3.10/site-packages/airflow/example_dags/example_sla_dag.py for tasks to queue
[2026-05-29T10:49:52.211+0200] {logging_mixin.py:151} INFO - [2026-05-29T10:49:52.210+0200] {dagbag.py:539} INFO - Filling up the DagBag from /home/frederic/airflow_venv/lib/python3.10/site-packages/airflow/example_dags/example_sla_dag.py
[2026-05-29T10:49:52.219+0200] {processor.py:839} INFO - DAG(s) dict_keys(['example_sla_dag']) retrieved from /home/frederic/airflow_venv/lib/python3.10/site-packages/airflow/example_dags/example_sla_dag.py
[2026-05-29T10:49:52.231+0200] {logging_mixin.py:151} INFO - [2026-05-29T10:49:52.231+0200] {dag.py:2915} INFO - Sync 1 DAGs
[2026-05-29T10:49:52.253+0200] {logging_mixin.py:151} INFO - [2026-05-29T10:49:52.252+0200] {dag.py:3696} INFO - Setting next_dagrun for example_sla_dag to 2026-05-29T08:46:00+00:00, run_after=2026-05-29T08:48:00+00:00
[2026-05-29T10:49:52.269+0200] {processor.py:179} INFO - Processing /home/frederic/airflow_venv/lib/python3.10/site-packages/airflow/example_dags/example_sla_dag.py took 0.063 seconds
[2026-05-29T10:50:39.592+0200] {processor.py:157} INFO - Started process (PID=723919) to work on /home/frederic/airflow_venv/lib/python3.10/site-packages/airflow/example_dags/example_sla_dag.py
[2026-05-29T10:50:39.593+0200] {processor.py:829} INFO - Processing file /home/frederic/airflow_venv/lib/python3.10/site-packages/airflow/example_dags/example_sla_dag.py for tasks to queue
[2026-05-29T10:50:39.593+0200] {logging_mixin.py:151} INFO - [2026-05-29T10:50:39.593+0200] {dagbag.py:539} INFO - Filling up the DagBag from /home/frederic/airflow_venv/lib/python3.10/site-packages/airflow/example_dags/example_sla_dag.py
[2026-05-29T10:50:39.601+0200] {processor.py:839} INFO - DAG(s) dict_keys(['example_sla_dag']) retrieved from /home/frederic/airflow_venv/lib/python3.10/site-packages/airflow/example_dags/example_sla_dag.py
[2026-05-29T10:50:39.613+0200] {logging_mixin.py:151} INFO - [2026-05-29T10:50:39.613+0200] {dag.py:2915} INFO - Sync 1 DAGs
[2026-05-29T10:50:39.634+0200] {logging_mixin.py:151} INFO - [2026-05-29T10:50:39.634+0200] {dag.py:3696} INFO - Setting next_dagrun for example_sla_dag to 2026-05-29T08:48:00+00:00, run_after=2026-05-29T08:50:00+00:00
[2026-05-29T10:50:39.651+0200] {processor.py:179} INFO - Processing /home/frederic/airflow_venv/lib/python3.10/site-packages/airflow/example_dags/example_sla_dag.py took 0.062 seconds
[2026-05-29T10:51:23.604+0200] {processor.py:157} INFO - Started process (PID=724431) to work on /home/frederic/airflow_venv/lib/python3.10/site-packages/airflow/example_dags/example_sla_dag.py
[2026-05-29T10:51:23.605+0200] {processor.py:829} INFO - Processing file /home/frederic/airflow_venv/lib/python3.10/site-packages/airflow/example_dags/example_sla_dag.py for tasks to queue
[2026-05-29T10:51:23.606+0200] {logging_mixin.py:151} INFO - [2026-05-29T10:51:23.605+0200] {dagbag.py:539} INFO - Filling up the DagBag from /home/frederic/airflow_venv/lib/python3.10/site-packages/airflow/example_dags/example_sla_dag.py
[2026-05-29T10:51:23.613+0200] {processor.py:839} INFO - DAG(s) dict_keys(['example_sla_dag']) retrieved from /home/frederic/airflow_venv/lib/python3.10/site-packages/airflow/example_dags/example_sla_dag.py
[2026-05-29T10:51:23.627+0200] {logging_mixin.py:151} INFO - [2026-05-29T10:51:23.627+0200] {dag.py:2915} INFO - Sync 1 DAGs
[2026-05-29T10:51:23.656+0200] {logging_mixin.py:151} INFO - [2026-05-29T10:51:23.656+0200] {dag.py:3696} INFO - Setting next_dagrun for example_sla_dag to 2026-05-29T08:48:00+00:00, run_after=2026-05-29T08:50:00+00:00
[2026-05-29T10:51:23.673+0200] {processor.py:179} INFO - Processing /home/frederic/airflow_venv/lib/python3.10/site-packages/airflow/example_dags/example_sla_dag.py took 0.072 seconds
