[2026-05-29T02:00:14.153+0200] {processor.py:157} INFO - Started process (PID=633372) to work on /home/frederic/airflow_venv/lib/python3.10/site-packages/airflow/example_dags/example_datasets.py
[2026-05-29T02:00:14.154+0200] {processor.py:829} INFO - Processing file /home/frederic/airflow_venv/lib/python3.10/site-packages/airflow/example_dags/example_datasets.py for tasks to queue
[2026-05-29T02:00:14.155+0200] {logging_mixin.py:151} INFO - [2026-05-29T02:00:14.155+0200] {dagbag.py:539} INFO - Filling up the DagBag from /home/frederic/airflow_venv/lib/python3.10/site-packages/airflow/example_dags/example_datasets.py
[2026-05-29T02:00:14.163+0200] {processor.py:839} INFO - DAG(s) dict_keys(['dataset_produces_2', 'dataset_consumes_1', 'dataset_consumes_unknown_never_scheduled', 'dataset_produces_1', 'dataset_consumes_1_and_2', 'dataset_consumes_1_never_scheduled']) retrieved from /home/frederic/airflow_venv/lib/python3.10/site-packages/airflow/example_dags/example_datasets.py
[2026-05-29T02:00:14.186+0200] {logging_mixin.py:151} INFO - [2026-05-29T02:00:14.186+0200] {dag.py:2915} INFO - Sync 6 DAGs
[2026-05-29T02:00:14.205+0200] {logging_mixin.py:151} INFO - [2026-05-29T02:00:14.205+0200] {dag.py:3696} INFO - Setting next_dagrun for dataset_consumes_1 to None, run_after=None
[2026-05-29T02:00:14.208+0200] {logging_mixin.py:151} INFO - [2026-05-29T02:00:14.208+0200] {dag.py:3696} INFO - Setting next_dagrun for dataset_consumes_1_and_2 to None, run_after=None
[2026-05-29T02:00:14.208+0200] {logging_mixin.py:151} INFO - [2026-05-29T02:00:14.208+0200] {dag.py:3696} INFO - Setting next_dagrun for dataset_consumes_1_never_scheduled to None, run_after=None
[2026-05-29T02:00:14.209+0200] {logging_mixin.py:151} INFO - [2026-05-29T02:00:14.209+0200] {dag.py:3696} INFO - Setting next_dagrun for dataset_consumes_unknown_never_scheduled to None, run_after=None
[2026-05-29T02:00:14.212+0200] {logging_mixin.py:151} INFO - [2026-05-29T02:00:14.212+0200] {dag.py:3696} INFO - Setting next_dagrun for dataset_produces_1 to 2026-05-28T00:00:00+00:00, run_after=2026-05-29T00:00:00+00:00
[2026-05-29T02:00:14.213+0200] {logging_mixin.py:151} INFO - [2026-05-29T02:00:14.212+0200] {dag.py:3696} INFO - Setting next_dagrun for dataset_produces_2 to None, run_after=None
[2026-05-29T02:00:14.236+0200] {processor.py:179} INFO - Processing /home/frederic/airflow_venv/lib/python3.10/site-packages/airflow/example_dags/example_datasets.py took 0.086 seconds
[2026-05-29T02:00:26.587+0200] {processor.py:157} INFO - Started process (PID=633872) to work on /home/frederic/airflow_venv/lib/python3.10/site-packages/airflow/example_dags/example_datasets.py
[2026-05-29T02:00:26.588+0200] {processor.py:829} INFO - Processing file /home/frederic/airflow_venv/lib/python3.10/site-packages/airflow/example_dags/example_datasets.py for tasks to queue
[2026-05-29T02:00:26.589+0200] {logging_mixin.py:151} INFO - [2026-05-29T02:00:26.589+0200] {dagbag.py:539} INFO - Filling up the DagBag from /home/frederic/airflow_venv/lib/python3.10/site-packages/airflow/example_dags/example_datasets.py
[2026-05-29T02:00:26.599+0200] {processor.py:839} INFO - DAG(s) dict_keys(['dataset_produces_2', 'dataset_consumes_1', 'dataset_consumes_1_and_2', 'dataset_produces_1', 'dataset_consumes_1_never_scheduled', 'dataset_consumes_unknown_never_scheduled']) retrieved from /home/frederic/airflow_venv/lib/python3.10/site-packages/airflow/example_dags/example_datasets.py
[2026-05-29T02:00:26.624+0200] {logging_mixin.py:151} INFO - [2026-05-29T02:00:26.623+0200] {dag.py:2915} INFO - Sync 6 DAGs
[2026-05-29T02:00:26.642+0200] {logging_mixin.py:151} INFO - [2026-05-29T02:00:26.642+0200] {dag.py:3696} INFO - Setting next_dagrun for dataset_consumes_1 to None, run_after=None
[2026-05-29T02:00:26.644+0200] {logging_mixin.py:151} INFO - [2026-05-29T02:00:26.644+0200] {dag.py:3696} INFO - Setting next_dagrun for dataset_consumes_1_and_2 to None, run_after=None
[2026-05-29T02:00:26.645+0200] {logging_mixin.py:151} INFO - [2026-05-29T02:00:26.645+0200] {dag.py:3696} INFO - Setting next_dagrun for dataset_consumes_1_never_scheduled to None, run_after=None
[2026-05-29T02:00:26.646+0200] {logging_mixin.py:151} INFO - [2026-05-29T02:00:26.646+0200] {dag.py:3696} INFO - Setting next_dagrun for dataset_consumes_unknown_never_scheduled to None, run_after=None
[2026-05-29T02:00:26.648+0200] {logging_mixin.py:151} INFO - [2026-05-29T02:00:26.648+0200] {dag.py:3696} INFO - Setting next_dagrun for dataset_produces_1 to 2026-05-28T00:00:00+00:00, run_after=2026-05-29T00:00:00+00:00
[2026-05-29T02:00:26.649+0200] {logging_mixin.py:151} INFO - [2026-05-29T02:00:26.649+0200] {dag.py:3696} INFO - Setting next_dagrun for dataset_produces_2 to None, run_after=None
[2026-05-29T02:00:26.674+0200] {processor.py:179} INFO - Processing /home/frederic/airflow_venv/lib/python3.10/site-packages/airflow/example_dags/example_datasets.py took 0.089 seconds
[2026-05-29T02:00:58.612+0200] {processor.py:157} INFO - Started process (PID=634810) to work on /home/frederic/airflow_venv/lib/python3.10/site-packages/airflow/example_dags/example_datasets.py
[2026-05-29T02:00:58.613+0200] {processor.py:829} INFO - Processing file /home/frederic/airflow_venv/lib/python3.10/site-packages/airflow/example_dags/example_datasets.py for tasks to queue
[2026-05-29T02:00:58.614+0200] {logging_mixin.py:151} INFO - [2026-05-29T02:00:58.614+0200] {dagbag.py:539} INFO - Filling up the DagBag from /home/frederic/airflow_venv/lib/python3.10/site-packages/airflow/example_dags/example_datasets.py
[2026-05-29T02:00:58.623+0200] {processor.py:839} INFO - DAG(s) dict_keys(['dataset_consumes_1_never_scheduled', 'dataset_produces_1', 'dataset_consumes_1', 'dataset_consumes_1_and_2', 'dataset_produces_2', 'dataset_consumes_unknown_never_scheduled']) retrieved from /home/frederic/airflow_venv/lib/python3.10/site-packages/airflow/example_dags/example_datasets.py
[2026-05-29T02:00:58.650+0200] {logging_mixin.py:151} INFO - [2026-05-29T02:00:58.649+0200] {dag.py:2915} INFO - Sync 6 DAGs
[2026-05-29T02:00:58.668+0200] {logging_mixin.py:151} INFO - [2026-05-29T02:00:58.668+0200] {dag.py:3696} INFO - Setting next_dagrun for dataset_consumes_1 to None, run_after=None
[2026-05-29T02:00:58.670+0200] {logging_mixin.py:151} INFO - [2026-05-29T02:00:58.670+0200] {dag.py:3696} INFO - Setting next_dagrun for dataset_consumes_1_and_2 to None, run_after=None
[2026-05-29T02:00:58.671+0200] {logging_mixin.py:151} INFO - [2026-05-29T02:00:58.671+0200] {dag.py:3696} INFO - Setting next_dagrun for dataset_consumes_1_never_scheduled to None, run_after=None
[2026-05-29T02:00:58.672+0200] {logging_mixin.py:151} INFO - [2026-05-29T02:00:58.672+0200] {dag.py:3696} INFO - Setting next_dagrun for dataset_consumes_unknown_never_scheduled to None, run_after=None
[2026-05-29T02:00:58.674+0200] {logging_mixin.py:151} INFO - [2026-05-29T02:00:58.674+0200] {dag.py:3696} INFO - Setting next_dagrun for dataset_produces_1 to 2026-05-28T00:00:00+00:00, run_after=2026-05-29T00:00:00+00:00
[2026-05-29T02:00:58.675+0200] {logging_mixin.py:151} INFO - [2026-05-29T02:00:58.675+0200] {dag.py:3696} INFO - Setting next_dagrun for dataset_produces_2 to None, run_after=None
[2026-05-29T02:00:58.701+0200] {processor.py:179} INFO - Processing /home/frederic/airflow_venv/lib/python3.10/site-packages/airflow/example_dags/example_datasets.py took 0.091 seconds
[2026-05-29T02:01:28.424+0200] {processor.py:157} INFO - Started process (PID=635675) to work on /home/frederic/airflow_venv/lib/python3.10/site-packages/airflow/example_dags/example_datasets.py
[2026-05-29T02:01:28.425+0200] {processor.py:829} INFO - Processing file /home/frederic/airflow_venv/lib/python3.10/site-packages/airflow/example_dags/example_datasets.py for tasks to queue
[2026-05-29T02:01:28.425+0200] {logging_mixin.py:151} INFO - [2026-05-29T02:01:28.425+0200] {dagbag.py:539} INFO - Filling up the DagBag from /home/frederic/airflow_venv/lib/python3.10/site-packages/airflow/example_dags/example_datasets.py
[2026-05-29T02:01:28.434+0200] {processor.py:839} INFO - DAG(s) dict_keys(['dataset_produces_1', 'dataset_produces_2', 'dataset_consumes_1_and_2', 'dataset_consumes_1_never_scheduled', 'dataset_consumes_1', 'dataset_consumes_unknown_never_scheduled']) retrieved from /home/frederic/airflow_venv/lib/python3.10/site-packages/airflow/example_dags/example_datasets.py
[2026-05-29T02:01:28.456+0200] {logging_mixin.py:151} INFO - [2026-05-29T02:01:28.456+0200] {dag.py:2915} INFO - Sync 6 DAGs
[2026-05-29T02:01:28.474+0200] {logging_mixin.py:151} INFO - [2026-05-29T02:01:28.474+0200] {dag.py:3696} INFO - Setting next_dagrun for dataset_consumes_1 to None, run_after=None
[2026-05-29T02:01:28.477+0200] {logging_mixin.py:151} INFO - [2026-05-29T02:01:28.477+0200] {dag.py:3696} INFO - Setting next_dagrun for dataset_consumes_1_and_2 to None, run_after=None
[2026-05-29T02:01:28.478+0200] {logging_mixin.py:151} INFO - [2026-05-29T02:01:28.478+0200] {dag.py:3696} INFO - Setting next_dagrun for dataset_consumes_1_never_scheduled to None, run_after=None
[2026-05-29T02:01:28.478+0200] {logging_mixin.py:151} INFO - [2026-05-29T02:01:28.478+0200] {dag.py:3696} INFO - Setting next_dagrun for dataset_consumes_unknown_never_scheduled to None, run_after=None
[2026-05-29T02:01:28.481+0200] {logging_mixin.py:151} INFO - [2026-05-29T02:01:28.481+0200] {dag.py:3696} INFO - Setting next_dagrun for dataset_produces_1 to 2026-05-28T00:00:00+00:00, run_after=2026-05-29T00:00:00+00:00
[2026-05-29T02:01:28.482+0200] {logging_mixin.py:151} INFO - [2026-05-29T02:01:28.481+0200] {dag.py:3696} INFO - Setting next_dagrun for dataset_produces_2 to None, run_after=None
[2026-05-29T02:01:28.503+0200] {processor.py:179} INFO - Processing /home/frederic/airflow_venv/lib/python3.10/site-packages/airflow/example_dags/example_datasets.py took 0.082 seconds
[2026-05-29T02:01:42.457+0200] {processor.py:157} INFO - Started process (PID=636082) to work on /home/frederic/airflow_venv/lib/python3.10/site-packages/airflow/example_dags/example_datasets.py
[2026-05-29T02:01:42.458+0200] {processor.py:829} INFO - Processing file /home/frederic/airflow_venv/lib/python3.10/site-packages/airflow/example_dags/example_datasets.py for tasks to queue
[2026-05-29T02:01:42.459+0200] {logging_mixin.py:151} INFO - [2026-05-29T02:01:42.459+0200] {dagbag.py:539} INFO - Filling up the DagBag from /home/frederic/airflow_venv/lib/python3.10/site-packages/airflow/example_dags/example_datasets.py
[2026-05-29T02:01:42.467+0200] {processor.py:839} INFO - DAG(s) dict_keys(['dataset_produces_1', 'dataset_consumes_1_and_2', 'dataset_produces_2', 'dataset_consumes_1', 'dataset_consumes_1_never_scheduled', 'dataset_consumes_unknown_never_scheduled']) retrieved from /home/frederic/airflow_venv/lib/python3.10/site-packages/airflow/example_dags/example_datasets.py
[2026-05-29T02:01:42.490+0200] {logging_mixin.py:151} INFO - [2026-05-29T02:01:42.490+0200] {dag.py:2915} INFO - Sync 6 DAGs
[2026-05-29T02:01:42.507+0200] {logging_mixin.py:151} INFO - [2026-05-29T02:01:42.507+0200] {dag.py:3696} INFO - Setting next_dagrun for dataset_consumes_1 to None, run_after=None
[2026-05-29T02:01:42.509+0200] {logging_mixin.py:151} INFO - [2026-05-29T02:01:42.509+0200] {dag.py:3696} INFO - Setting next_dagrun for dataset_consumes_1_and_2 to None, run_after=None
[2026-05-29T02:01:42.510+0200] {logging_mixin.py:151} INFO - [2026-05-29T02:01:42.510+0200] {dag.py:3696} INFO - Setting next_dagrun for dataset_consumes_1_never_scheduled to None, run_after=None
[2026-05-29T02:01:42.511+0200] {logging_mixin.py:151} INFO - [2026-05-29T02:01:42.511+0200] {dag.py:3696} INFO - Setting next_dagrun for dataset_consumes_unknown_never_scheduled to None, run_after=None
[2026-05-29T02:01:42.513+0200] {logging_mixin.py:151} INFO - [2026-05-29T02:01:42.513+0200] {dag.py:3696} INFO - Setting next_dagrun for dataset_produces_1 to 2026-05-28T00:00:00+00:00, run_after=2026-05-29T00:00:00+00:00
[2026-05-29T02:01:42.514+0200] {logging_mixin.py:151} INFO - [2026-05-29T02:01:42.514+0200] {dag.py:3696} INFO - Setting next_dagrun for dataset_produces_2 to None, run_after=None
[2026-05-29T02:01:42.536+0200] {processor.py:179} INFO - Processing /home/frederic/airflow_venv/lib/python3.10/site-packages/airflow/example_dags/example_datasets.py took 0.082 seconds
[2026-05-29T02:02:17.985+0200] {processor.py:157} INFO - Started process (PID=637130) to work on /home/frederic/airflow_venv/lib/python3.10/site-packages/airflow/example_dags/example_datasets.py
[2026-05-29T02:02:17.986+0200] {processor.py:829} INFO - Processing file /home/frederic/airflow_venv/lib/python3.10/site-packages/airflow/example_dags/example_datasets.py for tasks to queue
[2026-05-29T02:02:17.987+0200] {logging_mixin.py:151} INFO - [2026-05-29T02:02:17.986+0200] {dagbag.py:539} INFO - Filling up the DagBag from /home/frederic/airflow_venv/lib/python3.10/site-packages/airflow/example_dags/example_datasets.py
[2026-05-29T02:02:17.997+0200] {processor.py:839} INFO - DAG(s) dict_keys(['dataset_consumes_1_and_2', 'dataset_consumes_1', 'dataset_produces_2', 'dataset_consumes_1_never_scheduled', 'dataset_consumes_unknown_never_scheduled', 'dataset_produces_1']) retrieved from /home/frederic/airflow_venv/lib/python3.10/site-packages/airflow/example_dags/example_datasets.py
[2026-05-29T02:02:18.030+0200] {logging_mixin.py:151} INFO - [2026-05-29T02:02:18.029+0200] {dag.py:2915} INFO - Sync 6 DAGs
[2026-05-29T02:02:18.054+0200] {logging_mixin.py:151} INFO - [2026-05-29T02:02:18.054+0200] {dag.py:3696} INFO - Setting next_dagrun for dataset_consumes_1 to None, run_after=None
[2026-05-29T02:02:18.057+0200] {logging_mixin.py:151} INFO - [2026-05-29T02:02:18.057+0200] {dag.py:3696} INFO - Setting next_dagrun for dataset_consumes_1_and_2 to None, run_after=None
[2026-05-29T02:02:18.058+0200] {logging_mixin.py:151} INFO - [2026-05-29T02:02:18.058+0200] {dag.py:3696} INFO - Setting next_dagrun for dataset_consumes_1_never_scheduled to None, run_after=None
[2026-05-29T02:02:18.059+0200] {logging_mixin.py:151} INFO - [2026-05-29T02:02:18.059+0200] {dag.py:3696} INFO - Setting next_dagrun for dataset_consumes_unknown_never_scheduled to None, run_after=None
[2026-05-29T02:02:18.064+0200] {logging_mixin.py:151} INFO - [2026-05-29T02:02:18.063+0200] {dag.py:3696} INFO - Setting next_dagrun for dataset_produces_1 to 2026-05-28T00:00:00+00:00, run_after=2026-05-29T00:00:00+00:00
[2026-05-29T02:02:18.066+0200] {logging_mixin.py:151} INFO - [2026-05-29T02:02:18.065+0200] {dag.py:3696} INFO - Setting next_dagrun for dataset_produces_2 to None, run_after=None
[2026-05-29T02:02:18.101+0200] {processor.py:179} INFO - Processing /home/frederic/airflow_venv/lib/python3.10/site-packages/airflow/example_dags/example_datasets.py took 0.118 seconds
[2026-05-29T02:02:28.695+0200] {processor.py:157} INFO - Started process (PID=637495) to work on /home/frederic/airflow_venv/lib/python3.10/site-packages/airflow/example_dags/example_datasets.py
[2026-05-29T02:02:28.695+0200] {processor.py:829} INFO - Processing file /home/frederic/airflow_venv/lib/python3.10/site-packages/airflow/example_dags/example_datasets.py for tasks to queue
[2026-05-29T02:02:28.696+0200] {logging_mixin.py:151} INFO - [2026-05-29T02:02:28.696+0200] {dagbag.py:539} INFO - Filling up the DagBag from /home/frederic/airflow_venv/lib/python3.10/site-packages/airflow/example_dags/example_datasets.py
[2026-05-29T02:02:28.706+0200] {processor.py:839} INFO - DAG(s) dict_keys(['dataset_consumes_1', 'dataset_consumes_1_and_2', 'dataset_consumes_unknown_never_scheduled', 'dataset_consumes_1_never_scheduled', 'dataset_produces_2', 'dataset_produces_1']) retrieved from /home/frederic/airflow_venv/lib/python3.10/site-packages/airflow/example_dags/example_datasets.py
[2026-05-29T02:02:28.738+0200] {logging_mixin.py:151} INFO - [2026-05-29T02:02:28.738+0200] {dag.py:2915} INFO - Sync 6 DAGs
[2026-05-29T02:02:28.757+0200] {logging_mixin.py:151} INFO - [2026-05-29T02:02:28.757+0200] {dag.py:3696} INFO - Setting next_dagrun for dataset_consumes_1 to None, run_after=None
[2026-05-29T02:02:28.760+0200] {logging_mixin.py:151} INFO - [2026-05-29T02:02:28.760+0200] {dag.py:3696} INFO - Setting next_dagrun for dataset_consumes_1_and_2 to None, run_after=None
[2026-05-29T02:02:28.761+0200] {logging_mixin.py:151} INFO - [2026-05-29T02:02:28.761+0200] {dag.py:3696} INFO - Setting next_dagrun for dataset_consumes_1_never_scheduled to None, run_after=None
[2026-05-29T02:02:28.762+0200] {logging_mixin.py:151} INFO - [2026-05-29T02:02:28.761+0200] {dag.py:3696} INFO - Setting next_dagrun for dataset_consumes_unknown_never_scheduled to None, run_after=None
[2026-05-29T02:02:28.764+0200] {logging_mixin.py:151} INFO - [2026-05-29T02:02:28.764+0200] {dag.py:3696} INFO - Setting next_dagrun for dataset_produces_1 to 2026-05-28T00:00:00+00:00, run_after=2026-05-29T00:00:00+00:00
[2026-05-29T02:02:28.765+0200] {logging_mixin.py:151} INFO - [2026-05-29T02:02:28.765+0200] {dag.py:3696} INFO - Setting next_dagrun for dataset_produces_2 to None, run_after=None
[2026-05-29T02:02:28.790+0200] {processor.py:179} INFO - Processing /home/frederic/airflow_venv/lib/python3.10/site-packages/airflow/example_dags/example_datasets.py took 0.098 seconds
[2026-05-29T02:03:07.219+0200] {processor.py:157} INFO - Started process (PID=638474) to work on /home/frederic/airflow_venv/lib/python3.10/site-packages/airflow/example_dags/example_datasets.py
[2026-05-29T02:03:07.220+0200] {processor.py:829} INFO - Processing file /home/frederic/airflow_venv/lib/python3.10/site-packages/airflow/example_dags/example_datasets.py for tasks to queue
[2026-05-29T02:03:07.222+0200] {logging_mixin.py:151} INFO - [2026-05-29T02:03:07.221+0200] {dagbag.py:539} INFO - Filling up the DagBag from /home/frederic/airflow_venv/lib/python3.10/site-packages/airflow/example_dags/example_datasets.py
[2026-05-29T02:03:07.236+0200] {processor.py:839} INFO - DAG(s) dict_keys(['dataset_consumes_unknown_never_scheduled', 'dataset_consumes_1_never_scheduled', 'dataset_produces_2', 'dataset_consumes_1_and_2', 'dataset_produces_1', 'dataset_consumes_1']) retrieved from /home/frederic/airflow_venv/lib/python3.10/site-packages/airflow/example_dags/example_datasets.py
[2026-05-29T02:03:07.267+0200] {logging_mixin.py:151} INFO - [2026-05-29T02:03:07.267+0200] {dag.py:2915} INFO - Sync 6 DAGs
[2026-05-29T02:03:07.286+0200] {logging_mixin.py:151} INFO - [2026-05-29T02:03:07.286+0200] {dag.py:3696} INFO - Setting next_dagrun for dataset_consumes_1 to None, run_after=None
[2026-05-29T02:03:07.289+0200] {logging_mixin.py:151} INFO - [2026-05-29T02:03:07.289+0200] {dag.py:3696} INFO - Setting next_dagrun for dataset_consumes_1_and_2 to None, run_after=None
[2026-05-29T02:03:07.290+0200] {logging_mixin.py:151} INFO - [2026-05-29T02:03:07.290+0200] {dag.py:3696} INFO - Setting next_dagrun for dataset_consumes_1_never_scheduled to None, run_after=None
[2026-05-29T02:03:07.290+0200] {logging_mixin.py:151} INFO - [2026-05-29T02:03:07.290+0200] {dag.py:3696} INFO - Setting next_dagrun for dataset_consumes_unknown_never_scheduled to None, run_after=None
[2026-05-29T02:03:07.293+0200] {logging_mixin.py:151} INFO - [2026-05-29T02:03:07.293+0200] {dag.py:3696} INFO - Setting next_dagrun for dataset_produces_1 to 2026-05-28T00:00:00+00:00, run_after=2026-05-29T00:00:00+00:00
[2026-05-29T02:03:07.294+0200] {logging_mixin.py:151} INFO - [2026-05-29T02:03:07.294+0200] {dag.py:3696} INFO - Setting next_dagrun for dataset_produces_2 to None, run_after=None
[2026-05-29T02:03:07.460+0200] {processor.py:179} INFO - Processing /home/frederic/airflow_venv/lib/python3.10/site-packages/airflow/example_dags/example_datasets.py took 0.244 seconds
[2026-05-29T02:03:19.488+0200] {processor.py:157} INFO - Started process (PID=638885) to work on /home/frederic/airflow_venv/lib/python3.10/site-packages/airflow/example_dags/example_datasets.py
[2026-05-29T02:03:19.489+0200] {processor.py:829} INFO - Processing file /home/frederic/airflow_venv/lib/python3.10/site-packages/airflow/example_dags/example_datasets.py for tasks to queue
[2026-05-29T02:03:19.490+0200] {logging_mixin.py:151} INFO - [2026-05-29T02:03:19.490+0200] {dagbag.py:539} INFO - Filling up the DagBag from /home/frederic/airflow_venv/lib/python3.10/site-packages/airflow/example_dags/example_datasets.py
[2026-05-29T02:03:19.502+0200] {processor.py:839} INFO - DAG(s) dict_keys(['dataset_consumes_1', 'dataset_produces_1', 'dataset_consumes_1_never_scheduled', 'dataset_produces_2', 'dataset_consumes_1_and_2', 'dataset_consumes_unknown_never_scheduled']) retrieved from /home/frederic/airflow_venv/lib/python3.10/site-packages/airflow/example_dags/example_datasets.py
[2026-05-29T02:03:19.530+0200] {logging_mixin.py:151} INFO - [2026-05-29T02:03:19.530+0200] {dag.py:2915} INFO - Sync 6 DAGs
[2026-05-29T02:03:19.548+0200] {logging_mixin.py:151} INFO - [2026-05-29T02:03:19.548+0200] {dag.py:3696} INFO - Setting next_dagrun for dataset_consumes_1 to None, run_after=None
[2026-05-29T02:03:19.551+0200] {logging_mixin.py:151} INFO - [2026-05-29T02:03:19.550+0200] {dag.py:3696} INFO - Setting next_dagrun for dataset_consumes_1_and_2 to None, run_after=None
[2026-05-29T02:03:19.551+0200] {logging_mixin.py:151} INFO - [2026-05-29T02:03:19.551+0200] {dag.py:3696} INFO - Setting next_dagrun for dataset_consumes_1_never_scheduled to None, run_after=None
[2026-05-29T02:03:19.552+0200] {logging_mixin.py:151} INFO - [2026-05-29T02:03:19.552+0200] {dag.py:3696} INFO - Setting next_dagrun for dataset_consumes_unknown_never_scheduled to None, run_after=None
[2026-05-29T02:03:19.554+0200] {logging_mixin.py:151} INFO - [2026-05-29T02:03:19.554+0200] {dag.py:3696} INFO - Setting next_dagrun for dataset_produces_1 to 2026-05-28T00:00:00+00:00, run_after=2026-05-29T00:00:00+00:00
[2026-05-29T02:03:19.555+0200] {logging_mixin.py:151} INFO - [2026-05-29T02:03:19.555+0200] {dag.py:3696} INFO - Setting next_dagrun for dataset_produces_2 to None, run_after=None
[2026-05-29T02:03:19.579+0200] {processor.py:179} INFO - Processing /home/frederic/airflow_venv/lib/python3.10/site-packages/airflow/example_dags/example_datasets.py took 0.093 seconds
[2026-05-29T02:03:56.534+0200] {processor.py:157} INFO - Started process (PID=640085) to work on /home/frederic/airflow_venv/lib/python3.10/site-packages/airflow/example_dags/example_datasets.py
[2026-05-29T02:03:56.542+0200] {processor.py:829} INFO - Processing file /home/frederic/airflow_venv/lib/python3.10/site-packages/airflow/example_dags/example_datasets.py for tasks to queue
[2026-05-29T02:03:56.543+0200] {logging_mixin.py:151} INFO - [2026-05-29T02:03:56.543+0200] {dagbag.py:539} INFO - Filling up the DagBag from /home/frederic/airflow_venv/lib/python3.10/site-packages/airflow/example_dags/example_datasets.py
[2026-05-29T02:03:56.565+0200] {processor.py:839} INFO - DAG(s) dict_keys(['dataset_consumes_1', 'dataset_consumes_unknown_never_scheduled', 'dataset_consumes_1_and_2', 'dataset_produces_1', 'dataset_consumes_1_never_scheduled', 'dataset_produces_2']) retrieved from /home/frederic/airflow_venv/lib/python3.10/site-packages/airflow/example_dags/example_datasets.py
[2026-05-29T02:03:56.622+0200] {logging_mixin.py:151} INFO - [2026-05-29T02:03:56.622+0200] {dag.py:2915} INFO - Sync 6 DAGs
[2026-05-29T02:03:56.661+0200] {logging_mixin.py:151} INFO - [2026-05-29T02:03:56.661+0200] {dag.py:3696} INFO - Setting next_dagrun for dataset_consumes_1 to None, run_after=None
[2026-05-29T02:03:56.669+0200] {logging_mixin.py:151} INFO - [2026-05-29T02:03:56.669+0200] {dag.py:3696} INFO - Setting next_dagrun for dataset_consumes_1_and_2 to None, run_after=None
[2026-05-29T02:03:56.670+0200] {logging_mixin.py:151} INFO - [2026-05-29T02:03:56.670+0200] {dag.py:3696} INFO - Setting next_dagrun for dataset_consumes_1_never_scheduled to None, run_after=None
[2026-05-29T02:03:56.670+0200] {logging_mixin.py:151} INFO - [2026-05-29T02:03:56.670+0200] {dag.py:3696} INFO - Setting next_dagrun for dataset_consumes_unknown_never_scheduled to None, run_after=None
[2026-05-29T02:03:56.677+0200] {logging_mixin.py:151} INFO - [2026-05-29T02:03:56.677+0200] {dag.py:3696} INFO - Setting next_dagrun for dataset_produces_1 to 2026-05-28T00:00:00+00:00, run_after=2026-05-29T00:00:00+00:00
[2026-05-29T02:03:56.679+0200] {logging_mixin.py:151} INFO - [2026-05-29T02:03:56.679+0200] {dag.py:3696} INFO - Setting next_dagrun for dataset_produces_2 to None, run_after=None
[2026-05-29T02:03:56.746+0200] {processor.py:179} INFO - Processing /home/frederic/airflow_venv/lib/python3.10/site-packages/airflow/example_dags/example_datasets.py took 0.215 seconds
[2026-05-29T09:58:32.957+0200] {processor.py:157} INFO - Started process (PID=682076) to work on /home/frederic/airflow_venv/lib/python3.10/site-packages/airflow/example_dags/example_datasets.py
[2026-05-29T09:58:32.959+0200] {processor.py:829} INFO - Processing file /home/frederic/airflow_venv/lib/python3.10/site-packages/airflow/example_dags/example_datasets.py for tasks to queue
[2026-05-29T09:58:32.960+0200] {logging_mixin.py:151} INFO - [2026-05-29T09:58:32.959+0200] {dagbag.py:539} INFO - Filling up the DagBag from /home/frederic/airflow_venv/lib/python3.10/site-packages/airflow/example_dags/example_datasets.py
[2026-05-29T09:58:32.968+0200] {processor.py:839} INFO - DAG(s) dict_keys(['dataset_consumes_1_and_2', 'dataset_consumes_1_never_scheduled', 'dataset_produces_2', 'dataset_produces_1', 'dataset_consumes_1', 'dataset_consumes_unknown_never_scheduled']) retrieved from /home/frederic/airflow_venv/lib/python3.10/site-packages/airflow/example_dags/example_datasets.py
[2026-05-29T09:58:32.991+0200] {logging_mixin.py:151} INFO - [2026-05-29T09:58:32.990+0200] {dag.py:2915} INFO - Sync 6 DAGs
[2026-05-29T09:58:33.007+0200] {logging_mixin.py:151} INFO - [2026-05-29T09:58:33.007+0200] {dag.py:3696} INFO - Setting next_dagrun for dataset_consumes_1 to None, run_after=None
[2026-05-29T09:58:33.010+0200] {logging_mixin.py:151} INFO - [2026-05-29T09:58:33.010+0200] {dag.py:3696} INFO - Setting next_dagrun for dataset_consumes_1_and_2 to None, run_after=None
[2026-05-29T09:58:33.011+0200] {logging_mixin.py:151} INFO - [2026-05-29T09:58:33.011+0200] {dag.py:3696} INFO - Setting next_dagrun for dataset_consumes_1_never_scheduled to None, run_after=None
[2026-05-29T09:58:33.011+0200] {logging_mixin.py:151} INFO - [2026-05-29T09:58:33.011+0200] {dag.py:3696} INFO - Setting next_dagrun for dataset_consumes_unknown_never_scheduled to None, run_after=None
[2026-05-29T09:58:33.013+0200] {logging_mixin.py:151} INFO - [2026-05-29T09:58:33.013+0200] {dag.py:3696} INFO - Setting next_dagrun for dataset_produces_1 to 2026-05-28T00:00:00+00:00, run_after=2026-05-29T00:00:00+00:00
[2026-05-29T09:58:33.014+0200] {logging_mixin.py:151} INFO - [2026-05-29T09:58:33.014+0200] {dag.py:3696} INFO - Setting next_dagrun for dataset_produces_2 to None, run_after=None
[2026-05-29T09:58:33.040+0200] {processor.py:179} INFO - Processing /home/frederic/airflow_venv/lib/python3.10/site-packages/airflow/example_dags/example_datasets.py took 0.085 seconds
[2026-05-29T09:59:24.512+0200] {processor.py:157} INFO - Started process (PID=683610) to work on /home/frederic/airflow_venv/lib/python3.10/site-packages/airflow/example_dags/example_datasets.py
[2026-05-29T09:59:24.513+0200] {processor.py:829} INFO - Processing file /home/frederic/airflow_venv/lib/python3.10/site-packages/airflow/example_dags/example_datasets.py for tasks to queue
[2026-05-29T09:59:24.514+0200] {logging_mixin.py:151} INFO - [2026-05-29T09:59:24.514+0200] {dagbag.py:539} INFO - Filling up the DagBag from /home/frederic/airflow_venv/lib/python3.10/site-packages/airflow/example_dags/example_datasets.py
[2026-05-29T09:59:24.525+0200] {processor.py:839} INFO - DAG(s) dict_keys(['dataset_consumes_1_and_2', 'dataset_produces_2', 'dataset_consumes_1_never_scheduled', 'dataset_consumes_1', 'dataset_consumes_unknown_never_scheduled', 'dataset_produces_1']) retrieved from /home/frederic/airflow_venv/lib/python3.10/site-packages/airflow/example_dags/example_datasets.py
[2026-05-29T09:59:24.553+0200] {logging_mixin.py:151} INFO - [2026-05-29T09:59:24.553+0200] {dag.py:2915} INFO - Sync 6 DAGs
[2026-05-29T09:59:24.573+0200] {logging_mixin.py:151} INFO - [2026-05-29T09:59:24.573+0200] {dag.py:3696} INFO - Setting next_dagrun for dataset_consumes_1 to None, run_after=None
[2026-05-29T09:59:24.576+0200] {logging_mixin.py:151} INFO - [2026-05-29T09:59:24.576+0200] {dag.py:3696} INFO - Setting next_dagrun for dataset_consumes_1_and_2 to None, run_after=None
[2026-05-29T09:59:24.577+0200] {logging_mixin.py:151} INFO - [2026-05-29T09:59:24.577+0200] {dag.py:3696} INFO - Setting next_dagrun for dataset_consumes_1_never_scheduled to None, run_after=None
[2026-05-29T09:59:24.578+0200] {logging_mixin.py:151} INFO - [2026-05-29T09:59:24.578+0200] {dag.py:3696} INFO - Setting next_dagrun for dataset_consumes_unknown_never_scheduled to None, run_after=None
[2026-05-29T09:59:24.580+0200] {logging_mixin.py:151} INFO - [2026-05-29T09:59:24.580+0200] {dag.py:3696} INFO - Setting next_dagrun for dataset_produces_1 to 2026-05-28T00:00:00+00:00, run_after=2026-05-29T00:00:00+00:00
[2026-05-29T09:59:24.581+0200] {logging_mixin.py:151} INFO - [2026-05-29T09:59:24.581+0200] {dag.py:3696} INFO - Setting next_dagrun for dataset_produces_2 to None, run_after=None
[2026-05-29T09:59:24.608+0200] {processor.py:179} INFO - Processing /home/frederic/airflow_venv/lib/python3.10/site-packages/airflow/example_dags/example_datasets.py took 0.099 seconds
[2026-05-29T10:00:15.901+0200] {processor.py:157} INFO - Started process (PID=684308) to work on /home/frederic/airflow_venv/lib/python3.10/site-packages/airflow/example_dags/example_datasets.py
[2026-05-29T10:00:15.903+0200] {processor.py:829} INFO - Processing file /home/frederic/airflow_venv/lib/python3.10/site-packages/airflow/example_dags/example_datasets.py for tasks to queue
[2026-05-29T10:00:15.904+0200] {logging_mixin.py:151} INFO - [2026-05-29T10:00:15.904+0200] {dagbag.py:539} INFO - Filling up the DagBag from /home/frederic/airflow_venv/lib/python3.10/site-packages/airflow/example_dags/example_datasets.py
[2026-05-29T10:00:15.918+0200] {processor.py:839} INFO - DAG(s) dict_keys(['dataset_consumes_1_never_scheduled', 'dataset_consumes_1_and_2', 'dataset_consumes_unknown_never_scheduled', 'dataset_consumes_1', 'dataset_produces_2', 'dataset_produces_1']) retrieved from /home/frederic/airflow_venv/lib/python3.10/site-packages/airflow/example_dags/example_datasets.py
[2026-05-29T10:00:15.948+0200] {logging_mixin.py:151} INFO - [2026-05-29T10:00:15.947+0200] {dag.py:2915} INFO - Sync 6 DAGs
[2026-05-29T10:00:15.971+0200] {logging_mixin.py:151} INFO - [2026-05-29T10:00:15.970+0200] {dag.py:3696} INFO - Setting next_dagrun for dataset_consumes_1 to None, run_after=None
[2026-05-29T10:00:15.973+0200] {logging_mixin.py:151} INFO - [2026-05-29T10:00:15.973+0200] {dag.py:3696} INFO - Setting next_dagrun for dataset_consumes_1_and_2 to None, run_after=None
[2026-05-29T10:00:15.974+0200] {logging_mixin.py:151} INFO - [2026-05-29T10:00:15.974+0200] {dag.py:3696} INFO - Setting next_dagrun for dataset_consumes_1_never_scheduled to None, run_after=None
[2026-05-29T10:00:15.975+0200] {logging_mixin.py:151} INFO - [2026-05-29T10:00:15.975+0200] {dag.py:3696} INFO - Setting next_dagrun for dataset_consumes_unknown_never_scheduled to None, run_after=None
[2026-05-29T10:00:15.978+0200] {logging_mixin.py:151} INFO - [2026-05-29T10:00:15.978+0200] {dag.py:3696} INFO - Setting next_dagrun for dataset_produces_1 to 2026-05-28T00:00:00+00:00, run_after=2026-05-29T00:00:00+00:00
[2026-05-29T10:00:15.979+0200] {logging_mixin.py:151} INFO - [2026-05-29T10:00:15.979+0200] {dag.py:3696} INFO - Setting next_dagrun for dataset_produces_2 to None, run_after=None
[2026-05-29T10:00:16.004+0200] {processor.py:179} INFO - Processing /home/frederic/airflow_venv/lib/python3.10/site-packages/airflow/example_dags/example_datasets.py took 0.108 seconds
[2026-05-29T10:01:07.161+0200] {processor.py:157} INFO - Started process (PID=685149) to work on /home/frederic/airflow_venv/lib/python3.10/site-packages/airflow/example_dags/example_datasets.py
[2026-05-29T10:01:07.162+0200] {processor.py:829} INFO - Processing file /home/frederic/airflow_venv/lib/python3.10/site-packages/airflow/example_dags/example_datasets.py for tasks to queue
[2026-05-29T10:01:07.163+0200] {logging_mixin.py:151} INFO - [2026-05-29T10:01:07.163+0200] {dagbag.py:539} INFO - Filling up the DagBag from /home/frederic/airflow_venv/lib/python3.10/site-packages/airflow/example_dags/example_datasets.py
[2026-05-29T10:01:07.174+0200] {processor.py:839} INFO - DAG(s) dict_keys(['dataset_produces_2', 'dataset_consumes_1_and_2', 'dataset_consumes_1_never_scheduled', 'dataset_consumes_unknown_never_scheduled', 'dataset_consumes_1', 'dataset_produces_1']) retrieved from /home/frederic/airflow_venv/lib/python3.10/site-packages/airflow/example_dags/example_datasets.py
[2026-05-29T10:01:07.205+0200] {logging_mixin.py:151} INFO - [2026-05-29T10:01:07.205+0200] {dag.py:2915} INFO - Sync 6 DAGs
[2026-05-29T10:01:07.227+0200] {logging_mixin.py:151} INFO - [2026-05-29T10:01:07.227+0200] {dag.py:3696} INFO - Setting next_dagrun for dataset_consumes_1 to None, run_after=None
[2026-05-29T10:01:07.230+0200] {logging_mixin.py:151} INFO - [2026-05-29T10:01:07.230+0200] {dag.py:3696} INFO - Setting next_dagrun for dataset_consumes_1_and_2 to None, run_after=None
[2026-05-29T10:01:07.231+0200] {logging_mixin.py:151} INFO - [2026-05-29T10:01:07.231+0200] {dag.py:3696} INFO - Setting next_dagrun for dataset_consumes_1_never_scheduled to None, run_after=None
[2026-05-29T10:01:07.231+0200] {logging_mixin.py:151} INFO - [2026-05-29T10:01:07.231+0200] {dag.py:3696} INFO - Setting next_dagrun for dataset_consumes_unknown_never_scheduled to None, run_after=None
[2026-05-29T10:01:07.234+0200] {logging_mixin.py:151} INFO - [2026-05-29T10:01:07.234+0200] {dag.py:3696} INFO - Setting next_dagrun for dataset_produces_1 to 2026-05-28T00:00:00+00:00, run_after=2026-05-29T00:00:00+00:00
[2026-05-29T10:01:07.235+0200] {logging_mixin.py:151} INFO - [2026-05-29T10:01:07.235+0200] {dag.py:3696} INFO - Setting next_dagrun for dataset_produces_2 to None, run_after=None
[2026-05-29T10:01:07.261+0200] {processor.py:179} INFO - Processing /home/frederic/airflow_venv/lib/python3.10/site-packages/airflow/example_dags/example_datasets.py took 0.102 seconds
[2026-05-29T10:01:55.295+0200] {processor.py:157} INFO - Started process (PID=685808) to work on /home/frederic/airflow_venv/lib/python3.10/site-packages/airflow/example_dags/example_datasets.py
[2026-05-29T10:01:55.298+0200] {processor.py:829} INFO - Processing file /home/frederic/airflow_venv/lib/python3.10/site-packages/airflow/example_dags/example_datasets.py for tasks to queue
[2026-05-29T10:01:55.299+0200] {logging_mixin.py:151} INFO - [2026-05-29T10:01:55.299+0200] {dagbag.py:539} INFO - Filling up the DagBag from /home/frederic/airflow_venv/lib/python3.10/site-packages/airflow/example_dags/example_datasets.py
[2026-05-29T10:01:55.308+0200] {processor.py:839} INFO - DAG(s) dict_keys(['dataset_produces_2', 'dataset_consumes_unknown_never_scheduled', 'dataset_produces_1', 'dataset_consumes_1', 'dataset_consumes_1_never_scheduled', 'dataset_consumes_1_and_2']) retrieved from /home/frederic/airflow_venv/lib/python3.10/site-packages/airflow/example_dags/example_datasets.py
[2026-05-29T10:01:55.335+0200] {logging_mixin.py:151} INFO - [2026-05-29T10:01:55.335+0200] {dag.py:2915} INFO - Sync 6 DAGs
[2026-05-29T10:01:55.354+0200] {logging_mixin.py:151} INFO - [2026-05-29T10:01:55.353+0200] {dag.py:3696} INFO - Setting next_dagrun for dataset_consumes_1 to None, run_after=None
[2026-05-29T10:01:55.356+0200] {logging_mixin.py:151} INFO - [2026-05-29T10:01:55.356+0200] {dag.py:3696} INFO - Setting next_dagrun for dataset_consumes_1_and_2 to None, run_after=None
[2026-05-29T10:01:55.357+0200] {logging_mixin.py:151} INFO - [2026-05-29T10:01:55.357+0200] {dag.py:3696} INFO - Setting next_dagrun for dataset_consumes_1_never_scheduled to None, run_after=None
[2026-05-29T10:01:55.358+0200] {logging_mixin.py:151} INFO - [2026-05-29T10:01:55.358+0200] {dag.py:3696} INFO - Setting next_dagrun for dataset_consumes_unknown_never_scheduled to None, run_after=None
[2026-05-29T10:01:55.360+0200] {logging_mixin.py:151} INFO - [2026-05-29T10:01:55.360+0200] {dag.py:3696} INFO - Setting next_dagrun for dataset_produces_1 to 2026-05-28T00:00:00+00:00, run_after=2026-05-29T00:00:00+00:00
[2026-05-29T10:01:55.361+0200] {logging_mixin.py:151} INFO - [2026-05-29T10:01:55.361+0200] {dag.py:3696} INFO - Setting next_dagrun for dataset_produces_2 to None, run_after=None
[2026-05-29T10:01:55.386+0200] {processor.py:179} INFO - Processing /home/frederic/airflow_venv/lib/python3.10/site-packages/airflow/example_dags/example_datasets.py took 0.093 seconds
[2026-05-29T10:02:41.343+0200] {processor.py:157} INFO - Started process (PID=686269) to work on /home/frederic/airflow_venv/lib/python3.10/site-packages/airflow/example_dags/example_datasets.py
[2026-05-29T10:02:41.347+0200] {processor.py:829} INFO - Processing file /home/frederic/airflow_venv/lib/python3.10/site-packages/airflow/example_dags/example_datasets.py for tasks to queue
[2026-05-29T10:02:41.348+0200] {logging_mixin.py:151} INFO - [2026-05-29T10:02:41.347+0200] {dagbag.py:539} INFO - Filling up the DagBag from /home/frederic/airflow_venv/lib/python3.10/site-packages/airflow/example_dags/example_datasets.py
[2026-05-29T10:02:41.356+0200] {processor.py:839} INFO - DAG(s) dict_keys(['dataset_consumes_unknown_never_scheduled', 'dataset_produces_2', 'dataset_consumes_1_never_scheduled', 'dataset_consumes_1', 'dataset_consumes_1_and_2', 'dataset_produces_1']) retrieved from /home/frederic/airflow_venv/lib/python3.10/site-packages/airflow/example_dags/example_datasets.py
[2026-05-29T10:02:41.381+0200] {logging_mixin.py:151} INFO - [2026-05-29T10:02:41.381+0200] {dag.py:2915} INFO - Sync 6 DAGs
[2026-05-29T10:02:41.401+0200] {logging_mixin.py:151} INFO - [2026-05-29T10:02:41.401+0200] {dag.py:3696} INFO - Setting next_dagrun for dataset_consumes_1 to None, run_after=None
[2026-05-29T10:02:41.405+0200] {logging_mixin.py:151} INFO - [2026-05-29T10:02:41.405+0200] {dag.py:3696} INFO - Setting next_dagrun for dataset_consumes_1_and_2 to None, run_after=None
[2026-05-29T10:02:41.406+0200] {logging_mixin.py:151} INFO - [2026-05-29T10:02:41.406+0200] {dag.py:3696} INFO - Setting next_dagrun for dataset_consumes_1_never_scheduled to None, run_after=None
[2026-05-29T10:02:41.406+0200] {logging_mixin.py:151} INFO - [2026-05-29T10:02:41.406+0200] {dag.py:3696} INFO - Setting next_dagrun for dataset_consumes_unknown_never_scheduled to None, run_after=None
[2026-05-29T10:02:41.409+0200] {logging_mixin.py:151} INFO - [2026-05-29T10:02:41.408+0200] {dag.py:3696} INFO - Setting next_dagrun for dataset_produces_1 to 2026-05-28T00:00:00+00:00, run_after=2026-05-29T00:00:00+00:00
[2026-05-29T10:02:41.409+0200] {logging_mixin.py:151} INFO - [2026-05-29T10:02:41.409+0200] {dag.py:3696} INFO - Setting next_dagrun for dataset_produces_2 to None, run_after=None
[2026-05-29T10:02:41.436+0200] {processor.py:179} INFO - Processing /home/frederic/airflow_venv/lib/python3.10/site-packages/airflow/example_dags/example_datasets.py took 0.095 seconds
[2026-05-29T10:03:27.649+0200] {processor.py:157} INFO - Started process (PID=686750) to work on /home/frederic/airflow_venv/lib/python3.10/site-packages/airflow/example_dags/example_datasets.py
[2026-05-29T10:03:27.652+0200] {processor.py:829} INFO - Processing file /home/frederic/airflow_venv/lib/python3.10/site-packages/airflow/example_dags/example_datasets.py for tasks to queue
[2026-05-29T10:03:27.654+0200] {logging_mixin.py:151} INFO - [2026-05-29T10:03:27.653+0200] {dagbag.py:539} INFO - Filling up the DagBag from /home/frederic/airflow_venv/lib/python3.10/site-packages/airflow/example_dags/example_datasets.py
[2026-05-29T10:03:27.661+0200] {processor.py:839} INFO - DAG(s) dict_keys(['dataset_consumes_unknown_never_scheduled', 'dataset_consumes_1_and_2', 'dataset_consumes_1_never_scheduled', 'dataset_produces_1', 'dataset_consumes_1', 'dataset_produces_2']) retrieved from /home/frederic/airflow_venv/lib/python3.10/site-packages/airflow/example_dags/example_datasets.py
[2026-05-29T10:03:27.687+0200] {logging_mixin.py:151} INFO - [2026-05-29T10:03:27.687+0200] {dag.py:2915} INFO - Sync 6 DAGs
[2026-05-29T10:03:27.705+0200] {logging_mixin.py:151} INFO - [2026-05-29T10:03:27.705+0200] {dag.py:3696} INFO - Setting next_dagrun for dataset_consumes_1 to None, run_after=None
[2026-05-29T10:03:27.708+0200] {logging_mixin.py:151} INFO - [2026-05-29T10:03:27.708+0200] {dag.py:3696} INFO - Setting next_dagrun for dataset_consumes_1_and_2 to None, run_after=None
[2026-05-29T10:03:27.709+0200] {logging_mixin.py:151} INFO - [2026-05-29T10:03:27.709+0200] {dag.py:3696} INFO - Setting next_dagrun for dataset_consumes_1_never_scheduled to None, run_after=None
[2026-05-29T10:03:27.710+0200] {logging_mixin.py:151} INFO - [2026-05-29T10:03:27.710+0200] {dag.py:3696} INFO - Setting next_dagrun for dataset_consumes_unknown_never_scheduled to None, run_after=None
[2026-05-29T10:03:27.712+0200] {logging_mixin.py:151} INFO - [2026-05-29T10:03:27.712+0200] {dag.py:3696} INFO - Setting next_dagrun for dataset_produces_1 to 2026-05-28T00:00:00+00:00, run_after=2026-05-29T00:00:00+00:00
[2026-05-29T10:03:27.713+0200] {logging_mixin.py:151} INFO - [2026-05-29T10:03:27.713+0200] {dag.py:3696} INFO - Setting next_dagrun for dataset_produces_2 to None, run_after=None
[2026-05-29T10:03:27.741+0200] {processor.py:179} INFO - Processing /home/frederic/airflow_venv/lib/python3.10/site-packages/airflow/example_dags/example_datasets.py took 0.094 seconds
[2026-05-29T10:04:16.048+0200] {processor.py:157} INFO - Started process (PID=687867) to work on /home/frederic/airflow_venv/lib/python3.10/site-packages/airflow/example_dags/example_datasets.py
[2026-05-29T10:04:16.051+0200] {processor.py:829} INFO - Processing file /home/frederic/airflow_venv/lib/python3.10/site-packages/airflow/example_dags/example_datasets.py for tasks to queue
[2026-05-29T10:04:16.052+0200] {logging_mixin.py:151} INFO - [2026-05-29T10:04:16.052+0200] {dagbag.py:539} INFO - Filling up the DagBag from /home/frederic/airflow_venv/lib/python3.10/site-packages/airflow/example_dags/example_datasets.py
[2026-05-29T10:04:16.062+0200] {processor.py:839} INFO - DAG(s) dict_keys(['dataset_consumes_1_never_scheduled', 'dataset_produces_1', 'dataset_produces_2', 'dataset_consumes_unknown_never_scheduled', 'dataset_consumes_1_and_2', 'dataset_consumes_1']) retrieved from /home/frederic/airflow_venv/lib/python3.10/site-packages/airflow/example_dags/example_datasets.py
[2026-05-29T10:04:16.090+0200] {logging_mixin.py:151} INFO - [2026-05-29T10:04:16.090+0200] {dag.py:2915} INFO - Sync 6 DAGs
[2026-05-29T10:04:16.109+0200] {logging_mixin.py:151} INFO - [2026-05-29T10:04:16.109+0200] {dag.py:3696} INFO - Setting next_dagrun for dataset_consumes_1 to None, run_after=None
[2026-05-29T10:04:16.112+0200] {logging_mixin.py:151} INFO - [2026-05-29T10:04:16.112+0200] {dag.py:3696} INFO - Setting next_dagrun for dataset_consumes_1_and_2 to None, run_after=None
[2026-05-29T10:04:16.112+0200] {logging_mixin.py:151} INFO - [2026-05-29T10:04:16.112+0200] {dag.py:3696} INFO - Setting next_dagrun for dataset_consumes_1_never_scheduled to None, run_after=None
[2026-05-29T10:04:16.113+0200] {logging_mixin.py:151} INFO - [2026-05-29T10:04:16.113+0200] {dag.py:3696} INFO - Setting next_dagrun for dataset_consumes_unknown_never_scheduled to None, run_after=None
[2026-05-29T10:04:16.117+0200] {logging_mixin.py:151} INFO - [2026-05-29T10:04:16.117+0200] {dag.py:3696} INFO - Setting next_dagrun for dataset_produces_1 to 2026-05-28T00:00:00+00:00, run_after=2026-05-29T00:00:00+00:00
[2026-05-29T10:04:16.118+0200] {logging_mixin.py:151} INFO - [2026-05-29T10:04:16.118+0200] {dag.py:3696} INFO - Setting next_dagrun for dataset_produces_2 to None, run_after=None
[2026-05-29T10:04:16.145+0200] {processor.py:179} INFO - Processing /home/frederic/airflow_venv/lib/python3.10/site-packages/airflow/example_dags/example_datasets.py took 0.101 seconds
[2026-05-29T10:05:04.467+0200] {processor.py:157} INFO - Started process (PID=689005) to work on /home/frederic/airflow_venv/lib/python3.10/site-packages/airflow/example_dags/example_datasets.py
[2026-05-29T10:05:04.470+0200] {processor.py:829} INFO - Processing file /home/frederic/airflow_venv/lib/python3.10/site-packages/airflow/example_dags/example_datasets.py for tasks to queue
[2026-05-29T10:05:04.471+0200] {logging_mixin.py:151} INFO - [2026-05-29T10:05:04.471+0200] {dagbag.py:539} INFO - Filling up the DagBag from /home/frederic/airflow_venv/lib/python3.10/site-packages/airflow/example_dags/example_datasets.py
[2026-05-29T10:05:04.481+0200] {processor.py:839} INFO - DAG(s) dict_keys(['dataset_consumes_1', 'dataset_consumes_1_and_2', 'dataset_produces_1', 'dataset_produces_2', 'dataset_consumes_1_never_scheduled', 'dataset_consumes_unknown_never_scheduled']) retrieved from /home/frederic/airflow_venv/lib/python3.10/site-packages/airflow/example_dags/example_datasets.py
[2026-05-29T10:05:04.507+0200] {logging_mixin.py:151} INFO - [2026-05-29T10:05:04.507+0200] {dag.py:2915} INFO - Sync 6 DAGs
[2026-05-29T10:05:04.527+0200] {logging_mixin.py:151} INFO - [2026-05-29T10:05:04.527+0200] {dag.py:3696} INFO - Setting next_dagrun for dataset_consumes_1 to None, run_after=None
[2026-05-29T10:05:04.530+0200] {logging_mixin.py:151} INFO - [2026-05-29T10:05:04.529+0200] {dag.py:3696} INFO - Setting next_dagrun for dataset_consumes_1_and_2 to None, run_after=None
[2026-05-29T10:05:04.530+0200] {logging_mixin.py:151} INFO - [2026-05-29T10:05:04.530+0200] {dag.py:3696} INFO - Setting next_dagrun for dataset_consumes_1_never_scheduled to None, run_after=None
[2026-05-29T10:05:04.531+0200] {logging_mixin.py:151} INFO - [2026-05-29T10:05:04.531+0200] {dag.py:3696} INFO - Setting next_dagrun for dataset_consumes_unknown_never_scheduled to None, run_after=None
[2026-05-29T10:05:04.534+0200] {logging_mixin.py:151} INFO - [2026-05-29T10:05:04.534+0200] {dag.py:3696} INFO - Setting next_dagrun for dataset_produces_1 to 2026-05-28T00:00:00+00:00, run_after=2026-05-29T00:00:00+00:00
[2026-05-29T10:05:04.535+0200] {logging_mixin.py:151} INFO - [2026-05-29T10:05:04.535+0200] {dag.py:3696} INFO - Setting next_dagrun for dataset_produces_2 to None, run_after=None
[2026-05-29T10:05:04.559+0200] {processor.py:179} INFO - Processing /home/frederic/airflow_venv/lib/python3.10/site-packages/airflow/example_dags/example_datasets.py took 0.096 seconds
[2026-05-29T10:05:50.438+0200] {processor.py:157} INFO - Started process (PID=689804) to work on /home/frederic/airflow_venv/lib/python3.10/site-packages/airflow/example_dags/example_datasets.py
[2026-05-29T10:05:50.439+0200] {processor.py:829} INFO - Processing file /home/frederic/airflow_venv/lib/python3.10/site-packages/airflow/example_dags/example_datasets.py for tasks to queue
[2026-05-29T10:05:50.440+0200] {logging_mixin.py:151} INFO - [2026-05-29T10:05:50.439+0200] {dagbag.py:539} INFO - Filling up the DagBag from /home/frederic/airflow_venv/lib/python3.10/site-packages/airflow/example_dags/example_datasets.py
[2026-05-29T10:05:50.451+0200] {processor.py:839} INFO - DAG(s) dict_keys(['dataset_consumes_1_and_2', 'dataset_produces_2', 'dataset_produces_1', 'dataset_consumes_unknown_never_scheduled', 'dataset_consumes_1_never_scheduled', 'dataset_consumes_1']) retrieved from /home/frederic/airflow_venv/lib/python3.10/site-packages/airflow/example_dags/example_datasets.py
[2026-05-29T10:05:50.479+0200] {logging_mixin.py:151} INFO - [2026-05-29T10:05:50.479+0200] {dag.py:2915} INFO - Sync 6 DAGs
[2026-05-29T10:05:50.499+0200] {logging_mixin.py:151} INFO - [2026-05-29T10:05:50.499+0200] {dag.py:3696} INFO - Setting next_dagrun for dataset_consumes_1 to None, run_after=None
[2026-05-29T10:05:50.503+0200] {logging_mixin.py:151} INFO - [2026-05-29T10:05:50.503+0200] {dag.py:3696} INFO - Setting next_dagrun for dataset_consumes_1_and_2 to None, run_after=None
[2026-05-29T10:05:50.504+0200] {logging_mixin.py:151} INFO - [2026-05-29T10:05:50.504+0200] {dag.py:3696} INFO - Setting next_dagrun for dataset_consumes_1_never_scheduled to None, run_after=None
[2026-05-29T10:05:50.505+0200] {logging_mixin.py:151} INFO - [2026-05-29T10:05:50.505+0200] {dag.py:3696} INFO - Setting next_dagrun for dataset_consumes_unknown_never_scheduled to None, run_after=None
[2026-05-29T10:05:50.508+0200] {logging_mixin.py:151} INFO - [2026-05-29T10:05:50.508+0200] {dag.py:3696} INFO - Setting next_dagrun for dataset_produces_1 to 2026-05-28T00:00:00+00:00, run_after=2026-05-29T00:00:00+00:00
[2026-05-29T10:05:50.509+0200] {logging_mixin.py:151} INFO - [2026-05-29T10:05:50.509+0200] {dag.py:3696} INFO - Setting next_dagrun for dataset_produces_2 to None, run_after=None
[2026-05-29T10:05:50.535+0200] {processor.py:179} INFO - Processing /home/frederic/airflow_venv/lib/python3.10/site-packages/airflow/example_dags/example_datasets.py took 0.101 seconds
[2026-05-29T10:06:41.957+0200] {processor.py:157} INFO - Started process (PID=690352) to work on /home/frederic/airflow_venv/lib/python3.10/site-packages/airflow/example_dags/example_datasets.py
[2026-05-29T10:06:41.958+0200] {processor.py:829} INFO - Processing file /home/frederic/airflow_venv/lib/python3.10/site-packages/airflow/example_dags/example_datasets.py for tasks to queue
[2026-05-29T10:06:41.959+0200] {logging_mixin.py:151} INFO - [2026-05-29T10:06:41.959+0200] {dagbag.py:539} INFO - Filling up the DagBag from /home/frederic/airflow_venv/lib/python3.10/site-packages/airflow/example_dags/example_datasets.py
[2026-05-29T10:06:41.968+0200] {processor.py:839} INFO - DAG(s) dict_keys(['dataset_consumes_unknown_never_scheduled', 'dataset_produces_2', 'dataset_consumes_1_and_2', 'dataset_consumes_1', 'dataset_produces_1', 'dataset_consumes_1_never_scheduled']) retrieved from /home/frederic/airflow_venv/lib/python3.10/site-packages/airflow/example_dags/example_datasets.py
[2026-05-29T10:06:41.995+0200] {logging_mixin.py:151} INFO - [2026-05-29T10:06:41.995+0200] {dag.py:2915} INFO - Sync 6 DAGs
[2026-05-29T10:06:42.021+0200] {logging_mixin.py:151} INFO - [2026-05-29T10:06:42.020+0200] {dag.py:3696} INFO - Setting next_dagrun for dataset_consumes_1 to None, run_after=None
[2026-05-29T10:06:42.023+0200] {logging_mixin.py:151} INFO - [2026-05-29T10:06:42.023+0200] {dag.py:3696} INFO - Setting next_dagrun for dataset_consumes_1_and_2 to None, run_after=None
[2026-05-29T10:06:42.024+0200] {logging_mixin.py:151} INFO - [2026-05-29T10:06:42.024+0200] {dag.py:3696} INFO - Setting next_dagrun for dataset_consumes_1_never_scheduled to None, run_after=None
[2026-05-29T10:06:42.026+0200] {logging_mixin.py:151} INFO - [2026-05-29T10:06:42.025+0200] {dag.py:3696} INFO - Setting next_dagrun for dataset_consumes_unknown_never_scheduled to None, run_after=None
[2026-05-29T10:06:42.029+0200] {logging_mixin.py:151} INFO - [2026-05-29T10:06:42.029+0200] {dag.py:3696} INFO - Setting next_dagrun for dataset_produces_1 to 2026-05-28T00:00:00+00:00, run_after=2026-05-29T00:00:00+00:00
[2026-05-29T10:06:42.030+0200] {logging_mixin.py:151} INFO - [2026-05-29T10:06:42.030+0200] {dag.py:3696} INFO - Setting next_dagrun for dataset_produces_2 to None, run_after=None
[2026-05-29T10:06:42.062+0200] {processor.py:179} INFO - Processing /home/frederic/airflow_venv/lib/python3.10/site-packages/airflow/example_dags/example_datasets.py took 0.109 seconds
[2026-05-29T10:07:37.487+0200] {processor.py:157} INFO - Started process (PID=691121) to work on /home/frederic/airflow_venv/lib/python3.10/site-packages/airflow/example_dags/example_datasets.py
[2026-05-29T10:07:37.489+0200] {processor.py:829} INFO - Processing file /home/frederic/airflow_venv/lib/python3.10/site-packages/airflow/example_dags/example_datasets.py for tasks to queue
[2026-05-29T10:07:37.489+0200] {logging_mixin.py:151} INFO - [2026-05-29T10:07:37.489+0200] {dagbag.py:539} INFO - Filling up the DagBag from /home/frederic/airflow_venv/lib/python3.10/site-packages/airflow/example_dags/example_datasets.py
[2026-05-29T10:07:37.498+0200] {processor.py:839} INFO - DAG(s) dict_keys(['dataset_consumes_1_never_scheduled', 'dataset_consumes_1', 'dataset_produces_2', 'dataset_produces_1', 'dataset_consumes_unknown_never_scheduled', 'dataset_consumes_1_and_2']) retrieved from /home/frederic/airflow_venv/lib/python3.10/site-packages/airflow/example_dags/example_datasets.py
[2026-05-29T10:07:37.525+0200] {logging_mixin.py:151} INFO - [2026-05-29T10:07:37.525+0200] {dag.py:2915} INFO - Sync 6 DAGs
[2026-05-29T10:07:37.546+0200] {logging_mixin.py:151} INFO - [2026-05-29T10:07:37.546+0200] {dag.py:3696} INFO - Setting next_dagrun for dataset_consumes_1 to None, run_after=None
[2026-05-29T10:07:37.549+0200] {logging_mixin.py:151} INFO - [2026-05-29T10:07:37.549+0200] {dag.py:3696} INFO - Setting next_dagrun for dataset_consumes_1_and_2 to None, run_after=None
[2026-05-29T10:07:37.550+0200] {logging_mixin.py:151} INFO - [2026-05-29T10:07:37.550+0200] {dag.py:3696} INFO - Setting next_dagrun for dataset_consumes_1_never_scheduled to None, run_after=None
[2026-05-29T10:07:37.551+0200] {logging_mixin.py:151} INFO - [2026-05-29T10:07:37.550+0200] {dag.py:3696} INFO - Setting next_dagrun for dataset_consumes_unknown_never_scheduled to None, run_after=None
[2026-05-29T10:07:37.553+0200] {logging_mixin.py:151} INFO - [2026-05-29T10:07:37.553+0200] {dag.py:3696} INFO - Setting next_dagrun for dataset_produces_1 to 2026-05-28T00:00:00+00:00, run_after=2026-05-29T00:00:00+00:00
[2026-05-29T10:07:37.553+0200] {logging_mixin.py:151} INFO - [2026-05-29T10:07:37.553+0200] {dag.py:3696} INFO - Setting next_dagrun for dataset_produces_2 to None, run_after=None
[2026-05-29T10:07:37.580+0200] {processor.py:179} INFO - Processing /home/frederic/airflow_venv/lib/python3.10/site-packages/airflow/example_dags/example_datasets.py took 0.096 seconds
[2026-05-29T10:08:25.115+0200] {processor.py:157} INFO - Started process (PID=691736) to work on /home/frederic/airflow_venv/lib/python3.10/site-packages/airflow/example_dags/example_datasets.py
[2026-05-29T10:08:25.115+0200] {processor.py:829} INFO - Processing file /home/frederic/airflow_venv/lib/python3.10/site-packages/airflow/example_dags/example_datasets.py for tasks to queue
[2026-05-29T10:08:25.116+0200] {logging_mixin.py:151} INFO - [2026-05-29T10:08:25.116+0200] {dagbag.py:539} INFO - Filling up the DagBag from /home/frederic/airflow_venv/lib/python3.10/site-packages/airflow/example_dags/example_datasets.py
[2026-05-29T10:08:25.126+0200] {processor.py:839} INFO - DAG(s) dict_keys(['dataset_consumes_unknown_never_scheduled', 'dataset_consumes_1_never_scheduled', 'dataset_produces_2', 'dataset_consumes_1', 'dataset_consumes_1_and_2', 'dataset_produces_1']) retrieved from /home/frederic/airflow_venv/lib/python3.10/site-packages/airflow/example_dags/example_datasets.py
[2026-05-29T10:08:25.151+0200] {logging_mixin.py:151} INFO - [2026-05-29T10:08:25.151+0200] {dag.py:2915} INFO - Sync 6 DAGs
[2026-05-29T10:08:25.169+0200] {logging_mixin.py:151} INFO - [2026-05-29T10:08:25.169+0200] {dag.py:3696} INFO - Setting next_dagrun for dataset_consumes_1 to None, run_after=None
[2026-05-29T10:08:25.172+0200] {logging_mixin.py:151} INFO - [2026-05-29T10:08:25.172+0200] {dag.py:3696} INFO - Setting next_dagrun for dataset_consumes_1_and_2 to None, run_after=None
[2026-05-29T10:08:25.172+0200] {logging_mixin.py:151} INFO - [2026-05-29T10:08:25.172+0200] {dag.py:3696} INFO - Setting next_dagrun for dataset_consumes_1_never_scheduled to None, run_after=None
[2026-05-29T10:08:25.174+0200] {logging_mixin.py:151} INFO - [2026-05-29T10:08:25.173+0200] {dag.py:3696} INFO - Setting next_dagrun for dataset_consumes_unknown_never_scheduled to None, run_after=None
[2026-05-29T10:08:25.176+0200] {logging_mixin.py:151} INFO - [2026-05-29T10:08:25.176+0200] {dag.py:3696} INFO - Setting next_dagrun for dataset_produces_1 to 2026-05-28T00:00:00+00:00, run_after=2026-05-29T00:00:00+00:00
[2026-05-29T10:08:25.179+0200] {logging_mixin.py:151} INFO - [2026-05-29T10:08:25.178+0200] {dag.py:3696} INFO - Setting next_dagrun for dataset_produces_2 to None, run_after=None
[2026-05-29T10:08:25.210+0200] {processor.py:179} INFO - Processing /home/frederic/airflow_venv/lib/python3.10/site-packages/airflow/example_dags/example_datasets.py took 0.097 seconds
[2026-05-29T10:09:11.356+0200] {processor.py:157} INFO - Started process (PID=692301) to work on /home/frederic/airflow_venv/lib/python3.10/site-packages/airflow/example_dags/example_datasets.py
[2026-05-29T10:09:11.360+0200] {processor.py:829} INFO - Processing file /home/frederic/airflow_venv/lib/python3.10/site-packages/airflow/example_dags/example_datasets.py for tasks to queue
[2026-05-29T10:09:11.361+0200] {logging_mixin.py:151} INFO - [2026-05-29T10:09:11.361+0200] {dagbag.py:539} INFO - Filling up the DagBag from /home/frederic/airflow_venv/lib/python3.10/site-packages/airflow/example_dags/example_datasets.py
[2026-05-29T10:09:11.369+0200] {processor.py:839} INFO - DAG(s) dict_keys(['dataset_produces_1', 'dataset_consumes_unknown_never_scheduled', 'dataset_consumes_1_never_scheduled', 'dataset_produces_2', 'dataset_consumes_1', 'dataset_consumes_1_and_2']) retrieved from /home/frederic/airflow_venv/lib/python3.10/site-packages/airflow/example_dags/example_datasets.py
[2026-05-29T10:09:11.395+0200] {logging_mixin.py:151} INFO - [2026-05-29T10:09:11.395+0200] {dag.py:2915} INFO - Sync 6 DAGs
[2026-05-29T10:09:11.416+0200] {logging_mixin.py:151} INFO - [2026-05-29T10:09:11.416+0200] {dag.py:3696} INFO - Setting next_dagrun for dataset_consumes_1 to None, run_after=None
[2026-05-29T10:09:11.418+0200] {logging_mixin.py:151} INFO - [2026-05-29T10:09:11.418+0200] {dag.py:3696} INFO - Setting next_dagrun for dataset_consumes_1_and_2 to None, run_after=None
[2026-05-29T10:09:11.419+0200] {logging_mixin.py:151} INFO - [2026-05-29T10:09:11.419+0200] {dag.py:3696} INFO - Setting next_dagrun for dataset_consumes_1_never_scheduled to None, run_after=None
[2026-05-29T10:09:11.420+0200] {logging_mixin.py:151} INFO - [2026-05-29T10:09:11.420+0200] {dag.py:3696} INFO - Setting next_dagrun for dataset_consumes_unknown_never_scheduled to None, run_after=None
[2026-05-29T10:09:11.422+0200] {logging_mixin.py:151} INFO - [2026-05-29T10:09:11.422+0200] {dag.py:3696} INFO - Setting next_dagrun for dataset_produces_1 to 2026-05-28T00:00:00+00:00, run_after=2026-05-29T00:00:00+00:00
[2026-05-29T10:09:11.423+0200] {logging_mixin.py:151} INFO - [2026-05-29T10:09:11.423+0200] {dag.py:3696} INFO - Setting next_dagrun for dataset_produces_2 to None, run_after=None
[2026-05-29T10:09:11.449+0200] {processor.py:179} INFO - Processing /home/frederic/airflow_venv/lib/python3.10/site-packages/airflow/example_dags/example_datasets.py took 0.095 seconds
[2026-05-29T10:10:02.457+0200] {processor.py:157} INFO - Started process (PID=692878) to work on /home/frederic/airflow_venv/lib/python3.10/site-packages/airflow/example_dags/example_datasets.py
[2026-05-29T10:10:02.461+0200] {processor.py:829} INFO - Processing file /home/frederic/airflow_venv/lib/python3.10/site-packages/airflow/example_dags/example_datasets.py for tasks to queue
[2026-05-29T10:10:02.462+0200] {logging_mixin.py:151} INFO - [2026-05-29T10:10:02.461+0200] {dagbag.py:539} INFO - Filling up the DagBag from /home/frederic/airflow_venv/lib/python3.10/site-packages/airflow/example_dags/example_datasets.py
[2026-05-29T10:10:02.471+0200] {processor.py:839} INFO - DAG(s) dict_keys(['dataset_produces_2', 'dataset_consumes_unknown_never_scheduled', 'dataset_consumes_1_never_scheduled', 'dataset_produces_1', 'dataset_consumes_1', 'dataset_consumes_1_and_2']) retrieved from /home/frederic/airflow_venv/lib/python3.10/site-packages/airflow/example_dags/example_datasets.py
[2026-05-29T10:10:02.496+0200] {logging_mixin.py:151} INFO - [2026-05-29T10:10:02.496+0200] {dag.py:2915} INFO - Sync 6 DAGs
[2026-05-29T10:10:02.514+0200] {logging_mixin.py:151} INFO - [2026-05-29T10:10:02.514+0200] {dag.py:3696} INFO - Setting next_dagrun for dataset_consumes_1 to None, run_after=None
[2026-05-29T10:10:02.517+0200] {logging_mixin.py:151} INFO - [2026-05-29T10:10:02.517+0200] {dag.py:3696} INFO - Setting next_dagrun for dataset_consumes_1_and_2 to None, run_after=None
[2026-05-29T10:10:02.518+0200] {logging_mixin.py:151} INFO - [2026-05-29T10:10:02.517+0200] {dag.py:3696} INFO - Setting next_dagrun for dataset_consumes_1_never_scheduled to None, run_after=None
[2026-05-29T10:10:02.518+0200] {logging_mixin.py:151} INFO - [2026-05-29T10:10:02.518+0200] {dag.py:3696} INFO - Setting next_dagrun for dataset_consumes_unknown_never_scheduled to None, run_after=None
[2026-05-29T10:10:02.520+0200] {logging_mixin.py:151} INFO - [2026-05-29T10:10:02.520+0200] {dag.py:3696} INFO - Setting next_dagrun for dataset_produces_1 to 2026-05-28T00:00:00+00:00, run_after=2026-05-29T00:00:00+00:00
[2026-05-29T10:10:02.522+0200] {logging_mixin.py:151} INFO - [2026-05-29T10:10:02.522+0200] {dag.py:3696} INFO - Setting next_dagrun for dataset_produces_2 to None, run_after=None
[2026-05-29T10:10:02.546+0200] {processor.py:179} INFO - Processing /home/frederic/airflow_venv/lib/python3.10/site-packages/airflow/example_dags/example_datasets.py took 0.092 seconds
[2026-05-29T10:10:48.428+0200] {processor.py:157} INFO - Started process (PID=693697) to work on /home/frederic/airflow_venv/lib/python3.10/site-packages/airflow/example_dags/example_datasets.py
[2026-05-29T10:10:48.430+0200] {processor.py:829} INFO - Processing file /home/frederic/airflow_venv/lib/python3.10/site-packages/airflow/example_dags/example_datasets.py for tasks to queue
[2026-05-29T10:10:48.430+0200] {logging_mixin.py:151} INFO - [2026-05-29T10:10:48.430+0200] {dagbag.py:539} INFO - Filling up the DagBag from /home/frederic/airflow_venv/lib/python3.10/site-packages/airflow/example_dags/example_datasets.py
[2026-05-29T10:10:48.439+0200] {processor.py:839} INFO - DAG(s) dict_keys(['dataset_consumes_1_and_2', 'dataset_consumes_1_never_scheduled', 'dataset_consumes_1', 'dataset_produces_1', 'dataset_produces_2', 'dataset_consumes_unknown_never_scheduled']) retrieved from /home/frederic/airflow_venv/lib/python3.10/site-packages/airflow/example_dags/example_datasets.py
[2026-05-29T10:10:48.465+0200] {logging_mixin.py:151} INFO - [2026-05-29T10:10:48.465+0200] {dag.py:2915} INFO - Sync 6 DAGs
[2026-05-29T10:10:48.485+0200] {logging_mixin.py:151} INFO - [2026-05-29T10:10:48.485+0200] {dag.py:3696} INFO - Setting next_dagrun for dataset_consumes_1 to None, run_after=None
[2026-05-29T10:10:48.488+0200] {logging_mixin.py:151} INFO - [2026-05-29T10:10:48.487+0200] {dag.py:3696} INFO - Setting next_dagrun for dataset_consumes_1_and_2 to None, run_after=None
[2026-05-29T10:10:48.488+0200] {logging_mixin.py:151} INFO - [2026-05-29T10:10:48.488+0200] {dag.py:3696} INFO - Setting next_dagrun for dataset_consumes_1_never_scheduled to None, run_after=None
[2026-05-29T10:10:48.489+0200] {logging_mixin.py:151} INFO - [2026-05-29T10:10:48.489+0200] {dag.py:3696} INFO - Setting next_dagrun for dataset_consumes_unknown_never_scheduled to None, run_after=None
[2026-05-29T10:10:48.492+0200] {logging_mixin.py:151} INFO - [2026-05-29T10:10:48.492+0200] {dag.py:3696} INFO - Setting next_dagrun for dataset_produces_1 to 2026-05-28T00:00:00+00:00, run_after=2026-05-29T00:00:00+00:00
[2026-05-29T10:10:48.494+0200] {logging_mixin.py:151} INFO - [2026-05-29T10:10:48.493+0200] {dag.py:3696} INFO - Setting next_dagrun for dataset_produces_2 to None, run_after=None
[2026-05-29T10:10:48.519+0200] {processor.py:179} INFO - Processing /home/frederic/airflow_venv/lib/python3.10/site-packages/airflow/example_dags/example_datasets.py took 0.093 seconds
[2026-05-29T10:11:37.379+0200] {processor.py:157} INFO - Started process (PID=694703) to work on /home/frederic/airflow_venv/lib/python3.10/site-packages/airflow/example_dags/example_datasets.py
[2026-05-29T10:11:37.380+0200] {processor.py:829} INFO - Processing file /home/frederic/airflow_venv/lib/python3.10/site-packages/airflow/example_dags/example_datasets.py for tasks to queue
[2026-05-29T10:11:37.381+0200] {logging_mixin.py:151} INFO - [2026-05-29T10:11:37.380+0200] {dagbag.py:539} INFO - Filling up the DagBag from /home/frederic/airflow_venv/lib/python3.10/site-packages/airflow/example_dags/example_datasets.py
[2026-05-29T10:11:37.389+0200] {processor.py:839} INFO - DAG(s) dict_keys(['dataset_produces_2', 'dataset_consumes_1_never_scheduled', 'dataset_consumes_1', 'dataset_consumes_unknown_never_scheduled', 'dataset_produces_1', 'dataset_consumes_1_and_2']) retrieved from /home/frederic/airflow_venv/lib/python3.10/site-packages/airflow/example_dags/example_datasets.py
[2026-05-29T10:11:37.416+0200] {logging_mixin.py:151} INFO - [2026-05-29T10:11:37.416+0200] {dag.py:2915} INFO - Sync 6 DAGs
[2026-05-29T10:11:37.437+0200] {logging_mixin.py:151} INFO - [2026-05-29T10:11:37.437+0200] {dag.py:3696} INFO - Setting next_dagrun for dataset_consumes_1 to None, run_after=None
[2026-05-29T10:11:37.440+0200] {logging_mixin.py:151} INFO - [2026-05-29T10:11:37.440+0200] {dag.py:3696} INFO - Setting next_dagrun for dataset_consumes_1_and_2 to None, run_after=None
[2026-05-29T10:11:37.441+0200] {logging_mixin.py:151} INFO - [2026-05-29T10:11:37.441+0200] {dag.py:3696} INFO - Setting next_dagrun for dataset_consumes_1_never_scheduled to None, run_after=None
[2026-05-29T10:11:37.443+0200] {logging_mixin.py:151} INFO - [2026-05-29T10:11:37.442+0200] {dag.py:3696} INFO - Setting next_dagrun for dataset_consumes_unknown_never_scheduled to None, run_after=None
[2026-05-29T10:11:37.445+0200] {logging_mixin.py:151} INFO - [2026-05-29T10:11:37.445+0200] {dag.py:3696} INFO - Setting next_dagrun for dataset_produces_1 to 2026-05-28T00:00:00+00:00, run_after=2026-05-29T00:00:00+00:00
[2026-05-29T10:11:37.446+0200] {logging_mixin.py:151} INFO - [2026-05-29T10:11:37.446+0200] {dag.py:3696} INFO - Setting next_dagrun for dataset_produces_2 to None, run_after=None
[2026-05-29T10:11:37.468+0200] {processor.py:179} INFO - Processing /home/frederic/airflow_venv/lib/python3.10/site-packages/airflow/example_dags/example_datasets.py took 0.092 seconds
[2026-05-29T10:12:23.916+0200] {processor.py:157} INFO - Started process (PID=695489) to work on /home/frederic/airflow_venv/lib/python3.10/site-packages/airflow/example_dags/example_datasets.py
[2026-05-29T10:12:23.917+0200] {processor.py:829} INFO - Processing file /home/frederic/airflow_venv/lib/python3.10/site-packages/airflow/example_dags/example_datasets.py for tasks to queue
[2026-05-29T10:12:23.918+0200] {logging_mixin.py:151} INFO - [2026-05-29T10:12:23.917+0200] {dagbag.py:539} INFO - Filling up the DagBag from /home/frederic/airflow_venv/lib/python3.10/site-packages/airflow/example_dags/example_datasets.py
[2026-05-29T10:12:23.925+0200] {processor.py:839} INFO - DAG(s) dict_keys(['dataset_produces_1', 'dataset_produces_2', 'dataset_consumes_1', 'dataset_consumes_1_and_2', 'dataset_consumes_1_never_scheduled', 'dataset_consumes_unknown_never_scheduled']) retrieved from /home/frederic/airflow_venv/lib/python3.10/site-packages/airflow/example_dags/example_datasets.py
[2026-05-29T10:12:23.946+0200] {logging_mixin.py:151} INFO - [2026-05-29T10:12:23.946+0200] {dag.py:2915} INFO - Sync 6 DAGs
[2026-05-29T10:12:23.962+0200] {logging_mixin.py:151} INFO - [2026-05-29T10:12:23.961+0200] {dag.py:3696} INFO - Setting next_dagrun for dataset_consumes_1 to None, run_after=None
[2026-05-29T10:12:23.964+0200] {logging_mixin.py:151} INFO - [2026-05-29T10:12:23.964+0200] {dag.py:3696} INFO - Setting next_dagrun for dataset_consumes_1_and_2 to None, run_after=None
[2026-05-29T10:12:23.964+0200] {logging_mixin.py:151} INFO - [2026-05-29T10:12:23.964+0200] {dag.py:3696} INFO - Setting next_dagrun for dataset_consumes_1_never_scheduled to None, run_after=None
[2026-05-29T10:12:23.965+0200] {logging_mixin.py:151} INFO - [2026-05-29T10:12:23.965+0200] {dag.py:3696} INFO - Setting next_dagrun for dataset_consumes_unknown_never_scheduled to None, run_after=None
[2026-05-29T10:12:23.967+0200] {logging_mixin.py:151} INFO - [2026-05-29T10:12:23.967+0200] {dag.py:3696} INFO - Setting next_dagrun for dataset_produces_1 to 2026-05-28T00:00:00+00:00, run_after=2026-05-29T00:00:00+00:00
[2026-05-29T10:12:23.968+0200] {logging_mixin.py:151} INFO - [2026-05-29T10:12:23.968+0200] {dag.py:3696} INFO - Setting next_dagrun for dataset_produces_2 to None, run_after=None
[2026-05-29T10:12:23.989+0200] {processor.py:179} INFO - Processing /home/frederic/airflow_venv/lib/python3.10/site-packages/airflow/example_dags/example_datasets.py took 0.075 seconds
[2026-05-29T10:13:13.891+0200] {processor.py:157} INFO - Started process (PID=696035) to work on /home/frederic/airflow_venv/lib/python3.10/site-packages/airflow/example_dags/example_datasets.py
[2026-05-29T10:13:13.892+0200] {processor.py:829} INFO - Processing file /home/frederic/airflow_venv/lib/python3.10/site-packages/airflow/example_dags/example_datasets.py for tasks to queue
[2026-05-29T10:13:13.893+0200] {logging_mixin.py:151} INFO - [2026-05-29T10:13:13.893+0200] {dagbag.py:539} INFO - Filling up the DagBag from /home/frederic/airflow_venv/lib/python3.10/site-packages/airflow/example_dags/example_datasets.py
[2026-05-29T10:13:13.900+0200] {processor.py:839} INFO - DAG(s) dict_keys(['dataset_consumes_1_never_scheduled', 'dataset_produces_1', 'dataset_consumes_unknown_never_scheduled', 'dataset_produces_2', 'dataset_consumes_1_and_2', 'dataset_consumes_1']) retrieved from /home/frederic/airflow_venv/lib/python3.10/site-packages/airflow/example_dags/example_datasets.py
[2026-05-29T10:13:13.921+0200] {logging_mixin.py:151} INFO - [2026-05-29T10:13:13.921+0200] {dag.py:2915} INFO - Sync 6 DAGs
[2026-05-29T10:13:13.937+0200] {logging_mixin.py:151} INFO - [2026-05-29T10:13:13.937+0200] {dag.py:3696} INFO - Setting next_dagrun for dataset_consumes_1 to None, run_after=None
[2026-05-29T10:13:13.939+0200] {logging_mixin.py:151} INFO - [2026-05-29T10:13:13.939+0200] {dag.py:3696} INFO - Setting next_dagrun for dataset_consumes_1_and_2 to None, run_after=None
[2026-05-29T10:13:13.940+0200] {logging_mixin.py:151} INFO - [2026-05-29T10:13:13.940+0200] {dag.py:3696} INFO - Setting next_dagrun for dataset_consumes_1_never_scheduled to None, run_after=None
[2026-05-29T10:13:13.941+0200] {logging_mixin.py:151} INFO - [2026-05-29T10:13:13.940+0200] {dag.py:3696} INFO - Setting next_dagrun for dataset_consumes_unknown_never_scheduled to None, run_after=None
[2026-05-29T10:13:13.943+0200] {logging_mixin.py:151} INFO - [2026-05-29T10:13:13.943+0200] {dag.py:3696} INFO - Setting next_dagrun for dataset_produces_1 to 2026-05-28T00:00:00+00:00, run_after=2026-05-29T00:00:00+00:00
[2026-05-29T10:13:13.943+0200] {logging_mixin.py:151} INFO - [2026-05-29T10:13:13.943+0200] {dag.py:3696} INFO - Setting next_dagrun for dataset_produces_2 to None, run_after=None
[2026-05-29T10:13:13.963+0200] {processor.py:179} INFO - Processing /home/frederic/airflow_venv/lib/python3.10/site-packages/airflow/example_dags/example_datasets.py took 0.074 seconds
[2026-05-29T10:14:03.848+0200] {processor.py:157} INFO - Started process (PID=696615) to work on /home/frederic/airflow_venv/lib/python3.10/site-packages/airflow/example_dags/example_datasets.py
[2026-05-29T10:14:03.849+0200] {processor.py:829} INFO - Processing file /home/frederic/airflow_venv/lib/python3.10/site-packages/airflow/example_dags/example_datasets.py for tasks to queue
[2026-05-29T10:14:03.850+0200] {logging_mixin.py:151} INFO - [2026-05-29T10:14:03.850+0200] {dagbag.py:539} INFO - Filling up the DagBag from /home/frederic/airflow_venv/lib/python3.10/site-packages/airflow/example_dags/example_datasets.py
[2026-05-29T10:14:03.857+0200] {processor.py:839} INFO - DAG(s) dict_keys(['dataset_consumes_1_and_2', 'dataset_consumes_1_never_scheduled', 'dataset_produces_1', 'dataset_produces_2', 'dataset_consumes_unknown_never_scheduled', 'dataset_consumes_1']) retrieved from /home/frederic/airflow_venv/lib/python3.10/site-packages/airflow/example_dags/example_datasets.py
[2026-05-29T10:14:03.887+0200] {logging_mixin.py:151} INFO - [2026-05-29T10:14:03.887+0200] {dag.py:2915} INFO - Sync 6 DAGs
[2026-05-29T10:14:03.908+0200] {logging_mixin.py:151} INFO - [2026-05-29T10:14:03.908+0200] {dag.py:3696} INFO - Setting next_dagrun for dataset_consumes_1 to None, run_after=None
[2026-05-29T10:14:03.912+0200] {logging_mixin.py:151} INFO - [2026-05-29T10:14:03.912+0200] {dag.py:3696} INFO - Setting next_dagrun for dataset_consumes_1_and_2 to None, run_after=None
[2026-05-29T10:14:03.913+0200] {logging_mixin.py:151} INFO - [2026-05-29T10:14:03.913+0200] {dag.py:3696} INFO - Setting next_dagrun for dataset_consumes_1_never_scheduled to None, run_after=None
[2026-05-29T10:14:03.914+0200] {logging_mixin.py:151} INFO - [2026-05-29T10:14:03.914+0200] {dag.py:3696} INFO - Setting next_dagrun for dataset_consumes_unknown_never_scheduled to None, run_after=None
[2026-05-29T10:14:03.916+0200] {logging_mixin.py:151} INFO - [2026-05-29T10:14:03.916+0200] {dag.py:3696} INFO - Setting next_dagrun for dataset_produces_1 to 2026-05-28T00:00:00+00:00, run_after=2026-05-29T00:00:00+00:00
[2026-05-29T10:14:03.917+0200] {logging_mixin.py:151} INFO - [2026-05-29T10:14:03.917+0200] {dag.py:3696} INFO - Setting next_dagrun for dataset_produces_2 to None, run_after=None
[2026-05-29T10:14:03.946+0200] {processor.py:179} INFO - Processing /home/frederic/airflow_venv/lib/python3.10/site-packages/airflow/example_dags/example_datasets.py took 0.100 seconds
[2026-05-29T10:14:54.132+0200] {processor.py:157} INFO - Started process (PID=697232) to work on /home/frederic/airflow_venv/lib/python3.10/site-packages/airflow/example_dags/example_datasets.py
[2026-05-29T10:14:54.133+0200] {processor.py:829} INFO - Processing file /home/frederic/airflow_venv/lib/python3.10/site-packages/airflow/example_dags/example_datasets.py for tasks to queue
[2026-05-29T10:14:54.134+0200] {logging_mixin.py:151} INFO - [2026-05-29T10:14:54.134+0200] {dagbag.py:539} INFO - Filling up the DagBag from /home/frederic/airflow_venv/lib/python3.10/site-packages/airflow/example_dags/example_datasets.py
[2026-05-29T10:14:54.142+0200] {processor.py:839} INFO - DAG(s) dict_keys(['dataset_consumes_1', 'dataset_produces_1', 'dataset_produces_2', 'dataset_consumes_unknown_never_scheduled', 'dataset_consumes_1_never_scheduled', 'dataset_consumes_1_and_2']) retrieved from /home/frederic/airflow_venv/lib/python3.10/site-packages/airflow/example_dags/example_datasets.py
[2026-05-29T10:14:54.164+0200] {logging_mixin.py:151} INFO - [2026-05-29T10:14:54.164+0200] {dag.py:2915} INFO - Sync 6 DAGs
[2026-05-29T10:14:54.181+0200] {logging_mixin.py:151} INFO - [2026-05-29T10:14:54.181+0200] {dag.py:3696} INFO - Setting next_dagrun for dataset_consumes_1 to None, run_after=None
[2026-05-29T10:14:54.183+0200] {logging_mixin.py:151} INFO - [2026-05-29T10:14:54.183+0200] {dag.py:3696} INFO - Setting next_dagrun for dataset_consumes_1_and_2 to None, run_after=None
[2026-05-29T10:14:54.184+0200] {logging_mixin.py:151} INFO - [2026-05-29T10:14:54.184+0200] {dag.py:3696} INFO - Setting next_dagrun for dataset_consumes_1_never_scheduled to None, run_after=None
[2026-05-29T10:14:54.185+0200] {logging_mixin.py:151} INFO - [2026-05-29T10:14:54.184+0200] {dag.py:3696} INFO - Setting next_dagrun for dataset_consumes_unknown_never_scheduled to None, run_after=None
[2026-05-29T10:14:54.187+0200] {logging_mixin.py:151} INFO - [2026-05-29T10:14:54.187+0200] {dag.py:3696} INFO - Setting next_dagrun for dataset_produces_1 to 2026-05-28T00:00:00+00:00, run_after=2026-05-29T00:00:00+00:00
[2026-05-29T10:14:54.188+0200] {logging_mixin.py:151} INFO - [2026-05-29T10:14:54.188+0200] {dag.py:3696} INFO - Setting next_dagrun for dataset_produces_2 to None, run_after=None
[2026-05-29T10:14:54.213+0200] {processor.py:179} INFO - Processing /home/frederic/airflow_venv/lib/python3.10/site-packages/airflow/example_dags/example_datasets.py took 0.083 seconds
[2026-05-29T10:15:40.672+0200] {processor.py:157} INFO - Started process (PID=697884) to work on /home/frederic/airflow_venv/lib/python3.10/site-packages/airflow/example_dags/example_datasets.py
[2026-05-29T10:15:40.673+0200] {processor.py:829} INFO - Processing file /home/frederic/airflow_venv/lib/python3.10/site-packages/airflow/example_dags/example_datasets.py for tasks to queue
[2026-05-29T10:15:40.674+0200] {logging_mixin.py:151} INFO - [2026-05-29T10:15:40.674+0200] {dagbag.py:539} INFO - Filling up the DagBag from /home/frederic/airflow_venv/lib/python3.10/site-packages/airflow/example_dags/example_datasets.py
[2026-05-29T10:15:40.682+0200] {processor.py:839} INFO - DAG(s) dict_keys(['dataset_produces_1', 'dataset_consumes_1', 'dataset_produces_2', 'dataset_consumes_1_never_scheduled', 'dataset_consumes_unknown_never_scheduled', 'dataset_consumes_1_and_2']) retrieved from /home/frederic/airflow_venv/lib/python3.10/site-packages/airflow/example_dags/example_datasets.py
[2026-05-29T10:15:40.707+0200] {logging_mixin.py:151} INFO - [2026-05-29T10:15:40.707+0200] {dag.py:2915} INFO - Sync 6 DAGs
[2026-05-29T10:15:40.724+0200] {logging_mixin.py:151} INFO - [2026-05-29T10:15:40.724+0200] {dag.py:3696} INFO - Setting next_dagrun for dataset_consumes_1 to None, run_after=None
[2026-05-29T10:15:40.726+0200] {logging_mixin.py:151} INFO - [2026-05-29T10:15:40.726+0200] {dag.py:3696} INFO - Setting next_dagrun for dataset_consumes_1_and_2 to None, run_after=None
[2026-05-29T10:15:40.727+0200] {logging_mixin.py:151} INFO - [2026-05-29T10:15:40.727+0200] {dag.py:3696} INFO - Setting next_dagrun for dataset_consumes_1_never_scheduled to None, run_after=None
[2026-05-29T10:15:40.727+0200] {logging_mixin.py:151} INFO - [2026-05-29T10:15:40.727+0200] {dag.py:3696} INFO - Setting next_dagrun for dataset_consumes_unknown_never_scheduled to None, run_after=None
[2026-05-29T10:15:40.730+0200] {logging_mixin.py:151} INFO - [2026-05-29T10:15:40.729+0200] {dag.py:3696} INFO - Setting next_dagrun for dataset_produces_1 to 2026-05-28T00:00:00+00:00, run_after=2026-05-29T00:00:00+00:00
[2026-05-29T10:15:40.730+0200] {logging_mixin.py:151} INFO - [2026-05-29T10:15:40.730+0200] {dag.py:3696} INFO - Setting next_dagrun for dataset_produces_2 to None, run_after=None
[2026-05-29T10:15:40.751+0200] {processor.py:179} INFO - Processing /home/frederic/airflow_venv/lib/python3.10/site-packages/airflow/example_dags/example_datasets.py took 0.081 seconds
[2026-05-29T10:16:29.310+0200] {processor.py:157} INFO - Started process (PID=698677) to work on /home/frederic/airflow_venv/lib/python3.10/site-packages/airflow/example_dags/example_datasets.py
[2026-05-29T10:16:29.312+0200] {processor.py:829} INFO - Processing file /home/frederic/airflow_venv/lib/python3.10/site-packages/airflow/example_dags/example_datasets.py for tasks to queue
[2026-05-29T10:16:29.312+0200] {logging_mixin.py:151} INFO - [2026-05-29T10:16:29.312+0200] {dagbag.py:539} INFO - Filling up the DagBag from /home/frederic/airflow_venv/lib/python3.10/site-packages/airflow/example_dags/example_datasets.py
[2026-05-29T10:16:29.320+0200] {processor.py:839} INFO - DAG(s) dict_keys(['dataset_consumes_1_never_scheduled', 'dataset_consumes_unknown_never_scheduled', 'dataset_consumes_1_and_2', 'dataset_consumes_1', 'dataset_produces_2', 'dataset_produces_1']) retrieved from /home/frederic/airflow_venv/lib/python3.10/site-packages/airflow/example_dags/example_datasets.py
[2026-05-29T10:16:29.343+0200] {logging_mixin.py:151} INFO - [2026-05-29T10:16:29.342+0200] {dag.py:2915} INFO - Sync 6 DAGs
[2026-05-29T10:16:29.359+0200] {logging_mixin.py:151} INFO - [2026-05-29T10:16:29.359+0200] {dag.py:3696} INFO - Setting next_dagrun for dataset_consumes_1 to None, run_after=None
[2026-05-29T10:16:29.361+0200] {logging_mixin.py:151} INFO - [2026-05-29T10:16:29.361+0200] {dag.py:3696} INFO - Setting next_dagrun for dataset_consumes_1_and_2 to None, run_after=None
[2026-05-29T10:16:29.362+0200] {logging_mixin.py:151} INFO - [2026-05-29T10:16:29.362+0200] {dag.py:3696} INFO - Setting next_dagrun for dataset_consumes_1_never_scheduled to None, run_after=None
[2026-05-29T10:16:29.362+0200] {logging_mixin.py:151} INFO - [2026-05-29T10:16:29.362+0200] {dag.py:3696} INFO - Setting next_dagrun for dataset_consumes_unknown_never_scheduled to None, run_after=None
[2026-05-29T10:16:29.364+0200] {logging_mixin.py:151} INFO - [2026-05-29T10:16:29.364+0200] {dag.py:3696} INFO - Setting next_dagrun for dataset_produces_1 to 2026-05-28T00:00:00+00:00, run_after=2026-05-29T00:00:00+00:00
[2026-05-29T10:16:29.365+0200] {logging_mixin.py:151} INFO - [2026-05-29T10:16:29.365+0200] {dag.py:3696} INFO - Setting next_dagrun for dataset_produces_2 to None, run_after=None
[2026-05-29T10:16:29.391+0200] {processor.py:179} INFO - Processing /home/frederic/airflow_venv/lib/python3.10/site-packages/airflow/example_dags/example_datasets.py took 0.083 seconds
[2026-05-29T10:17:14.070+0200] {processor.py:157} INFO - Started process (PID=699617) to work on /home/frederic/airflow_venv/lib/python3.10/site-packages/airflow/example_dags/example_datasets.py
[2026-05-29T10:17:14.071+0200] {processor.py:829} INFO - Processing file /home/frederic/airflow_venv/lib/python3.10/site-packages/airflow/example_dags/example_datasets.py for tasks to queue
[2026-05-29T10:17:14.072+0200] {logging_mixin.py:151} INFO - [2026-05-29T10:17:14.072+0200] {dagbag.py:539} INFO - Filling up the DagBag from /home/frederic/airflow_venv/lib/python3.10/site-packages/airflow/example_dags/example_datasets.py
[2026-05-29T10:17:14.080+0200] {processor.py:839} INFO - DAG(s) dict_keys(['dataset_consumes_unknown_never_scheduled', 'dataset_produces_1', 'dataset_consumes_1', 'dataset_consumes_1_and_2', 'dataset_produces_2', 'dataset_consumes_1_never_scheduled']) retrieved from /home/frederic/airflow_venv/lib/python3.10/site-packages/airflow/example_dags/example_datasets.py
[2026-05-29T10:17:14.103+0200] {logging_mixin.py:151} INFO - [2026-05-29T10:17:14.103+0200] {dag.py:2915} INFO - Sync 6 DAGs
[2026-05-29T10:17:14.125+0200] {logging_mixin.py:151} INFO - [2026-05-29T10:17:14.125+0200] {dag.py:3696} INFO - Setting next_dagrun for dataset_consumes_1 to None, run_after=None
[2026-05-29T10:17:14.129+0200] {logging_mixin.py:151} INFO - [2026-05-29T10:17:14.129+0200] {dag.py:3696} INFO - Setting next_dagrun for dataset_consumes_1_and_2 to None, run_after=None
[2026-05-29T10:17:14.130+0200] {logging_mixin.py:151} INFO - [2026-05-29T10:17:14.130+0200] {dag.py:3696} INFO - Setting next_dagrun for dataset_consumes_1_never_scheduled to None, run_after=None
[2026-05-29T10:17:14.132+0200] {logging_mixin.py:151} INFO - [2026-05-29T10:17:14.132+0200] {dag.py:3696} INFO - Setting next_dagrun for dataset_consumes_unknown_never_scheduled to None, run_after=None
[2026-05-29T10:17:14.136+0200] {logging_mixin.py:151} INFO - [2026-05-29T10:17:14.135+0200] {dag.py:3696} INFO - Setting next_dagrun for dataset_produces_1 to 2026-05-28T00:00:00+00:00, run_after=2026-05-29T00:00:00+00:00
[2026-05-29T10:17:14.137+0200] {logging_mixin.py:151} INFO - [2026-05-29T10:17:14.136+0200] {dag.py:3696} INFO - Setting next_dagrun for dataset_produces_2 to None, run_after=None
[2026-05-29T10:17:14.162+0200] {processor.py:179} INFO - Processing /home/frederic/airflow_venv/lib/python3.10/site-packages/airflow/example_dags/example_datasets.py took 0.094 seconds
[2026-05-29T10:18:01.289+0200] {processor.py:157} INFO - Started process (PID=700537) to work on /home/frederic/airflow_venv/lib/python3.10/site-packages/airflow/example_dags/example_datasets.py
[2026-05-29T10:18:01.290+0200] {processor.py:829} INFO - Processing file /home/frederic/airflow_venv/lib/python3.10/site-packages/airflow/example_dags/example_datasets.py for tasks to queue
[2026-05-29T10:18:01.291+0200] {logging_mixin.py:151} INFO - [2026-05-29T10:18:01.290+0200] {dagbag.py:539} INFO - Filling up the DagBag from /home/frederic/airflow_venv/lib/python3.10/site-packages/airflow/example_dags/example_datasets.py
[2026-05-29T10:18:01.299+0200] {processor.py:839} INFO - DAG(s) dict_keys(['dataset_produces_2', 'dataset_consumes_unknown_never_scheduled', 'dataset_consumes_1', 'dataset_produces_1', 'dataset_consumes_1_never_scheduled', 'dataset_consumes_1_and_2']) retrieved from /home/frederic/airflow_venv/lib/python3.10/site-packages/airflow/example_dags/example_datasets.py
[2026-05-29T10:18:01.326+0200] {logging_mixin.py:151} INFO - [2026-05-29T10:18:01.326+0200] {dag.py:2915} INFO - Sync 6 DAGs
[2026-05-29T10:18:01.346+0200] {logging_mixin.py:151} INFO - [2026-05-29T10:18:01.346+0200] {dag.py:3696} INFO - Setting next_dagrun for dataset_consumes_1 to None, run_after=None
[2026-05-29T10:18:01.349+0200] {logging_mixin.py:151} INFO - [2026-05-29T10:18:01.349+0200] {dag.py:3696} INFO - Setting next_dagrun for dataset_consumes_1_and_2 to None, run_after=None
[2026-05-29T10:18:01.350+0200] {logging_mixin.py:151} INFO - [2026-05-29T10:18:01.350+0200] {dag.py:3696} INFO - Setting next_dagrun for dataset_consumes_1_never_scheduled to None, run_after=None
[2026-05-29T10:18:01.350+0200] {logging_mixin.py:151} INFO - [2026-05-29T10:18:01.350+0200] {dag.py:3696} INFO - Setting next_dagrun for dataset_consumes_unknown_never_scheduled to None, run_after=None
[2026-05-29T10:18:01.353+0200] {logging_mixin.py:151} INFO - [2026-05-29T10:18:01.353+0200] {dag.py:3696} INFO - Setting next_dagrun for dataset_produces_1 to 2026-05-28T00:00:00+00:00, run_after=2026-05-29T00:00:00+00:00
[2026-05-29T10:18:01.354+0200] {logging_mixin.py:151} INFO - [2026-05-29T10:18:01.354+0200] {dag.py:3696} INFO - Setting next_dagrun for dataset_produces_2 to None, run_after=None
[2026-05-29T10:18:01.385+0200] {processor.py:179} INFO - Processing /home/frederic/airflow_venv/lib/python3.10/site-packages/airflow/example_dags/example_datasets.py took 0.099 seconds
[2026-05-29T10:18:46.310+0200] {processor.py:157} INFO - Started process (PID=701037) to work on /home/frederic/airflow_venv/lib/python3.10/site-packages/airflow/example_dags/example_datasets.py
[2026-05-29T10:18:46.311+0200] {processor.py:829} INFO - Processing file /home/frederic/airflow_venv/lib/python3.10/site-packages/airflow/example_dags/example_datasets.py for tasks to queue
[2026-05-29T10:18:46.312+0200] {logging_mixin.py:151} INFO - [2026-05-29T10:18:46.312+0200] {dagbag.py:539} INFO - Filling up the DagBag from /home/frederic/airflow_venv/lib/python3.10/site-packages/airflow/example_dags/example_datasets.py
[2026-05-29T10:18:46.322+0200] {processor.py:839} INFO - DAG(s) dict_keys(['dataset_consumes_1_never_scheduled', 'dataset_consumes_unknown_never_scheduled', 'dataset_consumes_1_and_2', 'dataset_produces_2', 'dataset_consumes_1', 'dataset_produces_1']) retrieved from /home/frederic/airflow_venv/lib/python3.10/site-packages/airflow/example_dags/example_datasets.py
[2026-05-29T10:18:46.350+0200] {logging_mixin.py:151} INFO - [2026-05-29T10:18:46.350+0200] {dag.py:2915} INFO - Sync 6 DAGs
[2026-05-29T10:18:46.367+0200] {logging_mixin.py:151} INFO - [2026-05-29T10:18:46.366+0200] {dag.py:3696} INFO - Setting next_dagrun for dataset_consumes_1 to None, run_after=None
[2026-05-29T10:18:46.369+0200] {logging_mixin.py:151} INFO - [2026-05-29T10:18:46.369+0200] {dag.py:3696} INFO - Setting next_dagrun for dataset_consumes_1_and_2 to None, run_after=None
[2026-05-29T10:18:46.370+0200] {logging_mixin.py:151} INFO - [2026-05-29T10:18:46.370+0200] {dag.py:3696} INFO - Setting next_dagrun for dataset_consumes_1_never_scheduled to None, run_after=None
[2026-05-29T10:18:46.370+0200] {logging_mixin.py:151} INFO - [2026-05-29T10:18:46.370+0200] {dag.py:3696} INFO - Setting next_dagrun for dataset_consumes_unknown_never_scheduled to None, run_after=None
[2026-05-29T10:18:46.373+0200] {logging_mixin.py:151} INFO - [2026-05-29T10:18:46.373+0200] {dag.py:3696} INFO - Setting next_dagrun for dataset_produces_1 to 2026-05-28T00:00:00+00:00, run_after=2026-05-29T00:00:00+00:00
[2026-05-29T10:18:46.373+0200] {logging_mixin.py:151} INFO - [2026-05-29T10:18:46.373+0200] {dag.py:3696} INFO - Setting next_dagrun for dataset_produces_2 to None, run_after=None
[2026-05-29T10:18:46.397+0200] {processor.py:179} INFO - Processing /home/frederic/airflow_venv/lib/python3.10/site-packages/airflow/example_dags/example_datasets.py took 0.089 seconds
[2026-05-29T10:19:34.403+0200] {processor.py:157} INFO - Started process (PID=701511) to work on /home/frederic/airflow_venv/lib/python3.10/site-packages/airflow/example_dags/example_datasets.py
[2026-05-29T10:19:34.404+0200] {processor.py:829} INFO - Processing file /home/frederic/airflow_venv/lib/python3.10/site-packages/airflow/example_dags/example_datasets.py for tasks to queue
[2026-05-29T10:19:34.405+0200] {logging_mixin.py:151} INFO - [2026-05-29T10:19:34.405+0200] {dagbag.py:539} INFO - Filling up the DagBag from /home/frederic/airflow_venv/lib/python3.10/site-packages/airflow/example_dags/example_datasets.py
[2026-05-29T10:19:34.413+0200] {processor.py:839} INFO - DAG(s) dict_keys(['dataset_consumes_unknown_never_scheduled', 'dataset_consumes_1_never_scheduled', 'dataset_consumes_1_and_2', 'dataset_produces_2', 'dataset_consumes_1', 'dataset_produces_1']) retrieved from /home/frederic/airflow_venv/lib/python3.10/site-packages/airflow/example_dags/example_datasets.py
[2026-05-29T10:19:34.438+0200] {logging_mixin.py:151} INFO - [2026-05-29T10:19:34.438+0200] {dag.py:2915} INFO - Sync 6 DAGs
[2026-05-29T10:19:34.457+0200] {logging_mixin.py:151} INFO - [2026-05-29T10:19:34.457+0200] {dag.py:3696} INFO - Setting next_dagrun for dataset_consumes_1 to None, run_after=None
[2026-05-29T10:19:34.459+0200] {logging_mixin.py:151} INFO - [2026-05-29T10:19:34.459+0200] {dag.py:3696} INFO - Setting next_dagrun for dataset_consumes_1_and_2 to None, run_after=None
[2026-05-29T10:19:34.460+0200] {logging_mixin.py:151} INFO - [2026-05-29T10:19:34.460+0200] {dag.py:3696} INFO - Setting next_dagrun for dataset_consumes_1_never_scheduled to None, run_after=None
[2026-05-29T10:19:34.461+0200] {logging_mixin.py:151} INFO - [2026-05-29T10:19:34.461+0200] {dag.py:3696} INFO - Setting next_dagrun for dataset_consumes_unknown_never_scheduled to None, run_after=None
[2026-05-29T10:19:34.463+0200] {logging_mixin.py:151} INFO - [2026-05-29T10:19:34.463+0200] {dag.py:3696} INFO - Setting next_dagrun for dataset_produces_1 to 2026-05-28T00:00:00+00:00, run_after=2026-05-29T00:00:00+00:00
[2026-05-29T10:19:34.464+0200] {logging_mixin.py:151} INFO - [2026-05-29T10:19:34.464+0200] {dag.py:3696} INFO - Setting next_dagrun for dataset_produces_2 to None, run_after=None
[2026-05-29T10:19:34.486+0200] {processor.py:179} INFO - Processing /home/frederic/airflow_venv/lib/python3.10/site-packages/airflow/example_dags/example_datasets.py took 0.085 seconds
[2026-05-29T10:20:24.111+0200] {processor.py:157} INFO - Started process (PID=702198) to work on /home/frederic/airflow_venv/lib/python3.10/site-packages/airflow/example_dags/example_datasets.py
[2026-05-29T10:20:24.112+0200] {processor.py:829} INFO - Processing file /home/frederic/airflow_venv/lib/python3.10/site-packages/airflow/example_dags/example_datasets.py for tasks to queue
[2026-05-29T10:20:24.113+0200] {logging_mixin.py:151} INFO - [2026-05-29T10:20:24.113+0200] {dagbag.py:539} INFO - Filling up the DagBag from /home/frederic/airflow_venv/lib/python3.10/site-packages/airflow/example_dags/example_datasets.py
[2026-05-29T10:20:24.121+0200] {processor.py:839} INFO - DAG(s) dict_keys(['dataset_consumes_1_and_2', 'dataset_produces_2', 'dataset_consumes_1', 'dataset_consumes_unknown_never_scheduled', 'dataset_produces_1', 'dataset_consumes_1_never_scheduled']) retrieved from /home/frederic/airflow_venv/lib/python3.10/site-packages/airflow/example_dags/example_datasets.py
[2026-05-29T10:20:24.143+0200] {logging_mixin.py:151} INFO - [2026-05-29T10:20:24.143+0200] {dag.py:2915} INFO - Sync 6 DAGs
[2026-05-29T10:20:24.159+0200] {logging_mixin.py:151} INFO - [2026-05-29T10:20:24.159+0200] {dag.py:3696} INFO - Setting next_dagrun for dataset_consumes_1 to None, run_after=None
[2026-05-29T10:20:24.162+0200] {logging_mixin.py:151} INFO - [2026-05-29T10:20:24.162+0200] {dag.py:3696} INFO - Setting next_dagrun for dataset_consumes_1_and_2 to None, run_after=None
[2026-05-29T10:20:24.162+0200] {logging_mixin.py:151} INFO - [2026-05-29T10:20:24.162+0200] {dag.py:3696} INFO - Setting next_dagrun for dataset_consumes_1_never_scheduled to None, run_after=None
[2026-05-29T10:20:24.163+0200] {logging_mixin.py:151} INFO - [2026-05-29T10:20:24.163+0200] {dag.py:3696} INFO - Setting next_dagrun for dataset_consumes_unknown_never_scheduled to None, run_after=None
[2026-05-29T10:20:24.165+0200] {logging_mixin.py:151} INFO - [2026-05-29T10:20:24.165+0200] {dag.py:3696} INFO - Setting next_dagrun for dataset_produces_1 to 2026-05-28T00:00:00+00:00, run_after=2026-05-29T00:00:00+00:00
[2026-05-29T10:20:24.166+0200] {logging_mixin.py:151} INFO - [2026-05-29T10:20:24.166+0200] {dag.py:3696} INFO - Setting next_dagrun for dataset_produces_2 to None, run_after=None
[2026-05-29T10:20:24.263+0200] {processor.py:179} INFO - Processing /home/frederic/airflow_venv/lib/python3.10/site-packages/airflow/example_dags/example_datasets.py took 0.154 seconds
[2026-05-29T10:21:14.632+0200] {processor.py:157} INFO - Started process (PID=702687) to work on /home/frederic/airflow_venv/lib/python3.10/site-packages/airflow/example_dags/example_datasets.py
[2026-05-29T10:21:14.633+0200] {processor.py:829} INFO - Processing file /home/frederic/airflow_venv/lib/python3.10/site-packages/airflow/example_dags/example_datasets.py for tasks to queue
[2026-05-29T10:21:14.634+0200] {logging_mixin.py:151} INFO - [2026-05-29T10:21:14.634+0200] {dagbag.py:539} INFO - Filling up the DagBag from /home/frederic/airflow_venv/lib/python3.10/site-packages/airflow/example_dags/example_datasets.py
[2026-05-29T10:21:14.643+0200] {processor.py:839} INFO - DAG(s) dict_keys(['dataset_consumes_1_and_2', 'dataset_produces_2', 'dataset_consumes_1_never_scheduled', 'dataset_consumes_unknown_never_scheduled', 'dataset_consumes_1', 'dataset_produces_1']) retrieved from /home/frederic/airflow_venv/lib/python3.10/site-packages/airflow/example_dags/example_datasets.py
[2026-05-29T10:21:14.669+0200] {logging_mixin.py:151} INFO - [2026-05-29T10:21:14.669+0200] {dag.py:2915} INFO - Sync 6 DAGs
[2026-05-29T10:21:14.688+0200] {logging_mixin.py:151} INFO - [2026-05-29T10:21:14.688+0200] {dag.py:3696} INFO - Setting next_dagrun for dataset_consumes_1 to None, run_after=None
[2026-05-29T10:21:14.691+0200] {logging_mixin.py:151} INFO - [2026-05-29T10:21:14.691+0200] {dag.py:3696} INFO - Setting next_dagrun for dataset_consumes_1_and_2 to None, run_after=None
[2026-05-29T10:21:14.691+0200] {logging_mixin.py:151} INFO - [2026-05-29T10:21:14.691+0200] {dag.py:3696} INFO - Setting next_dagrun for dataset_consumes_1_never_scheduled to None, run_after=None
[2026-05-29T10:21:14.692+0200] {logging_mixin.py:151} INFO - [2026-05-29T10:21:14.692+0200] {dag.py:3696} INFO - Setting next_dagrun for dataset_consumes_unknown_never_scheduled to None, run_after=None
[2026-05-29T10:21:14.696+0200] {logging_mixin.py:151} INFO - [2026-05-29T10:21:14.695+0200] {dag.py:3696} INFO - Setting next_dagrun for dataset_produces_1 to 2026-05-28T00:00:00+00:00, run_after=2026-05-29T00:00:00+00:00
[2026-05-29T10:21:14.696+0200] {logging_mixin.py:151} INFO - [2026-05-29T10:21:14.696+0200] {dag.py:3696} INFO - Setting next_dagrun for dataset_produces_2 to None, run_after=None
[2026-05-29T10:21:14.721+0200] {processor.py:179} INFO - Processing /home/frederic/airflow_venv/lib/python3.10/site-packages/airflow/example_dags/example_datasets.py took 0.091 seconds
[2026-05-29T10:22:01.305+0200] {processor.py:157} INFO - Started process (PID=703129) to work on /home/frederic/airflow_venv/lib/python3.10/site-packages/airflow/example_dags/example_datasets.py
[2026-05-29T10:22:01.306+0200] {processor.py:829} INFO - Processing file /home/frederic/airflow_venv/lib/python3.10/site-packages/airflow/example_dags/example_datasets.py for tasks to queue
[2026-05-29T10:22:01.307+0200] {logging_mixin.py:151} INFO - [2026-05-29T10:22:01.307+0200] {dagbag.py:539} INFO - Filling up the DagBag from /home/frederic/airflow_venv/lib/python3.10/site-packages/airflow/example_dags/example_datasets.py
[2026-05-29T10:22:01.315+0200] {processor.py:839} INFO - DAG(s) dict_keys(['dataset_produces_2', 'dataset_consumes_1_and_2', 'dataset_consumes_unknown_never_scheduled', 'dataset_consumes_1_never_scheduled', 'dataset_produces_1', 'dataset_consumes_1']) retrieved from /home/frederic/airflow_venv/lib/python3.10/site-packages/airflow/example_dags/example_datasets.py
[2026-05-29T10:22:01.336+0200] {logging_mixin.py:151} INFO - [2026-05-29T10:22:01.336+0200] {dag.py:2915} INFO - Sync 6 DAGs
[2026-05-29T10:22:01.351+0200] {logging_mixin.py:151} INFO - [2026-05-29T10:22:01.351+0200] {dag.py:3696} INFO - Setting next_dagrun for dataset_consumes_1 to None, run_after=None
[2026-05-29T10:22:01.353+0200] {logging_mixin.py:151} INFO - [2026-05-29T10:22:01.353+0200] {dag.py:3696} INFO - Setting next_dagrun for dataset_consumes_1_and_2 to None, run_after=None
[2026-05-29T10:22:01.354+0200] {logging_mixin.py:151} INFO - [2026-05-29T10:22:01.354+0200] {dag.py:3696} INFO - Setting next_dagrun for dataset_consumes_1_never_scheduled to None, run_after=None
[2026-05-29T10:22:01.354+0200] {logging_mixin.py:151} INFO - [2026-05-29T10:22:01.354+0200] {dag.py:3696} INFO - Setting next_dagrun for dataset_consumes_unknown_never_scheduled to None, run_after=None
[2026-05-29T10:22:01.357+0200] {logging_mixin.py:151} INFO - [2026-05-29T10:22:01.356+0200] {dag.py:3696} INFO - Setting next_dagrun for dataset_produces_1 to 2026-05-28T00:00:00+00:00, run_after=2026-05-29T00:00:00+00:00
[2026-05-29T10:22:01.357+0200] {logging_mixin.py:151} INFO - [2026-05-29T10:22:01.357+0200] {dag.py:3696} INFO - Setting next_dagrun for dataset_produces_2 to None, run_after=None
[2026-05-29T10:22:01.377+0200] {processor.py:179} INFO - Processing /home/frederic/airflow_venv/lib/python3.10/site-packages/airflow/example_dags/example_datasets.py took 0.074 seconds
[2026-05-29T10:22:49.667+0200] {processor.py:157} INFO - Started process (PID=703611) to work on /home/frederic/airflow_venv/lib/python3.10/site-packages/airflow/example_dags/example_datasets.py
[2026-05-29T10:22:49.668+0200] {processor.py:829} INFO - Processing file /home/frederic/airflow_venv/lib/python3.10/site-packages/airflow/example_dags/example_datasets.py for tasks to queue
[2026-05-29T10:22:49.668+0200] {logging_mixin.py:151} INFO - [2026-05-29T10:22:49.668+0200] {dagbag.py:539} INFO - Filling up the DagBag from /home/frederic/airflow_venv/lib/python3.10/site-packages/airflow/example_dags/example_datasets.py
[2026-05-29T10:22:49.677+0200] {processor.py:839} INFO - DAG(s) dict_keys(['dataset_consumes_1', 'dataset_consumes_1_never_scheduled', 'dataset_produces_2', 'dataset_consumes_unknown_never_scheduled', 'dataset_produces_1', 'dataset_consumes_1_and_2']) retrieved from /home/frederic/airflow_venv/lib/python3.10/site-packages/airflow/example_dags/example_datasets.py
[2026-05-29T10:22:49.704+0200] {logging_mixin.py:151} INFO - [2026-05-29T10:22:49.703+0200] {dag.py:2915} INFO - Sync 6 DAGs
[2026-05-29T10:22:49.723+0200] {logging_mixin.py:151} INFO - [2026-05-29T10:22:49.723+0200] {dag.py:3696} INFO - Setting next_dagrun for dataset_consumes_1 to None, run_after=None
[2026-05-29T10:22:49.726+0200] {logging_mixin.py:151} INFO - [2026-05-29T10:22:49.726+0200] {dag.py:3696} INFO - Setting next_dagrun for dataset_consumes_1_and_2 to None, run_after=None
[2026-05-29T10:22:49.727+0200] {logging_mixin.py:151} INFO - [2026-05-29T10:22:49.726+0200] {dag.py:3696} INFO - Setting next_dagrun for dataset_consumes_1_never_scheduled to None, run_after=None
[2026-05-29T10:22:49.727+0200] {logging_mixin.py:151} INFO - [2026-05-29T10:22:49.727+0200] {dag.py:3696} INFO - Setting next_dagrun for dataset_consumes_unknown_never_scheduled to None, run_after=None
[2026-05-29T10:22:49.730+0200] {logging_mixin.py:151} INFO - [2026-05-29T10:22:49.729+0200] {dag.py:3696} INFO - Setting next_dagrun for dataset_produces_1 to 2026-05-28T00:00:00+00:00, run_after=2026-05-29T00:00:00+00:00
[2026-05-29T10:22:49.730+0200] {logging_mixin.py:151} INFO - [2026-05-29T10:22:49.730+0200] {dag.py:3696} INFO - Setting next_dagrun for dataset_produces_2 to None, run_after=None
[2026-05-29T10:22:49.862+0200] {processor.py:179} INFO - Processing /home/frederic/airflow_venv/lib/python3.10/site-packages/airflow/example_dags/example_datasets.py took 0.198 seconds
[2026-05-29T10:23:38.496+0200] {processor.py:157} INFO - Started process (PID=704181) to work on /home/frederic/airflow_venv/lib/python3.10/site-packages/airflow/example_dags/example_datasets.py
[2026-05-29T10:23:38.498+0200] {processor.py:829} INFO - Processing file /home/frederic/airflow_venv/lib/python3.10/site-packages/airflow/example_dags/example_datasets.py for tasks to queue
[2026-05-29T10:23:38.499+0200] {logging_mixin.py:151} INFO - [2026-05-29T10:23:38.498+0200] {dagbag.py:539} INFO - Filling up the DagBag from /home/frederic/airflow_venv/lib/python3.10/site-packages/airflow/example_dags/example_datasets.py
[2026-05-29T10:23:38.506+0200] {processor.py:839} INFO - DAG(s) dict_keys(['dataset_consumes_unknown_never_scheduled', 'dataset_consumes_1_never_scheduled', 'dataset_consumes_1_and_2', 'dataset_produces_2', 'dataset_produces_1', 'dataset_consumes_1']) retrieved from /home/frederic/airflow_venv/lib/python3.10/site-packages/airflow/example_dags/example_datasets.py
[2026-05-29T10:23:38.533+0200] {logging_mixin.py:151} INFO - [2026-05-29T10:23:38.532+0200] {dag.py:2915} INFO - Sync 6 DAGs
[2026-05-29T10:23:38.551+0200] {logging_mixin.py:151} INFO - [2026-05-29T10:23:38.551+0200] {dag.py:3696} INFO - Setting next_dagrun for dataset_consumes_1 to None, run_after=None
[2026-05-29T10:23:38.554+0200] {logging_mixin.py:151} INFO - [2026-05-29T10:23:38.554+0200] {dag.py:3696} INFO - Setting next_dagrun for dataset_consumes_1_and_2 to None, run_after=None
[2026-05-29T10:23:38.555+0200] {logging_mixin.py:151} INFO - [2026-05-29T10:23:38.555+0200] {dag.py:3696} INFO - Setting next_dagrun for dataset_consumes_1_never_scheduled to None, run_after=None
[2026-05-29T10:23:38.556+0200] {logging_mixin.py:151} INFO - [2026-05-29T10:23:38.556+0200] {dag.py:3696} INFO - Setting next_dagrun for dataset_consumes_unknown_never_scheduled to None, run_after=None
[2026-05-29T10:23:38.558+0200] {logging_mixin.py:151} INFO - [2026-05-29T10:23:38.558+0200] {dag.py:3696} INFO - Setting next_dagrun for dataset_produces_1 to 2026-05-28T00:00:00+00:00, run_after=2026-05-29T00:00:00+00:00
[2026-05-29T10:23:38.559+0200] {logging_mixin.py:151} INFO - [2026-05-29T10:23:38.558+0200] {dag.py:3696} INFO - Setting next_dagrun for dataset_produces_2 to None, run_after=None
[2026-05-29T10:23:38.589+0200] {processor.py:179} INFO - Processing /home/frederic/airflow_venv/lib/python3.10/site-packages/airflow/example_dags/example_datasets.py took 0.096 seconds
[2026-05-29T10:24:29.155+0200] {processor.py:157} INFO - Started process (PID=704712) to work on /home/frederic/airflow_venv/lib/python3.10/site-packages/airflow/example_dags/example_datasets.py
[2026-05-29T10:24:29.157+0200] {processor.py:829} INFO - Processing file /home/frederic/airflow_venv/lib/python3.10/site-packages/airflow/example_dags/example_datasets.py for tasks to queue
[2026-05-29T10:24:29.157+0200] {logging_mixin.py:151} INFO - [2026-05-29T10:24:29.157+0200] {dagbag.py:539} INFO - Filling up the DagBag from /home/frederic/airflow_venv/lib/python3.10/site-packages/airflow/example_dags/example_datasets.py
[2026-05-29T10:24:29.166+0200] {processor.py:839} INFO - DAG(s) dict_keys(['dataset_consumes_1_never_scheduled', 'dataset_produces_1', 'dataset_produces_2', 'dataset_consumes_1_and_2', 'dataset_consumes_1', 'dataset_consumes_unknown_never_scheduled']) retrieved from /home/frederic/airflow_venv/lib/python3.10/site-packages/airflow/example_dags/example_datasets.py
[2026-05-29T10:24:29.193+0200] {logging_mixin.py:151} INFO - [2026-05-29T10:24:29.193+0200] {dag.py:2915} INFO - Sync 6 DAGs
[2026-05-29T10:24:29.217+0200] {logging_mixin.py:151} INFO - [2026-05-29T10:24:29.217+0200] {dag.py:3696} INFO - Setting next_dagrun for dataset_consumes_1 to None, run_after=None
[2026-05-29T10:24:29.220+0200] {logging_mixin.py:151} INFO - [2026-05-29T10:24:29.219+0200] {dag.py:3696} INFO - Setting next_dagrun for dataset_consumes_1_and_2 to None, run_after=None
[2026-05-29T10:24:29.220+0200] {logging_mixin.py:151} INFO - [2026-05-29T10:24:29.220+0200] {dag.py:3696} INFO - Setting next_dagrun for dataset_consumes_1_never_scheduled to None, run_after=None
[2026-05-29T10:24:29.221+0200] {logging_mixin.py:151} INFO - [2026-05-29T10:24:29.221+0200] {dag.py:3696} INFO - Setting next_dagrun for dataset_consumes_unknown_never_scheduled to None, run_after=None
[2026-05-29T10:24:29.224+0200] {logging_mixin.py:151} INFO - [2026-05-29T10:24:29.223+0200] {dag.py:3696} INFO - Setting next_dagrun for dataset_produces_1 to 2026-05-28T00:00:00+00:00, run_after=2026-05-29T00:00:00+00:00
[2026-05-29T10:24:29.225+0200] {logging_mixin.py:151} INFO - [2026-05-29T10:24:29.225+0200] {dag.py:3696} INFO - Setting next_dagrun for dataset_produces_2 to None, run_after=None
[2026-05-29T10:24:29.258+0200] {processor.py:179} INFO - Processing /home/frederic/airflow_venv/lib/python3.10/site-packages/airflow/example_dags/example_datasets.py took 0.106 seconds
[2026-05-29T10:25:23.473+0200] {processor.py:157} INFO - Started process (PID=705253) to work on /home/frederic/airflow_venv/lib/python3.10/site-packages/airflow/example_dags/example_datasets.py
[2026-05-29T10:25:23.474+0200] {processor.py:829} INFO - Processing file /home/frederic/airflow_venv/lib/python3.10/site-packages/airflow/example_dags/example_datasets.py for tasks to queue
[2026-05-29T10:25:23.475+0200] {logging_mixin.py:151} INFO - [2026-05-29T10:25:23.474+0200] {dagbag.py:539} INFO - Filling up the DagBag from /home/frederic/airflow_venv/lib/python3.10/site-packages/airflow/example_dags/example_datasets.py
[2026-05-29T10:25:23.482+0200] {processor.py:839} INFO - DAG(s) dict_keys(['dataset_consumes_1_and_2', 'dataset_consumes_1_never_scheduled', 'dataset_produces_2', 'dataset_consumes_unknown_never_scheduled', 'dataset_produces_1', 'dataset_consumes_1']) retrieved from /home/frederic/airflow_venv/lib/python3.10/site-packages/airflow/example_dags/example_datasets.py
[2026-05-29T10:25:23.505+0200] {logging_mixin.py:151} INFO - [2026-05-29T10:25:23.505+0200] {dag.py:2915} INFO - Sync 6 DAGs
[2026-05-29T10:25:23.606+0200] {logging_mixin.py:151} INFO - [2026-05-29T10:25:23.606+0200] {dag.py:3696} INFO - Setting next_dagrun for dataset_consumes_1 to None, run_after=None
[2026-05-29T10:25:23.609+0200] {logging_mixin.py:151} INFO - [2026-05-29T10:25:23.609+0200] {dag.py:3696} INFO - Setting next_dagrun for dataset_consumes_1_and_2 to None, run_after=None
[2026-05-29T10:25:23.609+0200] {logging_mixin.py:151} INFO - [2026-05-29T10:25:23.609+0200] {dag.py:3696} INFO - Setting next_dagrun for dataset_consumes_1_never_scheduled to None, run_after=None
[2026-05-29T10:25:23.610+0200] {logging_mixin.py:151} INFO - [2026-05-29T10:25:23.610+0200] {dag.py:3696} INFO - Setting next_dagrun for dataset_consumes_unknown_never_scheduled to None, run_after=None
[2026-05-29T10:25:23.613+0200] {logging_mixin.py:151} INFO - [2026-05-29T10:25:23.613+0200] {dag.py:3696} INFO - Setting next_dagrun for dataset_produces_1 to 2026-05-28T00:00:00+00:00, run_after=2026-05-29T00:00:00+00:00
[2026-05-29T10:25:23.614+0200] {logging_mixin.py:151} INFO - [2026-05-29T10:25:23.614+0200] {dag.py:3696} INFO - Setting next_dagrun for dataset_produces_2 to None, run_after=None
[2026-05-29T10:25:23.637+0200] {processor.py:179} INFO - Processing /home/frederic/airflow_venv/lib/python3.10/site-packages/airflow/example_dags/example_datasets.py took 0.167 seconds
[2026-05-29T10:26:19.723+0200] {processor.py:157} INFO - Started process (PID=705824) to work on /home/frederic/airflow_venv/lib/python3.10/site-packages/airflow/example_dags/example_datasets.py
[2026-05-29T10:26:19.724+0200] {processor.py:829} INFO - Processing file /home/frederic/airflow_venv/lib/python3.10/site-packages/airflow/example_dags/example_datasets.py for tasks to queue
[2026-05-29T10:26:19.724+0200] {logging_mixin.py:151} INFO - [2026-05-29T10:26:19.724+0200] {dagbag.py:539} INFO - Filling up the DagBag from /home/frederic/airflow_venv/lib/python3.10/site-packages/airflow/example_dags/example_datasets.py
[2026-05-29T10:26:19.732+0200] {processor.py:839} INFO - DAG(s) dict_keys(['dataset_produces_1', 'dataset_consumes_1_never_scheduled', 'dataset_consumes_1_and_2', 'dataset_produces_2', 'dataset_consumes_unknown_never_scheduled', 'dataset_consumes_1']) retrieved from /home/frederic/airflow_venv/lib/python3.10/site-packages/airflow/example_dags/example_datasets.py
[2026-05-29T10:26:19.758+0200] {logging_mixin.py:151} INFO - [2026-05-29T10:26:19.758+0200] {dag.py:2915} INFO - Sync 6 DAGs
[2026-05-29T10:26:19.776+0200] {logging_mixin.py:151} INFO - [2026-05-29T10:26:19.776+0200] {dag.py:3696} INFO - Setting next_dagrun for dataset_consumes_1 to None, run_after=None
[2026-05-29T10:26:19.778+0200] {logging_mixin.py:151} INFO - [2026-05-29T10:26:19.778+0200] {dag.py:3696} INFO - Setting next_dagrun for dataset_consumes_1_and_2 to None, run_after=None
[2026-05-29T10:26:19.779+0200] {logging_mixin.py:151} INFO - [2026-05-29T10:26:19.779+0200] {dag.py:3696} INFO - Setting next_dagrun for dataset_consumes_1_never_scheduled to None, run_after=None
[2026-05-29T10:26:19.780+0200] {logging_mixin.py:151} INFO - [2026-05-29T10:26:19.779+0200] {dag.py:3696} INFO - Setting next_dagrun for dataset_consumes_unknown_never_scheduled to None, run_after=None
[2026-05-29T10:26:19.782+0200] {logging_mixin.py:151} INFO - [2026-05-29T10:26:19.782+0200] {dag.py:3696} INFO - Setting next_dagrun for dataset_produces_1 to 2026-05-28T00:00:00+00:00, run_after=2026-05-29T00:00:00+00:00
[2026-05-29T10:26:19.782+0200] {logging_mixin.py:151} INFO - [2026-05-29T10:26:19.782+0200] {dag.py:3696} INFO - Setting next_dagrun for dataset_produces_2 to None, run_after=None
[2026-05-29T10:26:19.881+0200] {processor.py:179} INFO - Processing /home/frederic/airflow_venv/lib/python3.10/site-packages/airflow/example_dags/example_datasets.py took 0.161 seconds
[2026-05-29T10:27:11.244+0200] {processor.py:157} INFO - Started process (PID=706338) to work on /home/frederic/airflow_venv/lib/python3.10/site-packages/airflow/example_dags/example_datasets.py
[2026-05-29T10:27:11.245+0200] {processor.py:829} INFO - Processing file /home/frederic/airflow_venv/lib/python3.10/site-packages/airflow/example_dags/example_datasets.py for tasks to queue
[2026-05-29T10:27:11.246+0200] {logging_mixin.py:151} INFO - [2026-05-29T10:27:11.246+0200] {dagbag.py:539} INFO - Filling up the DagBag from /home/frederic/airflow_venv/lib/python3.10/site-packages/airflow/example_dags/example_datasets.py
[2026-05-29T10:27:11.257+0200] {processor.py:839} INFO - DAG(s) dict_keys(['dataset_consumes_1_and_2', 'dataset_consumes_unknown_never_scheduled', 'dataset_produces_2', 'dataset_produces_1', 'dataset_consumes_1_never_scheduled', 'dataset_consumes_1']) retrieved from /home/frederic/airflow_venv/lib/python3.10/site-packages/airflow/example_dags/example_datasets.py
[2026-05-29T10:27:11.279+0200] {logging_mixin.py:151} INFO - [2026-05-29T10:27:11.279+0200] {dag.py:2915} INFO - Sync 6 DAGs
[2026-05-29T10:27:11.295+0200] {logging_mixin.py:151} INFO - [2026-05-29T10:27:11.295+0200] {dag.py:3696} INFO - Setting next_dagrun for dataset_consumes_1 to None, run_after=None
[2026-05-29T10:27:11.297+0200] {logging_mixin.py:151} INFO - [2026-05-29T10:27:11.297+0200] {dag.py:3696} INFO - Setting next_dagrun for dataset_consumes_1_and_2 to None, run_after=None
[2026-05-29T10:27:11.298+0200] {logging_mixin.py:151} INFO - [2026-05-29T10:27:11.298+0200] {dag.py:3696} INFO - Setting next_dagrun for dataset_consumes_1_never_scheduled to None, run_after=None
[2026-05-29T10:27:11.299+0200] {logging_mixin.py:151} INFO - [2026-05-29T10:27:11.299+0200] {dag.py:3696} INFO - Setting next_dagrun for dataset_consumes_unknown_never_scheduled to None, run_after=None
[2026-05-29T10:27:11.302+0200] {logging_mixin.py:151} INFO - [2026-05-29T10:27:11.301+0200] {dag.py:3696} INFO - Setting next_dagrun for dataset_produces_1 to 2026-05-28T00:00:00+00:00, run_after=2026-05-29T00:00:00+00:00
[2026-05-29T10:27:11.302+0200] {logging_mixin.py:151} INFO - [2026-05-29T10:27:11.302+0200] {dag.py:3696} INFO - Setting next_dagrun for dataset_produces_2 to None, run_after=None
[2026-05-29T10:27:11.326+0200] {processor.py:179} INFO - Processing /home/frederic/airflow_venv/lib/python3.10/site-packages/airflow/example_dags/example_datasets.py took 0.084 seconds
[2026-05-29T10:27:57.233+0200] {processor.py:157} INFO - Started process (PID=706751) to work on /home/frederic/airflow_venv/lib/python3.10/site-packages/airflow/example_dags/example_datasets.py
[2026-05-29T10:27:57.234+0200] {processor.py:829} INFO - Processing file /home/frederic/airflow_venv/lib/python3.10/site-packages/airflow/example_dags/example_datasets.py for tasks to queue
[2026-05-29T10:27:57.235+0200] {logging_mixin.py:151} INFO - [2026-05-29T10:27:57.235+0200] {dagbag.py:539} INFO - Filling up the DagBag from /home/frederic/airflow_venv/lib/python3.10/site-packages/airflow/example_dags/example_datasets.py
[2026-05-29T10:27:57.246+0200] {processor.py:839} INFO - DAG(s) dict_keys(['dataset_consumes_1', 'dataset_produces_1', 'dataset_consumes_1_and_2', 'dataset_consumes_1_never_scheduled', 'dataset_consumes_unknown_never_scheduled', 'dataset_produces_2']) retrieved from /home/frederic/airflow_venv/lib/python3.10/site-packages/airflow/example_dags/example_datasets.py
[2026-05-29T10:27:57.269+0200] {logging_mixin.py:151} INFO - [2026-05-29T10:27:57.269+0200] {dag.py:2915} INFO - Sync 6 DAGs
[2026-05-29T10:27:57.287+0200] {logging_mixin.py:151} INFO - [2026-05-29T10:27:57.286+0200] {dag.py:3696} INFO - Setting next_dagrun for dataset_consumes_1 to None, run_after=None
[2026-05-29T10:27:57.289+0200] {logging_mixin.py:151} INFO - [2026-05-29T10:27:57.289+0200] {dag.py:3696} INFO - Setting next_dagrun for dataset_consumes_1_and_2 to None, run_after=None
[2026-05-29T10:27:57.290+0200] {logging_mixin.py:151} INFO - [2026-05-29T10:27:57.290+0200] {dag.py:3696} INFO - Setting next_dagrun for dataset_consumes_1_never_scheduled to None, run_after=None
[2026-05-29T10:27:57.290+0200] {logging_mixin.py:151} INFO - [2026-05-29T10:27:57.290+0200] {dag.py:3696} INFO - Setting next_dagrun for dataset_consumes_unknown_never_scheduled to None, run_after=None
[2026-05-29T10:27:57.292+0200] {logging_mixin.py:151} INFO - [2026-05-29T10:27:57.292+0200] {dag.py:3696} INFO - Setting next_dagrun for dataset_produces_1 to 2026-05-28T00:00:00+00:00, run_after=2026-05-29T00:00:00+00:00
[2026-05-29T10:27:57.293+0200] {logging_mixin.py:151} INFO - [2026-05-29T10:27:57.293+0200] {dag.py:3696} INFO - Setting next_dagrun for dataset_produces_2 to None, run_after=None
[2026-05-29T10:27:57.314+0200] {processor.py:179} INFO - Processing /home/frederic/airflow_venv/lib/python3.10/site-packages/airflow/example_dags/example_datasets.py took 0.084 seconds
[2026-05-29T10:28:41.208+0200] {processor.py:157} INFO - Started process (PID=707405) to work on /home/frederic/airflow_venv/lib/python3.10/site-packages/airflow/example_dags/example_datasets.py
[2026-05-29T10:28:41.209+0200] {processor.py:829} INFO - Processing file /home/frederic/airflow_venv/lib/python3.10/site-packages/airflow/example_dags/example_datasets.py for tasks to queue
[2026-05-29T10:28:41.209+0200] {logging_mixin.py:151} INFO - [2026-05-29T10:28:41.209+0200] {dagbag.py:539} INFO - Filling up the DagBag from /home/frederic/airflow_venv/lib/python3.10/site-packages/airflow/example_dags/example_datasets.py
[2026-05-29T10:28:41.219+0200] {processor.py:839} INFO - DAG(s) dict_keys(['dataset_produces_1', 'dataset_consumes_1', 'dataset_produces_2', 'dataset_consumes_1_never_scheduled', 'dataset_consumes_1_and_2', 'dataset_consumes_unknown_never_scheduled']) retrieved from /home/frederic/airflow_venv/lib/python3.10/site-packages/airflow/example_dags/example_datasets.py
[2026-05-29T10:28:41.244+0200] {logging_mixin.py:151} INFO - [2026-05-29T10:28:41.244+0200] {dag.py:2915} INFO - Sync 6 DAGs
[2026-05-29T10:28:41.262+0200] {logging_mixin.py:151} INFO - [2026-05-29T10:28:41.262+0200] {dag.py:3696} INFO - Setting next_dagrun for dataset_consumes_1 to None, run_after=None
[2026-05-29T10:28:41.265+0200] {logging_mixin.py:151} INFO - [2026-05-29T10:28:41.264+0200] {dag.py:3696} INFO - Setting next_dagrun for dataset_consumes_1_and_2 to None, run_after=None
[2026-05-29T10:28:41.265+0200] {logging_mixin.py:151} INFO - [2026-05-29T10:28:41.265+0200] {dag.py:3696} INFO - Setting next_dagrun for dataset_consumes_1_never_scheduled to None, run_after=None
[2026-05-29T10:28:41.266+0200] {logging_mixin.py:151} INFO - [2026-05-29T10:28:41.266+0200] {dag.py:3696} INFO - Setting next_dagrun for dataset_consumes_unknown_never_scheduled to None, run_after=None
[2026-05-29T10:28:41.269+0200] {logging_mixin.py:151} INFO - [2026-05-29T10:28:41.269+0200] {dag.py:3696} INFO - Setting next_dagrun for dataset_produces_1 to 2026-05-28T00:00:00+00:00, run_after=2026-05-29T00:00:00+00:00
[2026-05-29T10:28:41.270+0200] {logging_mixin.py:151} INFO - [2026-05-29T10:28:41.270+0200] {dag.py:3696} INFO - Setting next_dagrun for dataset_produces_2 to None, run_after=None
[2026-05-29T10:28:41.293+0200] {processor.py:179} INFO - Processing /home/frederic/airflow_venv/lib/python3.10/site-packages/airflow/example_dags/example_datasets.py took 0.088 seconds
[2026-05-29T10:29:31.206+0200] {processor.py:157} INFO - Started process (PID=707971) to work on /home/frederic/airflow_venv/lib/python3.10/site-packages/airflow/example_dags/example_datasets.py
[2026-05-29T10:29:31.206+0200] {processor.py:829} INFO - Processing file /home/frederic/airflow_venv/lib/python3.10/site-packages/airflow/example_dags/example_datasets.py for tasks to queue
[2026-05-29T10:29:31.207+0200] {logging_mixin.py:151} INFO - [2026-05-29T10:29:31.207+0200] {dagbag.py:539} INFO - Filling up the DagBag from /home/frederic/airflow_venv/lib/python3.10/site-packages/airflow/example_dags/example_datasets.py
[2026-05-29T10:29:31.215+0200] {processor.py:839} INFO - DAG(s) dict_keys(['dataset_produces_2', 'dataset_consumes_1_never_scheduled', 'dataset_consumes_1_and_2', 'dataset_produces_1', 'dataset_consumes_unknown_never_scheduled', 'dataset_consumes_1']) retrieved from /home/frederic/airflow_venv/lib/python3.10/site-packages/airflow/example_dags/example_datasets.py
[2026-05-29T10:29:31.237+0200] {logging_mixin.py:151} INFO - [2026-05-29T10:29:31.236+0200] {dag.py:2915} INFO - Sync 6 DAGs
[2026-05-29T10:29:31.252+0200] {logging_mixin.py:151} INFO - [2026-05-29T10:29:31.252+0200] {dag.py:3696} INFO - Setting next_dagrun for dataset_consumes_1 to None, run_after=None
[2026-05-29T10:29:31.254+0200] {logging_mixin.py:151} INFO - [2026-05-29T10:29:31.254+0200] {dag.py:3696} INFO - Setting next_dagrun for dataset_consumes_1_and_2 to None, run_after=None
[2026-05-29T10:29:31.255+0200] {logging_mixin.py:151} INFO - [2026-05-29T10:29:31.255+0200] {dag.py:3696} INFO - Setting next_dagrun for dataset_consumes_1_never_scheduled to None, run_after=None
[2026-05-29T10:29:31.256+0200] {logging_mixin.py:151} INFO - [2026-05-29T10:29:31.256+0200] {dag.py:3696} INFO - Setting next_dagrun for dataset_consumes_unknown_never_scheduled to None, run_after=None
[2026-05-29T10:29:31.258+0200] {logging_mixin.py:151} INFO - [2026-05-29T10:29:31.258+0200] {dag.py:3696} INFO - Setting next_dagrun for dataset_produces_1 to 2026-05-28T00:00:00+00:00, run_after=2026-05-29T00:00:00+00:00
[2026-05-29T10:29:31.258+0200] {logging_mixin.py:151} INFO - [2026-05-29T10:29:31.258+0200] {dag.py:3696} INFO - Setting next_dagrun for dataset_produces_2 to None, run_after=None
[2026-05-29T10:29:31.281+0200] {processor.py:179} INFO - Processing /home/frederic/airflow_venv/lib/python3.10/site-packages/airflow/example_dags/example_datasets.py took 0.078 seconds
[2026-05-29T10:30:18.817+0200] {processor.py:157} INFO - Started process (PID=708533) to work on /home/frederic/airflow_venv/lib/python3.10/site-packages/airflow/example_dags/example_datasets.py
[2026-05-29T10:30:18.819+0200] {processor.py:829} INFO - Processing file /home/frederic/airflow_venv/lib/python3.10/site-packages/airflow/example_dags/example_datasets.py for tasks to queue
[2026-05-29T10:30:18.820+0200] {logging_mixin.py:151} INFO - [2026-05-29T10:30:18.820+0200] {dagbag.py:539} INFO - Filling up the DagBag from /home/frederic/airflow_venv/lib/python3.10/site-packages/airflow/example_dags/example_datasets.py
[2026-05-29T10:30:18.829+0200] {processor.py:839} INFO - DAG(s) dict_keys(['dataset_consumes_unknown_never_scheduled', 'dataset_consumes_1', 'dataset_consumes_1_never_scheduled', 'dataset_consumes_1_and_2', 'dataset_produces_2', 'dataset_produces_1']) retrieved from /home/frederic/airflow_venv/lib/python3.10/site-packages/airflow/example_dags/example_datasets.py
[2026-05-29T10:30:18.854+0200] {logging_mixin.py:151} INFO - [2026-05-29T10:30:18.854+0200] {dag.py:2915} INFO - Sync 6 DAGs
[2026-05-29T10:30:18.871+0200] {logging_mixin.py:151} INFO - [2026-05-29T10:30:18.870+0200] {dag.py:3696} INFO - Setting next_dagrun for dataset_consumes_1 to None, run_after=None
[2026-05-29T10:30:18.873+0200] {logging_mixin.py:151} INFO - [2026-05-29T10:30:18.873+0200] {dag.py:3696} INFO - Setting next_dagrun for dataset_consumes_1_and_2 to None, run_after=None
[2026-05-29T10:30:18.874+0200] {logging_mixin.py:151} INFO - [2026-05-29T10:30:18.874+0200] {dag.py:3696} INFO - Setting next_dagrun for dataset_consumes_1_never_scheduled to None, run_after=None
[2026-05-29T10:30:18.874+0200] {logging_mixin.py:151} INFO - [2026-05-29T10:30:18.874+0200] {dag.py:3696} INFO - Setting next_dagrun for dataset_consumes_unknown_never_scheduled to None, run_after=None
[2026-05-29T10:30:18.877+0200] {logging_mixin.py:151} INFO - [2026-05-29T10:30:18.876+0200] {dag.py:3696} INFO - Setting next_dagrun for dataset_produces_1 to 2026-05-28T00:00:00+00:00, run_after=2026-05-29T00:00:00+00:00
[2026-05-29T10:30:18.877+0200] {logging_mixin.py:151} INFO - [2026-05-29T10:30:18.877+0200] {dag.py:3696} INFO - Setting next_dagrun for dataset_produces_2 to None, run_after=None
[2026-05-29T10:30:18.899+0200] {processor.py:179} INFO - Processing /home/frederic/airflow_venv/lib/python3.10/site-packages/airflow/example_dags/example_datasets.py took 0.085 seconds
[2026-05-29T10:31:03.646+0200] {processor.py:157} INFO - Started process (PID=709213) to work on /home/frederic/airflow_venv/lib/python3.10/site-packages/airflow/example_dags/example_datasets.py
[2026-05-29T10:31:03.647+0200] {processor.py:829} INFO - Processing file /home/frederic/airflow_venv/lib/python3.10/site-packages/airflow/example_dags/example_datasets.py for tasks to queue
[2026-05-29T10:31:03.648+0200] {logging_mixin.py:151} INFO - [2026-05-29T10:31:03.647+0200] {dagbag.py:539} INFO - Filling up the DagBag from /home/frederic/airflow_venv/lib/python3.10/site-packages/airflow/example_dags/example_datasets.py
[2026-05-29T10:31:03.655+0200] {processor.py:839} INFO - DAG(s) dict_keys(['dataset_consumes_1', 'dataset_consumes_unknown_never_scheduled', 'dataset_produces_1', 'dataset_consumes_1_never_scheduled', 'dataset_produces_2', 'dataset_consumes_1_and_2']) retrieved from /home/frederic/airflow_venv/lib/python3.10/site-packages/airflow/example_dags/example_datasets.py
[2026-05-29T10:31:03.676+0200] {logging_mixin.py:151} INFO - [2026-05-29T10:31:03.676+0200] {dag.py:2915} INFO - Sync 6 DAGs
[2026-05-29T10:31:03.693+0200] {logging_mixin.py:151} INFO - [2026-05-29T10:31:03.693+0200] {dag.py:3696} INFO - Setting next_dagrun for dataset_consumes_1 to None, run_after=None
[2026-05-29T10:31:03.695+0200] {logging_mixin.py:151} INFO - [2026-05-29T10:31:03.695+0200] {dag.py:3696} INFO - Setting next_dagrun for dataset_consumes_1_and_2 to None, run_after=None
[2026-05-29T10:31:03.696+0200] {logging_mixin.py:151} INFO - [2026-05-29T10:31:03.696+0200] {dag.py:3696} INFO - Setting next_dagrun for dataset_consumes_1_never_scheduled to None, run_after=None
[2026-05-29T10:31:03.696+0200] {logging_mixin.py:151} INFO - [2026-05-29T10:31:03.696+0200] {dag.py:3696} INFO - Setting next_dagrun for dataset_consumes_unknown_never_scheduled to None, run_after=None
[2026-05-29T10:31:03.699+0200] {logging_mixin.py:151} INFO - [2026-05-29T10:31:03.699+0200] {dag.py:3696} INFO - Setting next_dagrun for dataset_produces_1 to 2026-05-28T00:00:00+00:00, run_after=2026-05-29T00:00:00+00:00
[2026-05-29T10:31:03.699+0200] {logging_mixin.py:151} INFO - [2026-05-29T10:31:03.699+0200] {dag.py:3696} INFO - Setting next_dagrun for dataset_produces_2 to None, run_after=None
[2026-05-29T10:31:03.720+0200] {processor.py:179} INFO - Processing /home/frederic/airflow_venv/lib/python3.10/site-packages/airflow/example_dags/example_datasets.py took 0.076 seconds
[2026-05-29T10:31:50.175+0200] {processor.py:157} INFO - Started process (PID=709656) to work on /home/frederic/airflow_venv/lib/python3.10/site-packages/airflow/example_dags/example_datasets.py
[2026-05-29T10:31:50.176+0200] {processor.py:829} INFO - Processing file /home/frederic/airflow_venv/lib/python3.10/site-packages/airflow/example_dags/example_datasets.py for tasks to queue
[2026-05-29T10:31:50.177+0200] {logging_mixin.py:151} INFO - [2026-05-29T10:31:50.177+0200] {dagbag.py:539} INFO - Filling up the DagBag from /home/frederic/airflow_venv/lib/python3.10/site-packages/airflow/example_dags/example_datasets.py
[2026-05-29T10:31:50.185+0200] {processor.py:839} INFO - DAG(s) dict_keys(['dataset_consumes_1', 'dataset_consumes_unknown_never_scheduled', 'dataset_consumes_1_never_scheduled', 'dataset_consumes_1_and_2', 'dataset_produces_1', 'dataset_produces_2']) retrieved from /home/frederic/airflow_venv/lib/python3.10/site-packages/airflow/example_dags/example_datasets.py
[2026-05-29T10:31:50.210+0200] {logging_mixin.py:151} INFO - [2026-05-29T10:31:50.210+0200] {dag.py:2915} INFO - Sync 6 DAGs
[2026-05-29T10:31:50.226+0200] {logging_mixin.py:151} INFO - [2026-05-29T10:31:50.226+0200] {dag.py:3696} INFO - Setting next_dagrun for dataset_consumes_1 to None, run_after=None
[2026-05-29T10:31:50.228+0200] {logging_mixin.py:151} INFO - [2026-05-29T10:31:50.228+0200] {dag.py:3696} INFO - Setting next_dagrun for dataset_consumes_1_and_2 to None, run_after=None
[2026-05-29T10:31:50.229+0200] {logging_mixin.py:151} INFO - [2026-05-29T10:31:50.229+0200] {dag.py:3696} INFO - Setting next_dagrun for dataset_consumes_1_never_scheduled to None, run_after=None
[2026-05-29T10:31:50.230+0200] {logging_mixin.py:151} INFO - [2026-05-29T10:31:50.230+0200] {dag.py:3696} INFO - Setting next_dagrun for dataset_consumes_unknown_never_scheduled to None, run_after=None
[2026-05-29T10:31:50.232+0200] {logging_mixin.py:151} INFO - [2026-05-29T10:31:50.232+0200] {dag.py:3696} INFO - Setting next_dagrun for dataset_produces_1 to 2026-05-28T00:00:00+00:00, run_after=2026-05-29T00:00:00+00:00
[2026-05-29T10:31:50.233+0200] {logging_mixin.py:151} INFO - [2026-05-29T10:31:50.233+0200] {dag.py:3696} INFO - Setting next_dagrun for dataset_produces_2 to None, run_after=None
[2026-05-29T10:31:50.256+0200] {processor.py:179} INFO - Processing /home/frederic/airflow_venv/lib/python3.10/site-packages/airflow/example_dags/example_datasets.py took 0.083 seconds
[2026-05-29T10:32:35.138+0200] {processor.py:157} INFO - Started process (PID=710232) to work on /home/frederic/airflow_venv/lib/python3.10/site-packages/airflow/example_dags/example_datasets.py
[2026-05-29T10:32:35.139+0200] {processor.py:829} INFO - Processing file /home/frederic/airflow_venv/lib/python3.10/site-packages/airflow/example_dags/example_datasets.py for tasks to queue
[2026-05-29T10:32:35.140+0200] {logging_mixin.py:151} INFO - [2026-05-29T10:32:35.139+0200] {dagbag.py:539} INFO - Filling up the DagBag from /home/frederic/airflow_venv/lib/python3.10/site-packages/airflow/example_dags/example_datasets.py
[2026-05-29T10:32:35.152+0200] {processor.py:839} INFO - DAG(s) dict_keys(['dataset_produces_2', 'dataset_produces_1', 'dataset_consumes_unknown_never_scheduled', 'dataset_consumes_1', 'dataset_consumes_1_never_scheduled', 'dataset_consumes_1_and_2']) retrieved from /home/frederic/airflow_venv/lib/python3.10/site-packages/airflow/example_dags/example_datasets.py
[2026-05-29T10:32:35.176+0200] {logging_mixin.py:151} INFO - [2026-05-29T10:32:35.176+0200] {dag.py:2915} INFO - Sync 6 DAGs
[2026-05-29T10:32:35.193+0200] {logging_mixin.py:151} INFO - [2026-05-29T10:32:35.193+0200] {dag.py:3696} INFO - Setting next_dagrun for dataset_consumes_1 to None, run_after=None
[2026-05-29T10:32:35.195+0200] {logging_mixin.py:151} INFO - [2026-05-29T10:32:35.195+0200] {dag.py:3696} INFO - Setting next_dagrun for dataset_consumes_1_and_2 to None, run_after=None
[2026-05-29T10:32:35.196+0200] {logging_mixin.py:151} INFO - [2026-05-29T10:32:35.196+0200] {dag.py:3696} INFO - Setting next_dagrun for dataset_consumes_1_never_scheduled to None, run_after=None
[2026-05-29T10:32:35.196+0200] {logging_mixin.py:151} INFO - [2026-05-29T10:32:35.196+0200] {dag.py:3696} INFO - Setting next_dagrun for dataset_consumes_unknown_never_scheduled to None, run_after=None
[2026-05-29T10:32:35.199+0200] {logging_mixin.py:151} INFO - [2026-05-29T10:32:35.199+0200] {dag.py:3696} INFO - Setting next_dagrun for dataset_produces_1 to 2026-05-28T00:00:00+00:00, run_after=2026-05-29T00:00:00+00:00
[2026-05-29T10:32:35.200+0200] {logging_mixin.py:151} INFO - [2026-05-29T10:32:35.199+0200] {dag.py:3696} INFO - Setting next_dagrun for dataset_produces_2 to None, run_after=None
[2026-05-29T10:32:35.222+0200] {processor.py:179} INFO - Processing /home/frederic/airflow_venv/lib/python3.10/site-packages/airflow/example_dags/example_datasets.py took 0.086 seconds
[2026-05-29T10:33:22.593+0200] {processor.py:157} INFO - Started process (PID=711027) to work on /home/frederic/airflow_venv/lib/python3.10/site-packages/airflow/example_dags/example_datasets.py
[2026-05-29T10:33:22.594+0200] {processor.py:829} INFO - Processing file /home/frederic/airflow_venv/lib/python3.10/site-packages/airflow/example_dags/example_datasets.py for tasks to queue
[2026-05-29T10:33:22.595+0200] {logging_mixin.py:151} INFO - [2026-05-29T10:33:22.595+0200] {dagbag.py:539} INFO - Filling up the DagBag from /home/frederic/airflow_venv/lib/python3.10/site-packages/airflow/example_dags/example_datasets.py
[2026-05-29T10:33:22.605+0200] {processor.py:839} INFO - DAG(s) dict_keys(['dataset_consumes_1_and_2', 'dataset_consumes_1', 'dataset_consumes_1_never_scheduled', 'dataset_consumes_unknown_never_scheduled', 'dataset_produces_1', 'dataset_produces_2']) retrieved from /home/frederic/airflow_venv/lib/python3.10/site-packages/airflow/example_dags/example_datasets.py
[2026-05-29T10:33:22.630+0200] {logging_mixin.py:151} INFO - [2026-05-29T10:33:22.630+0200] {dag.py:2915} INFO - Sync 6 DAGs
[2026-05-29T10:33:22.652+0200] {logging_mixin.py:151} INFO - [2026-05-29T10:33:22.652+0200] {dag.py:3696} INFO - Setting next_dagrun for dataset_consumes_1 to None, run_after=None
[2026-05-29T10:33:22.655+0200] {logging_mixin.py:151} INFO - [2026-05-29T10:33:22.655+0200] {dag.py:3696} INFO - Setting next_dagrun for dataset_consumes_1_and_2 to None, run_after=None
[2026-05-29T10:33:22.656+0200] {logging_mixin.py:151} INFO - [2026-05-29T10:33:22.656+0200] {dag.py:3696} INFO - Setting next_dagrun for dataset_consumes_1_never_scheduled to None, run_after=None
[2026-05-29T10:33:22.657+0200] {logging_mixin.py:151} INFO - [2026-05-29T10:33:22.657+0200] {dag.py:3696} INFO - Setting next_dagrun for dataset_consumes_unknown_never_scheduled to None, run_after=None
[2026-05-29T10:33:22.660+0200] {logging_mixin.py:151} INFO - [2026-05-29T10:33:22.659+0200] {dag.py:3696} INFO - Setting next_dagrun for dataset_produces_1 to 2026-05-28T00:00:00+00:00, run_after=2026-05-29T00:00:00+00:00
[2026-05-29T10:33:22.660+0200] {logging_mixin.py:151} INFO - [2026-05-29T10:33:22.660+0200] {dag.py:3696} INFO - Setting next_dagrun for dataset_produces_2 to None, run_after=None
[2026-05-29T10:33:22.684+0200] {processor.py:179} INFO - Processing /home/frederic/airflow_venv/lib/python3.10/site-packages/airflow/example_dags/example_datasets.py took 0.093 seconds
[2026-05-29T10:34:06.263+0200] {processor.py:157} INFO - Started process (PID=711741) to work on /home/frederic/airflow_venv/lib/python3.10/site-packages/airflow/example_dags/example_datasets.py
[2026-05-29T10:34:06.264+0200] {processor.py:829} INFO - Processing file /home/frederic/airflow_venv/lib/python3.10/site-packages/airflow/example_dags/example_datasets.py for tasks to queue
[2026-05-29T10:34:06.264+0200] {logging_mixin.py:151} INFO - [2026-05-29T10:34:06.264+0200] {dagbag.py:539} INFO - Filling up the DagBag from /home/frederic/airflow_venv/lib/python3.10/site-packages/airflow/example_dags/example_datasets.py
[2026-05-29T10:34:06.272+0200] {processor.py:839} INFO - DAG(s) dict_keys(['dataset_consumes_unknown_never_scheduled', 'dataset_consumes_1_and_2', 'dataset_consumes_1', 'dataset_consumes_1_never_scheduled', 'dataset_produces_2', 'dataset_produces_1']) retrieved from /home/frederic/airflow_venv/lib/python3.10/site-packages/airflow/example_dags/example_datasets.py
[2026-05-29T10:34:06.296+0200] {logging_mixin.py:151} INFO - [2026-05-29T10:34:06.296+0200] {dag.py:2915} INFO - Sync 6 DAGs
[2026-05-29T10:34:06.314+0200] {logging_mixin.py:151} INFO - [2026-05-29T10:34:06.314+0200] {dag.py:3696} INFO - Setting next_dagrun for dataset_consumes_1 to None, run_after=None
[2026-05-29T10:34:06.317+0200] {logging_mixin.py:151} INFO - [2026-05-29T10:34:06.317+0200] {dag.py:3696} INFO - Setting next_dagrun for dataset_consumes_1_and_2 to None, run_after=None
[2026-05-29T10:34:06.318+0200] {logging_mixin.py:151} INFO - [2026-05-29T10:34:06.317+0200] {dag.py:3696} INFO - Setting next_dagrun for dataset_consumes_1_never_scheduled to None, run_after=None
[2026-05-29T10:34:06.318+0200] {logging_mixin.py:151} INFO - [2026-05-29T10:34:06.318+0200] {dag.py:3696} INFO - Setting next_dagrun for dataset_consumes_unknown_never_scheduled to None, run_after=None
[2026-05-29T10:34:06.321+0200] {logging_mixin.py:151} INFO - [2026-05-29T10:34:06.320+0200] {dag.py:3696} INFO - Setting next_dagrun for dataset_produces_1 to 2026-05-28T00:00:00+00:00, run_after=2026-05-29T00:00:00+00:00
[2026-05-29T10:34:06.321+0200] {logging_mixin.py:151} INFO - [2026-05-29T10:34:06.321+0200] {dag.py:3696} INFO - Setting next_dagrun for dataset_produces_2 to None, run_after=None
[2026-05-29T10:34:06.342+0200] {processor.py:179} INFO - Processing /home/frederic/airflow_venv/lib/python3.10/site-packages/airflow/example_dags/example_datasets.py took 0.081 seconds
[2026-05-29T10:35:02.462+0200] {processor.py:157} INFO - Started process (PID=712325) to work on /home/frederic/airflow_venv/lib/python3.10/site-packages/airflow/example_dags/example_datasets.py
[2026-05-29T10:35:02.463+0200] {processor.py:829} INFO - Processing file /home/frederic/airflow_venv/lib/python3.10/site-packages/airflow/example_dags/example_datasets.py for tasks to queue
[2026-05-29T10:35:02.463+0200] {logging_mixin.py:151} INFO - [2026-05-29T10:35:02.463+0200] {dagbag.py:539} INFO - Filling up the DagBag from /home/frederic/airflow_venv/lib/python3.10/site-packages/airflow/example_dags/example_datasets.py
[2026-05-29T10:35:02.472+0200] {processor.py:839} INFO - DAG(s) dict_keys(['dataset_produces_2', 'dataset_consumes_1_and_2', 'dataset_consumes_unknown_never_scheduled', 'dataset_consumes_1_never_scheduled', 'dataset_produces_1', 'dataset_consumes_1']) retrieved from /home/frederic/airflow_venv/lib/python3.10/site-packages/airflow/example_dags/example_datasets.py
[2026-05-29T10:35:02.494+0200] {logging_mixin.py:151} INFO - [2026-05-29T10:35:02.493+0200] {dag.py:2915} INFO - Sync 6 DAGs
[2026-05-29T10:35:02.513+0200] {logging_mixin.py:151} INFO - [2026-05-29T10:35:02.513+0200] {dag.py:3696} INFO - Setting next_dagrun for dataset_consumes_1 to None, run_after=None
[2026-05-29T10:35:02.516+0200] {logging_mixin.py:151} INFO - [2026-05-29T10:35:02.516+0200] {dag.py:3696} INFO - Setting next_dagrun for dataset_consumes_1_and_2 to None, run_after=None
[2026-05-29T10:35:02.517+0200] {logging_mixin.py:151} INFO - [2026-05-29T10:35:02.517+0200] {dag.py:3696} INFO - Setting next_dagrun for dataset_consumes_1_never_scheduled to None, run_after=None
[2026-05-29T10:35:02.518+0200] {logging_mixin.py:151} INFO - [2026-05-29T10:35:02.517+0200] {dag.py:3696} INFO - Setting next_dagrun for dataset_consumes_unknown_never_scheduled to None, run_after=None
[2026-05-29T10:35:02.520+0200] {logging_mixin.py:151} INFO - [2026-05-29T10:35:02.520+0200] {dag.py:3696} INFO - Setting next_dagrun for dataset_produces_1 to 2026-05-28T00:00:00+00:00, run_after=2026-05-29T00:00:00+00:00
[2026-05-29T10:35:02.521+0200] {logging_mixin.py:151} INFO - [2026-05-29T10:35:02.521+0200] {dag.py:3696} INFO - Setting next_dagrun for dataset_produces_2 to None, run_after=None
[2026-05-29T10:35:02.545+0200] {processor.py:179} INFO - Processing /home/frederic/airflow_venv/lib/python3.10/site-packages/airflow/example_dags/example_datasets.py took 0.086 seconds
[2026-05-29T10:35:52.420+0200] {processor.py:157} INFO - Started process (PID=712806) to work on /home/frederic/airflow_venv/lib/python3.10/site-packages/airflow/example_dags/example_datasets.py
[2026-05-29T10:35:52.423+0200] {processor.py:829} INFO - Processing file /home/frederic/airflow_venv/lib/python3.10/site-packages/airflow/example_dags/example_datasets.py for tasks to queue
[2026-05-29T10:35:52.424+0200] {logging_mixin.py:151} INFO - [2026-05-29T10:35:52.423+0200] {dagbag.py:539} INFO - Filling up the DagBag from /home/frederic/airflow_venv/lib/python3.10/site-packages/airflow/example_dags/example_datasets.py
[2026-05-29T10:35:52.431+0200] {processor.py:839} INFO - DAG(s) dict_keys(['dataset_produces_1', 'dataset_consumes_unknown_never_scheduled', 'dataset_consumes_1', 'dataset_consumes_1_never_scheduled', 'dataset_consumes_1_and_2', 'dataset_produces_2']) retrieved from /home/frederic/airflow_venv/lib/python3.10/site-packages/airflow/example_dags/example_datasets.py
[2026-05-29T10:35:52.457+0200] {logging_mixin.py:151} INFO - [2026-05-29T10:35:52.457+0200] {dag.py:2915} INFO - Sync 6 DAGs
[2026-05-29T10:35:52.473+0200] {logging_mixin.py:151} INFO - [2026-05-29T10:35:52.473+0200] {dag.py:3696} INFO - Setting next_dagrun for dataset_consumes_1 to None, run_after=None
[2026-05-29T10:35:52.475+0200] {logging_mixin.py:151} INFO - [2026-05-29T10:35:52.475+0200] {dag.py:3696} INFO - Setting next_dagrun for dataset_consumes_1_and_2 to None, run_after=None
[2026-05-29T10:35:52.476+0200] {logging_mixin.py:151} INFO - [2026-05-29T10:35:52.476+0200] {dag.py:3696} INFO - Setting next_dagrun for dataset_consumes_1_never_scheduled to None, run_after=None
[2026-05-29T10:35:52.477+0200] {logging_mixin.py:151} INFO - [2026-05-29T10:35:52.477+0200] {dag.py:3696} INFO - Setting next_dagrun for dataset_consumes_unknown_never_scheduled to None, run_after=None
[2026-05-29T10:35:52.480+0200] {logging_mixin.py:151} INFO - [2026-05-29T10:35:52.480+0200] {dag.py:3696} INFO - Setting next_dagrun for dataset_produces_1 to 2026-05-28T00:00:00+00:00, run_after=2026-05-29T00:00:00+00:00
[2026-05-29T10:35:52.481+0200] {logging_mixin.py:151} INFO - [2026-05-29T10:35:52.481+0200] {dag.py:3696} INFO - Setting next_dagrun for dataset_produces_2 to None, run_after=None
[2026-05-29T10:35:52.501+0200] {processor.py:179} INFO - Processing /home/frederic/airflow_venv/lib/python3.10/site-packages/airflow/example_dags/example_datasets.py took 0.084 seconds
[2026-05-29T10:36:36.038+0200] {processor.py:157} INFO - Started process (PID=713417) to work on /home/frederic/airflow_venv/lib/python3.10/site-packages/airflow/example_dags/example_datasets.py
[2026-05-29T10:36:36.039+0200] {processor.py:829} INFO - Processing file /home/frederic/airflow_venv/lib/python3.10/site-packages/airflow/example_dags/example_datasets.py for tasks to queue
[2026-05-29T10:36:36.040+0200] {logging_mixin.py:151} INFO - [2026-05-29T10:36:36.040+0200] {dagbag.py:539} INFO - Filling up the DagBag from /home/frederic/airflow_venv/lib/python3.10/site-packages/airflow/example_dags/example_datasets.py
[2026-05-29T10:36:36.048+0200] {processor.py:839} INFO - DAG(s) dict_keys(['dataset_consumes_unknown_never_scheduled', 'dataset_consumes_1_never_scheduled', 'dataset_consumes_1_and_2', 'dataset_produces_1', 'dataset_produces_2', 'dataset_consumes_1']) retrieved from /home/frederic/airflow_venv/lib/python3.10/site-packages/airflow/example_dags/example_datasets.py
[2026-05-29T10:36:36.068+0200] {logging_mixin.py:151} INFO - [2026-05-29T10:36:36.068+0200] {dag.py:2915} INFO - Sync 6 DAGs
[2026-05-29T10:36:36.086+0200] {logging_mixin.py:151} INFO - [2026-05-29T10:36:36.086+0200] {dag.py:3696} INFO - Setting next_dagrun for dataset_consumes_1 to None, run_after=None
[2026-05-29T10:36:36.088+0200] {logging_mixin.py:151} INFO - [2026-05-29T10:36:36.088+0200] {dag.py:3696} INFO - Setting next_dagrun for dataset_consumes_1_and_2 to None, run_after=None
[2026-05-29T10:36:36.089+0200] {logging_mixin.py:151} INFO - [2026-05-29T10:36:36.089+0200] {dag.py:3696} INFO - Setting next_dagrun for dataset_consumes_1_never_scheduled to None, run_after=None
[2026-05-29T10:36:36.090+0200] {logging_mixin.py:151} INFO - [2026-05-29T10:36:36.089+0200] {dag.py:3696} INFO - Setting next_dagrun for dataset_consumes_unknown_never_scheduled to None, run_after=None
[2026-05-29T10:36:36.092+0200] {logging_mixin.py:151} INFO - [2026-05-29T10:36:36.092+0200] {dag.py:3696} INFO - Setting next_dagrun for dataset_produces_1 to 2026-05-28T00:00:00+00:00, run_after=2026-05-29T00:00:00+00:00
[2026-05-29T10:36:36.092+0200] {logging_mixin.py:151} INFO - [2026-05-29T10:36:36.092+0200] {dag.py:3696} INFO - Setting next_dagrun for dataset_produces_2 to None, run_after=None
[2026-05-29T10:36:36.113+0200] {processor.py:179} INFO - Processing /home/frederic/airflow_venv/lib/python3.10/site-packages/airflow/example_dags/example_datasets.py took 0.078 seconds
[2026-05-29T10:37:24.792+0200] {processor.py:157} INFO - Started process (PID=714003) to work on /home/frederic/airflow_venv/lib/python3.10/site-packages/airflow/example_dags/example_datasets.py
[2026-05-29T10:37:24.793+0200] {processor.py:829} INFO - Processing file /home/frederic/airflow_venv/lib/python3.10/site-packages/airflow/example_dags/example_datasets.py for tasks to queue
[2026-05-29T10:37:24.794+0200] {logging_mixin.py:151} INFO - [2026-05-29T10:37:24.793+0200] {dagbag.py:539} INFO - Filling up the DagBag from /home/frederic/airflow_venv/lib/python3.10/site-packages/airflow/example_dags/example_datasets.py
[2026-05-29T10:37:24.803+0200] {processor.py:839} INFO - DAG(s) dict_keys(['dataset_consumes_1_and_2', 'dataset_produces_2', 'dataset_produces_1', 'dataset_consumes_1_never_scheduled', 'dataset_consumes_1', 'dataset_consumes_unknown_never_scheduled']) retrieved from /home/frederic/airflow_venv/lib/python3.10/site-packages/airflow/example_dags/example_datasets.py
[2026-05-29T10:37:24.829+0200] {logging_mixin.py:151} INFO - [2026-05-29T10:37:24.829+0200] {dag.py:2915} INFO - Sync 6 DAGs
[2026-05-29T10:37:24.849+0200] {logging_mixin.py:151} INFO - [2026-05-29T10:37:24.849+0200] {dag.py:3696} INFO - Setting next_dagrun for dataset_consumes_1 to None, run_after=None
[2026-05-29T10:37:24.851+0200] {logging_mixin.py:151} INFO - [2026-05-29T10:37:24.851+0200] {dag.py:3696} INFO - Setting next_dagrun for dataset_consumes_1_and_2 to None, run_after=None
[2026-05-29T10:37:24.852+0200] {logging_mixin.py:151} INFO - [2026-05-29T10:37:24.852+0200] {dag.py:3696} INFO - Setting next_dagrun for dataset_consumes_1_never_scheduled to None, run_after=None
[2026-05-29T10:37:24.853+0200] {logging_mixin.py:151} INFO - [2026-05-29T10:37:24.853+0200] {dag.py:3696} INFO - Setting next_dagrun for dataset_consumes_unknown_never_scheduled to None, run_after=None
[2026-05-29T10:37:24.856+0200] {logging_mixin.py:151} INFO - [2026-05-29T10:37:24.856+0200] {dag.py:3696} INFO - Setting next_dagrun for dataset_produces_1 to 2026-05-28T00:00:00+00:00, run_after=2026-05-29T00:00:00+00:00
[2026-05-29T10:37:24.857+0200] {logging_mixin.py:151} INFO - [2026-05-29T10:37:24.856+0200] {dag.py:3696} INFO - Setting next_dagrun for dataset_produces_2 to None, run_after=None
[2026-05-29T10:37:24.881+0200] {processor.py:179} INFO - Processing /home/frederic/airflow_venv/lib/python3.10/site-packages/airflow/example_dags/example_datasets.py took 0.092 seconds
[2026-05-29T10:38:09.025+0200] {processor.py:157} INFO - Started process (PID=714767) to work on /home/frederic/airflow_venv/lib/python3.10/site-packages/airflow/example_dags/example_datasets.py
[2026-05-29T10:38:09.027+0200] {processor.py:829} INFO - Processing file /home/frederic/airflow_venv/lib/python3.10/site-packages/airflow/example_dags/example_datasets.py for tasks to queue
[2026-05-29T10:38:09.027+0200] {logging_mixin.py:151} INFO - [2026-05-29T10:38:09.027+0200] {dagbag.py:539} INFO - Filling up the DagBag from /home/frederic/airflow_venv/lib/python3.10/site-packages/airflow/example_dags/example_datasets.py
[2026-05-29T10:38:09.044+0200] {processor.py:839} INFO - DAG(s) dict_keys(['dataset_consumes_1_and_2', 'dataset_consumes_unknown_never_scheduled', 'dataset_produces_2', 'dataset_consumes_1', 'dataset_produces_1', 'dataset_consumes_1_never_scheduled']) retrieved from /home/frederic/airflow_venv/lib/python3.10/site-packages/airflow/example_dags/example_datasets.py
[2026-05-29T10:38:09.065+0200] {logging_mixin.py:151} INFO - [2026-05-29T10:38:09.065+0200] {dag.py:2915} INFO - Sync 6 DAGs
[2026-05-29T10:38:09.080+0200] {logging_mixin.py:151} INFO - [2026-05-29T10:38:09.080+0200] {dag.py:3696} INFO - Setting next_dagrun for dataset_consumes_1 to None, run_after=None
[2026-05-29T10:38:09.082+0200] {logging_mixin.py:151} INFO - [2026-05-29T10:38:09.082+0200] {dag.py:3696} INFO - Setting next_dagrun for dataset_consumes_1_and_2 to None, run_after=None
[2026-05-29T10:38:09.083+0200] {logging_mixin.py:151} INFO - [2026-05-29T10:38:09.083+0200] {dag.py:3696} INFO - Setting next_dagrun for dataset_consumes_1_never_scheduled to None, run_after=None
[2026-05-29T10:38:09.083+0200] {logging_mixin.py:151} INFO - [2026-05-29T10:38:09.083+0200] {dag.py:3696} INFO - Setting next_dagrun for dataset_consumes_unknown_never_scheduled to None, run_after=None
[2026-05-29T10:38:09.086+0200] {logging_mixin.py:151} INFO - [2026-05-29T10:38:09.086+0200] {dag.py:3696} INFO - Setting next_dagrun for dataset_produces_1 to 2026-05-28T00:00:00+00:00, run_after=2026-05-29T00:00:00+00:00
[2026-05-29T10:38:09.086+0200] {logging_mixin.py:151} INFO - [2026-05-29T10:38:09.086+0200] {dag.py:3696} INFO - Setting next_dagrun for dataset_produces_2 to None, run_after=None
[2026-05-29T10:38:09.107+0200] {processor.py:179} INFO - Processing /home/frederic/airflow_venv/lib/python3.10/site-packages/airflow/example_dags/example_datasets.py took 0.085 seconds
[2026-05-29T10:38:55.726+0200] {processor.py:157} INFO - Started process (PID=715257) to work on /home/frederic/airflow_venv/lib/python3.10/site-packages/airflow/example_dags/example_datasets.py
[2026-05-29T10:38:55.727+0200] {processor.py:829} INFO - Processing file /home/frederic/airflow_venv/lib/python3.10/site-packages/airflow/example_dags/example_datasets.py for tasks to queue
[2026-05-29T10:38:55.727+0200] {logging_mixin.py:151} INFO - [2026-05-29T10:38:55.727+0200] {dagbag.py:539} INFO - Filling up the DagBag from /home/frederic/airflow_venv/lib/python3.10/site-packages/airflow/example_dags/example_datasets.py
[2026-05-29T10:38:55.735+0200] {processor.py:839} INFO - DAG(s) dict_keys(['dataset_produces_1', 'dataset_consumes_1', 'dataset_produces_2', 'dataset_consumes_unknown_never_scheduled', 'dataset_consumes_1_never_scheduled', 'dataset_consumes_1_and_2']) retrieved from /home/frederic/airflow_venv/lib/python3.10/site-packages/airflow/example_dags/example_datasets.py
[2026-05-29T10:38:55.758+0200] {logging_mixin.py:151} INFO - [2026-05-29T10:38:55.758+0200] {dag.py:2915} INFO - Sync 6 DAGs
[2026-05-29T10:38:55.775+0200] {logging_mixin.py:151} INFO - [2026-05-29T10:38:55.775+0200] {dag.py:3696} INFO - Setting next_dagrun for dataset_consumes_1 to None, run_after=None
[2026-05-29T10:38:55.777+0200] {logging_mixin.py:151} INFO - [2026-05-29T10:38:55.777+0200] {dag.py:3696} INFO - Setting next_dagrun for dataset_consumes_1_and_2 to None, run_after=None
[2026-05-29T10:38:55.778+0200] {logging_mixin.py:151} INFO - [2026-05-29T10:38:55.778+0200] {dag.py:3696} INFO - Setting next_dagrun for dataset_consumes_1_never_scheduled to None, run_after=None
[2026-05-29T10:38:55.778+0200] {logging_mixin.py:151} INFO - [2026-05-29T10:38:55.778+0200] {dag.py:3696} INFO - Setting next_dagrun for dataset_consumes_unknown_never_scheduled to None, run_after=None
[2026-05-29T10:38:55.781+0200] {logging_mixin.py:151} INFO - [2026-05-29T10:38:55.781+0200] {dag.py:3696} INFO - Setting next_dagrun for dataset_produces_1 to 2026-05-28T00:00:00+00:00, run_after=2026-05-29T00:00:00+00:00
[2026-05-29T10:38:55.781+0200] {logging_mixin.py:151} INFO - [2026-05-29T10:38:55.781+0200] {dag.py:3696} INFO - Setting next_dagrun for dataset_produces_2 to None, run_after=None
[2026-05-29T10:38:55.805+0200] {processor.py:179} INFO - Processing /home/frederic/airflow_venv/lib/python3.10/site-packages/airflow/example_dags/example_datasets.py took 0.082 seconds
[2026-05-29T10:39:40.911+0200] {processor.py:157} INFO - Started process (PID=716004) to work on /home/frederic/airflow_venv/lib/python3.10/site-packages/airflow/example_dags/example_datasets.py
[2026-05-29T10:39:40.913+0200] {processor.py:829} INFO - Processing file /home/frederic/airflow_venv/lib/python3.10/site-packages/airflow/example_dags/example_datasets.py for tasks to queue
[2026-05-29T10:39:40.914+0200] {logging_mixin.py:151} INFO - [2026-05-29T10:39:40.913+0200] {dagbag.py:539} INFO - Filling up the DagBag from /home/frederic/airflow_venv/lib/python3.10/site-packages/airflow/example_dags/example_datasets.py
[2026-05-29T10:39:40.923+0200] {processor.py:839} INFO - DAG(s) dict_keys(['dataset_consumes_unknown_never_scheduled', 'dataset_produces_2', 'dataset_produces_1', 'dataset_consumes_1_and_2', 'dataset_consumes_1', 'dataset_consumes_1_never_scheduled']) retrieved from /home/frederic/airflow_venv/lib/python3.10/site-packages/airflow/example_dags/example_datasets.py
[2026-05-29T10:39:40.952+0200] {logging_mixin.py:151} INFO - [2026-05-29T10:39:40.952+0200] {dag.py:2915} INFO - Sync 6 DAGs
[2026-05-29T10:39:40.971+0200] {logging_mixin.py:151} INFO - [2026-05-29T10:39:40.971+0200] {dag.py:3696} INFO - Setting next_dagrun for dataset_consumes_1 to None, run_after=None
[2026-05-29T10:39:40.974+0200] {logging_mixin.py:151} INFO - [2026-05-29T10:39:40.974+0200] {dag.py:3696} INFO - Setting next_dagrun for dataset_consumes_1_and_2 to None, run_after=None
[2026-05-29T10:39:40.975+0200] {logging_mixin.py:151} INFO - [2026-05-29T10:39:40.975+0200] {dag.py:3696} INFO - Setting next_dagrun for dataset_consumes_1_never_scheduled to None, run_after=None
[2026-05-29T10:39:40.976+0200] {logging_mixin.py:151} INFO - [2026-05-29T10:39:40.976+0200] {dag.py:3696} INFO - Setting next_dagrun for dataset_consumes_unknown_never_scheduled to None, run_after=None
[2026-05-29T10:39:40.978+0200] {logging_mixin.py:151} INFO - [2026-05-29T10:39:40.978+0200] {dag.py:3696} INFO - Setting next_dagrun for dataset_produces_1 to 2026-05-28T00:00:00+00:00, run_after=2026-05-29T00:00:00+00:00
[2026-05-29T10:39:40.979+0200] {logging_mixin.py:151} INFO - [2026-05-29T10:39:40.979+0200] {dag.py:3696} INFO - Setting next_dagrun for dataset_produces_2 to None, run_after=None
[2026-05-29T10:39:41.004+0200] {processor.py:179} INFO - Processing /home/frederic/airflow_venv/lib/python3.10/site-packages/airflow/example_dags/example_datasets.py took 0.096 seconds
[2026-05-29T10:40:23.624+0200] {processor.py:157} INFO - Started process (PID=716597) to work on /home/frederic/airflow_venv/lib/python3.10/site-packages/airflow/example_dags/example_datasets.py
[2026-05-29T10:40:23.625+0200] {processor.py:829} INFO - Processing file /home/frederic/airflow_venv/lib/python3.10/site-packages/airflow/example_dags/example_datasets.py for tasks to queue
[2026-05-29T10:40:23.625+0200] {logging_mixin.py:151} INFO - [2026-05-29T10:40:23.625+0200] {dagbag.py:539} INFO - Filling up the DagBag from /home/frederic/airflow_venv/lib/python3.10/site-packages/airflow/example_dags/example_datasets.py
[2026-05-29T10:40:23.633+0200] {processor.py:839} INFO - DAG(s) dict_keys(['dataset_consumes_unknown_never_scheduled', 'dataset_produces_2', 'dataset_consumes_1', 'dataset_consumes_1_and_2', 'dataset_produces_1', 'dataset_consumes_1_never_scheduled']) retrieved from /home/frederic/airflow_venv/lib/python3.10/site-packages/airflow/example_dags/example_datasets.py
[2026-05-29T10:40:23.655+0200] {logging_mixin.py:151} INFO - [2026-05-29T10:40:23.655+0200] {dag.py:2915} INFO - Sync 6 DAGs
[2026-05-29T10:40:23.670+0200] {logging_mixin.py:151} INFO - [2026-05-29T10:40:23.670+0200] {dag.py:3696} INFO - Setting next_dagrun for dataset_consumes_1 to None, run_after=None
[2026-05-29T10:40:23.673+0200] {logging_mixin.py:151} INFO - [2026-05-29T10:40:23.672+0200] {dag.py:3696} INFO - Setting next_dagrun for dataset_consumes_1_and_2 to None, run_after=None
[2026-05-29T10:40:23.673+0200] {logging_mixin.py:151} INFO - [2026-05-29T10:40:23.673+0200] {dag.py:3696} INFO - Setting next_dagrun for dataset_consumes_1_never_scheduled to None, run_after=None
[2026-05-29T10:40:23.674+0200] {logging_mixin.py:151} INFO - [2026-05-29T10:40:23.674+0200] {dag.py:3696} INFO - Setting next_dagrun for dataset_consumes_unknown_never_scheduled to None, run_after=None
[2026-05-29T10:40:23.676+0200] {logging_mixin.py:151} INFO - [2026-05-29T10:40:23.676+0200] {dag.py:3696} INFO - Setting next_dagrun for dataset_produces_1 to 2026-05-28T00:00:00+00:00, run_after=2026-05-29T00:00:00+00:00
[2026-05-29T10:40:23.677+0200] {logging_mixin.py:151} INFO - [2026-05-29T10:40:23.677+0200] {dag.py:3696} INFO - Setting next_dagrun for dataset_produces_2 to None, run_after=None
[2026-05-29T10:40:23.702+0200] {processor.py:179} INFO - Processing /home/frederic/airflow_venv/lib/python3.10/site-packages/airflow/example_dags/example_datasets.py took 0.081 seconds
[2026-05-29T10:41:09.932+0200] {processor.py:157} INFO - Started process (PID=717098) to work on /home/frederic/airflow_venv/lib/python3.10/site-packages/airflow/example_dags/example_datasets.py
[2026-05-29T10:41:09.934+0200] {processor.py:829} INFO - Processing file /home/frederic/airflow_venv/lib/python3.10/site-packages/airflow/example_dags/example_datasets.py for tasks to queue
[2026-05-29T10:41:09.935+0200] {logging_mixin.py:151} INFO - [2026-05-29T10:41:09.935+0200] {dagbag.py:539} INFO - Filling up the DagBag from /home/frederic/airflow_venv/lib/python3.10/site-packages/airflow/example_dags/example_datasets.py
[2026-05-29T10:41:09.948+0200] {processor.py:839} INFO - DAG(s) dict_keys(['dataset_produces_2', 'dataset_consumes_1_never_scheduled', 'dataset_produces_1', 'dataset_consumes_1', 'dataset_consumes_unknown_never_scheduled', 'dataset_consumes_1_and_2']) retrieved from /home/frederic/airflow_venv/lib/python3.10/site-packages/airflow/example_dags/example_datasets.py
[2026-05-29T10:41:09.987+0200] {logging_mixin.py:151} INFO - [2026-05-29T10:41:09.987+0200] {dag.py:2915} INFO - Sync 6 DAGs
[2026-05-29T10:41:10.010+0200] {logging_mixin.py:151} INFO - [2026-05-29T10:41:10.010+0200] {dag.py:3696} INFO - Setting next_dagrun for dataset_consumes_1 to None, run_after=None
[2026-05-29T10:41:10.013+0200] {logging_mixin.py:151} INFO - [2026-05-29T10:41:10.013+0200] {dag.py:3696} INFO - Setting next_dagrun for dataset_consumes_1_and_2 to None, run_after=None
[2026-05-29T10:41:10.015+0200] {logging_mixin.py:151} INFO - [2026-05-29T10:41:10.014+0200] {dag.py:3696} INFO - Setting next_dagrun for dataset_consumes_1_never_scheduled to None, run_after=None
[2026-05-29T10:41:10.016+0200] {logging_mixin.py:151} INFO - [2026-05-29T10:41:10.016+0200] {dag.py:3696} INFO - Setting next_dagrun for dataset_consumes_unknown_never_scheduled to None, run_after=None
[2026-05-29T10:41:10.019+0200] {logging_mixin.py:151} INFO - [2026-05-29T10:41:10.018+0200] {dag.py:3696} INFO - Setting next_dagrun for dataset_produces_1 to 2026-05-28T00:00:00+00:00, run_after=2026-05-29T00:00:00+00:00
[2026-05-29T10:41:10.019+0200] {logging_mixin.py:151} INFO - [2026-05-29T10:41:10.019+0200] {dag.py:3696} INFO - Setting next_dagrun for dataset_produces_2 to None, run_after=None
[2026-05-29T10:41:10.048+0200] {processor.py:179} INFO - Processing /home/frederic/airflow_venv/lib/python3.10/site-packages/airflow/example_dags/example_datasets.py took 0.120 seconds
[2026-05-29T10:41:57.582+0200] {processor.py:157} INFO - Started process (PID=717523) to work on /home/frederic/airflow_venv/lib/python3.10/site-packages/airflow/example_dags/example_datasets.py
[2026-05-29T10:41:57.583+0200] {processor.py:829} INFO - Processing file /home/frederic/airflow_venv/lib/python3.10/site-packages/airflow/example_dags/example_datasets.py for tasks to queue
[2026-05-29T10:41:57.584+0200] {logging_mixin.py:151} INFO - [2026-05-29T10:41:57.584+0200] {dagbag.py:539} INFO - Filling up the DagBag from /home/frederic/airflow_venv/lib/python3.10/site-packages/airflow/example_dags/example_datasets.py
[2026-05-29T10:41:57.593+0200] {processor.py:839} INFO - DAG(s) dict_keys(['dataset_consumes_1_never_scheduled', 'dataset_consumes_unknown_never_scheduled', 'dataset_consumes_1_and_2', 'dataset_produces_1', 'dataset_consumes_1', 'dataset_produces_2']) retrieved from /home/frederic/airflow_venv/lib/python3.10/site-packages/airflow/example_dags/example_datasets.py
[2026-05-29T10:41:57.629+0200] {logging_mixin.py:151} INFO - [2026-05-29T10:41:57.629+0200] {dag.py:2915} INFO - Sync 6 DAGs
[2026-05-29T10:41:57.653+0200] {logging_mixin.py:151} INFO - [2026-05-29T10:41:57.653+0200] {dag.py:3696} INFO - Setting next_dagrun for dataset_consumes_1 to None, run_after=None
[2026-05-29T10:41:57.656+0200] {logging_mixin.py:151} INFO - [2026-05-29T10:41:57.656+0200] {dag.py:3696} INFO - Setting next_dagrun for dataset_consumes_1_and_2 to None, run_after=None
[2026-05-29T10:41:57.657+0200] {logging_mixin.py:151} INFO - [2026-05-29T10:41:57.656+0200] {dag.py:3696} INFO - Setting next_dagrun for dataset_consumes_1_never_scheduled to None, run_after=None
[2026-05-29T10:41:57.658+0200] {logging_mixin.py:151} INFO - [2026-05-29T10:41:57.657+0200] {dag.py:3696} INFO - Setting next_dagrun for dataset_consumes_unknown_never_scheduled to None, run_after=None
[2026-05-29T10:41:57.660+0200] {logging_mixin.py:151} INFO - [2026-05-29T10:41:57.660+0200] {dag.py:3696} INFO - Setting next_dagrun for dataset_produces_1 to 2026-05-28T00:00:00+00:00, run_after=2026-05-29T00:00:00+00:00
[2026-05-29T10:41:57.662+0200] {logging_mixin.py:151} INFO - [2026-05-29T10:41:57.662+0200] {dag.py:3696} INFO - Setting next_dagrun for dataset_produces_2 to None, run_after=None
[2026-05-29T10:41:57.694+0200] {processor.py:179} INFO - Processing /home/frederic/airflow_venv/lib/python3.10/site-packages/airflow/example_dags/example_datasets.py took 0.115 seconds
[2026-05-29T10:42:46.624+0200] {processor.py:157} INFO - Started process (PID=718008) to work on /home/frederic/airflow_venv/lib/python3.10/site-packages/airflow/example_dags/example_datasets.py
[2026-05-29T10:42:46.625+0200] {processor.py:829} INFO - Processing file /home/frederic/airflow_venv/lib/python3.10/site-packages/airflow/example_dags/example_datasets.py for tasks to queue
[2026-05-29T10:42:46.626+0200] {logging_mixin.py:151} INFO - [2026-05-29T10:42:46.625+0200] {dagbag.py:539} INFO - Filling up the DagBag from /home/frederic/airflow_venv/lib/python3.10/site-packages/airflow/example_dags/example_datasets.py
[2026-05-29T10:42:46.635+0200] {processor.py:839} INFO - DAG(s) dict_keys(['dataset_consumes_1_never_scheduled', 'dataset_consumes_1', 'dataset_consumes_unknown_never_scheduled', 'dataset_consumes_1_and_2', 'dataset_produces_2', 'dataset_produces_1']) retrieved from /home/frederic/airflow_venv/lib/python3.10/site-packages/airflow/example_dags/example_datasets.py
[2026-05-29T10:42:46.657+0200] {logging_mixin.py:151} INFO - [2026-05-29T10:42:46.657+0200] {dag.py:2915} INFO - Sync 6 DAGs
[2026-05-29T10:42:46.675+0200] {logging_mixin.py:151} INFO - [2026-05-29T10:42:46.674+0200] {dag.py:3696} INFO - Setting next_dagrun for dataset_consumes_1 to None, run_after=None
[2026-05-29T10:42:46.677+0200] {logging_mixin.py:151} INFO - [2026-05-29T10:42:46.677+0200] {dag.py:3696} INFO - Setting next_dagrun for dataset_consumes_1_and_2 to None, run_after=None
[2026-05-29T10:42:46.678+0200] {logging_mixin.py:151} INFO - [2026-05-29T10:42:46.678+0200] {dag.py:3696} INFO - Setting next_dagrun for dataset_consumes_1_never_scheduled to None, run_after=None
[2026-05-29T10:42:46.679+0200] {logging_mixin.py:151} INFO - [2026-05-29T10:42:46.679+0200] {dag.py:3696} INFO - Setting next_dagrun for dataset_consumes_unknown_never_scheduled to None, run_after=None
[2026-05-29T10:42:46.681+0200] {logging_mixin.py:151} INFO - [2026-05-29T10:42:46.681+0200] {dag.py:3696} INFO - Setting next_dagrun for dataset_produces_1 to 2026-05-28T00:00:00+00:00, run_after=2026-05-29T00:00:00+00:00
[2026-05-29T10:42:46.682+0200] {logging_mixin.py:151} INFO - [2026-05-29T10:42:46.682+0200] {dag.py:3696} INFO - Setting next_dagrun for dataset_produces_2 to None, run_after=None
[2026-05-29T10:42:46.704+0200] {processor.py:179} INFO - Processing /home/frederic/airflow_venv/lib/python3.10/site-packages/airflow/example_dags/example_datasets.py took 0.082 seconds
[2026-05-29T10:43:31.447+0200] {processor.py:157} INFO - Started process (PID=718575) to work on /home/frederic/airflow_venv/lib/python3.10/site-packages/airflow/example_dags/example_datasets.py
[2026-05-29T10:43:31.449+0200] {processor.py:829} INFO - Processing file /home/frederic/airflow_venv/lib/python3.10/site-packages/airflow/example_dags/example_datasets.py for tasks to queue
[2026-05-29T10:43:31.449+0200] {logging_mixin.py:151} INFO - [2026-05-29T10:43:31.449+0200] {dagbag.py:539} INFO - Filling up the DagBag from /home/frederic/airflow_venv/lib/python3.10/site-packages/airflow/example_dags/example_datasets.py
[2026-05-29T10:43:31.459+0200] {processor.py:839} INFO - DAG(s) dict_keys(['dataset_produces_1', 'dataset_consumes_1_and_2', 'dataset_consumes_unknown_never_scheduled', 'dataset_produces_2', 'dataset_consumes_1_never_scheduled', 'dataset_consumes_1']) retrieved from /home/frederic/airflow_venv/lib/python3.10/site-packages/airflow/example_dags/example_datasets.py
[2026-05-29T10:43:31.483+0200] {logging_mixin.py:151} INFO - [2026-05-29T10:43:31.483+0200] {dag.py:2915} INFO - Sync 6 DAGs
[2026-05-29T10:43:31.503+0200] {logging_mixin.py:151} INFO - [2026-05-29T10:43:31.503+0200] {dag.py:3696} INFO - Setting next_dagrun for dataset_consumes_1 to None, run_after=None
[2026-05-29T10:43:31.506+0200] {logging_mixin.py:151} INFO - [2026-05-29T10:43:31.505+0200] {dag.py:3696} INFO - Setting next_dagrun for dataset_consumes_1_and_2 to None, run_after=None
[2026-05-29T10:43:31.506+0200] {logging_mixin.py:151} INFO - [2026-05-29T10:43:31.506+0200] {dag.py:3696} INFO - Setting next_dagrun for dataset_consumes_1_never_scheduled to None, run_after=None
[2026-05-29T10:43:31.507+0200] {logging_mixin.py:151} INFO - [2026-05-29T10:43:31.507+0200] {dag.py:3696} INFO - Setting next_dagrun for dataset_consumes_unknown_never_scheduled to None, run_after=None
[2026-05-29T10:43:31.509+0200] {logging_mixin.py:151} INFO - [2026-05-29T10:43:31.509+0200] {dag.py:3696} INFO - Setting next_dagrun for dataset_produces_1 to 2026-05-28T00:00:00+00:00, run_after=2026-05-29T00:00:00+00:00
[2026-05-29T10:43:31.510+0200] {logging_mixin.py:151} INFO - [2026-05-29T10:43:31.510+0200] {dag.py:3696} INFO - Setting next_dagrun for dataset_produces_2 to None, run_after=None
[2026-05-29T10:43:31.534+0200] {processor.py:179} INFO - Processing /home/frederic/airflow_venv/lib/python3.10/site-packages/airflow/example_dags/example_datasets.py took 0.089 seconds
[2026-05-29T10:44:17.878+0200] {processor.py:157} INFO - Started process (PID=719117) to work on /home/frederic/airflow_venv/lib/python3.10/site-packages/airflow/example_dags/example_datasets.py
[2026-05-29T10:44:17.879+0200] {processor.py:829} INFO - Processing file /home/frederic/airflow_venv/lib/python3.10/site-packages/airflow/example_dags/example_datasets.py for tasks to queue
[2026-05-29T10:44:17.880+0200] {logging_mixin.py:151} INFO - [2026-05-29T10:44:17.880+0200] {dagbag.py:539} INFO - Filling up the DagBag from /home/frederic/airflow_venv/lib/python3.10/site-packages/airflow/example_dags/example_datasets.py
[2026-05-29T10:44:17.889+0200] {processor.py:839} INFO - DAG(s) dict_keys(['dataset_consumes_unknown_never_scheduled', 'dataset_consumes_1', 'dataset_consumes_1_never_scheduled', 'dataset_produces_2', 'dataset_produces_1', 'dataset_consumes_1_and_2']) retrieved from /home/frederic/airflow_venv/lib/python3.10/site-packages/airflow/example_dags/example_datasets.py
[2026-05-29T10:44:17.914+0200] {logging_mixin.py:151} INFO - [2026-05-29T10:44:17.914+0200] {dag.py:2915} INFO - Sync 6 DAGs
[2026-05-29T10:44:17.938+0200] {logging_mixin.py:151} INFO - [2026-05-29T10:44:17.938+0200] {dag.py:3696} INFO - Setting next_dagrun for dataset_consumes_1 to None, run_after=None
[2026-05-29T10:44:17.942+0200] {logging_mixin.py:151} INFO - [2026-05-29T10:44:17.942+0200] {dag.py:3696} INFO - Setting next_dagrun for dataset_consumes_1_and_2 to None, run_after=None
[2026-05-29T10:44:17.943+0200] {logging_mixin.py:151} INFO - [2026-05-29T10:44:17.942+0200] {dag.py:3696} INFO - Setting next_dagrun for dataset_consumes_1_never_scheduled to None, run_after=None
[2026-05-29T10:44:17.943+0200] {logging_mixin.py:151} INFO - [2026-05-29T10:44:17.943+0200] {dag.py:3696} INFO - Setting next_dagrun for dataset_consumes_unknown_never_scheduled to None, run_after=None
[2026-05-29T10:44:17.946+0200] {logging_mixin.py:151} INFO - [2026-05-29T10:44:17.946+0200] {dag.py:3696} INFO - Setting next_dagrun for dataset_produces_1 to 2026-05-28T00:00:00+00:00, run_after=2026-05-29T00:00:00+00:00
[2026-05-29T10:44:17.947+0200] {logging_mixin.py:151} INFO - [2026-05-29T10:44:17.946+0200] {dag.py:3696} INFO - Setting next_dagrun for dataset_produces_2 to None, run_after=None
[2026-05-29T10:44:17.971+0200] {processor.py:179} INFO - Processing /home/frederic/airflow_venv/lib/python3.10/site-packages/airflow/example_dags/example_datasets.py took 0.096 seconds
[2026-05-29T10:45:06.961+0200] {processor.py:157} INFO - Started process (PID=719865) to work on /home/frederic/airflow_venv/lib/python3.10/site-packages/airflow/example_dags/example_datasets.py
[2026-05-29T10:45:06.962+0200] {processor.py:829} INFO - Processing file /home/frederic/airflow_venv/lib/python3.10/site-packages/airflow/example_dags/example_datasets.py for tasks to queue
[2026-05-29T10:45:06.963+0200] {logging_mixin.py:151} INFO - [2026-05-29T10:45:06.962+0200] {dagbag.py:539} INFO - Filling up the DagBag from /home/frederic/airflow_venv/lib/python3.10/site-packages/airflow/example_dags/example_datasets.py
[2026-05-29T10:45:06.970+0200] {processor.py:839} INFO - DAG(s) dict_keys(['dataset_produces_1', 'dataset_consumes_1_and_2', 'dataset_consumes_1_never_scheduled', 'dataset_consumes_unknown_never_scheduled', 'dataset_produces_2', 'dataset_consumes_1']) retrieved from /home/frederic/airflow_venv/lib/python3.10/site-packages/airflow/example_dags/example_datasets.py
[2026-05-29T10:45:06.994+0200] {logging_mixin.py:151} INFO - [2026-05-29T10:45:06.994+0200] {dag.py:2915} INFO - Sync 6 DAGs
[2026-05-29T10:45:07.013+0200] {logging_mixin.py:151} INFO - [2026-05-29T10:45:07.013+0200] {dag.py:3696} INFO - Setting next_dagrun for dataset_consumes_1 to None, run_after=None
[2026-05-29T10:45:07.016+0200] {logging_mixin.py:151} INFO - [2026-05-29T10:45:07.015+0200] {dag.py:3696} INFO - Setting next_dagrun for dataset_consumes_1_and_2 to None, run_after=None
[2026-05-29T10:45:07.016+0200] {logging_mixin.py:151} INFO - [2026-05-29T10:45:07.016+0200] {dag.py:3696} INFO - Setting next_dagrun for dataset_consumes_1_never_scheduled to None, run_after=None
[2026-05-29T10:45:07.017+0200] {logging_mixin.py:151} INFO - [2026-05-29T10:45:07.017+0200] {dag.py:3696} INFO - Setting next_dagrun for dataset_consumes_unknown_never_scheduled to None, run_after=None
[2026-05-29T10:45:07.020+0200] {logging_mixin.py:151} INFO - [2026-05-29T10:45:07.020+0200] {dag.py:3696} INFO - Setting next_dagrun for dataset_produces_1 to 2026-05-28T00:00:00+00:00, run_after=2026-05-29T00:00:00+00:00
[2026-05-29T10:45:07.021+0200] {logging_mixin.py:151} INFO - [2026-05-29T10:45:07.021+0200] {dag.py:3696} INFO - Setting next_dagrun for dataset_produces_2 to None, run_after=None
[2026-05-29T10:45:07.043+0200] {processor.py:179} INFO - Processing /home/frederic/airflow_venv/lib/python3.10/site-packages/airflow/example_dags/example_datasets.py took 0.084 seconds
[2026-05-29T10:45:52.740+0200] {processor.py:157} INFO - Started process (PID=720329) to work on /home/frederic/airflow_venv/lib/python3.10/site-packages/airflow/example_dags/example_datasets.py
[2026-05-29T10:45:52.741+0200] {processor.py:829} INFO - Processing file /home/frederic/airflow_venv/lib/python3.10/site-packages/airflow/example_dags/example_datasets.py for tasks to queue
[2026-05-29T10:45:52.742+0200] {logging_mixin.py:151} INFO - [2026-05-29T10:45:52.742+0200] {dagbag.py:539} INFO - Filling up the DagBag from /home/frederic/airflow_venv/lib/python3.10/site-packages/airflow/example_dags/example_datasets.py
[2026-05-29T10:45:52.750+0200] {processor.py:839} INFO - DAG(s) dict_keys(['dataset_consumes_1_and_2', 'dataset_produces_1', 'dataset_consumes_unknown_never_scheduled', 'dataset_consumes_1', 'dataset_consumes_1_never_scheduled', 'dataset_produces_2']) retrieved from /home/frederic/airflow_venv/lib/python3.10/site-packages/airflow/example_dags/example_datasets.py
[2026-05-29T10:45:52.773+0200] {logging_mixin.py:151} INFO - [2026-05-29T10:45:52.773+0200] {dag.py:2915} INFO - Sync 6 DAGs
[2026-05-29T10:45:52.790+0200] {logging_mixin.py:151} INFO - [2026-05-29T10:45:52.790+0200] {dag.py:3696} INFO - Setting next_dagrun for dataset_consumes_1 to None, run_after=None
[2026-05-29T10:45:52.792+0200] {logging_mixin.py:151} INFO - [2026-05-29T10:45:52.792+0200] {dag.py:3696} INFO - Setting next_dagrun for dataset_consumes_1_and_2 to None, run_after=None
[2026-05-29T10:45:52.794+0200] {logging_mixin.py:151} INFO - [2026-05-29T10:45:52.794+0200] {dag.py:3696} INFO - Setting next_dagrun for dataset_consumes_1_never_scheduled to None, run_after=None
[2026-05-29T10:45:52.795+0200] {logging_mixin.py:151} INFO - [2026-05-29T10:45:52.794+0200] {dag.py:3696} INFO - Setting next_dagrun for dataset_consumes_unknown_never_scheduled to None, run_after=None
[2026-05-29T10:45:52.798+0200] {logging_mixin.py:151} INFO - [2026-05-29T10:45:52.798+0200] {dag.py:3696} INFO - Setting next_dagrun for dataset_produces_1 to 2026-05-28T00:00:00+00:00, run_after=2026-05-29T00:00:00+00:00
[2026-05-29T10:45:52.799+0200] {logging_mixin.py:151} INFO - [2026-05-29T10:45:52.799+0200] {dag.py:3696} INFO - Setting next_dagrun for dataset_produces_2 to None, run_after=None
[2026-05-29T10:45:52.822+0200] {processor.py:179} INFO - Processing /home/frederic/airflow_venv/lib/python3.10/site-packages/airflow/example_dags/example_datasets.py took 0.085 seconds
[2026-05-29T10:46:39.576+0200] {processor.py:157} INFO - Started process (PID=720840) to work on /home/frederic/airflow_venv/lib/python3.10/site-packages/airflow/example_dags/example_datasets.py
[2026-05-29T10:46:39.577+0200] {processor.py:829} INFO - Processing file /home/frederic/airflow_venv/lib/python3.10/site-packages/airflow/example_dags/example_datasets.py for tasks to queue
[2026-05-29T10:46:39.578+0200] {logging_mixin.py:151} INFO - [2026-05-29T10:46:39.578+0200] {dagbag.py:539} INFO - Filling up the DagBag from /home/frederic/airflow_venv/lib/python3.10/site-packages/airflow/example_dags/example_datasets.py
[2026-05-29T10:46:39.586+0200] {processor.py:839} INFO - DAG(s) dict_keys(['dataset_consumes_1_and_2', 'dataset_produces_2', 'dataset_produces_1', 'dataset_consumes_unknown_never_scheduled', 'dataset_consumes_1', 'dataset_consumes_1_never_scheduled']) retrieved from /home/frederic/airflow_venv/lib/python3.10/site-packages/airflow/example_dags/example_datasets.py
[2026-05-29T10:46:39.607+0200] {logging_mixin.py:151} INFO - [2026-05-29T10:46:39.607+0200] {dag.py:2915} INFO - Sync 6 DAGs
[2026-05-29T10:46:39.623+0200] {logging_mixin.py:151} INFO - [2026-05-29T10:46:39.623+0200] {dag.py:3696} INFO - Setting next_dagrun for dataset_consumes_1 to None, run_after=None
[2026-05-29T10:46:39.625+0200] {logging_mixin.py:151} INFO - [2026-05-29T10:46:39.625+0200] {dag.py:3696} INFO - Setting next_dagrun for dataset_consumes_1_and_2 to None, run_after=None
[2026-05-29T10:46:39.626+0200] {logging_mixin.py:151} INFO - [2026-05-29T10:46:39.626+0200] {dag.py:3696} INFO - Setting next_dagrun for dataset_consumes_1_never_scheduled to None, run_after=None
[2026-05-29T10:46:39.626+0200] {logging_mixin.py:151} INFO - [2026-05-29T10:46:39.626+0200] {dag.py:3696} INFO - Setting next_dagrun for dataset_consumes_unknown_never_scheduled to None, run_after=None
[2026-05-29T10:46:39.629+0200] {logging_mixin.py:151} INFO - [2026-05-29T10:46:39.629+0200] {dag.py:3696} INFO - Setting next_dagrun for dataset_produces_1 to 2026-05-28T00:00:00+00:00, run_after=2026-05-29T00:00:00+00:00
[2026-05-29T10:46:39.629+0200] {logging_mixin.py:151} INFO - [2026-05-29T10:46:39.629+0200] {dag.py:3696} INFO - Setting next_dagrun for dataset_produces_2 to None, run_after=None
[2026-05-29T10:46:39.653+0200] {processor.py:179} INFO - Processing /home/frederic/airflow_venv/lib/python3.10/site-packages/airflow/example_dags/example_datasets.py took 0.079 seconds
[2026-05-29T10:47:32.136+0200] {processor.py:157} INFO - Started process (PID=721936) to work on /home/frederic/airflow_venv/lib/python3.10/site-packages/airflow/example_dags/example_datasets.py
[2026-05-29T10:47:32.137+0200] {processor.py:829} INFO - Processing file /home/frederic/airflow_venv/lib/python3.10/site-packages/airflow/example_dags/example_datasets.py for tasks to queue
[2026-05-29T10:47:32.138+0200] {logging_mixin.py:151} INFO - [2026-05-29T10:47:32.138+0200] {dagbag.py:539} INFO - Filling up the DagBag from /home/frederic/airflow_venv/lib/python3.10/site-packages/airflow/example_dags/example_datasets.py
[2026-05-29T10:47:32.146+0200] {processor.py:839} INFO - DAG(s) dict_keys(['dataset_consumes_1', 'dataset_produces_1', 'dataset_consumes_1_never_scheduled', 'dataset_consumes_1_and_2', 'dataset_consumes_unknown_never_scheduled', 'dataset_produces_2']) retrieved from /home/frederic/airflow_venv/lib/python3.10/site-packages/airflow/example_dags/example_datasets.py
[2026-05-29T10:47:32.171+0200] {logging_mixin.py:151} INFO - [2026-05-29T10:47:32.171+0200] {dag.py:2915} INFO - Sync 6 DAGs
[2026-05-29T10:47:32.189+0200] {logging_mixin.py:151} INFO - [2026-05-29T10:47:32.189+0200] {dag.py:3696} INFO - Setting next_dagrun for dataset_consumes_1 to None, run_after=None
[2026-05-29T10:47:32.192+0200] {logging_mixin.py:151} INFO - [2026-05-29T10:47:32.192+0200] {dag.py:3696} INFO - Setting next_dagrun for dataset_consumes_1_and_2 to None, run_after=None
[2026-05-29T10:47:32.193+0200] {logging_mixin.py:151} INFO - [2026-05-29T10:47:32.193+0200] {dag.py:3696} INFO - Setting next_dagrun for dataset_consumes_1_never_scheduled to None, run_after=None
[2026-05-29T10:47:32.194+0200] {logging_mixin.py:151} INFO - [2026-05-29T10:47:32.194+0200] {dag.py:3696} INFO - Setting next_dagrun for dataset_consumes_unknown_never_scheduled to None, run_after=None
[2026-05-29T10:47:32.197+0200] {logging_mixin.py:151} INFO - [2026-05-29T10:47:32.197+0200] {dag.py:3696} INFO - Setting next_dagrun for dataset_produces_1 to 2026-05-28T00:00:00+00:00, run_after=2026-05-29T00:00:00+00:00
[2026-05-29T10:47:32.199+0200] {logging_mixin.py:151} INFO - [2026-05-29T10:47:32.198+0200] {dag.py:3696} INFO - Setting next_dagrun for dataset_produces_2 to None, run_after=None
[2026-05-29T10:47:32.232+0200] {processor.py:179} INFO - Processing /home/frederic/airflow_venv/lib/python3.10/site-packages/airflow/example_dags/example_datasets.py took 0.098 seconds
[2026-05-29T10:48:16.677+0200] {processor.py:157} INFO - Started process (PID=722460) to work on /home/frederic/airflow_venv/lib/python3.10/site-packages/airflow/example_dags/example_datasets.py
[2026-05-29T10:48:16.679+0200] {processor.py:829} INFO - Processing file /home/frederic/airflow_venv/lib/python3.10/site-packages/airflow/example_dags/example_datasets.py for tasks to queue
[2026-05-29T10:48:16.679+0200] {logging_mixin.py:151} INFO - [2026-05-29T10:48:16.679+0200] {dagbag.py:539} INFO - Filling up the DagBag from /home/frederic/airflow_venv/lib/python3.10/site-packages/airflow/example_dags/example_datasets.py
[2026-05-29T10:48:16.689+0200] {processor.py:839} INFO - DAG(s) dict_keys(['dataset_consumes_unknown_never_scheduled', 'dataset_consumes_1_never_scheduled', 'dataset_consumes_1_and_2', 'dataset_produces_1', 'dataset_produces_2', 'dataset_consumes_1']) retrieved from /home/frederic/airflow_venv/lib/python3.10/site-packages/airflow/example_dags/example_datasets.py
[2026-05-29T10:48:16.711+0200] {logging_mixin.py:151} INFO - [2026-05-29T10:48:16.711+0200] {dag.py:2915} INFO - Sync 6 DAGs
[2026-05-29T10:48:16.728+0200] {logging_mixin.py:151} INFO - [2026-05-29T10:48:16.727+0200] {dag.py:3696} INFO - Setting next_dagrun for dataset_consumes_1 to None, run_after=None
[2026-05-29T10:48:16.733+0200] {logging_mixin.py:151} INFO - [2026-05-29T10:48:16.732+0200] {dag.py:3696} INFO - Setting next_dagrun for dataset_consumes_1_and_2 to None, run_after=None
[2026-05-29T10:48:16.733+0200] {logging_mixin.py:151} INFO - [2026-05-29T10:48:16.733+0200] {dag.py:3696} INFO - Setting next_dagrun for dataset_consumes_1_never_scheduled to None, run_after=None
[2026-05-29T10:48:16.734+0200] {logging_mixin.py:151} INFO - [2026-05-29T10:48:16.734+0200] {dag.py:3696} INFO - Setting next_dagrun for dataset_consumes_unknown_never_scheduled to None, run_after=None
[2026-05-29T10:48:16.737+0200] {logging_mixin.py:151} INFO - [2026-05-29T10:48:16.736+0200] {dag.py:3696} INFO - Setting next_dagrun for dataset_produces_1 to 2026-05-28T00:00:00+00:00, run_after=2026-05-29T00:00:00+00:00
[2026-05-29T10:48:16.737+0200] {logging_mixin.py:151} INFO - [2026-05-29T10:48:16.737+0200] {dag.py:3696} INFO - Setting next_dagrun for dataset_produces_2 to None, run_after=None
[2026-05-29T10:48:16.761+0200] {processor.py:179} INFO - Processing /home/frederic/airflow_venv/lib/python3.10/site-packages/airflow/example_dags/example_datasets.py took 0.086 seconds
[2026-05-29T10:49:13.976+0200] {processor.py:157} INFO - Started process (PID=723083) to work on /home/frederic/airflow_venv/lib/python3.10/site-packages/airflow/example_dags/example_datasets.py
[2026-05-29T10:49:13.977+0200] {processor.py:829} INFO - Processing file /home/frederic/airflow_venv/lib/python3.10/site-packages/airflow/example_dags/example_datasets.py for tasks to queue
[2026-05-29T10:49:13.978+0200] {logging_mixin.py:151} INFO - [2026-05-29T10:49:13.977+0200] {dagbag.py:539} INFO - Filling up the DagBag from /home/frederic/airflow_venv/lib/python3.10/site-packages/airflow/example_dags/example_datasets.py
[2026-05-29T10:49:13.987+0200] {processor.py:839} INFO - DAG(s) dict_keys(['dataset_produces_2', 'dataset_consumes_1_and_2', 'dataset_consumes_1_never_scheduled', 'dataset_produces_1', 'dataset_consumes_1', 'dataset_consumes_unknown_never_scheduled']) retrieved from /home/frederic/airflow_venv/lib/python3.10/site-packages/airflow/example_dags/example_datasets.py
[2026-05-29T10:49:14.009+0200] {logging_mixin.py:151} INFO - [2026-05-29T10:49:14.009+0200] {dag.py:2915} INFO - Sync 6 DAGs
[2026-05-29T10:49:14.033+0200] {logging_mixin.py:151} INFO - [2026-05-29T10:49:14.033+0200] {dag.py:3696} INFO - Setting next_dagrun for dataset_consumes_1 to None, run_after=None
[2026-05-29T10:49:14.036+0200] {logging_mixin.py:151} INFO - [2026-05-29T10:49:14.036+0200] {dag.py:3696} INFO - Setting next_dagrun for dataset_consumes_1_and_2 to None, run_after=None
[2026-05-29T10:49:14.037+0200] {logging_mixin.py:151} INFO - [2026-05-29T10:49:14.037+0200] {dag.py:3696} INFO - Setting next_dagrun for dataset_consumes_1_never_scheduled to None, run_after=None
[2026-05-29T10:49:14.038+0200] {logging_mixin.py:151} INFO - [2026-05-29T10:49:14.038+0200] {dag.py:3696} INFO - Setting next_dagrun for dataset_consumes_unknown_never_scheduled to None, run_after=None
[2026-05-29T10:49:14.042+0200] {logging_mixin.py:151} INFO - [2026-05-29T10:49:14.042+0200] {dag.py:3696} INFO - Setting next_dagrun for dataset_produces_1 to 2026-05-28T00:00:00+00:00, run_after=2026-05-29T00:00:00+00:00
[2026-05-29T10:49:14.046+0200] {logging_mixin.py:151} INFO - [2026-05-29T10:49:14.045+0200] {dag.py:3696} INFO - Setting next_dagrun for dataset_produces_2 to None, run_after=None
[2026-05-29T10:49:14.081+0200] {processor.py:179} INFO - Processing /home/frederic/airflow_venv/lib/python3.10/site-packages/airflow/example_dags/example_datasets.py took 0.108 seconds
[2026-05-29T10:50:02.894+0200] {processor.py:157} INFO - Started process (PID=723544) to work on /home/frederic/airflow_venv/lib/python3.10/site-packages/airflow/example_dags/example_datasets.py
[2026-05-29T10:50:02.895+0200] {processor.py:829} INFO - Processing file /home/frederic/airflow_venv/lib/python3.10/site-packages/airflow/example_dags/example_datasets.py for tasks to queue
[2026-05-29T10:50:02.895+0200] {logging_mixin.py:151} INFO - [2026-05-29T10:50:02.895+0200] {dagbag.py:539} INFO - Filling up the DagBag from /home/frederic/airflow_venv/lib/python3.10/site-packages/airflow/example_dags/example_datasets.py
[2026-05-29T10:50:02.903+0200] {processor.py:839} INFO - DAG(s) dict_keys(['dataset_produces_2', 'dataset_consumes_1_never_scheduled', 'dataset_consumes_unknown_never_scheduled', 'dataset_consumes_1', 'dataset_produces_1', 'dataset_consumes_1_and_2']) retrieved from /home/frederic/airflow_venv/lib/python3.10/site-packages/airflow/example_dags/example_datasets.py
[2026-05-29T10:50:02.926+0200] {logging_mixin.py:151} INFO - [2026-05-29T10:50:02.925+0200] {dag.py:2915} INFO - Sync 6 DAGs
[2026-05-29T10:50:02.941+0200] {logging_mixin.py:151} INFO - [2026-05-29T10:50:02.941+0200] {dag.py:3696} INFO - Setting next_dagrun for dataset_consumes_1 to None, run_after=None
[2026-05-29T10:50:02.944+0200] {logging_mixin.py:151} INFO - [2026-05-29T10:50:02.944+0200] {dag.py:3696} INFO - Setting next_dagrun for dataset_consumes_1_and_2 to None, run_after=None
[2026-05-29T10:50:02.945+0200] {logging_mixin.py:151} INFO - [2026-05-29T10:50:02.944+0200] {dag.py:3696} INFO - Setting next_dagrun for dataset_consumes_1_never_scheduled to None, run_after=None
[2026-05-29T10:50:02.945+0200] {logging_mixin.py:151} INFO - [2026-05-29T10:50:02.945+0200] {dag.py:3696} INFO - Setting next_dagrun for dataset_consumes_unknown_never_scheduled to None, run_after=None
[2026-05-29T10:50:02.948+0200] {logging_mixin.py:151} INFO - [2026-05-29T10:50:02.948+0200] {dag.py:3696} INFO - Setting next_dagrun for dataset_produces_1 to 2026-05-28T00:00:00+00:00, run_after=2026-05-29T00:00:00+00:00
[2026-05-29T10:50:02.949+0200] {logging_mixin.py:151} INFO - [2026-05-29T10:50:02.949+0200] {dag.py:3696} INFO - Setting next_dagrun for dataset_produces_2 to None, run_after=None
[2026-05-29T10:50:02.975+0200] {processor.py:179} INFO - Processing /home/frederic/airflow_venv/lib/python3.10/site-packages/airflow/example_dags/example_datasets.py took 0.083 seconds
[2026-05-29T10:50:49.878+0200] {processor.py:157} INFO - Started process (PID=723999) to work on /home/frederic/airflow_venv/lib/python3.10/site-packages/airflow/example_dags/example_datasets.py
[2026-05-29T10:50:49.879+0200] {processor.py:829} INFO - Processing file /home/frederic/airflow_venv/lib/python3.10/site-packages/airflow/example_dags/example_datasets.py for tasks to queue
[2026-05-29T10:50:49.880+0200] {logging_mixin.py:151} INFO - [2026-05-29T10:50:49.879+0200] {dagbag.py:539} INFO - Filling up the DagBag from /home/frederic/airflow_venv/lib/python3.10/site-packages/airflow/example_dags/example_datasets.py
[2026-05-29T10:50:49.889+0200] {processor.py:839} INFO - DAG(s) dict_keys(['dataset_consumes_1', 'dataset_consumes_1_never_scheduled', 'dataset_produces_2', 'dataset_produces_1', 'dataset_consumes_unknown_never_scheduled', 'dataset_consumes_1_and_2']) retrieved from /home/frederic/airflow_venv/lib/python3.10/site-packages/airflow/example_dags/example_datasets.py
[2026-05-29T10:50:49.912+0200] {logging_mixin.py:151} INFO - [2026-05-29T10:50:49.912+0200] {dag.py:2915} INFO - Sync 6 DAGs
[2026-05-29T10:50:49.931+0200] {logging_mixin.py:151} INFO - [2026-05-29T10:50:49.931+0200] {dag.py:3696} INFO - Setting next_dagrun for dataset_consumes_1 to None, run_after=None
[2026-05-29T10:50:49.934+0200] {logging_mixin.py:151} INFO - [2026-05-29T10:50:49.934+0200] {dag.py:3696} INFO - Setting next_dagrun for dataset_consumes_1_and_2 to None, run_after=None
[2026-05-29T10:50:49.934+0200] {logging_mixin.py:151} INFO - [2026-05-29T10:50:49.934+0200] {dag.py:3696} INFO - Setting next_dagrun for dataset_consumes_1_never_scheduled to None, run_after=None
[2026-05-29T10:50:49.935+0200] {logging_mixin.py:151} INFO - [2026-05-29T10:50:49.935+0200] {dag.py:3696} INFO - Setting next_dagrun for dataset_consumes_unknown_never_scheduled to None, run_after=None
[2026-05-29T10:50:49.938+0200] {logging_mixin.py:151} INFO - [2026-05-29T10:50:49.937+0200] {dag.py:3696} INFO - Setting next_dagrun for dataset_produces_1 to 2026-05-28T00:00:00+00:00, run_after=2026-05-29T00:00:00+00:00
[2026-05-29T10:50:49.938+0200] {logging_mixin.py:151} INFO - [2026-05-29T10:50:49.938+0200] {dag.py:3696} INFO - Setting next_dagrun for dataset_produces_2 to None, run_after=None
[2026-05-29T10:50:49.964+0200] {processor.py:179} INFO - Processing /home/frederic/airflow_venv/lib/python3.10/site-packages/airflow/example_dags/example_datasets.py took 0.088 seconds
