[2026-05-29T02:00:05.606+0200] {processor.py:157} INFO - Started process (PID=633186) to work on /home/frederic/airflow_venv/lib/python3.10/site-packages/airflow/example_dags/example_dynamic_task_mapping.py
[2026-05-29T02:00:05.607+0200] {processor.py:829} INFO - Processing file /home/frederic/airflow_venv/lib/python3.10/site-packages/airflow/example_dags/example_dynamic_task_mapping.py for tasks to queue
[2026-05-29T02:00:05.607+0200] {logging_mixin.py:151} INFO - [2026-05-29T02:00:05.607+0200] {dagbag.py:539} INFO - Filling up the DagBag from /home/frederic/airflow_venv/lib/python3.10/site-packages/airflow/example_dags/example_dynamic_task_mapping.py
[2026-05-29T02:00:05.614+0200] {processor.py:839} INFO - DAG(s) dict_keys(['example_dynamic_task_mapping']) retrieved from /home/frederic/airflow_venv/lib/python3.10/site-packages/airflow/example_dags/example_dynamic_task_mapping.py
[2026-05-29T02:00:05.626+0200] {logging_mixin.py:151} INFO - [2026-05-29T02:00:05.625+0200] {dag.py:2915} INFO - Sync 1 DAGs
[2026-05-29T02:00:05.641+0200] {logging_mixin.py:151} INFO - [2026-05-29T02:00:05.640+0200] {dag.py:3696} INFO - Setting next_dagrun for example_dynamic_task_mapping to 2022-03-04T00:00:00+00:00, run_after=2022-03-05T00:00:00+00:00
[2026-05-29T02:00:05.655+0200] {processor.py:179} INFO - Processing /home/frederic/airflow_venv/lib/python3.10/site-packages/airflow/example_dags/example_dynamic_task_mapping.py took 0.051 seconds
[2026-05-29T02:00:13.889+0200] {processor.py:157} INFO - Started process (PID=633360) to work on /home/frederic/airflow_venv/lib/python3.10/site-packages/airflow/example_dags/example_dynamic_task_mapping.py
[2026-05-29T02:00:13.890+0200] {processor.py:829} INFO - Processing file /home/frederic/airflow_venv/lib/python3.10/site-packages/airflow/example_dags/example_dynamic_task_mapping.py for tasks to queue
[2026-05-29T02:00:13.891+0200] {logging_mixin.py:151} INFO - [2026-05-29T02:00:13.890+0200] {dagbag.py:539} INFO - Filling up the DagBag from /home/frederic/airflow_venv/lib/python3.10/site-packages/airflow/example_dags/example_dynamic_task_mapping.py
[2026-05-29T02:00:13.897+0200] {processor.py:839} INFO - DAG(s) dict_keys(['example_dynamic_task_mapping']) retrieved from /home/frederic/airflow_venv/lib/python3.10/site-packages/airflow/example_dags/example_dynamic_task_mapping.py
[2026-05-29T02:00:13.908+0200] {logging_mixin.py:151} INFO - [2026-05-29T02:00:13.907+0200] {dag.py:2915} INFO - Sync 1 DAGs
[2026-05-29T02:00:13.924+0200] {logging_mixin.py:151} INFO - [2026-05-29T02:00:13.924+0200] {dag.py:3696} INFO - Setting next_dagrun for example_dynamic_task_mapping to 2022-03-04T00:00:00+00:00, run_after=2022-03-05T00:00:00+00:00
[2026-05-29T02:00:13.938+0200] {processor.py:179} INFO - Processing /home/frederic/airflow_venv/lib/python3.10/site-packages/airflow/example_dags/example_dynamic_task_mapping.py took 0.051 seconds
[2026-05-29T02:00:57.477+0200] {processor.py:157} INFO - Started process (PID=634805) to work on /home/frederic/airflow_venv/lib/python3.10/site-packages/airflow/example_dags/example_dynamic_task_mapping.py
[2026-05-29T02:00:57.478+0200] {processor.py:829} INFO - Processing file /home/frederic/airflow_venv/lib/python3.10/site-packages/airflow/example_dags/example_dynamic_task_mapping.py for tasks to queue
[2026-05-29T02:00:57.478+0200] {logging_mixin.py:151} INFO - [2026-05-29T02:00:57.478+0200] {dagbag.py:539} INFO - Filling up the DagBag from /home/frederic/airflow_venv/lib/python3.10/site-packages/airflow/example_dags/example_dynamic_task_mapping.py
[2026-05-29T02:00:57.484+0200] {processor.py:839} INFO - DAG(s) dict_keys(['example_dynamic_task_mapping']) retrieved from /home/frederic/airflow_venv/lib/python3.10/site-packages/airflow/example_dags/example_dynamic_task_mapping.py
[2026-05-29T02:00:57.496+0200] {logging_mixin.py:151} INFO - [2026-05-29T02:00:57.496+0200] {dag.py:2915} INFO - Sync 1 DAGs
[2026-05-29T02:00:57.511+0200] {logging_mixin.py:151} INFO - [2026-05-29T02:00:57.511+0200] {dag.py:3696} INFO - Setting next_dagrun for example_dynamic_task_mapping to 2022-03-04T00:00:00+00:00, run_after=2022-03-05T00:00:00+00:00
[2026-05-29T02:00:57.526+0200] {processor.py:179} INFO - Processing /home/frederic/airflow_venv/lib/python3.10/site-packages/airflow/example_dags/example_dynamic_task_mapping.py took 0.051 seconds
[2026-05-29T02:01:13.162+0200] {processor.py:157} INFO - Started process (PID=635167) to work on /home/frederic/airflow_venv/lib/python3.10/site-packages/airflow/example_dags/example_dynamic_task_mapping.py
[2026-05-29T02:01:13.162+0200] {processor.py:829} INFO - Processing file /home/frederic/airflow_venv/lib/python3.10/site-packages/airflow/example_dags/example_dynamic_task_mapping.py for tasks to queue
[2026-05-29T02:01:13.163+0200] {logging_mixin.py:151} INFO - [2026-05-29T02:01:13.163+0200] {dagbag.py:539} INFO - Filling up the DagBag from /home/frederic/airflow_venv/lib/python3.10/site-packages/airflow/example_dags/example_dynamic_task_mapping.py
[2026-05-29T02:01:13.170+0200] {processor.py:839} INFO - DAG(s) dict_keys(['example_dynamic_task_mapping']) retrieved from /home/frederic/airflow_venv/lib/python3.10/site-packages/airflow/example_dags/example_dynamic_task_mapping.py
[2026-05-29T02:01:13.185+0200] {logging_mixin.py:151} INFO - [2026-05-29T02:01:13.185+0200] {dag.py:2915} INFO - Sync 1 DAGs
[2026-05-29T02:01:13.210+0200] {logging_mixin.py:151} INFO - [2026-05-29T02:01:13.209+0200] {dag.py:3696} INFO - Setting next_dagrun for example_dynamic_task_mapping to 2022-03-04T00:00:00+00:00, run_after=2022-03-05T00:00:00+00:00
[2026-05-29T02:01:13.227+0200] {processor.py:179} INFO - Processing /home/frederic/airflow_venv/lib/python3.10/site-packages/airflow/example_dags/example_dynamic_task_mapping.py took 0.068 seconds
[2026-05-29T02:01:41.583+0200] {processor.py:157} INFO - Started process (PID=636023) to work on /home/frederic/airflow_venv/lib/python3.10/site-packages/airflow/example_dags/example_dynamic_task_mapping.py
[2026-05-29T02:01:41.585+0200] {processor.py:829} INFO - Processing file /home/frederic/airflow_venv/lib/python3.10/site-packages/airflow/example_dags/example_dynamic_task_mapping.py for tasks to queue
[2026-05-29T02:01:41.585+0200] {logging_mixin.py:151} INFO - [2026-05-29T02:01:41.585+0200] {dagbag.py:539} INFO - Filling up the DagBag from /home/frederic/airflow_venv/lib/python3.10/site-packages/airflow/example_dags/example_dynamic_task_mapping.py
[2026-05-29T02:01:41.592+0200] {processor.py:839} INFO - DAG(s) dict_keys(['example_dynamic_task_mapping']) retrieved from /home/frederic/airflow_venv/lib/python3.10/site-packages/airflow/example_dags/example_dynamic_task_mapping.py
[2026-05-29T02:01:41.606+0200] {logging_mixin.py:151} INFO - [2026-05-29T02:01:41.606+0200] {dag.py:2915} INFO - Sync 1 DAGs
[2026-05-29T02:01:41.622+0200] {logging_mixin.py:151} INFO - [2026-05-29T02:01:41.622+0200] {dag.py:3696} INFO - Setting next_dagrun for example_dynamic_task_mapping to 2022-03-04T00:00:00+00:00, run_after=2022-03-05T00:00:00+00:00
[2026-05-29T02:01:41.640+0200] {processor.py:179} INFO - Processing /home/frederic/airflow_venv/lib/python3.10/site-packages/airflow/example_dags/example_dynamic_task_mapping.py took 0.059 seconds
[2026-05-29T02:02:01.045+0200] {processor.py:157} INFO - Started process (PID=636544) to work on /home/frederic/airflow_venv/lib/python3.10/site-packages/airflow/example_dags/example_dynamic_task_mapping.py
[2026-05-29T02:02:01.046+0200] {processor.py:829} INFO - Processing file /home/frederic/airflow_venv/lib/python3.10/site-packages/airflow/example_dags/example_dynamic_task_mapping.py for tasks to queue
[2026-05-29T02:02:01.046+0200] {logging_mixin.py:151} INFO - [2026-05-29T02:02:01.046+0200] {dagbag.py:539} INFO - Filling up the DagBag from /home/frederic/airflow_venv/lib/python3.10/site-packages/airflow/example_dags/example_dynamic_task_mapping.py
[2026-05-29T02:02:01.053+0200] {processor.py:839} INFO - DAG(s) dict_keys(['example_dynamic_task_mapping']) retrieved from /home/frederic/airflow_venv/lib/python3.10/site-packages/airflow/example_dags/example_dynamic_task_mapping.py
[2026-05-29T02:02:01.065+0200] {logging_mixin.py:151} INFO - [2026-05-29T02:02:01.065+0200] {dag.py:2915} INFO - Sync 1 DAGs
[2026-05-29T02:02:01.082+0200] {logging_mixin.py:151} INFO - [2026-05-29T02:02:01.082+0200] {dag.py:3696} INFO - Setting next_dagrun for example_dynamic_task_mapping to 2022-03-04T00:00:00+00:00, run_after=2022-03-05T00:00:00+00:00
[2026-05-29T02:02:01.191+0200] {processor.py:179} INFO - Processing /home/frederic/airflow_venv/lib/python3.10/site-packages/airflow/example_dags/example_dynamic_task_mapping.py took 0.148 seconds
[2026-05-29T02:02:27.895+0200] {processor.py:157} INFO - Started process (PID=637489) to work on /home/frederic/airflow_venv/lib/python3.10/site-packages/airflow/example_dags/example_dynamic_task_mapping.py
[2026-05-29T02:02:27.897+0200] {processor.py:829} INFO - Processing file /home/frederic/airflow_venv/lib/python3.10/site-packages/airflow/example_dags/example_dynamic_task_mapping.py for tasks to queue
[2026-05-29T02:02:27.898+0200] {logging_mixin.py:151} INFO - [2026-05-29T02:02:27.898+0200] {dagbag.py:539} INFO - Filling up the DagBag from /home/frederic/airflow_venv/lib/python3.10/site-packages/airflow/example_dags/example_dynamic_task_mapping.py
[2026-05-29T02:02:27.909+0200] {processor.py:839} INFO - DAG(s) dict_keys(['example_dynamic_task_mapping']) retrieved from /home/frederic/airflow_venv/lib/python3.10/site-packages/airflow/example_dags/example_dynamic_task_mapping.py
[2026-05-29T02:02:27.928+0200] {logging_mixin.py:151} INFO - [2026-05-29T02:02:27.928+0200] {dag.py:2915} INFO - Sync 1 DAGs
[2026-05-29T02:02:27.956+0200] {logging_mixin.py:151} INFO - [2026-05-29T02:02:27.956+0200] {dag.py:3696} INFO - Setting next_dagrun for example_dynamic_task_mapping to 2022-03-04T00:00:00+00:00, run_after=2022-03-05T00:00:00+00:00
[2026-05-29T02:02:27.979+0200] {processor.py:179} INFO - Processing /home/frederic/airflow_venv/lib/python3.10/site-packages/airflow/example_dags/example_dynamic_task_mapping.py took 0.087 seconds
[2026-05-29T02:02:52.078+0200] {processor.py:157} INFO - Started process (PID=638166) to work on /home/frederic/airflow_venv/lib/python3.10/site-packages/airflow/example_dags/example_dynamic_task_mapping.py
[2026-05-29T02:02:52.079+0200] {processor.py:829} INFO - Processing file /home/frederic/airflow_venv/lib/python3.10/site-packages/airflow/example_dags/example_dynamic_task_mapping.py for tasks to queue
[2026-05-29T02:02:52.080+0200] {logging_mixin.py:151} INFO - [2026-05-29T02:02:52.079+0200] {dagbag.py:539} INFO - Filling up the DagBag from /home/frederic/airflow_venv/lib/python3.10/site-packages/airflow/example_dags/example_dynamic_task_mapping.py
[2026-05-29T02:02:52.087+0200] {processor.py:839} INFO - DAG(s) dict_keys(['example_dynamic_task_mapping']) retrieved from /home/frederic/airflow_venv/lib/python3.10/site-packages/airflow/example_dags/example_dynamic_task_mapping.py
[2026-05-29T02:02:52.102+0200] {logging_mixin.py:151} INFO - [2026-05-29T02:02:52.102+0200] {dag.py:2915} INFO - Sync 1 DAGs
[2026-05-29T02:02:52.119+0200] {logging_mixin.py:151} INFO - [2026-05-29T02:02:52.118+0200] {dag.py:3696} INFO - Setting next_dagrun for example_dynamic_task_mapping to 2022-03-04T00:00:00+00:00, run_after=2022-03-05T00:00:00+00:00
[2026-05-29T02:02:52.138+0200] {processor.py:179} INFO - Processing /home/frederic/airflow_venv/lib/python3.10/site-packages/airflow/example_dags/example_dynamic_task_mapping.py took 0.063 seconds
[2026-05-29T02:03:19.186+0200] {processor.py:157} INFO - Started process (PID=638862) to work on /home/frederic/airflow_venv/lib/python3.10/site-packages/airflow/example_dags/example_dynamic_task_mapping.py
[2026-05-29T02:03:19.187+0200] {processor.py:829} INFO - Processing file /home/frederic/airflow_venv/lib/python3.10/site-packages/airflow/example_dags/example_dynamic_task_mapping.py for tasks to queue
[2026-05-29T02:03:19.188+0200] {logging_mixin.py:151} INFO - [2026-05-29T02:03:19.187+0200] {dagbag.py:539} INFO - Filling up the DagBag from /home/frederic/airflow_venv/lib/python3.10/site-packages/airflow/example_dags/example_dynamic_task_mapping.py
[2026-05-29T02:03:19.198+0200] {processor.py:839} INFO - DAG(s) dict_keys(['example_dynamic_task_mapping']) retrieved from /home/frederic/airflow_venv/lib/python3.10/site-packages/airflow/example_dags/example_dynamic_task_mapping.py
[2026-05-29T02:03:19.211+0200] {logging_mixin.py:151} INFO - [2026-05-29T02:03:19.211+0200] {dag.py:2915} INFO - Sync 1 DAGs
[2026-05-29T02:03:19.231+0200] {logging_mixin.py:151} INFO - [2026-05-29T02:03:19.231+0200] {dag.py:3696} INFO - Setting next_dagrun for example_dynamic_task_mapping to 2022-03-04T00:00:00+00:00, run_after=2022-03-05T00:00:00+00:00
[2026-05-29T02:03:19.251+0200] {processor.py:179} INFO - Processing /home/frederic/airflow_venv/lib/python3.10/site-packages/airflow/example_dags/example_dynamic_task_mapping.py took 0.068 seconds
[2026-05-29T02:03:41.056+0200] {processor.py:157} INFO - Started process (PID=639656) to work on /home/frederic/airflow_venv/lib/python3.10/site-packages/airflow/example_dags/example_dynamic_task_mapping.py
[2026-05-29T02:03:41.057+0200] {processor.py:829} INFO - Processing file /home/frederic/airflow_venv/lib/python3.10/site-packages/airflow/example_dags/example_dynamic_task_mapping.py for tasks to queue
[2026-05-29T02:03:41.058+0200] {logging_mixin.py:151} INFO - [2026-05-29T02:03:41.057+0200] {dagbag.py:539} INFO - Filling up the DagBag from /home/frederic/airflow_venv/lib/python3.10/site-packages/airflow/example_dags/example_dynamic_task_mapping.py
[2026-05-29T02:03:41.065+0200] {processor.py:839} INFO - DAG(s) dict_keys(['example_dynamic_task_mapping']) retrieved from /home/frederic/airflow_venv/lib/python3.10/site-packages/airflow/example_dags/example_dynamic_task_mapping.py
[2026-05-29T02:03:41.077+0200] {logging_mixin.py:151} INFO - [2026-05-29T02:03:41.076+0200] {dag.py:2915} INFO - Sync 1 DAGs
[2026-05-29T02:03:41.093+0200] {logging_mixin.py:151} INFO - [2026-05-29T02:03:41.093+0200] {dag.py:3696} INFO - Setting next_dagrun for example_dynamic_task_mapping to 2022-03-04T00:00:00+00:00, run_after=2022-03-05T00:00:00+00:00
[2026-05-29T02:03:41.109+0200] {processor.py:179} INFO - Processing /home/frederic/airflow_venv/lib/python3.10/site-packages/airflow/example_dags/example_dynamic_task_mapping.py took 0.056 seconds
[2026-05-29T09:58:31.826+0200] {processor.py:157} INFO - Started process (PID=682041) to work on /home/frederic/airflow_venv/lib/python3.10/site-packages/airflow/example_dags/example_dynamic_task_mapping.py
[2026-05-29T09:58:31.828+0200] {processor.py:829} INFO - Processing file /home/frederic/airflow_venv/lib/python3.10/site-packages/airflow/example_dags/example_dynamic_task_mapping.py for tasks to queue
[2026-05-29T09:58:31.828+0200] {logging_mixin.py:151} INFO - [2026-05-29T09:58:31.828+0200] {dagbag.py:539} INFO - Filling up the DagBag from /home/frederic/airflow_venv/lib/python3.10/site-packages/airflow/example_dags/example_dynamic_task_mapping.py
[2026-05-29T09:58:31.836+0200] {processor.py:839} INFO - DAG(s) dict_keys(['example_dynamic_task_mapping']) retrieved from /home/frederic/airflow_venv/lib/python3.10/site-packages/airflow/example_dags/example_dynamic_task_mapping.py
[2026-05-29T09:58:31.851+0200] {logging_mixin.py:151} INFO - [2026-05-29T09:58:31.851+0200] {dag.py:2915} INFO - Sync 1 DAGs
[2026-05-29T09:58:31.869+0200] {logging_mixin.py:151} INFO - [2026-05-29T09:58:31.869+0200] {dag.py:3696} INFO - Setting next_dagrun for example_dynamic_task_mapping to 2022-03-04T00:00:00+00:00, run_after=2022-03-05T00:00:00+00:00
[2026-05-29T09:58:31.886+0200] {processor.py:179} INFO - Processing /home/frederic/airflow_venv/lib/python3.10/site-packages/airflow/example_dags/example_dynamic_task_mapping.py took 0.063 seconds
[2026-05-29T09:59:23.366+0200] {processor.py:157} INFO - Started process (PID=683606) to work on /home/frederic/airflow_venv/lib/python3.10/site-packages/airflow/example_dags/example_dynamic_task_mapping.py
[2026-05-29T09:59:23.367+0200] {processor.py:829} INFO - Processing file /home/frederic/airflow_venv/lib/python3.10/site-packages/airflow/example_dags/example_dynamic_task_mapping.py for tasks to queue
[2026-05-29T09:59:23.368+0200] {logging_mixin.py:151} INFO - [2026-05-29T09:59:23.367+0200] {dagbag.py:539} INFO - Filling up the DagBag from /home/frederic/airflow_venv/lib/python3.10/site-packages/airflow/example_dags/example_dynamic_task_mapping.py
[2026-05-29T09:59:23.375+0200] {processor.py:839} INFO - DAG(s) dict_keys(['example_dynamic_task_mapping']) retrieved from /home/frederic/airflow_venv/lib/python3.10/site-packages/airflow/example_dags/example_dynamic_task_mapping.py
[2026-05-29T09:59:23.389+0200] {logging_mixin.py:151} INFO - [2026-05-29T09:59:23.389+0200] {dag.py:2915} INFO - Sync 1 DAGs
[2026-05-29T09:59:23.409+0200] {logging_mixin.py:151} INFO - [2026-05-29T09:59:23.409+0200] {dag.py:3696} INFO - Setting next_dagrun for example_dynamic_task_mapping to 2022-03-04T00:00:00+00:00, run_after=2022-03-05T00:00:00+00:00
[2026-05-29T09:59:23.430+0200] {processor.py:179} INFO - Processing /home/frederic/airflow_venv/lib/python3.10/site-packages/airflow/example_dags/example_dynamic_task_mapping.py took 0.068 seconds
[2026-05-29T10:00:14.820+0200] {processor.py:157} INFO - Started process (PID=684186) to work on /home/frederic/airflow_venv/lib/python3.10/site-packages/airflow/example_dags/example_dynamic_task_mapping.py
[2026-05-29T10:00:14.821+0200] {processor.py:829} INFO - Processing file /home/frederic/airflow_venv/lib/python3.10/site-packages/airflow/example_dags/example_dynamic_task_mapping.py for tasks to queue
[2026-05-29T10:00:14.822+0200] {logging_mixin.py:151} INFO - [2026-05-29T10:00:14.822+0200] {dagbag.py:539} INFO - Filling up the DagBag from /home/frederic/airflow_venv/lib/python3.10/site-packages/airflow/example_dags/example_dynamic_task_mapping.py
[2026-05-29T10:00:14.834+0200] {processor.py:839} INFO - DAG(s) dict_keys(['example_dynamic_task_mapping']) retrieved from /home/frederic/airflow_venv/lib/python3.10/site-packages/airflow/example_dags/example_dynamic_task_mapping.py
[2026-05-29T10:00:14.852+0200] {logging_mixin.py:151} INFO - [2026-05-29T10:00:14.851+0200] {dag.py:2915} INFO - Sync 1 DAGs
[2026-05-29T10:00:14.882+0200] {logging_mixin.py:151} INFO - [2026-05-29T10:00:14.881+0200] {dag.py:3696} INFO - Setting next_dagrun for example_dynamic_task_mapping to 2022-03-04T00:00:00+00:00, run_after=2022-03-05T00:00:00+00:00
[2026-05-29T10:00:14.912+0200] {processor.py:179} INFO - Processing /home/frederic/airflow_venv/lib/python3.10/site-packages/airflow/example_dags/example_dynamic_task_mapping.py took 0.096 seconds
[2026-05-29T10:01:05.921+0200] {processor.py:157} INFO - Started process (PID=685134) to work on /home/frederic/airflow_venv/lib/python3.10/site-packages/airflow/example_dags/example_dynamic_task_mapping.py
[2026-05-29T10:01:05.927+0200] {processor.py:829} INFO - Processing file /home/frederic/airflow_venv/lib/python3.10/site-packages/airflow/example_dags/example_dynamic_task_mapping.py for tasks to queue
[2026-05-29T10:01:05.929+0200] {logging_mixin.py:151} INFO - [2026-05-29T10:01:05.928+0200] {dagbag.py:539} INFO - Filling up the DagBag from /home/frederic/airflow_venv/lib/python3.10/site-packages/airflow/example_dags/example_dynamic_task_mapping.py
[2026-05-29T10:01:05.950+0200] {processor.py:839} INFO - DAG(s) dict_keys(['example_dynamic_task_mapping']) retrieved from /home/frederic/airflow_venv/lib/python3.10/site-packages/airflow/example_dags/example_dynamic_task_mapping.py
[2026-05-29T10:01:05.991+0200] {logging_mixin.py:151} INFO - [2026-05-29T10:01:05.991+0200] {dag.py:2915} INFO - Sync 1 DAGs
[2026-05-29T10:01:06.039+0200] {logging_mixin.py:151} INFO - [2026-05-29T10:01:06.038+0200] {dag.py:3696} INFO - Setting next_dagrun for example_dynamic_task_mapping to 2022-03-04T00:00:00+00:00, run_after=2022-03-05T00:00:00+00:00
[2026-05-29T10:01:06.058+0200] {processor.py:179} INFO - Processing /home/frederic/airflow_venv/lib/python3.10/site-packages/airflow/example_dags/example_dynamic_task_mapping.py took 0.143 seconds
[2026-05-29T10:01:54.142+0200] {processor.py:157} INFO - Started process (PID=685793) to work on /home/frederic/airflow_venv/lib/python3.10/site-packages/airflow/example_dags/example_dynamic_task_mapping.py
[2026-05-29T10:01:54.146+0200] {processor.py:829} INFO - Processing file /home/frederic/airflow_venv/lib/python3.10/site-packages/airflow/example_dags/example_dynamic_task_mapping.py for tasks to queue
[2026-05-29T10:01:54.147+0200] {logging_mixin.py:151} INFO - [2026-05-29T10:01:54.147+0200] {dagbag.py:539} INFO - Filling up the DagBag from /home/frederic/airflow_venv/lib/python3.10/site-packages/airflow/example_dags/example_dynamic_task_mapping.py
[2026-05-29T10:01:54.153+0200] {processor.py:839} INFO - DAG(s) dict_keys(['example_dynamic_task_mapping']) retrieved from /home/frederic/airflow_venv/lib/python3.10/site-packages/airflow/example_dags/example_dynamic_task_mapping.py
[2026-05-29T10:01:54.167+0200] {logging_mixin.py:151} INFO - [2026-05-29T10:01:54.167+0200] {dag.py:2915} INFO - Sync 1 DAGs
[2026-05-29T10:01:54.191+0200] {logging_mixin.py:151} INFO - [2026-05-29T10:01:54.191+0200] {dag.py:3696} INFO - Setting next_dagrun for example_dynamic_task_mapping to 2022-03-04T00:00:00+00:00, run_after=2022-03-05T00:00:00+00:00
[2026-05-29T10:01:54.210+0200] {processor.py:179} INFO - Processing /home/frederic/airflow_venv/lib/python3.10/site-packages/airflow/example_dags/example_dynamic_task_mapping.py took 0.071 seconds
[2026-05-29T10:02:40.196+0200] {processor.py:157} INFO - Started process (PID=686257) to work on /home/frederic/airflow_venv/lib/python3.10/site-packages/airflow/example_dags/example_dynamic_task_mapping.py
[2026-05-29T10:02:40.200+0200] {processor.py:829} INFO - Processing file /home/frederic/airflow_venv/lib/python3.10/site-packages/airflow/example_dags/example_dynamic_task_mapping.py for tasks to queue
[2026-05-29T10:02:40.201+0200] {logging_mixin.py:151} INFO - [2026-05-29T10:02:40.200+0200] {dagbag.py:539} INFO - Filling up the DagBag from /home/frederic/airflow_venv/lib/python3.10/site-packages/airflow/example_dags/example_dynamic_task_mapping.py
[2026-05-29T10:02:40.212+0200] {processor.py:839} INFO - DAG(s) dict_keys(['example_dynamic_task_mapping']) retrieved from /home/frederic/airflow_venv/lib/python3.10/site-packages/airflow/example_dags/example_dynamic_task_mapping.py
[2026-05-29T10:02:40.227+0200] {logging_mixin.py:151} INFO - [2026-05-29T10:02:40.227+0200] {dag.py:2915} INFO - Sync 1 DAGs
[2026-05-29T10:02:40.247+0200] {logging_mixin.py:151} INFO - [2026-05-29T10:02:40.247+0200] {dag.py:3696} INFO - Setting next_dagrun for example_dynamic_task_mapping to 2022-03-04T00:00:00+00:00, run_after=2022-03-05T00:00:00+00:00
[2026-05-29T10:02:40.263+0200] {processor.py:179} INFO - Processing /home/frederic/airflow_venv/lib/python3.10/site-packages/airflow/example_dags/example_dynamic_task_mapping.py took 0.070 seconds
[2026-05-29T10:03:26.506+0200] {processor.py:157} INFO - Started process (PID=686733) to work on /home/frederic/airflow_venv/lib/python3.10/site-packages/airflow/example_dags/example_dynamic_task_mapping.py
[2026-05-29T10:03:26.507+0200] {processor.py:829} INFO - Processing file /home/frederic/airflow_venv/lib/python3.10/site-packages/airflow/example_dags/example_dynamic_task_mapping.py for tasks to queue
[2026-05-29T10:03:26.508+0200] {logging_mixin.py:151} INFO - [2026-05-29T10:03:26.508+0200] {dagbag.py:539} INFO - Filling up the DagBag from /home/frederic/airflow_venv/lib/python3.10/site-packages/airflow/example_dags/example_dynamic_task_mapping.py
[2026-05-29T10:03:26.516+0200] {processor.py:839} INFO - DAG(s) dict_keys(['example_dynamic_task_mapping']) retrieved from /home/frederic/airflow_venv/lib/python3.10/site-packages/airflow/example_dags/example_dynamic_task_mapping.py
[2026-05-29T10:03:26.531+0200] {logging_mixin.py:151} INFO - [2026-05-29T10:03:26.531+0200] {dag.py:2915} INFO - Sync 1 DAGs
[2026-05-29T10:03:26.550+0200] {logging_mixin.py:151} INFO - [2026-05-29T10:03:26.550+0200] {dag.py:3696} INFO - Setting next_dagrun for example_dynamic_task_mapping to 2022-03-04T00:00:00+00:00, run_after=2022-03-05T00:00:00+00:00
[2026-05-29T10:03:26.571+0200] {processor.py:179} INFO - Processing /home/frederic/airflow_venv/lib/python3.10/site-packages/airflow/example_dags/example_dynamic_task_mapping.py took 0.068 seconds
[2026-05-29T10:04:14.911+0200] {processor.py:157} INFO - Started process (PID=687866) to work on /home/frederic/airflow_venv/lib/python3.10/site-packages/airflow/example_dags/example_dynamic_task_mapping.py
[2026-05-29T10:04:14.913+0200] {processor.py:829} INFO - Processing file /home/frederic/airflow_venv/lib/python3.10/site-packages/airflow/example_dags/example_dynamic_task_mapping.py for tasks to queue
[2026-05-29T10:04:14.913+0200] {logging_mixin.py:151} INFO - [2026-05-29T10:04:14.913+0200] {dagbag.py:539} INFO - Filling up the DagBag from /home/frederic/airflow_venv/lib/python3.10/site-packages/airflow/example_dags/example_dynamic_task_mapping.py
[2026-05-29T10:04:14.922+0200] {processor.py:839} INFO - DAG(s) dict_keys(['example_dynamic_task_mapping']) retrieved from /home/frederic/airflow_venv/lib/python3.10/site-packages/airflow/example_dags/example_dynamic_task_mapping.py
[2026-05-29T10:04:14.938+0200] {logging_mixin.py:151} INFO - [2026-05-29T10:04:14.937+0200] {dag.py:2915} INFO - Sync 1 DAGs
[2026-05-29T10:04:14.956+0200] {logging_mixin.py:151} INFO - [2026-05-29T10:04:14.956+0200] {dag.py:3696} INFO - Setting next_dagrun for example_dynamic_task_mapping to 2022-03-04T00:00:00+00:00, run_after=2022-03-05T00:00:00+00:00
[2026-05-29T10:04:14.975+0200] {processor.py:179} INFO - Processing /home/frederic/airflow_venv/lib/python3.10/site-packages/airflow/example_dags/example_dynamic_task_mapping.py took 0.067 seconds
[2026-05-29T10:05:04.192+0200] {processor.py:157} INFO - Started process (PID=689004) to work on /home/frederic/airflow_venv/lib/python3.10/site-packages/airflow/example_dags/example_dynamic_task_mapping.py
[2026-05-29T10:05:04.193+0200] {processor.py:829} INFO - Processing file /home/frederic/airflow_venv/lib/python3.10/site-packages/airflow/example_dags/example_dynamic_task_mapping.py for tasks to queue
[2026-05-29T10:05:04.194+0200] {logging_mixin.py:151} INFO - [2026-05-29T10:05:04.193+0200] {dagbag.py:539} INFO - Filling up the DagBag from /home/frederic/airflow_venv/lib/python3.10/site-packages/airflow/example_dags/example_dynamic_task_mapping.py
[2026-05-29T10:05:04.201+0200] {processor.py:839} INFO - DAG(s) dict_keys(['example_dynamic_task_mapping']) retrieved from /home/frederic/airflow_venv/lib/python3.10/site-packages/airflow/example_dags/example_dynamic_task_mapping.py
[2026-05-29T10:05:04.216+0200] {logging_mixin.py:151} INFO - [2026-05-29T10:05:04.216+0200] {dag.py:2915} INFO - Sync 1 DAGs
[2026-05-29T10:05:04.234+0200] {logging_mixin.py:151} INFO - [2026-05-29T10:05:04.234+0200] {dag.py:3696} INFO - Setting next_dagrun for example_dynamic_task_mapping to 2022-03-04T00:00:00+00:00, run_after=2022-03-05T00:00:00+00:00
[2026-05-29T10:05:04.250+0200] {processor.py:179} INFO - Processing /home/frederic/airflow_venv/lib/python3.10/site-packages/airflow/example_dags/example_dynamic_task_mapping.py took 0.061 seconds
[2026-05-29T10:05:50.287+0200] {processor.py:157} INFO - Started process (PID=689803) to work on /home/frederic/airflow_venv/lib/python3.10/site-packages/airflow/example_dags/example_dynamic_task_mapping.py
[2026-05-29T10:05:50.288+0200] {processor.py:829} INFO - Processing file /home/frederic/airflow_venv/lib/python3.10/site-packages/airflow/example_dags/example_dynamic_task_mapping.py for tasks to queue
[2026-05-29T10:05:50.289+0200] {logging_mixin.py:151} INFO - [2026-05-29T10:05:50.289+0200] {dagbag.py:539} INFO - Filling up the DagBag from /home/frederic/airflow_venv/lib/python3.10/site-packages/airflow/example_dags/example_dynamic_task_mapping.py
[2026-05-29T10:05:50.297+0200] {processor.py:839} INFO - DAG(s) dict_keys(['example_dynamic_task_mapping']) retrieved from /home/frederic/airflow_venv/lib/python3.10/site-packages/airflow/example_dags/example_dynamic_task_mapping.py
[2026-05-29T10:05:50.312+0200] {logging_mixin.py:151} INFO - [2026-05-29T10:05:50.311+0200] {dag.py:2915} INFO - Sync 1 DAGs
[2026-05-29T10:05:50.333+0200] {logging_mixin.py:151} INFO - [2026-05-29T10:05:50.332+0200] {dag.py:3696} INFO - Setting next_dagrun for example_dynamic_task_mapping to 2022-03-04T00:00:00+00:00, run_after=2022-03-05T00:00:00+00:00
[2026-05-29T10:05:50.351+0200] {processor.py:179} INFO - Processing /home/frederic/airflow_venv/lib/python3.10/site-packages/airflow/example_dags/example_dynamic_task_mapping.py took 0.067 seconds
[2026-05-29T10:06:41.372+0200] {processor.py:157} INFO - Started process (PID=690351) to work on /home/frederic/airflow_venv/lib/python3.10/site-packages/airflow/example_dags/example_dynamic_task_mapping.py
[2026-05-29T10:06:41.374+0200] {processor.py:829} INFO - Processing file /home/frederic/airflow_venv/lib/python3.10/site-packages/airflow/example_dags/example_dynamic_task_mapping.py for tasks to queue
[2026-05-29T10:06:41.375+0200] {logging_mixin.py:151} INFO - [2026-05-29T10:06:41.375+0200] {dagbag.py:539} INFO - Filling up the DagBag from /home/frederic/airflow_venv/lib/python3.10/site-packages/airflow/example_dags/example_dynamic_task_mapping.py
[2026-05-29T10:06:41.383+0200] {processor.py:839} INFO - DAG(s) dict_keys(['example_dynamic_task_mapping']) retrieved from /home/frederic/airflow_venv/lib/python3.10/site-packages/airflow/example_dags/example_dynamic_task_mapping.py
[2026-05-29T10:06:41.398+0200] {logging_mixin.py:151} INFO - [2026-05-29T10:06:41.398+0200] {dag.py:2915} INFO - Sync 1 DAGs
[2026-05-29T10:06:41.420+0200] {logging_mixin.py:151} INFO - [2026-05-29T10:06:41.420+0200] {dag.py:3696} INFO - Setting next_dagrun for example_dynamic_task_mapping to 2022-03-04T00:00:00+00:00, run_after=2022-03-05T00:00:00+00:00
[2026-05-29T10:06:41.438+0200] {processor.py:179} INFO - Processing /home/frederic/airflow_venv/lib/python3.10/site-packages/airflow/example_dags/example_dynamic_task_mapping.py took 0.069 seconds
[2026-05-29T10:07:36.349+0200] {processor.py:157} INFO - Started process (PID=691109) to work on /home/frederic/airflow_venv/lib/python3.10/site-packages/airflow/example_dags/example_dynamic_task_mapping.py
[2026-05-29T10:07:36.350+0200] {processor.py:829} INFO - Processing file /home/frederic/airflow_venv/lib/python3.10/site-packages/airflow/example_dags/example_dynamic_task_mapping.py for tasks to queue
[2026-05-29T10:07:36.351+0200] {logging_mixin.py:151} INFO - [2026-05-29T10:07:36.351+0200] {dagbag.py:539} INFO - Filling up the DagBag from /home/frederic/airflow_venv/lib/python3.10/site-packages/airflow/example_dags/example_dynamic_task_mapping.py
[2026-05-29T10:07:36.357+0200] {processor.py:839} INFO - DAG(s) dict_keys(['example_dynamic_task_mapping']) retrieved from /home/frederic/airflow_venv/lib/python3.10/site-packages/airflow/example_dags/example_dynamic_task_mapping.py
[2026-05-29T10:07:36.370+0200] {logging_mixin.py:151} INFO - [2026-05-29T10:07:36.369+0200] {dag.py:2915} INFO - Sync 1 DAGs
[2026-05-29T10:07:36.388+0200] {logging_mixin.py:151} INFO - [2026-05-29T10:07:36.387+0200] {dag.py:3696} INFO - Setting next_dagrun for example_dynamic_task_mapping to 2022-03-04T00:00:00+00:00, run_after=2022-03-05T00:00:00+00:00
[2026-05-29T10:07:36.405+0200] {processor.py:179} INFO - Processing /home/frederic/airflow_venv/lib/python3.10/site-packages/airflow/example_dags/example_dynamic_task_mapping.py took 0.058 seconds
[2026-05-29T10:08:24.516+0200] {processor.py:157} INFO - Started process (PID=691735) to work on /home/frederic/airflow_venv/lib/python3.10/site-packages/airflow/example_dags/example_dynamic_task_mapping.py
[2026-05-29T10:08:24.517+0200] {processor.py:829} INFO - Processing file /home/frederic/airflow_venv/lib/python3.10/site-packages/airflow/example_dags/example_dynamic_task_mapping.py for tasks to queue
[2026-05-29T10:08:24.518+0200] {logging_mixin.py:151} INFO - [2026-05-29T10:08:24.518+0200] {dagbag.py:539} INFO - Filling up the DagBag from /home/frederic/airflow_venv/lib/python3.10/site-packages/airflow/example_dags/example_dynamic_task_mapping.py
[2026-05-29T10:08:24.525+0200] {processor.py:839} INFO - DAG(s) dict_keys(['example_dynamic_task_mapping']) retrieved from /home/frederic/airflow_venv/lib/python3.10/site-packages/airflow/example_dags/example_dynamic_task_mapping.py
[2026-05-29T10:08:24.538+0200] {logging_mixin.py:151} INFO - [2026-05-29T10:08:24.537+0200] {dag.py:2915} INFO - Sync 1 DAGs
[2026-05-29T10:08:24.555+0200] {logging_mixin.py:151} INFO - [2026-05-29T10:08:24.554+0200] {dag.py:3696} INFO - Setting next_dagrun for example_dynamic_task_mapping to 2022-03-04T00:00:00+00:00, run_after=2022-03-05T00:00:00+00:00
[2026-05-29T10:08:24.574+0200] {processor.py:179} INFO - Processing /home/frederic/airflow_venv/lib/python3.10/site-packages/airflow/example_dags/example_dynamic_task_mapping.py took 0.060 seconds
[2026-05-29T10:09:11.005+0200] {processor.py:157} INFO - Started process (PID=692300) to work on /home/frederic/airflow_venv/lib/python3.10/site-packages/airflow/example_dags/example_dynamic_task_mapping.py
[2026-05-29T10:09:11.008+0200] {processor.py:829} INFO - Processing file /home/frederic/airflow_venv/lib/python3.10/site-packages/airflow/example_dags/example_dynamic_task_mapping.py for tasks to queue
[2026-05-29T10:09:11.008+0200] {logging_mixin.py:151} INFO - [2026-05-29T10:09:11.008+0200] {dagbag.py:539} INFO - Filling up the DagBag from /home/frederic/airflow_venv/lib/python3.10/site-packages/airflow/example_dags/example_dynamic_task_mapping.py
[2026-05-29T10:09:11.016+0200] {processor.py:839} INFO - DAG(s) dict_keys(['example_dynamic_task_mapping']) retrieved from /home/frederic/airflow_venv/lib/python3.10/site-packages/airflow/example_dags/example_dynamic_task_mapping.py
[2026-05-29T10:09:11.030+0200] {logging_mixin.py:151} INFO - [2026-05-29T10:09:11.029+0200] {dag.py:2915} INFO - Sync 1 DAGs
[2026-05-29T10:09:11.046+0200] {logging_mixin.py:151} INFO - [2026-05-29T10:09:11.046+0200] {dag.py:3696} INFO - Setting next_dagrun for example_dynamic_task_mapping to 2022-03-04T00:00:00+00:00, run_after=2022-03-05T00:00:00+00:00
[2026-05-29T10:09:11.062+0200] {processor.py:179} INFO - Processing /home/frederic/airflow_venv/lib/python3.10/site-packages/airflow/example_dags/example_dynamic_task_mapping.py took 0.060 seconds
[2026-05-29T10:10:01.317+0200] {processor.py:157} INFO - Started process (PID=692828) to work on /home/frederic/airflow_venv/lib/python3.10/site-packages/airflow/example_dags/example_dynamic_task_mapping.py
[2026-05-29T10:10:01.318+0200] {processor.py:829} INFO - Processing file /home/frederic/airflow_venv/lib/python3.10/site-packages/airflow/example_dags/example_dynamic_task_mapping.py for tasks to queue
[2026-05-29T10:10:01.319+0200] {logging_mixin.py:151} INFO - [2026-05-29T10:10:01.318+0200] {dagbag.py:539} INFO - Filling up the DagBag from /home/frederic/airflow_venv/lib/python3.10/site-packages/airflow/example_dags/example_dynamic_task_mapping.py
[2026-05-29T10:10:01.324+0200] {processor.py:839} INFO - DAG(s) dict_keys(['example_dynamic_task_mapping']) retrieved from /home/frederic/airflow_venv/lib/python3.10/site-packages/airflow/example_dags/example_dynamic_task_mapping.py
[2026-05-29T10:10:01.339+0200] {logging_mixin.py:151} INFO - [2026-05-29T10:10:01.338+0200] {dag.py:2915} INFO - Sync 1 DAGs
[2026-05-29T10:10:01.358+0200] {logging_mixin.py:151} INFO - [2026-05-29T10:10:01.358+0200] {dag.py:3696} INFO - Setting next_dagrun for example_dynamic_task_mapping to 2022-03-04T00:00:00+00:00, run_after=2022-03-05T00:00:00+00:00
[2026-05-29T10:10:01.375+0200] {processor.py:179} INFO - Processing /home/frederic/airflow_venv/lib/python3.10/site-packages/airflow/example_dags/example_dynamic_task_mapping.py took 0.061 seconds
[2026-05-29T10:10:47.293+0200] {processor.py:157} INFO - Started process (PID=693616) to work on /home/frederic/airflow_venv/lib/python3.10/site-packages/airflow/example_dags/example_dynamic_task_mapping.py
[2026-05-29T10:10:47.297+0200] {processor.py:829} INFO - Processing file /home/frederic/airflow_venv/lib/python3.10/site-packages/airflow/example_dags/example_dynamic_task_mapping.py for tasks to queue
[2026-05-29T10:10:47.298+0200] {logging_mixin.py:151} INFO - [2026-05-29T10:10:47.298+0200] {dagbag.py:539} INFO - Filling up the DagBag from /home/frederic/airflow_venv/lib/python3.10/site-packages/airflow/example_dags/example_dynamic_task_mapping.py
[2026-05-29T10:10:47.306+0200] {processor.py:839} INFO - DAG(s) dict_keys(['example_dynamic_task_mapping']) retrieved from /home/frederic/airflow_venv/lib/python3.10/site-packages/airflow/example_dags/example_dynamic_task_mapping.py
[2026-05-29T10:10:47.322+0200] {logging_mixin.py:151} INFO - [2026-05-29T10:10:47.322+0200] {dag.py:2915} INFO - Sync 1 DAGs
[2026-05-29T10:10:47.344+0200] {logging_mixin.py:151} INFO - [2026-05-29T10:10:47.343+0200] {dag.py:3696} INFO - Setting next_dagrun for example_dynamic_task_mapping to 2022-03-04T00:00:00+00:00, run_after=2022-03-05T00:00:00+00:00
[2026-05-29T10:10:47.365+0200] {processor.py:179} INFO - Processing /home/frederic/airflow_venv/lib/python3.10/site-packages/airflow/example_dags/example_dynamic_task_mapping.py took 0.075 seconds
[2026-05-29T10:11:36.241+0200] {processor.py:157} INFO - Started process (PID=694702) to work on /home/frederic/airflow_venv/lib/python3.10/site-packages/airflow/example_dags/example_dynamic_task_mapping.py
[2026-05-29T10:11:36.242+0200] {processor.py:829} INFO - Processing file /home/frederic/airflow_venv/lib/python3.10/site-packages/airflow/example_dags/example_dynamic_task_mapping.py for tasks to queue
[2026-05-29T10:11:36.242+0200] {logging_mixin.py:151} INFO - [2026-05-29T10:11:36.242+0200] {dagbag.py:539} INFO - Filling up the DagBag from /home/frederic/airflow_venv/lib/python3.10/site-packages/airflow/example_dags/example_dynamic_task_mapping.py
[2026-05-29T10:11:36.248+0200] {processor.py:839} INFO - DAG(s) dict_keys(['example_dynamic_task_mapping']) retrieved from /home/frederic/airflow_venv/lib/python3.10/site-packages/airflow/example_dags/example_dynamic_task_mapping.py
[2026-05-29T10:11:36.258+0200] {logging_mixin.py:151} INFO - [2026-05-29T10:11:36.258+0200] {dag.py:2915} INFO - Sync 1 DAGs
[2026-05-29T10:11:36.273+0200] {logging_mixin.py:151} INFO - [2026-05-29T10:11:36.273+0200] {dag.py:3696} INFO - Setting next_dagrun for example_dynamic_task_mapping to 2022-03-04T00:00:00+00:00, run_after=2022-03-05T00:00:00+00:00
[2026-05-29T10:11:36.287+0200] {processor.py:179} INFO - Processing /home/frederic/airflow_venv/lib/python3.10/site-packages/airflow/example_dags/example_dynamic_task_mapping.py took 0.048 seconds
[2026-05-29T10:12:22.785+0200] {processor.py:157} INFO - Started process (PID=695473) to work on /home/frederic/airflow_venv/lib/python3.10/site-packages/airflow/example_dags/example_dynamic_task_mapping.py
[2026-05-29T10:12:22.786+0200] {processor.py:829} INFO - Processing file /home/frederic/airflow_venv/lib/python3.10/site-packages/airflow/example_dags/example_dynamic_task_mapping.py for tasks to queue
[2026-05-29T10:12:22.787+0200] {logging_mixin.py:151} INFO - [2026-05-29T10:12:22.787+0200] {dagbag.py:539} INFO - Filling up the DagBag from /home/frederic/airflow_venv/lib/python3.10/site-packages/airflow/example_dags/example_dynamic_task_mapping.py
[2026-05-29T10:12:22.793+0200] {processor.py:839} INFO - DAG(s) dict_keys(['example_dynamic_task_mapping']) retrieved from /home/frederic/airflow_venv/lib/python3.10/site-packages/airflow/example_dags/example_dynamic_task_mapping.py
[2026-05-29T10:12:22.805+0200] {logging_mixin.py:151} INFO - [2026-05-29T10:12:22.805+0200] {dag.py:2915} INFO - Sync 1 DAGs
[2026-05-29T10:12:22.821+0200] {logging_mixin.py:151} INFO - [2026-05-29T10:12:22.821+0200] {dag.py:3696} INFO - Setting next_dagrun for example_dynamic_task_mapping to 2022-03-04T00:00:00+00:00, run_after=2022-03-05T00:00:00+00:00
[2026-05-29T10:12:22.836+0200] {processor.py:179} INFO - Processing /home/frederic/airflow_venv/lib/python3.10/site-packages/airflow/example_dags/example_dynamic_task_mapping.py took 0.054 seconds
[2026-05-29T10:13:04.758+0200] {processor.py:157} INFO - Started process (PID=695904) to work on /home/frederic/airflow_venv/lib/python3.10/site-packages/airflow/example_dags/example_dynamic_task_mapping.py
[2026-05-29T10:13:04.759+0200] {processor.py:829} INFO - Processing file /home/frederic/airflow_venv/lib/python3.10/site-packages/airflow/example_dags/example_dynamic_task_mapping.py for tasks to queue
[2026-05-29T10:13:04.760+0200] {logging_mixin.py:151} INFO - [2026-05-29T10:13:04.760+0200] {dagbag.py:539} INFO - Filling up the DagBag from /home/frederic/airflow_venv/lib/python3.10/site-packages/airflow/example_dags/example_dynamic_task_mapping.py
[2026-05-29T10:13:04.766+0200] {processor.py:839} INFO - DAG(s) dict_keys(['example_dynamic_task_mapping']) retrieved from /home/frederic/airflow_venv/lib/python3.10/site-packages/airflow/example_dags/example_dynamic_task_mapping.py
[2026-05-29T10:13:04.779+0200] {logging_mixin.py:151} INFO - [2026-05-29T10:13:04.778+0200] {dag.py:2915} INFO - Sync 1 DAGs
[2026-05-29T10:13:04.796+0200] {logging_mixin.py:151} INFO - [2026-05-29T10:13:04.795+0200] {dag.py:3696} INFO - Setting next_dagrun for example_dynamic_task_mapping to 2022-03-04T00:00:00+00:00, run_after=2022-03-05T00:00:00+00:00
[2026-05-29T10:13:04.810+0200] {processor.py:179} INFO - Processing /home/frederic/airflow_venv/lib/python3.10/site-packages/airflow/example_dags/example_dynamic_task_mapping.py took 0.054 seconds
[2026-05-29T10:14:02.709+0200] {processor.py:157} INFO - Started process (PID=696599) to work on /home/frederic/airflow_venv/lib/python3.10/site-packages/airflow/example_dags/example_dynamic_task_mapping.py
[2026-05-29T10:14:02.710+0200] {processor.py:829} INFO - Processing file /home/frederic/airflow_venv/lib/python3.10/site-packages/airflow/example_dags/example_dynamic_task_mapping.py for tasks to queue
[2026-05-29T10:14:02.710+0200] {logging_mixin.py:151} INFO - [2026-05-29T10:14:02.710+0200] {dagbag.py:539} INFO - Filling up the DagBag from /home/frederic/airflow_venv/lib/python3.10/site-packages/airflow/example_dags/example_dynamic_task_mapping.py
[2026-05-29T10:14:02.716+0200] {processor.py:839} INFO - DAG(s) dict_keys(['example_dynamic_task_mapping']) retrieved from /home/frederic/airflow_venv/lib/python3.10/site-packages/airflow/example_dags/example_dynamic_task_mapping.py
[2026-05-29T10:14:02.727+0200] {logging_mixin.py:151} INFO - [2026-05-29T10:14:02.727+0200] {dag.py:2915} INFO - Sync 1 DAGs
[2026-05-29T10:14:02.742+0200] {logging_mixin.py:151} INFO - [2026-05-29T10:14:02.742+0200] {dag.py:3696} INFO - Setting next_dagrun for example_dynamic_task_mapping to 2022-03-04T00:00:00+00:00, run_after=2022-03-05T00:00:00+00:00
[2026-05-29T10:14:02.758+0200] {processor.py:179} INFO - Processing /home/frederic/airflow_venv/lib/python3.10/site-packages/airflow/example_dags/example_dynamic_task_mapping.py took 0.051 seconds
[2026-05-29T10:14:52.999+0200] {processor.py:157} INFO - Started process (PID=697220) to work on /home/frederic/airflow_venv/lib/python3.10/site-packages/airflow/example_dags/example_dynamic_task_mapping.py
[2026-05-29T10:14:53.000+0200] {processor.py:829} INFO - Processing file /home/frederic/airflow_venv/lib/python3.10/site-packages/airflow/example_dags/example_dynamic_task_mapping.py for tasks to queue
[2026-05-29T10:14:53.001+0200] {logging_mixin.py:151} INFO - [2026-05-29T10:14:53.000+0200] {dagbag.py:539} INFO - Filling up the DagBag from /home/frederic/airflow_venv/lib/python3.10/site-packages/airflow/example_dags/example_dynamic_task_mapping.py
[2026-05-29T10:14:53.007+0200] {processor.py:839} INFO - DAG(s) dict_keys(['example_dynamic_task_mapping']) retrieved from /home/frederic/airflow_venv/lib/python3.10/site-packages/airflow/example_dags/example_dynamic_task_mapping.py
[2026-05-29T10:14:53.018+0200] {logging_mixin.py:151} INFO - [2026-05-29T10:14:53.018+0200] {dag.py:2915} INFO - Sync 1 DAGs
[2026-05-29T10:14:53.035+0200] {logging_mixin.py:151} INFO - [2026-05-29T10:14:53.034+0200] {dag.py:3696} INFO - Setting next_dagrun for example_dynamic_task_mapping to 2022-03-04T00:00:00+00:00, run_after=2022-03-05T00:00:00+00:00
[2026-05-29T10:14:53.048+0200] {processor.py:179} INFO - Processing /home/frederic/airflow_venv/lib/python3.10/site-packages/airflow/example_dags/example_dynamic_task_mapping.py took 0.052 seconds
[2026-05-29T10:15:39.541+0200] {processor.py:157} INFO - Started process (PID=697853) to work on /home/frederic/airflow_venv/lib/python3.10/site-packages/airflow/example_dags/example_dynamic_task_mapping.py
[2026-05-29T10:15:39.542+0200] {processor.py:829} INFO - Processing file /home/frederic/airflow_venv/lib/python3.10/site-packages/airflow/example_dags/example_dynamic_task_mapping.py for tasks to queue
[2026-05-29T10:15:39.543+0200] {logging_mixin.py:151} INFO - [2026-05-29T10:15:39.542+0200] {dagbag.py:539} INFO - Filling up the DagBag from /home/frederic/airflow_venv/lib/python3.10/site-packages/airflow/example_dags/example_dynamic_task_mapping.py
[2026-05-29T10:15:39.548+0200] {processor.py:839} INFO - DAG(s) dict_keys(['example_dynamic_task_mapping']) retrieved from /home/frederic/airflow_venv/lib/python3.10/site-packages/airflow/example_dags/example_dynamic_task_mapping.py
[2026-05-29T10:15:39.559+0200] {logging_mixin.py:151} INFO - [2026-05-29T10:15:39.559+0200] {dag.py:2915} INFO - Sync 1 DAGs
[2026-05-29T10:15:39.574+0200] {logging_mixin.py:151} INFO - [2026-05-29T10:15:39.574+0200] {dag.py:3696} INFO - Setting next_dagrun for example_dynamic_task_mapping to 2022-03-04T00:00:00+00:00, run_after=2022-03-05T00:00:00+00:00
[2026-05-29T10:15:39.589+0200] {processor.py:179} INFO - Processing /home/frederic/airflow_venv/lib/python3.10/site-packages/airflow/example_dags/example_dynamic_task_mapping.py took 0.050 seconds
[2026-05-29T10:16:28.163+0200] {processor.py:157} INFO - Started process (PID=698661) to work on /home/frederic/airflow_venv/lib/python3.10/site-packages/airflow/example_dags/example_dynamic_task_mapping.py
[2026-05-29T10:16:28.164+0200] {processor.py:829} INFO - Processing file /home/frederic/airflow_venv/lib/python3.10/site-packages/airflow/example_dags/example_dynamic_task_mapping.py for tasks to queue
[2026-05-29T10:16:28.165+0200] {logging_mixin.py:151} INFO - [2026-05-29T10:16:28.165+0200] {dagbag.py:539} INFO - Filling up the DagBag from /home/frederic/airflow_venv/lib/python3.10/site-packages/airflow/example_dags/example_dynamic_task_mapping.py
[2026-05-29T10:16:28.176+0200] {processor.py:839} INFO - DAG(s) dict_keys(['example_dynamic_task_mapping']) retrieved from /home/frederic/airflow_venv/lib/python3.10/site-packages/airflow/example_dags/example_dynamic_task_mapping.py
[2026-05-29T10:16:28.192+0200] {logging_mixin.py:151} INFO - [2026-05-29T10:16:28.191+0200] {dag.py:2915} INFO - Sync 1 DAGs
[2026-05-29T10:16:28.214+0200] {logging_mixin.py:151} INFO - [2026-05-29T10:16:28.214+0200] {dag.py:3696} INFO - Setting next_dagrun for example_dynamic_task_mapping to 2022-03-04T00:00:00+00:00, run_after=2022-03-05T00:00:00+00:00
[2026-05-29T10:16:28.231+0200] {processor.py:179} INFO - Processing /home/frederic/airflow_venv/lib/python3.10/site-packages/airflow/example_dags/example_dynamic_task_mapping.py took 0.071 seconds
[2026-05-29T10:17:13.791+0200] {processor.py:157} INFO - Started process (PID=699616) to work on /home/frederic/airflow_venv/lib/python3.10/site-packages/airflow/example_dags/example_dynamic_task_mapping.py
[2026-05-29T10:17:13.792+0200] {processor.py:829} INFO - Processing file /home/frederic/airflow_venv/lib/python3.10/site-packages/airflow/example_dags/example_dynamic_task_mapping.py for tasks to queue
[2026-05-29T10:17:13.793+0200] {logging_mixin.py:151} INFO - [2026-05-29T10:17:13.793+0200] {dagbag.py:539} INFO - Filling up the DagBag from /home/frederic/airflow_venv/lib/python3.10/site-packages/airflow/example_dags/example_dynamic_task_mapping.py
[2026-05-29T10:17:13.800+0200] {processor.py:839} INFO - DAG(s) dict_keys(['example_dynamic_task_mapping']) retrieved from /home/frederic/airflow_venv/lib/python3.10/site-packages/airflow/example_dags/example_dynamic_task_mapping.py
[2026-05-29T10:17:13.812+0200] {logging_mixin.py:151} INFO - [2026-05-29T10:17:13.812+0200] {dag.py:2915} INFO - Sync 1 DAGs
[2026-05-29T10:17:13.828+0200] {logging_mixin.py:151} INFO - [2026-05-29T10:17:13.827+0200] {dag.py:3696} INFO - Setting next_dagrun for example_dynamic_task_mapping to 2022-03-04T00:00:00+00:00, run_after=2022-03-05T00:00:00+00:00
[2026-05-29T10:17:13.843+0200] {processor.py:179} INFO - Processing /home/frederic/airflow_venv/lib/python3.10/site-packages/airflow/example_dags/example_dynamic_task_mapping.py took 0.055 seconds
[2026-05-29T10:18:00.719+0200] {processor.py:157} INFO - Started process (PID=700536) to work on /home/frederic/airflow_venv/lib/python3.10/site-packages/airflow/example_dags/example_dynamic_task_mapping.py
[2026-05-29T10:18:00.720+0200] {processor.py:829} INFO - Processing file /home/frederic/airflow_venv/lib/python3.10/site-packages/airflow/example_dags/example_dynamic_task_mapping.py for tasks to queue
[2026-05-29T10:18:00.721+0200] {logging_mixin.py:151} INFO - [2026-05-29T10:18:00.721+0200] {dagbag.py:539} INFO - Filling up the DagBag from /home/frederic/airflow_venv/lib/python3.10/site-packages/airflow/example_dags/example_dynamic_task_mapping.py
[2026-05-29T10:18:00.727+0200] {processor.py:839} INFO - DAG(s) dict_keys(['example_dynamic_task_mapping']) retrieved from /home/frederic/airflow_venv/lib/python3.10/site-packages/airflow/example_dags/example_dynamic_task_mapping.py
[2026-05-29T10:18:00.741+0200] {logging_mixin.py:151} INFO - [2026-05-29T10:18:00.741+0200] {dag.py:2915} INFO - Sync 1 DAGs
[2026-05-29T10:18:00.761+0200] {logging_mixin.py:151} INFO - [2026-05-29T10:18:00.761+0200] {dag.py:3696} INFO - Setting next_dagrun for example_dynamic_task_mapping to 2022-03-04T00:00:00+00:00, run_after=2022-03-05T00:00:00+00:00
[2026-05-29T10:18:00.778+0200] {processor.py:179} INFO - Processing /home/frederic/airflow_venv/lib/python3.10/site-packages/airflow/example_dags/example_dynamic_task_mapping.py took 0.063 seconds
[2026-05-29T10:18:45.171+0200] {processor.py:157} INFO - Started process (PID=701024) to work on /home/frederic/airflow_venv/lib/python3.10/site-packages/airflow/example_dags/example_dynamic_task_mapping.py
[2026-05-29T10:18:45.172+0200] {processor.py:829} INFO - Processing file /home/frederic/airflow_venv/lib/python3.10/site-packages/airflow/example_dags/example_dynamic_task_mapping.py for tasks to queue
[2026-05-29T10:18:45.172+0200] {logging_mixin.py:151} INFO - [2026-05-29T10:18:45.172+0200] {dagbag.py:539} INFO - Filling up the DagBag from /home/frederic/airflow_venv/lib/python3.10/site-packages/airflow/example_dags/example_dynamic_task_mapping.py
[2026-05-29T10:18:45.180+0200] {processor.py:839} INFO - DAG(s) dict_keys(['example_dynamic_task_mapping']) retrieved from /home/frederic/airflow_venv/lib/python3.10/site-packages/airflow/example_dags/example_dynamic_task_mapping.py
[2026-05-29T10:18:45.193+0200] {logging_mixin.py:151} INFO - [2026-05-29T10:18:45.193+0200] {dag.py:2915} INFO - Sync 1 DAGs
[2026-05-29T10:18:45.210+0200] {logging_mixin.py:151} INFO - [2026-05-29T10:18:45.210+0200] {dag.py:3696} INFO - Setting next_dagrun for example_dynamic_task_mapping to 2022-03-04T00:00:00+00:00, run_after=2022-03-05T00:00:00+00:00
[2026-05-29T10:18:45.224+0200] {processor.py:179} INFO - Processing /home/frederic/airflow_venv/lib/python3.10/site-packages/airflow/example_dags/example_dynamic_task_mapping.py took 0.056 seconds
[2026-05-29T10:19:33.257+0200] {processor.py:157} INFO - Started process (PID=701507) to work on /home/frederic/airflow_venv/lib/python3.10/site-packages/airflow/example_dags/example_dynamic_task_mapping.py
[2026-05-29T10:19:33.258+0200] {processor.py:829} INFO - Processing file /home/frederic/airflow_venv/lib/python3.10/site-packages/airflow/example_dags/example_dynamic_task_mapping.py for tasks to queue
[2026-05-29T10:19:33.259+0200] {logging_mixin.py:151} INFO - [2026-05-29T10:19:33.258+0200] {dagbag.py:539} INFO - Filling up the DagBag from /home/frederic/airflow_venv/lib/python3.10/site-packages/airflow/example_dags/example_dynamic_task_mapping.py
[2026-05-29T10:19:33.264+0200] {processor.py:839} INFO - DAG(s) dict_keys(['example_dynamic_task_mapping']) retrieved from /home/frederic/airflow_venv/lib/python3.10/site-packages/airflow/example_dags/example_dynamic_task_mapping.py
[2026-05-29T10:19:33.275+0200] {logging_mixin.py:151} INFO - [2026-05-29T10:19:33.275+0200] {dag.py:2915} INFO - Sync 1 DAGs
[2026-05-29T10:19:33.291+0200] {logging_mixin.py:151} INFO - [2026-05-29T10:19:33.290+0200] {dag.py:3696} INFO - Setting next_dagrun for example_dynamic_task_mapping to 2022-03-04T00:00:00+00:00, run_after=2022-03-05T00:00:00+00:00
[2026-05-29T10:19:33.305+0200] {processor.py:179} INFO - Processing /home/frederic/airflow_venv/lib/python3.10/site-packages/airflow/example_dags/example_dynamic_task_mapping.py took 0.050 seconds
[2026-05-29T10:20:22.974+0200] {processor.py:157} INFO - Started process (PID=702192) to work on /home/frederic/airflow_venv/lib/python3.10/site-packages/airflow/example_dags/example_dynamic_task_mapping.py
[2026-05-29T10:20:22.975+0200] {processor.py:829} INFO - Processing file /home/frederic/airflow_venv/lib/python3.10/site-packages/airflow/example_dags/example_dynamic_task_mapping.py for tasks to queue
[2026-05-29T10:20:22.976+0200] {logging_mixin.py:151} INFO - [2026-05-29T10:20:22.976+0200] {dagbag.py:539} INFO - Filling up the DagBag from /home/frederic/airflow_venv/lib/python3.10/site-packages/airflow/example_dags/example_dynamic_task_mapping.py
[2026-05-29T10:20:22.982+0200] {processor.py:839} INFO - DAG(s) dict_keys(['example_dynamic_task_mapping']) retrieved from /home/frederic/airflow_venv/lib/python3.10/site-packages/airflow/example_dags/example_dynamic_task_mapping.py
[2026-05-29T10:20:22.993+0200] {logging_mixin.py:151} INFO - [2026-05-29T10:20:22.993+0200] {dag.py:2915} INFO - Sync 1 DAGs
[2026-05-29T10:20:23.009+0200] {logging_mixin.py:151} INFO - [2026-05-29T10:20:23.008+0200] {dag.py:3696} INFO - Setting next_dagrun for example_dynamic_task_mapping to 2022-03-04T00:00:00+00:00, run_after=2022-03-05T00:00:00+00:00
[2026-05-29T10:20:23.024+0200] {processor.py:179} INFO - Processing /home/frederic/airflow_venv/lib/python3.10/site-packages/airflow/example_dags/example_dynamic_task_mapping.py took 0.052 seconds
[2026-05-29T10:21:13.491+0200] {processor.py:157} INFO - Started process (PID=702682) to work on /home/frederic/airflow_venv/lib/python3.10/site-packages/airflow/example_dags/example_dynamic_task_mapping.py
[2026-05-29T10:21:13.492+0200] {processor.py:829} INFO - Processing file /home/frederic/airflow_venv/lib/python3.10/site-packages/airflow/example_dags/example_dynamic_task_mapping.py for tasks to queue
[2026-05-29T10:21:13.493+0200] {logging_mixin.py:151} INFO - [2026-05-29T10:21:13.492+0200] {dagbag.py:539} INFO - Filling up the DagBag from /home/frederic/airflow_venv/lib/python3.10/site-packages/airflow/example_dags/example_dynamic_task_mapping.py
[2026-05-29T10:21:13.501+0200] {processor.py:839} INFO - DAG(s) dict_keys(['example_dynamic_task_mapping']) retrieved from /home/frederic/airflow_venv/lib/python3.10/site-packages/airflow/example_dags/example_dynamic_task_mapping.py
[2026-05-29T10:21:13.521+0200] {logging_mixin.py:151} INFO - [2026-05-29T10:21:13.521+0200] {dag.py:2915} INFO - Sync 1 DAGs
[2026-05-29T10:21:13.540+0200] {logging_mixin.py:151} INFO - [2026-05-29T10:21:13.539+0200] {dag.py:3696} INFO - Setting next_dagrun for example_dynamic_task_mapping to 2022-03-04T00:00:00+00:00, run_after=2022-03-05T00:00:00+00:00
[2026-05-29T10:21:13.556+0200] {processor.py:179} INFO - Processing /home/frederic/airflow_venv/lib/python3.10/site-packages/airflow/example_dags/example_dynamic_task_mapping.py took 0.067 seconds
[2026-05-29T10:22:00.067+0200] {processor.py:157} INFO - Started process (PID=703106) to work on /home/frederic/airflow_venv/lib/python3.10/site-packages/airflow/example_dags/example_dynamic_task_mapping.py
[2026-05-29T10:22:00.068+0200] {processor.py:829} INFO - Processing file /home/frederic/airflow_venv/lib/python3.10/site-packages/airflow/example_dags/example_dynamic_task_mapping.py for tasks to queue
[2026-05-29T10:22:00.069+0200] {logging_mixin.py:151} INFO - [2026-05-29T10:22:00.068+0200] {dagbag.py:539} INFO - Filling up the DagBag from /home/frederic/airflow_venv/lib/python3.10/site-packages/airflow/example_dags/example_dynamic_task_mapping.py
[2026-05-29T10:22:00.074+0200] {processor.py:839} INFO - DAG(s) dict_keys(['example_dynamic_task_mapping']) retrieved from /home/frederic/airflow_venv/lib/python3.10/site-packages/airflow/example_dags/example_dynamic_task_mapping.py
[2026-05-29T10:22:00.085+0200] {logging_mixin.py:151} INFO - [2026-05-29T10:22:00.085+0200] {dag.py:2915} INFO - Sync 1 DAGs
[2026-05-29T10:22:00.173+0200] {logging_mixin.py:151} INFO - [2026-05-29T10:22:00.172+0200] {dag.py:3696} INFO - Setting next_dagrun for example_dynamic_task_mapping to 2022-03-04T00:00:00+00:00, run_after=2022-03-05T00:00:00+00:00
[2026-05-29T10:22:00.186+0200] {processor.py:179} INFO - Processing /home/frederic/airflow_venv/lib/python3.10/site-packages/airflow/example_dags/example_dynamic_task_mapping.py took 0.121 seconds
[2026-05-29T10:22:48.528+0200] {processor.py:157} INFO - Started process (PID=703593) to work on /home/frederic/airflow_venv/lib/python3.10/site-packages/airflow/example_dags/example_dynamic_task_mapping.py
[2026-05-29T10:22:48.529+0200] {processor.py:829} INFO - Processing file /home/frederic/airflow_venv/lib/python3.10/site-packages/airflow/example_dags/example_dynamic_task_mapping.py for tasks to queue
[2026-05-29T10:22:48.530+0200] {logging_mixin.py:151} INFO - [2026-05-29T10:22:48.529+0200] {dagbag.py:539} INFO - Filling up the DagBag from /home/frederic/airflow_venv/lib/python3.10/site-packages/airflow/example_dags/example_dynamic_task_mapping.py
[2026-05-29T10:22:48.536+0200] {processor.py:839} INFO - DAG(s) dict_keys(['example_dynamic_task_mapping']) retrieved from /home/frederic/airflow_venv/lib/python3.10/site-packages/airflow/example_dags/example_dynamic_task_mapping.py
[2026-05-29T10:22:48.547+0200] {logging_mixin.py:151} INFO - [2026-05-29T10:22:48.547+0200] {dag.py:2915} INFO - Sync 1 DAGs
[2026-05-29T10:22:48.565+0200] {logging_mixin.py:151} INFO - [2026-05-29T10:22:48.564+0200] {dag.py:3696} INFO - Setting next_dagrun for example_dynamic_task_mapping to 2022-03-04T00:00:00+00:00, run_after=2022-03-05T00:00:00+00:00
[2026-05-29T10:22:48.588+0200] {processor.py:179} INFO - Processing /home/frederic/airflow_venv/lib/python3.10/site-packages/airflow/example_dags/example_dynamic_task_mapping.py took 0.063 seconds
[2026-05-29T10:23:37.361+0200] {processor.py:157} INFO - Started process (PID=704180) to work on /home/frederic/airflow_venv/lib/python3.10/site-packages/airflow/example_dags/example_dynamic_task_mapping.py
[2026-05-29T10:23:37.362+0200] {processor.py:829} INFO - Processing file /home/frederic/airflow_venv/lib/python3.10/site-packages/airflow/example_dags/example_dynamic_task_mapping.py for tasks to queue
[2026-05-29T10:23:37.363+0200] {logging_mixin.py:151} INFO - [2026-05-29T10:23:37.362+0200] {dagbag.py:539} INFO - Filling up the DagBag from /home/frederic/airflow_venv/lib/python3.10/site-packages/airflow/example_dags/example_dynamic_task_mapping.py
[2026-05-29T10:23:37.370+0200] {processor.py:839} INFO - DAG(s) dict_keys(['example_dynamic_task_mapping']) retrieved from /home/frederic/airflow_venv/lib/python3.10/site-packages/airflow/example_dags/example_dynamic_task_mapping.py
[2026-05-29T10:23:37.385+0200] {logging_mixin.py:151} INFO - [2026-05-29T10:23:37.385+0200] {dag.py:2915} INFO - Sync 1 DAGs
[2026-05-29T10:23:37.403+0200] {logging_mixin.py:151} INFO - [2026-05-29T10:23:37.403+0200] {dag.py:3696} INFO - Setting next_dagrun for example_dynamic_task_mapping to 2022-03-04T00:00:00+00:00, run_after=2022-03-05T00:00:00+00:00
[2026-05-29T10:23:37.418+0200] {processor.py:179} INFO - Processing /home/frederic/airflow_venv/lib/python3.10/site-packages/airflow/example_dags/example_dynamic_task_mapping.py took 0.059 seconds
[2026-05-29T10:24:28.018+0200] {processor.py:157} INFO - Started process (PID=704708) to work on /home/frederic/airflow_venv/lib/python3.10/site-packages/airflow/example_dags/example_dynamic_task_mapping.py
[2026-05-29T10:24:28.019+0200] {processor.py:829} INFO - Processing file /home/frederic/airflow_venv/lib/python3.10/site-packages/airflow/example_dags/example_dynamic_task_mapping.py for tasks to queue
[2026-05-29T10:24:28.019+0200] {logging_mixin.py:151} INFO - [2026-05-29T10:24:28.019+0200] {dagbag.py:539} INFO - Filling up the DagBag from /home/frederic/airflow_venv/lib/python3.10/site-packages/airflow/example_dags/example_dynamic_task_mapping.py
[2026-05-29T10:24:28.026+0200] {processor.py:839} INFO - DAG(s) dict_keys(['example_dynamic_task_mapping']) retrieved from /home/frederic/airflow_venv/lib/python3.10/site-packages/airflow/example_dags/example_dynamic_task_mapping.py
[2026-05-29T10:24:28.038+0200] {logging_mixin.py:151} INFO - [2026-05-29T10:24:28.038+0200] {dag.py:2915} INFO - Sync 1 DAGs
[2026-05-29T10:24:28.053+0200] {logging_mixin.py:151} INFO - [2026-05-29T10:24:28.053+0200] {dag.py:3696} INFO - Setting next_dagrun for example_dynamic_task_mapping to 2022-03-04T00:00:00+00:00, run_after=2022-03-05T00:00:00+00:00
[2026-05-29T10:24:28.067+0200] {processor.py:179} INFO - Processing /home/frederic/airflow_venv/lib/python3.10/site-packages/airflow/example_dags/example_dynamic_task_mapping.py took 0.052 seconds
[2026-05-29T10:25:22.238+0200] {processor.py:157} INFO - Started process (PID=705247) to work on /home/frederic/airflow_venv/lib/python3.10/site-packages/airflow/example_dags/example_dynamic_task_mapping.py
[2026-05-29T10:25:22.239+0200] {processor.py:829} INFO - Processing file /home/frederic/airflow_venv/lib/python3.10/site-packages/airflow/example_dags/example_dynamic_task_mapping.py for tasks to queue
[2026-05-29T10:25:22.240+0200] {logging_mixin.py:151} INFO - [2026-05-29T10:25:22.239+0200] {dagbag.py:539} INFO - Filling up the DagBag from /home/frederic/airflow_venv/lib/python3.10/site-packages/airflow/example_dags/example_dynamic_task_mapping.py
[2026-05-29T10:25:22.245+0200] {processor.py:839} INFO - DAG(s) dict_keys(['example_dynamic_task_mapping']) retrieved from /home/frederic/airflow_venv/lib/python3.10/site-packages/airflow/example_dags/example_dynamic_task_mapping.py
[2026-05-29T10:25:22.257+0200] {logging_mixin.py:151} INFO - [2026-05-29T10:25:22.256+0200] {dag.py:2915} INFO - Sync 1 DAGs
[2026-05-29T10:25:22.349+0200] {logging_mixin.py:151} INFO - [2026-05-29T10:25:22.349+0200] {dag.py:3696} INFO - Setting next_dagrun for example_dynamic_task_mapping to 2022-03-04T00:00:00+00:00, run_after=2022-03-05T00:00:00+00:00
[2026-05-29T10:25:22.362+0200] {processor.py:179} INFO - Processing /home/frederic/airflow_venv/lib/python3.10/site-packages/airflow/example_dags/example_dynamic_task_mapping.py took 0.126 seconds
[2026-05-29T10:26:18.594+0200] {processor.py:157} INFO - Started process (PID=705802) to work on /home/frederic/airflow_venv/lib/python3.10/site-packages/airflow/example_dags/example_dynamic_task_mapping.py
[2026-05-29T10:26:18.595+0200] {processor.py:829} INFO - Processing file /home/frederic/airflow_venv/lib/python3.10/site-packages/airflow/example_dags/example_dynamic_task_mapping.py for tasks to queue
[2026-05-29T10:26:18.596+0200] {logging_mixin.py:151} INFO - [2026-05-29T10:26:18.596+0200] {dagbag.py:539} INFO - Filling up the DagBag from /home/frederic/airflow_venv/lib/python3.10/site-packages/airflow/example_dags/example_dynamic_task_mapping.py
[2026-05-29T10:26:18.602+0200] {processor.py:839} INFO - DAG(s) dict_keys(['example_dynamic_task_mapping']) retrieved from /home/frederic/airflow_venv/lib/python3.10/site-packages/airflow/example_dags/example_dynamic_task_mapping.py
[2026-05-29T10:26:18.615+0200] {logging_mixin.py:151} INFO - [2026-05-29T10:26:18.615+0200] {dag.py:2915} INFO - Sync 1 DAGs
[2026-05-29T10:26:18.632+0200] {logging_mixin.py:151} INFO - [2026-05-29T10:26:18.632+0200] {dag.py:3696} INFO - Setting next_dagrun for example_dynamic_task_mapping to 2022-03-04T00:00:00+00:00, run_after=2022-03-05T00:00:00+00:00
[2026-05-29T10:26:18.648+0200] {processor.py:179} INFO - Processing /home/frederic/airflow_venv/lib/python3.10/site-packages/airflow/example_dags/example_dynamic_task_mapping.py took 0.056 seconds
[2026-05-29T10:27:09.932+0200] {processor.py:157} INFO - Started process (PID=706325) to work on /home/frederic/airflow_venv/lib/python3.10/site-packages/airflow/example_dags/example_dynamic_task_mapping.py
[2026-05-29T10:27:09.934+0200] {processor.py:829} INFO - Processing file /home/frederic/airflow_venv/lib/python3.10/site-packages/airflow/example_dags/example_dynamic_task_mapping.py for tasks to queue
[2026-05-29T10:27:09.934+0200] {logging_mixin.py:151} INFO - [2026-05-29T10:27:09.934+0200] {dagbag.py:539} INFO - Filling up the DagBag from /home/frederic/airflow_venv/lib/python3.10/site-packages/airflow/example_dags/example_dynamic_task_mapping.py
[2026-05-29T10:27:10.021+0200] {processor.py:839} INFO - DAG(s) dict_keys(['example_dynamic_task_mapping']) retrieved from /home/frederic/airflow_venv/lib/python3.10/site-packages/airflow/example_dags/example_dynamic_task_mapping.py
[2026-05-29T10:27:10.031+0200] {logging_mixin.py:151} INFO - [2026-05-29T10:27:10.031+0200] {dag.py:2915} INFO - Sync 1 DAGs
[2026-05-29T10:27:10.050+0200] {logging_mixin.py:151} INFO - [2026-05-29T10:27:10.049+0200] {dag.py:3696} INFO - Setting next_dagrun for example_dynamic_task_mapping to 2022-03-04T00:00:00+00:00, run_after=2022-03-05T00:00:00+00:00
[2026-05-29T10:27:10.064+0200] {processor.py:179} INFO - Processing /home/frederic/airflow_venv/lib/python3.10/site-packages/airflow/example_dags/example_dynamic_task_mapping.py took 0.134 seconds
[2026-05-29T10:27:56.090+0200] {processor.py:157} INFO - Started process (PID=706750) to work on /home/frederic/airflow_venv/lib/python3.10/site-packages/airflow/example_dags/example_dynamic_task_mapping.py
[2026-05-29T10:27:56.091+0200] {processor.py:829} INFO - Processing file /home/frederic/airflow_venv/lib/python3.10/site-packages/airflow/example_dags/example_dynamic_task_mapping.py for tasks to queue
[2026-05-29T10:27:56.092+0200] {logging_mixin.py:151} INFO - [2026-05-29T10:27:56.092+0200] {dagbag.py:539} INFO - Filling up the DagBag from /home/frederic/airflow_venv/lib/python3.10/site-packages/airflow/example_dags/example_dynamic_task_mapping.py
[2026-05-29T10:27:56.098+0200] {processor.py:839} INFO - DAG(s) dict_keys(['example_dynamic_task_mapping']) retrieved from /home/frederic/airflow_venv/lib/python3.10/site-packages/airflow/example_dags/example_dynamic_task_mapping.py
[2026-05-29T10:27:56.110+0200] {logging_mixin.py:151} INFO - [2026-05-29T10:27:56.110+0200] {dag.py:2915} INFO - Sync 1 DAGs
[2026-05-29T10:27:56.129+0200] {logging_mixin.py:151} INFO - [2026-05-29T10:27:56.129+0200] {dag.py:3696} INFO - Setting next_dagrun for example_dynamic_task_mapping to 2022-03-04T00:00:00+00:00, run_after=2022-03-05T00:00:00+00:00
[2026-05-29T10:27:56.146+0200] {processor.py:179} INFO - Processing /home/frederic/airflow_venv/lib/python3.10/site-packages/airflow/example_dags/example_dynamic_task_mapping.py took 0.058 seconds
[2026-05-29T10:28:40.067+0200] {processor.py:157} INFO - Started process (PID=707404) to work on /home/frederic/airflow_venv/lib/python3.10/site-packages/airflow/example_dags/example_dynamic_task_mapping.py
[2026-05-29T10:28:40.068+0200] {processor.py:829} INFO - Processing file /home/frederic/airflow_venv/lib/python3.10/site-packages/airflow/example_dags/example_dynamic_task_mapping.py for tasks to queue
[2026-05-29T10:28:40.069+0200] {logging_mixin.py:151} INFO - [2026-05-29T10:28:40.068+0200] {dagbag.py:539} INFO - Filling up the DagBag from /home/frederic/airflow_venv/lib/python3.10/site-packages/airflow/example_dags/example_dynamic_task_mapping.py
[2026-05-29T10:28:40.075+0200] {processor.py:839} INFO - DAG(s) dict_keys(['example_dynamic_task_mapping']) retrieved from /home/frederic/airflow_venv/lib/python3.10/site-packages/airflow/example_dags/example_dynamic_task_mapping.py
[2026-05-29T10:28:40.088+0200] {logging_mixin.py:151} INFO - [2026-05-29T10:28:40.087+0200] {dag.py:2915} INFO - Sync 1 DAGs
[2026-05-29T10:28:40.106+0200] {logging_mixin.py:151} INFO - [2026-05-29T10:28:40.106+0200] {dag.py:3696} INFO - Setting next_dagrun for example_dynamic_task_mapping to 2022-03-04T00:00:00+00:00, run_after=2022-03-05T00:00:00+00:00
[2026-05-29T10:28:40.120+0200] {processor.py:179} INFO - Processing /home/frederic/airflow_venv/lib/python3.10/site-packages/airflow/example_dags/example_dynamic_task_mapping.py took 0.056 seconds
[2026-05-29T10:29:30.886+0200] {processor.py:157} INFO - Started process (PID=707970) to work on /home/frederic/airflow_venv/lib/python3.10/site-packages/airflow/example_dags/example_dynamic_task_mapping.py
[2026-05-29T10:29:30.887+0200] {processor.py:829} INFO - Processing file /home/frederic/airflow_venv/lib/python3.10/site-packages/airflow/example_dags/example_dynamic_task_mapping.py for tasks to queue
[2026-05-29T10:29:30.888+0200] {logging_mixin.py:151} INFO - [2026-05-29T10:29:30.888+0200] {dagbag.py:539} INFO - Filling up the DagBag from /home/frederic/airflow_venv/lib/python3.10/site-packages/airflow/example_dags/example_dynamic_task_mapping.py
[2026-05-29T10:29:30.893+0200] {processor.py:839} INFO - DAG(s) dict_keys(['example_dynamic_task_mapping']) retrieved from /home/frederic/airflow_venv/lib/python3.10/site-packages/airflow/example_dags/example_dynamic_task_mapping.py
[2026-05-29T10:29:30.904+0200] {logging_mixin.py:151} INFO - [2026-05-29T10:29:30.904+0200] {dag.py:2915} INFO - Sync 1 DAGs
[2026-05-29T10:29:30.919+0200] {logging_mixin.py:151} INFO - [2026-05-29T10:29:30.919+0200] {dag.py:3696} INFO - Setting next_dagrun for example_dynamic_task_mapping to 2022-03-04T00:00:00+00:00, run_after=2022-03-05T00:00:00+00:00
[2026-05-29T10:29:30.933+0200] {processor.py:179} INFO - Processing /home/frederic/airflow_venv/lib/python3.10/site-packages/airflow/example_dags/example_dynamic_task_mapping.py took 0.049 seconds
[2026-05-29T10:30:17.676+0200] {processor.py:157} INFO - Started process (PID=708525) to work on /home/frederic/airflow_venv/lib/python3.10/site-packages/airflow/example_dags/example_dynamic_task_mapping.py
[2026-05-29T10:30:17.677+0200] {processor.py:829} INFO - Processing file /home/frederic/airflow_venv/lib/python3.10/site-packages/airflow/example_dags/example_dynamic_task_mapping.py for tasks to queue
[2026-05-29T10:30:17.678+0200] {logging_mixin.py:151} INFO - [2026-05-29T10:30:17.677+0200] {dagbag.py:539} INFO - Filling up the DagBag from /home/frederic/airflow_venv/lib/python3.10/site-packages/airflow/example_dags/example_dynamic_task_mapping.py
[2026-05-29T10:30:17.684+0200] {processor.py:839} INFO - DAG(s) dict_keys(['example_dynamic_task_mapping']) retrieved from /home/frederic/airflow_venv/lib/python3.10/site-packages/airflow/example_dags/example_dynamic_task_mapping.py
[2026-05-29T10:30:17.695+0200] {logging_mixin.py:151} INFO - [2026-05-29T10:30:17.695+0200] {dag.py:2915} INFO - Sync 1 DAGs
[2026-05-29T10:30:17.710+0200] {logging_mixin.py:151} INFO - [2026-05-29T10:30:17.710+0200] {dag.py:3696} INFO - Setting next_dagrun for example_dynamic_task_mapping to 2022-03-04T00:00:00+00:00, run_after=2022-03-05T00:00:00+00:00
[2026-05-29T10:30:17.723+0200] {processor.py:179} INFO - Processing /home/frederic/airflow_venv/lib/python3.10/site-packages/airflow/example_dags/example_dynamic_task_mapping.py took 0.049 seconds
[2026-05-29T10:31:03.079+0200] {processor.py:157} INFO - Started process (PID=709194) to work on /home/frederic/airflow_venv/lib/python3.10/site-packages/airflow/example_dags/example_dynamic_task_mapping.py
[2026-05-29T10:31:03.080+0200] {processor.py:829} INFO - Processing file /home/frederic/airflow_venv/lib/python3.10/site-packages/airflow/example_dags/example_dynamic_task_mapping.py for tasks to queue
[2026-05-29T10:31:03.081+0200] {logging_mixin.py:151} INFO - [2026-05-29T10:31:03.081+0200] {dagbag.py:539} INFO - Filling up the DagBag from /home/frederic/airflow_venv/lib/python3.10/site-packages/airflow/example_dags/example_dynamic_task_mapping.py
[2026-05-29T10:31:03.087+0200] {processor.py:839} INFO - DAG(s) dict_keys(['example_dynamic_task_mapping']) retrieved from /home/frederic/airflow_venv/lib/python3.10/site-packages/airflow/example_dags/example_dynamic_task_mapping.py
[2026-05-29T10:31:03.097+0200] {logging_mixin.py:151} INFO - [2026-05-29T10:31:03.097+0200] {dag.py:2915} INFO - Sync 1 DAGs
[2026-05-29T10:31:03.112+0200] {logging_mixin.py:151} INFO - [2026-05-29T10:31:03.112+0200] {dag.py:3696} INFO - Setting next_dagrun for example_dynamic_task_mapping to 2022-03-04T00:00:00+00:00, run_after=2022-03-05T00:00:00+00:00
[2026-05-29T10:31:03.127+0200] {processor.py:179} INFO - Processing /home/frederic/airflow_venv/lib/python3.10/site-packages/airflow/example_dags/example_dynamic_task_mapping.py took 0.049 seconds
[2026-05-29T10:31:49.622+0200] {processor.py:157} INFO - Started process (PID=709639) to work on /home/frederic/airflow_venv/lib/python3.10/site-packages/airflow/example_dags/example_dynamic_task_mapping.py
[2026-05-29T10:31:49.623+0200] {processor.py:829} INFO - Processing file /home/frederic/airflow_venv/lib/python3.10/site-packages/airflow/example_dags/example_dynamic_task_mapping.py for tasks to queue
[2026-05-29T10:31:49.624+0200] {logging_mixin.py:151} INFO - [2026-05-29T10:31:49.624+0200] {dagbag.py:539} INFO - Filling up the DagBag from /home/frederic/airflow_venv/lib/python3.10/site-packages/airflow/example_dags/example_dynamic_task_mapping.py
[2026-05-29T10:31:49.630+0200] {processor.py:839} INFO - DAG(s) dict_keys(['example_dynamic_task_mapping']) retrieved from /home/frederic/airflow_venv/lib/python3.10/site-packages/airflow/example_dags/example_dynamic_task_mapping.py
[2026-05-29T10:31:49.643+0200] {logging_mixin.py:151} INFO - [2026-05-29T10:31:49.643+0200] {dag.py:2915} INFO - Sync 1 DAGs
[2026-05-29T10:31:49.659+0200] {logging_mixin.py:151} INFO - [2026-05-29T10:31:49.659+0200] {dag.py:3696} INFO - Setting next_dagrun for example_dynamic_task_mapping to 2022-03-04T00:00:00+00:00, run_after=2022-03-05T00:00:00+00:00
[2026-05-29T10:31:49.674+0200] {processor.py:179} INFO - Processing /home/frederic/airflow_venv/lib/python3.10/site-packages/airflow/example_dags/example_dynamic_task_mapping.py took 0.053 seconds
[2026-05-29T10:32:33.999+0200] {processor.py:157} INFO - Started process (PID=710220) to work on /home/frederic/airflow_venv/lib/python3.10/site-packages/airflow/example_dags/example_dynamic_task_mapping.py
[2026-05-29T10:32:34.000+0200] {processor.py:829} INFO - Processing file /home/frederic/airflow_venv/lib/python3.10/site-packages/airflow/example_dags/example_dynamic_task_mapping.py for tasks to queue
[2026-05-29T10:32:34.001+0200] {logging_mixin.py:151} INFO - [2026-05-29T10:32:34.000+0200] {dagbag.py:539} INFO - Filling up the DagBag from /home/frederic/airflow_venv/lib/python3.10/site-packages/airflow/example_dags/example_dynamic_task_mapping.py
[2026-05-29T10:32:34.006+0200] {processor.py:839} INFO - DAG(s) dict_keys(['example_dynamic_task_mapping']) retrieved from /home/frederic/airflow_venv/lib/python3.10/site-packages/airflow/example_dags/example_dynamic_task_mapping.py
[2026-05-29T10:32:34.017+0200] {logging_mixin.py:151} INFO - [2026-05-29T10:32:34.017+0200] {dag.py:2915} INFO - Sync 1 DAGs
[2026-05-29T10:32:34.033+0200] {logging_mixin.py:151} INFO - [2026-05-29T10:32:34.032+0200] {dag.py:3696} INFO - Setting next_dagrun for example_dynamic_task_mapping to 2022-03-04T00:00:00+00:00, run_after=2022-03-05T00:00:00+00:00
[2026-05-29T10:32:34.046+0200] {processor.py:179} INFO - Processing /home/frederic/airflow_venv/lib/python3.10/site-packages/airflow/example_dags/example_dynamic_task_mapping.py took 0.050 seconds
[2026-05-29T10:33:21.701+0200] {processor.py:157} INFO - Started process (PID=711026) to work on /home/frederic/airflow_venv/lib/python3.10/site-packages/airflow/example_dags/example_dynamic_task_mapping.py
[2026-05-29T10:33:21.702+0200] {processor.py:829} INFO - Processing file /home/frederic/airflow_venv/lib/python3.10/site-packages/airflow/example_dags/example_dynamic_task_mapping.py for tasks to queue
[2026-05-29T10:33:21.703+0200] {logging_mixin.py:151} INFO - [2026-05-29T10:33:21.703+0200] {dagbag.py:539} INFO - Filling up the DagBag from /home/frederic/airflow_venv/lib/python3.10/site-packages/airflow/example_dags/example_dynamic_task_mapping.py
[2026-05-29T10:33:21.709+0200] {processor.py:839} INFO - DAG(s) dict_keys(['example_dynamic_task_mapping']) retrieved from /home/frederic/airflow_venv/lib/python3.10/site-packages/airflow/example_dags/example_dynamic_task_mapping.py
[2026-05-29T10:33:21.721+0200] {logging_mixin.py:151} INFO - [2026-05-29T10:33:21.721+0200] {dag.py:2915} INFO - Sync 1 DAGs
[2026-05-29T10:33:21.740+0200] {logging_mixin.py:151} INFO - [2026-05-29T10:33:21.739+0200] {dag.py:3696} INFO - Setting next_dagrun for example_dynamic_task_mapping to 2022-03-04T00:00:00+00:00, run_after=2022-03-05T00:00:00+00:00
[2026-05-29T10:33:21.755+0200] {processor.py:179} INFO - Processing /home/frederic/airflow_venv/lib/python3.10/site-packages/airflow/example_dags/example_dynamic_task_mapping.py took 0.056 seconds
[2026-05-29T10:34:05.128+0200] {processor.py:157} INFO - Started process (PID=711728) to work on /home/frederic/airflow_venv/lib/python3.10/site-packages/airflow/example_dags/example_dynamic_task_mapping.py
[2026-05-29T10:34:05.129+0200] {processor.py:829} INFO - Processing file /home/frederic/airflow_venv/lib/python3.10/site-packages/airflow/example_dags/example_dynamic_task_mapping.py for tasks to queue
[2026-05-29T10:34:05.130+0200] {logging_mixin.py:151} INFO - [2026-05-29T10:34:05.129+0200] {dagbag.py:539} INFO - Filling up the DagBag from /home/frederic/airflow_venv/lib/python3.10/site-packages/airflow/example_dags/example_dynamic_task_mapping.py
[2026-05-29T10:34:05.138+0200] {processor.py:839} INFO - DAG(s) dict_keys(['example_dynamic_task_mapping']) retrieved from /home/frederic/airflow_venv/lib/python3.10/site-packages/airflow/example_dags/example_dynamic_task_mapping.py
[2026-05-29T10:34:05.149+0200] {logging_mixin.py:151} INFO - [2026-05-29T10:34:05.149+0200] {dag.py:2915} INFO - Sync 1 DAGs
[2026-05-29T10:34:05.165+0200] {logging_mixin.py:151} INFO - [2026-05-29T10:34:05.165+0200] {dag.py:3696} INFO - Setting next_dagrun for example_dynamic_task_mapping to 2022-03-04T00:00:00+00:00, run_after=2022-03-05T00:00:00+00:00
[2026-05-29T10:34:05.183+0200] {processor.py:179} INFO - Processing /home/frederic/airflow_venv/lib/python3.10/site-packages/airflow/example_dags/example_dynamic_task_mapping.py took 0.057 seconds
[2026-05-29T10:34:48.182+0200] {processor.py:157} INFO - Started process (PID=712159) to work on /home/frederic/airflow_venv/lib/python3.10/site-packages/airflow/example_dags/example_dynamic_task_mapping.py
[2026-05-29T10:34:48.183+0200] {processor.py:829} INFO - Processing file /home/frederic/airflow_venv/lib/python3.10/site-packages/airflow/example_dags/example_dynamic_task_mapping.py for tasks to queue
[2026-05-29T10:34:48.184+0200] {logging_mixin.py:151} INFO - [2026-05-29T10:34:48.183+0200] {dagbag.py:539} INFO - Filling up the DagBag from /home/frederic/airflow_venv/lib/python3.10/site-packages/airflow/example_dags/example_dynamic_task_mapping.py
[2026-05-29T10:34:48.190+0200] {processor.py:839} INFO - DAG(s) dict_keys(['example_dynamic_task_mapping']) retrieved from /home/frederic/airflow_venv/lib/python3.10/site-packages/airflow/example_dags/example_dynamic_task_mapping.py
[2026-05-29T10:34:48.201+0200] {logging_mixin.py:151} INFO - [2026-05-29T10:34:48.201+0200] {dag.py:2915} INFO - Sync 1 DAGs
[2026-05-29T10:34:48.218+0200] {logging_mixin.py:151} INFO - [2026-05-29T10:34:48.218+0200] {dag.py:3696} INFO - Setting next_dagrun for example_dynamic_task_mapping to 2022-03-04T00:00:00+00:00, run_after=2022-03-05T00:00:00+00:00
[2026-05-29T10:34:48.233+0200] {processor.py:179} INFO - Processing /home/frederic/airflow_venv/lib/python3.10/site-packages/airflow/example_dags/example_dynamic_task_mapping.py took 0.053 seconds
[2026-05-29T10:35:37.121+0200] {processor.py:157} INFO - Started process (PID=712669) to work on /home/frederic/airflow_venv/lib/python3.10/site-packages/airflow/example_dags/example_dynamic_task_mapping.py
[2026-05-29T10:35:37.122+0200] {processor.py:829} INFO - Processing file /home/frederic/airflow_venv/lib/python3.10/site-packages/airflow/example_dags/example_dynamic_task_mapping.py for tasks to queue
[2026-05-29T10:35:37.123+0200] {logging_mixin.py:151} INFO - [2026-05-29T10:35:37.123+0200] {dagbag.py:539} INFO - Filling up the DagBag from /home/frederic/airflow_venv/lib/python3.10/site-packages/airflow/example_dags/example_dynamic_task_mapping.py
[2026-05-29T10:35:37.129+0200] {processor.py:839} INFO - DAG(s) dict_keys(['example_dynamic_task_mapping']) retrieved from /home/frederic/airflow_venv/lib/python3.10/site-packages/airflow/example_dags/example_dynamic_task_mapping.py
[2026-05-29T10:35:37.140+0200] {logging_mixin.py:151} INFO - [2026-05-29T10:35:37.139+0200] {dag.py:2915} INFO - Sync 1 DAGs
[2026-05-29T10:35:37.156+0200] {logging_mixin.py:151} INFO - [2026-05-29T10:35:37.155+0200] {dag.py:3696} INFO - Setting next_dagrun for example_dynamic_task_mapping to 2022-03-04T00:00:00+00:00, run_after=2022-03-05T00:00:00+00:00
[2026-05-29T10:35:37.178+0200] {processor.py:179} INFO - Processing /home/frederic/airflow_venv/lib/python3.10/site-packages/airflow/example_dags/example_dynamic_task_mapping.py took 0.059 seconds
[2026-05-29T10:36:21.541+0200] {processor.py:157} INFO - Started process (PID=713243) to work on /home/frederic/airflow_venv/lib/python3.10/site-packages/airflow/example_dags/example_dynamic_task_mapping.py
[2026-05-29T10:36:21.542+0200] {processor.py:829} INFO - Processing file /home/frederic/airflow_venv/lib/python3.10/site-packages/airflow/example_dags/example_dynamic_task_mapping.py for tasks to queue
[2026-05-29T10:36:21.542+0200] {logging_mixin.py:151} INFO - [2026-05-29T10:36:21.542+0200] {dagbag.py:539} INFO - Filling up the DagBag from /home/frederic/airflow_venv/lib/python3.10/site-packages/airflow/example_dags/example_dynamic_task_mapping.py
[2026-05-29T10:36:21.548+0200] {processor.py:839} INFO - DAG(s) dict_keys(['example_dynamic_task_mapping']) retrieved from /home/frederic/airflow_venv/lib/python3.10/site-packages/airflow/example_dags/example_dynamic_task_mapping.py
[2026-05-29T10:36:21.558+0200] {logging_mixin.py:151} INFO - [2026-05-29T10:36:21.558+0200] {dag.py:2915} INFO - Sync 1 DAGs
[2026-05-29T10:36:21.572+0200] {logging_mixin.py:151} INFO - [2026-05-29T10:36:21.572+0200] {dag.py:3696} INFO - Setting next_dagrun for example_dynamic_task_mapping to 2022-03-04T00:00:00+00:00, run_after=2022-03-05T00:00:00+00:00
[2026-05-29T10:36:21.586+0200] {processor.py:179} INFO - Processing /home/frederic/airflow_venv/lib/python3.10/site-packages/airflow/example_dags/example_dynamic_task_mapping.py took 0.048 seconds
[2026-05-29T10:37:06.317+0200] {processor.py:157} INFO - Started process (PID=713751) to work on /home/frederic/airflow_venv/lib/python3.10/site-packages/airflow/example_dags/example_dynamic_task_mapping.py
[2026-05-29T10:37:06.318+0200] {processor.py:829} INFO - Processing file /home/frederic/airflow_venv/lib/python3.10/site-packages/airflow/example_dags/example_dynamic_task_mapping.py for tasks to queue
[2026-05-29T10:37:06.319+0200] {logging_mixin.py:151} INFO - [2026-05-29T10:37:06.319+0200] {dagbag.py:539} INFO - Filling up the DagBag from /home/frederic/airflow_venv/lib/python3.10/site-packages/airflow/example_dags/example_dynamic_task_mapping.py
[2026-05-29T10:37:06.326+0200] {processor.py:839} INFO - DAG(s) dict_keys(['example_dynamic_task_mapping']) retrieved from /home/frederic/airflow_venv/lib/python3.10/site-packages/airflow/example_dags/example_dynamic_task_mapping.py
[2026-05-29T10:37:06.341+0200] {logging_mixin.py:151} INFO - [2026-05-29T10:37:06.341+0200] {dag.py:2915} INFO - Sync 1 DAGs
[2026-05-29T10:37:06.359+0200] {logging_mixin.py:151} INFO - [2026-05-29T10:37:06.359+0200] {dag.py:3696} INFO - Setting next_dagrun for example_dynamic_task_mapping to 2022-03-04T00:00:00+00:00, run_after=2022-03-05T00:00:00+00:00
[2026-05-29T10:37:06.376+0200] {processor.py:179} INFO - Processing /home/frederic/airflow_venv/lib/python3.10/site-packages/airflow/example_dags/example_dynamic_task_mapping.py took 0.063 seconds
[2026-05-29T10:37:53.877+0200] {processor.py:157} INFO - Started process (PID=714521) to work on /home/frederic/airflow_venv/lib/python3.10/site-packages/airflow/example_dags/example_dynamic_task_mapping.py
[2026-05-29T10:37:53.878+0200] {processor.py:829} INFO - Processing file /home/frederic/airflow_venv/lib/python3.10/site-packages/airflow/example_dags/example_dynamic_task_mapping.py for tasks to queue
[2026-05-29T10:37:53.879+0200] {logging_mixin.py:151} INFO - [2026-05-29T10:37:53.878+0200] {dagbag.py:539} INFO - Filling up the DagBag from /home/frederic/airflow_venv/lib/python3.10/site-packages/airflow/example_dags/example_dynamic_task_mapping.py
[2026-05-29T10:37:53.885+0200] {processor.py:839} INFO - DAG(s) dict_keys(['example_dynamic_task_mapping']) retrieved from /home/frederic/airflow_venv/lib/python3.10/site-packages/airflow/example_dags/example_dynamic_task_mapping.py
[2026-05-29T10:37:53.896+0200] {logging_mixin.py:151} INFO - [2026-05-29T10:37:53.896+0200] {dag.py:2915} INFO - Sync 1 DAGs
[2026-05-29T10:37:53.911+0200] {logging_mixin.py:151} INFO - [2026-05-29T10:37:53.910+0200] {dag.py:3696} INFO - Setting next_dagrun for example_dynamic_task_mapping to 2022-03-04T00:00:00+00:00, run_after=2022-03-05T00:00:00+00:00
[2026-05-29T10:37:53.924+0200] {processor.py:179} INFO - Processing /home/frederic/airflow_venv/lib/python3.10/site-packages/airflow/example_dags/example_dynamic_task_mapping.py took 0.050 seconds
[2026-05-29T10:38:40.432+0200] {processor.py:157} INFO - Started process (PID=715084) to work on /home/frederic/airflow_venv/lib/python3.10/site-packages/airflow/example_dags/example_dynamic_task_mapping.py
[2026-05-29T10:38:40.433+0200] {processor.py:829} INFO - Processing file /home/frederic/airflow_venv/lib/python3.10/site-packages/airflow/example_dags/example_dynamic_task_mapping.py for tasks to queue
[2026-05-29T10:38:40.433+0200] {logging_mixin.py:151} INFO - [2026-05-29T10:38:40.433+0200] {dagbag.py:539} INFO - Filling up the DagBag from /home/frederic/airflow_venv/lib/python3.10/site-packages/airflow/example_dags/example_dynamic_task_mapping.py
[2026-05-29T10:38:40.440+0200] {processor.py:839} INFO - DAG(s) dict_keys(['example_dynamic_task_mapping']) retrieved from /home/frederic/airflow_venv/lib/python3.10/site-packages/airflow/example_dags/example_dynamic_task_mapping.py
[2026-05-29T10:38:40.453+0200] {logging_mixin.py:151} INFO - [2026-05-29T10:38:40.453+0200] {dag.py:2915} INFO - Sync 1 DAGs
[2026-05-29T10:38:40.471+0200] {logging_mixin.py:151} INFO - [2026-05-29T10:38:40.471+0200] {dag.py:3696} INFO - Setting next_dagrun for example_dynamic_task_mapping to 2022-03-04T00:00:00+00:00, run_after=2022-03-05T00:00:00+00:00
[2026-05-29T10:38:40.486+0200] {processor.py:179} INFO - Processing /home/frederic/airflow_venv/lib/python3.10/site-packages/airflow/example_dags/example_dynamic_task_mapping.py took 0.056 seconds
[2026-05-29T10:39:25.011+0200] {processor.py:157} INFO - Started process (PID=715848) to work on /home/frederic/airflow_venv/lib/python3.10/site-packages/airflow/example_dags/example_dynamic_task_mapping.py
[2026-05-29T10:39:25.012+0200] {processor.py:829} INFO - Processing file /home/frederic/airflow_venv/lib/python3.10/site-packages/airflow/example_dags/example_dynamic_task_mapping.py for tasks to queue
[2026-05-29T10:39:25.012+0200] {logging_mixin.py:151} INFO - [2026-05-29T10:39:25.012+0200] {dagbag.py:539} INFO - Filling up the DagBag from /home/frederic/airflow_venv/lib/python3.10/site-packages/airflow/example_dags/example_dynamic_task_mapping.py
[2026-05-29T10:39:25.019+0200] {processor.py:839} INFO - DAG(s) dict_keys(['example_dynamic_task_mapping']) retrieved from /home/frederic/airflow_venv/lib/python3.10/site-packages/airflow/example_dags/example_dynamic_task_mapping.py
[2026-05-29T10:39:25.034+0200] {logging_mixin.py:151} INFO - [2026-05-29T10:39:25.034+0200] {dag.py:2915} INFO - Sync 1 DAGs
[2026-05-29T10:39:25.049+0200] {logging_mixin.py:151} INFO - [2026-05-29T10:39:25.049+0200] {dag.py:3696} INFO - Setting next_dagrun for example_dynamic_task_mapping to 2022-03-04T00:00:00+00:00, run_after=2022-03-05T00:00:00+00:00
[2026-05-29T10:39:25.065+0200] {processor.py:179} INFO - Processing /home/frederic/airflow_venv/lib/python3.10/site-packages/airflow/example_dags/example_dynamic_task_mapping.py took 0.057 seconds
[2026-05-29T10:40:09.472+0200] {processor.py:157} INFO - Started process (PID=716436) to work on /home/frederic/airflow_venv/lib/python3.10/site-packages/airflow/example_dags/example_dynamic_task_mapping.py
[2026-05-29T10:40:09.473+0200] {processor.py:829} INFO - Processing file /home/frederic/airflow_venv/lib/python3.10/site-packages/airflow/example_dags/example_dynamic_task_mapping.py for tasks to queue
[2026-05-29T10:40:09.474+0200] {logging_mixin.py:151} INFO - [2026-05-29T10:40:09.473+0200] {dagbag.py:539} INFO - Filling up the DagBag from /home/frederic/airflow_venv/lib/python3.10/site-packages/airflow/example_dags/example_dynamic_task_mapping.py
[2026-05-29T10:40:09.480+0200] {processor.py:839} INFO - DAG(s) dict_keys(['example_dynamic_task_mapping']) retrieved from /home/frederic/airflow_venv/lib/python3.10/site-packages/airflow/example_dags/example_dynamic_task_mapping.py
[2026-05-29T10:40:09.491+0200] {logging_mixin.py:151} INFO - [2026-05-29T10:40:09.490+0200] {dag.py:2915} INFO - Sync 1 DAGs
[2026-05-29T10:40:09.506+0200] {logging_mixin.py:151} INFO - [2026-05-29T10:40:09.506+0200] {dag.py:3696} INFO - Setting next_dagrun for example_dynamic_task_mapping to 2022-03-04T00:00:00+00:00, run_after=2022-03-05T00:00:00+00:00
[2026-05-29T10:40:09.520+0200] {processor.py:179} INFO - Processing /home/frederic/airflow_venv/lib/python3.10/site-packages/airflow/example_dags/example_dynamic_task_mapping.py took 0.050 seconds
[2026-05-29T10:40:53.889+0200] {processor.py:157} INFO - Started process (PID=716866) to work on /home/frederic/airflow_venv/lib/python3.10/site-packages/airflow/example_dags/example_dynamic_task_mapping.py
[2026-05-29T10:40:53.891+0200] {processor.py:829} INFO - Processing file /home/frederic/airflow_venv/lib/python3.10/site-packages/airflow/example_dags/example_dynamic_task_mapping.py for tasks to queue
[2026-05-29T10:40:53.892+0200] {logging_mixin.py:151} INFO - [2026-05-29T10:40:53.891+0200] {dagbag.py:539} INFO - Filling up the DagBag from /home/frederic/airflow_venv/lib/python3.10/site-packages/airflow/example_dags/example_dynamic_task_mapping.py
[2026-05-29T10:40:53.898+0200] {processor.py:839} INFO - DAG(s) dict_keys(['example_dynamic_task_mapping']) retrieved from /home/frederic/airflow_venv/lib/python3.10/site-packages/airflow/example_dags/example_dynamic_task_mapping.py
[2026-05-29T10:40:53.912+0200] {logging_mixin.py:151} INFO - [2026-05-29T10:40:53.911+0200] {dag.py:2915} INFO - Sync 1 DAGs
[2026-05-29T10:40:53.932+0200] {logging_mixin.py:151} INFO - [2026-05-29T10:40:53.932+0200] {dag.py:3696} INFO - Setting next_dagrun for example_dynamic_task_mapping to 2022-03-04T00:00:00+00:00, run_after=2022-03-05T00:00:00+00:00
[2026-05-29T10:40:53.951+0200] {processor.py:179} INFO - Processing /home/frederic/airflow_venv/lib/python3.10/site-packages/airflow/example_dags/example_dynamic_task_mapping.py took 0.066 seconds
[2026-05-29T10:41:42.150+0200] {processor.py:157} INFO - Started process (PID=717367) to work on /home/frederic/airflow_venv/lib/python3.10/site-packages/airflow/example_dags/example_dynamic_task_mapping.py
[2026-05-29T10:41:42.151+0200] {processor.py:829} INFO - Processing file /home/frederic/airflow_venv/lib/python3.10/site-packages/airflow/example_dags/example_dynamic_task_mapping.py for tasks to queue
[2026-05-29T10:41:42.152+0200] {logging_mixin.py:151} INFO - [2026-05-29T10:41:42.151+0200] {dagbag.py:539} INFO - Filling up the DagBag from /home/frederic/airflow_venv/lib/python3.10/site-packages/airflow/example_dags/example_dynamic_task_mapping.py
[2026-05-29T10:41:42.160+0200] {processor.py:839} INFO - DAG(s) dict_keys(['example_dynamic_task_mapping']) retrieved from /home/frederic/airflow_venv/lib/python3.10/site-packages/airflow/example_dags/example_dynamic_task_mapping.py
[2026-05-29T10:41:42.174+0200] {logging_mixin.py:151} INFO - [2026-05-29T10:41:42.174+0200] {dag.py:2915} INFO - Sync 1 DAGs
[2026-05-29T10:41:42.199+0200] {logging_mixin.py:151} INFO - [2026-05-29T10:41:42.198+0200] {dag.py:3696} INFO - Setting next_dagrun for example_dynamic_task_mapping to 2022-03-04T00:00:00+00:00, run_after=2022-03-05T00:00:00+00:00
[2026-05-29T10:41:42.218+0200] {processor.py:179} INFO - Processing /home/frederic/airflow_venv/lib/python3.10/site-packages/airflow/example_dags/example_dynamic_task_mapping.py took 0.071 seconds
[2026-05-29T10:42:29.763+0200] {processor.py:157} INFO - Started process (PID=717873) to work on /home/frederic/airflow_venv/lib/python3.10/site-packages/airflow/example_dags/example_dynamic_task_mapping.py
[2026-05-29T10:42:29.764+0200] {processor.py:829} INFO - Processing file /home/frederic/airflow_venv/lib/python3.10/site-packages/airflow/example_dags/example_dynamic_task_mapping.py for tasks to queue
[2026-05-29T10:42:29.764+0200] {logging_mixin.py:151} INFO - [2026-05-29T10:42:29.764+0200] {dagbag.py:539} INFO - Filling up the DagBag from /home/frederic/airflow_venv/lib/python3.10/site-packages/airflow/example_dags/example_dynamic_task_mapping.py
[2026-05-29T10:42:29.770+0200] {processor.py:839} INFO - DAG(s) dict_keys(['example_dynamic_task_mapping']) retrieved from /home/frederic/airflow_venv/lib/python3.10/site-packages/airflow/example_dags/example_dynamic_task_mapping.py
[2026-05-29T10:42:29.784+0200] {logging_mixin.py:151} INFO - [2026-05-29T10:42:29.783+0200] {dag.py:2915} INFO - Sync 1 DAGs
[2026-05-29T10:42:29.802+0200] {logging_mixin.py:151} INFO - [2026-05-29T10:42:29.802+0200] {dag.py:3696} INFO - Setting next_dagrun for example_dynamic_task_mapping to 2022-03-04T00:00:00+00:00, run_after=2022-03-05T00:00:00+00:00
[2026-05-29T10:42:29.818+0200] {processor.py:179} INFO - Processing /home/frederic/airflow_venv/lib/python3.10/site-packages/airflow/example_dags/example_dynamic_task_mapping.py took 0.057 seconds
[2026-05-29T10:43:12.019+0200] {processor.py:157} INFO - Started process (PID=718397) to work on /home/frederic/airflow_venv/lib/python3.10/site-packages/airflow/example_dags/example_dynamic_task_mapping.py
[2026-05-29T10:43:12.021+0200] {processor.py:829} INFO - Processing file /home/frederic/airflow_venv/lib/python3.10/site-packages/airflow/example_dags/example_dynamic_task_mapping.py for tasks to queue
[2026-05-29T10:43:12.022+0200] {logging_mixin.py:151} INFO - [2026-05-29T10:43:12.022+0200] {dagbag.py:539} INFO - Filling up the DagBag from /home/frederic/airflow_venv/lib/python3.10/site-packages/airflow/example_dags/example_dynamic_task_mapping.py
[2026-05-29T10:43:12.028+0200] {processor.py:839} INFO - DAG(s) dict_keys(['example_dynamic_task_mapping']) retrieved from /home/frederic/airflow_venv/lib/python3.10/site-packages/airflow/example_dags/example_dynamic_task_mapping.py
[2026-05-29T10:43:12.042+0200] {logging_mixin.py:151} INFO - [2026-05-29T10:43:12.041+0200] {dag.py:2915} INFO - Sync 1 DAGs
[2026-05-29T10:43:12.058+0200] {logging_mixin.py:151} INFO - [2026-05-29T10:43:12.058+0200] {dag.py:3696} INFO - Setting next_dagrun for example_dynamic_task_mapping to 2022-03-04T00:00:00+00:00, run_after=2022-03-05T00:00:00+00:00
[2026-05-29T10:43:12.075+0200] {processor.py:179} INFO - Processing /home/frederic/airflow_venv/lib/python3.10/site-packages/airflow/example_dags/example_dynamic_task_mapping.py took 0.059 seconds
[2026-05-29T10:43:59.857+0200] {processor.py:157} INFO - Started process (PID=718833) to work on /home/frederic/airflow_venv/lib/python3.10/site-packages/airflow/example_dags/example_dynamic_task_mapping.py
[2026-05-29T10:43:59.858+0200] {processor.py:829} INFO - Processing file /home/frederic/airflow_venv/lib/python3.10/site-packages/airflow/example_dags/example_dynamic_task_mapping.py for tasks to queue
[2026-05-29T10:43:59.859+0200] {logging_mixin.py:151} INFO - [2026-05-29T10:43:59.859+0200] {dagbag.py:539} INFO - Filling up the DagBag from /home/frederic/airflow_venv/lib/python3.10/site-packages/airflow/example_dags/example_dynamic_task_mapping.py
[2026-05-29T10:43:59.865+0200] {processor.py:839} INFO - DAG(s) dict_keys(['example_dynamic_task_mapping']) retrieved from /home/frederic/airflow_venv/lib/python3.10/site-packages/airflow/example_dags/example_dynamic_task_mapping.py
[2026-05-29T10:43:59.878+0200] {logging_mixin.py:151} INFO - [2026-05-29T10:43:59.878+0200] {dag.py:2915} INFO - Sync 1 DAGs
[2026-05-29T10:43:59.898+0200] {logging_mixin.py:151} INFO - [2026-05-29T10:43:59.897+0200] {dag.py:3696} INFO - Setting next_dagrun for example_dynamic_task_mapping to 2022-03-04T00:00:00+00:00, run_after=2022-03-05T00:00:00+00:00
[2026-05-29T10:43:59.914+0200] {processor.py:179} INFO - Processing /home/frederic/airflow_venv/lib/python3.10/site-packages/airflow/example_dags/example_dynamic_task_mapping.py took 0.059 seconds
[2026-05-29T10:44:44.657+0200] {processor.py:157} INFO - Started process (PID=719580) to work on /home/frederic/airflow_venv/lib/python3.10/site-packages/airflow/example_dags/example_dynamic_task_mapping.py
[2026-05-29T10:44:44.658+0200] {processor.py:829} INFO - Processing file /home/frederic/airflow_venv/lib/python3.10/site-packages/airflow/example_dags/example_dynamic_task_mapping.py for tasks to queue
[2026-05-29T10:44:44.658+0200] {logging_mixin.py:151} INFO - [2026-05-29T10:44:44.658+0200] {dagbag.py:539} INFO - Filling up the DagBag from /home/frederic/airflow_venv/lib/python3.10/site-packages/airflow/example_dags/example_dynamic_task_mapping.py
[2026-05-29T10:44:44.665+0200] {processor.py:839} INFO - DAG(s) dict_keys(['example_dynamic_task_mapping']) retrieved from /home/frederic/airflow_venv/lib/python3.10/site-packages/airflow/example_dags/example_dynamic_task_mapping.py
[2026-05-29T10:44:44.677+0200] {logging_mixin.py:151} INFO - [2026-05-29T10:44:44.677+0200] {dag.py:2915} INFO - Sync 1 DAGs
[2026-05-29T10:44:44.699+0200] {logging_mixin.py:151} INFO - [2026-05-29T10:44:44.698+0200] {dag.py:3696} INFO - Setting next_dagrun for example_dynamic_task_mapping to 2022-03-04T00:00:00+00:00, run_after=2022-03-05T00:00:00+00:00
[2026-05-29T10:44:44.712+0200] {processor.py:179} INFO - Processing /home/frederic/airflow_venv/lib/python3.10/site-packages/airflow/example_dags/example_dynamic_task_mapping.py took 0.058 seconds
[2026-05-29T10:45:32.766+0200] {processor.py:157} INFO - Started process (PID=720158) to work on /home/frederic/airflow_venv/lib/python3.10/site-packages/airflow/example_dags/example_dynamic_task_mapping.py
[2026-05-29T10:45:32.767+0200] {processor.py:829} INFO - Processing file /home/frederic/airflow_venv/lib/python3.10/site-packages/airflow/example_dags/example_dynamic_task_mapping.py for tasks to queue
[2026-05-29T10:45:32.768+0200] {logging_mixin.py:151} INFO - [2026-05-29T10:45:32.768+0200] {dagbag.py:539} INFO - Filling up the DagBag from /home/frederic/airflow_venv/lib/python3.10/site-packages/airflow/example_dags/example_dynamic_task_mapping.py
[2026-05-29T10:45:32.777+0200] {processor.py:839} INFO - DAG(s) dict_keys(['example_dynamic_task_mapping']) retrieved from /home/frederic/airflow_venv/lib/python3.10/site-packages/airflow/example_dags/example_dynamic_task_mapping.py
[2026-05-29T10:45:32.789+0200] {logging_mixin.py:151} INFO - [2026-05-29T10:45:32.789+0200] {dag.py:2915} INFO - Sync 1 DAGs
[2026-05-29T10:45:32.805+0200] {logging_mixin.py:151} INFO - [2026-05-29T10:45:32.805+0200] {dag.py:3696} INFO - Setting next_dagrun for example_dynamic_task_mapping to 2022-03-04T00:00:00+00:00, run_after=2022-03-05T00:00:00+00:00
[2026-05-29T10:45:32.822+0200] {processor.py:179} INFO - Processing /home/frederic/airflow_venv/lib/python3.10/site-packages/airflow/example_dags/example_dynamic_task_mapping.py took 0.058 seconds
[2026-05-29T10:46:18.322+0200] {processor.py:157} INFO - Started process (PID=720604) to work on /home/frederic/airflow_venv/lib/python3.10/site-packages/airflow/example_dags/example_dynamic_task_mapping.py
[2026-05-29T10:46:18.323+0200] {processor.py:829} INFO - Processing file /home/frederic/airflow_venv/lib/python3.10/site-packages/airflow/example_dags/example_dynamic_task_mapping.py for tasks to queue
[2026-05-29T10:46:18.324+0200] {logging_mixin.py:151} INFO - [2026-05-29T10:46:18.324+0200] {dagbag.py:539} INFO - Filling up the DagBag from /home/frederic/airflow_venv/lib/python3.10/site-packages/airflow/example_dags/example_dynamic_task_mapping.py
[2026-05-29T10:46:18.330+0200] {processor.py:839} INFO - DAG(s) dict_keys(['example_dynamic_task_mapping']) retrieved from /home/frederic/airflow_venv/lib/python3.10/site-packages/airflow/example_dags/example_dynamic_task_mapping.py
[2026-05-29T10:46:18.342+0200] {logging_mixin.py:151} INFO - [2026-05-29T10:46:18.342+0200] {dag.py:2915} INFO - Sync 1 DAGs
[2026-05-29T10:46:18.359+0200] {logging_mixin.py:151} INFO - [2026-05-29T10:46:18.359+0200] {dag.py:3696} INFO - Setting next_dagrun for example_dynamic_task_mapping to 2022-03-04T00:00:00+00:00, run_after=2022-03-05T00:00:00+00:00
[2026-05-29T10:46:18.376+0200] {processor.py:179} INFO - Processing /home/frederic/airflow_venv/lib/python3.10/site-packages/airflow/example_dags/example_dynamic_task_mapping.py took 0.057 seconds
[2026-05-29T10:47:10.437+0200] {processor.py:157} INFO - Started process (PID=721736) to work on /home/frederic/airflow_venv/lib/python3.10/site-packages/airflow/example_dags/example_dynamic_task_mapping.py
[2026-05-29T10:47:10.438+0200] {processor.py:829} INFO - Processing file /home/frederic/airflow_venv/lib/python3.10/site-packages/airflow/example_dags/example_dynamic_task_mapping.py for tasks to queue
[2026-05-29T10:47:10.439+0200] {logging_mixin.py:151} INFO - [2026-05-29T10:47:10.439+0200] {dagbag.py:539} INFO - Filling up the DagBag from /home/frederic/airflow_venv/lib/python3.10/site-packages/airflow/example_dags/example_dynamic_task_mapping.py
[2026-05-29T10:47:10.446+0200] {processor.py:839} INFO - DAG(s) dict_keys(['example_dynamic_task_mapping']) retrieved from /home/frederic/airflow_venv/lib/python3.10/site-packages/airflow/example_dags/example_dynamic_task_mapping.py
[2026-05-29T10:47:10.457+0200] {logging_mixin.py:151} INFO - [2026-05-29T10:47:10.457+0200] {dag.py:2915} INFO - Sync 1 DAGs
[2026-05-29T10:47:10.475+0200] {logging_mixin.py:151} INFO - [2026-05-29T10:47:10.475+0200] {dag.py:3696} INFO - Setting next_dagrun for example_dynamic_task_mapping to 2022-03-04T00:00:00+00:00, run_after=2022-03-05T00:00:00+00:00
[2026-05-29T10:47:10.489+0200] {processor.py:179} INFO - Processing /home/frederic/airflow_venv/lib/python3.10/site-packages/airflow/example_dags/example_dynamic_task_mapping.py took 0.054 seconds
[2026-05-29T10:47:59.471+0200] {processor.py:157} INFO - Started process (PID=722187) to work on /home/frederic/airflow_venv/lib/python3.10/site-packages/airflow/example_dags/example_dynamic_task_mapping.py
[2026-05-29T10:47:59.472+0200] {processor.py:829} INFO - Processing file /home/frederic/airflow_venv/lib/python3.10/site-packages/airflow/example_dags/example_dynamic_task_mapping.py for tasks to queue
[2026-05-29T10:47:59.473+0200] {logging_mixin.py:151} INFO - [2026-05-29T10:47:59.472+0200] {dagbag.py:539} INFO - Filling up the DagBag from /home/frederic/airflow_venv/lib/python3.10/site-packages/airflow/example_dags/example_dynamic_task_mapping.py
[2026-05-29T10:47:59.479+0200] {processor.py:839} INFO - DAG(s) dict_keys(['example_dynamic_task_mapping']) retrieved from /home/frederic/airflow_venv/lib/python3.10/site-packages/airflow/example_dags/example_dynamic_task_mapping.py
[2026-05-29T10:47:59.491+0200] {logging_mixin.py:151} INFO - [2026-05-29T10:47:59.491+0200] {dag.py:2915} INFO - Sync 1 DAGs
[2026-05-29T10:47:59.508+0200] {logging_mixin.py:151} INFO - [2026-05-29T10:47:59.508+0200] {dag.py:3696} INFO - Setting next_dagrun for example_dynamic_task_mapping to 2022-03-04T00:00:00+00:00, run_after=2022-03-05T00:00:00+00:00
[2026-05-29T10:47:59.522+0200] {processor.py:179} INFO - Processing /home/frederic/airflow_venv/lib/python3.10/site-packages/airflow/example_dags/example_dynamic_task_mapping.py took 0.054 seconds
[2026-05-29T10:48:40.012+0200] {processor.py:157} INFO - Started process (PID=722656) to work on /home/frederic/airflow_venv/lib/python3.10/site-packages/airflow/example_dags/example_dynamic_task_mapping.py
[2026-05-29T10:48:40.014+0200] {processor.py:829} INFO - Processing file /home/frederic/airflow_venv/lib/python3.10/site-packages/airflow/example_dags/example_dynamic_task_mapping.py for tasks to queue
[2026-05-29T10:48:40.014+0200] {logging_mixin.py:151} INFO - [2026-05-29T10:48:40.014+0200] {dagbag.py:539} INFO - Filling up the DagBag from /home/frederic/airflow_venv/lib/python3.10/site-packages/airflow/example_dags/example_dynamic_task_mapping.py
[2026-05-29T10:48:40.021+0200] {processor.py:839} INFO - DAG(s) dict_keys(['example_dynamic_task_mapping']) retrieved from /home/frederic/airflow_venv/lib/python3.10/site-packages/airflow/example_dags/example_dynamic_task_mapping.py
[2026-05-29T10:48:40.034+0200] {logging_mixin.py:151} INFO - [2026-05-29T10:48:40.033+0200] {dag.py:2915} INFO - Sync 1 DAGs
[2026-05-29T10:48:40.064+0200] {logging_mixin.py:151} INFO - [2026-05-29T10:48:40.064+0200] {dag.py:3696} INFO - Setting next_dagrun for example_dynamic_task_mapping to 2022-03-04T00:00:00+00:00, run_after=2022-03-05T00:00:00+00:00
[2026-05-29T10:48:40.083+0200] {processor.py:179} INFO - Processing /home/frederic/airflow_venv/lib/python3.10/site-packages/airflow/example_dags/example_dynamic_task_mapping.py took 0.073 seconds
[2026-05-29T10:49:30.636+0200] {processor.py:157} INFO - Started process (PID=723234) to work on /home/frederic/airflow_venv/lib/python3.10/site-packages/airflow/example_dags/example_dynamic_task_mapping.py
[2026-05-29T10:49:30.637+0200] {processor.py:829} INFO - Processing file /home/frederic/airflow_venv/lib/python3.10/site-packages/airflow/example_dags/example_dynamic_task_mapping.py for tasks to queue
[2026-05-29T10:49:30.638+0200] {logging_mixin.py:151} INFO - [2026-05-29T10:49:30.638+0200] {dagbag.py:539} INFO - Filling up the DagBag from /home/frederic/airflow_venv/lib/python3.10/site-packages/airflow/example_dags/example_dynamic_task_mapping.py
[2026-05-29T10:49:30.645+0200] {processor.py:839} INFO - DAG(s) dict_keys(['example_dynamic_task_mapping']) retrieved from /home/frederic/airflow_venv/lib/python3.10/site-packages/airflow/example_dags/example_dynamic_task_mapping.py
[2026-05-29T10:49:30.658+0200] {logging_mixin.py:151} INFO - [2026-05-29T10:49:30.658+0200] {dag.py:2915} INFO - Sync 1 DAGs
[2026-05-29T10:49:30.675+0200] {logging_mixin.py:151} INFO - [2026-05-29T10:49:30.675+0200] {dag.py:3696} INFO - Setting next_dagrun for example_dynamic_task_mapping to 2022-03-04T00:00:00+00:00, run_after=2022-03-05T00:00:00+00:00
[2026-05-29T10:49:30.691+0200] {processor.py:179} INFO - Processing /home/frederic/airflow_venv/lib/python3.10/site-packages/airflow/example_dags/example_dynamic_task_mapping.py took 0.058 seconds
[2026-05-29T10:50:18.054+0200] {processor.py:157} INFO - Started process (PID=723723) to work on /home/frederic/airflow_venv/lib/python3.10/site-packages/airflow/example_dags/example_dynamic_task_mapping.py
[2026-05-29T10:50:18.056+0200] {processor.py:829} INFO - Processing file /home/frederic/airflow_venv/lib/python3.10/site-packages/airflow/example_dags/example_dynamic_task_mapping.py for tasks to queue
[2026-05-29T10:50:18.056+0200] {logging_mixin.py:151} INFO - [2026-05-29T10:50:18.056+0200] {dagbag.py:539} INFO - Filling up the DagBag from /home/frederic/airflow_venv/lib/python3.10/site-packages/airflow/example_dags/example_dynamic_task_mapping.py
[2026-05-29T10:50:18.063+0200] {processor.py:839} INFO - DAG(s) dict_keys(['example_dynamic_task_mapping']) retrieved from /home/frederic/airflow_venv/lib/python3.10/site-packages/airflow/example_dags/example_dynamic_task_mapping.py
[2026-05-29T10:50:18.079+0200] {logging_mixin.py:151} INFO - [2026-05-29T10:50:18.078+0200] {dag.py:2915} INFO - Sync 1 DAGs
[2026-05-29T10:50:18.098+0200] {logging_mixin.py:151} INFO - [2026-05-29T10:50:18.097+0200] {dag.py:3696} INFO - Setting next_dagrun for example_dynamic_task_mapping to 2022-03-04T00:00:00+00:00, run_after=2022-03-05T00:00:00+00:00
[2026-05-29T10:50:18.119+0200] {processor.py:179} INFO - Processing /home/frederic/airflow_venv/lib/python3.10/site-packages/airflow/example_dags/example_dynamic_task_mapping.py took 0.068 seconds
[2026-05-29T10:51:05.443+0200] {processor.py:157} INFO - Started process (PID=724209) to work on /home/frederic/airflow_venv/lib/python3.10/site-packages/airflow/example_dags/example_dynamic_task_mapping.py
[2026-05-29T10:51:05.444+0200] {processor.py:829} INFO - Processing file /home/frederic/airflow_venv/lib/python3.10/site-packages/airflow/example_dags/example_dynamic_task_mapping.py for tasks to queue
[2026-05-29T10:51:05.445+0200] {logging_mixin.py:151} INFO - [2026-05-29T10:51:05.444+0200] {dagbag.py:539} INFO - Filling up the DagBag from /home/frederic/airflow_venv/lib/python3.10/site-packages/airflow/example_dags/example_dynamic_task_mapping.py
[2026-05-29T10:51:05.450+0200] {processor.py:839} INFO - DAG(s) dict_keys(['example_dynamic_task_mapping']) retrieved from /home/frederic/airflow_venv/lib/python3.10/site-packages/airflow/example_dags/example_dynamic_task_mapping.py
[2026-05-29T10:51:05.464+0200] {logging_mixin.py:151} INFO - [2026-05-29T10:51:05.464+0200] {dag.py:2915} INFO - Sync 1 DAGs
[2026-05-29T10:51:05.484+0200] {logging_mixin.py:151} INFO - [2026-05-29T10:51:05.483+0200] {dag.py:3696} INFO - Setting next_dagrun for example_dynamic_task_mapping to 2022-03-04T00:00:00+00:00, run_after=2022-03-05T00:00:00+00:00
[2026-05-29T10:51:05.500+0200] {processor.py:179} INFO - Processing /home/frederic/airflow_venv/lib/python3.10/site-packages/airflow/example_dags/example_dynamic_task_mapping.py took 0.061 seconds
