[2026-05-29T02:00:02.093+0200] {processor.py:157} INFO - Started process (PID=633120) to work on /home/frederic/airflow_venv/lib/python3.10/site-packages/airflow/example_dags/example_dynamic_task_mapping_with_no_taskflow_operators.py
[2026-05-29T02:00:02.094+0200] {processor.py:829} INFO - Processing file /home/frederic/airflow_venv/lib/python3.10/site-packages/airflow/example_dags/example_dynamic_task_mapping_with_no_taskflow_operators.py for tasks to queue
[2026-05-29T02:00:02.094+0200] {logging_mixin.py:151} INFO - [2026-05-29T02:00:02.094+0200] {dagbag.py:539} INFO - Filling up the DagBag from /home/frederic/airflow_venv/lib/python3.10/site-packages/airflow/example_dags/example_dynamic_task_mapping_with_no_taskflow_operators.py
[2026-05-29T02:00:02.100+0200] {processor.py:839} INFO - DAG(s) dict_keys(['example_dynamic_task_mapping_with_no_taskflow_operators']) retrieved from /home/frederic/airflow_venv/lib/python3.10/site-packages/airflow/example_dags/example_dynamic_task_mapping_with_no_taskflow_operators.py
[2026-05-29T02:00:02.111+0200] {logging_mixin.py:151} INFO - [2026-05-29T02:00:02.111+0200] {dag.py:2915} INFO - Sync 1 DAGs
[2026-05-29T02:00:02.127+0200] {logging_mixin.py:151} INFO - [2026-05-29T02:00:02.127+0200] {dag.py:3696} INFO - Setting next_dagrun for example_dynamic_task_mapping_with_no_taskflow_operators to 2026-05-28T00:00:02.126980+00:00, run_after=2026-05-29T00:00:02.126980+00:00
[2026-05-29T02:00:02.148+0200] {processor.py:179} INFO - Processing /home/frederic/airflow_venv/lib/python3.10/site-packages/airflow/example_dags/example_dynamic_task_mapping_with_no_taskflow_operators.py took 0.057 seconds
[2026-05-29T02:00:04.631+0200] {processor.py:157} INFO - Started process (PID=633179) to work on /home/frederic/airflow_venv/lib/python3.10/site-packages/airflow/example_dags/example_dynamic_task_mapping_with_no_taskflow_operators.py
[2026-05-29T02:00:04.631+0200] {processor.py:829} INFO - Processing file /home/frederic/airflow_venv/lib/python3.10/site-packages/airflow/example_dags/example_dynamic_task_mapping_with_no_taskflow_operators.py for tasks to queue
[2026-05-29T02:00:04.632+0200] {logging_mixin.py:151} INFO - [2026-05-29T02:00:04.632+0200] {dagbag.py:539} INFO - Filling up the DagBag from /home/frederic/airflow_venv/lib/python3.10/site-packages/airflow/example_dags/example_dynamic_task_mapping_with_no_taskflow_operators.py
[2026-05-29T02:00:04.639+0200] {processor.py:839} INFO - DAG(s) dict_keys(['example_dynamic_task_mapping_with_no_taskflow_operators']) retrieved from /home/frederic/airflow_venv/lib/python3.10/site-packages/airflow/example_dags/example_dynamic_task_mapping_with_no_taskflow_operators.py
[2026-05-29T02:00:04.651+0200] {logging_mixin.py:151} INFO - [2026-05-29T02:00:04.651+0200] {dag.py:2915} INFO - Sync 1 DAGs
[2026-05-29T02:00:04.668+0200] {logging_mixin.py:151} INFO - [2026-05-29T02:00:04.668+0200] {dag.py:3696} INFO - Setting next_dagrun for example_dynamic_task_mapping_with_no_taskflow_operators to 2026-05-28T00:00:04.668211+00:00, run_after=2026-05-29T00:00:04.668211+00:00
[2026-05-29T02:00:04.683+0200] {processor.py:179} INFO - Processing /home/frederic/airflow_venv/lib/python3.10/site-packages/airflow/example_dags/example_dynamic_task_mapping_with_no_taskflow_operators.py took 0.056 seconds
[2026-05-29T02:00:48.478+0200] {processor.py:157} INFO - Started process (PID=634598) to work on /home/frederic/airflow_venv/lib/python3.10/site-packages/airflow/example_dags/example_dynamic_task_mapping_with_no_taskflow_operators.py
[2026-05-29T02:00:48.479+0200] {processor.py:829} INFO - Processing file /home/frederic/airflow_venv/lib/python3.10/site-packages/airflow/example_dags/example_dynamic_task_mapping_with_no_taskflow_operators.py for tasks to queue
[2026-05-29T02:00:48.480+0200] {logging_mixin.py:151} INFO - [2026-05-29T02:00:48.480+0200] {dagbag.py:539} INFO - Filling up the DagBag from /home/frederic/airflow_venv/lib/python3.10/site-packages/airflow/example_dags/example_dynamic_task_mapping_with_no_taskflow_operators.py
[2026-05-29T02:00:48.486+0200] {processor.py:839} INFO - DAG(s) dict_keys(['example_dynamic_task_mapping_with_no_taskflow_operators']) retrieved from /home/frederic/airflow_venv/lib/python3.10/site-packages/airflow/example_dags/example_dynamic_task_mapping_with_no_taskflow_operators.py
[2026-05-29T02:00:48.500+0200] {logging_mixin.py:151} INFO - [2026-05-29T02:00:48.500+0200] {dag.py:2915} INFO - Sync 1 DAGs
[2026-05-29T02:00:48.525+0200] {logging_mixin.py:151} INFO - [2026-05-29T02:00:48.525+0200] {dag.py:3696} INFO - Setting next_dagrun for example_dynamic_task_mapping_with_no_taskflow_operators to 2026-05-28T00:00:48.525571+00:00, run_after=2026-05-29T00:00:48.525571+00:00
[2026-05-29T02:00:48.543+0200] {processor.py:179} INFO - Processing /home/frederic/airflow_venv/lib/python3.10/site-packages/airflow/example_dags/example_dynamic_task_mapping_with_no_taskflow_operators.py took 0.067 seconds
[2026-05-29T02:01:12.028+0200] {processor.py:157} INFO - Started process (PID=635151) to work on /home/frederic/airflow_venv/lib/python3.10/site-packages/airflow/example_dags/example_dynamic_task_mapping_with_no_taskflow_operators.py
[2026-05-29T02:01:12.029+0200] {processor.py:829} INFO - Processing file /home/frederic/airflow_venv/lib/python3.10/site-packages/airflow/example_dags/example_dynamic_task_mapping_with_no_taskflow_operators.py for tasks to queue
[2026-05-29T02:01:12.030+0200] {logging_mixin.py:151} INFO - [2026-05-29T02:01:12.030+0200] {dagbag.py:539} INFO - Filling up the DagBag from /home/frederic/airflow_venv/lib/python3.10/site-packages/airflow/example_dags/example_dynamic_task_mapping_with_no_taskflow_operators.py
[2026-05-29T02:01:12.038+0200] {processor.py:839} INFO - DAG(s) dict_keys(['example_dynamic_task_mapping_with_no_taskflow_operators']) retrieved from /home/frederic/airflow_venv/lib/python3.10/site-packages/airflow/example_dags/example_dynamic_task_mapping_with_no_taskflow_operators.py
[2026-05-29T02:01:12.052+0200] {logging_mixin.py:151} INFO - [2026-05-29T02:01:12.052+0200] {dag.py:2915} INFO - Sync 1 DAGs
[2026-05-29T02:01:12.071+0200] {logging_mixin.py:151} INFO - [2026-05-29T02:01:12.071+0200] {dag.py:3696} INFO - Setting next_dagrun for example_dynamic_task_mapping_with_no_taskflow_operators to 2026-05-28T00:01:12.071154+00:00, run_after=2026-05-29T00:01:12.071154+00:00
[2026-05-29T02:01:12.087+0200] {processor.py:179} INFO - Processing /home/frederic/airflow_venv/lib/python3.10/site-packages/airflow/example_dags/example_dynamic_task_mapping_with_no_taskflow_operators.py took 0.062 seconds
[2026-05-29T02:01:33.573+0200] {processor.py:157} INFO - Started process (PID=635796) to work on /home/frederic/airflow_venv/lib/python3.10/site-packages/airflow/example_dags/example_dynamic_task_mapping_with_no_taskflow_operators.py
[2026-05-29T02:01:33.574+0200] {processor.py:829} INFO - Processing file /home/frederic/airflow_venv/lib/python3.10/site-packages/airflow/example_dags/example_dynamic_task_mapping_with_no_taskflow_operators.py for tasks to queue
[2026-05-29T02:01:33.575+0200] {logging_mixin.py:151} INFO - [2026-05-29T02:01:33.574+0200] {dagbag.py:539} INFO - Filling up the DagBag from /home/frederic/airflow_venv/lib/python3.10/site-packages/airflow/example_dags/example_dynamic_task_mapping_with_no_taskflow_operators.py
[2026-05-29T02:01:33.580+0200] {processor.py:839} INFO - DAG(s) dict_keys(['example_dynamic_task_mapping_with_no_taskflow_operators']) retrieved from /home/frederic/airflow_venv/lib/python3.10/site-packages/airflow/example_dags/example_dynamic_task_mapping_with_no_taskflow_operators.py
[2026-05-29T02:01:33.593+0200] {logging_mixin.py:151} INFO - [2026-05-29T02:01:33.593+0200] {dag.py:2915} INFO - Sync 1 DAGs
[2026-05-29T02:01:33.610+0200] {logging_mixin.py:151} INFO - [2026-05-29T02:01:33.610+0200] {dag.py:3696} INFO - Setting next_dagrun for example_dynamic_task_mapping_with_no_taskflow_operators to 2026-05-28T00:01:33.610191+00:00, run_after=2026-05-29T00:01:33.610191+00:00
[2026-05-29T02:01:33.626+0200] {processor.py:179} INFO - Processing /home/frederic/airflow_venv/lib/python3.10/site-packages/airflow/example_dags/example_dynamic_task_mapping_with_no_taskflow_operators.py took 0.055 seconds
[2026-05-29T02:01:59.984+0200] {processor.py:157} INFO - Started process (PID=636538) to work on /home/frederic/airflow_venv/lib/python3.10/site-packages/airflow/example_dags/example_dynamic_task_mapping_with_no_taskflow_operators.py
[2026-05-29T02:01:59.985+0200] {processor.py:829} INFO - Processing file /home/frederic/airflow_venv/lib/python3.10/site-packages/airflow/example_dags/example_dynamic_task_mapping_with_no_taskflow_operators.py for tasks to queue
[2026-05-29T02:01:59.986+0200] {logging_mixin.py:151} INFO - [2026-05-29T02:01:59.985+0200] {dagbag.py:539} INFO - Filling up the DagBag from /home/frederic/airflow_venv/lib/python3.10/site-packages/airflow/example_dags/example_dynamic_task_mapping_with_no_taskflow_operators.py
[2026-05-29T02:01:59.992+0200] {processor.py:839} INFO - DAG(s) dict_keys(['example_dynamic_task_mapping_with_no_taskflow_operators']) retrieved from /home/frederic/airflow_venv/lib/python3.10/site-packages/airflow/example_dags/example_dynamic_task_mapping_with_no_taskflow_operators.py
[2026-05-29T02:02:00.005+0200] {logging_mixin.py:151} INFO - [2026-05-29T02:02:00.005+0200] {dag.py:2915} INFO - Sync 1 DAGs
[2026-05-29T02:02:00.023+0200] {logging_mixin.py:151} INFO - [2026-05-29T02:02:00.023+0200] {dag.py:3696} INFO - Setting next_dagrun for example_dynamic_task_mapping_with_no_taskflow_operators to 2026-05-28T00:02:00.023100+00:00, run_after=2026-05-29T00:02:00.023100+00:00
[2026-05-29T02:02:00.158+0200] {processor.py:179} INFO - Processing /home/frederic/airflow_venv/lib/python3.10/site-packages/airflow/example_dags/example_dynamic_task_mapping_with_no_taskflow_operators.py took 0.176 seconds
[2026-05-29T02:02:27.421+0200] {processor.py:157} INFO - Started process (PID=637402) to work on /home/frederic/airflow_venv/lib/python3.10/site-packages/airflow/example_dags/example_dynamic_task_mapping_with_no_taskflow_operators.py
[2026-05-29T02:02:27.423+0200] {processor.py:829} INFO - Processing file /home/frederic/airflow_venv/lib/python3.10/site-packages/airflow/example_dags/example_dynamic_task_mapping_with_no_taskflow_operators.py for tasks to queue
[2026-05-29T02:02:27.423+0200] {logging_mixin.py:151} INFO - [2026-05-29T02:02:27.423+0200] {dagbag.py:539} INFO - Filling up the DagBag from /home/frederic/airflow_venv/lib/python3.10/site-packages/airflow/example_dags/example_dynamic_task_mapping_with_no_taskflow_operators.py
[2026-05-29T02:02:27.432+0200] {processor.py:839} INFO - DAG(s) dict_keys(['example_dynamic_task_mapping_with_no_taskflow_operators']) retrieved from /home/frederic/airflow_venv/lib/python3.10/site-packages/airflow/example_dags/example_dynamic_task_mapping_with_no_taskflow_operators.py
[2026-05-29T02:02:27.448+0200] {logging_mixin.py:151} INFO - [2026-05-29T02:02:27.448+0200] {dag.py:2915} INFO - Sync 1 DAGs
[2026-05-29T02:02:27.478+0200] {logging_mixin.py:151} INFO - [2026-05-29T02:02:27.478+0200] {dag.py:3696} INFO - Setting next_dagrun for example_dynamic_task_mapping_with_no_taskflow_operators to 2026-05-28T00:02:27.477861+00:00, run_after=2026-05-29T00:02:27.477861+00:00
[2026-05-29T02:02:27.498+0200] {processor.py:179} INFO - Processing /home/frederic/airflow_venv/lib/python3.10/site-packages/airflow/example_dags/example_dynamic_task_mapping_with_no_taskflow_operators.py took 0.079 seconds
[2026-05-29T02:02:50.940+0200] {processor.py:157} INFO - Started process (PID=638133) to work on /home/frederic/airflow_venv/lib/python3.10/site-packages/airflow/example_dags/example_dynamic_task_mapping_with_no_taskflow_operators.py
[2026-05-29T02:02:50.941+0200] {processor.py:829} INFO - Processing file /home/frederic/airflow_venv/lib/python3.10/site-packages/airflow/example_dags/example_dynamic_task_mapping_with_no_taskflow_operators.py for tasks to queue
[2026-05-29T02:02:50.942+0200] {logging_mixin.py:151} INFO - [2026-05-29T02:02:50.942+0200] {dagbag.py:539} INFO - Filling up the DagBag from /home/frederic/airflow_venv/lib/python3.10/site-packages/airflow/example_dags/example_dynamic_task_mapping_with_no_taskflow_operators.py
[2026-05-29T02:02:50.949+0200] {processor.py:839} INFO - DAG(s) dict_keys(['example_dynamic_task_mapping_with_no_taskflow_operators']) retrieved from /home/frederic/airflow_venv/lib/python3.10/site-packages/airflow/example_dags/example_dynamic_task_mapping_with_no_taskflow_operators.py
[2026-05-29T02:02:50.960+0200] {logging_mixin.py:151} INFO - [2026-05-29T02:02:50.960+0200] {dag.py:2915} INFO - Sync 1 DAGs
[2026-05-29T02:02:50.975+0200] {logging_mixin.py:151} INFO - [2026-05-29T02:02:50.975+0200] {dag.py:3696} INFO - Setting next_dagrun for example_dynamic_task_mapping_with_no_taskflow_operators to 2026-05-28T00:02:50.975592+00:00, run_after=2026-05-29T00:02:50.975592+00:00
[2026-05-29T02:02:50.990+0200] {processor.py:179} INFO - Processing /home/frederic/airflow_venv/lib/python3.10/site-packages/airflow/example_dags/example_dynamic_task_mapping_with_no_taskflow_operators.py took 0.052 seconds
[2026-05-29T02:03:18.608+0200] {processor.py:157} INFO - Started process (PID=638858) to work on /home/frederic/airflow_venv/lib/python3.10/site-packages/airflow/example_dags/example_dynamic_task_mapping_with_no_taskflow_operators.py
[2026-05-29T02:03:18.608+0200] {processor.py:829} INFO - Processing file /home/frederic/airflow_venv/lib/python3.10/site-packages/airflow/example_dags/example_dynamic_task_mapping_with_no_taskflow_operators.py for tasks to queue
[2026-05-29T02:03:18.609+0200] {logging_mixin.py:151} INFO - [2026-05-29T02:03:18.609+0200] {dagbag.py:539} INFO - Filling up the DagBag from /home/frederic/airflow_venv/lib/python3.10/site-packages/airflow/example_dags/example_dynamic_task_mapping_with_no_taskflow_operators.py
[2026-05-29T02:03:18.615+0200] {processor.py:839} INFO - DAG(s) dict_keys(['example_dynamic_task_mapping_with_no_taskflow_operators']) retrieved from /home/frederic/airflow_venv/lib/python3.10/site-packages/airflow/example_dags/example_dynamic_task_mapping_with_no_taskflow_operators.py
[2026-05-29T02:03:18.627+0200] {logging_mixin.py:151} INFO - [2026-05-29T02:03:18.627+0200] {dag.py:2915} INFO - Sync 1 DAGs
[2026-05-29T02:03:18.643+0200] {logging_mixin.py:151} INFO - [2026-05-29T02:03:18.643+0200] {dag.py:3696} INFO - Setting next_dagrun for example_dynamic_task_mapping_with_no_taskflow_operators to 2026-05-28T00:03:18.643403+00:00, run_after=2026-05-29T00:03:18.643403+00:00
[2026-05-29T02:03:18.660+0200] {processor.py:179} INFO - Processing /home/frederic/airflow_venv/lib/python3.10/site-packages/airflow/example_dags/example_dynamic_task_mapping_with_no_taskflow_operators.py took 0.054 seconds
[2026-05-29T02:03:39.918+0200] {processor.py:157} INFO - Started process (PID=639582) to work on /home/frederic/airflow_venv/lib/python3.10/site-packages/airflow/example_dags/example_dynamic_task_mapping_with_no_taskflow_operators.py
[2026-05-29T02:03:39.919+0200] {processor.py:829} INFO - Processing file /home/frederic/airflow_venv/lib/python3.10/site-packages/airflow/example_dags/example_dynamic_task_mapping_with_no_taskflow_operators.py for tasks to queue
[2026-05-29T02:03:39.920+0200] {logging_mixin.py:151} INFO - [2026-05-29T02:03:39.920+0200] {dagbag.py:539} INFO - Filling up the DagBag from /home/frederic/airflow_venv/lib/python3.10/site-packages/airflow/example_dags/example_dynamic_task_mapping_with_no_taskflow_operators.py
[2026-05-29T02:03:39.927+0200] {processor.py:839} INFO - DAG(s) dict_keys(['example_dynamic_task_mapping_with_no_taskflow_operators']) retrieved from /home/frederic/airflow_venv/lib/python3.10/site-packages/airflow/example_dags/example_dynamic_task_mapping_with_no_taskflow_operators.py
[2026-05-29T02:03:39.939+0200] {logging_mixin.py:151} INFO - [2026-05-29T02:03:39.939+0200] {dag.py:2915} INFO - Sync 1 DAGs
[2026-05-29T02:03:39.956+0200] {logging_mixin.py:151} INFO - [2026-05-29T02:03:39.956+0200] {dag.py:3696} INFO - Setting next_dagrun for example_dynamic_task_mapping_with_no_taskflow_operators to 2026-05-28T00:03:39.955884+00:00, run_after=2026-05-29T00:03:39.955884+00:00
[2026-05-29T02:03:39.973+0200] {processor.py:179} INFO - Processing /home/frederic/airflow_venv/lib/python3.10/site-packages/airflow/example_dags/example_dynamic_task_mapping_with_no_taskflow_operators.py took 0.057 seconds
[2026-05-29T09:58:30.690+0200] {processor.py:157} INFO - Started process (PID=682040) to work on /home/frederic/airflow_venv/lib/python3.10/site-packages/airflow/example_dags/example_dynamic_task_mapping_with_no_taskflow_operators.py
[2026-05-29T09:58:30.691+0200] {processor.py:829} INFO - Processing file /home/frederic/airflow_venv/lib/python3.10/site-packages/airflow/example_dags/example_dynamic_task_mapping_with_no_taskflow_operators.py for tasks to queue
[2026-05-29T09:58:30.692+0200] {logging_mixin.py:151} INFO - [2026-05-29T09:58:30.692+0200] {dagbag.py:539} INFO - Filling up the DagBag from /home/frederic/airflow_venv/lib/python3.10/site-packages/airflow/example_dags/example_dynamic_task_mapping_with_no_taskflow_operators.py
[2026-05-29T09:58:30.699+0200] {processor.py:839} INFO - DAG(s) dict_keys(['example_dynamic_task_mapping_with_no_taskflow_operators']) retrieved from /home/frederic/airflow_venv/lib/python3.10/site-packages/airflow/example_dags/example_dynamic_task_mapping_with_no_taskflow_operators.py
[2026-05-29T09:58:30.715+0200] {logging_mixin.py:151} INFO - [2026-05-29T09:58:30.714+0200] {dag.py:2915} INFO - Sync 1 DAGs
[2026-05-29T09:58:30.737+0200] {logging_mixin.py:151} INFO - [2026-05-29T09:58:30.737+0200] {dag.py:3696} INFO - Setting next_dagrun for example_dynamic_task_mapping_with_no_taskflow_operators to 2026-05-28T07:58:30.737280+00:00, run_after=2026-05-29T07:58:30.737280+00:00
[2026-05-29T09:58:30.756+0200] {processor.py:179} INFO - Processing /home/frederic/airflow_venv/lib/python3.10/site-packages/airflow/example_dags/example_dynamic_task_mapping_with_no_taskflow_operators.py took 0.069 seconds
[2026-05-29T09:59:22.217+0200] {processor.py:157} INFO - Started process (PID=683593) to work on /home/frederic/airflow_venv/lib/python3.10/site-packages/airflow/example_dags/example_dynamic_task_mapping_with_no_taskflow_operators.py
[2026-05-29T09:59:22.218+0200] {processor.py:829} INFO - Processing file /home/frederic/airflow_venv/lib/python3.10/site-packages/airflow/example_dags/example_dynamic_task_mapping_with_no_taskflow_operators.py for tasks to queue
[2026-05-29T09:59:22.219+0200] {logging_mixin.py:151} INFO - [2026-05-29T09:59:22.219+0200] {dagbag.py:539} INFO - Filling up the DagBag from /home/frederic/airflow_venv/lib/python3.10/site-packages/airflow/example_dags/example_dynamic_task_mapping_with_no_taskflow_operators.py
[2026-05-29T09:59:22.227+0200] {processor.py:839} INFO - DAG(s) dict_keys(['example_dynamic_task_mapping_with_no_taskflow_operators']) retrieved from /home/frederic/airflow_venv/lib/python3.10/site-packages/airflow/example_dags/example_dynamic_task_mapping_with_no_taskflow_operators.py
[2026-05-29T09:59:22.243+0200] {logging_mixin.py:151} INFO - [2026-05-29T09:59:22.243+0200] {dag.py:2915} INFO - Sync 1 DAGs
[2026-05-29T09:59:22.269+0200] {logging_mixin.py:151} INFO - [2026-05-29T09:59:22.269+0200] {dag.py:3696} INFO - Setting next_dagrun for example_dynamic_task_mapping_with_no_taskflow_operators to 2026-05-28T07:59:22.269112+00:00, run_after=2026-05-29T07:59:22.269112+00:00
[2026-05-29T09:59:22.293+0200] {processor.py:179} INFO - Processing /home/frederic/airflow_venv/lib/python3.10/site-packages/airflow/example_dags/example_dynamic_task_mapping_with_no_taskflow_operators.py took 0.079 seconds
[2026-05-29T10:00:14.171+0200] {processor.py:157} INFO - Started process (PID=684185) to work on /home/frederic/airflow_venv/lib/python3.10/site-packages/airflow/example_dags/example_dynamic_task_mapping_with_no_taskflow_operators.py
[2026-05-29T10:00:14.172+0200] {processor.py:829} INFO - Processing file /home/frederic/airflow_venv/lib/python3.10/site-packages/airflow/example_dags/example_dynamic_task_mapping_with_no_taskflow_operators.py for tasks to queue
[2026-05-29T10:00:14.173+0200] {logging_mixin.py:151} INFO - [2026-05-29T10:00:14.172+0200] {dagbag.py:539} INFO - Filling up the DagBag from /home/frederic/airflow_venv/lib/python3.10/site-packages/airflow/example_dags/example_dynamic_task_mapping_with_no_taskflow_operators.py
[2026-05-29T10:00:14.180+0200] {processor.py:839} INFO - DAG(s) dict_keys(['example_dynamic_task_mapping_with_no_taskflow_operators']) retrieved from /home/frederic/airflow_venv/lib/python3.10/site-packages/airflow/example_dags/example_dynamic_task_mapping_with_no_taskflow_operators.py
[2026-05-29T10:00:14.194+0200] {logging_mixin.py:151} INFO - [2026-05-29T10:00:14.194+0200] {dag.py:2915} INFO - Sync 1 DAGs
[2026-05-29T10:00:14.215+0200] {logging_mixin.py:151} INFO - [2026-05-29T10:00:14.214+0200] {dag.py:3696} INFO - Setting next_dagrun for example_dynamic_task_mapping_with_no_taskflow_operators to 2026-05-28T08:00:14.214698+00:00, run_after=2026-05-29T08:00:14.214698+00:00
[2026-05-29T10:00:14.231+0200] {processor.py:179} INFO - Processing /home/frederic/airflow_venv/lib/python3.10/site-packages/airflow/example_dags/example_dynamic_task_mapping_with_no_taskflow_operators.py took 0.063 seconds
[2026-05-29T10:01:04.764+0200] {processor.py:157} INFO - Started process (PID=685133) to work on /home/frederic/airflow_venv/lib/python3.10/site-packages/airflow/example_dags/example_dynamic_task_mapping_with_no_taskflow_operators.py
[2026-05-29T10:01:04.765+0200] {processor.py:829} INFO - Processing file /home/frederic/airflow_venv/lib/python3.10/site-packages/airflow/example_dags/example_dynamic_task_mapping_with_no_taskflow_operators.py for tasks to queue
[2026-05-29T10:01:04.766+0200] {logging_mixin.py:151} INFO - [2026-05-29T10:01:04.765+0200] {dagbag.py:539} INFO - Filling up the DagBag from /home/frederic/airflow_venv/lib/python3.10/site-packages/airflow/example_dags/example_dynamic_task_mapping_with_no_taskflow_operators.py
[2026-05-29T10:01:04.772+0200] {processor.py:839} INFO - DAG(s) dict_keys(['example_dynamic_task_mapping_with_no_taskflow_operators']) retrieved from /home/frederic/airflow_venv/lib/python3.10/site-packages/airflow/example_dags/example_dynamic_task_mapping_with_no_taskflow_operators.py
[2026-05-29T10:01:04.785+0200] {logging_mixin.py:151} INFO - [2026-05-29T10:01:04.785+0200] {dag.py:2915} INFO - Sync 1 DAGs
[2026-05-29T10:01:04.804+0200] {logging_mixin.py:151} INFO - [2026-05-29T10:01:04.804+0200] {dag.py:3696} INFO - Setting next_dagrun for example_dynamic_task_mapping_with_no_taskflow_operators to 2026-05-28T08:01:04.804090+00:00, run_after=2026-05-29T08:01:04.804090+00:00
[2026-05-29T10:01:04.821+0200] {processor.py:179} INFO - Processing /home/frederic/airflow_venv/lib/python3.10/site-packages/airflow/example_dags/example_dynamic_task_mapping_with_no_taskflow_operators.py took 0.060 seconds
[2026-05-29T10:01:53.173+0200] {processor.py:157} INFO - Started process (PID=685788) to work on /home/frederic/airflow_venv/lib/python3.10/site-packages/airflow/example_dags/example_dynamic_task_mapping_with_no_taskflow_operators.py
[2026-05-29T10:01:53.174+0200] {processor.py:829} INFO - Processing file /home/frederic/airflow_venv/lib/python3.10/site-packages/airflow/example_dags/example_dynamic_task_mapping_with_no_taskflow_operators.py for tasks to queue
[2026-05-29T10:01:53.175+0200] {logging_mixin.py:151} INFO - [2026-05-29T10:01:53.175+0200] {dagbag.py:539} INFO - Filling up the DagBag from /home/frederic/airflow_venv/lib/python3.10/site-packages/airflow/example_dags/example_dynamic_task_mapping_with_no_taskflow_operators.py
[2026-05-29T10:01:53.181+0200] {processor.py:839} INFO - DAG(s) dict_keys(['example_dynamic_task_mapping_with_no_taskflow_operators']) retrieved from /home/frederic/airflow_venv/lib/python3.10/site-packages/airflow/example_dags/example_dynamic_task_mapping_with_no_taskflow_operators.py
[2026-05-29T10:01:53.196+0200] {logging_mixin.py:151} INFO - [2026-05-29T10:01:53.196+0200] {dag.py:2915} INFO - Sync 1 DAGs
[2026-05-29T10:01:53.218+0200] {logging_mixin.py:151} INFO - [2026-05-29T10:01:53.218+0200] {dag.py:3696} INFO - Setting next_dagrun for example_dynamic_task_mapping_with_no_taskflow_operators to 2026-05-28T08:01:53.217994+00:00, run_after=2026-05-29T08:01:53.217994+00:00
[2026-05-29T10:01:53.236+0200] {processor.py:179} INFO - Processing /home/frederic/airflow_venv/lib/python3.10/site-packages/airflow/example_dags/example_dynamic_task_mapping_with_no_taskflow_operators.py took 0.067 seconds
[2026-05-29T10:02:39.626+0200] {processor.py:157} INFO - Started process (PID=686256) to work on /home/frederic/airflow_venv/lib/python3.10/site-packages/airflow/example_dags/example_dynamic_task_mapping_with_no_taskflow_operators.py
[2026-05-29T10:02:39.629+0200] {processor.py:829} INFO - Processing file /home/frederic/airflow_venv/lib/python3.10/site-packages/airflow/example_dags/example_dynamic_task_mapping_with_no_taskflow_operators.py for tasks to queue
[2026-05-29T10:02:39.630+0200] {logging_mixin.py:151} INFO - [2026-05-29T10:02:39.629+0200] {dagbag.py:539} INFO - Filling up the DagBag from /home/frederic/airflow_venv/lib/python3.10/site-packages/airflow/example_dags/example_dynamic_task_mapping_with_no_taskflow_operators.py
[2026-05-29T10:02:39.638+0200] {processor.py:839} INFO - DAG(s) dict_keys(['example_dynamic_task_mapping_with_no_taskflow_operators']) retrieved from /home/frederic/airflow_venv/lib/python3.10/site-packages/airflow/example_dags/example_dynamic_task_mapping_with_no_taskflow_operators.py
[2026-05-29T10:02:39.652+0200] {logging_mixin.py:151} INFO - [2026-05-29T10:02:39.652+0200] {dag.py:2915} INFO - Sync 1 DAGs
[2026-05-29T10:02:39.671+0200] {logging_mixin.py:151} INFO - [2026-05-29T10:02:39.671+0200] {dag.py:3696} INFO - Setting next_dagrun for example_dynamic_task_mapping_with_no_taskflow_operators to 2026-05-28T08:02:39.671523+00:00, run_after=2026-05-29T08:02:39.671523+00:00
[2026-05-29T10:02:39.690+0200] {processor.py:179} INFO - Processing /home/frederic/airflow_venv/lib/python3.10/site-packages/airflow/example_dags/example_dynamic_task_mapping_with_no_taskflow_operators.py took 0.067 seconds
[2026-05-29T10:03:25.465+0200] {processor.py:157} INFO - Started process (PID=686721) to work on /home/frederic/airflow_venv/lib/python3.10/site-packages/airflow/example_dags/example_dynamic_task_mapping_with_no_taskflow_operators.py
[2026-05-29T10:03:25.469+0200] {processor.py:829} INFO - Processing file /home/frederic/airflow_venv/lib/python3.10/site-packages/airflow/example_dags/example_dynamic_task_mapping_with_no_taskflow_operators.py for tasks to queue
[2026-05-29T10:03:25.470+0200] {logging_mixin.py:151} INFO - [2026-05-29T10:03:25.470+0200] {dagbag.py:539} INFO - Filling up the DagBag from /home/frederic/airflow_venv/lib/python3.10/site-packages/airflow/example_dags/example_dynamic_task_mapping_with_no_taskflow_operators.py
[2026-05-29T10:03:25.477+0200] {processor.py:839} INFO - DAG(s) dict_keys(['example_dynamic_task_mapping_with_no_taskflow_operators']) retrieved from /home/frederic/airflow_venv/lib/python3.10/site-packages/airflow/example_dags/example_dynamic_task_mapping_with_no_taskflow_operators.py
[2026-05-29T10:03:25.494+0200] {logging_mixin.py:151} INFO - [2026-05-29T10:03:25.493+0200] {dag.py:2915} INFO - Sync 1 DAGs
[2026-05-29T10:03:25.514+0200] {logging_mixin.py:151} INFO - [2026-05-29T10:03:25.514+0200] {dag.py:3696} INFO - Setting next_dagrun for example_dynamic_task_mapping_with_no_taskflow_operators to 2026-05-28T08:03:25.514305+00:00, run_after=2026-05-29T08:03:25.514305+00:00
[2026-05-29T10:03:25.532+0200] {processor.py:179} INFO - Processing /home/frederic/airflow_venv/lib/python3.10/site-packages/airflow/example_dags/example_dynamic_task_mapping_with_no_taskflow_operators.py took 0.069 seconds
[2026-05-29T10:04:13.768+0200] {processor.py:157} INFO - Started process (PID=687852) to work on /home/frederic/airflow_venv/lib/python3.10/site-packages/airflow/example_dags/example_dynamic_task_mapping_with_no_taskflow_operators.py
[2026-05-29T10:04:13.772+0200] {processor.py:829} INFO - Processing file /home/frederic/airflow_venv/lib/python3.10/site-packages/airflow/example_dags/example_dynamic_task_mapping_with_no_taskflow_operators.py for tasks to queue
[2026-05-29T10:04:13.772+0200] {logging_mixin.py:151} INFO - [2026-05-29T10:04:13.772+0200] {dagbag.py:539} INFO - Filling up the DagBag from /home/frederic/airflow_venv/lib/python3.10/site-packages/airflow/example_dags/example_dynamic_task_mapping_with_no_taskflow_operators.py
[2026-05-29T10:04:13.781+0200] {processor.py:839} INFO - DAG(s) dict_keys(['example_dynamic_task_mapping_with_no_taskflow_operators']) retrieved from /home/frederic/airflow_venv/lib/python3.10/site-packages/airflow/example_dags/example_dynamic_task_mapping_with_no_taskflow_operators.py
[2026-05-29T10:04:13.796+0200] {logging_mixin.py:151} INFO - [2026-05-29T10:04:13.796+0200] {dag.py:2915} INFO - Sync 1 DAGs
[2026-05-29T10:04:13.817+0200] {logging_mixin.py:151} INFO - [2026-05-29T10:04:13.817+0200] {dag.py:3696} INFO - Setting next_dagrun for example_dynamic_task_mapping_with_no_taskflow_operators to 2026-05-28T08:04:13.817299+00:00, run_after=2026-05-29T08:04:13.817299+00:00
[2026-05-29T10:04:13.838+0200] {processor.py:179} INFO - Processing /home/frederic/airflow_venv/lib/python3.10/site-packages/airflow/example_dags/example_dynamic_task_mapping_with_no_taskflow_operators.py took 0.072 seconds
[2026-05-29T10:05:03.600+0200] {processor.py:157} INFO - Started process (PID=688929) to work on /home/frederic/airflow_venv/lib/python3.10/site-packages/airflow/example_dags/example_dynamic_task_mapping_with_no_taskflow_operators.py
[2026-05-29T10:05:03.601+0200] {processor.py:829} INFO - Processing file /home/frederic/airflow_venv/lib/python3.10/site-packages/airflow/example_dags/example_dynamic_task_mapping_with_no_taskflow_operators.py for tasks to queue
[2026-05-29T10:05:03.602+0200] {logging_mixin.py:151} INFO - [2026-05-29T10:05:03.602+0200] {dagbag.py:539} INFO - Filling up the DagBag from /home/frederic/airflow_venv/lib/python3.10/site-packages/airflow/example_dags/example_dynamic_task_mapping_with_no_taskflow_operators.py
[2026-05-29T10:05:03.609+0200] {processor.py:839} INFO - DAG(s) dict_keys(['example_dynamic_task_mapping_with_no_taskflow_operators']) retrieved from /home/frederic/airflow_venv/lib/python3.10/site-packages/airflow/example_dags/example_dynamic_task_mapping_with_no_taskflow_operators.py
[2026-05-29T10:05:03.623+0200] {logging_mixin.py:151} INFO - [2026-05-29T10:05:03.623+0200] {dag.py:2915} INFO - Sync 1 DAGs
[2026-05-29T10:05:03.643+0200] {logging_mixin.py:151} INFO - [2026-05-29T10:05:03.643+0200] {dag.py:3696} INFO - Setting next_dagrun for example_dynamic_task_mapping_with_no_taskflow_operators to 2026-05-28T08:05:03.643545+00:00, run_after=2026-05-29T08:05:03.643545+00:00
[2026-05-29T10:05:03.665+0200] {processor.py:179} INFO - Processing /home/frederic/airflow_venv/lib/python3.10/site-packages/airflow/example_dags/example_dynamic_task_mapping_with_no_taskflow_operators.py took 0.070 seconds
[2026-05-29T10:05:49.152+0200] {processor.py:157} INFO - Started process (PID=689789) to work on /home/frederic/airflow_venv/lib/python3.10/site-packages/airflow/example_dags/example_dynamic_task_mapping_with_no_taskflow_operators.py
[2026-05-29T10:05:49.153+0200] {processor.py:829} INFO - Processing file /home/frederic/airflow_venv/lib/python3.10/site-packages/airflow/example_dags/example_dynamic_task_mapping_with_no_taskflow_operators.py for tasks to queue
[2026-05-29T10:05:49.154+0200] {logging_mixin.py:151} INFO - [2026-05-29T10:05:49.153+0200] {dagbag.py:539} INFO - Filling up the DagBag from /home/frederic/airflow_venv/lib/python3.10/site-packages/airflow/example_dags/example_dynamic_task_mapping_with_no_taskflow_operators.py
[2026-05-29T10:05:49.161+0200] {processor.py:839} INFO - DAG(s) dict_keys(['example_dynamic_task_mapping_with_no_taskflow_operators']) retrieved from /home/frederic/airflow_venv/lib/python3.10/site-packages/airflow/example_dags/example_dynamic_task_mapping_with_no_taskflow_operators.py
[2026-05-29T10:05:49.175+0200] {logging_mixin.py:151} INFO - [2026-05-29T10:05:49.175+0200] {dag.py:2915} INFO - Sync 1 DAGs
[2026-05-29T10:05:49.195+0200] {logging_mixin.py:151} INFO - [2026-05-29T10:05:49.195+0200] {dag.py:3696} INFO - Setting next_dagrun for example_dynamic_task_mapping_with_no_taskflow_operators to 2026-05-28T08:05:49.194780+00:00, run_after=2026-05-29T08:05:49.194780+00:00
[2026-05-29T10:05:49.214+0200] {processor.py:179} INFO - Processing /home/frederic/airflow_venv/lib/python3.10/site-packages/airflow/example_dags/example_dynamic_task_mapping_with_no_taskflow_operators.py took 0.066 seconds
[2026-05-29T10:06:40.234+0200] {processor.py:157} INFO - Started process (PID=690350) to work on /home/frederic/airflow_venv/lib/python3.10/site-packages/airflow/example_dags/example_dynamic_task_mapping_with_no_taskflow_operators.py
[2026-05-29T10:06:40.235+0200] {processor.py:829} INFO - Processing file /home/frederic/airflow_venv/lib/python3.10/site-packages/airflow/example_dags/example_dynamic_task_mapping_with_no_taskflow_operators.py for tasks to queue
[2026-05-29T10:06:40.236+0200] {logging_mixin.py:151} INFO - [2026-05-29T10:06:40.236+0200] {dagbag.py:539} INFO - Filling up the DagBag from /home/frederic/airflow_venv/lib/python3.10/site-packages/airflow/example_dags/example_dynamic_task_mapping_with_no_taskflow_operators.py
[2026-05-29T10:06:40.242+0200] {processor.py:839} INFO - DAG(s) dict_keys(['example_dynamic_task_mapping_with_no_taskflow_operators']) retrieved from /home/frederic/airflow_venv/lib/python3.10/site-packages/airflow/example_dags/example_dynamic_task_mapping_with_no_taskflow_operators.py
[2026-05-29T10:06:40.255+0200] {logging_mixin.py:151} INFO - [2026-05-29T10:06:40.255+0200] {dag.py:2915} INFO - Sync 1 DAGs
[2026-05-29T10:06:40.278+0200] {logging_mixin.py:151} INFO - [2026-05-29T10:06:40.278+0200] {dag.py:3696} INFO - Setting next_dagrun for example_dynamic_task_mapping_with_no_taskflow_operators to 2026-05-28T08:06:40.277916+00:00, run_after=2026-05-29T08:06:40.277916+00:00
[2026-05-29T10:06:40.297+0200] {processor.py:179} INFO - Processing /home/frederic/airflow_venv/lib/python3.10/site-packages/airflow/example_dags/example_dynamic_task_mapping_with_no_taskflow_operators.py took 0.066 seconds
[2026-05-29T10:07:35.214+0200] {processor.py:157} INFO - Started process (PID=691106) to work on /home/frederic/airflow_venv/lib/python3.10/site-packages/airflow/example_dags/example_dynamic_task_mapping_with_no_taskflow_operators.py
[2026-05-29T10:07:35.215+0200] {processor.py:829} INFO - Processing file /home/frederic/airflow_venv/lib/python3.10/site-packages/airflow/example_dags/example_dynamic_task_mapping_with_no_taskflow_operators.py for tasks to queue
[2026-05-29T10:07:35.216+0200] {logging_mixin.py:151} INFO - [2026-05-29T10:07:35.216+0200] {dagbag.py:539} INFO - Filling up the DagBag from /home/frederic/airflow_venv/lib/python3.10/site-packages/airflow/example_dags/example_dynamic_task_mapping_with_no_taskflow_operators.py
[2026-05-29T10:07:35.224+0200] {processor.py:839} INFO - DAG(s) dict_keys(['example_dynamic_task_mapping_with_no_taskflow_operators']) retrieved from /home/frederic/airflow_venv/lib/python3.10/site-packages/airflow/example_dags/example_dynamic_task_mapping_with_no_taskflow_operators.py
[2026-05-29T10:07:35.238+0200] {logging_mixin.py:151} INFO - [2026-05-29T10:07:35.238+0200] {dag.py:2915} INFO - Sync 1 DAGs
[2026-05-29T10:07:35.255+0200] {logging_mixin.py:151} INFO - [2026-05-29T10:07:35.255+0200] {dag.py:3696} INFO - Setting next_dagrun for example_dynamic_task_mapping_with_no_taskflow_operators to 2026-05-28T08:07:35.255617+00:00, run_after=2026-05-29T08:07:35.255617+00:00
[2026-05-29T10:07:35.271+0200] {processor.py:179} INFO - Processing /home/frederic/airflow_venv/lib/python3.10/site-packages/airflow/example_dags/example_dynamic_task_mapping_with_no_taskflow_operators.py took 0.059 seconds
[2026-05-29T10:08:23.383+0200] {processor.py:157} INFO - Started process (PID=691731) to work on /home/frederic/airflow_venv/lib/python3.10/site-packages/airflow/example_dags/example_dynamic_task_mapping_with_no_taskflow_operators.py
[2026-05-29T10:08:23.386+0200] {processor.py:829} INFO - Processing file /home/frederic/airflow_venv/lib/python3.10/site-packages/airflow/example_dags/example_dynamic_task_mapping_with_no_taskflow_operators.py for tasks to queue
[2026-05-29T10:08:23.387+0200] {logging_mixin.py:151} INFO - [2026-05-29T10:08:23.387+0200] {dagbag.py:539} INFO - Filling up the DagBag from /home/frederic/airflow_venv/lib/python3.10/site-packages/airflow/example_dags/example_dynamic_task_mapping_with_no_taskflow_operators.py
[2026-05-29T10:08:23.393+0200] {processor.py:839} INFO - DAG(s) dict_keys(['example_dynamic_task_mapping_with_no_taskflow_operators']) retrieved from /home/frederic/airflow_venv/lib/python3.10/site-packages/airflow/example_dags/example_dynamic_task_mapping_with_no_taskflow_operators.py
[2026-05-29T10:08:23.406+0200] {logging_mixin.py:151} INFO - [2026-05-29T10:08:23.406+0200] {dag.py:2915} INFO - Sync 1 DAGs
[2026-05-29T10:08:23.424+0200] {logging_mixin.py:151} INFO - [2026-05-29T10:08:23.424+0200] {dag.py:3696} INFO - Setting next_dagrun for example_dynamic_task_mapping_with_no_taskflow_operators to 2026-05-28T08:08:23.423936+00:00, run_after=2026-05-29T08:08:23.423936+00:00
[2026-05-29T10:08:23.445+0200] {processor.py:179} INFO - Processing /home/frederic/airflow_venv/lib/python3.10/site-packages/airflow/example_dags/example_dynamic_task_mapping_with_no_taskflow_operators.py took 0.065 seconds
[2026-05-29T10:09:09.870+0200] {processor.py:157} INFO - Started process (PID=692298) to work on /home/frederic/airflow_venv/lib/python3.10/site-packages/airflow/example_dags/example_dynamic_task_mapping_with_no_taskflow_operators.py
[2026-05-29T10:09:09.873+0200] {processor.py:829} INFO - Processing file /home/frederic/airflow_venv/lib/python3.10/site-packages/airflow/example_dags/example_dynamic_task_mapping_with_no_taskflow_operators.py for tasks to queue
[2026-05-29T10:09:09.875+0200] {logging_mixin.py:151} INFO - [2026-05-29T10:09:09.874+0200] {dagbag.py:539} INFO - Filling up the DagBag from /home/frederic/airflow_venv/lib/python3.10/site-packages/airflow/example_dags/example_dynamic_task_mapping_with_no_taskflow_operators.py
[2026-05-29T10:09:09.881+0200] {processor.py:839} INFO - DAG(s) dict_keys(['example_dynamic_task_mapping_with_no_taskflow_operators']) retrieved from /home/frederic/airflow_venv/lib/python3.10/site-packages/airflow/example_dags/example_dynamic_task_mapping_with_no_taskflow_operators.py
[2026-05-29T10:09:09.895+0200] {logging_mixin.py:151} INFO - [2026-05-29T10:09:09.895+0200] {dag.py:2915} INFO - Sync 1 DAGs
[2026-05-29T10:09:09.915+0200] {logging_mixin.py:151} INFO - [2026-05-29T10:09:09.915+0200] {dag.py:3696} INFO - Setting next_dagrun for example_dynamic_task_mapping_with_no_taskflow_operators to 2026-05-28T08:09:09.915111+00:00, run_after=2026-05-29T08:09:09.915111+00:00
[2026-05-29T10:09:09.933+0200] {processor.py:179} INFO - Processing /home/frederic/airflow_venv/lib/python3.10/site-packages/airflow/example_dags/example_dynamic_task_mapping_with_no_taskflow_operators.py took 0.066 seconds
[2026-05-29T10:10:00.175+0200] {processor.py:157} INFO - Started process (PID=692787) to work on /home/frederic/airflow_venv/lib/python3.10/site-packages/airflow/example_dags/example_dynamic_task_mapping_with_no_taskflow_operators.py
[2026-05-29T10:10:00.176+0200] {processor.py:829} INFO - Processing file /home/frederic/airflow_venv/lib/python3.10/site-packages/airflow/example_dags/example_dynamic_task_mapping_with_no_taskflow_operators.py for tasks to queue
[2026-05-29T10:10:00.177+0200] {logging_mixin.py:151} INFO - [2026-05-29T10:10:00.176+0200] {dagbag.py:539} INFO - Filling up the DagBag from /home/frederic/airflow_venv/lib/python3.10/site-packages/airflow/example_dags/example_dynamic_task_mapping_with_no_taskflow_operators.py
[2026-05-29T10:10:00.183+0200] {processor.py:839} INFO - DAG(s) dict_keys(['example_dynamic_task_mapping_with_no_taskflow_operators']) retrieved from /home/frederic/airflow_venv/lib/python3.10/site-packages/airflow/example_dags/example_dynamic_task_mapping_with_no_taskflow_operators.py
[2026-05-29T10:10:00.196+0200] {logging_mixin.py:151} INFO - [2026-05-29T10:10:00.196+0200] {dag.py:2915} INFO - Sync 1 DAGs
[2026-05-29T10:10:00.218+0200] {logging_mixin.py:151} INFO - [2026-05-29T10:10:00.217+0200] {dag.py:3696} INFO - Setting next_dagrun for example_dynamic_task_mapping_with_no_taskflow_operators to 2026-05-28T08:10:00.217637+00:00, run_after=2026-05-29T08:10:00.217637+00:00
[2026-05-29T10:10:00.235+0200] {processor.py:179} INFO - Processing /home/frederic/airflow_venv/lib/python3.10/site-packages/airflow/example_dags/example_dynamic_task_mapping_with_no_taskflow_operators.py took 0.063 seconds
[2026-05-29T10:10:46.151+0200] {processor.py:157} INFO - Started process (PID=693581) to work on /home/frederic/airflow_venv/lib/python3.10/site-packages/airflow/example_dags/example_dynamic_task_mapping_with_no_taskflow_operators.py
[2026-05-29T10:10:46.152+0200] {processor.py:829} INFO - Processing file /home/frederic/airflow_venv/lib/python3.10/site-packages/airflow/example_dags/example_dynamic_task_mapping_with_no_taskflow_operators.py for tasks to queue
[2026-05-29T10:10:46.153+0200] {logging_mixin.py:151} INFO - [2026-05-29T10:10:46.153+0200] {dagbag.py:539} INFO - Filling up the DagBag from /home/frederic/airflow_venv/lib/python3.10/site-packages/airflow/example_dags/example_dynamic_task_mapping_with_no_taskflow_operators.py
[2026-05-29T10:10:46.160+0200] {processor.py:839} INFO - DAG(s) dict_keys(['example_dynamic_task_mapping_with_no_taskflow_operators']) retrieved from /home/frederic/airflow_venv/lib/python3.10/site-packages/airflow/example_dags/example_dynamic_task_mapping_with_no_taskflow_operators.py
[2026-05-29T10:10:46.180+0200] {logging_mixin.py:151} INFO - [2026-05-29T10:10:46.180+0200] {dag.py:2915} INFO - Sync 1 DAGs
[2026-05-29T10:10:46.204+0200] {logging_mixin.py:151} INFO - [2026-05-29T10:10:46.204+0200] {dag.py:3696} INFO - Setting next_dagrun for example_dynamic_task_mapping_with_no_taskflow_operators to 2026-05-28T08:10:46.204146+00:00, run_after=2026-05-29T08:10:46.204146+00:00
[2026-05-29T10:10:46.227+0200] {processor.py:179} INFO - Processing /home/frederic/airflow_venv/lib/python3.10/site-packages/airflow/example_dags/example_dynamic_task_mapping_with_no_taskflow_operators.py took 0.080 seconds
[2026-05-29T10:11:35.284+0200] {processor.py:157} INFO - Started process (PID=694689) to work on /home/frederic/airflow_venv/lib/python3.10/site-packages/airflow/example_dags/example_dynamic_task_mapping_with_no_taskflow_operators.py
[2026-05-29T10:11:35.285+0200] {processor.py:829} INFO - Processing file /home/frederic/airflow_venv/lib/python3.10/site-packages/airflow/example_dags/example_dynamic_task_mapping_with_no_taskflow_operators.py for tasks to queue
[2026-05-29T10:11:35.286+0200] {logging_mixin.py:151} INFO - [2026-05-29T10:11:35.286+0200] {dagbag.py:539} INFO - Filling up the DagBag from /home/frederic/airflow_venv/lib/python3.10/site-packages/airflow/example_dags/example_dynamic_task_mapping_with_no_taskflow_operators.py
[2026-05-29T10:11:35.291+0200] {processor.py:839} INFO - DAG(s) dict_keys(['example_dynamic_task_mapping_with_no_taskflow_operators']) retrieved from /home/frederic/airflow_venv/lib/python3.10/site-packages/airflow/example_dags/example_dynamic_task_mapping_with_no_taskflow_operators.py
[2026-05-29T10:11:35.303+0200] {logging_mixin.py:151} INFO - [2026-05-29T10:11:35.302+0200] {dag.py:2915} INFO - Sync 1 DAGs
[2026-05-29T10:11:35.319+0200] {logging_mixin.py:151} INFO - [2026-05-29T10:11:35.318+0200] {dag.py:3696} INFO - Setting next_dagrun for example_dynamic_task_mapping_with_no_taskflow_operators to 2026-05-28T08:11:35.318843+00:00, run_after=2026-05-29T08:11:35.318843+00:00
[2026-05-29T10:11:35.333+0200] {processor.py:179} INFO - Processing /home/frederic/airflow_venv/lib/python3.10/site-packages/airflow/example_dags/example_dynamic_task_mapping_with_no_taskflow_operators.py took 0.051 seconds
[2026-05-29T10:12:21.651+0200] {processor.py:157} INFO - Started process (PID=695461) to work on /home/frederic/airflow_venv/lib/python3.10/site-packages/airflow/example_dags/example_dynamic_task_mapping_with_no_taskflow_operators.py
[2026-05-29T10:12:21.652+0200] {processor.py:829} INFO - Processing file /home/frederic/airflow_venv/lib/python3.10/site-packages/airflow/example_dags/example_dynamic_task_mapping_with_no_taskflow_operators.py for tasks to queue
[2026-05-29T10:12:21.652+0200] {logging_mixin.py:151} INFO - [2026-05-29T10:12:21.652+0200] {dagbag.py:539} INFO - Filling up the DagBag from /home/frederic/airflow_venv/lib/python3.10/site-packages/airflow/example_dags/example_dynamic_task_mapping_with_no_taskflow_operators.py
[2026-05-29T10:12:21.658+0200] {processor.py:839} INFO - DAG(s) dict_keys(['example_dynamic_task_mapping_with_no_taskflow_operators']) retrieved from /home/frederic/airflow_venv/lib/python3.10/site-packages/airflow/example_dags/example_dynamic_task_mapping_with_no_taskflow_operators.py
[2026-05-29T10:12:21.668+0200] {logging_mixin.py:151} INFO - [2026-05-29T10:12:21.668+0200] {dag.py:2915} INFO - Sync 1 DAGs
[2026-05-29T10:12:21.682+0200] {logging_mixin.py:151} INFO - [2026-05-29T10:12:21.682+0200] {dag.py:3696} INFO - Setting next_dagrun for example_dynamic_task_mapping_with_no_taskflow_operators to 2026-05-28T08:12:21.682639+00:00, run_after=2026-05-29T08:12:21.682639+00:00
[2026-05-29T10:12:21.696+0200] {processor.py:179} INFO - Processing /home/frederic/airflow_venv/lib/python3.10/site-packages/airflow/example_dags/example_dynamic_task_mapping_with_no_taskflow_operators.py took 0.047 seconds
[2026-05-29T10:13:03.622+0200] {processor.py:157} INFO - Started process (PID=695889) to work on /home/frederic/airflow_venv/lib/python3.10/site-packages/airflow/example_dags/example_dynamic_task_mapping_with_no_taskflow_operators.py
[2026-05-29T10:13:03.626+0200] {processor.py:829} INFO - Processing file /home/frederic/airflow_venv/lib/python3.10/site-packages/airflow/example_dags/example_dynamic_task_mapping_with_no_taskflow_operators.py for tasks to queue
[2026-05-29T10:13:03.626+0200] {logging_mixin.py:151} INFO - [2026-05-29T10:13:03.626+0200] {dagbag.py:539} INFO - Filling up the DagBag from /home/frederic/airflow_venv/lib/python3.10/site-packages/airflow/example_dags/example_dynamic_task_mapping_with_no_taskflow_operators.py
[2026-05-29T10:13:03.631+0200] {processor.py:839} INFO - DAG(s) dict_keys(['example_dynamic_task_mapping_with_no_taskflow_operators']) retrieved from /home/frederic/airflow_venv/lib/python3.10/site-packages/airflow/example_dags/example_dynamic_task_mapping_with_no_taskflow_operators.py
[2026-05-29T10:13:03.642+0200] {logging_mixin.py:151} INFO - [2026-05-29T10:13:03.642+0200] {dag.py:2915} INFO - Sync 1 DAGs
[2026-05-29T10:13:03.656+0200] {logging_mixin.py:151} INFO - [2026-05-29T10:13:03.656+0200] {dag.py:3696} INFO - Setting next_dagrun for example_dynamic_task_mapping_with_no_taskflow_operators to 2026-05-28T08:13:03.656456+00:00, run_after=2026-05-29T08:13:03.656456+00:00
[2026-05-29T10:13:03.671+0200] {processor.py:179} INFO - Processing /home/frederic/airflow_venv/lib/python3.10/site-packages/airflow/example_dags/example_dynamic_task_mapping_with_no_taskflow_operators.py took 0.051 seconds
[2026-05-29T10:14:01.567+0200] {processor.py:157} INFO - Started process (PID=696562) to work on /home/frederic/airflow_venv/lib/python3.10/site-packages/airflow/example_dags/example_dynamic_task_mapping_with_no_taskflow_operators.py
[2026-05-29T10:14:01.568+0200] {processor.py:829} INFO - Processing file /home/frederic/airflow_venv/lib/python3.10/site-packages/airflow/example_dags/example_dynamic_task_mapping_with_no_taskflow_operators.py for tasks to queue
[2026-05-29T10:14:01.569+0200] {logging_mixin.py:151} INFO - [2026-05-29T10:14:01.569+0200] {dagbag.py:539} INFO - Filling up the DagBag from /home/frederic/airflow_venv/lib/python3.10/site-packages/airflow/example_dags/example_dynamic_task_mapping_with_no_taskflow_operators.py
[2026-05-29T10:14:01.577+0200] {processor.py:839} INFO - DAG(s) dict_keys(['example_dynamic_task_mapping_with_no_taskflow_operators']) retrieved from /home/frederic/airflow_venv/lib/python3.10/site-packages/airflow/example_dags/example_dynamic_task_mapping_with_no_taskflow_operators.py
[2026-05-29T10:14:01.590+0200] {logging_mixin.py:151} INFO - [2026-05-29T10:14:01.589+0200] {dag.py:2915} INFO - Sync 1 DAGs
[2026-05-29T10:14:01.609+0200] {logging_mixin.py:151} INFO - [2026-05-29T10:14:01.609+0200] {dag.py:3696} INFO - Setting next_dagrun for example_dynamic_task_mapping_with_no_taskflow_operators to 2026-05-28T08:14:01.609513+00:00, run_after=2026-05-29T08:14:01.609513+00:00
[2026-05-29T10:14:01.625+0200] {processor.py:179} INFO - Processing /home/frederic/airflow_venv/lib/python3.10/site-packages/airflow/example_dags/example_dynamic_task_mapping_with_no_taskflow_operators.py took 0.061 seconds
[2026-05-29T10:14:52.263+0200] {processor.py:157} INFO - Started process (PID=697215) to work on /home/frederic/airflow_venv/lib/python3.10/site-packages/airflow/example_dags/example_dynamic_task_mapping_with_no_taskflow_operators.py
[2026-05-29T10:14:52.264+0200] {processor.py:829} INFO - Processing file /home/frederic/airflow_venv/lib/python3.10/site-packages/airflow/example_dags/example_dynamic_task_mapping_with_no_taskflow_operators.py for tasks to queue
[2026-05-29T10:14:52.265+0200] {logging_mixin.py:151} INFO - [2026-05-29T10:14:52.264+0200] {dagbag.py:539} INFO - Filling up the DagBag from /home/frederic/airflow_venv/lib/python3.10/site-packages/airflow/example_dags/example_dynamic_task_mapping_with_no_taskflow_operators.py
[2026-05-29T10:14:52.271+0200] {processor.py:839} INFO - DAG(s) dict_keys(['example_dynamic_task_mapping_with_no_taskflow_operators']) retrieved from /home/frederic/airflow_venv/lib/python3.10/site-packages/airflow/example_dags/example_dynamic_task_mapping_with_no_taskflow_operators.py
[2026-05-29T10:14:52.283+0200] {logging_mixin.py:151} INFO - [2026-05-29T10:14:52.283+0200] {dag.py:2915} INFO - Sync 1 DAGs
[2026-05-29T10:14:52.300+0200] {logging_mixin.py:151} INFO - [2026-05-29T10:14:52.300+0200] {dag.py:3696} INFO - Setting next_dagrun for example_dynamic_task_mapping_with_no_taskflow_operators to 2026-05-28T08:14:52.300336+00:00, run_after=2026-05-29T08:14:52.300336+00:00
[2026-05-29T10:14:52.316+0200] {processor.py:179} INFO - Processing /home/frederic/airflow_venv/lib/python3.10/site-packages/airflow/example_dags/example_dynamic_task_mapping_with_no_taskflow_operators.py took 0.055 seconds
[2026-05-29T10:15:38.406+0200] {processor.py:157} INFO - Started process (PID=697849) to work on /home/frederic/airflow_venv/lib/python3.10/site-packages/airflow/example_dags/example_dynamic_task_mapping_with_no_taskflow_operators.py
[2026-05-29T10:15:38.407+0200] {processor.py:829} INFO - Processing file /home/frederic/airflow_venv/lib/python3.10/site-packages/airflow/example_dags/example_dynamic_task_mapping_with_no_taskflow_operators.py for tasks to queue
[2026-05-29T10:15:38.408+0200] {logging_mixin.py:151} INFO - [2026-05-29T10:15:38.408+0200] {dagbag.py:539} INFO - Filling up the DagBag from /home/frederic/airflow_venv/lib/python3.10/site-packages/airflow/example_dags/example_dynamic_task_mapping_with_no_taskflow_operators.py
[2026-05-29T10:15:38.413+0200] {processor.py:839} INFO - DAG(s) dict_keys(['example_dynamic_task_mapping_with_no_taskflow_operators']) retrieved from /home/frederic/airflow_venv/lib/python3.10/site-packages/airflow/example_dags/example_dynamic_task_mapping_with_no_taskflow_operators.py
[2026-05-29T10:15:38.425+0200] {logging_mixin.py:151} INFO - [2026-05-29T10:15:38.425+0200] {dag.py:2915} INFO - Sync 1 DAGs
[2026-05-29T10:15:38.442+0200] {logging_mixin.py:151} INFO - [2026-05-29T10:15:38.442+0200] {dag.py:3696} INFO - Setting next_dagrun for example_dynamic_task_mapping_with_no_taskflow_operators to 2026-05-28T08:15:38.441321+00:00, run_after=2026-05-29T08:15:38.441321+00:00
[2026-05-29T10:15:38.458+0200] {processor.py:179} INFO - Processing /home/frederic/airflow_venv/lib/python3.10/site-packages/airflow/example_dags/example_dynamic_task_mapping_with_no_taskflow_operators.py took 0.054 seconds
[2026-05-29T10:16:27.237+0200] {processor.py:157} INFO - Started process (PID=698657) to work on /home/frederic/airflow_venv/lib/python3.10/site-packages/airflow/example_dags/example_dynamic_task_mapping_with_no_taskflow_operators.py
[2026-05-29T10:16:27.238+0200] {processor.py:829} INFO - Processing file /home/frederic/airflow_venv/lib/python3.10/site-packages/airflow/example_dags/example_dynamic_task_mapping_with_no_taskflow_operators.py for tasks to queue
[2026-05-29T10:16:27.240+0200] {logging_mixin.py:151} INFO - [2026-05-29T10:16:27.239+0200] {dagbag.py:539} INFO - Filling up the DagBag from /home/frederic/airflow_venv/lib/python3.10/site-packages/airflow/example_dags/example_dynamic_task_mapping_with_no_taskflow_operators.py
[2026-05-29T10:16:27.253+0200] {processor.py:839} INFO - DAG(s) dict_keys(['example_dynamic_task_mapping_with_no_taskflow_operators']) retrieved from /home/frederic/airflow_venv/lib/python3.10/site-packages/airflow/example_dags/example_dynamic_task_mapping_with_no_taskflow_operators.py
[2026-05-29T10:16:27.280+0200] {logging_mixin.py:151} INFO - [2026-05-29T10:16:27.280+0200] {dag.py:2915} INFO - Sync 1 DAGs
[2026-05-29T10:16:27.312+0200] {logging_mixin.py:151} INFO - [2026-05-29T10:16:27.312+0200] {dag.py:3696} INFO - Setting next_dagrun for example_dynamic_task_mapping_with_no_taskflow_operators to 2026-05-28T08:16:27.311748+00:00, run_after=2026-05-29T08:16:27.311748+00:00
[2026-05-29T10:16:27.333+0200] {processor.py:179} INFO - Processing /home/frederic/airflow_venv/lib/python3.10/site-packages/airflow/example_dags/example_dynamic_task_mapping_with_no_taskflow_operators.py took 0.098 seconds
[2026-05-29T10:17:12.652+0200] {processor.py:157} INFO - Started process (PID=699588) to work on /home/frederic/airflow_venv/lib/python3.10/site-packages/airflow/example_dags/example_dynamic_task_mapping_with_no_taskflow_operators.py
[2026-05-29T10:17:12.653+0200] {processor.py:829} INFO - Processing file /home/frederic/airflow_venv/lib/python3.10/site-packages/airflow/example_dags/example_dynamic_task_mapping_with_no_taskflow_operators.py for tasks to queue
[2026-05-29T10:17:12.654+0200] {logging_mixin.py:151} INFO - [2026-05-29T10:17:12.653+0200] {dagbag.py:539} INFO - Filling up the DagBag from /home/frederic/airflow_venv/lib/python3.10/site-packages/airflow/example_dags/example_dynamic_task_mapping_with_no_taskflow_operators.py
[2026-05-29T10:17:12.660+0200] {processor.py:839} INFO - DAG(s) dict_keys(['example_dynamic_task_mapping_with_no_taskflow_operators']) retrieved from /home/frederic/airflow_venv/lib/python3.10/site-packages/airflow/example_dags/example_dynamic_task_mapping_with_no_taskflow_operators.py
[2026-05-29T10:17:12.672+0200] {logging_mixin.py:151} INFO - [2026-05-29T10:17:12.672+0200] {dag.py:2915} INFO - Sync 1 DAGs
[2026-05-29T10:17:12.690+0200] {logging_mixin.py:151} INFO - [2026-05-29T10:17:12.690+0200] {dag.py:3696} INFO - Setting next_dagrun for example_dynamic_task_mapping_with_no_taskflow_operators to 2026-05-28T08:17:12.690099+00:00, run_after=2026-05-29T08:17:12.690099+00:00
[2026-05-29T10:17:12.712+0200] {processor.py:179} INFO - Processing /home/frederic/airflow_venv/lib/python3.10/site-packages/airflow/example_dags/example_dynamic_task_mapping_with_no_taskflow_operators.py took 0.063 seconds
[2026-05-29T10:18:00.001+0200] {processor.py:157} INFO - Started process (PID=700513) to work on /home/frederic/airflow_venv/lib/python3.10/site-packages/airflow/example_dags/example_dynamic_task_mapping_with_no_taskflow_operators.py
[2026-05-29T10:18:00.002+0200] {processor.py:829} INFO - Processing file /home/frederic/airflow_venv/lib/python3.10/site-packages/airflow/example_dags/example_dynamic_task_mapping_with_no_taskflow_operators.py for tasks to queue
[2026-05-29T10:18:00.003+0200] {logging_mixin.py:151} INFO - [2026-05-29T10:18:00.002+0200] {dagbag.py:539} INFO - Filling up the DagBag from /home/frederic/airflow_venv/lib/python3.10/site-packages/airflow/example_dags/example_dynamic_task_mapping_with_no_taskflow_operators.py
[2026-05-29T10:18:00.010+0200] {processor.py:839} INFO - DAG(s) dict_keys(['example_dynamic_task_mapping_with_no_taskflow_operators']) retrieved from /home/frederic/airflow_venv/lib/python3.10/site-packages/airflow/example_dags/example_dynamic_task_mapping_with_no_taskflow_operators.py
[2026-05-29T10:18:00.025+0200] {logging_mixin.py:151} INFO - [2026-05-29T10:18:00.025+0200] {dag.py:2915} INFO - Sync 1 DAGs
[2026-05-29T10:18:00.041+0200] {logging_mixin.py:151} INFO - [2026-05-29T10:18:00.041+0200] {dag.py:3696} INFO - Setting next_dagrun for example_dynamic_task_mapping_with_no_taskflow_operators to 2026-05-28T08:18:00.041561+00:00, run_after=2026-05-29T08:18:00.041561+00:00
[2026-05-29T10:18:00.057+0200] {processor.py:179} INFO - Processing /home/frederic/airflow_venv/lib/python3.10/site-packages/airflow/example_dags/example_dynamic_task_mapping_with_no_taskflow_operators.py took 0.059 seconds
[2026-05-29T10:18:44.181+0200] {processor.py:157} INFO - Started process (PID=701023) to work on /home/frederic/airflow_venv/lib/python3.10/site-packages/airflow/example_dags/example_dynamic_task_mapping_with_no_taskflow_operators.py
[2026-05-29T10:18:44.182+0200] {processor.py:829} INFO - Processing file /home/frederic/airflow_venv/lib/python3.10/site-packages/airflow/example_dags/example_dynamic_task_mapping_with_no_taskflow_operators.py for tasks to queue
[2026-05-29T10:18:44.183+0200] {logging_mixin.py:151} INFO - [2026-05-29T10:18:44.183+0200] {dagbag.py:539} INFO - Filling up the DagBag from /home/frederic/airflow_venv/lib/python3.10/site-packages/airflow/example_dags/example_dynamic_task_mapping_with_no_taskflow_operators.py
[2026-05-29T10:18:44.189+0200] {processor.py:839} INFO - DAG(s) dict_keys(['example_dynamic_task_mapping_with_no_taskflow_operators']) retrieved from /home/frederic/airflow_venv/lib/python3.10/site-packages/airflow/example_dags/example_dynamic_task_mapping_with_no_taskflow_operators.py
[2026-05-29T10:18:44.203+0200] {logging_mixin.py:151} INFO - [2026-05-29T10:18:44.203+0200] {dag.py:2915} INFO - Sync 1 DAGs
[2026-05-29T10:18:44.219+0200] {logging_mixin.py:151} INFO - [2026-05-29T10:18:44.219+0200] {dag.py:3696} INFO - Setting next_dagrun for example_dynamic_task_mapping_with_no_taskflow_operators to 2026-05-28T08:18:44.219653+00:00, run_after=2026-05-29T08:18:44.219653+00:00
[2026-05-29T10:18:44.235+0200] {processor.py:179} INFO - Processing /home/frederic/airflow_venv/lib/python3.10/site-packages/airflow/example_dags/example_dynamic_task_mapping_with_no_taskflow_operators.py took 0.056 seconds
[2026-05-29T10:19:32.661+0200] {processor.py:157} INFO - Started process (PID=701506) to work on /home/frederic/airflow_venv/lib/python3.10/site-packages/airflow/example_dags/example_dynamic_task_mapping_with_no_taskflow_operators.py
[2026-05-29T10:19:32.662+0200] {processor.py:829} INFO - Processing file /home/frederic/airflow_venv/lib/python3.10/site-packages/airflow/example_dags/example_dynamic_task_mapping_with_no_taskflow_operators.py for tasks to queue
[2026-05-29T10:19:32.662+0200] {logging_mixin.py:151} INFO - [2026-05-29T10:19:32.662+0200] {dagbag.py:539} INFO - Filling up the DagBag from /home/frederic/airflow_venv/lib/python3.10/site-packages/airflow/example_dags/example_dynamic_task_mapping_with_no_taskflow_operators.py
[2026-05-29T10:19:32.668+0200] {processor.py:839} INFO - DAG(s) dict_keys(['example_dynamic_task_mapping_with_no_taskflow_operators']) retrieved from /home/frederic/airflow_venv/lib/python3.10/site-packages/airflow/example_dags/example_dynamic_task_mapping_with_no_taskflow_operators.py
[2026-05-29T10:19:32.680+0200] {logging_mixin.py:151} INFO - [2026-05-29T10:19:32.680+0200] {dag.py:2915} INFO - Sync 1 DAGs
[2026-05-29T10:19:32.702+0200] {logging_mixin.py:151} INFO - [2026-05-29T10:19:32.701+0200] {dag.py:3696} INFO - Setting next_dagrun for example_dynamic_task_mapping_with_no_taskflow_operators to 2026-05-28T08:19:32.701683+00:00, run_after=2026-05-29T08:19:32.701683+00:00
[2026-05-29T10:19:32.717+0200] {processor.py:179} INFO - Processing /home/frederic/airflow_venv/lib/python3.10/site-packages/airflow/example_dags/example_dynamic_task_mapping_with_no_taskflow_operators.py took 0.059 seconds
[2026-05-29T10:20:21.840+0200] {processor.py:157} INFO - Started process (PID=702175) to work on /home/frederic/airflow_venv/lib/python3.10/site-packages/airflow/example_dags/example_dynamic_task_mapping_with_no_taskflow_operators.py
[2026-05-29T10:20:21.841+0200] {processor.py:829} INFO - Processing file /home/frederic/airflow_venv/lib/python3.10/site-packages/airflow/example_dags/example_dynamic_task_mapping_with_no_taskflow_operators.py for tasks to queue
[2026-05-29T10:20:21.842+0200] {logging_mixin.py:151} INFO - [2026-05-29T10:20:21.841+0200] {dagbag.py:539} INFO - Filling up the DagBag from /home/frederic/airflow_venv/lib/python3.10/site-packages/airflow/example_dags/example_dynamic_task_mapping_with_no_taskflow_operators.py
[2026-05-29T10:20:21.847+0200] {processor.py:839} INFO - DAG(s) dict_keys(['example_dynamic_task_mapping_with_no_taskflow_operators']) retrieved from /home/frederic/airflow_venv/lib/python3.10/site-packages/airflow/example_dags/example_dynamic_task_mapping_with_no_taskflow_operators.py
[2026-05-29T10:20:21.858+0200] {logging_mixin.py:151} INFO - [2026-05-29T10:20:21.858+0200] {dag.py:2915} INFO - Sync 1 DAGs
[2026-05-29T10:20:21.872+0200] {logging_mixin.py:151} INFO - [2026-05-29T10:20:21.871+0200] {dag.py:3696} INFO - Setting next_dagrun for example_dynamic_task_mapping_with_no_taskflow_operators to 2026-05-28T08:20:21.871747+00:00, run_after=2026-05-29T08:20:21.871747+00:00
[2026-05-29T10:20:21.888+0200] {processor.py:179} INFO - Processing /home/frederic/airflow_venv/lib/python3.10/site-packages/airflow/example_dags/example_dynamic_task_mapping_with_no_taskflow_operators.py took 0.051 seconds
[2026-05-29T10:21:12.351+0200] {processor.py:157} INFO - Started process (PID=702662) to work on /home/frederic/airflow_venv/lib/python3.10/site-packages/airflow/example_dags/example_dynamic_task_mapping_with_no_taskflow_operators.py
[2026-05-29T10:21:12.352+0200] {processor.py:829} INFO - Processing file /home/frederic/airflow_venv/lib/python3.10/site-packages/airflow/example_dags/example_dynamic_task_mapping_with_no_taskflow_operators.py for tasks to queue
[2026-05-29T10:21:12.353+0200] {logging_mixin.py:151} INFO - [2026-05-29T10:21:12.353+0200] {dagbag.py:539} INFO - Filling up the DagBag from /home/frederic/airflow_venv/lib/python3.10/site-packages/airflow/example_dags/example_dynamic_task_mapping_with_no_taskflow_operators.py
[2026-05-29T10:21:12.358+0200] {processor.py:839} INFO - DAG(s) dict_keys(['example_dynamic_task_mapping_with_no_taskflow_operators']) retrieved from /home/frederic/airflow_venv/lib/python3.10/site-packages/airflow/example_dags/example_dynamic_task_mapping_with_no_taskflow_operators.py
[2026-05-29T10:21:12.370+0200] {logging_mixin.py:151} INFO - [2026-05-29T10:21:12.369+0200] {dag.py:2915} INFO - Sync 1 DAGs
[2026-05-29T10:21:12.386+0200] {logging_mixin.py:151} INFO - [2026-05-29T10:21:12.386+0200] {dag.py:3696} INFO - Setting next_dagrun for example_dynamic_task_mapping_with_no_taskflow_operators to 2026-05-28T08:21:12.386013+00:00, run_after=2026-05-29T08:21:12.386013+00:00
[2026-05-29T10:21:12.406+0200] {processor.py:179} INFO - Processing /home/frederic/airflow_venv/lib/python3.10/site-packages/airflow/example_dags/example_dynamic_task_mapping_with_no_taskflow_operators.py took 0.057 seconds
[2026-05-29T10:21:58.831+0200] {processor.py:157} INFO - Started process (PID=703093) to work on /home/frederic/airflow_venv/lib/python3.10/site-packages/airflow/example_dags/example_dynamic_task_mapping_with_no_taskflow_operators.py
[2026-05-29T10:21:58.832+0200] {processor.py:829} INFO - Processing file /home/frederic/airflow_venv/lib/python3.10/site-packages/airflow/example_dags/example_dynamic_task_mapping_with_no_taskflow_operators.py for tasks to queue
[2026-05-29T10:21:58.833+0200] {logging_mixin.py:151} INFO - [2026-05-29T10:21:58.832+0200] {dagbag.py:539} INFO - Filling up the DagBag from /home/frederic/airflow_venv/lib/python3.10/site-packages/airflow/example_dags/example_dynamic_task_mapping_with_no_taskflow_operators.py
[2026-05-29T10:21:58.838+0200] {processor.py:839} INFO - DAG(s) dict_keys(['example_dynamic_task_mapping_with_no_taskflow_operators']) retrieved from /home/frederic/airflow_venv/lib/python3.10/site-packages/airflow/example_dags/example_dynamic_task_mapping_with_no_taskflow_operators.py
[2026-05-29T10:21:58.849+0200] {logging_mixin.py:151} INFO - [2026-05-29T10:21:58.849+0200] {dag.py:2915} INFO - Sync 1 DAGs
[2026-05-29T10:21:58.945+0200] {logging_mixin.py:151} INFO - [2026-05-29T10:21:58.945+0200] {dag.py:3696} INFO - Setting next_dagrun for example_dynamic_task_mapping_with_no_taskflow_operators to 2026-05-28T08:21:58.945327+00:00, run_after=2026-05-29T08:21:58.945327+00:00
[2026-05-29T10:21:58.960+0200] {processor.py:179} INFO - Processing /home/frederic/airflow_venv/lib/python3.10/site-packages/airflow/example_dags/example_dynamic_task_mapping_with_no_taskflow_operators.py took 0.131 seconds
[2026-05-29T10:22:48.316+0200] {processor.py:157} INFO - Started process (PID=703560) to work on /home/frederic/airflow_venv/lib/python3.10/site-packages/airflow/example_dags/example_dynamic_task_mapping_with_no_taskflow_operators.py
[2026-05-29T10:22:48.317+0200] {processor.py:829} INFO - Processing file /home/frederic/airflow_venv/lib/python3.10/site-packages/airflow/example_dags/example_dynamic_task_mapping_with_no_taskflow_operators.py for tasks to queue
[2026-05-29T10:22:48.318+0200] {logging_mixin.py:151} INFO - [2026-05-29T10:22:48.317+0200] {dagbag.py:539} INFO - Filling up the DagBag from /home/frederic/airflow_venv/lib/python3.10/site-packages/airflow/example_dags/example_dynamic_task_mapping_with_no_taskflow_operators.py
[2026-05-29T10:22:48.324+0200] {processor.py:839} INFO - DAG(s) dict_keys(['example_dynamic_task_mapping_with_no_taskflow_operators']) retrieved from /home/frederic/airflow_venv/lib/python3.10/site-packages/airflow/example_dags/example_dynamic_task_mapping_with_no_taskflow_operators.py
[2026-05-29T10:22:48.338+0200] {logging_mixin.py:151} INFO - [2026-05-29T10:22:48.337+0200] {dag.py:2915} INFO - Sync 1 DAGs
[2026-05-29T10:22:48.356+0200] {logging_mixin.py:151} INFO - [2026-05-29T10:22:48.356+0200] {dag.py:3696} INFO - Setting next_dagrun for example_dynamic_task_mapping_with_no_taskflow_operators to 2026-05-28T08:22:48.355887+00:00, run_after=2026-05-29T08:22:48.355887+00:00
[2026-05-29T10:22:48.373+0200] {processor.py:179} INFO - Processing /home/frederic/airflow_venv/lib/python3.10/site-packages/airflow/example_dags/example_dynamic_task_mapping_with_no_taskflow_operators.py took 0.060 seconds
[2026-05-29T10:23:36.229+0200] {processor.py:157} INFO - Started process (PID=704167) to work on /home/frederic/airflow_venv/lib/python3.10/site-packages/airflow/example_dags/example_dynamic_task_mapping_with_no_taskflow_operators.py
[2026-05-29T10:23:36.230+0200] {processor.py:829} INFO - Processing file /home/frederic/airflow_venv/lib/python3.10/site-packages/airflow/example_dags/example_dynamic_task_mapping_with_no_taskflow_operators.py for tasks to queue
[2026-05-29T10:23:36.231+0200] {logging_mixin.py:151} INFO - [2026-05-29T10:23:36.230+0200] {dagbag.py:539} INFO - Filling up the DagBag from /home/frederic/airflow_venv/lib/python3.10/site-packages/airflow/example_dags/example_dynamic_task_mapping_with_no_taskflow_operators.py
[2026-05-29T10:23:36.238+0200] {processor.py:839} INFO - DAG(s) dict_keys(['example_dynamic_task_mapping_with_no_taskflow_operators']) retrieved from /home/frederic/airflow_venv/lib/python3.10/site-packages/airflow/example_dags/example_dynamic_task_mapping_with_no_taskflow_operators.py
[2026-05-29T10:23:36.249+0200] {logging_mixin.py:151} INFO - [2026-05-29T10:23:36.249+0200] {dag.py:2915} INFO - Sync 1 DAGs
[2026-05-29T10:23:36.265+0200] {logging_mixin.py:151} INFO - [2026-05-29T10:23:36.265+0200] {dag.py:3696} INFO - Setting next_dagrun for example_dynamic_task_mapping_with_no_taskflow_operators to 2026-05-28T08:23:36.265073+00:00, run_after=2026-05-29T08:23:36.265073+00:00
[2026-05-29T10:23:36.279+0200] {processor.py:179} INFO - Processing /home/frederic/airflow_venv/lib/python3.10/site-packages/airflow/example_dags/example_dynamic_task_mapping_with_no_taskflow_operators.py took 0.053 seconds
[2026-05-29T10:24:26.883+0200] {processor.py:157} INFO - Started process (PID=704695) to work on /home/frederic/airflow_venv/lib/python3.10/site-packages/airflow/example_dags/example_dynamic_task_mapping_with_no_taskflow_operators.py
[2026-05-29T10:24:26.884+0200] {processor.py:829} INFO - Processing file /home/frederic/airflow_venv/lib/python3.10/site-packages/airflow/example_dags/example_dynamic_task_mapping_with_no_taskflow_operators.py for tasks to queue
[2026-05-29T10:24:26.884+0200] {logging_mixin.py:151} INFO - [2026-05-29T10:24:26.884+0200] {dagbag.py:539} INFO - Filling up the DagBag from /home/frederic/airflow_venv/lib/python3.10/site-packages/airflow/example_dags/example_dynamic_task_mapping_with_no_taskflow_operators.py
[2026-05-29T10:24:26.890+0200] {processor.py:839} INFO - DAG(s) dict_keys(['example_dynamic_task_mapping_with_no_taskflow_operators']) retrieved from /home/frederic/airflow_venv/lib/python3.10/site-packages/airflow/example_dags/example_dynamic_task_mapping_with_no_taskflow_operators.py
[2026-05-29T10:24:26.901+0200] {logging_mixin.py:151} INFO - [2026-05-29T10:24:26.901+0200] {dag.py:2915} INFO - Sync 1 DAGs
[2026-05-29T10:24:26.917+0200] {logging_mixin.py:151} INFO - [2026-05-29T10:24:26.917+0200] {dag.py:3696} INFO - Setting next_dagrun for example_dynamic_task_mapping_with_no_taskflow_operators to 2026-05-28T08:24:26.917208+00:00, run_after=2026-05-29T08:24:26.917208+00:00
[2026-05-29T10:24:26.931+0200] {processor.py:179} INFO - Processing /home/frederic/airflow_venv/lib/python3.10/site-packages/airflow/example_dags/example_dynamic_task_mapping_with_no_taskflow_operators.py took 0.051 seconds
[2026-05-29T10:25:21.006+0200] {processor.py:157} INFO - Started process (PID=705235) to work on /home/frederic/airflow_venv/lib/python3.10/site-packages/airflow/example_dags/example_dynamic_task_mapping_with_no_taskflow_operators.py
[2026-05-29T10:25:21.007+0200] {processor.py:829} INFO - Processing file /home/frederic/airflow_venv/lib/python3.10/site-packages/airflow/example_dags/example_dynamic_task_mapping_with_no_taskflow_operators.py for tasks to queue
[2026-05-29T10:25:21.008+0200] {logging_mixin.py:151} INFO - [2026-05-29T10:25:21.007+0200] {dagbag.py:539} INFO - Filling up the DagBag from /home/frederic/airflow_venv/lib/python3.10/site-packages/airflow/example_dags/example_dynamic_task_mapping_with_no_taskflow_operators.py
[2026-05-29T10:25:21.015+0200] {processor.py:839} INFO - DAG(s) dict_keys(['example_dynamic_task_mapping_with_no_taskflow_operators']) retrieved from /home/frederic/airflow_venv/lib/python3.10/site-packages/airflow/example_dags/example_dynamic_task_mapping_with_no_taskflow_operators.py
[2026-05-29T10:25:21.031+0200] {logging_mixin.py:151} INFO - [2026-05-29T10:25:21.031+0200] {dag.py:2915} INFO - Sync 1 DAGs
[2026-05-29T10:25:21.165+0200] {logging_mixin.py:151} INFO - [2026-05-29T10:25:21.165+0200] {dag.py:3696} INFO - Setting next_dagrun for example_dynamic_task_mapping_with_no_taskflow_operators to 2026-05-28T08:25:21.164867+00:00, run_after=2026-05-29T08:25:21.164867+00:00
[2026-05-29T10:25:21.179+0200] {processor.py:179} INFO - Processing /home/frederic/airflow_venv/lib/python3.10/site-packages/airflow/example_dags/example_dynamic_task_mapping_with_no_taskflow_operators.py took 0.176 seconds
[2026-05-29T10:26:17.451+0200] {processor.py:157} INFO - Started process (PID=705785) to work on /home/frederic/airflow_venv/lib/python3.10/site-packages/airflow/example_dags/example_dynamic_task_mapping_with_no_taskflow_operators.py
[2026-05-29T10:26:17.452+0200] {processor.py:829} INFO - Processing file /home/frederic/airflow_venv/lib/python3.10/site-packages/airflow/example_dags/example_dynamic_task_mapping_with_no_taskflow_operators.py for tasks to queue
[2026-05-29T10:26:17.453+0200] {logging_mixin.py:151} INFO - [2026-05-29T10:26:17.453+0200] {dagbag.py:539} INFO - Filling up the DagBag from /home/frederic/airflow_venv/lib/python3.10/site-packages/airflow/example_dags/example_dynamic_task_mapping_with_no_taskflow_operators.py
[2026-05-29T10:26:17.460+0200] {processor.py:839} INFO - DAG(s) dict_keys(['example_dynamic_task_mapping_with_no_taskflow_operators']) retrieved from /home/frederic/airflow_venv/lib/python3.10/site-packages/airflow/example_dags/example_dynamic_task_mapping_with_no_taskflow_operators.py
[2026-05-29T10:26:17.475+0200] {logging_mixin.py:151} INFO - [2026-05-29T10:26:17.475+0200] {dag.py:2915} INFO - Sync 1 DAGs
[2026-05-29T10:26:17.496+0200] {logging_mixin.py:151} INFO - [2026-05-29T10:26:17.496+0200] {dag.py:3696} INFO - Setting next_dagrun for example_dynamic_task_mapping_with_no_taskflow_operators to 2026-05-28T08:26:17.496199+00:00, run_after=2026-05-29T08:26:17.496199+00:00
[2026-05-29T10:26:17.515+0200] {processor.py:179} INFO - Processing /home/frederic/airflow_venv/lib/python3.10/site-packages/airflow/example_dags/example_dynamic_task_mapping_with_no_taskflow_operators.py took 0.067 seconds
[2026-05-29T10:27:08.699+0200] {processor.py:157} INFO - Started process (PID=706312) to work on /home/frederic/airflow_venv/lib/python3.10/site-packages/airflow/example_dags/example_dynamic_task_mapping_with_no_taskflow_operators.py
[2026-05-29T10:27:08.700+0200] {processor.py:829} INFO - Processing file /home/frederic/airflow_venv/lib/python3.10/site-packages/airflow/example_dags/example_dynamic_task_mapping_with_no_taskflow_operators.py for tasks to queue
[2026-05-29T10:27:08.701+0200] {logging_mixin.py:151} INFO - [2026-05-29T10:27:08.700+0200] {dagbag.py:539} INFO - Filling up the DagBag from /home/frederic/airflow_venv/lib/python3.10/site-packages/airflow/example_dags/example_dynamic_task_mapping_with_no_taskflow_operators.py
[2026-05-29T10:27:08.789+0200] {processor.py:839} INFO - DAG(s) dict_keys(['example_dynamic_task_mapping_with_no_taskflow_operators']) retrieved from /home/frederic/airflow_venv/lib/python3.10/site-packages/airflow/example_dags/example_dynamic_task_mapping_with_no_taskflow_operators.py
[2026-05-29T10:27:08.797+0200] {logging_mixin.py:151} INFO - [2026-05-29T10:27:08.796+0200] {dag.py:2915} INFO - Sync 1 DAGs
[2026-05-29T10:27:08.810+0200] {logging_mixin.py:151} INFO - [2026-05-29T10:27:08.809+0200] {dag.py:3696} INFO - Setting next_dagrun for example_dynamic_task_mapping_with_no_taskflow_operators to 2026-05-28T08:27:08.809841+00:00, run_after=2026-05-29T08:27:08.809841+00:00
[2026-05-29T10:27:08.823+0200] {processor.py:179} INFO - Processing /home/frederic/airflow_venv/lib/python3.10/site-packages/airflow/example_dags/example_dynamic_task_mapping_with_no_taskflow_operators.py took 0.126 seconds
[2026-05-29T10:27:54.953+0200] {processor.py:157} INFO - Started process (PID=706736) to work on /home/frederic/airflow_venv/lib/python3.10/site-packages/airflow/example_dags/example_dynamic_task_mapping_with_no_taskflow_operators.py
[2026-05-29T10:27:54.955+0200] {processor.py:829} INFO - Processing file /home/frederic/airflow_venv/lib/python3.10/site-packages/airflow/example_dags/example_dynamic_task_mapping_with_no_taskflow_operators.py for tasks to queue
[2026-05-29T10:27:54.955+0200] {logging_mixin.py:151} INFO - [2026-05-29T10:27:54.955+0200] {dagbag.py:539} INFO - Filling up the DagBag from /home/frederic/airflow_venv/lib/python3.10/site-packages/airflow/example_dags/example_dynamic_task_mapping_with_no_taskflow_operators.py
[2026-05-29T10:27:54.961+0200] {processor.py:839} INFO - DAG(s) dict_keys(['example_dynamic_task_mapping_with_no_taskflow_operators']) retrieved from /home/frederic/airflow_venv/lib/python3.10/site-packages/airflow/example_dags/example_dynamic_task_mapping_with_no_taskflow_operators.py
[2026-05-29T10:27:54.972+0200] {logging_mixin.py:151} INFO - [2026-05-29T10:27:54.972+0200] {dag.py:2915} INFO - Sync 1 DAGs
[2026-05-29T10:27:54.990+0200] {logging_mixin.py:151} INFO - [2026-05-29T10:27:54.990+0200] {dag.py:3696} INFO - Setting next_dagrun for example_dynamic_task_mapping_with_no_taskflow_operators to 2026-05-28T08:27:54.989938+00:00, run_after=2026-05-29T08:27:54.989938+00:00
[2026-05-29T10:27:55.007+0200] {processor.py:179} INFO - Processing /home/frederic/airflow_venv/lib/python3.10/site-packages/airflow/example_dags/example_dynamic_task_mapping_with_no_taskflow_operators.py took 0.056 seconds
[2026-05-29T10:28:39.470+0200] {processor.py:157} INFO - Started process (PID=707392) to work on /home/frederic/airflow_venv/lib/python3.10/site-packages/airflow/example_dags/example_dynamic_task_mapping_with_no_taskflow_operators.py
[2026-05-29T10:28:39.471+0200] {processor.py:829} INFO - Processing file /home/frederic/airflow_venv/lib/python3.10/site-packages/airflow/example_dags/example_dynamic_task_mapping_with_no_taskflow_operators.py for tasks to queue
[2026-05-29T10:28:39.472+0200] {logging_mixin.py:151} INFO - [2026-05-29T10:28:39.471+0200] {dagbag.py:539} INFO - Filling up the DagBag from /home/frederic/airflow_venv/lib/python3.10/site-packages/airflow/example_dags/example_dynamic_task_mapping_with_no_taskflow_operators.py
[2026-05-29T10:28:39.479+0200] {processor.py:839} INFO - DAG(s) dict_keys(['example_dynamic_task_mapping_with_no_taskflow_operators']) retrieved from /home/frederic/airflow_venv/lib/python3.10/site-packages/airflow/example_dags/example_dynamic_task_mapping_with_no_taskflow_operators.py
[2026-05-29T10:28:39.492+0200] {logging_mixin.py:151} INFO - [2026-05-29T10:28:39.491+0200] {dag.py:2915} INFO - Sync 1 DAGs
[2026-05-29T10:28:39.509+0200] {logging_mixin.py:151} INFO - [2026-05-29T10:28:39.508+0200] {dag.py:3696} INFO - Setting next_dagrun for example_dynamic_task_mapping_with_no_taskflow_operators to 2026-05-28T08:28:39.508688+00:00, run_after=2026-05-29T08:28:39.508688+00:00
[2026-05-29T10:28:39.524+0200] {processor.py:179} INFO - Processing /home/frederic/airflow_venv/lib/python3.10/site-packages/airflow/example_dags/example_dynamic_task_mapping_with_no_taskflow_operators.py took 0.057 seconds
[2026-05-29T10:29:29.753+0200] {processor.py:157} INFO - Started process (PID=707949) to work on /home/frederic/airflow_venv/lib/python3.10/site-packages/airflow/example_dags/example_dynamic_task_mapping_with_no_taskflow_operators.py
[2026-05-29T10:29:29.754+0200] {processor.py:829} INFO - Processing file /home/frederic/airflow_venv/lib/python3.10/site-packages/airflow/example_dags/example_dynamic_task_mapping_with_no_taskflow_operators.py for tasks to queue
[2026-05-29T10:29:29.755+0200] {logging_mixin.py:151} INFO - [2026-05-29T10:29:29.754+0200] {dagbag.py:539} INFO - Filling up the DagBag from /home/frederic/airflow_venv/lib/python3.10/site-packages/airflow/example_dags/example_dynamic_task_mapping_with_no_taskflow_operators.py
[2026-05-29T10:29:29.760+0200] {processor.py:839} INFO - DAG(s) dict_keys(['example_dynamic_task_mapping_with_no_taskflow_operators']) retrieved from /home/frederic/airflow_venv/lib/python3.10/site-packages/airflow/example_dags/example_dynamic_task_mapping_with_no_taskflow_operators.py
[2026-05-29T10:29:29.773+0200] {logging_mixin.py:151} INFO - [2026-05-29T10:29:29.773+0200] {dag.py:2915} INFO - Sync 1 DAGs
[2026-05-29T10:29:29.789+0200] {logging_mixin.py:151} INFO - [2026-05-29T10:29:29.789+0200] {dag.py:3696} INFO - Setting next_dagrun for example_dynamic_task_mapping_with_no_taskflow_operators to 2026-05-28T08:29:29.789125+00:00, run_after=2026-05-29T08:29:29.789125+00:00
[2026-05-29T10:29:29.804+0200] {processor.py:179} INFO - Processing /home/frederic/airflow_venv/lib/python3.10/site-packages/airflow/example_dags/example_dynamic_task_mapping_with_no_taskflow_operators.py took 0.053 seconds
[2026-05-29T10:30:16.537+0200] {processor.py:157} INFO - Started process (PID=708513) to work on /home/frederic/airflow_venv/lib/python3.10/site-packages/airflow/example_dags/example_dynamic_task_mapping_with_no_taskflow_operators.py
[2026-05-29T10:30:16.538+0200] {processor.py:829} INFO - Processing file /home/frederic/airflow_venv/lib/python3.10/site-packages/airflow/example_dags/example_dynamic_task_mapping_with_no_taskflow_operators.py for tasks to queue
[2026-05-29T10:30:16.539+0200] {logging_mixin.py:151} INFO - [2026-05-29T10:30:16.539+0200] {dagbag.py:539} INFO - Filling up the DagBag from /home/frederic/airflow_venv/lib/python3.10/site-packages/airflow/example_dags/example_dynamic_task_mapping_with_no_taskflow_operators.py
[2026-05-29T10:30:16.547+0200] {processor.py:839} INFO - DAG(s) dict_keys(['example_dynamic_task_mapping_with_no_taskflow_operators']) retrieved from /home/frederic/airflow_venv/lib/python3.10/site-packages/airflow/example_dags/example_dynamic_task_mapping_with_no_taskflow_operators.py
[2026-05-29T10:30:16.561+0200] {logging_mixin.py:151} INFO - [2026-05-29T10:30:16.560+0200] {dag.py:2915} INFO - Sync 1 DAGs
[2026-05-29T10:30:16.579+0200] {logging_mixin.py:151} INFO - [2026-05-29T10:30:16.578+0200] {dag.py:3696} INFO - Setting next_dagrun for example_dynamic_task_mapping_with_no_taskflow_operators to 2026-05-28T08:30:16.578693+00:00, run_after=2026-05-29T08:30:16.578693+00:00
[2026-05-29T10:30:16.595+0200] {processor.py:179} INFO - Processing /home/frederic/airflow_venv/lib/python3.10/site-packages/airflow/example_dags/example_dynamic_task_mapping_with_no_taskflow_operators.py took 0.060 seconds
[2026-05-29T10:31:01.947+0200] {processor.py:157} INFO - Started process (PID=709158) to work on /home/frederic/airflow_venv/lib/python3.10/site-packages/airflow/example_dags/example_dynamic_task_mapping_with_no_taskflow_operators.py
[2026-05-29T10:31:01.948+0200] {processor.py:829} INFO - Processing file /home/frederic/airflow_venv/lib/python3.10/site-packages/airflow/example_dags/example_dynamic_task_mapping_with_no_taskflow_operators.py for tasks to queue
[2026-05-29T10:31:01.949+0200] {logging_mixin.py:151} INFO - [2026-05-29T10:31:01.949+0200] {dagbag.py:539} INFO - Filling up the DagBag from /home/frederic/airflow_venv/lib/python3.10/site-packages/airflow/example_dags/example_dynamic_task_mapping_with_no_taskflow_operators.py
[2026-05-29T10:31:01.955+0200] {processor.py:839} INFO - DAG(s) dict_keys(['example_dynamic_task_mapping_with_no_taskflow_operators']) retrieved from /home/frederic/airflow_venv/lib/python3.10/site-packages/airflow/example_dags/example_dynamic_task_mapping_with_no_taskflow_operators.py
[2026-05-29T10:31:01.966+0200] {logging_mixin.py:151} INFO - [2026-05-29T10:31:01.966+0200] {dag.py:2915} INFO - Sync 1 DAGs
[2026-05-29T10:31:01.982+0200] {logging_mixin.py:151} INFO - [2026-05-29T10:31:01.982+0200] {dag.py:3696} INFO - Setting next_dagrun for example_dynamic_task_mapping_with_no_taskflow_operators to 2026-05-28T08:31:01.982131+00:00, run_after=2026-05-29T08:31:01.982131+00:00
[2026-05-29T10:31:01.996+0200] {processor.py:179} INFO - Processing /home/frederic/airflow_venv/lib/python3.10/site-packages/airflow/example_dags/example_dynamic_task_mapping_with_no_taskflow_operators.py took 0.051 seconds
[2026-05-29T10:31:48.488+0200] {processor.py:157} INFO - Started process (PID=709605) to work on /home/frederic/airflow_venv/lib/python3.10/site-packages/airflow/example_dags/example_dynamic_task_mapping_with_no_taskflow_operators.py
[2026-05-29T10:31:48.489+0200] {processor.py:829} INFO - Processing file /home/frederic/airflow_venv/lib/python3.10/site-packages/airflow/example_dags/example_dynamic_task_mapping_with_no_taskflow_operators.py for tasks to queue
[2026-05-29T10:31:48.490+0200] {logging_mixin.py:151} INFO - [2026-05-29T10:31:48.489+0200] {dagbag.py:539} INFO - Filling up the DagBag from /home/frederic/airflow_venv/lib/python3.10/site-packages/airflow/example_dags/example_dynamic_task_mapping_with_no_taskflow_operators.py
[2026-05-29T10:31:48.496+0200] {processor.py:839} INFO - DAG(s) dict_keys(['example_dynamic_task_mapping_with_no_taskflow_operators']) retrieved from /home/frederic/airflow_venv/lib/python3.10/site-packages/airflow/example_dags/example_dynamic_task_mapping_with_no_taskflow_operators.py
[2026-05-29T10:31:48.508+0200] {logging_mixin.py:151} INFO - [2026-05-29T10:31:48.508+0200] {dag.py:2915} INFO - Sync 1 DAGs
[2026-05-29T10:31:48.526+0200] {logging_mixin.py:151} INFO - [2026-05-29T10:31:48.525+0200] {dag.py:3696} INFO - Setting next_dagrun for example_dynamic_task_mapping_with_no_taskflow_operators to 2026-05-28T08:31:48.525699+00:00, run_after=2026-05-29T08:31:48.525699+00:00
[2026-05-29T10:31:48.541+0200] {processor.py:179} INFO - Processing /home/frederic/airflow_venv/lib/python3.10/site-packages/airflow/example_dags/example_dynamic_task_mapping_with_no_taskflow_operators.py took 0.056 seconds
[2026-05-29T10:32:32.864+0200] {processor.py:157} INFO - Started process (PID=710213) to work on /home/frederic/airflow_venv/lib/python3.10/site-packages/airflow/example_dags/example_dynamic_task_mapping_with_no_taskflow_operators.py
[2026-05-29T10:32:32.866+0200] {processor.py:829} INFO - Processing file /home/frederic/airflow_venv/lib/python3.10/site-packages/airflow/example_dags/example_dynamic_task_mapping_with_no_taskflow_operators.py for tasks to queue
[2026-05-29T10:32:32.866+0200] {logging_mixin.py:151} INFO - [2026-05-29T10:32:32.866+0200] {dagbag.py:539} INFO - Filling up the DagBag from /home/frederic/airflow_venv/lib/python3.10/site-packages/airflow/example_dags/example_dynamic_task_mapping_with_no_taskflow_operators.py
[2026-05-29T10:32:32.872+0200] {processor.py:839} INFO - DAG(s) dict_keys(['example_dynamic_task_mapping_with_no_taskflow_operators']) retrieved from /home/frederic/airflow_venv/lib/python3.10/site-packages/airflow/example_dags/example_dynamic_task_mapping_with_no_taskflow_operators.py
[2026-05-29T10:32:32.883+0200] {logging_mixin.py:151} INFO - [2026-05-29T10:32:32.883+0200] {dag.py:2915} INFO - Sync 1 DAGs
[2026-05-29T10:32:32.899+0200] {logging_mixin.py:151} INFO - [2026-05-29T10:32:32.899+0200] {dag.py:3696} INFO - Setting next_dagrun for example_dynamic_task_mapping_with_no_taskflow_operators to 2026-05-28T08:32:32.899015+00:00, run_after=2026-05-29T08:32:32.899015+00:00
[2026-05-29T10:32:32.913+0200] {processor.py:179} INFO - Processing /home/frederic/airflow_venv/lib/python3.10/site-packages/airflow/example_dags/example_dynamic_task_mapping_with_no_taskflow_operators.py took 0.051 seconds
[2026-05-29T10:33:20.568+0200] {processor.py:157} INFO - Started process (PID=711013) to work on /home/frederic/airflow_venv/lib/python3.10/site-packages/airflow/example_dags/example_dynamic_task_mapping_with_no_taskflow_operators.py
[2026-05-29T10:33:20.569+0200] {processor.py:829} INFO - Processing file /home/frederic/airflow_venv/lib/python3.10/site-packages/airflow/example_dags/example_dynamic_task_mapping_with_no_taskflow_operators.py for tasks to queue
[2026-05-29T10:33:20.570+0200] {logging_mixin.py:151} INFO - [2026-05-29T10:33:20.570+0200] {dagbag.py:539} INFO - Filling up the DagBag from /home/frederic/airflow_venv/lib/python3.10/site-packages/airflow/example_dags/example_dynamic_task_mapping_with_no_taskflow_operators.py
[2026-05-29T10:33:20.576+0200] {processor.py:839} INFO - DAG(s) dict_keys(['example_dynamic_task_mapping_with_no_taskflow_operators']) retrieved from /home/frederic/airflow_venv/lib/python3.10/site-packages/airflow/example_dags/example_dynamic_task_mapping_with_no_taskflow_operators.py
[2026-05-29T10:33:20.589+0200] {logging_mixin.py:151} INFO - [2026-05-29T10:33:20.589+0200] {dag.py:2915} INFO - Sync 1 DAGs
[2026-05-29T10:33:20.610+0200] {logging_mixin.py:151} INFO - [2026-05-29T10:33:20.610+0200] {dag.py:3696} INFO - Setting next_dagrun for example_dynamic_task_mapping_with_no_taskflow_operators to 2026-05-28T08:33:20.609910+00:00, run_after=2026-05-29T08:33:20.609910+00:00
[2026-05-29T10:33:20.626+0200] {processor.py:179} INFO - Processing /home/frederic/airflow_venv/lib/python3.10/site-packages/airflow/example_dags/example_dynamic_task_mapping_with_no_taskflow_operators.py took 0.060 seconds
[2026-05-29T10:34:03.993+0200] {processor.py:157} INFO - Started process (PID=711725) to work on /home/frederic/airflow_venv/lib/python3.10/site-packages/airflow/example_dags/example_dynamic_task_mapping_with_no_taskflow_operators.py
[2026-05-29T10:34:03.994+0200] {processor.py:829} INFO - Processing file /home/frederic/airflow_venv/lib/python3.10/site-packages/airflow/example_dags/example_dynamic_task_mapping_with_no_taskflow_operators.py for tasks to queue
[2026-05-29T10:34:03.994+0200] {logging_mixin.py:151} INFO - [2026-05-29T10:34:03.994+0200] {dagbag.py:539} INFO - Filling up the DagBag from /home/frederic/airflow_venv/lib/python3.10/site-packages/airflow/example_dags/example_dynamic_task_mapping_with_no_taskflow_operators.py
[2026-05-29T10:34:04.000+0200] {processor.py:839} INFO - DAG(s) dict_keys(['example_dynamic_task_mapping_with_no_taskflow_operators']) retrieved from /home/frederic/airflow_venv/lib/python3.10/site-packages/airflow/example_dags/example_dynamic_task_mapping_with_no_taskflow_operators.py
[2026-05-29T10:34:04.012+0200] {logging_mixin.py:151} INFO - [2026-05-29T10:34:04.012+0200] {dag.py:2915} INFO - Sync 1 DAGs
[2026-05-29T10:34:04.029+0200] {logging_mixin.py:151} INFO - [2026-05-29T10:34:04.029+0200] {dag.py:3696} INFO - Setting next_dagrun for example_dynamic_task_mapping_with_no_taskflow_operators to 2026-05-28T08:34:04.029255+00:00, run_after=2026-05-29T08:34:04.029255+00:00
[2026-05-29T10:34:04.044+0200] {processor.py:179} INFO - Processing /home/frederic/airflow_venv/lib/python3.10/site-packages/airflow/example_dags/example_dynamic_task_mapping_with_no_taskflow_operators.py took 0.053 seconds
[2026-05-29T10:34:47.042+0200] {processor.py:157} INFO - Started process (PID=712146) to work on /home/frederic/airflow_venv/lib/python3.10/site-packages/airflow/example_dags/example_dynamic_task_mapping_with_no_taskflow_operators.py
[2026-05-29T10:34:47.043+0200] {processor.py:829} INFO - Processing file /home/frederic/airflow_venv/lib/python3.10/site-packages/airflow/example_dags/example_dynamic_task_mapping_with_no_taskflow_operators.py for tasks to queue
[2026-05-29T10:34:47.044+0200] {logging_mixin.py:151} INFO - [2026-05-29T10:34:47.044+0200] {dagbag.py:539} INFO - Filling up the DagBag from /home/frederic/airflow_venv/lib/python3.10/site-packages/airflow/example_dags/example_dynamic_task_mapping_with_no_taskflow_operators.py
[2026-05-29T10:34:47.052+0200] {processor.py:839} INFO - DAG(s) dict_keys(['example_dynamic_task_mapping_with_no_taskflow_operators']) retrieved from /home/frederic/airflow_venv/lib/python3.10/site-packages/airflow/example_dags/example_dynamic_task_mapping_with_no_taskflow_operators.py
[2026-05-29T10:34:47.066+0200] {logging_mixin.py:151} INFO - [2026-05-29T10:34:47.066+0200] {dag.py:2915} INFO - Sync 1 DAGs
[2026-05-29T10:34:47.084+0200] {logging_mixin.py:151} INFO - [2026-05-29T10:34:47.084+0200] {dag.py:3696} INFO - Setting next_dagrun for example_dynamic_task_mapping_with_no_taskflow_operators to 2026-05-28T08:34:47.084541+00:00, run_after=2026-05-29T08:34:47.084541+00:00
[2026-05-29T10:34:47.102+0200] {processor.py:179} INFO - Processing /home/frederic/airflow_venv/lib/python3.10/site-packages/airflow/example_dags/example_dynamic_task_mapping_with_no_taskflow_operators.py took 0.062 seconds
[2026-05-29T10:35:35.982+0200] {processor.py:157} INFO - Started process (PID=712650) to work on /home/frederic/airflow_venv/lib/python3.10/site-packages/airflow/example_dags/example_dynamic_task_mapping_with_no_taskflow_operators.py
[2026-05-29T10:35:35.985+0200] {processor.py:829} INFO - Processing file /home/frederic/airflow_venv/lib/python3.10/site-packages/airflow/example_dags/example_dynamic_task_mapping_with_no_taskflow_operators.py for tasks to queue
[2026-05-29T10:35:35.986+0200] {logging_mixin.py:151} INFO - [2026-05-29T10:35:35.985+0200] {dagbag.py:539} INFO - Filling up the DagBag from /home/frederic/airflow_venv/lib/python3.10/site-packages/airflow/example_dags/example_dynamic_task_mapping_with_no_taskflow_operators.py
[2026-05-29T10:35:35.991+0200] {processor.py:839} INFO - DAG(s) dict_keys(['example_dynamic_task_mapping_with_no_taskflow_operators']) retrieved from /home/frederic/airflow_venv/lib/python3.10/site-packages/airflow/example_dags/example_dynamic_task_mapping_with_no_taskflow_operators.py
[2026-05-29T10:35:36.002+0200] {logging_mixin.py:151} INFO - [2026-05-29T10:35:36.002+0200] {dag.py:2915} INFO - Sync 1 DAGs
[2026-05-29T10:35:36.018+0200] {logging_mixin.py:151} INFO - [2026-05-29T10:35:36.017+0200] {dag.py:3696} INFO - Setting next_dagrun for example_dynamic_task_mapping_with_no_taskflow_operators to 2026-05-28T08:35:36.017837+00:00, run_after=2026-05-29T08:35:36.017837+00:00
[2026-05-29T10:35:36.032+0200] {processor.py:179} INFO - Processing /home/frederic/airflow_venv/lib/python3.10/site-packages/airflow/example_dags/example_dynamic_task_mapping_with_no_taskflow_operators.py took 0.053 seconds
[2026-05-29T10:36:20.408+0200] {processor.py:157} INFO - Started process (PID=713231) to work on /home/frederic/airflow_venv/lib/python3.10/site-packages/airflow/example_dags/example_dynamic_task_mapping_with_no_taskflow_operators.py
[2026-05-29T10:36:20.409+0200] {processor.py:829} INFO - Processing file /home/frederic/airflow_venv/lib/python3.10/site-packages/airflow/example_dags/example_dynamic_task_mapping_with_no_taskflow_operators.py for tasks to queue
[2026-05-29T10:36:20.410+0200] {logging_mixin.py:151} INFO - [2026-05-29T10:36:20.410+0200] {dagbag.py:539} INFO - Filling up the DagBag from /home/frederic/airflow_venv/lib/python3.10/site-packages/airflow/example_dags/example_dynamic_task_mapping_with_no_taskflow_operators.py
[2026-05-29T10:36:20.416+0200] {processor.py:839} INFO - DAG(s) dict_keys(['example_dynamic_task_mapping_with_no_taskflow_operators']) retrieved from /home/frederic/airflow_venv/lib/python3.10/site-packages/airflow/example_dags/example_dynamic_task_mapping_with_no_taskflow_operators.py
[2026-05-29T10:36:20.429+0200] {logging_mixin.py:151} INFO - [2026-05-29T10:36:20.429+0200] {dag.py:2915} INFO - Sync 1 DAGs
[2026-05-29T10:36:20.446+0200] {logging_mixin.py:151} INFO - [2026-05-29T10:36:20.446+0200] {dag.py:3696} INFO - Setting next_dagrun for example_dynamic_task_mapping_with_no_taskflow_operators to 2026-05-28T08:36:20.445866+00:00, run_after=2026-05-29T08:36:20.445866+00:00
[2026-05-29T10:36:20.461+0200] {processor.py:179} INFO - Processing /home/frederic/airflow_venv/lib/python3.10/site-packages/airflow/example_dags/example_dynamic_task_mapping_with_no_taskflow_operators.py took 0.055 seconds
[2026-05-29T10:37:05.178+0200] {processor.py:157} INFO - Started process (PID=713734) to work on /home/frederic/airflow_venv/lib/python3.10/site-packages/airflow/example_dags/example_dynamic_task_mapping_with_no_taskflow_operators.py
[2026-05-29T10:37:05.180+0200] {processor.py:829} INFO - Processing file /home/frederic/airflow_venv/lib/python3.10/site-packages/airflow/example_dags/example_dynamic_task_mapping_with_no_taskflow_operators.py for tasks to queue
[2026-05-29T10:37:05.181+0200] {logging_mixin.py:151} INFO - [2026-05-29T10:37:05.180+0200] {dagbag.py:539} INFO - Filling up the DagBag from /home/frederic/airflow_venv/lib/python3.10/site-packages/airflow/example_dags/example_dynamic_task_mapping_with_no_taskflow_operators.py
[2026-05-29T10:37:05.188+0200] {processor.py:839} INFO - DAG(s) dict_keys(['example_dynamic_task_mapping_with_no_taskflow_operators']) retrieved from /home/frederic/airflow_venv/lib/python3.10/site-packages/airflow/example_dags/example_dynamic_task_mapping_with_no_taskflow_operators.py
[2026-05-29T10:37:05.205+0200] {logging_mixin.py:151} INFO - [2026-05-29T10:37:05.205+0200] {dag.py:2915} INFO - Sync 1 DAGs
[2026-05-29T10:37:05.231+0200] {logging_mixin.py:151} INFO - [2026-05-29T10:37:05.231+0200] {dag.py:3696} INFO - Setting next_dagrun for example_dynamic_task_mapping_with_no_taskflow_operators to 2026-05-28T08:37:05.231115+00:00, run_after=2026-05-29T08:37:05.231115+00:00
[2026-05-29T10:37:05.254+0200] {processor.py:179} INFO - Processing /home/frederic/airflow_venv/lib/python3.10/site-packages/airflow/example_dags/example_dynamic_task_mapping_with_no_taskflow_operators.py took 0.079 seconds
[2026-05-29T10:37:52.746+0200] {processor.py:157} INFO - Started process (PID=714504) to work on /home/frederic/airflow_venv/lib/python3.10/site-packages/airflow/example_dags/example_dynamic_task_mapping_with_no_taskflow_operators.py
[2026-05-29T10:37:52.747+0200] {processor.py:829} INFO - Processing file /home/frederic/airflow_venv/lib/python3.10/site-packages/airflow/example_dags/example_dynamic_task_mapping_with_no_taskflow_operators.py for tasks to queue
[2026-05-29T10:37:52.748+0200] {logging_mixin.py:151} INFO - [2026-05-29T10:37:52.747+0200] {dagbag.py:539} INFO - Filling up the DagBag from /home/frederic/airflow_venv/lib/python3.10/site-packages/airflow/example_dags/example_dynamic_task_mapping_with_no_taskflow_operators.py
[2026-05-29T10:37:52.753+0200] {processor.py:839} INFO - DAG(s) dict_keys(['example_dynamic_task_mapping_with_no_taskflow_operators']) retrieved from /home/frederic/airflow_venv/lib/python3.10/site-packages/airflow/example_dags/example_dynamic_task_mapping_with_no_taskflow_operators.py
[2026-05-29T10:37:52.764+0200] {logging_mixin.py:151} INFO - [2026-05-29T10:37:52.764+0200] {dag.py:2915} INFO - Sync 1 DAGs
[2026-05-29T10:37:52.778+0200] {logging_mixin.py:151} INFO - [2026-05-29T10:37:52.778+0200] {dag.py:3696} INFO - Setting next_dagrun for example_dynamic_task_mapping_with_no_taskflow_operators to 2026-05-28T08:37:52.778438+00:00, run_after=2026-05-29T08:37:52.778438+00:00
[2026-05-29T10:37:52.792+0200] {processor.py:179} INFO - Processing /home/frederic/airflow_venv/lib/python3.10/site-packages/airflow/example_dags/example_dynamic_task_mapping_with_no_taskflow_operators.py took 0.048 seconds
[2026-05-29T10:38:39.298+0200] {processor.py:157} INFO - Started process (PID=715064) to work on /home/frederic/airflow_venv/lib/python3.10/site-packages/airflow/example_dags/example_dynamic_task_mapping_with_no_taskflow_operators.py
[2026-05-29T10:38:39.299+0200] {processor.py:829} INFO - Processing file /home/frederic/airflow_venv/lib/python3.10/site-packages/airflow/example_dags/example_dynamic_task_mapping_with_no_taskflow_operators.py for tasks to queue
[2026-05-29T10:38:39.299+0200] {logging_mixin.py:151} INFO - [2026-05-29T10:38:39.299+0200] {dagbag.py:539} INFO - Filling up the DagBag from /home/frederic/airflow_venv/lib/python3.10/site-packages/airflow/example_dags/example_dynamic_task_mapping_with_no_taskflow_operators.py
[2026-05-29T10:38:39.305+0200] {processor.py:839} INFO - DAG(s) dict_keys(['example_dynamic_task_mapping_with_no_taskflow_operators']) retrieved from /home/frederic/airflow_venv/lib/python3.10/site-packages/airflow/example_dags/example_dynamic_task_mapping_with_no_taskflow_operators.py
[2026-05-29T10:38:39.317+0200] {logging_mixin.py:151} INFO - [2026-05-29T10:38:39.317+0200] {dag.py:2915} INFO - Sync 1 DAGs
[2026-05-29T10:38:39.335+0200] {logging_mixin.py:151} INFO - [2026-05-29T10:38:39.335+0200] {dag.py:3696} INFO - Setting next_dagrun for example_dynamic_task_mapping_with_no_taskflow_operators to 2026-05-28T08:38:39.335381+00:00, run_after=2026-05-29T08:38:39.335381+00:00
[2026-05-29T10:38:39.349+0200] {processor.py:179} INFO - Processing /home/frederic/airflow_venv/lib/python3.10/site-packages/airflow/example_dags/example_dynamic_task_mapping_with_no_taskflow_operators.py took 0.053 seconds
[2026-05-29T10:39:23.880+0200] {processor.py:157} INFO - Started process (PID=715836) to work on /home/frederic/airflow_venv/lib/python3.10/site-packages/airflow/example_dags/example_dynamic_task_mapping_with_no_taskflow_operators.py
[2026-05-29T10:39:23.881+0200] {processor.py:829} INFO - Processing file /home/frederic/airflow_venv/lib/python3.10/site-packages/airflow/example_dags/example_dynamic_task_mapping_with_no_taskflow_operators.py for tasks to queue
[2026-05-29T10:39:23.882+0200] {logging_mixin.py:151} INFO - [2026-05-29T10:39:23.882+0200] {dagbag.py:539} INFO - Filling up the DagBag from /home/frederic/airflow_venv/lib/python3.10/site-packages/airflow/example_dags/example_dynamic_task_mapping_with_no_taskflow_operators.py
[2026-05-29T10:39:23.888+0200] {processor.py:839} INFO - DAG(s) dict_keys(['example_dynamic_task_mapping_with_no_taskflow_operators']) retrieved from /home/frederic/airflow_venv/lib/python3.10/site-packages/airflow/example_dags/example_dynamic_task_mapping_with_no_taskflow_operators.py
[2026-05-29T10:39:23.899+0200] {logging_mixin.py:151} INFO - [2026-05-29T10:39:23.899+0200] {dag.py:2915} INFO - Sync 1 DAGs
[2026-05-29T10:39:23.917+0200] {logging_mixin.py:151} INFO - [2026-05-29T10:39:23.917+0200] {dag.py:3696} INFO - Setting next_dagrun for example_dynamic_task_mapping_with_no_taskflow_operators to 2026-05-28T08:39:23.916884+00:00, run_after=2026-05-29T08:39:23.916884+00:00
[2026-05-29T10:39:23.935+0200] {processor.py:179} INFO - Processing /home/frederic/airflow_venv/lib/python3.10/site-packages/airflow/example_dags/example_dynamic_task_mapping_with_no_taskflow_operators.py took 0.057 seconds
[2026-05-29T10:40:08.334+0200] {processor.py:157} INFO - Started process (PID=716421) to work on /home/frederic/airflow_venv/lib/python3.10/site-packages/airflow/example_dags/example_dynamic_task_mapping_with_no_taskflow_operators.py
[2026-05-29T10:40:08.335+0200] {processor.py:829} INFO - Processing file /home/frederic/airflow_venv/lib/python3.10/site-packages/airflow/example_dags/example_dynamic_task_mapping_with_no_taskflow_operators.py for tasks to queue
[2026-05-29T10:40:08.336+0200] {logging_mixin.py:151} INFO - [2026-05-29T10:40:08.335+0200] {dagbag.py:539} INFO - Filling up the DagBag from /home/frederic/airflow_venv/lib/python3.10/site-packages/airflow/example_dags/example_dynamic_task_mapping_with_no_taskflow_operators.py
[2026-05-29T10:40:08.342+0200] {processor.py:839} INFO - DAG(s) dict_keys(['example_dynamic_task_mapping_with_no_taskflow_operators']) retrieved from /home/frederic/airflow_venv/lib/python3.10/site-packages/airflow/example_dags/example_dynamic_task_mapping_with_no_taskflow_operators.py
[2026-05-29T10:40:08.353+0200] {logging_mixin.py:151} INFO - [2026-05-29T10:40:08.353+0200] {dag.py:2915} INFO - Sync 1 DAGs
[2026-05-29T10:40:08.370+0200] {logging_mixin.py:151} INFO - [2026-05-29T10:40:08.369+0200] {dag.py:3696} INFO - Setting next_dagrun for example_dynamic_task_mapping_with_no_taskflow_operators to 2026-05-28T08:40:08.369767+00:00, run_after=2026-05-29T08:40:08.369767+00:00
[2026-05-29T10:40:08.385+0200] {processor.py:179} INFO - Processing /home/frederic/airflow_venv/lib/python3.10/site-packages/airflow/example_dags/example_dynamic_task_mapping_with_no_taskflow_operators.py took 0.053 seconds
[2026-05-29T10:40:53.302+0200] {processor.py:157} INFO - Started process (PID=716850) to work on /home/frederic/airflow_venv/lib/python3.10/site-packages/airflow/example_dags/example_dynamic_task_mapping_with_no_taskflow_operators.py
[2026-05-29T10:40:53.303+0200] {processor.py:829} INFO - Processing file /home/frederic/airflow_venv/lib/python3.10/site-packages/airflow/example_dags/example_dynamic_task_mapping_with_no_taskflow_operators.py for tasks to queue
[2026-05-29T10:40:53.304+0200] {logging_mixin.py:151} INFO - [2026-05-29T10:40:53.304+0200] {dagbag.py:539} INFO - Filling up the DagBag from /home/frederic/airflow_venv/lib/python3.10/site-packages/airflow/example_dags/example_dynamic_task_mapping_with_no_taskflow_operators.py
[2026-05-29T10:40:53.310+0200] {processor.py:839} INFO - DAG(s) dict_keys(['example_dynamic_task_mapping_with_no_taskflow_operators']) retrieved from /home/frederic/airflow_venv/lib/python3.10/site-packages/airflow/example_dags/example_dynamic_task_mapping_with_no_taskflow_operators.py
[2026-05-29T10:40:53.325+0200] {logging_mixin.py:151} INFO - [2026-05-29T10:40:53.325+0200] {dag.py:2915} INFO - Sync 1 DAGs
[2026-05-29T10:40:53.344+0200] {logging_mixin.py:151} INFO - [2026-05-29T10:40:53.344+0200] {dag.py:3696} INFO - Setting next_dagrun for example_dynamic_task_mapping_with_no_taskflow_operators to 2026-05-28T08:40:53.344338+00:00, run_after=2026-05-29T08:40:53.344338+00:00
[2026-05-29T10:40:53.364+0200] {processor.py:179} INFO - Processing /home/frederic/airflow_venv/lib/python3.10/site-packages/airflow/example_dags/example_dynamic_task_mapping_with_no_taskflow_operators.py took 0.065 seconds
[2026-05-29T10:41:41.002+0200] {processor.py:157} INFO - Started process (PID=717366) to work on /home/frederic/airflow_venv/lib/python3.10/site-packages/airflow/example_dags/example_dynamic_task_mapping_with_no_taskflow_operators.py
[2026-05-29T10:41:41.003+0200] {processor.py:829} INFO - Processing file /home/frederic/airflow_venv/lib/python3.10/site-packages/airflow/example_dags/example_dynamic_task_mapping_with_no_taskflow_operators.py for tasks to queue
[2026-05-29T10:41:41.005+0200] {logging_mixin.py:151} INFO - [2026-05-29T10:41:41.004+0200] {dagbag.py:539} INFO - Filling up the DagBag from /home/frederic/airflow_venv/lib/python3.10/site-packages/airflow/example_dags/example_dynamic_task_mapping_with_no_taskflow_operators.py
[2026-05-29T10:41:41.011+0200] {processor.py:839} INFO - DAG(s) dict_keys(['example_dynamic_task_mapping_with_no_taskflow_operators']) retrieved from /home/frederic/airflow_venv/lib/python3.10/site-packages/airflow/example_dags/example_dynamic_task_mapping_with_no_taskflow_operators.py
[2026-05-29T10:41:41.025+0200] {logging_mixin.py:151} INFO - [2026-05-29T10:41:41.025+0200] {dag.py:2915} INFO - Sync 1 DAGs
[2026-05-29T10:41:41.047+0200] {logging_mixin.py:151} INFO - [2026-05-29T10:41:41.046+0200] {dag.py:3696} INFO - Setting next_dagrun for example_dynamic_task_mapping_with_no_taskflow_operators to 2026-05-28T08:41:41.046448+00:00, run_after=2026-05-29T08:41:41.046448+00:00
[2026-05-29T10:41:41.064+0200] {processor.py:179} INFO - Processing /home/frederic/airflow_venv/lib/python3.10/site-packages/airflow/example_dags/example_dynamic_task_mapping_with_no_taskflow_operators.py took 0.065 seconds
[2026-05-29T10:42:28.630+0200] {processor.py:157} INFO - Started process (PID=717860) to work on /home/frederic/airflow_venv/lib/python3.10/site-packages/airflow/example_dags/example_dynamic_task_mapping_with_no_taskflow_operators.py
[2026-05-29T10:42:28.631+0200] {processor.py:829} INFO - Processing file /home/frederic/airflow_venv/lib/python3.10/site-packages/airflow/example_dags/example_dynamic_task_mapping_with_no_taskflow_operators.py for tasks to queue
[2026-05-29T10:42:28.632+0200] {logging_mixin.py:151} INFO - [2026-05-29T10:42:28.632+0200] {dagbag.py:539} INFO - Filling up the DagBag from /home/frederic/airflow_venv/lib/python3.10/site-packages/airflow/example_dags/example_dynamic_task_mapping_with_no_taskflow_operators.py
[2026-05-29T10:42:28.639+0200] {processor.py:839} INFO - DAG(s) dict_keys(['example_dynamic_task_mapping_with_no_taskflow_operators']) retrieved from /home/frederic/airflow_venv/lib/python3.10/site-packages/airflow/example_dags/example_dynamic_task_mapping_with_no_taskflow_operators.py
[2026-05-29T10:42:28.651+0200] {logging_mixin.py:151} INFO - [2026-05-29T10:42:28.651+0200] {dag.py:2915} INFO - Sync 1 DAGs
[2026-05-29T10:42:28.668+0200] {logging_mixin.py:151} INFO - [2026-05-29T10:42:28.668+0200] {dag.py:3696} INFO - Setting next_dagrun for example_dynamic_task_mapping_with_no_taskflow_operators to 2026-05-28T08:42:28.668091+00:00, run_after=2026-05-29T08:42:28.668091+00:00
[2026-05-29T10:42:28.685+0200] {processor.py:179} INFO - Processing /home/frederic/airflow_venv/lib/python3.10/site-packages/airflow/example_dags/example_dynamic_task_mapping_with_no_taskflow_operators.py took 0.057 seconds
[2026-05-29T10:43:10.886+0200] {processor.py:157} INFO - Started process (PID=718384) to work on /home/frederic/airflow_venv/lib/python3.10/site-packages/airflow/example_dags/example_dynamic_task_mapping_with_no_taskflow_operators.py
[2026-05-29T10:43:10.887+0200] {processor.py:829} INFO - Processing file /home/frederic/airflow_venv/lib/python3.10/site-packages/airflow/example_dags/example_dynamic_task_mapping_with_no_taskflow_operators.py for tasks to queue
[2026-05-29T10:43:10.888+0200] {logging_mixin.py:151} INFO - [2026-05-29T10:43:10.888+0200] {dagbag.py:539} INFO - Filling up the DagBag from /home/frederic/airflow_venv/lib/python3.10/site-packages/airflow/example_dags/example_dynamic_task_mapping_with_no_taskflow_operators.py
[2026-05-29T10:43:10.895+0200] {processor.py:839} INFO - DAG(s) dict_keys(['example_dynamic_task_mapping_with_no_taskflow_operators']) retrieved from /home/frederic/airflow_venv/lib/python3.10/site-packages/airflow/example_dags/example_dynamic_task_mapping_with_no_taskflow_operators.py
[2026-05-29T10:43:10.908+0200] {logging_mixin.py:151} INFO - [2026-05-29T10:43:10.908+0200] {dag.py:2915} INFO - Sync 1 DAGs
[2026-05-29T10:43:10.926+0200] {logging_mixin.py:151} INFO - [2026-05-29T10:43:10.926+0200] {dag.py:3696} INFO - Setting next_dagrun for example_dynamic_task_mapping_with_no_taskflow_operators to 2026-05-28T08:43:10.925993+00:00, run_after=2026-05-29T08:43:10.925993+00:00
[2026-05-29T10:43:10.942+0200] {processor.py:179} INFO - Processing /home/frederic/airflow_venv/lib/python3.10/site-packages/airflow/example_dags/example_dynamic_task_mapping_with_no_taskflow_operators.py took 0.059 seconds
[2026-05-29T10:43:58.720+0200] {processor.py:157} INFO - Started process (PID=718820) to work on /home/frederic/airflow_venv/lib/python3.10/site-packages/airflow/example_dags/example_dynamic_task_mapping_with_no_taskflow_operators.py
[2026-05-29T10:43:58.721+0200] {processor.py:829} INFO - Processing file /home/frederic/airflow_venv/lib/python3.10/site-packages/airflow/example_dags/example_dynamic_task_mapping_with_no_taskflow_operators.py for tasks to queue
[2026-05-29T10:43:58.722+0200] {logging_mixin.py:151} INFO - [2026-05-29T10:43:58.721+0200] {dagbag.py:539} INFO - Filling up the DagBag from /home/frederic/airflow_venv/lib/python3.10/site-packages/airflow/example_dags/example_dynamic_task_mapping_with_no_taskflow_operators.py
[2026-05-29T10:43:58.728+0200] {processor.py:839} INFO - DAG(s) dict_keys(['example_dynamic_task_mapping_with_no_taskflow_operators']) retrieved from /home/frederic/airflow_venv/lib/python3.10/site-packages/airflow/example_dags/example_dynamic_task_mapping_with_no_taskflow_operators.py
[2026-05-29T10:43:58.741+0200] {logging_mixin.py:151} INFO - [2026-05-29T10:43:58.740+0200] {dag.py:2915} INFO - Sync 1 DAGs
[2026-05-29T10:43:58.757+0200] {logging_mixin.py:151} INFO - [2026-05-29T10:43:58.757+0200] {dag.py:3696} INFO - Setting next_dagrun for example_dynamic_task_mapping_with_no_taskflow_operators to 2026-05-28T08:43:58.756859+00:00, run_after=2026-05-29T08:43:58.756859+00:00
[2026-05-29T10:43:58.772+0200] {processor.py:179} INFO - Processing /home/frederic/airflow_venv/lib/python3.10/site-packages/airflow/example_dags/example_dynamic_task_mapping_with_no_taskflow_operators.py took 0.055 seconds
[2026-05-29T10:44:43.522+0200] {processor.py:157} INFO - Started process (PID=719549) to work on /home/frederic/airflow_venv/lib/python3.10/site-packages/airflow/example_dags/example_dynamic_task_mapping_with_no_taskflow_operators.py
[2026-05-29T10:44:43.524+0200] {processor.py:829} INFO - Processing file /home/frederic/airflow_venv/lib/python3.10/site-packages/airflow/example_dags/example_dynamic_task_mapping_with_no_taskflow_operators.py for tasks to queue
[2026-05-29T10:44:43.525+0200] {logging_mixin.py:151} INFO - [2026-05-29T10:44:43.524+0200] {dagbag.py:539} INFO - Filling up the DagBag from /home/frederic/airflow_venv/lib/python3.10/site-packages/airflow/example_dags/example_dynamic_task_mapping_with_no_taskflow_operators.py
[2026-05-29T10:44:43.533+0200] {processor.py:839} INFO - DAG(s) dict_keys(['example_dynamic_task_mapping_with_no_taskflow_operators']) retrieved from /home/frederic/airflow_venv/lib/python3.10/site-packages/airflow/example_dags/example_dynamic_task_mapping_with_no_taskflow_operators.py
[2026-05-29T10:44:43.549+0200] {logging_mixin.py:151} INFO - [2026-05-29T10:44:43.548+0200] {dag.py:2915} INFO - Sync 1 DAGs
[2026-05-29T10:44:43.570+0200] {logging_mixin.py:151} INFO - [2026-05-29T10:44:43.569+0200] {dag.py:3696} INFO - Setting next_dagrun for example_dynamic_task_mapping_with_no_taskflow_operators to 2026-05-28T08:44:43.569699+00:00, run_after=2026-05-29T08:44:43.569699+00:00
[2026-05-29T10:44:43.591+0200] {processor.py:179} INFO - Processing /home/frederic/airflow_venv/lib/python3.10/site-packages/airflow/example_dags/example_dynamic_task_mapping_with_no_taskflow_operators.py took 0.072 seconds
[2026-05-29T10:45:32.172+0200] {processor.py:157} INFO - Started process (PID=720146) to work on /home/frederic/airflow_venv/lib/python3.10/site-packages/airflow/example_dags/example_dynamic_task_mapping_with_no_taskflow_operators.py
[2026-05-29T10:45:32.173+0200] {processor.py:829} INFO - Processing file /home/frederic/airflow_venv/lib/python3.10/site-packages/airflow/example_dags/example_dynamic_task_mapping_with_no_taskflow_operators.py for tasks to queue
[2026-05-29T10:45:32.174+0200] {logging_mixin.py:151} INFO - [2026-05-29T10:45:32.174+0200] {dagbag.py:539} INFO - Filling up the DagBag from /home/frederic/airflow_venv/lib/python3.10/site-packages/airflow/example_dags/example_dynamic_task_mapping_with_no_taskflow_operators.py
[2026-05-29T10:45:32.182+0200] {processor.py:839} INFO - DAG(s) dict_keys(['example_dynamic_task_mapping_with_no_taskflow_operators']) retrieved from /home/frederic/airflow_venv/lib/python3.10/site-packages/airflow/example_dags/example_dynamic_task_mapping_with_no_taskflow_operators.py
[2026-05-29T10:45:32.193+0200] {logging_mixin.py:151} INFO - [2026-05-29T10:45:32.193+0200] {dag.py:2915} INFO - Sync 1 DAGs
[2026-05-29T10:45:32.209+0200] {logging_mixin.py:151} INFO - [2026-05-29T10:45:32.208+0200] {dag.py:3696} INFO - Setting next_dagrun for example_dynamic_task_mapping_with_no_taskflow_operators to 2026-05-28T08:45:32.208737+00:00, run_after=2026-05-29T08:45:32.208737+00:00
[2026-05-29T10:45:32.224+0200] {processor.py:179} INFO - Processing /home/frederic/airflow_venv/lib/python3.10/site-packages/airflow/example_dags/example_dynamic_task_mapping_with_no_taskflow_operators.py took 0.055 seconds
[2026-05-29T10:46:17.305+0200] {processor.py:157} INFO - Started process (PID=720603) to work on /home/frederic/airflow_venv/lib/python3.10/site-packages/airflow/example_dags/example_dynamic_task_mapping_with_no_taskflow_operators.py
[2026-05-29T10:46:17.306+0200] {processor.py:829} INFO - Processing file /home/frederic/airflow_venv/lib/python3.10/site-packages/airflow/example_dags/example_dynamic_task_mapping_with_no_taskflow_operators.py for tasks to queue
[2026-05-29T10:46:17.307+0200] {logging_mixin.py:151} INFO - [2026-05-29T10:46:17.307+0200] {dagbag.py:539} INFO - Filling up the DagBag from /home/frederic/airflow_venv/lib/python3.10/site-packages/airflow/example_dags/example_dynamic_task_mapping_with_no_taskflow_operators.py
[2026-05-29T10:46:17.315+0200] {processor.py:839} INFO - DAG(s) dict_keys(['example_dynamic_task_mapping_with_no_taskflow_operators']) retrieved from /home/frederic/airflow_venv/lib/python3.10/site-packages/airflow/example_dags/example_dynamic_task_mapping_with_no_taskflow_operators.py
[2026-05-29T10:46:17.328+0200] {logging_mixin.py:151} INFO - [2026-05-29T10:46:17.327+0200] {dag.py:2915} INFO - Sync 1 DAGs
[2026-05-29T10:46:17.343+0200] {logging_mixin.py:151} INFO - [2026-05-29T10:46:17.343+0200] {dag.py:3696} INFO - Setting next_dagrun for example_dynamic_task_mapping_with_no_taskflow_operators to 2026-05-28T08:46:17.343307+00:00, run_after=2026-05-29T08:46:17.343307+00:00
[2026-05-29T10:46:17.360+0200] {processor.py:179} INFO - Processing /home/frederic/airflow_venv/lib/python3.10/site-packages/airflow/example_dags/example_dynamic_task_mapping_with_no_taskflow_operators.py took 0.058 seconds
[2026-05-29T10:47:09.917+0200] {processor.py:157} INFO - Started process (PID=721735) to work on /home/frederic/airflow_venv/lib/python3.10/site-packages/airflow/example_dags/example_dynamic_task_mapping_with_no_taskflow_operators.py
[2026-05-29T10:47:09.918+0200] {processor.py:829} INFO - Processing file /home/frederic/airflow_venv/lib/python3.10/site-packages/airflow/example_dags/example_dynamic_task_mapping_with_no_taskflow_operators.py for tasks to queue
[2026-05-29T10:47:09.918+0200] {logging_mixin.py:151} INFO - [2026-05-29T10:47:09.918+0200] {dagbag.py:539} INFO - Filling up the DagBag from /home/frederic/airflow_venv/lib/python3.10/site-packages/airflow/example_dags/example_dynamic_task_mapping_with_no_taskflow_operators.py
[2026-05-29T10:47:09.925+0200] {processor.py:839} INFO - DAG(s) dict_keys(['example_dynamic_task_mapping_with_no_taskflow_operators']) retrieved from /home/frederic/airflow_venv/lib/python3.10/site-packages/airflow/example_dags/example_dynamic_task_mapping_with_no_taskflow_operators.py
[2026-05-29T10:47:09.938+0200] {logging_mixin.py:151} INFO - [2026-05-29T10:47:09.938+0200] {dag.py:2915} INFO - Sync 1 DAGs
[2026-05-29T10:47:09.954+0200] {logging_mixin.py:151} INFO - [2026-05-29T10:47:09.954+0200] {dag.py:3696} INFO - Setting next_dagrun for example_dynamic_task_mapping_with_no_taskflow_operators to 2026-05-28T08:47:09.954397+00:00, run_after=2026-05-29T08:47:09.954397+00:00
[2026-05-29T10:47:09.968+0200] {processor.py:179} INFO - Processing /home/frederic/airflow_venv/lib/python3.10/site-packages/airflow/example_dags/example_dynamic_task_mapping_with_no_taskflow_operators.py took 0.054 seconds
[2026-05-29T10:47:59.024+0200] {processor.py:157} INFO - Started process (PID=722186) to work on /home/frederic/airflow_venv/lib/python3.10/site-packages/airflow/example_dags/example_dynamic_task_mapping_with_no_taskflow_operators.py
[2026-05-29T10:47:59.025+0200] {processor.py:829} INFO - Processing file /home/frederic/airflow_venv/lib/python3.10/site-packages/airflow/example_dags/example_dynamic_task_mapping_with_no_taskflow_operators.py for tasks to queue
[2026-05-29T10:47:59.025+0200] {logging_mixin.py:151} INFO - [2026-05-29T10:47:59.025+0200] {dagbag.py:539} INFO - Filling up the DagBag from /home/frederic/airflow_venv/lib/python3.10/site-packages/airflow/example_dags/example_dynamic_task_mapping_with_no_taskflow_operators.py
[2026-05-29T10:47:59.031+0200] {processor.py:839} INFO - DAG(s) dict_keys(['example_dynamic_task_mapping_with_no_taskflow_operators']) retrieved from /home/frederic/airflow_venv/lib/python3.10/site-packages/airflow/example_dags/example_dynamic_task_mapping_with_no_taskflow_operators.py
[2026-05-29T10:47:59.043+0200] {logging_mixin.py:151} INFO - [2026-05-29T10:47:59.043+0200] {dag.py:2915} INFO - Sync 1 DAGs
[2026-05-29T10:47:59.058+0200] {logging_mixin.py:151} INFO - [2026-05-29T10:47:59.058+0200] {dag.py:3696} INFO - Setting next_dagrun for example_dynamic_task_mapping_with_no_taskflow_operators to 2026-05-28T08:47:59.058445+00:00, run_after=2026-05-29T08:47:59.058445+00:00
[2026-05-29T10:47:59.072+0200] {processor.py:179} INFO - Processing /home/frederic/airflow_venv/lib/python3.10/site-packages/airflow/example_dags/example_dynamic_task_mapping_with_no_taskflow_operators.py took 0.051 seconds
[2026-05-29T10:48:39.161+0200] {processor.py:157} INFO - Started process (PID=722655) to work on /home/frederic/airflow_venv/lib/python3.10/site-packages/airflow/example_dags/example_dynamic_task_mapping_with_no_taskflow_operators.py
[2026-05-29T10:48:39.162+0200] {processor.py:829} INFO - Processing file /home/frederic/airflow_venv/lib/python3.10/site-packages/airflow/example_dags/example_dynamic_task_mapping_with_no_taskflow_operators.py for tasks to queue
[2026-05-29T10:48:39.163+0200] {logging_mixin.py:151} INFO - [2026-05-29T10:48:39.162+0200] {dagbag.py:539} INFO - Filling up the DagBag from /home/frederic/airflow_venv/lib/python3.10/site-packages/airflow/example_dags/example_dynamic_task_mapping_with_no_taskflow_operators.py
[2026-05-29T10:48:39.168+0200] {processor.py:839} INFO - DAG(s) dict_keys(['example_dynamic_task_mapping_with_no_taskflow_operators']) retrieved from /home/frederic/airflow_venv/lib/python3.10/site-packages/airflow/example_dags/example_dynamic_task_mapping_with_no_taskflow_operators.py
[2026-05-29T10:48:39.180+0200] {logging_mixin.py:151} INFO - [2026-05-29T10:48:39.180+0200] {dag.py:2915} INFO - Sync 1 DAGs
[2026-05-29T10:48:39.197+0200] {logging_mixin.py:151} INFO - [2026-05-29T10:48:39.197+0200] {dag.py:3696} INFO - Setting next_dagrun for example_dynamic_task_mapping_with_no_taskflow_operators to 2026-05-28T08:48:39.197091+00:00, run_after=2026-05-29T08:48:39.197091+00:00
[2026-05-29T10:48:39.214+0200] {processor.py:179} INFO - Processing /home/frederic/airflow_venv/lib/python3.10/site-packages/airflow/example_dags/example_dynamic_task_mapping_with_no_taskflow_operators.py took 0.056 seconds
[2026-05-29T10:49:29.497+0200] {processor.py:157} INFO - Started process (PID=723233) to work on /home/frederic/airflow_venv/lib/python3.10/site-packages/airflow/example_dags/example_dynamic_task_mapping_with_no_taskflow_operators.py
[2026-05-29T10:49:29.498+0200] {processor.py:829} INFO - Processing file /home/frederic/airflow_venv/lib/python3.10/site-packages/airflow/example_dags/example_dynamic_task_mapping_with_no_taskflow_operators.py for tasks to queue
[2026-05-29T10:49:29.499+0200] {logging_mixin.py:151} INFO - [2026-05-29T10:49:29.498+0200] {dagbag.py:539} INFO - Filling up the DagBag from /home/frederic/airflow_venv/lib/python3.10/site-packages/airflow/example_dags/example_dynamic_task_mapping_with_no_taskflow_operators.py
[2026-05-29T10:49:29.504+0200] {processor.py:839} INFO - DAG(s) dict_keys(['example_dynamic_task_mapping_with_no_taskflow_operators']) retrieved from /home/frederic/airflow_venv/lib/python3.10/site-packages/airflow/example_dags/example_dynamic_task_mapping_with_no_taskflow_operators.py
[2026-05-29T10:49:29.516+0200] {logging_mixin.py:151} INFO - [2026-05-29T10:49:29.516+0200] {dag.py:2915} INFO - Sync 1 DAGs
[2026-05-29T10:49:29.534+0200] {logging_mixin.py:151} INFO - [2026-05-29T10:49:29.533+0200] {dag.py:3696} INFO - Setting next_dagrun for example_dynamic_task_mapping_with_no_taskflow_operators to 2026-05-28T08:49:29.533843+00:00, run_after=2026-05-29T08:49:29.533843+00:00
[2026-05-29T10:49:29.549+0200] {processor.py:179} INFO - Processing /home/frederic/airflow_venv/lib/python3.10/site-packages/airflow/example_dags/example_dynamic_task_mapping_with_no_taskflow_operators.py took 0.055 seconds
[2026-05-29T10:50:16.916+0200] {processor.py:157} INFO - Started process (PID=723708) to work on /home/frederic/airflow_venv/lib/python3.10/site-packages/airflow/example_dags/example_dynamic_task_mapping_with_no_taskflow_operators.py
[2026-05-29T10:50:16.918+0200] {processor.py:829} INFO - Processing file /home/frederic/airflow_venv/lib/python3.10/site-packages/airflow/example_dags/example_dynamic_task_mapping_with_no_taskflow_operators.py for tasks to queue
[2026-05-29T10:50:16.919+0200] {logging_mixin.py:151} INFO - [2026-05-29T10:50:16.919+0200] {dagbag.py:539} INFO - Filling up the DagBag from /home/frederic/airflow_venv/lib/python3.10/site-packages/airflow/example_dags/example_dynamic_task_mapping_with_no_taskflow_operators.py
[2026-05-29T10:50:16.926+0200] {processor.py:839} INFO - DAG(s) dict_keys(['example_dynamic_task_mapping_with_no_taskflow_operators']) retrieved from /home/frederic/airflow_venv/lib/python3.10/site-packages/airflow/example_dags/example_dynamic_task_mapping_with_no_taskflow_operators.py
[2026-05-29T10:50:16.941+0200] {logging_mixin.py:151} INFO - [2026-05-29T10:50:16.941+0200] {dag.py:2915} INFO - Sync 1 DAGs
[2026-05-29T10:50:16.965+0200] {logging_mixin.py:151} INFO - [2026-05-29T10:50:16.965+0200] {dag.py:3696} INFO - Setting next_dagrun for example_dynamic_task_mapping_with_no_taskflow_operators to 2026-05-28T08:50:16.965576+00:00, run_after=2026-05-29T08:50:16.965576+00:00
[2026-05-29T10:50:16.985+0200] {processor.py:179} INFO - Processing /home/frederic/airflow_venv/lib/python3.10/site-packages/airflow/example_dags/example_dynamic_task_mapping_with_no_taskflow_operators.py took 0.072 seconds
[2026-05-29T10:51:04.306+0200] {processor.py:157} INFO - Started process (PID=724197) to work on /home/frederic/airflow_venv/lib/python3.10/site-packages/airflow/example_dags/example_dynamic_task_mapping_with_no_taskflow_operators.py
[2026-05-29T10:51:04.307+0200] {processor.py:829} INFO - Processing file /home/frederic/airflow_venv/lib/python3.10/site-packages/airflow/example_dags/example_dynamic_task_mapping_with_no_taskflow_operators.py for tasks to queue
[2026-05-29T10:51:04.308+0200] {logging_mixin.py:151} INFO - [2026-05-29T10:51:04.308+0200] {dagbag.py:539} INFO - Filling up the DagBag from /home/frederic/airflow_venv/lib/python3.10/site-packages/airflow/example_dags/example_dynamic_task_mapping_with_no_taskflow_operators.py
[2026-05-29T10:51:04.315+0200] {processor.py:839} INFO - DAG(s) dict_keys(['example_dynamic_task_mapping_with_no_taskflow_operators']) retrieved from /home/frederic/airflow_venv/lib/python3.10/site-packages/airflow/example_dags/example_dynamic_task_mapping_with_no_taskflow_operators.py
[2026-05-29T10:51:04.327+0200] {logging_mixin.py:151} INFO - [2026-05-29T10:51:04.326+0200] {dag.py:2915} INFO - Sync 1 DAGs
[2026-05-29T10:51:04.344+0200] {logging_mixin.py:151} INFO - [2026-05-29T10:51:04.344+0200] {dag.py:3696} INFO - Setting next_dagrun for example_dynamic_task_mapping_with_no_taskflow_operators to 2026-05-28T08:51:04.343962+00:00, run_after=2026-05-29T08:51:04.343962+00:00
[2026-05-29T10:51:04.358+0200] {processor.py:179} INFO - Processing /home/frederic/airflow_venv/lib/python3.10/site-packages/airflow/example_dags/example_dynamic_task_mapping_with_no_taskflow_operators.py took 0.054 seconds
