[2026-05-29T02:00:01.070+0200] {processor.py:157} INFO - Started process (PID=633105) to work on /home/frederic/airflow_venv/lib/python3.10/site-packages/airflow/example_dags/example_latest_only_with_trigger.py
[2026-05-29T02:00:01.070+0200] {processor.py:829} INFO - Processing file /home/frederic/airflow_venv/lib/python3.10/site-packages/airflow/example_dags/example_latest_only_with_trigger.py for tasks to queue
[2026-05-29T02:00:01.071+0200] {logging_mixin.py:151} INFO - [2026-05-29T02:00:01.071+0200] {dagbag.py:539} INFO - Filling up the DagBag from /home/frederic/airflow_venv/lib/python3.10/site-packages/airflow/example_dags/example_latest_only_with_trigger.py
[2026-05-29T02:00:01.081+0200] {processor.py:839} INFO - DAG(s) dict_keys(['latest_only_with_trigger']) retrieved from /home/frederic/airflow_venv/lib/python3.10/site-packages/airflow/example_dags/example_latest_only_with_trigger.py
[2026-05-29T02:00:01.100+0200] {logging_mixin.py:151} INFO - [2026-05-29T02:00:01.100+0200] {dag.py:2915} INFO - Sync 1 DAGs
[2026-05-29T02:00:01.125+0200] {logging_mixin.py:151} INFO - [2026-05-29T02:00:01.125+0200] {dag.py:3696} INFO - Setting next_dagrun for latest_only_with_trigger to 2026-05-28T20:00:01.125436+00:00, run_after=2026-05-29T00:00:01.125436+00:00
[2026-05-29T02:00:01.151+0200] {processor.py:179} INFO - Processing /home/frederic/airflow_venv/lib/python3.10/site-packages/airflow/example_dags/example_latest_only_with_trigger.py took 0.085 seconds
[2026-05-29T02:00:44.182+0200] {processor.py:157} INFO - Started process (PID=634444) to work on /home/frederic/airflow_venv/lib/python3.10/site-packages/airflow/example_dags/example_latest_only_with_trigger.py
[2026-05-29T02:00:44.184+0200] {processor.py:829} INFO - Processing file /home/frederic/airflow_venv/lib/python3.10/site-packages/airflow/example_dags/example_latest_only_with_trigger.py for tasks to queue
[2026-05-29T02:00:44.184+0200] {logging_mixin.py:151} INFO - [2026-05-29T02:00:44.184+0200] {dagbag.py:539} INFO - Filling up the DagBag from /home/frederic/airflow_venv/lib/python3.10/site-packages/airflow/example_dags/example_latest_only_with_trigger.py
[2026-05-29T02:00:44.190+0200] {processor.py:839} INFO - DAG(s) dict_keys(['latest_only_with_trigger']) retrieved from /home/frederic/airflow_venv/lib/python3.10/site-packages/airflow/example_dags/example_latest_only_with_trigger.py
[2026-05-29T02:00:44.204+0200] {logging_mixin.py:151} INFO - [2026-05-29T02:00:44.204+0200] {dag.py:2915} INFO - Sync 1 DAGs
[2026-05-29T02:00:44.223+0200] {logging_mixin.py:151} INFO - [2026-05-29T02:00:44.223+0200] {dag.py:3696} INFO - Setting next_dagrun for latest_only_with_trigger to 2026-05-28T20:00:44.223130+00:00, run_after=2026-05-29T00:00:44.223130+00:00
[2026-05-29T02:00:44.243+0200] {processor.py:179} INFO - Processing /home/frederic/airflow_venv/lib/python3.10/site-packages/airflow/example_dags/example_latest_only_with_trigger.py took 0.065 seconds
[2026-05-29T02:00:46.728+0200] {processor.py:157} INFO - Started process (PID=634549) to work on /home/frederic/airflow_venv/lib/python3.10/site-packages/airflow/example_dags/example_latest_only_with_trigger.py
[2026-05-29T02:00:46.729+0200] {processor.py:829} INFO - Processing file /home/frederic/airflow_venv/lib/python3.10/site-packages/airflow/example_dags/example_latest_only_with_trigger.py for tasks to queue
[2026-05-29T02:00:46.730+0200] {logging_mixin.py:151} INFO - [2026-05-29T02:00:46.730+0200] {dagbag.py:539} INFO - Filling up the DagBag from /home/frederic/airflow_venv/lib/python3.10/site-packages/airflow/example_dags/example_latest_only_with_trigger.py
[2026-05-29T02:00:46.737+0200] {processor.py:839} INFO - DAG(s) dict_keys(['latest_only_with_trigger']) retrieved from /home/frederic/airflow_venv/lib/python3.10/site-packages/airflow/example_dags/example_latest_only_with_trigger.py
[2026-05-29T02:00:46.754+0200] {logging_mixin.py:151} INFO - [2026-05-29T02:00:46.754+0200] {dag.py:2915} INFO - Sync 1 DAGs
[2026-05-29T02:00:46.776+0200] {logging_mixin.py:151} INFO - [2026-05-29T02:00:46.776+0200] {dag.py:3696} INFO - Setting next_dagrun for latest_only_with_trigger to 2026-05-28T20:00:46.776153+00:00, run_after=2026-05-29T00:00:46.776153+00:00
[2026-05-29T02:00:46.800+0200] {processor.py:179} INFO - Processing /home/frederic/airflow_venv/lib/python3.10/site-packages/airflow/example_dags/example_latest_only_with_trigger.py took 0.076 seconds
[2026-05-29T02:01:29.020+0200] {processor.py:157} INFO - Started process (PID=635689) to work on /home/frederic/airflow_venv/lib/python3.10/site-packages/airflow/example_dags/example_latest_only_with_trigger.py
[2026-05-29T02:01:29.021+0200] {processor.py:829} INFO - Processing file /home/frederic/airflow_venv/lib/python3.10/site-packages/airflow/example_dags/example_latest_only_with_trigger.py for tasks to queue
[2026-05-29T02:01:29.022+0200] {logging_mixin.py:151} INFO - [2026-05-29T02:01:29.022+0200] {dagbag.py:539} INFO - Filling up the DagBag from /home/frederic/airflow_venv/lib/python3.10/site-packages/airflow/example_dags/example_latest_only_with_trigger.py
[2026-05-29T02:01:29.029+0200] {processor.py:839} INFO - DAG(s) dict_keys(['latest_only_with_trigger']) retrieved from /home/frederic/airflow_venv/lib/python3.10/site-packages/airflow/example_dags/example_latest_only_with_trigger.py
[2026-05-29T02:01:29.045+0200] {logging_mixin.py:151} INFO - [2026-05-29T02:01:29.044+0200] {dag.py:2915} INFO - Sync 1 DAGs
[2026-05-29T02:01:29.061+0200] {logging_mixin.py:151} INFO - [2026-05-29T02:01:29.061+0200] {dag.py:3696} INFO - Setting next_dagrun for latest_only_with_trigger to 2026-05-28T20:01:29.061447+00:00, run_after=2026-05-29T00:01:29.061447+00:00
[2026-05-29T02:01:29.076+0200] {processor.py:179} INFO - Processing /home/frederic/airflow_venv/lib/python3.10/site-packages/airflow/example_dags/example_latest_only_with_trigger.py took 0.058 seconds
[2026-05-29T02:01:38.562+0200] {processor.py:157} INFO - Started process (PID=635944) to work on /home/frederic/airflow_venv/lib/python3.10/site-packages/airflow/example_dags/example_latest_only_with_trigger.py
[2026-05-29T02:01:38.562+0200] {processor.py:829} INFO - Processing file /home/frederic/airflow_venv/lib/python3.10/site-packages/airflow/example_dags/example_latest_only_with_trigger.py for tasks to queue
[2026-05-29T02:01:38.563+0200] {logging_mixin.py:151} INFO - [2026-05-29T02:01:38.563+0200] {dagbag.py:539} INFO - Filling up the DagBag from /home/frederic/airflow_venv/lib/python3.10/site-packages/airflow/example_dags/example_latest_only_with_trigger.py
[2026-05-29T02:01:38.568+0200] {processor.py:839} INFO - DAG(s) dict_keys(['latest_only_with_trigger']) retrieved from /home/frederic/airflow_venv/lib/python3.10/site-packages/airflow/example_dags/example_latest_only_with_trigger.py
[2026-05-29T02:01:38.582+0200] {logging_mixin.py:151} INFO - [2026-05-29T02:01:38.581+0200] {dag.py:2915} INFO - Sync 1 DAGs
[2026-05-29T02:01:38.599+0200] {logging_mixin.py:151} INFO - [2026-05-29T02:01:38.598+0200] {dag.py:3696} INFO - Setting next_dagrun for latest_only_with_trigger to 2026-05-28T20:01:38.598637+00:00, run_after=2026-05-29T00:01:38.598637+00:00
[2026-05-29T02:01:38.614+0200] {processor.py:179} INFO - Processing /home/frederic/airflow_venv/lib/python3.10/site-packages/airflow/example_dags/example_latest_only_with_trigger.py took 0.055 seconds
[2026-05-29T02:02:12.442+0200] {processor.py:157} INFO - Started process (PID=636846) to work on /home/frederic/airflow_venv/lib/python3.10/site-packages/airflow/example_dags/example_latest_only_with_trigger.py
[2026-05-29T02:02:12.443+0200] {processor.py:829} INFO - Processing file /home/frederic/airflow_venv/lib/python3.10/site-packages/airflow/example_dags/example_latest_only_with_trigger.py for tasks to queue
[2026-05-29T02:02:12.444+0200] {logging_mixin.py:151} INFO - [2026-05-29T02:02:12.444+0200] {dagbag.py:539} INFO - Filling up the DagBag from /home/frederic/airflow_venv/lib/python3.10/site-packages/airflow/example_dags/example_latest_only_with_trigger.py
[2026-05-29T02:02:12.449+0200] {processor.py:839} INFO - DAG(s) dict_keys(['latest_only_with_trigger']) retrieved from /home/frederic/airflow_venv/lib/python3.10/site-packages/airflow/example_dags/example_latest_only_with_trigger.py
[2026-05-29T02:02:12.461+0200] {logging_mixin.py:151} INFO - [2026-05-29T02:02:12.461+0200] {dag.py:2915} INFO - Sync 1 DAGs
[2026-05-29T02:02:12.477+0200] {logging_mixin.py:151} INFO - [2026-05-29T02:02:12.477+0200] {dag.py:3696} INFO - Setting next_dagrun for latest_only_with_trigger to 2026-05-28T20:02:12.477279+00:00, run_after=2026-05-29T00:02:12.477279+00:00
[2026-05-29T02:02:12.492+0200] {processor.py:179} INFO - Processing /home/frederic/airflow_venv/lib/python3.10/site-packages/airflow/example_dags/example_latest_only_with_trigger.py took 0.052 seconds
[2026-05-29T02:02:31.634+0200] {processor.py:157} INFO - Started process (PID=637541) to work on /home/frederic/airflow_venv/lib/python3.10/site-packages/airflow/example_dags/example_latest_only_with_trigger.py
[2026-05-29T02:02:31.636+0200] {processor.py:829} INFO - Processing file /home/frederic/airflow_venv/lib/python3.10/site-packages/airflow/example_dags/example_latest_only_with_trigger.py for tasks to queue
[2026-05-29T02:02:31.637+0200] {logging_mixin.py:151} INFO - [2026-05-29T02:02:31.636+0200] {dagbag.py:539} INFO - Filling up the DagBag from /home/frederic/airflow_venv/lib/python3.10/site-packages/airflow/example_dags/example_latest_only_with_trigger.py
[2026-05-29T02:02:31.649+0200] {processor.py:839} INFO - DAG(s) dict_keys(['latest_only_with_trigger']) retrieved from /home/frederic/airflow_venv/lib/python3.10/site-packages/airflow/example_dags/example_latest_only_with_trigger.py
[2026-05-29T02:02:31.671+0200] {logging_mixin.py:151} INFO - [2026-05-29T02:02:31.671+0200] {dag.py:2915} INFO - Sync 1 DAGs
[2026-05-29T02:02:31.697+0200] {logging_mixin.py:151} INFO - [2026-05-29T02:02:31.696+0200] {dag.py:3696} INFO - Setting next_dagrun for latest_only_with_trigger to 2026-05-28T20:02:31.696697+00:00, run_after=2026-05-29T00:02:31.696697+00:00
[2026-05-29T02:02:31.727+0200] {processor.py:179} INFO - Processing /home/frederic/airflow_venv/lib/python3.10/site-packages/airflow/example_dags/example_latest_only_with_trigger.py took 0.096 seconds
[2026-05-29T02:03:03.763+0200] {processor.py:157} INFO - Started process (PID=638380) to work on /home/frederic/airflow_venv/lib/python3.10/site-packages/airflow/example_dags/example_latest_only_with_trigger.py
[2026-05-29T02:03:03.764+0200] {processor.py:829} INFO - Processing file /home/frederic/airflow_venv/lib/python3.10/site-packages/airflow/example_dags/example_latest_only_with_trigger.py for tasks to queue
[2026-05-29T02:03:03.765+0200] {logging_mixin.py:151} INFO - [2026-05-29T02:03:03.764+0200] {dagbag.py:539} INFO - Filling up the DagBag from /home/frederic/airflow_venv/lib/python3.10/site-packages/airflow/example_dags/example_latest_only_with_trigger.py
[2026-05-29T02:03:03.770+0200] {processor.py:839} INFO - DAG(s) dict_keys(['latest_only_with_trigger']) retrieved from /home/frederic/airflow_venv/lib/python3.10/site-packages/airflow/example_dags/example_latest_only_with_trigger.py
[2026-05-29T02:03:03.784+0200] {logging_mixin.py:151} INFO - [2026-05-29T02:03:03.784+0200] {dag.py:2915} INFO - Sync 1 DAGs
[2026-05-29T02:03:03.800+0200] {logging_mixin.py:151} INFO - [2026-05-29T02:03:03.799+0200] {dag.py:3696} INFO - Setting next_dagrun for latest_only_with_trigger to 2026-05-28T20:03:03.799824+00:00, run_after=2026-05-29T00:03:03.799824+00:00
[2026-05-29T02:03:03.814+0200] {processor.py:179} INFO - Processing /home/frederic/airflow_venv/lib/python3.10/site-packages/airflow/example_dags/example_latest_only_with_trigger.py took 0.053 seconds
[2026-05-29T02:03:19.134+0200] {processor.py:157} INFO - Started process (PID=638861) to work on /home/frederic/airflow_venv/lib/python3.10/site-packages/airflow/example_dags/example_latest_only_with_trigger.py
[2026-05-29T02:03:19.135+0200] {processor.py:829} INFO - Processing file /home/frederic/airflow_venv/lib/python3.10/site-packages/airflow/example_dags/example_latest_only_with_trigger.py for tasks to queue
[2026-05-29T02:03:19.136+0200] {logging_mixin.py:151} INFO - [2026-05-29T02:03:19.135+0200] {dagbag.py:539} INFO - Filling up the DagBag from /home/frederic/airflow_venv/lib/python3.10/site-packages/airflow/example_dags/example_latest_only_with_trigger.py
[2026-05-29T02:03:19.142+0200] {processor.py:839} INFO - DAG(s) dict_keys(['latest_only_with_trigger']) retrieved from /home/frederic/airflow_venv/lib/python3.10/site-packages/airflow/example_dags/example_latest_only_with_trigger.py
[2026-05-29T02:03:19.158+0200] {logging_mixin.py:151} INFO - [2026-05-29T02:03:19.157+0200] {dag.py:2915} INFO - Sync 1 DAGs
[2026-05-29T02:03:19.175+0200] {logging_mixin.py:151} INFO - [2026-05-29T02:03:19.175+0200] {dag.py:3696} INFO - Setting next_dagrun for latest_only_with_trigger to 2026-05-28T20:03:19.175471+00:00, run_after=2026-05-29T00:03:19.175471+00:00
[2026-05-29T02:03:19.196+0200] {processor.py:179} INFO - Processing /home/frederic/airflow_venv/lib/python3.10/site-packages/airflow/example_dags/example_latest_only_with_trigger.py took 0.065 seconds
[2026-05-29T02:03:50.985+0200] {processor.py:157} INFO - Started process (PID=639944) to work on /home/frederic/airflow_venv/lib/python3.10/site-packages/airflow/example_dags/example_latest_only_with_trigger.py
[2026-05-29T02:03:50.987+0200] {processor.py:829} INFO - Processing file /home/frederic/airflow_venv/lib/python3.10/site-packages/airflow/example_dags/example_latest_only_with_trigger.py for tasks to queue
[2026-05-29T02:03:50.987+0200] {logging_mixin.py:151} INFO - [2026-05-29T02:03:50.987+0200] {dagbag.py:539} INFO - Filling up the DagBag from /home/frederic/airflow_venv/lib/python3.10/site-packages/airflow/example_dags/example_latest_only_with_trigger.py
[2026-05-29T02:03:50.993+0200] {processor.py:839} INFO - DAG(s) dict_keys(['latest_only_with_trigger']) retrieved from /home/frederic/airflow_venv/lib/python3.10/site-packages/airflow/example_dags/example_latest_only_with_trigger.py
[2026-05-29T02:03:51.009+0200] {logging_mixin.py:151} INFO - [2026-05-29T02:03:51.009+0200] {dag.py:2915} INFO - Sync 1 DAGs
[2026-05-29T02:03:51.030+0200] {logging_mixin.py:151} INFO - [2026-05-29T02:03:51.029+0200] {dag.py:3696} INFO - Setting next_dagrun for latest_only_with_trigger to 2026-05-28T20:03:51.029492+00:00, run_after=2026-05-29T00:03:51.029492+00:00
[2026-05-29T02:03:51.047+0200] {processor.py:179} INFO - Processing /home/frederic/airflow_venv/lib/python3.10/site-packages/airflow/example_dags/example_latest_only_with_trigger.py took 0.066 seconds
[2026-05-29T09:58:27.814+0200] {processor.py:157} INFO - Started process (PID=681973) to work on /home/frederic/airflow_venv/lib/python3.10/site-packages/airflow/example_dags/example_latest_only_with_trigger.py
[2026-05-29T09:58:27.815+0200] {processor.py:829} INFO - Processing file /home/frederic/airflow_venv/lib/python3.10/site-packages/airflow/example_dags/example_latest_only_with_trigger.py for tasks to queue
[2026-05-29T09:58:27.817+0200] {logging_mixin.py:151} INFO - [2026-05-29T09:58:27.816+0200] {dagbag.py:539} INFO - Filling up the DagBag from /home/frederic/airflow_venv/lib/python3.10/site-packages/airflow/example_dags/example_latest_only_with_trigger.py
[2026-05-29T09:58:27.824+0200] {processor.py:839} INFO - DAG(s) dict_keys(['latest_only_with_trigger']) retrieved from /home/frederic/airflow_venv/lib/python3.10/site-packages/airflow/example_dags/example_latest_only_with_trigger.py
[2026-05-29T09:58:27.839+0200] {logging_mixin.py:151} INFO - [2026-05-29T09:58:27.839+0200] {dag.py:2915} INFO - Sync 1 DAGs
[2026-05-29T09:58:27.855+0200] {logging_mixin.py:151} INFO - [2026-05-29T09:58:27.855+0200] {dag.py:3696} INFO - Setting next_dagrun for latest_only_with_trigger to 2026-05-29T03:58:27.855259+00:00, run_after=2026-05-29T07:58:27.855259+00:00
[2026-05-29T09:58:27.869+0200] {processor.py:179} INFO - Processing /home/frederic/airflow_venv/lib/python3.10/site-packages/airflow/example_dags/example_latest_only_with_trigger.py took 0.057 seconds
[2026-05-29T09:59:18.904+0200] {processor.py:157} INFO - Started process (PID=683525) to work on /home/frederic/airflow_venv/lib/python3.10/site-packages/airflow/example_dags/example_latest_only_with_trigger.py
[2026-05-29T09:59:18.905+0200] {processor.py:829} INFO - Processing file /home/frederic/airflow_venv/lib/python3.10/site-packages/airflow/example_dags/example_latest_only_with_trigger.py for tasks to queue
[2026-05-29T09:59:18.906+0200] {logging_mixin.py:151} INFO - [2026-05-29T09:59:18.906+0200] {dagbag.py:539} INFO - Filling up the DagBag from /home/frederic/airflow_venv/lib/python3.10/site-packages/airflow/example_dags/example_latest_only_with_trigger.py
[2026-05-29T09:59:18.917+0200] {processor.py:839} INFO - DAG(s) dict_keys(['latest_only_with_trigger']) retrieved from /home/frederic/airflow_venv/lib/python3.10/site-packages/airflow/example_dags/example_latest_only_with_trigger.py
[2026-05-29T09:59:18.940+0200] {logging_mixin.py:151} INFO - [2026-05-29T09:59:18.940+0200] {dag.py:2915} INFO - Sync 1 DAGs
[2026-05-29T09:59:18.962+0200] {logging_mixin.py:151} INFO - [2026-05-29T09:59:18.961+0200] {dag.py:3696} INFO - Setting next_dagrun for latest_only_with_trigger to 2026-05-29T03:59:18.961785+00:00, run_after=2026-05-29T07:59:18.961785+00:00
[2026-05-29T09:59:18.986+0200] {processor.py:179} INFO - Processing /home/frederic/airflow_venv/lib/python3.10/site-packages/airflow/example_dags/example_latest_only_with_trigger.py took 0.086 seconds
[2026-05-29T10:00:10.291+0200] {processor.py:157} INFO - Started process (PID=684149) to work on /home/frederic/airflow_venv/lib/python3.10/site-packages/airflow/example_dags/example_latest_only_with_trigger.py
[2026-05-29T10:00:10.295+0200] {processor.py:829} INFO - Processing file /home/frederic/airflow_venv/lib/python3.10/site-packages/airflow/example_dags/example_latest_only_with_trigger.py for tasks to queue
[2026-05-29T10:00:10.295+0200] {logging_mixin.py:151} INFO - [2026-05-29T10:00:10.295+0200] {dagbag.py:539} INFO - Filling up the DagBag from /home/frederic/airflow_venv/lib/python3.10/site-packages/airflow/example_dags/example_latest_only_with_trigger.py
[2026-05-29T10:00:10.302+0200] {processor.py:839} INFO - DAG(s) dict_keys(['latest_only_with_trigger']) retrieved from /home/frederic/airflow_venv/lib/python3.10/site-packages/airflow/example_dags/example_latest_only_with_trigger.py
[2026-05-29T10:00:10.316+0200] {logging_mixin.py:151} INFO - [2026-05-29T10:00:10.316+0200] {dag.py:2915} INFO - Sync 1 DAGs
[2026-05-29T10:00:10.334+0200] {logging_mixin.py:151} INFO - [2026-05-29T10:00:10.334+0200] {dag.py:3696} INFO - Setting next_dagrun for latest_only_with_trigger to 2026-05-29T04:00:10.334039+00:00, run_after=2026-05-29T08:00:10.334039+00:00
[2026-05-29T10:00:10.351+0200] {processor.py:179} INFO - Processing /home/frederic/airflow_venv/lib/python3.10/site-packages/airflow/example_dags/example_latest_only_with_trigger.py took 0.063 seconds
[2026-05-29T10:01:00.413+0200] {processor.py:157} INFO - Started process (PID=685009) to work on /home/frederic/airflow_venv/lib/python3.10/site-packages/airflow/example_dags/example_latest_only_with_trigger.py
[2026-05-29T10:01:00.414+0200] {processor.py:829} INFO - Processing file /home/frederic/airflow_venv/lib/python3.10/site-packages/airflow/example_dags/example_latest_only_with_trigger.py for tasks to queue
[2026-05-29T10:01:00.415+0200] {logging_mixin.py:151} INFO - [2026-05-29T10:01:00.415+0200] {dagbag.py:539} INFO - Filling up the DagBag from /home/frederic/airflow_venv/lib/python3.10/site-packages/airflow/example_dags/example_latest_only_with_trigger.py
[2026-05-29T10:01:00.421+0200] {processor.py:839} INFO - DAG(s) dict_keys(['latest_only_with_trigger']) retrieved from /home/frederic/airflow_venv/lib/python3.10/site-packages/airflow/example_dags/example_latest_only_with_trigger.py
[2026-05-29T10:01:00.437+0200] {logging_mixin.py:151} INFO - [2026-05-29T10:01:00.437+0200] {dag.py:2915} INFO - Sync 1 DAGs
[2026-05-29T10:01:00.460+0200] {logging_mixin.py:151} INFO - [2026-05-29T10:01:00.460+0200] {dag.py:3696} INFO - Setting next_dagrun for latest_only_with_trigger to 2026-05-29T04:01:00.460282+00:00, run_after=2026-05-29T08:01:00.460282+00:00
[2026-05-29T10:01:00.480+0200] {processor.py:179} INFO - Processing /home/frederic/airflow_venv/lib/python3.10/site-packages/airflow/example_dags/example_latest_only_with_trigger.py took 0.070 seconds
[2026-05-29T10:01:48.997+0200] {processor.py:157} INFO - Started process (PID=685712) to work on /home/frederic/airflow_venv/lib/python3.10/site-packages/airflow/example_dags/example_latest_only_with_trigger.py
[2026-05-29T10:01:48.998+0200] {processor.py:829} INFO - Processing file /home/frederic/airflow_venv/lib/python3.10/site-packages/airflow/example_dags/example_latest_only_with_trigger.py for tasks to queue
[2026-05-29T10:01:49.000+0200] {logging_mixin.py:151} INFO - [2026-05-29T10:01:48.999+0200] {dagbag.py:539} INFO - Filling up the DagBag from /home/frederic/airflow_venv/lib/python3.10/site-packages/airflow/example_dags/example_latest_only_with_trigger.py
[2026-05-29T10:01:49.006+0200] {processor.py:839} INFO - DAG(s) dict_keys(['latest_only_with_trigger']) retrieved from /home/frederic/airflow_venv/lib/python3.10/site-packages/airflow/example_dags/example_latest_only_with_trigger.py
[2026-05-29T10:01:49.020+0200] {logging_mixin.py:151} INFO - [2026-05-29T10:01:49.020+0200] {dag.py:2915} INFO - Sync 1 DAGs
[2026-05-29T10:01:49.039+0200] {logging_mixin.py:151} INFO - [2026-05-29T10:01:49.039+0200] {dag.py:3696} INFO - Setting next_dagrun for latest_only_with_trigger to 2026-05-29T04:01:49.039101+00:00, run_after=2026-05-29T08:01:49.039101+00:00
[2026-05-29T10:01:49.060+0200] {processor.py:179} INFO - Processing /home/frederic/airflow_venv/lib/python3.10/site-packages/airflow/example_dags/example_latest_only_with_trigger.py took 0.065 seconds
[2026-05-29T10:02:35.051+0200] {processor.py:157} INFO - Started process (PID=686226) to work on /home/frederic/airflow_venv/lib/python3.10/site-packages/airflow/example_dags/example_latest_only_with_trigger.py
[2026-05-29T10:02:35.052+0200] {processor.py:829} INFO - Processing file /home/frederic/airflow_venv/lib/python3.10/site-packages/airflow/example_dags/example_latest_only_with_trigger.py for tasks to queue
[2026-05-29T10:02:35.053+0200] {logging_mixin.py:151} INFO - [2026-05-29T10:02:35.052+0200] {dagbag.py:539} INFO - Filling up the DagBag from /home/frederic/airflow_venv/lib/python3.10/site-packages/airflow/example_dags/example_latest_only_with_trigger.py
[2026-05-29T10:02:35.058+0200] {processor.py:839} INFO - DAG(s) dict_keys(['latest_only_with_trigger']) retrieved from /home/frederic/airflow_venv/lib/python3.10/site-packages/airflow/example_dags/example_latest_only_with_trigger.py
[2026-05-29T10:02:35.074+0200] {logging_mixin.py:151} INFO - [2026-05-29T10:02:35.074+0200] {dag.py:2915} INFO - Sync 1 DAGs
[2026-05-29T10:02:35.094+0200] {logging_mixin.py:151} INFO - [2026-05-29T10:02:35.093+0200] {dag.py:3696} INFO - Setting next_dagrun for latest_only_with_trigger to 2026-05-29T04:02:35.093742+00:00, run_after=2026-05-29T08:02:35.093742+00:00
[2026-05-29T10:02:35.115+0200] {processor.py:179} INFO - Processing /home/frederic/airflow_venv/lib/python3.10/site-packages/airflow/example_dags/example_latest_only_with_trigger.py took 0.067 seconds
[2026-05-29T10:03:21.357+0200] {processor.py:157} INFO - Started process (PID=686694) to work on /home/frederic/airflow_venv/lib/python3.10/site-packages/airflow/example_dags/example_latest_only_with_trigger.py
[2026-05-29T10:03:21.358+0200] {processor.py:829} INFO - Processing file /home/frederic/airflow_venv/lib/python3.10/site-packages/airflow/example_dags/example_latest_only_with_trigger.py for tasks to queue
[2026-05-29T10:03:21.358+0200] {logging_mixin.py:151} INFO - [2026-05-29T10:03:21.358+0200] {dagbag.py:539} INFO - Filling up the DagBag from /home/frederic/airflow_venv/lib/python3.10/site-packages/airflow/example_dags/example_latest_only_with_trigger.py
[2026-05-29T10:03:21.364+0200] {processor.py:839} INFO - DAG(s) dict_keys(['latest_only_with_trigger']) retrieved from /home/frederic/airflow_venv/lib/python3.10/site-packages/airflow/example_dags/example_latest_only_with_trigger.py
[2026-05-29T10:03:21.379+0200] {logging_mixin.py:151} INFO - [2026-05-29T10:03:21.379+0200] {dag.py:2915} INFO - Sync 1 DAGs
[2026-05-29T10:03:21.398+0200] {logging_mixin.py:151} INFO - [2026-05-29T10:03:21.398+0200] {dag.py:3696} INFO - Setting next_dagrun for latest_only_with_trigger to 2026-05-29T04:03:21.397874+00:00, run_after=2026-05-29T08:03:21.397874+00:00
[2026-05-29T10:03:21.414+0200] {processor.py:179} INFO - Processing /home/frederic/airflow_venv/lib/python3.10/site-packages/airflow/example_dags/example_latest_only_with_trigger.py took 0.060 seconds
[2026-05-29T10:04:09.906+0200] {processor.py:157} INFO - Started process (PID=687813) to work on /home/frederic/airflow_venv/lib/python3.10/site-packages/airflow/example_dags/example_latest_only_with_trigger.py
[2026-05-29T10:04:09.909+0200] {processor.py:829} INFO - Processing file /home/frederic/airflow_venv/lib/python3.10/site-packages/airflow/example_dags/example_latest_only_with_trigger.py for tasks to queue
[2026-05-29T10:04:09.911+0200] {logging_mixin.py:151} INFO - [2026-05-29T10:04:09.910+0200] {dagbag.py:539} INFO - Filling up the DagBag from /home/frederic/airflow_venv/lib/python3.10/site-packages/airflow/example_dags/example_latest_only_with_trigger.py
[2026-05-29T10:04:09.917+0200] {processor.py:839} INFO - DAG(s) dict_keys(['latest_only_with_trigger']) retrieved from /home/frederic/airflow_venv/lib/python3.10/site-packages/airflow/example_dags/example_latest_only_with_trigger.py
[2026-05-29T10:04:09.934+0200] {logging_mixin.py:151} INFO - [2026-05-29T10:04:09.934+0200] {dag.py:2915} INFO - Sync 1 DAGs
[2026-05-29T10:04:09.955+0200] {logging_mixin.py:151} INFO - [2026-05-29T10:04:09.955+0200] {dag.py:3696} INFO - Setting next_dagrun for latest_only_with_trigger to 2026-05-29T04:04:09.955066+00:00, run_after=2026-05-29T08:04:09.955066+00:00
[2026-05-29T10:04:09.977+0200] {processor.py:179} INFO - Processing /home/frederic/airflow_venv/lib/python3.10/site-packages/airflow/example_dags/example_latest_only_with_trigger.py took 0.073 seconds
[2026-05-29T10:04:59.532+0200] {processor.py:157} INFO - Started process (PID=688840) to work on /home/frederic/airflow_venv/lib/python3.10/site-packages/airflow/example_dags/example_latest_only_with_trigger.py
[2026-05-29T10:04:59.534+0200] {processor.py:829} INFO - Processing file /home/frederic/airflow_venv/lib/python3.10/site-packages/airflow/example_dags/example_latest_only_with_trigger.py for tasks to queue
[2026-05-29T10:04:59.535+0200] {logging_mixin.py:151} INFO - [2026-05-29T10:04:59.534+0200] {dagbag.py:539} INFO - Filling up the DagBag from /home/frederic/airflow_venv/lib/python3.10/site-packages/airflow/example_dags/example_latest_only_with_trigger.py
[2026-05-29T10:04:59.541+0200] {processor.py:839} INFO - DAG(s) dict_keys(['latest_only_with_trigger']) retrieved from /home/frederic/airflow_venv/lib/python3.10/site-packages/airflow/example_dags/example_latest_only_with_trigger.py
[2026-05-29T10:04:59.560+0200] {logging_mixin.py:151} INFO - [2026-05-29T10:04:59.559+0200] {dag.py:2915} INFO - Sync 1 DAGs
[2026-05-29T10:04:59.583+0200] {logging_mixin.py:151} INFO - [2026-05-29T10:04:59.583+0200] {dag.py:3696} INFO - Setting next_dagrun for latest_only_with_trigger to 2026-05-29T04:04:59.583024+00:00, run_after=2026-05-29T08:04:59.583024+00:00
[2026-05-29T10:04:59.605+0200] {processor.py:179} INFO - Processing /home/frederic/airflow_venv/lib/python3.10/site-packages/airflow/example_dags/example_latest_only_with_trigger.py took 0.077 seconds
[2026-05-29T10:05:45.287+0200] {processor.py:157} INFO - Started process (PID=689705) to work on /home/frederic/airflow_venv/lib/python3.10/site-packages/airflow/example_dags/example_latest_only_with_trigger.py
[2026-05-29T10:05:45.288+0200] {processor.py:829} INFO - Processing file /home/frederic/airflow_venv/lib/python3.10/site-packages/airflow/example_dags/example_latest_only_with_trigger.py for tasks to queue
[2026-05-29T10:05:45.290+0200] {logging_mixin.py:151} INFO - [2026-05-29T10:05:45.289+0200] {dagbag.py:539} INFO - Filling up the DagBag from /home/frederic/airflow_venv/lib/python3.10/site-packages/airflow/example_dags/example_latest_only_with_trigger.py
[2026-05-29T10:05:45.296+0200] {processor.py:839} INFO - DAG(s) dict_keys(['latest_only_with_trigger']) retrieved from /home/frederic/airflow_venv/lib/python3.10/site-packages/airflow/example_dags/example_latest_only_with_trigger.py
[2026-05-29T10:05:45.314+0200] {logging_mixin.py:151} INFO - [2026-05-29T10:05:45.313+0200] {dag.py:2915} INFO - Sync 1 DAGs
[2026-05-29T10:05:45.341+0200] {logging_mixin.py:151} INFO - [2026-05-29T10:05:45.341+0200] {dag.py:3696} INFO - Setting next_dagrun for latest_only_with_trigger to 2026-05-29T04:05:45.341034+00:00, run_after=2026-05-29T08:05:45.341034+00:00
[2026-05-29T10:05:45.363+0200] {processor.py:179} INFO - Processing /home/frederic/airflow_venv/lib/python3.10/site-packages/airflow/example_dags/example_latest_only_with_trigger.py took 0.079 seconds
[2026-05-29T10:06:35.676+0200] {processor.py:157} INFO - Started process (PID=690307) to work on /home/frederic/airflow_venv/lib/python3.10/site-packages/airflow/example_dags/example_latest_only_with_trigger.py
[2026-05-29T10:06:35.677+0200] {processor.py:829} INFO - Processing file /home/frederic/airflow_venv/lib/python3.10/site-packages/airflow/example_dags/example_latest_only_with_trigger.py for tasks to queue
[2026-05-29T10:06:35.678+0200] {logging_mixin.py:151} INFO - [2026-05-29T10:06:35.677+0200] {dagbag.py:539} INFO - Filling up the DagBag from /home/frederic/airflow_venv/lib/python3.10/site-packages/airflow/example_dags/example_latest_only_with_trigger.py
[2026-05-29T10:06:35.684+0200] {processor.py:839} INFO - DAG(s) dict_keys(['latest_only_with_trigger']) retrieved from /home/frederic/airflow_venv/lib/python3.10/site-packages/airflow/example_dags/example_latest_only_with_trigger.py
[2026-05-29T10:06:35.701+0200] {logging_mixin.py:151} INFO - [2026-05-29T10:06:35.700+0200] {dag.py:2915} INFO - Sync 1 DAGs
[2026-05-29T10:06:35.719+0200] {logging_mixin.py:151} INFO - [2026-05-29T10:06:35.719+0200] {dag.py:3696} INFO - Setting next_dagrun for latest_only_with_trigger to 2026-05-29T04:06:35.719007+00:00, run_after=2026-05-29T08:06:35.719007+00:00
[2026-05-29T10:06:35.737+0200] {processor.py:179} INFO - Processing /home/frederic/airflow_venv/lib/python3.10/site-packages/airflow/example_dags/example_latest_only_with_trigger.py took 0.063 seconds
[2026-05-29T10:07:31.763+0200] {processor.py:157} INFO - Started process (PID=691071) to work on /home/frederic/airflow_venv/lib/python3.10/site-packages/airflow/example_dags/example_latest_only_with_trigger.py
[2026-05-29T10:07:31.764+0200] {processor.py:829} INFO - Processing file /home/frederic/airflow_venv/lib/python3.10/site-packages/airflow/example_dags/example_latest_only_with_trigger.py for tasks to queue
[2026-05-29T10:07:31.765+0200] {logging_mixin.py:151} INFO - [2026-05-29T10:07:31.765+0200] {dagbag.py:539} INFO - Filling up the DagBag from /home/frederic/airflow_venv/lib/python3.10/site-packages/airflow/example_dags/example_latest_only_with_trigger.py
[2026-05-29T10:07:31.771+0200] {processor.py:839} INFO - DAG(s) dict_keys(['latest_only_with_trigger']) retrieved from /home/frederic/airflow_venv/lib/python3.10/site-packages/airflow/example_dags/example_latest_only_with_trigger.py
[2026-05-29T10:07:31.785+0200] {logging_mixin.py:151} INFO - [2026-05-29T10:07:31.784+0200] {dag.py:2915} INFO - Sync 1 DAGs
[2026-05-29T10:07:31.805+0200] {logging_mixin.py:151} INFO - [2026-05-29T10:07:31.804+0200] {dag.py:3696} INFO - Setting next_dagrun for latest_only_with_trigger to 2026-05-29T04:07:31.804542+00:00, run_after=2026-05-29T08:07:31.804542+00:00
[2026-05-29T10:07:31.821+0200] {processor.py:179} INFO - Processing /home/frederic/airflow_venv/lib/python3.10/site-packages/airflow/example_dags/example_latest_only_with_trigger.py took 0.060 seconds
[2026-05-29T10:08:19.413+0200] {processor.py:157} INFO - Started process (PID=691703) to work on /home/frederic/airflow_venv/lib/python3.10/site-packages/airflow/example_dags/example_latest_only_with_trigger.py
[2026-05-29T10:08:19.414+0200] {processor.py:829} INFO - Processing file /home/frederic/airflow_venv/lib/python3.10/site-packages/airflow/example_dags/example_latest_only_with_trigger.py for tasks to queue
[2026-05-29T10:08:19.415+0200] {logging_mixin.py:151} INFO - [2026-05-29T10:08:19.414+0200] {dagbag.py:539} INFO - Filling up the DagBag from /home/frederic/airflow_venv/lib/python3.10/site-packages/airflow/example_dags/example_latest_only_with_trigger.py
[2026-05-29T10:08:19.422+0200] {processor.py:839} INFO - DAG(s) dict_keys(['latest_only_with_trigger']) retrieved from /home/frederic/airflow_venv/lib/python3.10/site-packages/airflow/example_dags/example_latest_only_with_trigger.py
[2026-05-29T10:08:19.437+0200] {logging_mixin.py:151} INFO - [2026-05-29T10:08:19.437+0200] {dag.py:2915} INFO - Sync 1 DAGs
[2026-05-29T10:08:19.457+0200] {logging_mixin.py:151} INFO - [2026-05-29T10:08:19.456+0200] {dag.py:3696} INFO - Setting next_dagrun for latest_only_with_trigger to 2026-05-29T04:08:19.456694+00:00, run_after=2026-05-29T08:08:19.456694+00:00
[2026-05-29T10:08:19.477+0200] {processor.py:179} INFO - Processing /home/frederic/airflow_venv/lib/python3.10/site-packages/airflow/example_dags/example_latest_only_with_trigger.py took 0.066 seconds
[2026-05-29T10:09:06.216+0200] {processor.py:157} INFO - Started process (PID=692267) to work on /home/frederic/airflow_venv/lib/python3.10/site-packages/airflow/example_dags/example_latest_only_with_trigger.py
[2026-05-29T10:09:06.217+0200] {processor.py:829} INFO - Processing file /home/frederic/airflow_venv/lib/python3.10/site-packages/airflow/example_dags/example_latest_only_with_trigger.py for tasks to queue
[2026-05-29T10:09:06.218+0200] {logging_mixin.py:151} INFO - [2026-05-29T10:09:06.217+0200] {dagbag.py:539} INFO - Filling up the DagBag from /home/frederic/airflow_venv/lib/python3.10/site-packages/airflow/example_dags/example_latest_only_with_trigger.py
[2026-05-29T10:09:06.224+0200] {processor.py:839} INFO - DAG(s) dict_keys(['latest_only_with_trigger']) retrieved from /home/frederic/airflow_venv/lib/python3.10/site-packages/airflow/example_dags/example_latest_only_with_trigger.py
[2026-05-29T10:09:06.239+0200] {logging_mixin.py:151} INFO - [2026-05-29T10:09:06.239+0200] {dag.py:2915} INFO - Sync 1 DAGs
[2026-05-29T10:09:06.256+0200] {logging_mixin.py:151} INFO - [2026-05-29T10:09:06.256+0200] {dag.py:3696} INFO - Setting next_dagrun for latest_only_with_trigger to 2026-05-29T04:09:06.256634+00:00, run_after=2026-05-29T08:09:06.256634+00:00
[2026-05-29T10:09:06.272+0200] {processor.py:179} INFO - Processing /home/frederic/airflow_venv/lib/python3.10/site-packages/airflow/example_dags/example_latest_only_with_trigger.py took 0.059 seconds
[2026-05-29T10:09:57.018+0200] {processor.py:157} INFO - Started process (PID=692755) to work on /home/frederic/airflow_venv/lib/python3.10/site-packages/airflow/example_dags/example_latest_only_with_trigger.py
[2026-05-29T10:09:57.019+0200] {processor.py:829} INFO - Processing file /home/frederic/airflow_venv/lib/python3.10/site-packages/airflow/example_dags/example_latest_only_with_trigger.py for tasks to queue
[2026-05-29T10:09:57.020+0200] {logging_mixin.py:151} INFO - [2026-05-29T10:09:57.019+0200] {dagbag.py:539} INFO - Filling up the DagBag from /home/frederic/airflow_venv/lib/python3.10/site-packages/airflow/example_dags/example_latest_only_with_trigger.py
[2026-05-29T10:09:57.026+0200] {processor.py:839} INFO - DAG(s) dict_keys(['latest_only_with_trigger']) retrieved from /home/frederic/airflow_venv/lib/python3.10/site-packages/airflow/example_dags/example_latest_only_with_trigger.py
[2026-05-29T10:09:57.040+0200] {logging_mixin.py:151} INFO - [2026-05-29T10:09:57.040+0200] {dag.py:2915} INFO - Sync 1 DAGs
[2026-05-29T10:09:57.057+0200] {logging_mixin.py:151} INFO - [2026-05-29T10:09:57.057+0200] {dag.py:3696} INFO - Setting next_dagrun for latest_only_with_trigger to 2026-05-29T04:09:57.057220+00:00, run_after=2026-05-29T08:09:57.057220+00:00
[2026-05-29T10:09:57.073+0200] {processor.py:179} INFO - Processing /home/frederic/airflow_venv/lib/python3.10/site-packages/airflow/example_dags/example_latest_only_with_trigger.py took 0.057 seconds
[2026-05-29T10:10:42.128+0200] {processor.py:157} INFO - Started process (PID=693544) to work on /home/frederic/airflow_venv/lib/python3.10/site-packages/airflow/example_dags/example_latest_only_with_trigger.py
[2026-05-29T10:10:42.130+0200] {processor.py:829} INFO - Processing file /home/frederic/airflow_venv/lib/python3.10/site-packages/airflow/example_dags/example_latest_only_with_trigger.py for tasks to queue
[2026-05-29T10:10:42.132+0200] {logging_mixin.py:151} INFO - [2026-05-29T10:10:42.131+0200] {dagbag.py:539} INFO - Filling up the DagBag from /home/frederic/airflow_venv/lib/python3.10/site-packages/airflow/example_dags/example_latest_only_with_trigger.py
[2026-05-29T10:10:42.141+0200] {processor.py:839} INFO - DAG(s) dict_keys(['latest_only_with_trigger']) retrieved from /home/frederic/airflow_venv/lib/python3.10/site-packages/airflow/example_dags/example_latest_only_with_trigger.py
[2026-05-29T10:10:42.161+0200] {logging_mixin.py:151} INFO - [2026-05-29T10:10:42.161+0200] {dag.py:2915} INFO - Sync 1 DAGs
[2026-05-29T10:10:42.195+0200] {logging_mixin.py:151} INFO - [2026-05-29T10:10:42.195+0200] {dag.py:3696} INFO - Setting next_dagrun for latest_only_with_trigger to 2026-05-29T04:10:42.195454+00:00, run_after=2026-05-29T08:10:42.195454+00:00
[2026-05-29T10:10:42.223+0200] {processor.py:179} INFO - Processing /home/frederic/airflow_venv/lib/python3.10/site-packages/airflow/example_dags/example_latest_only_with_trigger.py took 0.099 seconds
[2026-05-29T10:11:31.285+0200] {processor.py:157} INFO - Started process (PID=694595) to work on /home/frederic/airflow_venv/lib/python3.10/site-packages/airflow/example_dags/example_latest_only_with_trigger.py
[2026-05-29T10:11:31.286+0200] {processor.py:829} INFO - Processing file /home/frederic/airflow_venv/lib/python3.10/site-packages/airflow/example_dags/example_latest_only_with_trigger.py for tasks to queue
[2026-05-29T10:11:31.286+0200] {logging_mixin.py:151} INFO - [2026-05-29T10:11:31.286+0200] {dagbag.py:539} INFO - Filling up the DagBag from /home/frederic/airflow_venv/lib/python3.10/site-packages/airflow/example_dags/example_latest_only_with_trigger.py
[2026-05-29T10:11:31.291+0200] {processor.py:839} INFO - DAG(s) dict_keys(['latest_only_with_trigger']) retrieved from /home/frederic/airflow_venv/lib/python3.10/site-packages/airflow/example_dags/example_latest_only_with_trigger.py
[2026-05-29T10:11:31.304+0200] {logging_mixin.py:151} INFO - [2026-05-29T10:11:31.304+0200] {dag.py:2915} INFO - Sync 1 DAGs
[2026-05-29T10:11:31.320+0200] {logging_mixin.py:151} INFO - [2026-05-29T10:11:31.320+0200] {dag.py:3696} INFO - Setting next_dagrun for latest_only_with_trigger to 2026-05-29T04:11:31.320606+00:00, run_after=2026-05-29T08:11:31.320606+00:00
[2026-05-29T10:11:31.335+0200] {processor.py:179} INFO - Processing /home/frederic/airflow_venv/lib/python3.10/site-packages/airflow/example_dags/example_latest_only_with_trigger.py took 0.053 seconds
[2026-05-29T10:12:19.764+0200] {processor.py:157} INFO - Started process (PID=695440) to work on /home/frederic/airflow_venv/lib/python3.10/site-packages/airflow/example_dags/example_latest_only_with_trigger.py
[2026-05-29T10:12:19.765+0200] {processor.py:829} INFO - Processing file /home/frederic/airflow_venv/lib/python3.10/site-packages/airflow/example_dags/example_latest_only_with_trigger.py for tasks to queue
[2026-05-29T10:12:19.766+0200] {logging_mixin.py:151} INFO - [2026-05-29T10:12:19.766+0200] {dagbag.py:539} INFO - Filling up the DagBag from /home/frederic/airflow_venv/lib/python3.10/site-packages/airflow/example_dags/example_latest_only_with_trigger.py
[2026-05-29T10:12:19.771+0200] {processor.py:839} INFO - DAG(s) dict_keys(['latest_only_with_trigger']) retrieved from /home/frederic/airflow_venv/lib/python3.10/site-packages/airflow/example_dags/example_latest_only_with_trigger.py
[2026-05-29T10:12:19.783+0200] {logging_mixin.py:151} INFO - [2026-05-29T10:12:19.782+0200] {dag.py:2915} INFO - Sync 1 DAGs
[2026-05-29T10:12:19.797+0200] {logging_mixin.py:151} INFO - [2026-05-29T10:12:19.797+0200] {dag.py:3696} INFO - Setting next_dagrun for latest_only_with_trigger to 2026-05-29T04:12:19.797228+00:00, run_after=2026-05-29T08:12:19.797228+00:00
[2026-05-29T10:12:19.811+0200] {processor.py:179} INFO - Processing /home/frederic/airflow_venv/lib/python3.10/site-packages/airflow/example_dags/example_latest_only_with_trigger.py took 0.049 seconds
[2026-05-29T10:13:00.589+0200] {processor.py:157} INFO - Started process (PID=695834) to work on /home/frederic/airflow_venv/lib/python3.10/site-packages/airflow/example_dags/example_latest_only_with_trigger.py
[2026-05-29T10:13:00.589+0200] {processor.py:829} INFO - Processing file /home/frederic/airflow_venv/lib/python3.10/site-packages/airflow/example_dags/example_latest_only_with_trigger.py for tasks to queue
[2026-05-29T10:13:00.590+0200] {logging_mixin.py:151} INFO - [2026-05-29T10:13:00.590+0200] {dagbag.py:539} INFO - Filling up the DagBag from /home/frederic/airflow_venv/lib/python3.10/site-packages/airflow/example_dags/example_latest_only_with_trigger.py
[2026-05-29T10:13:00.595+0200] {processor.py:839} INFO - DAG(s) dict_keys(['latest_only_with_trigger']) retrieved from /home/frederic/airflow_venv/lib/python3.10/site-packages/airflow/example_dags/example_latest_only_with_trigger.py
[2026-05-29T10:13:00.608+0200] {logging_mixin.py:151} INFO - [2026-05-29T10:13:00.607+0200] {dag.py:2915} INFO - Sync 1 DAGs
[2026-05-29T10:13:00.622+0200] {logging_mixin.py:151} INFO - [2026-05-29T10:13:00.622+0200] {dag.py:3696} INFO - Setting next_dagrun for latest_only_with_trigger to 2026-05-29T04:13:00.622348+00:00, run_after=2026-05-29T08:13:00.622348+00:00
[2026-05-29T10:13:00.637+0200] {processor.py:179} INFO - Processing /home/frederic/airflow_venv/lib/python3.10/site-packages/airflow/example_dags/example_latest_only_with_trigger.py took 0.051 seconds
[2026-05-29T10:13:46.988+0200] {processor.py:157} INFO - Started process (PID=696356) to work on /home/frederic/airflow_venv/lib/python3.10/site-packages/airflow/example_dags/example_latest_only_with_trigger.py
[2026-05-29T10:13:46.989+0200] {processor.py:829} INFO - Processing file /home/frederic/airflow_venv/lib/python3.10/site-packages/airflow/example_dags/example_latest_only_with_trigger.py for tasks to queue
[2026-05-29T10:13:46.990+0200] {logging_mixin.py:151} INFO - [2026-05-29T10:13:46.990+0200] {dagbag.py:539} INFO - Filling up the DagBag from /home/frederic/airflow_venv/lib/python3.10/site-packages/airflow/example_dags/example_latest_only_with_trigger.py
[2026-05-29T10:13:46.996+0200] {processor.py:839} INFO - DAG(s) dict_keys(['latest_only_with_trigger']) retrieved from /home/frederic/airflow_venv/lib/python3.10/site-packages/airflow/example_dags/example_latest_only_with_trigger.py
[2026-05-29T10:13:47.016+0200] {logging_mixin.py:151} INFO - [2026-05-29T10:13:47.016+0200] {dag.py:2915} INFO - Sync 1 DAGs
[2026-05-29T10:13:47.047+0200] {logging_mixin.py:151} INFO - [2026-05-29T10:13:47.046+0200] {dag.py:3696} INFO - Setting next_dagrun for latest_only_with_trigger to 2026-05-29T04:13:47.046524+00:00, run_after=2026-05-29T08:13:47.046524+00:00
[2026-05-29T10:13:47.078+0200] {processor.py:179} INFO - Processing /home/frederic/airflow_venv/lib/python3.10/site-packages/airflow/example_dags/example_latest_only_with_trigger.py took 0.093 seconds
[2026-05-29T10:14:37.857+0200] {processor.py:157} INFO - Started process (PID=697060) to work on /home/frederic/airflow_venv/lib/python3.10/site-packages/airflow/example_dags/example_latest_only_with_trigger.py
[2026-05-29T10:14:37.858+0200] {processor.py:829} INFO - Processing file /home/frederic/airflow_venv/lib/python3.10/site-packages/airflow/example_dags/example_latest_only_with_trigger.py for tasks to queue
[2026-05-29T10:14:37.859+0200] {logging_mixin.py:151} INFO - [2026-05-29T10:14:37.859+0200] {dagbag.py:539} INFO - Filling up the DagBag from /home/frederic/airflow_venv/lib/python3.10/site-packages/airflow/example_dags/example_latest_only_with_trigger.py
[2026-05-29T10:14:37.865+0200] {processor.py:839} INFO - DAG(s) dict_keys(['latest_only_with_trigger']) retrieved from /home/frederic/airflow_venv/lib/python3.10/site-packages/airflow/example_dags/example_latest_only_with_trigger.py
[2026-05-29T10:14:37.886+0200] {logging_mixin.py:151} INFO - [2026-05-29T10:14:37.886+0200] {dag.py:2915} INFO - Sync 1 DAGs
[2026-05-29T10:14:37.907+0200] {logging_mixin.py:151} INFO - [2026-05-29T10:14:37.907+0200] {dag.py:3696} INFO - Setting next_dagrun for latest_only_with_trigger to 2026-05-29T04:14:37.907260+00:00, run_after=2026-05-29T08:14:37.907260+00:00
[2026-05-29T10:14:37.929+0200] {processor.py:179} INFO - Processing /home/frederic/airflow_venv/lib/python3.10/site-packages/airflow/example_dags/example_latest_only_with_trigger.py took 0.077 seconds
[2026-05-29T10:15:24.408+0200] {processor.py:157} INFO - Started process (PID=697562) to work on /home/frederic/airflow_venv/lib/python3.10/site-packages/airflow/example_dags/example_latest_only_with_trigger.py
[2026-05-29T10:15:24.409+0200] {processor.py:829} INFO - Processing file /home/frederic/airflow_venv/lib/python3.10/site-packages/airflow/example_dags/example_latest_only_with_trigger.py for tasks to queue
[2026-05-29T10:15:24.410+0200] {logging_mixin.py:151} INFO - [2026-05-29T10:15:24.409+0200] {dagbag.py:539} INFO - Filling up the DagBag from /home/frederic/airflow_venv/lib/python3.10/site-packages/airflow/example_dags/example_latest_only_with_trigger.py
[2026-05-29T10:15:24.415+0200] {processor.py:839} INFO - DAG(s) dict_keys(['latest_only_with_trigger']) retrieved from /home/frederic/airflow_venv/lib/python3.10/site-packages/airflow/example_dags/example_latest_only_with_trigger.py
[2026-05-29T10:15:24.429+0200] {logging_mixin.py:151} INFO - [2026-05-29T10:15:24.429+0200] {dag.py:2915} INFO - Sync 1 DAGs
[2026-05-29T10:15:24.445+0200] {logging_mixin.py:151} INFO - [2026-05-29T10:15:24.444+0200] {dag.py:3696} INFO - Setting next_dagrun for latest_only_with_trigger to 2026-05-29T04:15:24.444743+00:00, run_after=2026-05-29T08:15:24.444743+00:00
[2026-05-29T10:15:24.461+0200] {processor.py:179} INFO - Processing /home/frederic/airflow_venv/lib/python3.10/site-packages/airflow/example_dags/example_latest_only_with_trigger.py took 0.055 seconds
[2026-05-29T10:16:13.334+0200] {processor.py:157} INFO - Started process (PID=698524) to work on /home/frederic/airflow_venv/lib/python3.10/site-packages/airflow/example_dags/example_latest_only_with_trigger.py
[2026-05-29T10:16:13.335+0200] {processor.py:829} INFO - Processing file /home/frederic/airflow_venv/lib/python3.10/site-packages/airflow/example_dags/example_latest_only_with_trigger.py for tasks to queue
[2026-05-29T10:16:13.335+0200] {logging_mixin.py:151} INFO - [2026-05-29T10:16:13.335+0200] {dagbag.py:539} INFO - Filling up the DagBag from /home/frederic/airflow_venv/lib/python3.10/site-packages/airflow/example_dags/example_latest_only_with_trigger.py
[2026-05-29T10:16:13.340+0200] {processor.py:839} INFO - DAG(s) dict_keys(['latest_only_with_trigger']) retrieved from /home/frederic/airflow_venv/lib/python3.10/site-packages/airflow/example_dags/example_latest_only_with_trigger.py
[2026-05-29T10:16:13.355+0200] {logging_mixin.py:151} INFO - [2026-05-29T10:16:13.355+0200] {dag.py:2915} INFO - Sync 1 DAGs
[2026-05-29T10:16:13.386+0200] {logging_mixin.py:151} INFO - [2026-05-29T10:16:13.386+0200] {dag.py:3696} INFO - Setting next_dagrun for latest_only_with_trigger to 2026-05-29T04:16:13.385746+00:00, run_after=2026-05-29T08:16:13.385746+00:00
[2026-05-29T10:16:13.407+0200] {processor.py:179} INFO - Processing /home/frederic/airflow_venv/lib/python3.10/site-packages/airflow/example_dags/example_latest_only_with_trigger.py took 0.076 seconds
[2026-05-29T10:16:58.930+0200] {processor.py:157} INFO - Started process (PID=699244) to work on /home/frederic/airflow_venv/lib/python3.10/site-packages/airflow/example_dags/example_latest_only_with_trigger.py
[2026-05-29T10:16:58.931+0200] {processor.py:829} INFO - Processing file /home/frederic/airflow_venv/lib/python3.10/site-packages/airflow/example_dags/example_latest_only_with_trigger.py for tasks to queue
[2026-05-29T10:16:58.932+0200] {logging_mixin.py:151} INFO - [2026-05-29T10:16:58.931+0200] {dagbag.py:539} INFO - Filling up the DagBag from /home/frederic/airflow_venv/lib/python3.10/site-packages/airflow/example_dags/example_latest_only_with_trigger.py
[2026-05-29T10:16:58.937+0200] {processor.py:839} INFO - DAG(s) dict_keys(['latest_only_with_trigger']) retrieved from /home/frederic/airflow_venv/lib/python3.10/site-packages/airflow/example_dags/example_latest_only_with_trigger.py
[2026-05-29T10:16:58.950+0200] {logging_mixin.py:151} INFO - [2026-05-29T10:16:58.949+0200] {dag.py:2915} INFO - Sync 1 DAGs
[2026-05-29T10:16:58.965+0200] {logging_mixin.py:151} INFO - [2026-05-29T10:16:58.965+0200] {dag.py:3696} INFO - Setting next_dagrun for latest_only_with_trigger to 2026-05-29T04:16:58.965500+00:00, run_after=2026-05-29T08:16:58.965500+00:00
[2026-05-29T10:16:58.980+0200] {processor.py:179} INFO - Processing /home/frederic/airflow_venv/lib/python3.10/site-packages/airflow/example_dags/example_latest_only_with_trigger.py took 0.052 seconds
[2026-05-29T10:17:45.299+0200] {processor.py:157} INFO - Started process (PID=700363) to work on /home/frederic/airflow_venv/lib/python3.10/site-packages/airflow/example_dags/example_latest_only_with_trigger.py
[2026-05-29T10:17:45.300+0200] {processor.py:829} INFO - Processing file /home/frederic/airflow_venv/lib/python3.10/site-packages/airflow/example_dags/example_latest_only_with_trigger.py for tasks to queue
[2026-05-29T10:17:45.301+0200] {logging_mixin.py:151} INFO - [2026-05-29T10:17:45.301+0200] {dagbag.py:539} INFO - Filling up the DagBag from /home/frederic/airflow_venv/lib/python3.10/site-packages/airflow/example_dags/example_latest_only_with_trigger.py
[2026-05-29T10:17:45.307+0200] {processor.py:839} INFO - DAG(s) dict_keys(['latest_only_with_trigger']) retrieved from /home/frederic/airflow_venv/lib/python3.10/site-packages/airflow/example_dags/example_latest_only_with_trigger.py
[2026-05-29T10:17:45.321+0200] {logging_mixin.py:151} INFO - [2026-05-29T10:17:45.321+0200] {dag.py:2915} INFO - Sync 1 DAGs
[2026-05-29T10:17:45.341+0200] {logging_mixin.py:151} INFO - [2026-05-29T10:17:45.340+0200] {dag.py:3696} INFO - Setting next_dagrun for latest_only_with_trigger to 2026-05-29T04:17:45.340574+00:00, run_after=2026-05-29T08:17:45.340574+00:00
[2026-05-29T10:17:45.359+0200] {processor.py:179} INFO - Processing /home/frederic/airflow_venv/lib/python3.10/site-packages/airflow/example_dags/example_latest_only_with_trigger.py took 0.063 seconds
[2026-05-29T10:18:31.159+0200] {processor.py:157} INFO - Started process (PID=700916) to work on /home/frederic/airflow_venv/lib/python3.10/site-packages/airflow/example_dags/example_latest_only_with_trigger.py
[2026-05-29T10:18:31.160+0200] {processor.py:829} INFO - Processing file /home/frederic/airflow_venv/lib/python3.10/site-packages/airflow/example_dags/example_latest_only_with_trigger.py for tasks to queue
[2026-05-29T10:18:31.161+0200] {logging_mixin.py:151} INFO - [2026-05-29T10:18:31.160+0200] {dagbag.py:539} INFO - Filling up the DagBag from /home/frederic/airflow_venv/lib/python3.10/site-packages/airflow/example_dags/example_latest_only_with_trigger.py
[2026-05-29T10:18:31.168+0200] {processor.py:839} INFO - DAG(s) dict_keys(['latest_only_with_trigger']) retrieved from /home/frederic/airflow_venv/lib/python3.10/site-packages/airflow/example_dags/example_latest_only_with_trigger.py
[2026-05-29T10:18:31.187+0200] {logging_mixin.py:151} INFO - [2026-05-29T10:18:31.187+0200] {dag.py:2915} INFO - Sync 1 DAGs
[2026-05-29T10:18:31.211+0200] {logging_mixin.py:151} INFO - [2026-05-29T10:18:31.211+0200] {dag.py:3696} INFO - Setting next_dagrun for latest_only_with_trigger to 2026-05-29T04:18:31.211437+00:00, run_after=2026-05-29T08:18:31.211437+00:00
[2026-05-29T10:18:31.233+0200] {processor.py:179} INFO - Processing /home/frederic/airflow_venv/lib/python3.10/site-packages/airflow/example_dags/example_latest_only_with_trigger.py took 0.077 seconds
[2026-05-29T10:19:18.988+0200] {processor.py:157} INFO - Started process (PID=701398) to work on /home/frederic/airflow_venv/lib/python3.10/site-packages/airflow/example_dags/example_latest_only_with_trigger.py
[2026-05-29T10:19:18.989+0200] {processor.py:829} INFO - Processing file /home/frederic/airflow_venv/lib/python3.10/site-packages/airflow/example_dags/example_latest_only_with_trigger.py for tasks to queue
[2026-05-29T10:19:18.989+0200] {logging_mixin.py:151} INFO - [2026-05-29T10:19:18.989+0200] {dagbag.py:539} INFO - Filling up the DagBag from /home/frederic/airflow_venv/lib/python3.10/site-packages/airflow/example_dags/example_latest_only_with_trigger.py
[2026-05-29T10:19:18.994+0200] {processor.py:839} INFO - DAG(s) dict_keys(['latest_only_with_trigger']) retrieved from /home/frederic/airflow_venv/lib/python3.10/site-packages/airflow/example_dags/example_latest_only_with_trigger.py
[2026-05-29T10:19:19.007+0200] {logging_mixin.py:151} INFO - [2026-05-29T10:19:19.007+0200] {dag.py:2915} INFO - Sync 1 DAGs
[2026-05-29T10:19:19.023+0200] {logging_mixin.py:151} INFO - [2026-05-29T10:19:19.023+0200] {dag.py:3696} INFO - Setting next_dagrun for latest_only_with_trigger to 2026-05-29T04:19:19.023397+00:00, run_after=2026-05-29T08:19:19.023397+00:00
[2026-05-29T10:19:19.037+0200] {processor.py:179} INFO - Processing /home/frederic/airflow_venv/lib/python3.10/site-packages/airflow/example_dags/example_latest_only_with_trigger.py took 0.052 seconds
[2026-05-29T10:20:07.239+0200] {processor.py:157} INFO - Started process (PID=702025) to work on /home/frederic/airflow_venv/lib/python3.10/site-packages/airflow/example_dags/example_latest_only_with_trigger.py
[2026-05-29T10:20:07.240+0200] {processor.py:829} INFO - Processing file /home/frederic/airflow_venv/lib/python3.10/site-packages/airflow/example_dags/example_latest_only_with_trigger.py for tasks to queue
[2026-05-29T10:20:07.241+0200] {logging_mixin.py:151} INFO - [2026-05-29T10:20:07.241+0200] {dagbag.py:539} INFO - Filling up the DagBag from /home/frederic/airflow_venv/lib/python3.10/site-packages/airflow/example_dags/example_latest_only_with_trigger.py
[2026-05-29T10:20:07.246+0200] {processor.py:839} INFO - DAG(s) dict_keys(['latest_only_with_trigger']) retrieved from /home/frederic/airflow_venv/lib/python3.10/site-packages/airflow/example_dags/example_latest_only_with_trigger.py
[2026-05-29T10:20:07.259+0200] {logging_mixin.py:151} INFO - [2026-05-29T10:20:07.259+0200] {dag.py:2915} INFO - Sync 1 DAGs
[2026-05-29T10:20:07.273+0200] {logging_mixin.py:151} INFO - [2026-05-29T10:20:07.273+0200] {dag.py:3696} INFO - Setting next_dagrun for latest_only_with_trigger to 2026-05-29T04:20:07.273707+00:00, run_after=2026-05-29T08:20:07.273707+00:00
[2026-05-29T10:20:07.289+0200] {processor.py:179} INFO - Processing /home/frederic/airflow_venv/lib/python3.10/site-packages/airflow/example_dags/example_latest_only_with_trigger.py took 0.052 seconds
[2026-05-29T10:20:59.044+0200] {processor.py:157} INFO - Started process (PID=702498) to work on /home/frederic/airflow_venv/lib/python3.10/site-packages/airflow/example_dags/example_latest_only_with_trigger.py
[2026-05-29T10:20:59.045+0200] {processor.py:829} INFO - Processing file /home/frederic/airflow_venv/lib/python3.10/site-packages/airflow/example_dags/example_latest_only_with_trigger.py for tasks to queue
[2026-05-29T10:20:59.046+0200] {logging_mixin.py:151} INFO - [2026-05-29T10:20:59.045+0200] {dagbag.py:539} INFO - Filling up the DagBag from /home/frederic/airflow_venv/lib/python3.10/site-packages/airflow/example_dags/example_latest_only_with_trigger.py
[2026-05-29T10:20:59.050+0200] {processor.py:839} INFO - DAG(s) dict_keys(['latest_only_with_trigger']) retrieved from /home/frederic/airflow_venv/lib/python3.10/site-packages/airflow/example_dags/example_latest_only_with_trigger.py
[2026-05-29T10:20:59.062+0200] {logging_mixin.py:151} INFO - [2026-05-29T10:20:59.062+0200] {dag.py:2915} INFO - Sync 1 DAGs
[2026-05-29T10:20:59.077+0200] {logging_mixin.py:151} INFO - [2026-05-29T10:20:59.077+0200] {dag.py:3696} INFO - Setting next_dagrun for latest_only_with_trigger to 2026-05-29T04:20:59.076951+00:00, run_after=2026-05-29T08:20:59.076951+00:00
[2026-05-29T10:20:59.097+0200] {processor.py:179} INFO - Processing /home/frederic/airflow_venv/lib/python3.10/site-packages/airflow/example_dags/example_latest_only_with_trigger.py took 0.056 seconds
[2026-05-29T10:21:45.431+0200] {processor.py:157} INFO - Started process (PID=702954) to work on /home/frederic/airflow_venv/lib/python3.10/site-packages/airflow/example_dags/example_latest_only_with_trigger.py
[2026-05-29T10:21:45.432+0200] {processor.py:829} INFO - Processing file /home/frederic/airflow_venv/lib/python3.10/site-packages/airflow/example_dags/example_latest_only_with_trigger.py for tasks to queue
[2026-05-29T10:21:45.433+0200] {logging_mixin.py:151} INFO - [2026-05-29T10:21:45.433+0200] {dagbag.py:539} INFO - Filling up the DagBag from /home/frederic/airflow_venv/lib/python3.10/site-packages/airflow/example_dags/example_latest_only_with_trigger.py
[2026-05-29T10:21:45.440+0200] {processor.py:839} INFO - DAG(s) dict_keys(['latest_only_with_trigger']) retrieved from /home/frederic/airflow_venv/lib/python3.10/site-packages/airflow/example_dags/example_latest_only_with_trigger.py
[2026-05-29T10:21:45.456+0200] {logging_mixin.py:151} INFO - [2026-05-29T10:21:45.456+0200] {dag.py:2915} INFO - Sync 1 DAGs
[2026-05-29T10:21:45.475+0200] {logging_mixin.py:151} INFO - [2026-05-29T10:21:45.475+0200] {dag.py:3696} INFO - Setting next_dagrun for latest_only_with_trigger to 2026-05-29T04:21:45.475297+00:00, run_after=2026-05-29T08:21:45.475297+00:00
[2026-05-29T10:21:45.578+0200] {processor.py:179} INFO - Processing /home/frederic/airflow_venv/lib/python3.10/site-packages/airflow/example_dags/example_latest_only_with_trigger.py took 0.150 seconds
[2026-05-29T10:22:33.179+0200] {processor.py:157} INFO - Started process (PID=703446) to work on /home/frederic/airflow_venv/lib/python3.10/site-packages/airflow/example_dags/example_latest_only_with_trigger.py
[2026-05-29T10:22:33.180+0200] {processor.py:829} INFO - Processing file /home/frederic/airflow_venv/lib/python3.10/site-packages/airflow/example_dags/example_latest_only_with_trigger.py for tasks to queue
[2026-05-29T10:22:33.180+0200] {logging_mixin.py:151} INFO - [2026-05-29T10:22:33.180+0200] {dagbag.py:539} INFO - Filling up the DagBag from /home/frederic/airflow_venv/lib/python3.10/site-packages/airflow/example_dags/example_latest_only_with_trigger.py
[2026-05-29T10:22:33.187+0200] {processor.py:839} INFO - DAG(s) dict_keys(['latest_only_with_trigger']) retrieved from /home/frederic/airflow_venv/lib/python3.10/site-packages/airflow/example_dags/example_latest_only_with_trigger.py
[2026-05-29T10:22:33.202+0200] {logging_mixin.py:151} INFO - [2026-05-29T10:22:33.202+0200] {dag.py:2915} INFO - Sync 1 DAGs
[2026-05-29T10:22:33.218+0200] {logging_mixin.py:151} INFO - [2026-05-29T10:22:33.218+0200] {dag.py:3696} INFO - Setting next_dagrun for latest_only_with_trigger to 2026-05-29T04:22:33.218532+00:00, run_after=2026-05-29T08:22:33.218532+00:00
[2026-05-29T10:22:33.233+0200] {processor.py:179} INFO - Processing /home/frederic/airflow_venv/lib/python3.10/site-packages/airflow/example_dags/example_latest_only_with_trigger.py took 0.057 seconds
[2026-05-29T10:23:21.950+0200] {processor.py:157} INFO - Started process (PID=704057) to work on /home/frederic/airflow_venv/lib/python3.10/site-packages/airflow/example_dags/example_latest_only_with_trigger.py
[2026-05-29T10:23:21.952+0200] {processor.py:829} INFO - Processing file /home/frederic/airflow_venv/lib/python3.10/site-packages/airflow/example_dags/example_latest_only_with_trigger.py for tasks to queue
[2026-05-29T10:23:21.952+0200] {logging_mixin.py:151} INFO - [2026-05-29T10:23:21.952+0200] {dagbag.py:539} INFO - Filling up the DagBag from /home/frederic/airflow_venv/lib/python3.10/site-packages/airflow/example_dags/example_latest_only_with_trigger.py
[2026-05-29T10:23:21.958+0200] {processor.py:839} INFO - DAG(s) dict_keys(['latest_only_with_trigger']) retrieved from /home/frederic/airflow_venv/lib/python3.10/site-packages/airflow/example_dags/example_latest_only_with_trigger.py
[2026-05-29T10:23:21.970+0200] {logging_mixin.py:151} INFO - [2026-05-29T10:23:21.970+0200] {dag.py:2915} INFO - Sync 1 DAGs
[2026-05-29T10:23:21.986+0200] {logging_mixin.py:151} INFO - [2026-05-29T10:23:21.985+0200] {dag.py:3696} INFO - Setting next_dagrun for latest_only_with_trigger to 2026-05-29T04:23:21.985743+00:00, run_after=2026-05-29T08:23:21.985743+00:00
[2026-05-29T10:23:22.000+0200] {processor.py:179} INFO - Processing /home/frederic/airflow_venv/lib/python3.10/site-packages/airflow/example_dags/example_latest_only_with_trigger.py took 0.052 seconds
[2026-05-29T10:24:11.268+0200] {processor.py:157} INFO - Started process (PID=704551) to work on /home/frederic/airflow_venv/lib/python3.10/site-packages/airflow/example_dags/example_latest_only_with_trigger.py
[2026-05-29T10:24:11.269+0200] {processor.py:829} INFO - Processing file /home/frederic/airflow_venv/lib/python3.10/site-packages/airflow/example_dags/example_latest_only_with_trigger.py for tasks to queue
[2026-05-29T10:24:11.270+0200] {logging_mixin.py:151} INFO - [2026-05-29T10:24:11.269+0200] {dagbag.py:539} INFO - Filling up the DagBag from /home/frederic/airflow_venv/lib/python3.10/site-packages/airflow/example_dags/example_latest_only_with_trigger.py
[2026-05-29T10:24:11.278+0200] {processor.py:839} INFO - DAG(s) dict_keys(['latest_only_with_trigger']) retrieved from /home/frederic/airflow_venv/lib/python3.10/site-packages/airflow/example_dags/example_latest_only_with_trigger.py
[2026-05-29T10:24:11.292+0200] {logging_mixin.py:151} INFO - [2026-05-29T10:24:11.292+0200] {dag.py:2915} INFO - Sync 1 DAGs
[2026-05-29T10:24:11.404+0200] {logging_mixin.py:151} INFO - [2026-05-29T10:24:11.404+0200] {dag.py:3696} INFO - Setting next_dagrun for latest_only_with_trigger to 2026-05-29T04:24:11.404461+00:00, run_after=2026-05-29T08:24:11.404461+00:00
[2026-05-29T10:24:11.418+0200] {processor.py:179} INFO - Processing /home/frederic/airflow_venv/lib/python3.10/site-packages/airflow/example_dags/example_latest_only_with_trigger.py took 0.154 seconds
[2026-05-29T10:25:06.246+0200] {processor.py:157} INFO - Started process (PID=705093) to work on /home/frederic/airflow_venv/lib/python3.10/site-packages/airflow/example_dags/example_latest_only_with_trigger.py
[2026-05-29T10:25:06.247+0200] {processor.py:829} INFO - Processing file /home/frederic/airflow_venv/lib/python3.10/site-packages/airflow/example_dags/example_latest_only_with_trigger.py for tasks to queue
[2026-05-29T10:25:06.248+0200] {logging_mixin.py:151} INFO - [2026-05-29T10:25:06.248+0200] {dagbag.py:539} INFO - Filling up the DagBag from /home/frederic/airflow_venv/lib/python3.10/site-packages/airflow/example_dags/example_latest_only_with_trigger.py
[2026-05-29T10:25:06.254+0200] {processor.py:839} INFO - DAG(s) dict_keys(['latest_only_with_trigger']) retrieved from /home/frederic/airflow_venv/lib/python3.10/site-packages/airflow/example_dags/example_latest_only_with_trigger.py
[2026-05-29T10:25:06.268+0200] {logging_mixin.py:151} INFO - [2026-05-29T10:25:06.268+0200] {dag.py:2915} INFO - Sync 1 DAGs
[2026-05-29T10:25:06.286+0200] {logging_mixin.py:151} INFO - [2026-05-29T10:25:06.286+0200] {dag.py:3696} INFO - Setting next_dagrun for latest_only_with_trigger to 2026-05-29T04:25:06.286527+00:00, run_after=2026-05-29T08:25:06.286527+00:00
[2026-05-29T10:25:06.397+0200] {processor.py:179} INFO - Processing /home/frederic/airflow_venv/lib/python3.10/site-packages/airflow/example_dags/example_latest_only_with_trigger.py took 0.153 seconds
[2026-05-29T10:26:02.874+0200] {processor.py:157} INFO - Started process (PID=705668) to work on /home/frederic/airflow_venv/lib/python3.10/site-packages/airflow/example_dags/example_latest_only_with_trigger.py
[2026-05-29T10:26:02.875+0200] {processor.py:829} INFO - Processing file /home/frederic/airflow_venv/lib/python3.10/site-packages/airflow/example_dags/example_latest_only_with_trigger.py for tasks to queue
[2026-05-29T10:26:02.876+0200] {logging_mixin.py:151} INFO - [2026-05-29T10:26:02.876+0200] {dagbag.py:539} INFO - Filling up the DagBag from /home/frederic/airflow_venv/lib/python3.10/site-packages/airflow/example_dags/example_latest_only_with_trigger.py
[2026-05-29T10:26:02.882+0200] {processor.py:839} INFO - DAG(s) dict_keys(['latest_only_with_trigger']) retrieved from /home/frederic/airflow_venv/lib/python3.10/site-packages/airflow/example_dags/example_latest_only_with_trigger.py
[2026-05-29T10:26:02.894+0200] {logging_mixin.py:151} INFO - [2026-05-29T10:26:02.894+0200] {dag.py:2915} INFO - Sync 1 DAGs
[2026-05-29T10:26:02.910+0200] {logging_mixin.py:151} INFO - [2026-05-29T10:26:02.910+0200] {dag.py:3696} INFO - Setting next_dagrun for latest_only_with_trigger to 2026-05-29T04:26:02.909960+00:00, run_after=2026-05-29T08:26:02.909960+00:00
[2026-05-29T10:26:02.924+0200] {processor.py:179} INFO - Processing /home/frederic/airflow_venv/lib/python3.10/site-packages/airflow/example_dags/example_latest_only_with_trigger.py took 0.052 seconds
[2026-05-29T10:26:52.466+0200] {processor.py:157} INFO - Started process (PID=706112) to work on /home/frederic/airflow_venv/lib/python3.10/site-packages/airflow/example_dags/example_latest_only_with_trigger.py
[2026-05-29T10:26:52.467+0200] {processor.py:829} INFO - Processing file /home/frederic/airflow_venv/lib/python3.10/site-packages/airflow/example_dags/example_latest_only_with_trigger.py for tasks to queue
[2026-05-29T10:26:52.467+0200] {logging_mixin.py:151} INFO - [2026-05-29T10:26:52.467+0200] {dagbag.py:539} INFO - Filling up the DagBag from /home/frederic/airflow_venv/lib/python3.10/site-packages/airflow/example_dags/example_latest_only_with_trigger.py
[2026-05-29T10:26:52.473+0200] {processor.py:839} INFO - DAG(s) dict_keys(['latest_only_with_trigger']) retrieved from /home/frederic/airflow_venv/lib/python3.10/site-packages/airflow/example_dags/example_latest_only_with_trigger.py
[2026-05-29T10:26:52.568+0200] {logging_mixin.py:151} INFO - [2026-05-29T10:26:52.568+0200] {dag.py:2915} INFO - Sync 1 DAGs
[2026-05-29T10:26:52.583+0200] {logging_mixin.py:151} INFO - [2026-05-29T10:26:52.583+0200] {dag.py:3696} INFO - Setting next_dagrun for latest_only_with_trigger to 2026-05-29T04:26:52.583449+00:00, run_after=2026-05-29T08:26:52.583449+00:00
[2026-05-29T10:26:52.597+0200] {processor.py:179} INFO - Processing /home/frederic/airflow_venv/lib/python3.10/site-packages/airflow/example_dags/example_latest_only_with_trigger.py took 0.134 seconds
[2026-05-29T10:27:43.053+0200] {processor.py:157} INFO - Started process (PID=706614) to work on /home/frederic/airflow_venv/lib/python3.10/site-packages/airflow/example_dags/example_latest_only_with_trigger.py
[2026-05-29T10:27:43.055+0200] {processor.py:829} INFO - Processing file /home/frederic/airflow_venv/lib/python3.10/site-packages/airflow/example_dags/example_latest_only_with_trigger.py for tasks to queue
[2026-05-29T10:27:43.055+0200] {logging_mixin.py:151} INFO - [2026-05-29T10:27:43.055+0200] {dagbag.py:539} INFO - Filling up the DagBag from /home/frederic/airflow_venv/lib/python3.10/site-packages/airflow/example_dags/example_latest_only_with_trigger.py
[2026-05-29T10:27:43.061+0200] {processor.py:839} INFO - DAG(s) dict_keys(['latest_only_with_trigger']) retrieved from /home/frederic/airflow_venv/lib/python3.10/site-packages/airflow/example_dags/example_latest_only_with_trigger.py
[2026-05-29T10:27:43.074+0200] {logging_mixin.py:151} INFO - [2026-05-29T10:27:43.074+0200] {dag.py:2915} INFO - Sync 1 DAGs
[2026-05-29T10:27:43.091+0200] {logging_mixin.py:151} INFO - [2026-05-29T10:27:43.091+0200] {dag.py:3696} INFO - Setting next_dagrun for latest_only_with_trigger to 2026-05-29T04:27:43.091066+00:00, run_after=2026-05-29T08:27:43.091066+00:00
[2026-05-29T10:27:43.108+0200] {processor.py:179} INFO - Processing /home/frederic/airflow_venv/lib/python3.10/site-packages/airflow/example_dags/example_latest_only_with_trigger.py took 0.056 seconds
[2026-05-29T10:28:24.657+0200] {processor.py:157} INFO - Started process (PID=707127) to work on /home/frederic/airflow_venv/lib/python3.10/site-packages/airflow/example_dags/example_latest_only_with_trigger.py
[2026-05-29T10:28:24.658+0200] {processor.py:829} INFO - Processing file /home/frederic/airflow_venv/lib/python3.10/site-packages/airflow/example_dags/example_latest_only_with_trigger.py for tasks to queue
[2026-05-29T10:28:24.659+0200] {logging_mixin.py:151} INFO - [2026-05-29T10:28:24.659+0200] {dagbag.py:539} INFO - Filling up the DagBag from /home/frederic/airflow_venv/lib/python3.10/site-packages/airflow/example_dags/example_latest_only_with_trigger.py
[2026-05-29T10:28:24.667+0200] {processor.py:839} INFO - DAG(s) dict_keys(['latest_only_with_trigger']) retrieved from /home/frederic/airflow_venv/lib/python3.10/site-packages/airflow/example_dags/example_latest_only_with_trigger.py
[2026-05-29T10:28:24.682+0200] {logging_mixin.py:151} INFO - [2026-05-29T10:28:24.681+0200] {dag.py:2915} INFO - Sync 1 DAGs
[2026-05-29T10:28:24.699+0200] {logging_mixin.py:151} INFO - [2026-05-29T10:28:24.699+0200] {dag.py:3696} INFO - Setting next_dagrun for latest_only_with_trigger to 2026-05-29T04:28:24.699075+00:00, run_after=2026-05-29T08:28:24.699075+00:00
[2026-05-29T10:28:24.718+0200] {processor.py:179} INFO - Processing /home/frederic/airflow_venv/lib/python3.10/site-packages/airflow/example_dags/example_latest_only_with_trigger.py took 0.066 seconds
[2026-05-29T10:29:14.585+0200] {processor.py:157} INFO - Started process (PID=707808) to work on /home/frederic/airflow_venv/lib/python3.10/site-packages/airflow/example_dags/example_latest_only_with_trigger.py
[2026-05-29T10:29:14.586+0200] {processor.py:829} INFO - Processing file /home/frederic/airflow_venv/lib/python3.10/site-packages/airflow/example_dags/example_latest_only_with_trigger.py for tasks to queue
[2026-05-29T10:29:14.586+0200] {logging_mixin.py:151} INFO - [2026-05-29T10:29:14.586+0200] {dagbag.py:539} INFO - Filling up the DagBag from /home/frederic/airflow_venv/lib/python3.10/site-packages/airflow/example_dags/example_latest_only_with_trigger.py
[2026-05-29T10:29:14.592+0200] {processor.py:839} INFO - DAG(s) dict_keys(['latest_only_with_trigger']) retrieved from /home/frederic/airflow_venv/lib/python3.10/site-packages/airflow/example_dags/example_latest_only_with_trigger.py
[2026-05-29T10:29:14.605+0200] {logging_mixin.py:151} INFO - [2026-05-29T10:29:14.605+0200] {dag.py:2915} INFO - Sync 1 DAGs
[2026-05-29T10:29:14.621+0200] {logging_mixin.py:151} INFO - [2026-05-29T10:29:14.621+0200] {dag.py:3696} INFO - Setting next_dagrun for latest_only_with_trigger to 2026-05-29T04:29:14.620980+00:00, run_after=2026-05-29T08:29:14.620980+00:00
[2026-05-29T10:29:14.635+0200] {processor.py:179} INFO - Processing /home/frederic/airflow_venv/lib/python3.10/site-packages/airflow/example_dags/example_latest_only_with_trigger.py took 0.053 seconds
[2026-05-29T10:30:00.633+0200] {processor.py:157} INFO - Started process (PID=708317) to work on /home/frederic/airflow_venv/lib/python3.10/site-packages/airflow/example_dags/example_latest_only_with_trigger.py
[2026-05-29T10:30:00.634+0200] {processor.py:829} INFO - Processing file /home/frederic/airflow_venv/lib/python3.10/site-packages/airflow/example_dags/example_latest_only_with_trigger.py for tasks to queue
[2026-05-29T10:30:00.634+0200] {logging_mixin.py:151} INFO - [2026-05-29T10:30:00.634+0200] {dagbag.py:539} INFO - Filling up the DagBag from /home/frederic/airflow_venv/lib/python3.10/site-packages/airflow/example_dags/example_latest_only_with_trigger.py
[2026-05-29T10:30:00.639+0200] {processor.py:839} INFO - DAG(s) dict_keys(['latest_only_with_trigger']) retrieved from /home/frederic/airflow_venv/lib/python3.10/site-packages/airflow/example_dags/example_latest_only_with_trigger.py
[2026-05-29T10:30:00.651+0200] {logging_mixin.py:151} INFO - [2026-05-29T10:30:00.651+0200] {dag.py:2915} INFO - Sync 1 DAGs
[2026-05-29T10:30:00.666+0200] {logging_mixin.py:151} INFO - [2026-05-29T10:30:00.665+0200] {dag.py:3696} INFO - Setting next_dagrun for latest_only_with_trigger to 2026-05-29T04:30:00.665726+00:00, run_after=2026-05-29T08:30:00.665726+00:00
[2026-05-29T10:30:00.680+0200] {processor.py:179} INFO - Processing /home/frederic/airflow_venv/lib/python3.10/site-packages/airflow/example_dags/example_latest_only_with_trigger.py took 0.049 seconds
[2026-05-29T10:30:48.531+0200] {processor.py:157} INFO - Started process (PID=708977) to work on /home/frederic/airflow_venv/lib/python3.10/site-packages/airflow/example_dags/example_latest_only_with_trigger.py
[2026-05-29T10:30:48.532+0200] {processor.py:829} INFO - Processing file /home/frederic/airflow_venv/lib/python3.10/site-packages/airflow/example_dags/example_latest_only_with_trigger.py for tasks to queue
[2026-05-29T10:30:48.533+0200] {logging_mixin.py:151} INFO - [2026-05-29T10:30:48.532+0200] {dagbag.py:539} INFO - Filling up the DagBag from /home/frederic/airflow_venv/lib/python3.10/site-packages/airflow/example_dags/example_latest_only_with_trigger.py
[2026-05-29T10:30:48.538+0200] {processor.py:839} INFO - DAG(s) dict_keys(['latest_only_with_trigger']) retrieved from /home/frederic/airflow_venv/lib/python3.10/site-packages/airflow/example_dags/example_latest_only_with_trigger.py
[2026-05-29T10:30:48.552+0200] {logging_mixin.py:151} INFO - [2026-05-29T10:30:48.552+0200] {dag.py:2915} INFO - Sync 1 DAGs
[2026-05-29T10:30:48.568+0200] {logging_mixin.py:151} INFO - [2026-05-29T10:30:48.568+0200] {dag.py:3696} INFO - Setting next_dagrun for latest_only_with_trigger to 2026-05-29T04:30:48.568614+00:00, run_after=2026-05-29T08:30:48.568614+00:00
[2026-05-29T10:30:48.586+0200] {processor.py:179} INFO - Processing /home/frederic/airflow_venv/lib/python3.10/site-packages/airflow/example_dags/example_latest_only_with_trigger.py took 0.057 seconds
[2026-05-29T10:31:33.351+0200] {processor.py:157} INFO - Started process (PID=709468) to work on /home/frederic/airflow_venv/lib/python3.10/site-packages/airflow/example_dags/example_latest_only_with_trigger.py
[2026-05-29T10:31:33.352+0200] {processor.py:829} INFO - Processing file /home/frederic/airflow_venv/lib/python3.10/site-packages/airflow/example_dags/example_latest_only_with_trigger.py for tasks to queue
[2026-05-29T10:31:33.352+0200] {logging_mixin.py:151} INFO - [2026-05-29T10:31:33.352+0200] {dagbag.py:539} INFO - Filling up the DagBag from /home/frederic/airflow_venv/lib/python3.10/site-packages/airflow/example_dags/example_latest_only_with_trigger.py
[2026-05-29T10:31:33.357+0200] {processor.py:839} INFO - DAG(s) dict_keys(['latest_only_with_trigger']) retrieved from /home/frederic/airflow_venv/lib/python3.10/site-packages/airflow/example_dags/example_latest_only_with_trigger.py
[2026-05-29T10:31:33.370+0200] {logging_mixin.py:151} INFO - [2026-05-29T10:31:33.370+0200] {dag.py:2915} INFO - Sync 1 DAGs
[2026-05-29T10:31:33.385+0200] {logging_mixin.py:151} INFO - [2026-05-29T10:31:33.385+0200] {dag.py:3696} INFO - Setting next_dagrun for latest_only_with_trigger to 2026-05-29T04:31:33.385325+00:00, run_after=2026-05-29T08:31:33.385325+00:00
[2026-05-29T10:31:33.401+0200] {processor.py:179} INFO - Processing /home/frederic/airflow_venv/lib/python3.10/site-packages/airflow/example_dags/example_latest_only_with_trigger.py took 0.053 seconds
[2026-05-29T10:32:17.729+0200] {processor.py:157} INFO - Started process (PID=710039) to work on /home/frederic/airflow_venv/lib/python3.10/site-packages/airflow/example_dags/example_latest_only_with_trigger.py
[2026-05-29T10:32:17.729+0200] {processor.py:829} INFO - Processing file /home/frederic/airflow_venv/lib/python3.10/site-packages/airflow/example_dags/example_latest_only_with_trigger.py for tasks to queue
[2026-05-29T10:32:17.730+0200] {logging_mixin.py:151} INFO - [2026-05-29T10:32:17.730+0200] {dagbag.py:539} INFO - Filling up the DagBag from /home/frederic/airflow_venv/lib/python3.10/site-packages/airflow/example_dags/example_latest_only_with_trigger.py
[2026-05-29T10:32:17.735+0200] {processor.py:839} INFO - DAG(s) dict_keys(['latest_only_with_trigger']) retrieved from /home/frederic/airflow_venv/lib/python3.10/site-packages/airflow/example_dags/example_latest_only_with_trigger.py
[2026-05-29T10:32:17.748+0200] {logging_mixin.py:151} INFO - [2026-05-29T10:32:17.747+0200] {dag.py:2915} INFO - Sync 1 DAGs
[2026-05-29T10:32:17.763+0200] {logging_mixin.py:151} INFO - [2026-05-29T10:32:17.763+0200] {dag.py:3696} INFO - Setting next_dagrun for latest_only_with_trigger to 2026-05-29T04:32:17.763538+00:00, run_after=2026-05-29T08:32:17.763538+00:00
[2026-05-29T10:32:17.779+0200] {processor.py:179} INFO - Processing /home/frederic/airflow_venv/lib/python3.10/site-packages/airflow/example_dags/example_latest_only_with_trigger.py took 0.053 seconds
[2026-05-29T10:33:03.143+0200] {processor.py:157} INFO - Started process (PID=710678) to work on /home/frederic/airflow_venv/lib/python3.10/site-packages/airflow/example_dags/example_latest_only_with_trigger.py
[2026-05-29T10:33:03.144+0200] {processor.py:829} INFO - Processing file /home/frederic/airflow_venv/lib/python3.10/site-packages/airflow/example_dags/example_latest_only_with_trigger.py for tasks to queue
[2026-05-29T10:33:03.145+0200] {logging_mixin.py:151} INFO - [2026-05-29T10:33:03.144+0200] {dagbag.py:539} INFO - Filling up the DagBag from /home/frederic/airflow_venv/lib/python3.10/site-packages/airflow/example_dags/example_latest_only_with_trigger.py
[2026-05-29T10:33:03.150+0200] {processor.py:839} INFO - DAG(s) dict_keys(['latest_only_with_trigger']) retrieved from /home/frederic/airflow_venv/lib/python3.10/site-packages/airflow/example_dags/example_latest_only_with_trigger.py
[2026-05-29T10:33:03.162+0200] {logging_mixin.py:151} INFO - [2026-05-29T10:33:03.162+0200] {dag.py:2915} INFO - Sync 1 DAGs
[2026-05-29T10:33:03.178+0200] {logging_mixin.py:151} INFO - [2026-05-29T10:33:03.178+0200] {dag.py:3696} INFO - Setting next_dagrun for latest_only_with_trigger to 2026-05-29T04:33:03.177923+00:00, run_after=2026-05-29T08:33:03.177923+00:00
[2026-05-29T10:33:03.192+0200] {processor.py:179} INFO - Processing /home/frederic/airflow_venv/lib/python3.10/site-packages/airflow/example_dags/example_latest_only_with_trigger.py took 0.052 seconds
[2026-05-29T10:33:50.855+0200] {processor.py:157} INFO - Started process (PID=711455) to work on /home/frederic/airflow_venv/lib/python3.10/site-packages/airflow/example_dags/example_latest_only_with_trigger.py
[2026-05-29T10:33:50.856+0200] {processor.py:829} INFO - Processing file /home/frederic/airflow_venv/lib/python3.10/site-packages/airflow/example_dags/example_latest_only_with_trigger.py for tasks to queue
[2026-05-29T10:33:50.856+0200] {logging_mixin.py:151} INFO - [2026-05-29T10:33:50.856+0200] {dagbag.py:539} INFO - Filling up the DagBag from /home/frederic/airflow_venv/lib/python3.10/site-packages/airflow/example_dags/example_latest_only_with_trigger.py
[2026-05-29T10:33:50.862+0200] {processor.py:839} INFO - DAG(s) dict_keys(['latest_only_with_trigger']) retrieved from /home/frederic/airflow_venv/lib/python3.10/site-packages/airflow/example_dags/example_latest_only_with_trigger.py
[2026-05-29T10:33:50.876+0200] {logging_mixin.py:151} INFO - [2026-05-29T10:33:50.875+0200] {dag.py:2915} INFO - Sync 1 DAGs
[2026-05-29T10:33:50.894+0200] {logging_mixin.py:151} INFO - [2026-05-29T10:33:50.893+0200] {dag.py:3696} INFO - Setting next_dagrun for latest_only_with_trigger to 2026-05-29T04:33:50.893743+00:00, run_after=2026-05-29T08:33:50.893743+00:00
[2026-05-29T10:33:50.909+0200] {processor.py:179} INFO - Processing /home/frederic/airflow_venv/lib/python3.10/site-packages/airflow/example_dags/example_latest_only_with_trigger.py took 0.057 seconds
[2026-05-29T10:34:32.656+0200] {processor.py:157} INFO - Started process (PID=712025) to work on /home/frederic/airflow_venv/lib/python3.10/site-packages/airflow/example_dags/example_latest_only_with_trigger.py
[2026-05-29T10:34:32.657+0200] {processor.py:829} INFO - Processing file /home/frederic/airflow_venv/lib/python3.10/site-packages/airflow/example_dags/example_latest_only_with_trigger.py for tasks to queue
[2026-05-29T10:34:32.657+0200] {logging_mixin.py:151} INFO - [2026-05-29T10:34:32.657+0200] {dagbag.py:539} INFO - Filling up the DagBag from /home/frederic/airflow_venv/lib/python3.10/site-packages/airflow/example_dags/example_latest_only_with_trigger.py
[2026-05-29T10:34:32.662+0200] {processor.py:839} INFO - DAG(s) dict_keys(['latest_only_with_trigger']) retrieved from /home/frederic/airflow_venv/lib/python3.10/site-packages/airflow/example_dags/example_latest_only_with_trigger.py
[2026-05-29T10:34:32.674+0200] {logging_mixin.py:151} INFO - [2026-05-29T10:34:32.674+0200] {dag.py:2915} INFO - Sync 1 DAGs
[2026-05-29T10:34:32.689+0200] {logging_mixin.py:151} INFO - [2026-05-29T10:34:32.689+0200] {dag.py:3696} INFO - Setting next_dagrun for latest_only_with_trigger to 2026-05-29T04:34:32.689142+00:00, run_after=2026-05-29T08:34:32.689142+00:00
[2026-05-29T10:34:32.705+0200] {processor.py:179} INFO - Processing /home/frederic/airflow_venv/lib/python3.10/site-packages/airflow/example_dags/example_latest_only_with_trigger.py took 0.051 seconds
[2026-05-29T10:35:19.576+0200] {processor.py:157} INFO - Started process (PID=712503) to work on /home/frederic/airflow_venv/lib/python3.10/site-packages/airflow/example_dags/example_latest_only_with_trigger.py
[2026-05-29T10:35:19.577+0200] {processor.py:829} INFO - Processing file /home/frederic/airflow_venv/lib/python3.10/site-packages/airflow/example_dags/example_latest_only_with_trigger.py for tasks to queue
[2026-05-29T10:35:19.577+0200] {logging_mixin.py:151} INFO - [2026-05-29T10:35:19.577+0200] {dagbag.py:539} INFO - Filling up the DagBag from /home/frederic/airflow_venv/lib/python3.10/site-packages/airflow/example_dags/example_latest_only_with_trigger.py
[2026-05-29T10:35:19.583+0200] {processor.py:839} INFO - DAG(s) dict_keys(['latest_only_with_trigger']) retrieved from /home/frederic/airflow_venv/lib/python3.10/site-packages/airflow/example_dags/example_latest_only_with_trigger.py
[2026-05-29T10:35:19.596+0200] {logging_mixin.py:151} INFO - [2026-05-29T10:35:19.596+0200] {dag.py:2915} INFO - Sync 1 DAGs
[2026-05-29T10:35:19.612+0200] {logging_mixin.py:151} INFO - [2026-05-29T10:35:19.612+0200] {dag.py:3696} INFO - Setting next_dagrun for latest_only_with_trigger to 2026-05-29T04:35:19.612668+00:00, run_after=2026-05-29T08:35:19.612668+00:00
[2026-05-29T10:35:19.628+0200] {processor.py:179} INFO - Processing /home/frederic/airflow_venv/lib/python3.10/site-packages/airflow/example_dags/example_latest_only_with_trigger.py took 0.054 seconds
[2026-05-29T10:36:08.972+0200] {processor.py:157} INFO - Started process (PID=713109) to work on /home/frederic/airflow_venv/lib/python3.10/site-packages/airflow/example_dags/example_latest_only_with_trigger.py
[2026-05-29T10:36:08.975+0200] {processor.py:829} INFO - Processing file /home/frederic/airflow_venv/lib/python3.10/site-packages/airflow/example_dags/example_latest_only_with_trigger.py for tasks to queue
[2026-05-29T10:36:08.976+0200] {logging_mixin.py:151} INFO - [2026-05-29T10:36:08.976+0200] {dagbag.py:539} INFO - Filling up the DagBag from /home/frederic/airflow_venv/lib/python3.10/site-packages/airflow/example_dags/example_latest_only_with_trigger.py
[2026-05-29T10:36:08.981+0200] {processor.py:839} INFO - DAG(s) dict_keys(['latest_only_with_trigger']) retrieved from /home/frederic/airflow_venv/lib/python3.10/site-packages/airflow/example_dags/example_latest_only_with_trigger.py
[2026-05-29T10:36:08.996+0200] {logging_mixin.py:151} INFO - [2026-05-29T10:36:08.995+0200] {dag.py:2915} INFO - Sync 1 DAGs
[2026-05-29T10:36:09.013+0200] {logging_mixin.py:151} INFO - [2026-05-29T10:36:09.013+0200] {dag.py:3696} INFO - Setting next_dagrun for latest_only_with_trigger to 2026-05-29T04:36:09.013526+00:00, run_after=2026-05-29T08:36:09.013526+00:00
[2026-05-29T10:36:09.030+0200] {processor.py:179} INFO - Processing /home/frederic/airflow_venv/lib/python3.10/site-packages/airflow/example_dags/example_latest_only_with_trigger.py took 0.061 seconds
[2026-05-29T10:37:00.947+0200] {processor.py:157} INFO - Started process (PID=713642) to work on /home/frederic/airflow_venv/lib/python3.10/site-packages/airflow/example_dags/example_latest_only_with_trigger.py
[2026-05-29T10:37:00.948+0200] {processor.py:829} INFO - Processing file /home/frederic/airflow_venv/lib/python3.10/site-packages/airflow/example_dags/example_latest_only_with_trigger.py for tasks to queue
[2026-05-29T10:37:00.948+0200] {logging_mixin.py:151} INFO - [2026-05-29T10:37:00.948+0200] {dagbag.py:539} INFO - Filling up the DagBag from /home/frederic/airflow_venv/lib/python3.10/site-packages/airflow/example_dags/example_latest_only_with_trigger.py
[2026-05-29T10:37:00.954+0200] {processor.py:839} INFO - DAG(s) dict_keys(['latest_only_with_trigger']) retrieved from /home/frederic/airflow_venv/lib/python3.10/site-packages/airflow/example_dags/example_latest_only_with_trigger.py
[2026-05-29T10:37:00.966+0200] {logging_mixin.py:151} INFO - [2026-05-29T10:37:00.966+0200] {dag.py:2915} INFO - Sync 1 DAGs
[2026-05-29T10:37:00.982+0200] {logging_mixin.py:151} INFO - [2026-05-29T10:37:00.982+0200] {dag.py:3696} INFO - Setting next_dagrun for latest_only_with_trigger to 2026-05-29T04:37:00.982305+00:00, run_after=2026-05-29T08:37:00.982305+00:00
[2026-05-29T10:37:01.002+0200] {processor.py:179} INFO - Processing /home/frederic/airflow_venv/lib/python3.10/site-packages/airflow/example_dags/example_latest_only_with_trigger.py took 0.058 seconds
[2026-05-29T10:37:48.743+0200] {processor.py:157} INFO - Started process (PID=714444) to work on /home/frederic/airflow_venv/lib/python3.10/site-packages/airflow/example_dags/example_latest_only_with_trigger.py
[2026-05-29T10:37:48.744+0200] {processor.py:829} INFO - Processing file /home/frederic/airflow_venv/lib/python3.10/site-packages/airflow/example_dags/example_latest_only_with_trigger.py for tasks to queue
[2026-05-29T10:37:48.745+0200] {logging_mixin.py:151} INFO - [2026-05-29T10:37:48.744+0200] {dagbag.py:539} INFO - Filling up the DagBag from /home/frederic/airflow_venv/lib/python3.10/site-packages/airflow/example_dags/example_latest_only_with_trigger.py
[2026-05-29T10:37:48.750+0200] {processor.py:839} INFO - DAG(s) dict_keys(['latest_only_with_trigger']) retrieved from /home/frederic/airflow_venv/lib/python3.10/site-packages/airflow/example_dags/example_latest_only_with_trigger.py
[2026-05-29T10:37:48.762+0200] {logging_mixin.py:151} INFO - [2026-05-29T10:37:48.762+0200] {dag.py:2915} INFO - Sync 1 DAGs
[2026-05-29T10:37:48.776+0200] {logging_mixin.py:151} INFO - [2026-05-29T10:37:48.776+0200] {dag.py:3696} INFO - Setting next_dagrun for latest_only_with_trigger to 2026-05-29T04:37:48.776173+00:00, run_after=2026-05-29T08:37:48.776173+00:00
[2026-05-29T10:37:48.791+0200] {processor.py:179} INFO - Processing /home/frederic/airflow_venv/lib/python3.10/site-packages/airflow/example_dags/example_latest_only_with_trigger.py took 0.050 seconds
[2026-05-29T10:38:35.591+0200] {processor.py:157} INFO - Started process (PID=715033) to work on /home/frederic/airflow_venv/lib/python3.10/site-packages/airflow/example_dags/example_latest_only_with_trigger.py
[2026-05-29T10:38:35.592+0200] {processor.py:829} INFO - Processing file /home/frederic/airflow_venv/lib/python3.10/site-packages/airflow/example_dags/example_latest_only_with_trigger.py for tasks to queue
[2026-05-29T10:38:35.592+0200] {logging_mixin.py:151} INFO - [2026-05-29T10:38:35.592+0200] {dagbag.py:539} INFO - Filling up the DagBag from /home/frederic/airflow_venv/lib/python3.10/site-packages/airflow/example_dags/example_latest_only_with_trigger.py
[2026-05-29T10:38:35.598+0200] {processor.py:839} INFO - DAG(s) dict_keys(['latest_only_with_trigger']) retrieved from /home/frederic/airflow_venv/lib/python3.10/site-packages/airflow/example_dags/example_latest_only_with_trigger.py
[2026-05-29T10:38:35.614+0200] {logging_mixin.py:151} INFO - [2026-05-29T10:38:35.614+0200] {dag.py:2915} INFO - Sync 1 DAGs
[2026-05-29T10:38:35.633+0200] {logging_mixin.py:151} INFO - [2026-05-29T10:38:35.633+0200] {dag.py:3696} INFO - Setting next_dagrun for latest_only_with_trigger to 2026-05-29T04:38:35.633248+00:00, run_after=2026-05-29T08:38:35.633248+00:00
[2026-05-29T10:38:35.654+0200] {processor.py:179} INFO - Processing /home/frederic/airflow_venv/lib/python3.10/site-packages/airflow/example_dags/example_latest_only_with_trigger.py took 0.066 seconds
[2026-05-29T10:39:20.359+0200] {processor.py:157} INFO - Started process (PID=715801) to work on /home/frederic/airflow_venv/lib/python3.10/site-packages/airflow/example_dags/example_latest_only_with_trigger.py
[2026-05-29T10:39:20.360+0200] {processor.py:829} INFO - Processing file /home/frederic/airflow_venv/lib/python3.10/site-packages/airflow/example_dags/example_latest_only_with_trigger.py for tasks to queue
[2026-05-29T10:39:20.361+0200] {logging_mixin.py:151} INFO - [2026-05-29T10:39:20.361+0200] {dagbag.py:539} INFO - Filling up the DagBag from /home/frederic/airflow_venv/lib/python3.10/site-packages/airflow/example_dags/example_latest_only_with_trigger.py
[2026-05-29T10:39:20.370+0200] {processor.py:839} INFO - DAG(s) dict_keys(['latest_only_with_trigger']) retrieved from /home/frederic/airflow_venv/lib/python3.10/site-packages/airflow/example_dags/example_latest_only_with_trigger.py
[2026-05-29T10:39:20.387+0200] {logging_mixin.py:151} INFO - [2026-05-29T10:39:20.387+0200] {dag.py:2915} INFO - Sync 1 DAGs
[2026-05-29T10:39:20.412+0200] {logging_mixin.py:151} INFO - [2026-05-29T10:39:20.412+0200] {dag.py:3696} INFO - Setting next_dagrun for latest_only_with_trigger to 2026-05-29T04:39:20.412301+00:00, run_after=2026-05-29T08:39:20.412301+00:00
[2026-05-29T10:39:20.435+0200] {processor.py:179} INFO - Processing /home/frederic/airflow_venv/lib/python3.10/site-packages/airflow/example_dags/example_latest_only_with_trigger.py took 0.078 seconds
[2026-05-29T10:40:04.750+0200] {processor.py:157} INFO - Started process (PID=716390) to work on /home/frederic/airflow_venv/lib/python3.10/site-packages/airflow/example_dags/example_latest_only_with_trigger.py
[2026-05-29T10:40:04.751+0200] {processor.py:829} INFO - Processing file /home/frederic/airflow_venv/lib/python3.10/site-packages/airflow/example_dags/example_latest_only_with_trigger.py for tasks to queue
[2026-05-29T10:40:04.752+0200] {logging_mixin.py:151} INFO - [2026-05-29T10:40:04.752+0200] {dagbag.py:539} INFO - Filling up the DagBag from /home/frederic/airflow_venv/lib/python3.10/site-packages/airflow/example_dags/example_latest_only_with_trigger.py
[2026-05-29T10:40:04.757+0200] {processor.py:839} INFO - DAG(s) dict_keys(['latest_only_with_trigger']) retrieved from /home/frederic/airflow_venv/lib/python3.10/site-packages/airflow/example_dags/example_latest_only_with_trigger.py
[2026-05-29T10:40:04.770+0200] {logging_mixin.py:151} INFO - [2026-05-29T10:40:04.770+0200] {dag.py:2915} INFO - Sync 1 DAGs
[2026-05-29T10:40:04.786+0200] {logging_mixin.py:151} INFO - [2026-05-29T10:40:04.786+0200] {dag.py:3696} INFO - Setting next_dagrun for latest_only_with_trigger to 2026-05-29T04:40:04.785864+00:00, run_after=2026-05-29T08:40:04.785864+00:00
[2026-05-29T10:40:04.801+0200] {processor.py:179} INFO - Processing /home/frederic/airflow_venv/lib/python3.10/site-packages/airflow/example_dags/example_latest_only_with_trigger.py took 0.053 seconds
[2026-05-29T10:40:49.332+0200] {processor.py:157} INFO - Started process (PID=716795) to work on /home/frederic/airflow_venv/lib/python3.10/site-packages/airflow/example_dags/example_latest_only_with_trigger.py
[2026-05-29T10:40:49.334+0200] {processor.py:829} INFO - Processing file /home/frederic/airflow_venv/lib/python3.10/site-packages/airflow/example_dags/example_latest_only_with_trigger.py for tasks to queue
[2026-05-29T10:40:49.336+0200] {logging_mixin.py:151} INFO - [2026-05-29T10:40:49.335+0200] {dagbag.py:539} INFO - Filling up the DagBag from /home/frederic/airflow_venv/lib/python3.10/site-packages/airflow/example_dags/example_latest_only_with_trigger.py
[2026-05-29T10:40:49.343+0200] {processor.py:839} INFO - DAG(s) dict_keys(['latest_only_with_trigger']) retrieved from /home/frederic/airflow_venv/lib/python3.10/site-packages/airflow/example_dags/example_latest_only_with_trigger.py
[2026-05-29T10:40:49.362+0200] {logging_mixin.py:151} INFO - [2026-05-29T10:40:49.362+0200] {dag.py:2915} INFO - Sync 1 DAGs
[2026-05-29T10:40:49.386+0200] {logging_mixin.py:151} INFO - [2026-05-29T10:40:49.386+0200] {dag.py:3696} INFO - Setting next_dagrun for latest_only_with_trigger to 2026-05-29T04:40:49.386292+00:00, run_after=2026-05-29T08:40:49.386292+00:00
[2026-05-29T10:40:49.421+0200] {processor.py:179} INFO - Processing /home/frederic/airflow_venv/lib/python3.10/site-packages/airflow/example_dags/example_latest_only_with_trigger.py took 0.092 seconds
[2026-05-29T10:41:37.003+0200] {processor.py:157} INFO - Started process (PID=717336) to work on /home/frederic/airflow_venv/lib/python3.10/site-packages/airflow/example_dags/example_latest_only_with_trigger.py
[2026-05-29T10:41:37.005+0200] {processor.py:829} INFO - Processing file /home/frederic/airflow_venv/lib/python3.10/site-packages/airflow/example_dags/example_latest_only_with_trigger.py for tasks to queue
[2026-05-29T10:41:37.005+0200] {logging_mixin.py:151} INFO - [2026-05-29T10:41:37.005+0200] {dagbag.py:539} INFO - Filling up the DagBag from /home/frederic/airflow_venv/lib/python3.10/site-packages/airflow/example_dags/example_latest_only_with_trigger.py
[2026-05-29T10:41:37.011+0200] {processor.py:839} INFO - DAG(s) dict_keys(['latest_only_with_trigger']) retrieved from /home/frederic/airflow_venv/lib/python3.10/site-packages/airflow/example_dags/example_latest_only_with_trigger.py
[2026-05-29T10:41:37.028+0200] {logging_mixin.py:151} INFO - [2026-05-29T10:41:37.028+0200] {dag.py:2915} INFO - Sync 1 DAGs
[2026-05-29T10:41:37.048+0200] {logging_mixin.py:151} INFO - [2026-05-29T10:41:37.048+0200] {dag.py:3696} INFO - Setting next_dagrun for latest_only_with_trigger to 2026-05-29T04:41:37.048389+00:00, run_after=2026-05-29T08:41:37.048389+00:00
[2026-05-29T10:41:37.066+0200] {processor.py:179} INFO - Processing /home/frederic/airflow_venv/lib/python3.10/site-packages/airflow/example_dags/example_latest_only_with_trigger.py took 0.066 seconds
[2026-05-29T10:42:24.140+0200] {processor.py:157} INFO - Started process (PID=717827) to work on /home/frederic/airflow_venv/lib/python3.10/site-packages/airflow/example_dags/example_latest_only_with_trigger.py
[2026-05-29T10:42:24.141+0200] {processor.py:829} INFO - Processing file /home/frederic/airflow_venv/lib/python3.10/site-packages/airflow/example_dags/example_latest_only_with_trigger.py for tasks to queue
[2026-05-29T10:42:24.142+0200] {logging_mixin.py:151} INFO - [2026-05-29T10:42:24.141+0200] {dagbag.py:539} INFO - Filling up the DagBag from /home/frederic/airflow_venv/lib/python3.10/site-packages/airflow/example_dags/example_latest_only_with_trigger.py
[2026-05-29T10:42:24.147+0200] {processor.py:839} INFO - DAG(s) dict_keys(['latest_only_with_trigger']) retrieved from /home/frederic/airflow_venv/lib/python3.10/site-packages/airflow/example_dags/example_latest_only_with_trigger.py
[2026-05-29T10:42:24.158+0200] {logging_mixin.py:151} INFO - [2026-05-29T10:42:24.158+0200] {dag.py:2915} INFO - Sync 1 DAGs
[2026-05-29T10:42:24.173+0200] {logging_mixin.py:151} INFO - [2026-05-29T10:42:24.172+0200] {dag.py:3696} INFO - Setting next_dagrun for latest_only_with_trigger to 2026-05-29T04:42:24.172793+00:00, run_after=2026-05-29T08:42:24.172793+00:00
[2026-05-29T10:42:24.190+0200] {processor.py:179} INFO - Processing /home/frederic/airflow_venv/lib/python3.10/site-packages/airflow/example_dags/example_latest_only_with_trigger.py took 0.052 seconds
[2026-05-29T10:43:08.053+0200] {processor.py:157} INFO - Started process (PID=718365) to work on /home/frederic/airflow_venv/lib/python3.10/site-packages/airflow/example_dags/example_latest_only_with_trigger.py
[2026-05-29T10:43:08.055+0200] {processor.py:829} INFO - Processing file /home/frederic/airflow_venv/lib/python3.10/site-packages/airflow/example_dags/example_latest_only_with_trigger.py for tasks to queue
[2026-05-29T10:43:08.056+0200] {logging_mixin.py:151} INFO - [2026-05-29T10:43:08.056+0200] {dagbag.py:539} INFO - Filling up the DagBag from /home/frederic/airflow_venv/lib/python3.10/site-packages/airflow/example_dags/example_latest_only_with_trigger.py
[2026-05-29T10:43:08.062+0200] {processor.py:839} INFO - DAG(s) dict_keys(['latest_only_with_trigger']) retrieved from /home/frederic/airflow_venv/lib/python3.10/site-packages/airflow/example_dags/example_latest_only_with_trigger.py
[2026-05-29T10:43:08.076+0200] {logging_mixin.py:151} INFO - [2026-05-29T10:43:08.075+0200] {dag.py:2915} INFO - Sync 1 DAGs
[2026-05-29T10:43:08.096+0200] {logging_mixin.py:151} INFO - [2026-05-29T10:43:08.096+0200] {dag.py:3696} INFO - Setting next_dagrun for latest_only_with_trigger to 2026-05-29T04:43:08.096362+00:00, run_after=2026-05-29T08:43:08.096362+00:00
[2026-05-29T10:43:08.114+0200] {processor.py:179} INFO - Processing /home/frederic/airflow_venv/lib/python3.10/site-packages/airflow/example_dags/example_latest_only_with_trigger.py took 0.065 seconds
[2026-05-29T10:43:54.861+0200] {processor.py:157} INFO - Started process (PID=718788) to work on /home/frederic/airflow_venv/lib/python3.10/site-packages/airflow/example_dags/example_latest_only_with_trigger.py
[2026-05-29T10:43:54.862+0200] {processor.py:829} INFO - Processing file /home/frederic/airflow_venv/lib/python3.10/site-packages/airflow/example_dags/example_latest_only_with_trigger.py for tasks to queue
[2026-05-29T10:43:54.863+0200] {logging_mixin.py:151} INFO - [2026-05-29T10:43:54.862+0200] {dagbag.py:539} INFO - Filling up the DagBag from /home/frederic/airflow_venv/lib/python3.10/site-packages/airflow/example_dags/example_latest_only_with_trigger.py
[2026-05-29T10:43:54.868+0200] {processor.py:839} INFO - DAG(s) dict_keys(['latest_only_with_trigger']) retrieved from /home/frederic/airflow_venv/lib/python3.10/site-packages/airflow/example_dags/example_latest_only_with_trigger.py
[2026-05-29T10:43:54.886+0200] {logging_mixin.py:151} INFO - [2026-05-29T10:43:54.886+0200] {dag.py:2915} INFO - Sync 1 DAGs
[2026-05-29T10:43:54.907+0200] {logging_mixin.py:151} INFO - [2026-05-29T10:43:54.907+0200] {dag.py:3696} INFO - Setting next_dagrun for latest_only_with_trigger to 2026-05-29T04:43:54.906999+00:00, run_after=2026-05-29T08:43:54.906999+00:00
[2026-05-29T10:43:54.922+0200] {processor.py:179} INFO - Processing /home/frederic/airflow_venv/lib/python3.10/site-packages/airflow/example_dags/example_latest_only_with_trigger.py took 0.063 seconds
[2026-05-29T10:44:39.124+0200] {processor.py:157} INFO - Started process (PID=719325) to work on /home/frederic/airflow_venv/lib/python3.10/site-packages/airflow/example_dags/example_latest_only_with_trigger.py
[2026-05-29T10:44:39.125+0200] {processor.py:829} INFO - Processing file /home/frederic/airflow_venv/lib/python3.10/site-packages/airflow/example_dags/example_latest_only_with_trigger.py for tasks to queue
[2026-05-29T10:44:39.126+0200] {logging_mixin.py:151} INFO - [2026-05-29T10:44:39.126+0200] {dagbag.py:539} INFO - Filling up the DagBag from /home/frederic/airflow_venv/lib/python3.10/site-packages/airflow/example_dags/example_latest_only_with_trigger.py
[2026-05-29T10:44:39.132+0200] {processor.py:839} INFO - DAG(s) dict_keys(['latest_only_with_trigger']) retrieved from /home/frederic/airflow_venv/lib/python3.10/site-packages/airflow/example_dags/example_latest_only_with_trigger.py
[2026-05-29T10:44:39.145+0200] {logging_mixin.py:151} INFO - [2026-05-29T10:44:39.145+0200] {dag.py:2915} INFO - Sync 1 DAGs
[2026-05-29T10:44:39.163+0200] {logging_mixin.py:151} INFO - [2026-05-29T10:44:39.163+0200] {dag.py:3696} INFO - Setting next_dagrun for latest_only_with_trigger to 2026-05-29T04:44:39.163252+00:00, run_after=2026-05-29T08:44:39.163252+00:00
[2026-05-29T10:44:39.178+0200] {processor.py:179} INFO - Processing /home/frederic/airflow_venv/lib/python3.10/site-packages/airflow/example_dags/example_latest_only_with_trigger.py took 0.058 seconds
[2026-05-29T10:45:27.626+0200] {processor.py:157} INFO - Started process (PID=720116) to work on /home/frederic/airflow_venv/lib/python3.10/site-packages/airflow/example_dags/example_latest_only_with_trigger.py
[2026-05-29T10:45:27.628+0200] {processor.py:829} INFO - Processing file /home/frederic/airflow_venv/lib/python3.10/site-packages/airflow/example_dags/example_latest_only_with_trigger.py for tasks to queue
[2026-05-29T10:45:27.628+0200] {logging_mixin.py:151} INFO - [2026-05-29T10:45:27.628+0200] {dagbag.py:539} INFO - Filling up the DagBag from /home/frederic/airflow_venv/lib/python3.10/site-packages/airflow/example_dags/example_latest_only_with_trigger.py
[2026-05-29T10:45:27.634+0200] {processor.py:839} INFO - DAG(s) dict_keys(['latest_only_with_trigger']) retrieved from /home/frederic/airflow_venv/lib/python3.10/site-packages/airflow/example_dags/example_latest_only_with_trigger.py
[2026-05-29T10:45:27.658+0200] {logging_mixin.py:151} INFO - [2026-05-29T10:45:27.658+0200] {dag.py:2915} INFO - Sync 1 DAGs
[2026-05-29T10:45:27.682+0200] {logging_mixin.py:151} INFO - [2026-05-29T10:45:27.682+0200] {dag.py:3696} INFO - Setting next_dagrun for latest_only_with_trigger to 2026-05-29T04:45:27.682049+00:00, run_after=2026-05-29T08:45:27.682049+00:00
[2026-05-29T10:45:27.697+0200] {processor.py:179} INFO - Processing /home/frederic/airflow_venv/lib/python3.10/site-packages/airflow/example_dags/example_latest_only_with_trigger.py took 0.074 seconds
[2026-05-29T10:46:13.294+0200] {processor.py:157} INFO - Started process (PID=720569) to work on /home/frederic/airflow_venv/lib/python3.10/site-packages/airflow/example_dags/example_latest_only_with_trigger.py
[2026-05-29T10:46:13.296+0200] {processor.py:829} INFO - Processing file /home/frederic/airflow_venv/lib/python3.10/site-packages/airflow/example_dags/example_latest_only_with_trigger.py for tasks to queue
[2026-05-29T10:46:13.297+0200] {logging_mixin.py:151} INFO - [2026-05-29T10:46:13.296+0200] {dagbag.py:539} INFO - Filling up the DagBag from /home/frederic/airflow_venv/lib/python3.10/site-packages/airflow/example_dags/example_latest_only_with_trigger.py
[2026-05-29T10:46:13.302+0200] {processor.py:839} INFO - DAG(s) dict_keys(['latest_only_with_trigger']) retrieved from /home/frederic/airflow_venv/lib/python3.10/site-packages/airflow/example_dags/example_latest_only_with_trigger.py
[2026-05-29T10:46:13.318+0200] {logging_mixin.py:151} INFO - [2026-05-29T10:46:13.317+0200] {dag.py:2915} INFO - Sync 1 DAGs
[2026-05-29T10:46:13.339+0200] {logging_mixin.py:151} INFO - [2026-05-29T10:46:13.338+0200] {dag.py:3696} INFO - Setting next_dagrun for latest_only_with_trigger to 2026-05-29T04:46:13.338487+00:00, run_after=2026-05-29T08:46:13.338487+00:00
[2026-05-29T10:46:13.354+0200] {processor.py:179} INFO - Processing /home/frederic/airflow_venv/lib/python3.10/site-packages/airflow/example_dags/example_latest_only_with_trigger.py took 0.062 seconds
[2026-05-29T10:47:05.367+0200] {processor.py:157} INFO - Started process (PID=721590) to work on /home/frederic/airflow_venv/lib/python3.10/site-packages/airflow/example_dags/example_latest_only_with_trigger.py
[2026-05-29T10:47:05.368+0200] {processor.py:829} INFO - Processing file /home/frederic/airflow_venv/lib/python3.10/site-packages/airflow/example_dags/example_latest_only_with_trigger.py for tasks to queue
[2026-05-29T10:47:05.369+0200] {logging_mixin.py:151} INFO - [2026-05-29T10:47:05.368+0200] {dagbag.py:539} INFO - Filling up the DagBag from /home/frederic/airflow_venv/lib/python3.10/site-packages/airflow/example_dags/example_latest_only_with_trigger.py
[2026-05-29T10:47:05.374+0200] {processor.py:839} INFO - DAG(s) dict_keys(['latest_only_with_trigger']) retrieved from /home/frederic/airflow_venv/lib/python3.10/site-packages/airflow/example_dags/example_latest_only_with_trigger.py
[2026-05-29T10:47:05.388+0200] {logging_mixin.py:151} INFO - [2026-05-29T10:47:05.388+0200] {dag.py:2915} INFO - Sync 1 DAGs
[2026-05-29T10:47:05.405+0200] {logging_mixin.py:151} INFO - [2026-05-29T10:47:05.405+0200] {dag.py:3696} INFO - Setting next_dagrun for latest_only_with_trigger to 2026-05-29T04:47:05.405085+00:00, run_after=2026-05-29T08:47:05.405085+00:00
[2026-05-29T10:47:05.423+0200] {processor.py:179} INFO - Processing /home/frederic/airflow_venv/lib/python3.10/site-packages/airflow/example_dags/example_latest_only_with_trigger.py took 0.058 seconds
[2026-05-29T10:47:55.023+0200] {processor.py:157} INFO - Started process (PID=722152) to work on /home/frederic/airflow_venv/lib/python3.10/site-packages/airflow/example_dags/example_latest_only_with_trigger.py
[2026-05-29T10:47:55.024+0200] {processor.py:829} INFO - Processing file /home/frederic/airflow_venv/lib/python3.10/site-packages/airflow/example_dags/example_latest_only_with_trigger.py for tasks to queue
[2026-05-29T10:47:55.025+0200] {logging_mixin.py:151} INFO - [2026-05-29T10:47:55.025+0200] {dagbag.py:539} INFO - Filling up the DagBag from /home/frederic/airflow_venv/lib/python3.10/site-packages/airflow/example_dags/example_latest_only_with_trigger.py
[2026-05-29T10:47:55.031+0200] {processor.py:839} INFO - DAG(s) dict_keys(['latest_only_with_trigger']) retrieved from /home/frederic/airflow_venv/lib/python3.10/site-packages/airflow/example_dags/example_latest_only_with_trigger.py
[2026-05-29T10:47:55.044+0200] {logging_mixin.py:151} INFO - [2026-05-29T10:47:55.044+0200] {dag.py:2915} INFO - Sync 1 DAGs
[2026-05-29T10:47:55.062+0200] {logging_mixin.py:151} INFO - [2026-05-29T10:47:55.062+0200] {dag.py:3696} INFO - Setting next_dagrun for latest_only_with_trigger to 2026-05-29T04:47:55.062498+00:00, run_after=2026-05-29T08:47:55.062498+00:00
[2026-05-29T10:47:55.080+0200] {processor.py:179} INFO - Processing /home/frederic/airflow_venv/lib/python3.10/site-packages/airflow/example_dags/example_latest_only_with_trigger.py took 0.061 seconds
[2026-05-29T10:48:35.156+0200] {processor.py:157} INFO - Started process (PID=722618) to work on /home/frederic/airflow_venv/lib/python3.10/site-packages/airflow/example_dags/example_latest_only_with_trigger.py
[2026-05-29T10:48:35.157+0200] {processor.py:829} INFO - Processing file /home/frederic/airflow_venv/lib/python3.10/site-packages/airflow/example_dags/example_latest_only_with_trigger.py for tasks to queue
[2026-05-29T10:48:35.158+0200] {logging_mixin.py:151} INFO - [2026-05-29T10:48:35.158+0200] {dagbag.py:539} INFO - Filling up the DagBag from /home/frederic/airflow_venv/lib/python3.10/site-packages/airflow/example_dags/example_latest_only_with_trigger.py
[2026-05-29T10:48:35.163+0200] {processor.py:839} INFO - DAG(s) dict_keys(['latest_only_with_trigger']) retrieved from /home/frederic/airflow_venv/lib/python3.10/site-packages/airflow/example_dags/example_latest_only_with_trigger.py
[2026-05-29T10:48:35.176+0200] {logging_mixin.py:151} INFO - [2026-05-29T10:48:35.176+0200] {dag.py:2915} INFO - Sync 1 DAGs
[2026-05-29T10:48:35.191+0200] {logging_mixin.py:151} INFO - [2026-05-29T10:48:35.191+0200] {dag.py:3696} INFO - Setting next_dagrun for latest_only_with_trigger to 2026-05-29T04:48:35.191340+00:00, run_after=2026-05-29T08:48:35.191340+00:00
[2026-05-29T10:48:35.209+0200] {processor.py:179} INFO - Processing /home/frederic/airflow_venv/lib/python3.10/site-packages/airflow/example_dags/example_latest_only_with_trigger.py took 0.055 seconds
[2026-05-29T10:49:25.495+0200] {processor.py:157} INFO - Started process (PID=723199) to work on /home/frederic/airflow_venv/lib/python3.10/site-packages/airflow/example_dags/example_latest_only_with_trigger.py
[2026-05-29T10:49:25.497+0200] {processor.py:829} INFO - Processing file /home/frederic/airflow_venv/lib/python3.10/site-packages/airflow/example_dags/example_latest_only_with_trigger.py for tasks to queue
[2026-05-29T10:49:25.497+0200] {logging_mixin.py:151} INFO - [2026-05-29T10:49:25.497+0200] {dagbag.py:539} INFO - Filling up the DagBag from /home/frederic/airflow_venv/lib/python3.10/site-packages/airflow/example_dags/example_latest_only_with_trigger.py
[2026-05-29T10:49:25.502+0200] {processor.py:839} INFO - DAG(s) dict_keys(['latest_only_with_trigger']) retrieved from /home/frederic/airflow_venv/lib/python3.10/site-packages/airflow/example_dags/example_latest_only_with_trigger.py
[2026-05-29T10:49:25.515+0200] {logging_mixin.py:151} INFO - [2026-05-29T10:49:25.515+0200] {dag.py:2915} INFO - Sync 1 DAGs
[2026-05-29T10:49:25.532+0200] {logging_mixin.py:151} INFO - [2026-05-29T10:49:25.532+0200] {dag.py:3696} INFO - Setting next_dagrun for latest_only_with_trigger to 2026-05-29T04:49:25.532079+00:00, run_after=2026-05-29T08:49:25.532079+00:00
[2026-05-29T10:49:25.547+0200] {processor.py:179} INFO - Processing /home/frederic/airflow_venv/lib/python3.10/site-packages/airflow/example_dags/example_latest_only_with_trigger.py took 0.054 seconds
[2026-05-29T10:50:13.136+0200] {processor.py:157} INFO - Started process (PID=723677) to work on /home/frederic/airflow_venv/lib/python3.10/site-packages/airflow/example_dags/example_latest_only_with_trigger.py
[2026-05-29T10:50:13.137+0200] {processor.py:829} INFO - Processing file /home/frederic/airflow_venv/lib/python3.10/site-packages/airflow/example_dags/example_latest_only_with_trigger.py for tasks to queue
[2026-05-29T10:50:13.138+0200] {logging_mixin.py:151} INFO - [2026-05-29T10:50:13.137+0200] {dagbag.py:539} INFO - Filling up the DagBag from /home/frederic/airflow_venv/lib/python3.10/site-packages/airflow/example_dags/example_latest_only_with_trigger.py
[2026-05-29T10:50:13.144+0200] {processor.py:839} INFO - DAG(s) dict_keys(['latest_only_with_trigger']) retrieved from /home/frederic/airflow_venv/lib/python3.10/site-packages/airflow/example_dags/example_latest_only_with_trigger.py
[2026-05-29T10:50:13.159+0200] {logging_mixin.py:151} INFO - [2026-05-29T10:50:13.159+0200] {dag.py:2915} INFO - Sync 1 DAGs
[2026-05-29T10:50:13.180+0200] {logging_mixin.py:151} INFO - [2026-05-29T10:50:13.180+0200] {dag.py:3696} INFO - Setting next_dagrun for latest_only_with_trigger to 2026-05-29T04:50:13.180381+00:00, run_after=2026-05-29T08:50:13.180381+00:00
[2026-05-29T10:50:13.200+0200] {processor.py:179} INFO - Processing /home/frederic/airflow_venv/lib/python3.10/site-packages/airflow/example_dags/example_latest_only_with_trigger.py took 0.067 seconds
[2026-05-29T10:51:00.828+0200] {processor.py:157} INFO - Started process (PID=724119) to work on /home/frederic/airflow_venv/lib/python3.10/site-packages/airflow/example_dags/example_latest_only_with_trigger.py
[2026-05-29T10:51:00.829+0200] {processor.py:829} INFO - Processing file /home/frederic/airflow_venv/lib/python3.10/site-packages/airflow/example_dags/example_latest_only_with_trigger.py for tasks to queue
[2026-05-29T10:51:00.830+0200] {logging_mixin.py:151} INFO - [2026-05-29T10:51:00.829+0200] {dagbag.py:539} INFO - Filling up the DagBag from /home/frederic/airflow_venv/lib/python3.10/site-packages/airflow/example_dags/example_latest_only_with_trigger.py
[2026-05-29T10:51:00.836+0200] {processor.py:839} INFO - DAG(s) dict_keys(['latest_only_with_trigger']) retrieved from /home/frederic/airflow_venv/lib/python3.10/site-packages/airflow/example_dags/example_latest_only_with_trigger.py
[2026-05-29T10:51:00.849+0200] {logging_mixin.py:151} INFO - [2026-05-29T10:51:00.849+0200] {dag.py:2915} INFO - Sync 1 DAGs
[2026-05-29T10:51:00.864+0200] {logging_mixin.py:151} INFO - [2026-05-29T10:51:00.864+0200] {dag.py:3696} INFO - Setting next_dagrun for latest_only_with_trigger to 2026-05-29T04:51:00.864335+00:00, run_after=2026-05-29T08:51:00.864335+00:00
[2026-05-29T10:51:00.881+0200] {processor.py:179} INFO - Processing /home/frederic/airflow_venv/lib/python3.10/site-packages/airflow/example_dags/example_latest_only_with_trigger.py took 0.055 seconds
