[2026-05-29T02:00:16.894+0200] {processor.py:157} INFO - Started process (PID=633508) to work on /home/frederic/airflow_venv/lib/python3.10/site-packages/airflow/example_dags/example_branch_python_dop_operator_3.py
[2026-05-29T02:00:16.895+0200] {processor.py:829} INFO - Processing file /home/frederic/airflow_venv/lib/python3.10/site-packages/airflow/example_dags/example_branch_python_dop_operator_3.py for tasks to queue
[2026-05-29T02:00:16.895+0200] {logging_mixin.py:151} INFO - [2026-05-29T02:00:16.895+0200] {dagbag.py:539} INFO - Filling up the DagBag from /home/frederic/airflow_venv/lib/python3.10/site-packages/airflow/example_dags/example_branch_python_dop_operator_3.py
[2026-05-29T02:00:16.903+0200] {processor.py:839} INFO - DAG(s) dict_keys(['example_branch_dop_operator_v3']) retrieved from /home/frederic/airflow_venv/lib/python3.10/site-packages/airflow/example_dags/example_branch_python_dop_operator_3.py
[2026-05-29T02:00:16.916+0200] {logging_mixin.py:151} INFO - [2026-05-29T02:00:16.916+0200] {dag.py:2915} INFO - Sync 1 DAGs
[2026-05-29T02:00:16.937+0200] {logging_mixin.py:151} INFO - [2026-05-29T02:00:16.937+0200] {dag.py:3696} INFO - Setting next_dagrun for example_branch_dop_operator_v3 to 2026-05-28T23:59:00+00:00, run_after=2026-05-29T00:00:00+00:00
[2026-05-29T02:00:16.956+0200] {processor.py:179} INFO - Processing /home/frederic/airflow_venv/lib/python3.10/site-packages/airflow/example_dags/example_branch_python_dop_operator_3.py took 0.065 seconds
[2026-05-29T02:00:49.000+0200] {processor.py:157} INFO - Started process (PID=634613) to work on /home/frederic/airflow_venv/lib/python3.10/site-packages/airflow/example_dags/example_branch_python_dop_operator_3.py
[2026-05-29T02:00:49.001+0200] {processor.py:829} INFO - Processing file /home/frederic/airflow_venv/lib/python3.10/site-packages/airflow/example_dags/example_branch_python_dop_operator_3.py for tasks to queue
[2026-05-29T02:00:49.002+0200] {logging_mixin.py:151} INFO - [2026-05-29T02:00:49.002+0200] {dagbag.py:539} INFO - Filling up the DagBag from /home/frederic/airflow_venv/lib/python3.10/site-packages/airflow/example_dags/example_branch_python_dop_operator_3.py
[2026-05-29T02:00:49.011+0200] {processor.py:839} INFO - DAG(s) dict_keys(['example_branch_dop_operator_v3']) retrieved from /home/frederic/airflow_venv/lib/python3.10/site-packages/airflow/example_dags/example_branch_python_dop_operator_3.py
[2026-05-29T02:00:49.024+0200] {logging_mixin.py:151} INFO - [2026-05-29T02:00:49.024+0200] {dag.py:2915} INFO - Sync 1 DAGs
[2026-05-29T02:00:49.057+0200] {logging_mixin.py:151} INFO - [2026-05-29T02:00:49.057+0200] {dag.py:3696} INFO - Setting next_dagrun for example_branch_dop_operator_v3 to 2026-05-28T23:59:00+00:00, run_after=2026-05-29T00:00:00+00:00
[2026-05-29T02:00:49.073+0200] {processor.py:179} INFO - Processing /home/frederic/airflow_venv/lib/python3.10/site-packages/airflow/example_dags/example_branch_python_dop_operator_3.py took 0.075 seconds
[2026-05-29T02:01:01.683+0200] {processor.py:157} INFO - Started process (PID=634888) to work on /home/frederic/airflow_venv/lib/python3.10/site-packages/airflow/example_dags/example_branch_python_dop_operator_3.py
[2026-05-29T02:01:01.684+0200] {processor.py:829} INFO - Processing file /home/frederic/airflow_venv/lib/python3.10/site-packages/airflow/example_dags/example_branch_python_dop_operator_3.py for tasks to queue
[2026-05-29T02:01:01.684+0200] {logging_mixin.py:151} INFO - [2026-05-29T02:01:01.684+0200] {dagbag.py:539} INFO - Filling up the DagBag from /home/frederic/airflow_venv/lib/python3.10/site-packages/airflow/example_dags/example_branch_python_dop_operator_3.py
[2026-05-29T02:01:01.692+0200] {processor.py:839} INFO - DAG(s) dict_keys(['example_branch_dop_operator_v3']) retrieved from /home/frederic/airflow_venv/lib/python3.10/site-packages/airflow/example_dags/example_branch_python_dop_operator_3.py
[2026-05-29T02:01:01.705+0200] {logging_mixin.py:151} INFO - [2026-05-29T02:01:01.705+0200] {dag.py:2915} INFO - Sync 1 DAGs
[2026-05-29T02:01:01.729+0200] {logging_mixin.py:151} INFO - [2026-05-29T02:01:01.728+0200] {dag.py:3696} INFO - Setting next_dagrun for example_branch_dop_operator_v3 to 2026-05-29T00:00:00+00:00, run_after=2026-05-29T00:01:00+00:00
[2026-05-29T02:01:01.747+0200] {processor.py:179} INFO - Processing /home/frederic/airflow_venv/lib/python3.10/site-packages/airflow/example_dags/example_branch_python_dop_operator_3.py took 0.066 seconds
[2026-05-29T02:01:40.496+0200] {processor.py:157} INFO - Started process (PID=635984) to work on /home/frederic/airflow_venv/lib/python3.10/site-packages/airflow/example_dags/example_branch_python_dop_operator_3.py
[2026-05-29T02:01:40.498+0200] {processor.py:829} INFO - Processing file /home/frederic/airflow_venv/lib/python3.10/site-packages/airflow/example_dags/example_branch_python_dop_operator_3.py for tasks to queue
[2026-05-29T02:01:40.498+0200] {logging_mixin.py:151} INFO - [2026-05-29T02:01:40.498+0200] {dagbag.py:539} INFO - Filling up the DagBag from /home/frederic/airflow_venv/lib/python3.10/site-packages/airflow/example_dags/example_branch_python_dop_operator_3.py
[2026-05-29T02:01:40.507+0200] {processor.py:839} INFO - DAG(s) dict_keys(['example_branch_dop_operator_v3']) retrieved from /home/frederic/airflow_venv/lib/python3.10/site-packages/airflow/example_dags/example_branch_python_dop_operator_3.py
[2026-05-29T02:01:40.521+0200] {logging_mixin.py:151} INFO - [2026-05-29T02:01:40.520+0200] {dag.py:2915} INFO - Sync 1 DAGs
[2026-05-29T02:01:40.542+0200] {logging_mixin.py:151} INFO - [2026-05-29T02:01:40.542+0200] {dag.py:3696} INFO - Setting next_dagrun for example_branch_dop_operator_v3 to 2026-05-29T00:00:00+00:00, run_after=2026-05-29T00:01:00+00:00
[2026-05-29T02:01:40.558+0200] {processor.py:179} INFO - Processing /home/frederic/airflow_venv/lib/python3.10/site-packages/airflow/example_dags/example_branch_python_dop_operator_3.py took 0.065 seconds
[2026-05-29T02:01:45.958+0200] {processor.py:157} INFO - Started process (PID=636162) to work on /home/frederic/airflow_venv/lib/python3.10/site-packages/airflow/example_dags/example_branch_python_dop_operator_3.py
[2026-05-29T02:01:45.959+0200] {processor.py:829} INFO - Processing file /home/frederic/airflow_venv/lib/python3.10/site-packages/airflow/example_dags/example_branch_python_dop_operator_3.py for tasks to queue
[2026-05-29T02:01:45.960+0200] {logging_mixin.py:151} INFO - [2026-05-29T02:01:45.959+0200] {dagbag.py:539} INFO - Filling up the DagBag from /home/frederic/airflow_venv/lib/python3.10/site-packages/airflow/example_dags/example_branch_python_dop_operator_3.py
[2026-05-29T02:01:45.966+0200] {processor.py:839} INFO - DAG(s) dict_keys(['example_branch_dop_operator_v3']) retrieved from /home/frederic/airflow_venv/lib/python3.10/site-packages/airflow/example_dags/example_branch_python_dop_operator_3.py
[2026-05-29T02:01:45.978+0200] {logging_mixin.py:151} INFO - [2026-05-29T02:01:45.978+0200] {dag.py:2915} INFO - Sync 1 DAGs
[2026-05-29T02:01:45.998+0200] {logging_mixin.py:151} INFO - [2026-05-29T02:01:45.998+0200] {dag.py:3696} INFO - Setting next_dagrun for example_branch_dop_operator_v3 to 2026-05-29T00:00:00+00:00, run_after=2026-05-29T00:01:00+00:00
[2026-05-29T02:01:46.015+0200] {processor.py:179} INFO - Processing /home/frederic/airflow_venv/lib/python3.10/site-packages/airflow/example_dags/example_branch_python_dop_operator_3.py took 0.059 seconds
[2026-05-29T02:02:32.218+0200] {processor.py:157} INFO - Started process (PID=637575) to work on /home/frederic/airflow_venv/lib/python3.10/site-packages/airflow/example_dags/example_branch_python_dop_operator_3.py
[2026-05-29T02:02:32.219+0200] {processor.py:829} INFO - Processing file /home/frederic/airflow_venv/lib/python3.10/site-packages/airflow/example_dags/example_branch_python_dop_operator_3.py for tasks to queue
[2026-05-29T02:02:32.220+0200] {logging_mixin.py:151} INFO - [2026-05-29T02:02:32.220+0200] {dagbag.py:539} INFO - Filling up the DagBag from /home/frederic/airflow_venv/lib/python3.10/site-packages/airflow/example_dags/example_branch_python_dop_operator_3.py
[2026-05-29T02:02:32.229+0200] {processor.py:839} INFO - DAG(s) dict_keys(['example_branch_dop_operator_v3']) retrieved from /home/frederic/airflow_venv/lib/python3.10/site-packages/airflow/example_dags/example_branch_python_dop_operator_3.py
[2026-05-29T02:02:32.243+0200] {logging_mixin.py:151} INFO - [2026-05-29T02:02:32.243+0200] {dag.py:2915} INFO - Sync 1 DAGs
[2026-05-29T02:02:32.270+0200] {logging_mixin.py:151} INFO - [2026-05-29T02:02:32.270+0200] {dag.py:3696} INFO - Setting next_dagrun for example_branch_dop_operator_v3 to 2026-05-29T00:01:00+00:00, run_after=2026-05-29T00:02:00+00:00
[2026-05-29T02:02:32.289+0200] {processor.py:179} INFO - Processing /home/frederic/airflow_venv/lib/python3.10/site-packages/airflow/example_dags/example_branch_python_dop_operator_3.py took 0.073 seconds
[2026-05-29T02:02:33.855+0200] {processor.py:157} INFO - Started process (PID=637618) to work on /home/frederic/airflow_venv/lib/python3.10/site-packages/airflow/example_dags/example_branch_python_dop_operator_3.py
[2026-05-29T02:02:33.855+0200] {processor.py:829} INFO - Processing file /home/frederic/airflow_venv/lib/python3.10/site-packages/airflow/example_dags/example_branch_python_dop_operator_3.py for tasks to queue
[2026-05-29T02:02:33.856+0200] {logging_mixin.py:151} INFO - [2026-05-29T02:02:33.856+0200] {dagbag.py:539} INFO - Filling up the DagBag from /home/frederic/airflow_venv/lib/python3.10/site-packages/airflow/example_dags/example_branch_python_dop_operator_3.py
[2026-05-29T02:02:33.865+0200] {processor.py:839} INFO - DAG(s) dict_keys(['example_branch_dop_operator_v3']) retrieved from /home/frederic/airflow_venv/lib/python3.10/site-packages/airflow/example_dags/example_branch_python_dop_operator_3.py
[2026-05-29T02:02:33.880+0200] {logging_mixin.py:151} INFO - [2026-05-29T02:02:33.880+0200] {dag.py:2915} INFO - Sync 1 DAGs
[2026-05-29T02:02:33.903+0200] {logging_mixin.py:151} INFO - [2026-05-29T02:02:33.903+0200] {dag.py:3696} INFO - Setting next_dagrun for example_branch_dop_operator_v3 to 2026-05-29T00:01:00+00:00, run_after=2026-05-29T00:02:00+00:00
[2026-05-29T02:02:33.920+0200] {processor.py:179} INFO - Processing /home/frederic/airflow_venv/lib/python3.10/site-packages/airflow/example_dags/example_branch_python_dop_operator_3.py took 0.069 seconds
[2026-05-29T02:03:21.219+0200] {processor.py:157} INFO - Started process (PID=638960) to work on /home/frederic/airflow_venv/lib/python3.10/site-packages/airflow/example_dags/example_branch_python_dop_operator_3.py
[2026-05-29T02:03:21.220+0200] {processor.py:829} INFO - Processing file /home/frederic/airflow_venv/lib/python3.10/site-packages/airflow/example_dags/example_branch_python_dop_operator_3.py for tasks to queue
[2026-05-29T02:03:21.221+0200] {logging_mixin.py:151} INFO - [2026-05-29T02:03:21.220+0200] {dagbag.py:539} INFO - Filling up the DagBag from /home/frederic/airflow_venv/lib/python3.10/site-packages/airflow/example_dags/example_branch_python_dop_operator_3.py
[2026-05-29T02:03:21.230+0200] {processor.py:839} INFO - DAG(s) dict_keys(['example_branch_dop_operator_v3']) retrieved from /home/frederic/airflow_venv/lib/python3.10/site-packages/airflow/example_dags/example_branch_python_dop_operator_3.py
[2026-05-29T02:03:21.248+0200] {logging_mixin.py:151} INFO - [2026-05-29T02:03:21.248+0200] {dag.py:2915} INFO - Sync 1 DAGs
[2026-05-29T02:03:21.277+0200] {logging_mixin.py:151} INFO - [2026-05-29T02:03:21.277+0200] {dag.py:3696} INFO - Setting next_dagrun for example_branch_dop_operator_v3 to 2026-05-29T00:02:00+00:00, run_after=2026-05-29T00:03:00+00:00
[2026-05-29T02:03:21.455+0200] {processor.py:179} INFO - Processing /home/frederic/airflow_venv/lib/python3.10/site-packages/airflow/example_dags/example_branch_python_dop_operator_3.py took 0.239 seconds
[2026-05-29T02:03:21.918+0200] {processor.py:157} INFO - Started process (PID=638976) to work on /home/frederic/airflow_venv/lib/python3.10/site-packages/airflow/example_dags/example_branch_python_dop_operator_3.py
[2026-05-29T02:03:21.918+0200] {processor.py:829} INFO - Processing file /home/frederic/airflow_venv/lib/python3.10/site-packages/airflow/example_dags/example_branch_python_dop_operator_3.py for tasks to queue
[2026-05-29T02:03:21.919+0200] {logging_mixin.py:151} INFO - [2026-05-29T02:03:21.919+0200] {dagbag.py:539} INFO - Filling up the DagBag from /home/frederic/airflow_venv/lib/python3.10/site-packages/airflow/example_dags/example_branch_python_dop_operator_3.py
[2026-05-29T02:03:21.926+0200] {processor.py:839} INFO - DAG(s) dict_keys(['example_branch_dop_operator_v3']) retrieved from /home/frederic/airflow_venv/lib/python3.10/site-packages/airflow/example_dags/example_branch_python_dop_operator_3.py
[2026-05-29T02:03:21.939+0200] {logging_mixin.py:151} INFO - [2026-05-29T02:03:21.939+0200] {dag.py:2915} INFO - Sync 1 DAGs
[2026-05-29T02:03:21.959+0200] {logging_mixin.py:151} INFO - [2026-05-29T02:03:21.959+0200] {dag.py:3696} INFO - Setting next_dagrun for example_branch_dop_operator_v3 to 2026-05-29T00:02:00+00:00, run_after=2026-05-29T00:03:00+00:00
[2026-05-29T02:03:21.973+0200] {processor.py:179} INFO - Processing /home/frederic/airflow_venv/lib/python3.10/site-packages/airflow/example_dags/example_branch_python_dop_operator_3.py took 0.057 seconds
[2026-05-29T09:58:35.844+0200] {processor.py:157} INFO - Started process (PID=682128) to work on /home/frederic/airflow_venv/lib/python3.10/site-packages/airflow/example_dags/example_branch_python_dop_operator_3.py
[2026-05-29T09:58:35.845+0200] {processor.py:829} INFO - Processing file /home/frederic/airflow_venv/lib/python3.10/site-packages/airflow/example_dags/example_branch_python_dop_operator_3.py for tasks to queue
[2026-05-29T09:58:35.846+0200] {logging_mixin.py:151} INFO - [2026-05-29T09:58:35.846+0200] {dagbag.py:539} INFO - Filling up the DagBag from /home/frederic/airflow_venv/lib/python3.10/site-packages/airflow/example_dags/example_branch_python_dop_operator_3.py
[2026-05-29T09:58:35.854+0200] {processor.py:839} INFO - DAG(s) dict_keys(['example_branch_dop_operator_v3']) retrieved from /home/frederic/airflow_venv/lib/python3.10/site-packages/airflow/example_dags/example_branch_python_dop_operator_3.py
[2026-05-29T09:58:35.866+0200] {logging_mixin.py:151} INFO - [2026-05-29T09:58:35.866+0200] {dag.py:2915} INFO - Sync 1 DAGs
[2026-05-29T09:58:35.886+0200] {logging_mixin.py:151} INFO - [2026-05-29T09:58:35.886+0200] {dag.py:3696} INFO - Setting next_dagrun for example_branch_dop_operator_v3 to 2026-05-29T07:57:00+00:00, run_after=2026-05-29T07:58:00+00:00
[2026-05-29T09:58:35.901+0200] {processor.py:179} INFO - Processing /home/frederic/airflow_venv/lib/python3.10/site-packages/airflow/example_dags/example_branch_python_dop_operator_3.py took 0.059 seconds
[2026-05-29T09:59:28.249+0200] {processor.py:157} INFO - Started process (PID=683637) to work on /home/frederic/airflow_venv/lib/python3.10/site-packages/airflow/example_dags/example_branch_python_dop_operator_3.py
[2026-05-29T09:59:28.250+0200] {processor.py:829} INFO - Processing file /home/frederic/airflow_venv/lib/python3.10/site-packages/airflow/example_dags/example_branch_python_dop_operator_3.py for tasks to queue
[2026-05-29T09:59:28.251+0200] {logging_mixin.py:151} INFO - [2026-05-29T09:59:28.250+0200] {dagbag.py:539} INFO - Filling up the DagBag from /home/frederic/airflow_venv/lib/python3.10/site-packages/airflow/example_dags/example_branch_python_dop_operator_3.py
[2026-05-29T09:59:28.260+0200] {processor.py:839} INFO - DAG(s) dict_keys(['example_branch_dop_operator_v3']) retrieved from /home/frederic/airflow_venv/lib/python3.10/site-packages/airflow/example_dags/example_branch_python_dop_operator_3.py
[2026-05-29T09:59:28.276+0200] {logging_mixin.py:151} INFO - [2026-05-29T09:59:28.275+0200] {dag.py:2915} INFO - Sync 1 DAGs
[2026-05-29T09:59:28.300+0200] {logging_mixin.py:151} INFO - [2026-05-29T09:59:28.299+0200] {dag.py:3696} INFO - Setting next_dagrun for example_branch_dop_operator_v3 to 2026-05-29T07:58:00+00:00, run_after=2026-05-29T07:59:00+00:00
[2026-05-29T09:59:28.319+0200] {processor.py:179} INFO - Processing /home/frederic/airflow_venv/lib/python3.10/site-packages/airflow/example_dags/example_branch_python_dop_operator_3.py took 0.073 seconds
[2026-05-29T10:00:19.529+0200] {processor.py:157} INFO - Started process (PID=684356) to work on /home/frederic/airflow_venv/lib/python3.10/site-packages/airflow/example_dags/example_branch_python_dop_operator_3.py
[2026-05-29T10:00:19.530+0200] {processor.py:829} INFO - Processing file /home/frederic/airflow_venv/lib/python3.10/site-packages/airflow/example_dags/example_branch_python_dop_operator_3.py for tasks to queue
[2026-05-29T10:00:19.531+0200] {logging_mixin.py:151} INFO - [2026-05-29T10:00:19.531+0200] {dagbag.py:539} INFO - Filling up the DagBag from /home/frederic/airflow_venv/lib/python3.10/site-packages/airflow/example_dags/example_branch_python_dop_operator_3.py
[2026-05-29T10:00:19.543+0200] {processor.py:839} INFO - DAG(s) dict_keys(['example_branch_dop_operator_v3']) retrieved from /home/frederic/airflow_venv/lib/python3.10/site-packages/airflow/example_dags/example_branch_python_dop_operator_3.py
[2026-05-29T10:00:19.561+0200] {logging_mixin.py:151} INFO - [2026-05-29T10:00:19.561+0200] {dag.py:2915} INFO - Sync 1 DAGs
[2026-05-29T10:00:19.586+0200] {logging_mixin.py:151} INFO - [2026-05-29T10:00:19.586+0200] {dag.py:3696} INFO - Setting next_dagrun for example_branch_dop_operator_v3 to 2026-05-29T07:59:00+00:00, run_after=2026-05-29T08:00:00+00:00
[2026-05-29T10:00:19.606+0200] {processor.py:179} INFO - Processing /home/frederic/airflow_venv/lib/python3.10/site-packages/airflow/example_dags/example_branch_python_dop_operator_3.py took 0.079 seconds
[2026-05-29T10:01:10.120+0200] {processor.py:157} INFO - Started process (PID=685189) to work on /home/frederic/airflow_venv/lib/python3.10/site-packages/airflow/example_dags/example_branch_python_dop_operator_3.py
[2026-05-29T10:01:10.121+0200] {processor.py:829} INFO - Processing file /home/frederic/airflow_venv/lib/python3.10/site-packages/airflow/example_dags/example_branch_python_dop_operator_3.py for tasks to queue
[2026-05-29T10:01:10.122+0200] {logging_mixin.py:151} INFO - [2026-05-29T10:01:10.121+0200] {dagbag.py:539} INFO - Filling up the DagBag from /home/frederic/airflow_venv/lib/python3.10/site-packages/airflow/example_dags/example_branch_python_dop_operator_3.py
[2026-05-29T10:01:10.131+0200] {processor.py:839} INFO - DAG(s) dict_keys(['example_branch_dop_operator_v3']) retrieved from /home/frederic/airflow_venv/lib/python3.10/site-packages/airflow/example_dags/example_branch_python_dop_operator_3.py
[2026-05-29T10:01:10.147+0200] {logging_mixin.py:151} INFO - [2026-05-29T10:01:10.147+0200] {dag.py:2915} INFO - Sync 1 DAGs
[2026-05-29T10:01:10.174+0200] {logging_mixin.py:151} INFO - [2026-05-29T10:01:10.174+0200] {dag.py:3696} INFO - Setting next_dagrun for example_branch_dop_operator_v3 to 2026-05-29T08:00:00+00:00, run_after=2026-05-29T08:01:00+00:00
[2026-05-29T10:01:10.193+0200] {processor.py:179} INFO - Processing /home/frederic/airflow_venv/lib/python3.10/site-packages/airflow/example_dags/example_branch_python_dop_operator_3.py took 0.076 seconds
[2026-05-29T10:01:58.803+0200] {processor.py:157} INFO - Started process (PID=685843) to work on /home/frederic/airflow_venv/lib/python3.10/site-packages/airflow/example_dags/example_branch_python_dop_operator_3.py
[2026-05-29T10:01:58.807+0200] {processor.py:829} INFO - Processing file /home/frederic/airflow_venv/lib/python3.10/site-packages/airflow/example_dags/example_branch_python_dop_operator_3.py for tasks to queue
[2026-05-29T10:01:58.808+0200] {logging_mixin.py:151} INFO - [2026-05-29T10:01:58.808+0200] {dagbag.py:539} INFO - Filling up the DagBag from /home/frederic/airflow_venv/lib/python3.10/site-packages/airflow/example_dags/example_branch_python_dop_operator_3.py
[2026-05-29T10:01:58.815+0200] {processor.py:839} INFO - DAG(s) dict_keys(['example_branch_dop_operator_v3']) retrieved from /home/frederic/airflow_venv/lib/python3.10/site-packages/airflow/example_dags/example_branch_python_dop_operator_3.py
[2026-05-29T10:01:58.829+0200] {logging_mixin.py:151} INFO - [2026-05-29T10:01:58.829+0200] {dag.py:2915} INFO - Sync 1 DAGs
[2026-05-29T10:01:58.853+0200] {logging_mixin.py:151} INFO - [2026-05-29T10:01:58.853+0200] {dag.py:3696} INFO - Setting next_dagrun for example_branch_dop_operator_v3 to 2026-05-29T08:00:00+00:00, run_after=2026-05-29T08:01:00+00:00
[2026-05-29T10:01:58.875+0200] {processor.py:179} INFO - Processing /home/frederic/airflow_venv/lib/python3.10/site-packages/airflow/example_dags/example_branch_python_dop_operator_3.py took 0.076 seconds
[2026-05-29T10:02:44.964+0200] {processor.py:157} INFO - Started process (PID=686293) to work on /home/frederic/airflow_venv/lib/python3.10/site-packages/airflow/example_dags/example_branch_python_dop_operator_3.py
[2026-05-29T10:02:44.965+0200] {processor.py:829} INFO - Processing file /home/frederic/airflow_venv/lib/python3.10/site-packages/airflow/example_dags/example_branch_python_dop_operator_3.py for tasks to queue
[2026-05-29T10:02:44.966+0200] {logging_mixin.py:151} INFO - [2026-05-29T10:02:44.965+0200] {dagbag.py:539} INFO - Filling up the DagBag from /home/frederic/airflow_venv/lib/python3.10/site-packages/airflow/example_dags/example_branch_python_dop_operator_3.py
[2026-05-29T10:02:44.974+0200] {processor.py:839} INFO - DAG(s) dict_keys(['example_branch_dop_operator_v3']) retrieved from /home/frederic/airflow_venv/lib/python3.10/site-packages/airflow/example_dags/example_branch_python_dop_operator_3.py
[2026-05-29T10:02:44.988+0200] {logging_mixin.py:151} INFO - [2026-05-29T10:02:44.988+0200] {dag.py:2915} INFO - Sync 1 DAGs
[2026-05-29T10:02:45.012+0200] {logging_mixin.py:151} INFO - [2026-05-29T10:02:45.011+0200] {dag.py:3696} INFO - Setting next_dagrun for example_branch_dop_operator_v3 to 2026-05-29T08:01:00+00:00, run_after=2026-05-29T08:02:00+00:00
[2026-05-29T10:02:45.032+0200] {processor.py:179} INFO - Processing /home/frederic/airflow_venv/lib/python3.10/site-packages/airflow/example_dags/example_branch_python_dop_operator_3.py took 0.071 seconds
[2026-05-29T10:03:31.264+0200] {processor.py:157} INFO - Started process (PID=686769) to work on /home/frederic/airflow_venv/lib/python3.10/site-packages/airflow/example_dags/example_branch_python_dop_operator_3.py
[2026-05-29T10:03:31.265+0200] {processor.py:829} INFO - Processing file /home/frederic/airflow_venv/lib/python3.10/site-packages/airflow/example_dags/example_branch_python_dop_operator_3.py for tasks to queue
[2026-05-29T10:03:31.266+0200] {logging_mixin.py:151} INFO - [2026-05-29T10:03:31.266+0200] {dagbag.py:539} INFO - Filling up the DagBag from /home/frederic/airflow_venv/lib/python3.10/site-packages/airflow/example_dags/example_branch_python_dop_operator_3.py
[2026-05-29T10:03:31.276+0200] {processor.py:839} INFO - DAG(s) dict_keys(['example_branch_dop_operator_v3']) retrieved from /home/frederic/airflow_venv/lib/python3.10/site-packages/airflow/example_dags/example_branch_python_dop_operator_3.py
[2026-05-29T10:03:31.293+0200] {logging_mixin.py:151} INFO - [2026-05-29T10:03:31.293+0200] {dag.py:2915} INFO - Sync 1 DAGs
[2026-05-29T10:03:31.319+0200] {logging_mixin.py:151} INFO - [2026-05-29T10:03:31.319+0200] {dag.py:3696} INFO - Setting next_dagrun for example_branch_dop_operator_v3 to 2026-05-29T08:02:00+00:00, run_after=2026-05-29T08:03:00+00:00
[2026-05-29T10:03:31.337+0200] {processor.py:179} INFO - Processing /home/frederic/airflow_venv/lib/python3.10/site-packages/airflow/example_dags/example_branch_python_dop_operator_3.py took 0.075 seconds
[2026-05-29T10:04:19.062+0200] {processor.py:157} INFO - Started process (PID=687917) to work on /home/frederic/airflow_venv/lib/python3.10/site-packages/airflow/example_dags/example_branch_python_dop_operator_3.py
[2026-05-29T10:04:19.065+0200] {processor.py:829} INFO - Processing file /home/frederic/airflow_venv/lib/python3.10/site-packages/airflow/example_dags/example_branch_python_dop_operator_3.py for tasks to queue
[2026-05-29T10:04:19.066+0200] {logging_mixin.py:151} INFO - [2026-05-29T10:04:19.065+0200] {dagbag.py:539} INFO - Filling up the DagBag from /home/frederic/airflow_venv/lib/python3.10/site-packages/airflow/example_dags/example_branch_python_dop_operator_3.py
[2026-05-29T10:04:19.074+0200] {processor.py:839} INFO - DAG(s) dict_keys(['example_branch_dop_operator_v3']) retrieved from /home/frederic/airflow_venv/lib/python3.10/site-packages/airflow/example_dags/example_branch_python_dop_operator_3.py
[2026-05-29T10:04:19.090+0200] {logging_mixin.py:151} INFO - [2026-05-29T10:04:19.090+0200] {dag.py:2915} INFO - Sync 1 DAGs
[2026-05-29T10:04:19.117+0200] {logging_mixin.py:151} INFO - [2026-05-29T10:04:19.117+0200] {dag.py:3696} INFO - Setting next_dagrun for example_branch_dop_operator_v3 to 2026-05-29T08:03:00+00:00, run_after=2026-05-29T08:04:00+00:00
[2026-05-29T10:04:19.136+0200] {processor.py:179} INFO - Processing /home/frederic/airflow_venv/lib/python3.10/site-packages/airflow/example_dags/example_branch_python_dop_operator_3.py took 0.077 seconds
[2026-05-29T10:05:08.104+0200] {processor.py:157} INFO - Started process (PID=689076) to work on /home/frederic/airflow_venv/lib/python3.10/site-packages/airflow/example_dags/example_branch_python_dop_operator_3.py
[2026-05-29T10:05:08.106+0200] {processor.py:829} INFO - Processing file /home/frederic/airflow_venv/lib/python3.10/site-packages/airflow/example_dags/example_branch_python_dop_operator_3.py for tasks to queue
[2026-05-29T10:05:08.107+0200] {logging_mixin.py:151} INFO - [2026-05-29T10:05:08.106+0200] {dagbag.py:539} INFO - Filling up the DagBag from /home/frederic/airflow_venv/lib/python3.10/site-packages/airflow/example_dags/example_branch_python_dop_operator_3.py
[2026-05-29T10:05:08.117+0200] {processor.py:839} INFO - DAG(s) dict_keys(['example_branch_dop_operator_v3']) retrieved from /home/frederic/airflow_venv/lib/python3.10/site-packages/airflow/example_dags/example_branch_python_dop_operator_3.py
[2026-05-29T10:05:08.137+0200] {logging_mixin.py:151} INFO - [2026-05-29T10:05:08.137+0200] {dag.py:2915} INFO - Sync 1 DAGs
[2026-05-29T10:05:08.163+0200] {logging_mixin.py:151} INFO - [2026-05-29T10:05:08.163+0200] {dag.py:3696} INFO - Setting next_dagrun for example_branch_dop_operator_v3 to 2026-05-29T08:04:00+00:00, run_after=2026-05-29T08:05:00+00:00
[2026-05-29T10:05:08.191+0200] {processor.py:179} INFO - Processing /home/frederic/airflow_venv/lib/python3.10/site-packages/airflow/example_dags/example_branch_python_dop_operator_3.py took 0.090 seconds
[2026-05-29T10:05:54.163+0200] {processor.py:157} INFO - Started process (PID=689842) to work on /home/frederic/airflow_venv/lib/python3.10/site-packages/airflow/example_dags/example_branch_python_dop_operator_3.py
[2026-05-29T10:05:54.165+0200] {processor.py:829} INFO - Processing file /home/frederic/airflow_venv/lib/python3.10/site-packages/airflow/example_dags/example_branch_python_dop_operator_3.py for tasks to queue
[2026-05-29T10:05:54.166+0200] {logging_mixin.py:151} INFO - [2026-05-29T10:05:54.165+0200] {dagbag.py:539} INFO - Filling up the DagBag from /home/frederic/airflow_venv/lib/python3.10/site-packages/airflow/example_dags/example_branch_python_dop_operator_3.py
[2026-05-29T10:05:54.176+0200] {processor.py:839} INFO - DAG(s) dict_keys(['example_branch_dop_operator_v3']) retrieved from /home/frederic/airflow_venv/lib/python3.10/site-packages/airflow/example_dags/example_branch_python_dop_operator_3.py
[2026-05-29T10:05:54.192+0200] {logging_mixin.py:151} INFO - [2026-05-29T10:05:54.192+0200] {dag.py:2915} INFO - Sync 1 DAGs
[2026-05-29T10:05:54.223+0200] {logging_mixin.py:151} INFO - [2026-05-29T10:05:54.222+0200] {dag.py:3696} INFO - Setting next_dagrun for example_branch_dop_operator_v3 to 2026-05-29T08:04:00+00:00, run_after=2026-05-29T08:05:00+00:00
[2026-05-29T10:05:54.243+0200] {processor.py:179} INFO - Processing /home/frederic/airflow_venv/lib/python3.10/site-packages/airflow/example_dags/example_branch_python_dop_operator_3.py took 0.082 seconds
[2026-05-29T10:06:45.681+0200] {processor.py:157} INFO - Started process (PID=690383) to work on /home/frederic/airflow_venv/lib/python3.10/site-packages/airflow/example_dags/example_branch_python_dop_operator_3.py
[2026-05-29T10:06:45.682+0200] {processor.py:829} INFO - Processing file /home/frederic/airflow_venv/lib/python3.10/site-packages/airflow/example_dags/example_branch_python_dop_operator_3.py for tasks to queue
[2026-05-29T10:06:45.684+0200] {logging_mixin.py:151} INFO - [2026-05-29T10:06:45.683+0200] {dagbag.py:539} INFO - Filling up the DagBag from /home/frederic/airflow_venv/lib/python3.10/site-packages/airflow/example_dags/example_branch_python_dop_operator_3.py
[2026-05-29T10:06:45.692+0200] {processor.py:839} INFO - DAG(s) dict_keys(['example_branch_dop_operator_v3']) retrieved from /home/frederic/airflow_venv/lib/python3.10/site-packages/airflow/example_dags/example_branch_python_dop_operator_3.py
[2026-05-29T10:06:45.707+0200] {logging_mixin.py:151} INFO - [2026-05-29T10:06:45.707+0200] {dag.py:2915} INFO - Sync 1 DAGs
[2026-05-29T10:06:45.732+0200] {logging_mixin.py:151} INFO - [2026-05-29T10:06:45.732+0200] {dag.py:3696} INFO - Setting next_dagrun for example_branch_dop_operator_v3 to 2026-05-29T08:05:00+00:00, run_after=2026-05-29T08:06:00+00:00
[2026-05-29T10:06:45.750+0200] {processor.py:179} INFO - Processing /home/frederic/airflow_venv/lib/python3.10/site-packages/airflow/example_dags/example_branch_python_dop_operator_3.py took 0.072 seconds
[2026-05-29T10:07:41.106+0200] {processor.py:157} INFO - Started process (PID=691149) to work on /home/frederic/airflow_venv/lib/python3.10/site-packages/airflow/example_dags/example_branch_python_dop_operator_3.py
[2026-05-29T10:07:41.107+0200] {processor.py:829} INFO - Processing file /home/frederic/airflow_venv/lib/python3.10/site-packages/airflow/example_dags/example_branch_python_dop_operator_3.py for tasks to queue
[2026-05-29T10:07:41.108+0200] {logging_mixin.py:151} INFO - [2026-05-29T10:07:41.108+0200] {dagbag.py:539} INFO - Filling up the DagBag from /home/frederic/airflow_venv/lib/python3.10/site-packages/airflow/example_dags/example_branch_python_dop_operator_3.py
[2026-05-29T10:07:41.115+0200] {processor.py:839} INFO - DAG(s) dict_keys(['example_branch_dop_operator_v3']) retrieved from /home/frederic/airflow_venv/lib/python3.10/site-packages/airflow/example_dags/example_branch_python_dop_operator_3.py
[2026-05-29T10:07:41.130+0200] {logging_mixin.py:151} INFO - [2026-05-29T10:07:41.130+0200] {dag.py:2915} INFO - Sync 1 DAGs
[2026-05-29T10:07:41.153+0200] {logging_mixin.py:151} INFO - [2026-05-29T10:07:41.153+0200] {dag.py:3696} INFO - Setting next_dagrun for example_branch_dop_operator_v3 to 2026-05-29T08:06:00+00:00, run_after=2026-05-29T08:07:00+00:00
[2026-05-29T10:07:41.169+0200] {processor.py:179} INFO - Processing /home/frederic/airflow_venv/lib/python3.10/site-packages/airflow/example_dags/example_branch_python_dop_operator_3.py took 0.066 seconds
[2026-05-29T10:08:28.087+0200] {processor.py:157} INFO - Started process (PID=691762) to work on /home/frederic/airflow_venv/lib/python3.10/site-packages/airflow/example_dags/example_branch_python_dop_operator_3.py
[2026-05-29T10:08:28.088+0200] {processor.py:829} INFO - Processing file /home/frederic/airflow_venv/lib/python3.10/site-packages/airflow/example_dags/example_branch_python_dop_operator_3.py for tasks to queue
[2026-05-29T10:08:28.089+0200] {logging_mixin.py:151} INFO - [2026-05-29T10:08:28.088+0200] {dagbag.py:539} INFO - Filling up the DagBag from /home/frederic/airflow_venv/lib/python3.10/site-packages/airflow/example_dags/example_branch_python_dop_operator_3.py
[2026-05-29T10:08:28.098+0200] {processor.py:839} INFO - DAG(s) dict_keys(['example_branch_dop_operator_v3']) retrieved from /home/frederic/airflow_venv/lib/python3.10/site-packages/airflow/example_dags/example_branch_python_dop_operator_3.py
[2026-05-29T10:08:28.113+0200] {logging_mixin.py:151} INFO - [2026-05-29T10:08:28.113+0200] {dag.py:2915} INFO - Sync 1 DAGs
[2026-05-29T10:08:28.136+0200] {logging_mixin.py:151} INFO - [2026-05-29T10:08:28.136+0200] {dag.py:3696} INFO - Setting next_dagrun for example_branch_dop_operator_v3 to 2026-05-29T08:07:00+00:00, run_after=2026-05-29T08:08:00+00:00
[2026-05-29T10:08:28.153+0200] {processor.py:179} INFO - Processing /home/frederic/airflow_venv/lib/python3.10/site-packages/airflow/example_dags/example_branch_python_dop_operator_3.py took 0.069 seconds
[2026-05-29T10:09:14.973+0200] {processor.py:157} INFO - Started process (PID=692336) to work on /home/frederic/airflow_venv/lib/python3.10/site-packages/airflow/example_dags/example_branch_python_dop_operator_3.py
[2026-05-29T10:09:14.977+0200] {processor.py:829} INFO - Processing file /home/frederic/airflow_venv/lib/python3.10/site-packages/airflow/example_dags/example_branch_python_dop_operator_3.py for tasks to queue
[2026-05-29T10:09:14.978+0200] {logging_mixin.py:151} INFO - [2026-05-29T10:09:14.978+0200] {dagbag.py:539} INFO - Filling up the DagBag from /home/frederic/airflow_venv/lib/python3.10/site-packages/airflow/example_dags/example_branch_python_dop_operator_3.py
[2026-05-29T10:09:14.986+0200] {processor.py:839} INFO - DAG(s) dict_keys(['example_branch_dop_operator_v3']) retrieved from /home/frederic/airflow_venv/lib/python3.10/site-packages/airflow/example_dags/example_branch_python_dop_operator_3.py
[2026-05-29T10:09:15.001+0200] {logging_mixin.py:151} INFO - [2026-05-29T10:09:15.001+0200] {dag.py:2915} INFO - Sync 1 DAGs
[2026-05-29T10:09:15.025+0200] {logging_mixin.py:151} INFO - [2026-05-29T10:09:15.025+0200] {dag.py:3696} INFO - Setting next_dagrun for example_branch_dop_operator_v3 to 2026-05-29T08:08:00+00:00, run_after=2026-05-29T08:09:00+00:00
[2026-05-29T10:09:15.041+0200] {processor.py:179} INFO - Processing /home/frederic/airflow_venv/lib/python3.10/site-packages/airflow/example_dags/example_branch_python_dop_operator_3.py took 0.070 seconds
[2026-05-29T10:10:05.135+0200] {processor.py:157} INFO - Started process (PID=692909) to work on /home/frederic/airflow_venv/lib/python3.10/site-packages/airflow/example_dags/example_branch_python_dop_operator_3.py
[2026-05-29T10:10:05.138+0200] {processor.py:829} INFO - Processing file /home/frederic/airflow_venv/lib/python3.10/site-packages/airflow/example_dags/example_branch_python_dop_operator_3.py for tasks to queue
[2026-05-29T10:10:05.139+0200] {logging_mixin.py:151} INFO - [2026-05-29T10:10:05.139+0200] {dagbag.py:539} INFO - Filling up the DagBag from /home/frederic/airflow_venv/lib/python3.10/site-packages/airflow/example_dags/example_branch_python_dop_operator_3.py
[2026-05-29T10:10:05.147+0200] {processor.py:839} INFO - DAG(s) dict_keys(['example_branch_dop_operator_v3']) retrieved from /home/frederic/airflow_venv/lib/python3.10/site-packages/airflow/example_dags/example_branch_python_dop_operator_3.py
[2026-05-29T10:10:05.160+0200] {logging_mixin.py:151} INFO - [2026-05-29T10:10:05.160+0200] {dag.py:2915} INFO - Sync 1 DAGs
[2026-05-29T10:10:05.183+0200] {logging_mixin.py:151} INFO - [2026-05-29T10:10:05.183+0200] {dag.py:3696} INFO - Setting next_dagrun for example_branch_dop_operator_v3 to 2026-05-29T08:09:00+00:00, run_after=2026-05-29T08:10:00+00:00
[2026-05-29T10:10:05.201+0200] {processor.py:179} INFO - Processing /home/frederic/airflow_venv/lib/python3.10/site-packages/airflow/example_dags/example_branch_python_dop_operator_3.py took 0.068 seconds
[2026-05-29T10:10:50.748+0200] {processor.py:157} INFO - Started process (PID=693845) to work on /home/frederic/airflow_venv/lib/python3.10/site-packages/airflow/example_dags/example_branch_python_dop_operator_3.py
[2026-05-29T10:10:50.749+0200] {processor.py:829} INFO - Processing file /home/frederic/airflow_venv/lib/python3.10/site-packages/airflow/example_dags/example_branch_python_dop_operator_3.py for tasks to queue
[2026-05-29T10:10:50.750+0200] {logging_mixin.py:151} INFO - [2026-05-29T10:10:50.750+0200] {dagbag.py:539} INFO - Filling up the DagBag from /home/frederic/airflow_venv/lib/python3.10/site-packages/airflow/example_dags/example_branch_python_dop_operator_3.py
[2026-05-29T10:10:50.759+0200] {processor.py:839} INFO - DAG(s) dict_keys(['example_branch_dop_operator_v3']) retrieved from /home/frederic/airflow_venv/lib/python3.10/site-packages/airflow/example_dags/example_branch_python_dop_operator_3.py
[2026-05-29T10:10:50.774+0200] {logging_mixin.py:151} INFO - [2026-05-29T10:10:50.774+0200] {dag.py:2915} INFO - Sync 1 DAGs
[2026-05-29T10:10:50.799+0200] {logging_mixin.py:151} INFO - [2026-05-29T10:10:50.799+0200] {dag.py:3696} INFO - Setting next_dagrun for example_branch_dop_operator_v3 to 2026-05-29T08:09:00+00:00, run_after=2026-05-29T08:10:00+00:00
[2026-05-29T10:10:50.817+0200] {processor.py:179} INFO - Processing /home/frederic/airflow_venv/lib/python3.10/site-packages/airflow/example_dags/example_branch_python_dop_operator_3.py took 0.071 seconds
[2026-05-29T10:11:40.435+0200] {processor.py:157} INFO - Started process (PID=694796) to work on /home/frederic/airflow_venv/lib/python3.10/site-packages/airflow/example_dags/example_branch_python_dop_operator_3.py
[2026-05-29T10:11:40.436+0200] {processor.py:829} INFO - Processing file /home/frederic/airflow_venv/lib/python3.10/site-packages/airflow/example_dags/example_branch_python_dop_operator_3.py for tasks to queue
[2026-05-29T10:11:40.438+0200] {logging_mixin.py:151} INFO - [2026-05-29T10:11:40.437+0200] {dagbag.py:539} INFO - Filling up the DagBag from /home/frederic/airflow_venv/lib/python3.10/site-packages/airflow/example_dags/example_branch_python_dop_operator_3.py
[2026-05-29T10:11:40.450+0200] {processor.py:839} INFO - DAG(s) dict_keys(['example_branch_dop_operator_v3']) retrieved from /home/frederic/airflow_venv/lib/python3.10/site-packages/airflow/example_dags/example_branch_python_dop_operator_3.py
[2026-05-29T10:11:40.465+0200] {logging_mixin.py:151} INFO - [2026-05-29T10:11:40.465+0200] {dag.py:2915} INFO - Sync 1 DAGs
[2026-05-29T10:11:40.488+0200] {logging_mixin.py:151} INFO - [2026-05-29T10:11:40.488+0200] {dag.py:3696} INFO - Setting next_dagrun for example_branch_dop_operator_v3 to 2026-05-29T08:10:00+00:00, run_after=2026-05-29T08:11:00+00:00
[2026-05-29T10:11:40.503+0200] {processor.py:179} INFO - Processing /home/frederic/airflow_venv/lib/python3.10/site-packages/airflow/example_dags/example_branch_python_dop_operator_3.py took 0.074 seconds
[2026-05-29T10:12:26.627+0200] {processor.py:157} INFO - Started process (PID=695508) to work on /home/frederic/airflow_venv/lib/python3.10/site-packages/airflow/example_dags/example_branch_python_dop_operator_3.py
[2026-05-29T10:12:26.628+0200] {processor.py:829} INFO - Processing file /home/frederic/airflow_venv/lib/python3.10/site-packages/airflow/example_dags/example_branch_python_dop_operator_3.py for tasks to queue
[2026-05-29T10:12:26.629+0200] {logging_mixin.py:151} INFO - [2026-05-29T10:12:26.629+0200] {dagbag.py:539} INFO - Filling up the DagBag from /home/frederic/airflow_venv/lib/python3.10/site-packages/airflow/example_dags/example_branch_python_dop_operator_3.py
[2026-05-29T10:12:26.636+0200] {processor.py:839} INFO - DAG(s) dict_keys(['example_branch_dop_operator_v3']) retrieved from /home/frederic/airflow_venv/lib/python3.10/site-packages/airflow/example_dags/example_branch_python_dop_operator_3.py
[2026-05-29T10:12:26.649+0200] {logging_mixin.py:151} INFO - [2026-05-29T10:12:26.648+0200] {dag.py:2915} INFO - Sync 1 DAGs
[2026-05-29T10:12:26.668+0200] {logging_mixin.py:151} INFO - [2026-05-29T10:12:26.668+0200] {dag.py:3696} INFO - Setting next_dagrun for example_branch_dop_operator_v3 to 2026-05-29T08:11:00+00:00, run_after=2026-05-29T08:12:00+00:00
[2026-05-29T10:12:26.682+0200] {processor.py:179} INFO - Processing /home/frederic/airflow_venv/lib/python3.10/site-packages/airflow/example_dags/example_branch_python_dop_operator_3.py took 0.057 seconds
[2026-05-29T10:13:17.491+0200] {processor.py:157} INFO - Started process (PID=696087) to work on /home/frederic/airflow_venv/lib/python3.10/site-packages/airflow/example_dags/example_branch_python_dop_operator_3.py
[2026-05-29T10:13:17.492+0200] {processor.py:829} INFO - Processing file /home/frederic/airflow_venv/lib/python3.10/site-packages/airflow/example_dags/example_branch_python_dop_operator_3.py for tasks to queue
[2026-05-29T10:13:17.492+0200] {logging_mixin.py:151} INFO - [2026-05-29T10:13:17.492+0200] {dagbag.py:539} INFO - Filling up the DagBag from /home/frederic/airflow_venv/lib/python3.10/site-packages/airflow/example_dags/example_branch_python_dop_operator_3.py
[2026-05-29T10:13:17.500+0200] {processor.py:839} INFO - DAG(s) dict_keys(['example_branch_dop_operator_v3']) retrieved from /home/frederic/airflow_venv/lib/python3.10/site-packages/airflow/example_dags/example_branch_python_dop_operator_3.py
[2026-05-29T10:13:17.512+0200] {logging_mixin.py:151} INFO - [2026-05-29T10:13:17.511+0200] {dag.py:2915} INFO - Sync 1 DAGs
[2026-05-29T10:13:17.531+0200] {logging_mixin.py:151} INFO - [2026-05-29T10:13:17.531+0200] {dag.py:3696} INFO - Setting next_dagrun for example_branch_dop_operator_v3 to 2026-05-29T08:12:00+00:00, run_after=2026-05-29T08:13:00+00:00
[2026-05-29T10:13:17.545+0200] {processor.py:179} INFO - Processing /home/frederic/airflow_venv/lib/python3.10/site-packages/airflow/example_dags/example_branch_python_dop_operator_3.py took 0.057 seconds
[2026-05-29T10:14:06.732+0200] {processor.py:157} INFO - Started process (PID=696643) to work on /home/frederic/airflow_venv/lib/python3.10/site-packages/airflow/example_dags/example_branch_python_dop_operator_3.py
[2026-05-29T10:14:06.734+0200] {processor.py:829} INFO - Processing file /home/frederic/airflow_venv/lib/python3.10/site-packages/airflow/example_dags/example_branch_python_dop_operator_3.py for tasks to queue
[2026-05-29T10:14:06.735+0200] {logging_mixin.py:151} INFO - [2026-05-29T10:14:06.734+0200] {dagbag.py:539} INFO - Filling up the DagBag from /home/frederic/airflow_venv/lib/python3.10/site-packages/airflow/example_dags/example_branch_python_dop_operator_3.py
[2026-05-29T10:14:06.744+0200] {processor.py:839} INFO - DAG(s) dict_keys(['example_branch_dop_operator_v3']) retrieved from /home/frederic/airflow_venv/lib/python3.10/site-packages/airflow/example_dags/example_branch_python_dop_operator_3.py
[2026-05-29T10:14:06.759+0200] {logging_mixin.py:151} INFO - [2026-05-29T10:14:06.759+0200] {dag.py:2915} INFO - Sync 1 DAGs
[2026-05-29T10:14:06.789+0200] {logging_mixin.py:151} INFO - [2026-05-29T10:14:06.789+0200] {dag.py:3696} INFO - Setting next_dagrun for example_branch_dop_operator_v3 to 2026-05-29T08:13:00+00:00, run_after=2026-05-29T08:14:00+00:00
[2026-05-29T10:14:06.824+0200] {processor.py:179} INFO - Processing /home/frederic/airflow_venv/lib/python3.10/site-packages/airflow/example_dags/example_branch_python_dop_operator_3.py took 0.095 seconds
[2026-05-29T10:14:56.940+0200] {processor.py:157} INFO - Started process (PID=697247) to work on /home/frederic/airflow_venv/lib/python3.10/site-packages/airflow/example_dags/example_branch_python_dop_operator_3.py
[2026-05-29T10:14:56.941+0200] {processor.py:829} INFO - Processing file /home/frederic/airflow_venv/lib/python3.10/site-packages/airflow/example_dags/example_branch_python_dop_operator_3.py for tasks to queue
[2026-05-29T10:14:56.942+0200] {logging_mixin.py:151} INFO - [2026-05-29T10:14:56.942+0200] {dagbag.py:539} INFO - Filling up the DagBag from /home/frederic/airflow_venv/lib/python3.10/site-packages/airflow/example_dags/example_branch_python_dop_operator_3.py
[2026-05-29T10:14:56.950+0200] {processor.py:839} INFO - DAG(s) dict_keys(['example_branch_dop_operator_v3']) retrieved from /home/frederic/airflow_venv/lib/python3.10/site-packages/airflow/example_dags/example_branch_python_dop_operator_3.py
[2026-05-29T10:14:56.965+0200] {logging_mixin.py:151} INFO - [2026-05-29T10:14:56.965+0200] {dag.py:2915} INFO - Sync 1 DAGs
[2026-05-29T10:14:56.988+0200] {logging_mixin.py:151} INFO - [2026-05-29T10:14:56.988+0200] {dag.py:3696} INFO - Setting next_dagrun for example_branch_dop_operator_v3 to 2026-05-29T08:13:00+00:00, run_after=2026-05-29T08:14:00+00:00
[2026-05-29T10:14:57.002+0200] {processor.py:179} INFO - Processing /home/frederic/airflow_venv/lib/python3.10/site-packages/airflow/example_dags/example_branch_python_dop_operator_3.py took 0.065 seconds
[2026-05-29T10:15:44.048+0200] {processor.py:157} INFO - Started process (PID=698017) to work on /home/frederic/airflow_venv/lib/python3.10/site-packages/airflow/example_dags/example_branch_python_dop_operator_3.py
[2026-05-29T10:15:44.049+0200] {processor.py:829} INFO - Processing file /home/frederic/airflow_venv/lib/python3.10/site-packages/airflow/example_dags/example_branch_python_dop_operator_3.py for tasks to queue
[2026-05-29T10:15:44.049+0200] {logging_mixin.py:151} INFO - [2026-05-29T10:15:44.049+0200] {dagbag.py:539} INFO - Filling up the DagBag from /home/frederic/airflow_venv/lib/python3.10/site-packages/airflow/example_dags/example_branch_python_dop_operator_3.py
[2026-05-29T10:15:44.057+0200] {processor.py:839} INFO - DAG(s) dict_keys(['example_branch_dop_operator_v3']) retrieved from /home/frederic/airflow_venv/lib/python3.10/site-packages/airflow/example_dags/example_branch_python_dop_operator_3.py
[2026-05-29T10:15:44.069+0200] {logging_mixin.py:151} INFO - [2026-05-29T10:15:44.069+0200] {dag.py:2915} INFO - Sync 1 DAGs
[2026-05-29T10:15:44.091+0200] {logging_mixin.py:151} INFO - [2026-05-29T10:15:44.090+0200] {dag.py:3696} INFO - Setting next_dagrun for example_branch_dop_operator_v3 to 2026-05-29T08:14:00+00:00, run_after=2026-05-29T08:15:00+00:00
[2026-05-29T10:15:44.105+0200] {processor.py:179} INFO - Processing /home/frederic/airflow_venv/lib/python3.10/site-packages/airflow/example_dags/example_branch_python_dop_operator_3.py took 0.059 seconds
[2026-05-29T10:16:32.913+0200] {processor.py:157} INFO - Started process (PID=698787) to work on /home/frederic/airflow_venv/lib/python3.10/site-packages/airflow/example_dags/example_branch_python_dop_operator_3.py
[2026-05-29T10:16:32.914+0200] {processor.py:829} INFO - Processing file /home/frederic/airflow_venv/lib/python3.10/site-packages/airflow/example_dags/example_branch_python_dop_operator_3.py for tasks to queue
[2026-05-29T10:16:32.914+0200] {logging_mixin.py:151} INFO - [2026-05-29T10:16:32.914+0200] {dagbag.py:539} INFO - Filling up the DagBag from /home/frederic/airflow_venv/lib/python3.10/site-packages/airflow/example_dags/example_branch_python_dop_operator_3.py
[2026-05-29T10:16:32.922+0200] {processor.py:839} INFO - DAG(s) dict_keys(['example_branch_dop_operator_v3']) retrieved from /home/frederic/airflow_venv/lib/python3.10/site-packages/airflow/example_dags/example_branch_python_dop_operator_3.py
[2026-05-29T10:16:32.935+0200] {logging_mixin.py:151} INFO - [2026-05-29T10:16:32.935+0200] {dag.py:2915} INFO - Sync 1 DAGs
[2026-05-29T10:16:32.956+0200] {logging_mixin.py:151} INFO - [2026-05-29T10:16:32.956+0200] {dag.py:3696} INFO - Setting next_dagrun for example_branch_dop_operator_v3 to 2026-05-29T08:15:00+00:00, run_after=2026-05-29T08:16:00+00:00
[2026-05-29T10:16:32.972+0200] {processor.py:179} INFO - Processing /home/frederic/airflow_venv/lib/python3.10/site-packages/airflow/example_dags/example_branch_python_dop_operator_3.py took 0.062 seconds
[2026-05-29T10:17:16.707+0200] {processor.py:157} INFO - Started process (PID=699707) to work on /home/frederic/airflow_venv/lib/python3.10/site-packages/airflow/example_dags/example_branch_python_dop_operator_3.py
[2026-05-29T10:17:16.708+0200] {processor.py:829} INFO - Processing file /home/frederic/airflow_venv/lib/python3.10/site-packages/airflow/example_dags/example_branch_python_dop_operator_3.py for tasks to queue
[2026-05-29T10:17:16.708+0200] {logging_mixin.py:151} INFO - [2026-05-29T10:17:16.708+0200] {dagbag.py:539} INFO - Filling up the DagBag from /home/frederic/airflow_venv/lib/python3.10/site-packages/airflow/example_dags/example_branch_python_dop_operator_3.py
[2026-05-29T10:17:16.715+0200] {processor.py:839} INFO - DAG(s) dict_keys(['example_branch_dop_operator_v3']) retrieved from /home/frederic/airflow_venv/lib/python3.10/site-packages/airflow/example_dags/example_branch_python_dop_operator_3.py
[2026-05-29T10:17:16.727+0200] {logging_mixin.py:151} INFO - [2026-05-29T10:17:16.727+0200] {dag.py:2915} INFO - Sync 1 DAGs
[2026-05-29T10:17:16.747+0200] {logging_mixin.py:151} INFO - [2026-05-29T10:17:16.746+0200] {dag.py:3696} INFO - Setting next_dagrun for example_branch_dop_operator_v3 to 2026-05-29T08:16:00+00:00, run_after=2026-05-29T08:17:00+00:00
[2026-05-29T10:17:16.761+0200] {processor.py:179} INFO - Processing /home/frederic/airflow_venv/lib/python3.10/site-packages/airflow/example_dags/example_branch_python_dop_operator_3.py took 0.057 seconds
[2026-05-29T10:18:04.697+0200] {processor.py:157} INFO - Started process (PID=700606) to work on /home/frederic/airflow_venv/lib/python3.10/site-packages/airflow/example_dags/example_branch_python_dop_operator_3.py
[2026-05-29T10:18:04.698+0200] {processor.py:829} INFO - Processing file /home/frederic/airflow_venv/lib/python3.10/site-packages/airflow/example_dags/example_branch_python_dop_operator_3.py for tasks to queue
[2026-05-29T10:18:04.699+0200] {logging_mixin.py:151} INFO - [2026-05-29T10:18:04.699+0200] {dagbag.py:539} INFO - Filling up the DagBag from /home/frederic/airflow_venv/lib/python3.10/site-packages/airflow/example_dags/example_branch_python_dop_operator_3.py
[2026-05-29T10:18:04.709+0200] {processor.py:839} INFO - DAG(s) dict_keys(['example_branch_dop_operator_v3']) retrieved from /home/frederic/airflow_venv/lib/python3.10/site-packages/airflow/example_dags/example_branch_python_dop_operator_3.py
[2026-05-29T10:18:04.722+0200] {logging_mixin.py:151} INFO - [2026-05-29T10:18:04.722+0200] {dag.py:2915} INFO - Sync 1 DAGs
[2026-05-29T10:18:04.743+0200] {logging_mixin.py:151} INFO - [2026-05-29T10:18:04.743+0200] {dag.py:3696} INFO - Setting next_dagrun for example_branch_dop_operator_v3 to 2026-05-29T08:17:00+00:00, run_after=2026-05-29T08:18:00+00:00
[2026-05-29T10:18:04.761+0200] {processor.py:179} INFO - Processing /home/frederic/airflow_venv/lib/python3.10/site-packages/airflow/example_dags/example_branch_python_dop_operator_3.py took 0.066 seconds
[2026-05-29T10:18:49.517+0200] {processor.py:157} INFO - Started process (PID=701076) to work on /home/frederic/airflow_venv/lib/python3.10/site-packages/airflow/example_dags/example_branch_python_dop_operator_3.py
[2026-05-29T10:18:49.518+0200] {processor.py:829} INFO - Processing file /home/frederic/airflow_venv/lib/python3.10/site-packages/airflow/example_dags/example_branch_python_dop_operator_3.py for tasks to queue
[2026-05-29T10:18:49.519+0200] {logging_mixin.py:151} INFO - [2026-05-29T10:18:49.519+0200] {dagbag.py:539} INFO - Filling up the DagBag from /home/frederic/airflow_venv/lib/python3.10/site-packages/airflow/example_dags/example_branch_python_dop_operator_3.py
[2026-05-29T10:18:49.526+0200] {processor.py:839} INFO - DAG(s) dict_keys(['example_branch_dop_operator_v3']) retrieved from /home/frederic/airflow_venv/lib/python3.10/site-packages/airflow/example_dags/example_branch_python_dop_operator_3.py
[2026-05-29T10:18:49.539+0200] {logging_mixin.py:151} INFO - [2026-05-29T10:18:49.539+0200] {dag.py:2915} INFO - Sync 1 DAGs
[2026-05-29T10:18:49.560+0200] {logging_mixin.py:151} INFO - [2026-05-29T10:18:49.560+0200] {dag.py:3696} INFO - Setting next_dagrun for example_branch_dop_operator_v3 to 2026-05-29T08:17:00+00:00, run_after=2026-05-29T08:18:00+00:00
[2026-05-29T10:18:49.575+0200] {processor.py:179} INFO - Processing /home/frederic/airflow_venv/lib/python3.10/site-packages/airflow/example_dags/example_branch_python_dop_operator_3.py took 0.061 seconds
[2026-05-29T10:19:38.001+0200] {processor.py:157} INFO - Started process (PID=701541) to work on /home/frederic/airflow_venv/lib/python3.10/site-packages/airflow/example_dags/example_branch_python_dop_operator_3.py
[2026-05-29T10:19:38.002+0200] {processor.py:829} INFO - Processing file /home/frederic/airflow_venv/lib/python3.10/site-packages/airflow/example_dags/example_branch_python_dop_operator_3.py for tasks to queue
[2026-05-29T10:19:38.002+0200] {logging_mixin.py:151} INFO - [2026-05-29T10:19:38.002+0200] {dagbag.py:539} INFO - Filling up the DagBag from /home/frederic/airflow_venv/lib/python3.10/site-packages/airflow/example_dags/example_branch_python_dop_operator_3.py
[2026-05-29T10:19:38.009+0200] {processor.py:839} INFO - DAG(s) dict_keys(['example_branch_dop_operator_v3']) retrieved from /home/frederic/airflow_venv/lib/python3.10/site-packages/airflow/example_dags/example_branch_python_dop_operator_3.py
[2026-05-29T10:19:38.023+0200] {logging_mixin.py:151} INFO - [2026-05-29T10:19:38.023+0200] {dag.py:2915} INFO - Sync 1 DAGs
[2026-05-29T10:19:38.043+0200] {logging_mixin.py:151} INFO - [2026-05-29T10:19:38.043+0200] {dag.py:3696} INFO - Setting next_dagrun for example_branch_dop_operator_v3 to 2026-05-29T08:18:00+00:00, run_after=2026-05-29T08:19:00+00:00
[2026-05-29T10:19:38.057+0200] {processor.py:179} INFO - Processing /home/frederic/airflow_venv/lib/python3.10/site-packages/airflow/example_dags/example_branch_python_dop_operator_3.py took 0.059 seconds
[2026-05-29T10:20:26.377+0200] {processor.py:157} INFO - Started process (PID=702213) to work on /home/frederic/airflow_venv/lib/python3.10/site-packages/airflow/example_dags/example_branch_python_dop_operator_3.py
[2026-05-29T10:20:26.378+0200] {processor.py:829} INFO - Processing file /home/frederic/airflow_venv/lib/python3.10/site-packages/airflow/example_dags/example_branch_python_dop_operator_3.py for tasks to queue
[2026-05-29T10:20:26.379+0200] {logging_mixin.py:151} INFO - [2026-05-29T10:20:26.378+0200] {dagbag.py:539} INFO - Filling up the DagBag from /home/frederic/airflow_venv/lib/python3.10/site-packages/airflow/example_dags/example_branch_python_dop_operator_3.py
[2026-05-29T10:20:26.385+0200] {processor.py:839} INFO - DAG(s) dict_keys(['example_branch_dop_operator_v3']) retrieved from /home/frederic/airflow_venv/lib/python3.10/site-packages/airflow/example_dags/example_branch_python_dop_operator_3.py
[2026-05-29T10:20:26.397+0200] {logging_mixin.py:151} INFO - [2026-05-29T10:20:26.397+0200] {dag.py:2915} INFO - Sync 1 DAGs
[2026-05-29T10:20:26.416+0200] {logging_mixin.py:151} INFO - [2026-05-29T10:20:26.416+0200] {dag.py:3696} INFO - Setting next_dagrun for example_branch_dop_operator_v3 to 2026-05-29T08:19:00+00:00, run_after=2026-05-29T08:20:00+00:00
[2026-05-29T10:20:26.437+0200] {processor.py:179} INFO - Processing /home/frederic/airflow_venv/lib/python3.10/site-packages/airflow/example_dags/example_branch_python_dop_operator_3.py took 0.062 seconds
[2026-05-29T10:21:17.053+0200] {processor.py:157} INFO - Started process (PID=702701) to work on /home/frederic/airflow_venv/lib/python3.10/site-packages/airflow/example_dags/example_branch_python_dop_operator_3.py
[2026-05-29T10:21:17.054+0200] {processor.py:829} INFO - Processing file /home/frederic/airflow_venv/lib/python3.10/site-packages/airflow/example_dags/example_branch_python_dop_operator_3.py for tasks to queue
[2026-05-29T10:21:17.054+0200] {logging_mixin.py:151} INFO - [2026-05-29T10:21:17.054+0200] {dagbag.py:539} INFO - Filling up the DagBag from /home/frederic/airflow_venv/lib/python3.10/site-packages/airflow/example_dags/example_branch_python_dop_operator_3.py
[2026-05-29T10:21:17.062+0200] {processor.py:839} INFO - DAG(s) dict_keys(['example_branch_dop_operator_v3']) retrieved from /home/frederic/airflow_venv/lib/python3.10/site-packages/airflow/example_dags/example_branch_python_dop_operator_3.py
[2026-05-29T10:21:17.076+0200] {logging_mixin.py:151} INFO - [2026-05-29T10:21:17.076+0200] {dag.py:2915} INFO - Sync 1 DAGs
[2026-05-29T10:21:17.100+0200] {logging_mixin.py:151} INFO - [2026-05-29T10:21:17.100+0200] {dag.py:3696} INFO - Setting next_dagrun for example_branch_dop_operator_v3 to 2026-05-29T08:20:00+00:00, run_after=2026-05-29T08:21:00+00:00
[2026-05-29T10:21:17.121+0200] {processor.py:179} INFO - Processing /home/frederic/airflow_venv/lib/python3.10/site-packages/airflow/example_dags/example_branch_python_dop_operator_3.py took 0.071 seconds
[2026-05-29T10:22:03.619+0200] {processor.py:157} INFO - Started process (PID=703180) to work on /home/frederic/airflow_venv/lib/python3.10/site-packages/airflow/example_dags/example_branch_python_dop_operator_3.py
[2026-05-29T10:22:03.620+0200] {processor.py:829} INFO - Processing file /home/frederic/airflow_venv/lib/python3.10/site-packages/airflow/example_dags/example_branch_python_dop_operator_3.py for tasks to queue
[2026-05-29T10:22:03.621+0200] {logging_mixin.py:151} INFO - [2026-05-29T10:22:03.621+0200] {dagbag.py:539} INFO - Filling up the DagBag from /home/frederic/airflow_venv/lib/python3.10/site-packages/airflow/example_dags/example_branch_python_dop_operator_3.py
[2026-05-29T10:22:03.628+0200] {processor.py:839} INFO - DAG(s) dict_keys(['example_branch_dop_operator_v3']) retrieved from /home/frederic/airflow_venv/lib/python3.10/site-packages/airflow/example_dags/example_branch_python_dop_operator_3.py
[2026-05-29T10:22:03.640+0200] {logging_mixin.py:151} INFO - [2026-05-29T10:22:03.640+0200] {dag.py:2915} INFO - Sync 1 DAGs
[2026-05-29T10:22:03.660+0200] {logging_mixin.py:151} INFO - [2026-05-29T10:22:03.660+0200] {dag.py:3696} INFO - Setting next_dagrun for example_branch_dop_operator_v3 to 2026-05-29T08:21:00+00:00, run_after=2026-05-29T08:22:00+00:00
[2026-05-29T10:22:03.674+0200] {processor.py:179} INFO - Processing /home/frederic/airflow_venv/lib/python3.10/site-packages/airflow/example_dags/example_branch_python_dop_operator_3.py took 0.057 seconds
[2026-05-29T10:22:53.381+0200] {processor.py:157} INFO - Started process (PID=703679) to work on /home/frederic/airflow_venv/lib/python3.10/site-packages/airflow/example_dags/example_branch_python_dop_operator_3.py
[2026-05-29T10:22:53.382+0200] {processor.py:829} INFO - Processing file /home/frederic/airflow_venv/lib/python3.10/site-packages/airflow/example_dags/example_branch_python_dop_operator_3.py for tasks to queue
[2026-05-29T10:22:53.383+0200] {logging_mixin.py:151} INFO - [2026-05-29T10:22:53.382+0200] {dagbag.py:539} INFO - Filling up the DagBag from /home/frederic/airflow_venv/lib/python3.10/site-packages/airflow/example_dags/example_branch_python_dop_operator_3.py
[2026-05-29T10:22:53.391+0200] {processor.py:839} INFO - DAG(s) dict_keys(['example_branch_dop_operator_v3']) retrieved from /home/frederic/airflow_venv/lib/python3.10/site-packages/airflow/example_dags/example_branch_python_dop_operator_3.py
[2026-05-29T10:22:53.403+0200] {logging_mixin.py:151} INFO - [2026-05-29T10:22:53.403+0200] {dag.py:2915} INFO - Sync 1 DAGs
[2026-05-29T10:22:53.423+0200] {logging_mixin.py:151} INFO - [2026-05-29T10:22:53.423+0200] {dag.py:3696} INFO - Setting next_dagrun for example_branch_dop_operator_v3 to 2026-05-29T08:21:00+00:00, run_after=2026-05-29T08:22:00+00:00
[2026-05-29T10:22:53.439+0200] {processor.py:179} INFO - Processing /home/frederic/airflow_venv/lib/python3.10/site-packages/airflow/example_dags/example_branch_python_dop_operator_3.py took 0.060 seconds
[2026-05-29T10:23:41.375+0200] {processor.py:157} INFO - Started process (PID=704216) to work on /home/frederic/airflow_venv/lib/python3.10/site-packages/airflow/example_dags/example_branch_python_dop_operator_3.py
[2026-05-29T10:23:41.376+0200] {processor.py:829} INFO - Processing file /home/frederic/airflow_venv/lib/python3.10/site-packages/airflow/example_dags/example_branch_python_dop_operator_3.py for tasks to queue
[2026-05-29T10:23:41.377+0200] {logging_mixin.py:151} INFO - [2026-05-29T10:23:41.377+0200] {dagbag.py:539} INFO - Filling up the DagBag from /home/frederic/airflow_venv/lib/python3.10/site-packages/airflow/example_dags/example_branch_python_dop_operator_3.py
[2026-05-29T10:23:41.384+0200] {processor.py:839} INFO - DAG(s) dict_keys(['example_branch_dop_operator_v3']) retrieved from /home/frederic/airflow_venv/lib/python3.10/site-packages/airflow/example_dags/example_branch_python_dop_operator_3.py
[2026-05-29T10:23:41.398+0200] {logging_mixin.py:151} INFO - [2026-05-29T10:23:41.398+0200] {dag.py:2915} INFO - Sync 1 DAGs
[2026-05-29T10:23:41.419+0200] {logging_mixin.py:151} INFO - [2026-05-29T10:23:41.419+0200] {dag.py:3696} INFO - Setting next_dagrun for example_branch_dop_operator_v3 to 2026-05-29T08:22:00+00:00, run_after=2026-05-29T08:23:00+00:00
[2026-05-29T10:23:41.434+0200] {processor.py:179} INFO - Processing /home/frederic/airflow_venv/lib/python3.10/site-packages/airflow/example_dags/example_branch_python_dop_operator_3.py took 0.061 seconds
[2026-05-29T10:24:32.022+0200] {processor.py:157} INFO - Started process (PID=704739) to work on /home/frederic/airflow_venv/lib/python3.10/site-packages/airflow/example_dags/example_branch_python_dop_operator_3.py
[2026-05-29T10:24:32.023+0200] {processor.py:829} INFO - Processing file /home/frederic/airflow_venv/lib/python3.10/site-packages/airflow/example_dags/example_branch_python_dop_operator_3.py for tasks to queue
[2026-05-29T10:24:32.024+0200] {logging_mixin.py:151} INFO - [2026-05-29T10:24:32.024+0200] {dagbag.py:539} INFO - Filling up the DagBag from /home/frederic/airflow_venv/lib/python3.10/site-packages/airflow/example_dags/example_branch_python_dop_operator_3.py
[2026-05-29T10:24:32.032+0200] {processor.py:839} INFO - DAG(s) dict_keys(['example_branch_dop_operator_v3']) retrieved from /home/frederic/airflow_venv/lib/python3.10/site-packages/airflow/example_dags/example_branch_python_dop_operator_3.py
[2026-05-29T10:24:32.046+0200] {logging_mixin.py:151} INFO - [2026-05-29T10:24:32.046+0200] {dag.py:2915} INFO - Sync 1 DAGs
[2026-05-29T10:24:32.068+0200] {logging_mixin.py:151} INFO - [2026-05-29T10:24:32.068+0200] {dag.py:3696} INFO - Setting next_dagrun for example_branch_dop_operator_v3 to 2026-05-29T08:23:00+00:00, run_after=2026-05-29T08:24:00+00:00
[2026-05-29T10:24:32.085+0200] {processor.py:179} INFO - Processing /home/frederic/airflow_venv/lib/python3.10/site-packages/airflow/example_dags/example_branch_python_dop_operator_3.py took 0.067 seconds
[2026-05-29T10:25:27.288+0200] {processor.py:157} INFO - Started process (PID=705284) to work on /home/frederic/airflow_venv/lib/python3.10/site-packages/airflow/example_dags/example_branch_python_dop_operator_3.py
[2026-05-29T10:25:27.289+0200] {processor.py:829} INFO - Processing file /home/frederic/airflow_venv/lib/python3.10/site-packages/airflow/example_dags/example_branch_python_dop_operator_3.py for tasks to queue
[2026-05-29T10:25:27.289+0200] {logging_mixin.py:151} INFO - [2026-05-29T10:25:27.289+0200] {dagbag.py:539} INFO - Filling up the DagBag from /home/frederic/airflow_venv/lib/python3.10/site-packages/airflow/example_dags/example_branch_python_dop_operator_3.py
[2026-05-29T10:25:27.296+0200] {processor.py:839} INFO - DAG(s) dict_keys(['example_branch_dop_operator_v3']) retrieved from /home/frederic/airflow_venv/lib/python3.10/site-packages/airflow/example_dags/example_branch_python_dop_operator_3.py
[2026-05-29T10:25:27.308+0200] {logging_mixin.py:151} INFO - [2026-05-29T10:25:27.308+0200] {dag.py:2915} INFO - Sync 1 DAGs
[2026-05-29T10:25:27.406+0200] {logging_mixin.py:151} INFO - [2026-05-29T10:25:27.406+0200] {dag.py:3696} INFO - Setting next_dagrun for example_branch_dop_operator_v3 to 2026-05-29T08:24:00+00:00, run_after=2026-05-29T08:25:00+00:00
[2026-05-29T10:25:27.423+0200] {processor.py:179} INFO - Processing /home/frederic/airflow_venv/lib/python3.10/site-packages/airflow/example_dags/example_branch_python_dop_operator_3.py took 0.138 seconds
[2026-05-29T10:26:21.858+0200] {processor.py:157} INFO - Started process (PID=705845) to work on /home/frederic/airflow_venv/lib/python3.10/site-packages/airflow/example_dags/example_branch_python_dop_operator_3.py
[2026-05-29T10:26:21.859+0200] {processor.py:829} INFO - Processing file /home/frederic/airflow_venv/lib/python3.10/site-packages/airflow/example_dags/example_branch_python_dop_operator_3.py for tasks to queue
[2026-05-29T10:26:21.860+0200] {logging_mixin.py:151} INFO - [2026-05-29T10:26:21.860+0200] {dagbag.py:539} INFO - Filling up the DagBag from /home/frederic/airflow_venv/lib/python3.10/site-packages/airflow/example_dags/example_branch_python_dop_operator_3.py
[2026-05-29T10:26:21.868+0200] {processor.py:839} INFO - DAG(s) dict_keys(['example_branch_dop_operator_v3']) retrieved from /home/frederic/airflow_venv/lib/python3.10/site-packages/airflow/example_dags/example_branch_python_dop_operator_3.py
[2026-05-29T10:26:21.885+0200] {logging_mixin.py:151} INFO - [2026-05-29T10:26:21.885+0200] {dag.py:2915} INFO - Sync 1 DAGs
[2026-05-29T10:26:21.909+0200] {logging_mixin.py:151} INFO - [2026-05-29T10:26:21.908+0200] {dag.py:3696} INFO - Setting next_dagrun for example_branch_dop_operator_v3 to 2026-05-29T08:25:00+00:00, run_after=2026-05-29T08:26:00+00:00
[2026-05-29T10:26:22.011+0200] {processor.py:179} INFO - Processing /home/frederic/airflow_venv/lib/python3.10/site-packages/airflow/example_dags/example_branch_python_dop_operator_3.py took 0.157 seconds
[2026-05-29T10:27:12.938+0200] {processor.py:157} INFO - Started process (PID=706344) to work on /home/frederic/airflow_venv/lib/python3.10/site-packages/airflow/example_dags/example_branch_python_dop_operator_3.py
[2026-05-29T10:27:12.939+0200] {processor.py:829} INFO - Processing file /home/frederic/airflow_venv/lib/python3.10/site-packages/airflow/example_dags/example_branch_python_dop_operator_3.py for tasks to queue
[2026-05-29T10:27:12.940+0200] {logging_mixin.py:151} INFO - [2026-05-29T10:27:12.940+0200] {dagbag.py:539} INFO - Filling up the DagBag from /home/frederic/airflow_venv/lib/python3.10/site-packages/airflow/example_dags/example_branch_python_dop_operator_3.py
[2026-05-29T10:27:12.948+0200] {processor.py:839} INFO - DAG(s) dict_keys(['example_branch_dop_operator_v3']) retrieved from /home/frederic/airflow_venv/lib/python3.10/site-packages/airflow/example_dags/example_branch_python_dop_operator_3.py
[2026-05-29T10:27:12.964+0200] {logging_mixin.py:151} INFO - [2026-05-29T10:27:12.963+0200] {dag.py:2915} INFO - Sync 1 DAGs
[2026-05-29T10:27:12.985+0200] {logging_mixin.py:151} INFO - [2026-05-29T10:27:12.984+0200] {dag.py:3696} INFO - Setting next_dagrun for example_branch_dop_operator_v3 to 2026-05-29T08:26:00+00:00, run_after=2026-05-29T08:27:00+00:00
[2026-05-29T10:27:12.999+0200] {processor.py:179} INFO - Processing /home/frederic/airflow_venv/lib/python3.10/site-packages/airflow/example_dags/example_branch_python_dop_operator_3.py took 0.064 seconds
[2026-05-29T10:27:59.574+0200] {processor.py:157} INFO - Started process (PID=706770) to work on /home/frederic/airflow_venv/lib/python3.10/site-packages/airflow/example_dags/example_branch_python_dop_operator_3.py
[2026-05-29T10:27:59.575+0200] {processor.py:829} INFO - Processing file /home/frederic/airflow_venv/lib/python3.10/site-packages/airflow/example_dags/example_branch_python_dop_operator_3.py for tasks to queue
[2026-05-29T10:27:59.576+0200] {logging_mixin.py:151} INFO - [2026-05-29T10:27:59.576+0200] {dagbag.py:539} INFO - Filling up the DagBag from /home/frederic/airflow_venv/lib/python3.10/site-packages/airflow/example_dags/example_branch_python_dop_operator_3.py
[2026-05-29T10:27:59.583+0200] {processor.py:839} INFO - DAG(s) dict_keys(['example_branch_dop_operator_v3']) retrieved from /home/frederic/airflow_venv/lib/python3.10/site-packages/airflow/example_dags/example_branch_python_dop_operator_3.py
[2026-05-29T10:27:59.596+0200] {logging_mixin.py:151} INFO - [2026-05-29T10:27:59.596+0200] {dag.py:2915} INFO - Sync 1 DAGs
[2026-05-29T10:27:59.619+0200] {logging_mixin.py:151} INFO - [2026-05-29T10:27:59.619+0200] {dag.py:3696} INFO - Setting next_dagrun for example_branch_dop_operator_v3 to 2026-05-29T08:26:00+00:00, run_after=2026-05-29T08:27:00+00:00
[2026-05-29T10:27:59.634+0200] {processor.py:179} INFO - Processing /home/frederic/airflow_venv/lib/python3.10/site-packages/airflow/example_dags/example_branch_python_dop_operator_3.py took 0.062 seconds
[2026-05-29T10:28:56.595+0200] {processor.py:157} INFO - Started process (PID=707560) to work on /home/frederic/airflow_venv/lib/python3.10/site-packages/airflow/example_dags/example_branch_python_dop_operator_3.py
[2026-05-29T10:28:56.596+0200] {processor.py:829} INFO - Processing file /home/frederic/airflow_venv/lib/python3.10/site-packages/airflow/example_dags/example_branch_python_dop_operator_3.py for tasks to queue
[2026-05-29T10:28:56.597+0200] {logging_mixin.py:151} INFO - [2026-05-29T10:28:56.597+0200] {dagbag.py:539} INFO - Filling up the DagBag from /home/frederic/airflow_venv/lib/python3.10/site-packages/airflow/example_dags/example_branch_python_dop_operator_3.py
[2026-05-29T10:28:56.606+0200] {processor.py:839} INFO - DAG(s) dict_keys(['example_branch_dop_operator_v3']) retrieved from /home/frederic/airflow_venv/lib/python3.10/site-packages/airflow/example_dags/example_branch_python_dop_operator_3.py
[2026-05-29T10:28:56.623+0200] {logging_mixin.py:151} INFO - [2026-05-29T10:28:56.623+0200] {dag.py:2915} INFO - Sync 1 DAGs
[2026-05-29T10:28:56.646+0200] {logging_mixin.py:151} INFO - [2026-05-29T10:28:56.645+0200] {dag.py:3696} INFO - Setting next_dagrun for example_branch_dop_operator_v3 to 2026-05-29T08:27:00+00:00, run_after=2026-05-29T08:28:00+00:00
[2026-05-29T10:28:56.662+0200] {processor.py:179} INFO - Processing /home/frederic/airflow_venv/lib/python3.10/site-packages/airflow/example_dags/example_branch_python_dop_operator_3.py took 0.069 seconds
[2026-05-29T10:29:42.902+0200] {processor.py:157} INFO - Started process (PID=708096) to work on /home/frederic/airflow_venv/lib/python3.10/site-packages/airflow/example_dags/example_branch_python_dop_operator_3.py
[2026-05-29T10:29:42.903+0200] {processor.py:829} INFO - Processing file /home/frederic/airflow_venv/lib/python3.10/site-packages/airflow/example_dags/example_branch_python_dop_operator_3.py for tasks to queue
[2026-05-29T10:29:42.904+0200] {logging_mixin.py:151} INFO - [2026-05-29T10:29:42.904+0200] {dagbag.py:539} INFO - Filling up the DagBag from /home/frederic/airflow_venv/lib/python3.10/site-packages/airflow/example_dags/example_branch_python_dop_operator_3.py
[2026-05-29T10:29:42.912+0200] {processor.py:839} INFO - DAG(s) dict_keys(['example_branch_dop_operator_v3']) retrieved from /home/frederic/airflow_venv/lib/python3.10/site-packages/airflow/example_dags/example_branch_python_dop_operator_3.py
[2026-05-29T10:29:42.926+0200] {logging_mixin.py:151} INFO - [2026-05-29T10:29:42.926+0200] {dag.py:2915} INFO - Sync 1 DAGs
[2026-05-29T10:29:42.953+0200] {logging_mixin.py:151} INFO - [2026-05-29T10:29:42.953+0200] {dag.py:3696} INFO - Setting next_dagrun for example_branch_dop_operator_v3 to 2026-05-29T08:28:00+00:00, run_after=2026-05-29T08:29:00+00:00
[2026-05-29T10:29:42.975+0200] {processor.py:179} INFO - Processing /home/frederic/airflow_venv/lib/python3.10/site-packages/airflow/example_dags/example_branch_python_dop_operator_3.py took 0.076 seconds
[2026-05-29T10:30:32.811+0200] {processor.py:157} INFO - Started process (PID=708829) to work on /home/frederic/airflow_venv/lib/python3.10/site-packages/airflow/example_dags/example_branch_python_dop_operator_3.py
[2026-05-29T10:30:32.812+0200] {processor.py:829} INFO - Processing file /home/frederic/airflow_venv/lib/python3.10/site-packages/airflow/example_dags/example_branch_python_dop_operator_3.py for tasks to queue
[2026-05-29T10:30:32.812+0200] {logging_mixin.py:151} INFO - [2026-05-29T10:30:32.812+0200] {dagbag.py:539} INFO - Filling up the DagBag from /home/frederic/airflow_venv/lib/python3.10/site-packages/airflow/example_dags/example_branch_python_dop_operator_3.py
[2026-05-29T10:30:32.819+0200] {processor.py:839} INFO - DAG(s) dict_keys(['example_branch_dop_operator_v3']) retrieved from /home/frederic/airflow_venv/lib/python3.10/site-packages/airflow/example_dags/example_branch_python_dop_operator_3.py
[2026-05-29T10:30:32.831+0200] {logging_mixin.py:151} INFO - [2026-05-29T10:30:32.831+0200] {dag.py:2915} INFO - Sync 1 DAGs
[2026-05-29T10:30:32.852+0200] {logging_mixin.py:151} INFO - [2026-05-29T10:30:32.852+0200] {dag.py:3696} INFO - Setting next_dagrun for example_branch_dop_operator_v3 to 2026-05-29T08:29:00+00:00, run_after=2026-05-29T08:30:00+00:00
[2026-05-29T10:30:32.867+0200] {processor.py:179} INFO - Processing /home/frederic/airflow_venv/lib/python3.10/site-packages/airflow/example_dags/example_branch_python_dop_operator_3.py took 0.059 seconds
[2026-05-29T10:31:17.081+0200] {processor.py:157} INFO - Started process (PID=709321) to work on /home/frederic/airflow_venv/lib/python3.10/site-packages/airflow/example_dags/example_branch_python_dop_operator_3.py
[2026-05-29T10:31:17.082+0200] {processor.py:829} INFO - Processing file /home/frederic/airflow_venv/lib/python3.10/site-packages/airflow/example_dags/example_branch_python_dop_operator_3.py for tasks to queue
[2026-05-29T10:31:17.083+0200] {logging_mixin.py:151} INFO - [2026-05-29T10:31:17.082+0200] {dagbag.py:539} INFO - Filling up the DagBag from /home/frederic/airflow_venv/lib/python3.10/site-packages/airflow/example_dags/example_branch_python_dop_operator_3.py
[2026-05-29T10:31:17.091+0200] {processor.py:839} INFO - DAG(s) dict_keys(['example_branch_dop_operator_v3']) retrieved from /home/frederic/airflow_venv/lib/python3.10/site-packages/airflow/example_dags/example_branch_python_dop_operator_3.py
[2026-05-29T10:31:17.104+0200] {logging_mixin.py:151} INFO - [2026-05-29T10:31:17.104+0200] {dag.py:2915} INFO - Sync 1 DAGs
[2026-05-29T10:31:17.125+0200] {logging_mixin.py:151} INFO - [2026-05-29T10:31:17.125+0200] {dag.py:3696} INFO - Setting next_dagrun for example_branch_dop_operator_v3 to 2026-05-29T08:30:00+00:00, run_after=2026-05-29T08:31:00+00:00
[2026-05-29T10:31:17.140+0200] {processor.py:179} INFO - Processing /home/frederic/airflow_venv/lib/python3.10/site-packages/airflow/example_dags/example_branch_python_dop_operator_3.py took 0.061 seconds
[2026-05-29T10:32:04.861+0200] {processor.py:157} INFO - Started process (PID=709936) to work on /home/frederic/airflow_venv/lib/python3.10/site-packages/airflow/example_dags/example_branch_python_dop_operator_3.py
[2026-05-29T10:32:04.862+0200] {processor.py:829} INFO - Processing file /home/frederic/airflow_venv/lib/python3.10/site-packages/airflow/example_dags/example_branch_python_dop_operator_3.py for tasks to queue
[2026-05-29T10:32:04.863+0200] {logging_mixin.py:151} INFO - [2026-05-29T10:32:04.863+0200] {dagbag.py:539} INFO - Filling up the DagBag from /home/frederic/airflow_venv/lib/python3.10/site-packages/airflow/example_dags/example_branch_python_dop_operator_3.py
[2026-05-29T10:32:04.870+0200] {processor.py:839} INFO - DAG(s) dict_keys(['example_branch_dop_operator_v3']) retrieved from /home/frederic/airflow_venv/lib/python3.10/site-packages/airflow/example_dags/example_branch_python_dop_operator_3.py
[2026-05-29T10:32:04.883+0200] {logging_mixin.py:151} INFO - [2026-05-29T10:32:04.883+0200] {dag.py:2915} INFO - Sync 1 DAGs
[2026-05-29T10:32:04.904+0200] {logging_mixin.py:151} INFO - [2026-05-29T10:32:04.904+0200] {dag.py:3696} INFO - Setting next_dagrun for example_branch_dop_operator_v3 to 2026-05-29T08:31:00+00:00, run_after=2026-05-29T08:32:00+00:00
[2026-05-29T10:32:04.919+0200] {processor.py:179} INFO - Processing /home/frederic/airflow_venv/lib/python3.10/site-packages/airflow/example_dags/example_branch_python_dop_operator_3.py took 0.060 seconds
[2026-05-29T10:32:49.142+0200] {processor.py:157} INFO - Started process (PID=710466) to work on /home/frederic/airflow_venv/lib/python3.10/site-packages/airflow/example_dags/example_branch_python_dop_operator_3.py
[2026-05-29T10:32:49.143+0200] {processor.py:829} INFO - Processing file /home/frederic/airflow_venv/lib/python3.10/site-packages/airflow/example_dags/example_branch_python_dop_operator_3.py for tasks to queue
[2026-05-29T10:32:49.144+0200] {logging_mixin.py:151} INFO - [2026-05-29T10:32:49.144+0200] {dagbag.py:539} INFO - Filling up the DagBag from /home/frederic/airflow_venv/lib/python3.10/site-packages/airflow/example_dags/example_branch_python_dop_operator_3.py
[2026-05-29T10:32:49.151+0200] {processor.py:839} INFO - DAG(s) dict_keys(['example_branch_dop_operator_v3']) retrieved from /home/frederic/airflow_venv/lib/python3.10/site-packages/airflow/example_dags/example_branch_python_dop_operator_3.py
[2026-05-29T10:32:49.163+0200] {logging_mixin.py:151} INFO - [2026-05-29T10:32:49.163+0200] {dag.py:2915} INFO - Sync 1 DAGs
[2026-05-29T10:32:49.184+0200] {logging_mixin.py:151} INFO - [2026-05-29T10:32:49.184+0200] {dag.py:3696} INFO - Setting next_dagrun for example_branch_dop_operator_v3 to 2026-05-29T08:31:00+00:00, run_after=2026-05-29T08:32:00+00:00
[2026-05-29T10:32:49.198+0200] {processor.py:179} INFO - Processing /home/frederic/airflow_venv/lib/python3.10/site-packages/airflow/example_dags/example_branch_python_dop_operator_3.py took 0.058 seconds
[2026-05-29T10:33:38.015+0200] {processor.py:157} INFO - Started process (PID=711238) to work on /home/frederic/airflow_venv/lib/python3.10/site-packages/airflow/example_dags/example_branch_python_dop_operator_3.py
[2026-05-29T10:33:38.016+0200] {processor.py:829} INFO - Processing file /home/frederic/airflow_venv/lib/python3.10/site-packages/airflow/example_dags/example_branch_python_dop_operator_3.py for tasks to queue
[2026-05-29T10:33:38.016+0200] {logging_mixin.py:151} INFO - [2026-05-29T10:33:38.016+0200] {dagbag.py:539} INFO - Filling up the DagBag from /home/frederic/airflow_venv/lib/python3.10/site-packages/airflow/example_dags/example_branch_python_dop_operator_3.py
[2026-05-29T10:33:38.024+0200] {processor.py:839} INFO - DAG(s) dict_keys(['example_branch_dop_operator_v3']) retrieved from /home/frederic/airflow_venv/lib/python3.10/site-packages/airflow/example_dags/example_branch_python_dop_operator_3.py
[2026-05-29T10:33:38.037+0200] {logging_mixin.py:151} INFO - [2026-05-29T10:33:38.037+0200] {dag.py:2915} INFO - Sync 1 DAGs
[2026-05-29T10:33:38.057+0200] {logging_mixin.py:151} INFO - [2026-05-29T10:33:38.057+0200] {dag.py:3696} INFO - Setting next_dagrun for example_branch_dop_operator_v3 to 2026-05-29T08:32:00+00:00, run_after=2026-05-29T08:33:00+00:00
[2026-05-29T10:33:38.075+0200] {processor.py:179} INFO - Processing /home/frederic/airflow_venv/lib/python3.10/site-packages/airflow/example_dags/example_branch_python_dop_operator_3.py took 0.063 seconds
[2026-05-29T10:34:20.118+0200] {processor.py:157} INFO - Started process (PID=711931) to work on /home/frederic/airflow_venv/lib/python3.10/site-packages/airflow/example_dags/example_branch_python_dop_operator_3.py
[2026-05-29T10:34:20.119+0200] {processor.py:829} INFO - Processing file /home/frederic/airflow_venv/lib/python3.10/site-packages/airflow/example_dags/example_branch_python_dop_operator_3.py for tasks to queue
[2026-05-29T10:34:20.119+0200] {logging_mixin.py:151} INFO - [2026-05-29T10:34:20.119+0200] {dagbag.py:539} INFO - Filling up the DagBag from /home/frederic/airflow_venv/lib/python3.10/site-packages/airflow/example_dags/example_branch_python_dop_operator_3.py
[2026-05-29T10:34:20.126+0200] {processor.py:839} INFO - DAG(s) dict_keys(['example_branch_dop_operator_v3']) retrieved from /home/frederic/airflow_venv/lib/python3.10/site-packages/airflow/example_dags/example_branch_python_dop_operator_3.py
[2026-05-29T10:34:20.138+0200] {logging_mixin.py:151} INFO - [2026-05-29T10:34:20.138+0200] {dag.py:2915} INFO - Sync 1 DAGs
[2026-05-29T10:34:20.159+0200] {logging_mixin.py:151} INFO - [2026-05-29T10:34:20.159+0200] {dag.py:3696} INFO - Setting next_dagrun for example_branch_dop_operator_v3 to 2026-05-29T08:33:00+00:00, run_after=2026-05-29T08:34:00+00:00
[2026-05-29T10:34:20.178+0200] {processor.py:179} INFO - Processing /home/frederic/airflow_venv/lib/python3.10/site-packages/airflow/example_dags/example_branch_python_dop_operator_3.py took 0.063 seconds
[2026-05-29T10:35:05.197+0200] {processor.py:157} INFO - Started process (PID=712383) to work on /home/frederic/airflow_venv/lib/python3.10/site-packages/airflow/example_dags/example_branch_python_dop_operator_3.py
[2026-05-29T10:35:05.198+0200] {processor.py:829} INFO - Processing file /home/frederic/airflow_venv/lib/python3.10/site-packages/airflow/example_dags/example_branch_python_dop_operator_3.py for tasks to queue
[2026-05-29T10:35:05.199+0200] {logging_mixin.py:151} INFO - [2026-05-29T10:35:05.199+0200] {dagbag.py:539} INFO - Filling up the DagBag from /home/frederic/airflow_venv/lib/python3.10/site-packages/airflow/example_dags/example_branch_python_dop_operator_3.py
[2026-05-29T10:35:05.207+0200] {processor.py:839} INFO - DAG(s) dict_keys(['example_branch_dop_operator_v3']) retrieved from /home/frederic/airflow_venv/lib/python3.10/site-packages/airflow/example_dags/example_branch_python_dop_operator_3.py
[2026-05-29T10:35:05.220+0200] {logging_mixin.py:151} INFO - [2026-05-29T10:35:05.219+0200] {dag.py:2915} INFO - Sync 1 DAGs
[2026-05-29T10:35:05.240+0200] {logging_mixin.py:151} INFO - [2026-05-29T10:35:05.240+0200] {dag.py:3696} INFO - Setting next_dagrun for example_branch_dop_operator_v3 to 2026-05-29T08:34:00+00:00, run_after=2026-05-29T08:35:00+00:00
[2026-05-29T10:35:05.255+0200] {processor.py:179} INFO - Processing /home/frederic/airflow_venv/lib/python3.10/site-packages/airflow/example_dags/example_branch_python_dop_operator_3.py took 0.061 seconds
[2026-05-29T10:35:55.918+0200] {processor.py:157} INFO - Started process (PID=712838) to work on /home/frederic/airflow_venv/lib/python3.10/site-packages/airflow/example_dags/example_branch_python_dop_operator_3.py
[2026-05-29T10:35:55.921+0200] {processor.py:829} INFO - Processing file /home/frederic/airflow_venv/lib/python3.10/site-packages/airflow/example_dags/example_branch_python_dop_operator_3.py for tasks to queue
[2026-05-29T10:35:55.922+0200] {logging_mixin.py:151} INFO - [2026-05-29T10:35:55.921+0200] {dagbag.py:539} INFO - Filling up the DagBag from /home/frederic/airflow_venv/lib/python3.10/site-packages/airflow/example_dags/example_branch_python_dop_operator_3.py
[2026-05-29T10:35:55.929+0200] {processor.py:839} INFO - DAG(s) dict_keys(['example_branch_dop_operator_v3']) retrieved from /home/frederic/airflow_venv/lib/python3.10/site-packages/airflow/example_dags/example_branch_python_dop_operator_3.py
[2026-05-29T10:35:55.942+0200] {logging_mixin.py:151} INFO - [2026-05-29T10:35:55.942+0200] {dag.py:2915} INFO - Sync 1 DAGs
[2026-05-29T10:35:55.963+0200] {logging_mixin.py:151} INFO - [2026-05-29T10:35:55.963+0200] {dag.py:3696} INFO - Setting next_dagrun for example_branch_dop_operator_v3 to 2026-05-29T08:34:00+00:00, run_after=2026-05-29T08:35:00+00:00
[2026-05-29T10:35:55.977+0200] {processor.py:179} INFO - Processing /home/frederic/airflow_venv/lib/python3.10/site-packages/airflow/example_dags/example_branch_python_dop_operator_3.py took 0.062 seconds
[2026-05-29T10:36:51.944+0200] {processor.py:157} INFO - Started process (PID=713569) to work on /home/frederic/airflow_venv/lib/python3.10/site-packages/airflow/example_dags/example_branch_python_dop_operator_3.py
[2026-05-29T10:36:51.945+0200] {processor.py:829} INFO - Processing file /home/frederic/airflow_venv/lib/python3.10/site-packages/airflow/example_dags/example_branch_python_dop_operator_3.py for tasks to queue
[2026-05-29T10:36:51.946+0200] {logging_mixin.py:151} INFO - [2026-05-29T10:36:51.946+0200] {dagbag.py:539} INFO - Filling up the DagBag from /home/frederic/airflow_venv/lib/python3.10/site-packages/airflow/example_dags/example_branch_python_dop_operator_3.py
[2026-05-29T10:36:51.954+0200] {processor.py:839} INFO - DAG(s) dict_keys(['example_branch_dop_operator_v3']) retrieved from /home/frederic/airflow_venv/lib/python3.10/site-packages/airflow/example_dags/example_branch_python_dop_operator_3.py
[2026-05-29T10:36:51.966+0200] {logging_mixin.py:151} INFO - [2026-05-29T10:36:51.966+0200] {dag.py:2915} INFO - Sync 1 DAGs
[2026-05-29T10:36:51.988+0200] {logging_mixin.py:151} INFO - [2026-05-29T10:36:51.988+0200] {dag.py:3696} INFO - Setting next_dagrun for example_branch_dop_operator_v3 to 2026-05-29T08:35:00+00:00, run_after=2026-05-29T08:36:00+00:00
[2026-05-29T10:36:52.004+0200] {processor.py:179} INFO - Processing /home/frederic/airflow_venv/lib/python3.10/site-packages/airflow/example_dags/example_branch_python_dop_operator_3.py took 0.062 seconds
[2026-05-29T10:37:41.481+0200] {processor.py:157} INFO - Started process (PID=714296) to work on /home/frederic/airflow_venv/lib/python3.10/site-packages/airflow/example_dags/example_branch_python_dop_operator_3.py
[2026-05-29T10:37:41.482+0200] {processor.py:829} INFO - Processing file /home/frederic/airflow_venv/lib/python3.10/site-packages/airflow/example_dags/example_branch_python_dop_operator_3.py for tasks to queue
[2026-05-29T10:37:41.483+0200] {logging_mixin.py:151} INFO - [2026-05-29T10:37:41.482+0200] {dagbag.py:539} INFO - Filling up the DagBag from /home/frederic/airflow_venv/lib/python3.10/site-packages/airflow/example_dags/example_branch_python_dop_operator_3.py
[2026-05-29T10:37:41.492+0200] {processor.py:839} INFO - DAG(s) dict_keys(['example_branch_dop_operator_v3']) retrieved from /home/frederic/airflow_venv/lib/python3.10/site-packages/airflow/example_dags/example_branch_python_dop_operator_3.py
[2026-05-29T10:37:41.505+0200] {logging_mixin.py:151} INFO - [2026-05-29T10:37:41.505+0200] {dag.py:2915} INFO - Sync 1 DAGs
[2026-05-29T10:37:41.525+0200] {logging_mixin.py:151} INFO - [2026-05-29T10:37:41.525+0200] {dag.py:3696} INFO - Setting next_dagrun for example_branch_dop_operator_v3 to 2026-05-29T08:36:00+00:00, run_after=2026-05-29T08:37:00+00:00
[2026-05-29T10:37:41.543+0200] {processor.py:179} INFO - Processing /home/frederic/airflow_venv/lib/python3.10/site-packages/airflow/example_dags/example_branch_python_dop_operator_3.py took 0.064 seconds
[2026-05-29T10:38:27.584+0200] {processor.py:157} INFO - Started process (PID=714964) to work on /home/frederic/airflow_venv/lib/python3.10/site-packages/airflow/example_dags/example_branch_python_dop_operator_3.py
[2026-05-29T10:38:27.585+0200] {processor.py:829} INFO - Processing file /home/frederic/airflow_venv/lib/python3.10/site-packages/airflow/example_dags/example_branch_python_dop_operator_3.py for tasks to queue
[2026-05-29T10:38:27.586+0200] {logging_mixin.py:151} INFO - [2026-05-29T10:38:27.586+0200] {dagbag.py:539} INFO - Filling up the DagBag from /home/frederic/airflow_venv/lib/python3.10/site-packages/airflow/example_dags/example_branch_python_dop_operator_3.py
[2026-05-29T10:38:27.593+0200] {processor.py:839} INFO - DAG(s) dict_keys(['example_branch_dop_operator_v3']) retrieved from /home/frederic/airflow_venv/lib/python3.10/site-packages/airflow/example_dags/example_branch_python_dop_operator_3.py
[2026-05-29T10:38:27.605+0200] {logging_mixin.py:151} INFO - [2026-05-29T10:38:27.605+0200] {dag.py:2915} INFO - Sync 1 DAGs
[2026-05-29T10:38:27.624+0200] {logging_mixin.py:151} INFO - [2026-05-29T10:38:27.624+0200] {dag.py:3696} INFO - Setting next_dagrun for example_branch_dop_operator_v3 to 2026-05-29T08:37:00+00:00, run_after=2026-05-29T08:38:00+00:00
[2026-05-29T10:38:27.641+0200] {processor.py:179} INFO - Processing /home/frederic/airflow_venv/lib/python3.10/site-packages/airflow/example_dags/example_branch_python_dop_operator_3.py took 0.059 seconds
[2026-05-29T10:39:11.208+0200] {processor.py:157} INFO - Started process (PID=715662) to work on /home/frederic/airflow_venv/lib/python3.10/site-packages/airflow/example_dags/example_branch_python_dop_operator_3.py
[2026-05-29T10:39:11.209+0200] {processor.py:829} INFO - Processing file /home/frederic/airflow_venv/lib/python3.10/site-packages/airflow/example_dags/example_branch_python_dop_operator_3.py for tasks to queue
[2026-05-29T10:39:11.210+0200] {logging_mixin.py:151} INFO - [2026-05-29T10:39:11.209+0200] {dagbag.py:539} INFO - Filling up the DagBag from /home/frederic/airflow_venv/lib/python3.10/site-packages/airflow/example_dags/example_branch_python_dop_operator_3.py
[2026-05-29T10:39:11.220+0200] {processor.py:839} INFO - DAG(s) dict_keys(['example_branch_dop_operator_v3']) retrieved from /home/frederic/airflow_venv/lib/python3.10/site-packages/airflow/example_dags/example_branch_python_dop_operator_3.py
[2026-05-29T10:39:11.239+0200] {logging_mixin.py:151} INFO - [2026-05-29T10:39:11.239+0200] {dag.py:2915} INFO - Sync 1 DAGs
[2026-05-29T10:39:11.269+0200] {logging_mixin.py:151} INFO - [2026-05-29T10:39:11.269+0200] {dag.py:3696} INFO - Setting next_dagrun for example_branch_dop_operator_v3 to 2026-05-29T08:38:00+00:00, run_after=2026-05-29T08:39:00+00:00
[2026-05-29T10:39:11.293+0200] {processor.py:179} INFO - Processing /home/frederic/airflow_venv/lib/python3.10/site-packages/airflow/example_dags/example_branch_python_dop_operator_3.py took 0.090 seconds
[2026-05-29T10:39:58.057+0200] {processor.py:157} INFO - Started process (PID=716274) to work on /home/frederic/airflow_venv/lib/python3.10/site-packages/airflow/example_dags/example_branch_python_dop_operator_3.py
[2026-05-29T10:39:58.058+0200] {processor.py:829} INFO - Processing file /home/frederic/airflow_venv/lib/python3.10/site-packages/airflow/example_dags/example_branch_python_dop_operator_3.py for tasks to queue
[2026-05-29T10:39:58.059+0200] {logging_mixin.py:151} INFO - [2026-05-29T10:39:58.059+0200] {dagbag.py:539} INFO - Filling up the DagBag from /home/frederic/airflow_venv/lib/python3.10/site-packages/airflow/example_dags/example_branch_python_dop_operator_3.py
[2026-05-29T10:39:58.066+0200] {processor.py:839} INFO - DAG(s) dict_keys(['example_branch_dop_operator_v3']) retrieved from /home/frederic/airflow_venv/lib/python3.10/site-packages/airflow/example_dags/example_branch_python_dop_operator_3.py
[2026-05-29T10:39:58.078+0200] {logging_mixin.py:151} INFO - [2026-05-29T10:39:58.078+0200] {dag.py:2915} INFO - Sync 1 DAGs
[2026-05-29T10:39:58.098+0200] {logging_mixin.py:151} INFO - [2026-05-29T10:39:58.098+0200] {dag.py:3696} INFO - Setting next_dagrun for example_branch_dop_operator_v3 to 2026-05-29T08:38:00+00:00, run_after=2026-05-29T08:39:00+00:00
[2026-05-29T10:39:58.113+0200] {processor.py:179} INFO - Processing /home/frederic/airflow_venv/lib/python3.10/site-packages/airflow/example_dags/example_branch_python_dop_operator_3.py took 0.058 seconds
[2026-05-29T10:40:42.446+0200] {processor.py:157} INFO - Started process (PID=716740) to work on /home/frederic/airflow_venv/lib/python3.10/site-packages/airflow/example_dags/example_branch_python_dop_operator_3.py
[2026-05-29T10:40:42.447+0200] {processor.py:829} INFO - Processing file /home/frederic/airflow_venv/lib/python3.10/site-packages/airflow/example_dags/example_branch_python_dop_operator_3.py for tasks to queue
[2026-05-29T10:40:42.448+0200] {logging_mixin.py:151} INFO - [2026-05-29T10:40:42.448+0200] {dagbag.py:539} INFO - Filling up the DagBag from /home/frederic/airflow_venv/lib/python3.10/site-packages/airflow/example_dags/example_branch_python_dop_operator_3.py
[2026-05-29T10:40:42.456+0200] {processor.py:839} INFO - DAG(s) dict_keys(['example_branch_dop_operator_v3']) retrieved from /home/frederic/airflow_venv/lib/python3.10/site-packages/airflow/example_dags/example_branch_python_dop_operator_3.py
[2026-05-29T10:40:42.468+0200] {logging_mixin.py:151} INFO - [2026-05-29T10:40:42.468+0200] {dag.py:2915} INFO - Sync 1 DAGs
[2026-05-29T10:40:42.488+0200] {logging_mixin.py:151} INFO - [2026-05-29T10:40:42.488+0200] {dag.py:3696} INFO - Setting next_dagrun for example_branch_dop_operator_v3 to 2026-05-29T08:39:00+00:00, run_after=2026-05-29T08:40:00+00:00
[2026-05-29T10:40:42.505+0200] {processor.py:179} INFO - Processing /home/frederic/airflow_venv/lib/python3.10/site-packages/airflow/example_dags/example_branch_python_dop_operator_3.py took 0.061 seconds
[2026-05-29T10:41:28.988+0200] {processor.py:157} INFO - Started process (PID=717272) to work on /home/frederic/airflow_venv/lib/python3.10/site-packages/airflow/example_dags/example_branch_python_dop_operator_3.py
[2026-05-29T10:41:28.989+0200] {processor.py:829} INFO - Processing file /home/frederic/airflow_venv/lib/python3.10/site-packages/airflow/example_dags/example_branch_python_dop_operator_3.py for tasks to queue
[2026-05-29T10:41:28.990+0200] {logging_mixin.py:151} INFO - [2026-05-29T10:41:28.989+0200] {dagbag.py:539} INFO - Filling up the DagBag from /home/frederic/airflow_venv/lib/python3.10/site-packages/airflow/example_dags/example_branch_python_dop_operator_3.py
[2026-05-29T10:41:28.998+0200] {processor.py:839} INFO - DAG(s) dict_keys(['example_branch_dop_operator_v3']) retrieved from /home/frederic/airflow_venv/lib/python3.10/site-packages/airflow/example_dags/example_branch_python_dop_operator_3.py
[2026-05-29T10:41:29.013+0200] {logging_mixin.py:151} INFO - [2026-05-29T10:41:29.013+0200] {dag.py:2915} INFO - Sync 1 DAGs
[2026-05-29T10:41:29.036+0200] {logging_mixin.py:151} INFO - [2026-05-29T10:41:29.036+0200] {dag.py:3696} INFO - Setting next_dagrun for example_branch_dop_operator_v3 to 2026-05-29T08:40:00+00:00, run_after=2026-05-29T08:41:00+00:00
[2026-05-29T10:41:29.054+0200] {processor.py:179} INFO - Processing /home/frederic/airflow_venv/lib/python3.10/site-packages/airflow/example_dags/example_branch_python_dop_operator_3.py took 0.069 seconds
[2026-05-29T10:42:15.071+0200] {processor.py:157} INFO - Started process (PID=717732) to work on /home/frederic/airflow_venv/lib/python3.10/site-packages/airflow/example_dags/example_branch_python_dop_operator_3.py
[2026-05-29T10:42:15.072+0200] {processor.py:829} INFO - Processing file /home/frederic/airflow_venv/lib/python3.10/site-packages/airflow/example_dags/example_branch_python_dop_operator_3.py for tasks to queue
[2026-05-29T10:42:15.073+0200] {logging_mixin.py:151} INFO - [2026-05-29T10:42:15.073+0200] {dagbag.py:539} INFO - Filling up the DagBag from /home/frederic/airflow_venv/lib/python3.10/site-packages/airflow/example_dags/example_branch_python_dop_operator_3.py
[2026-05-29T10:42:15.082+0200] {processor.py:839} INFO - DAG(s) dict_keys(['example_branch_dop_operator_v3']) retrieved from /home/frederic/airflow_venv/lib/python3.10/site-packages/airflow/example_dags/example_branch_python_dop_operator_3.py
[2026-05-29T10:42:15.096+0200] {logging_mixin.py:151} INFO - [2026-05-29T10:42:15.096+0200] {dag.py:2915} INFO - Sync 1 DAGs
[2026-05-29T10:42:15.120+0200] {logging_mixin.py:151} INFO - [2026-05-29T10:42:15.120+0200] {dag.py:3696} INFO - Setting next_dagrun for example_branch_dop_operator_v3 to 2026-05-29T08:41:00+00:00, run_after=2026-05-29T08:42:00+00:00
[2026-05-29T10:42:15.138+0200] {processor.py:179} INFO - Processing /home/frederic/airflow_venv/lib/python3.10/site-packages/airflow/example_dags/example_branch_python_dop_operator_3.py took 0.069 seconds
[2026-05-29T10:43:02.328+0200] {processor.py:157} INFO - Started process (PID=718235) to work on /home/frederic/airflow_venv/lib/python3.10/site-packages/airflow/example_dags/example_branch_python_dop_operator_3.py
[2026-05-29T10:43:02.330+0200] {processor.py:829} INFO - Processing file /home/frederic/airflow_venv/lib/python3.10/site-packages/airflow/example_dags/example_branch_python_dop_operator_3.py for tasks to queue
[2026-05-29T10:43:02.330+0200] {logging_mixin.py:151} INFO - [2026-05-29T10:43:02.330+0200] {dagbag.py:539} INFO - Filling up the DagBag from /home/frederic/airflow_venv/lib/python3.10/site-packages/airflow/example_dags/example_branch_python_dop_operator_3.py
[2026-05-29T10:43:02.338+0200] {processor.py:839} INFO - DAG(s) dict_keys(['example_branch_dop_operator_v3']) retrieved from /home/frederic/airflow_venv/lib/python3.10/site-packages/airflow/example_dags/example_branch_python_dop_operator_3.py
[2026-05-29T10:43:02.352+0200] {logging_mixin.py:151} INFO - [2026-05-29T10:43:02.352+0200] {dag.py:2915} INFO - Sync 1 DAGs
[2026-05-29T10:43:02.371+0200] {logging_mixin.py:151} INFO - [2026-05-29T10:43:02.371+0200] {dag.py:3696} INFO - Setting next_dagrun for example_branch_dop_operator_v3 to 2026-05-29T08:42:00+00:00, run_after=2026-05-29T08:43:00+00:00
[2026-05-29T10:43:02.387+0200] {processor.py:179} INFO - Processing /home/frederic/airflow_venv/lib/python3.10/site-packages/airflow/example_dags/example_branch_python_dop_operator_3.py took 0.062 seconds
[2026-05-29T10:43:46.315+0200] {processor.py:157} INFO - Started process (PID=718700) to work on /home/frederic/airflow_venv/lib/python3.10/site-packages/airflow/example_dags/example_branch_python_dop_operator_3.py
[2026-05-29T10:43:46.316+0200] {processor.py:829} INFO - Processing file /home/frederic/airflow_venv/lib/python3.10/site-packages/airflow/example_dags/example_branch_python_dop_operator_3.py for tasks to queue
[2026-05-29T10:43:46.317+0200] {logging_mixin.py:151} INFO - [2026-05-29T10:43:46.317+0200] {dagbag.py:539} INFO - Filling up the DagBag from /home/frederic/airflow_venv/lib/python3.10/site-packages/airflow/example_dags/example_branch_python_dop_operator_3.py
[2026-05-29T10:43:46.324+0200] {processor.py:839} INFO - DAG(s) dict_keys(['example_branch_dop_operator_v3']) retrieved from /home/frederic/airflow_venv/lib/python3.10/site-packages/airflow/example_dags/example_branch_python_dop_operator_3.py
[2026-05-29T10:43:46.338+0200] {logging_mixin.py:151} INFO - [2026-05-29T10:43:46.338+0200] {dag.py:2915} INFO - Sync 1 DAGs
[2026-05-29T10:43:46.362+0200] {logging_mixin.py:151} INFO - [2026-05-29T10:43:46.362+0200] {dag.py:3696} INFO - Setting next_dagrun for example_branch_dop_operator_v3 to 2026-05-29T08:42:00+00:00, run_after=2026-05-29T08:43:00+00:00
[2026-05-29T10:43:46.378+0200] {processor.py:179} INFO - Processing /home/frederic/airflow_venv/lib/python3.10/site-packages/airflow/example_dags/example_branch_python_dop_operator_3.py took 0.066 seconds
[2026-05-29T10:44:32.099+0200] {processor.py:157} INFO - Started process (PID=719257) to work on /home/frederic/airflow_venv/lib/python3.10/site-packages/airflow/example_dags/example_branch_python_dop_operator_3.py
[2026-05-29T10:44:32.100+0200] {processor.py:829} INFO - Processing file /home/frederic/airflow_venv/lib/python3.10/site-packages/airflow/example_dags/example_branch_python_dop_operator_3.py for tasks to queue
[2026-05-29T10:44:32.101+0200] {logging_mixin.py:151} INFO - [2026-05-29T10:44:32.100+0200] {dagbag.py:539} INFO - Filling up the DagBag from /home/frederic/airflow_venv/lib/python3.10/site-packages/airflow/example_dags/example_branch_python_dop_operator_3.py
[2026-05-29T10:44:32.110+0200] {processor.py:839} INFO - DAG(s) dict_keys(['example_branch_dop_operator_v3']) retrieved from /home/frederic/airflow_venv/lib/python3.10/site-packages/airflow/example_dags/example_branch_python_dop_operator_3.py
[2026-05-29T10:44:32.124+0200] {logging_mixin.py:151} INFO - [2026-05-29T10:44:32.124+0200] {dag.py:2915} INFO - Sync 1 DAGs
[2026-05-29T10:44:32.144+0200] {logging_mixin.py:151} INFO - [2026-05-29T10:44:32.144+0200] {dag.py:3696} INFO - Setting next_dagrun for example_branch_dop_operator_v3 to 2026-05-29T08:43:00+00:00, run_after=2026-05-29T08:44:00+00:00
[2026-05-29T10:44:32.161+0200] {processor.py:179} INFO - Processing /home/frederic/airflow_venv/lib/python3.10/site-packages/airflow/example_dags/example_branch_python_dop_operator_3.py took 0.065 seconds
[2026-05-29T10:45:22.198+0200] {processor.py:157} INFO - Started process (PID=720065) to work on /home/frederic/airflow_venv/lib/python3.10/site-packages/airflow/example_dags/example_branch_python_dop_operator_3.py
[2026-05-29T10:45:22.199+0200] {processor.py:829} INFO - Processing file /home/frederic/airflow_venv/lib/python3.10/site-packages/airflow/example_dags/example_branch_python_dop_operator_3.py for tasks to queue
[2026-05-29T10:45:22.200+0200] {logging_mixin.py:151} INFO - [2026-05-29T10:45:22.199+0200] {dagbag.py:539} INFO - Filling up the DagBag from /home/frederic/airflow_venv/lib/python3.10/site-packages/airflow/example_dags/example_branch_python_dop_operator_3.py
[2026-05-29T10:45:22.209+0200] {processor.py:839} INFO - DAG(s) dict_keys(['example_branch_dop_operator_v3']) retrieved from /home/frederic/airflow_venv/lib/python3.10/site-packages/airflow/example_dags/example_branch_python_dop_operator_3.py
[2026-05-29T10:45:22.222+0200] {logging_mixin.py:151} INFO - [2026-05-29T10:45:22.222+0200] {dag.py:2915} INFO - Sync 1 DAGs
[2026-05-29T10:45:22.242+0200] {logging_mixin.py:151} INFO - [2026-05-29T10:45:22.242+0200] {dag.py:3696} INFO - Setting next_dagrun for example_branch_dop_operator_v3 to 2026-05-29T08:44:00+00:00, run_after=2026-05-29T08:45:00+00:00
[2026-05-29T10:45:22.258+0200] {processor.py:179} INFO - Processing /home/frederic/airflow_venv/lib/python3.10/site-packages/airflow/example_dags/example_branch_python_dop_operator_3.py took 0.062 seconds
[2026-05-29T10:46:06.513+0200] {processor.py:157} INFO - Started process (PID=720503) to work on /home/frederic/airflow_venv/lib/python3.10/site-packages/airflow/example_dags/example_branch_python_dop_operator_3.py
[2026-05-29T10:46:06.514+0200] {processor.py:829} INFO - Processing file /home/frederic/airflow_venv/lib/python3.10/site-packages/airflow/example_dags/example_branch_python_dop_operator_3.py for tasks to queue
[2026-05-29T10:46:06.515+0200] {logging_mixin.py:151} INFO - [2026-05-29T10:46:06.514+0200] {dagbag.py:539} INFO - Filling up the DagBag from /home/frederic/airflow_venv/lib/python3.10/site-packages/airflow/example_dags/example_branch_python_dop_operator_3.py
[2026-05-29T10:46:06.523+0200] {processor.py:839} INFO - DAG(s) dict_keys(['example_branch_dop_operator_v3']) retrieved from /home/frederic/airflow_venv/lib/python3.10/site-packages/airflow/example_dags/example_branch_python_dop_operator_3.py
[2026-05-29T10:46:06.537+0200] {logging_mixin.py:151} INFO - [2026-05-29T10:46:06.536+0200] {dag.py:2915} INFO - Sync 1 DAGs
[2026-05-29T10:46:06.570+0200] {logging_mixin.py:151} INFO - [2026-05-29T10:46:06.570+0200] {dag.py:3696} INFO - Setting next_dagrun for example_branch_dop_operator_v3 to 2026-05-29T08:45:00+00:00, run_after=2026-05-29T08:46:00+00:00
[2026-05-29T10:46:06.589+0200] {processor.py:179} INFO - Processing /home/frederic/airflow_venv/lib/python3.10/site-packages/airflow/example_dags/example_branch_python_dop_operator_3.py took 0.078 seconds
[2026-05-29T10:46:56.440+0200] {processor.py:157} INFO - Started process (PID=721062) to work on /home/frederic/airflow_venv/lib/python3.10/site-packages/airflow/example_dags/example_branch_python_dop_operator_3.py
[2026-05-29T10:46:56.441+0200] {processor.py:829} INFO - Processing file /home/frederic/airflow_venv/lib/python3.10/site-packages/airflow/example_dags/example_branch_python_dop_operator_3.py for tasks to queue
[2026-05-29T10:46:56.442+0200] {logging_mixin.py:151} INFO - [2026-05-29T10:46:56.441+0200] {dagbag.py:539} INFO - Filling up the DagBag from /home/frederic/airflow_venv/lib/python3.10/site-packages/airflow/example_dags/example_branch_python_dop_operator_3.py
[2026-05-29T10:46:56.450+0200] {processor.py:839} INFO - DAG(s) dict_keys(['example_branch_dop_operator_v3']) retrieved from /home/frederic/airflow_venv/lib/python3.10/site-packages/airflow/example_dags/example_branch_python_dop_operator_3.py
[2026-05-29T10:46:56.463+0200] {logging_mixin.py:151} INFO - [2026-05-29T10:46:56.463+0200] {dag.py:2915} INFO - Sync 1 DAGs
[2026-05-29T10:46:56.486+0200] {logging_mixin.py:151} INFO - [2026-05-29T10:46:56.486+0200] {dag.py:3696} INFO - Setting next_dagrun for example_branch_dop_operator_v3 to 2026-05-29T08:45:00+00:00, run_after=2026-05-29T08:46:00+00:00
[2026-05-29T10:46:56.501+0200] {processor.py:179} INFO - Processing /home/frederic/airflow_venv/lib/python3.10/site-packages/airflow/example_dags/example_branch_python_dop_operator_3.py took 0.065 seconds
[2026-05-29T10:47:47.656+0200] {processor.py:157} INFO - Started process (PID=722060) to work on /home/frederic/airflow_venv/lib/python3.10/site-packages/airflow/example_dags/example_branch_python_dop_operator_3.py
[2026-05-29T10:47:47.657+0200] {processor.py:829} INFO - Processing file /home/frederic/airflow_venv/lib/python3.10/site-packages/airflow/example_dags/example_branch_python_dop_operator_3.py for tasks to queue
[2026-05-29T10:47:47.658+0200] {logging_mixin.py:151} INFO - [2026-05-29T10:47:47.657+0200] {dagbag.py:539} INFO - Filling up the DagBag from /home/frederic/airflow_venv/lib/python3.10/site-packages/airflow/example_dags/example_branch_python_dop_operator_3.py
[2026-05-29T10:47:47.666+0200] {processor.py:839} INFO - DAG(s) dict_keys(['example_branch_dop_operator_v3']) retrieved from /home/frederic/airflow_venv/lib/python3.10/site-packages/airflow/example_dags/example_branch_python_dop_operator_3.py
[2026-05-29T10:47:47.679+0200] {logging_mixin.py:151} INFO - [2026-05-29T10:47:47.679+0200] {dag.py:2915} INFO - Sync 1 DAGs
[2026-05-29T10:47:47.699+0200] {logging_mixin.py:151} INFO - [2026-05-29T10:47:47.699+0200] {dag.py:3696} INFO - Setting next_dagrun for example_branch_dop_operator_v3 to 2026-05-29T08:46:00+00:00, run_after=2026-05-29T08:47:00+00:00
[2026-05-29T10:47:47.717+0200] {processor.py:179} INFO - Processing /home/frederic/airflow_venv/lib/python3.10/site-packages/airflow/example_dags/example_branch_python_dop_operator_3.py took 0.063 seconds
[2026-05-29T10:48:41.154+0200] {processor.py:157} INFO - Started process (PID=722673) to work on /home/frederic/airflow_venv/lib/python3.10/site-packages/airflow/example_dags/example_branch_python_dop_operator_3.py
[2026-05-29T10:48:41.155+0200] {processor.py:829} INFO - Processing file /home/frederic/airflow_venv/lib/python3.10/site-packages/airflow/example_dags/example_branch_python_dop_operator_3.py for tasks to queue
[2026-05-29T10:48:41.156+0200] {logging_mixin.py:151} INFO - [2026-05-29T10:48:41.155+0200] {dagbag.py:539} INFO - Filling up the DagBag from /home/frederic/airflow_venv/lib/python3.10/site-packages/airflow/example_dags/example_branch_python_dop_operator_3.py
[2026-05-29T10:48:41.165+0200] {processor.py:839} INFO - DAG(s) dict_keys(['example_branch_dop_operator_v3']) retrieved from /home/frederic/airflow_venv/lib/python3.10/site-packages/airflow/example_dags/example_branch_python_dop_operator_3.py
[2026-05-29T10:48:41.178+0200] {logging_mixin.py:151} INFO - [2026-05-29T10:48:41.178+0200] {dag.py:2915} INFO - Sync 1 DAGs
[2026-05-29T10:48:41.201+0200] {logging_mixin.py:151} INFO - [2026-05-29T10:48:41.201+0200] {dag.py:3696} INFO - Setting next_dagrun for example_branch_dop_operator_v3 to 2026-05-29T08:47:00+00:00, run_after=2026-05-29T08:48:00+00:00
[2026-05-29T10:48:41.217+0200] {processor.py:179} INFO - Processing /home/frederic/airflow_venv/lib/python3.10/site-packages/airflow/example_dags/example_branch_python_dop_operator_3.py took 0.067 seconds
[2026-05-29T10:49:30.812+0200] {processor.py:157} INFO - Started process (PID=723239) to work on /home/frederic/airflow_venv/lib/python3.10/site-packages/airflow/example_dags/example_branch_python_dop_operator_3.py
[2026-05-29T10:49:30.813+0200] {processor.py:829} INFO - Processing file /home/frederic/airflow_venv/lib/python3.10/site-packages/airflow/example_dags/example_branch_python_dop_operator_3.py for tasks to queue
[2026-05-29T10:49:30.814+0200] {logging_mixin.py:151} INFO - [2026-05-29T10:49:30.813+0200] {dagbag.py:539} INFO - Filling up the DagBag from /home/frederic/airflow_venv/lib/python3.10/site-packages/airflow/example_dags/example_branch_python_dop_operator_3.py
[2026-05-29T10:49:30.823+0200] {processor.py:839} INFO - DAG(s) dict_keys(['example_branch_dop_operator_v3']) retrieved from /home/frederic/airflow_venv/lib/python3.10/site-packages/airflow/example_dags/example_branch_python_dop_operator_3.py
[2026-05-29T10:49:30.839+0200] {logging_mixin.py:151} INFO - [2026-05-29T10:49:30.838+0200] {dag.py:2915} INFO - Sync 1 DAGs
[2026-05-29T10:49:30.859+0200] {logging_mixin.py:151} INFO - [2026-05-29T10:49:30.859+0200] {dag.py:3696} INFO - Setting next_dagrun for example_branch_dop_operator_v3 to 2026-05-29T08:48:00+00:00, run_after=2026-05-29T08:49:00+00:00
[2026-05-29T10:49:30.874+0200] {processor.py:179} INFO - Processing /home/frederic/airflow_venv/lib/python3.10/site-packages/airflow/example_dags/example_branch_python_dop_operator_3.py took 0.065 seconds
[2026-05-29T10:50:19.188+0200] {processor.py:157} INFO - Started process (PID=723724) to work on /home/frederic/airflow_venv/lib/python3.10/site-packages/airflow/example_dags/example_branch_python_dop_operator_3.py
[2026-05-29T10:50:19.189+0200] {processor.py:829} INFO - Processing file /home/frederic/airflow_venv/lib/python3.10/site-packages/airflow/example_dags/example_branch_python_dop_operator_3.py for tasks to queue
[2026-05-29T10:50:19.191+0200] {logging_mixin.py:151} INFO - [2026-05-29T10:50:19.190+0200] {dagbag.py:539} INFO - Filling up the DagBag from /home/frederic/airflow_venv/lib/python3.10/site-packages/airflow/example_dags/example_branch_python_dop_operator_3.py
[2026-05-29T10:50:19.200+0200] {processor.py:839} INFO - DAG(s) dict_keys(['example_branch_dop_operator_v3']) retrieved from /home/frederic/airflow_venv/lib/python3.10/site-packages/airflow/example_dags/example_branch_python_dop_operator_3.py
[2026-05-29T10:50:19.214+0200] {logging_mixin.py:151} INFO - [2026-05-29T10:50:19.214+0200] {dag.py:2915} INFO - Sync 1 DAGs
[2026-05-29T10:50:19.239+0200] {logging_mixin.py:151} INFO - [2026-05-29T10:50:19.239+0200] {dag.py:3696} INFO - Setting next_dagrun for example_branch_dop_operator_v3 to 2026-05-29T08:49:00+00:00, run_after=2026-05-29T08:50:00+00:00
[2026-05-29T10:50:19.261+0200] {processor.py:179} INFO - Processing /home/frederic/airflow_venv/lib/python3.10/site-packages/airflow/example_dags/example_branch_python_dop_operator_3.py took 0.077 seconds
[2026-05-29T10:51:05.936+0200] {processor.py:157} INFO - Started process (PID=724210) to work on /home/frederic/airflow_venv/lib/python3.10/site-packages/airflow/example_dags/example_branch_python_dop_operator_3.py
[2026-05-29T10:51:05.937+0200] {processor.py:829} INFO - Processing file /home/frederic/airflow_venv/lib/python3.10/site-packages/airflow/example_dags/example_branch_python_dop_operator_3.py for tasks to queue
[2026-05-29T10:51:05.937+0200] {logging_mixin.py:151} INFO - [2026-05-29T10:51:05.937+0200] {dagbag.py:539} INFO - Filling up the DagBag from /home/frederic/airflow_venv/lib/python3.10/site-packages/airflow/example_dags/example_branch_python_dop_operator_3.py
[2026-05-29T10:51:05.947+0200] {processor.py:839} INFO - DAG(s) dict_keys(['example_branch_dop_operator_v3']) retrieved from /home/frederic/airflow_venv/lib/python3.10/site-packages/airflow/example_dags/example_branch_python_dop_operator_3.py
[2026-05-29T10:51:05.962+0200] {logging_mixin.py:151} INFO - [2026-05-29T10:51:05.962+0200] {dag.py:2915} INFO - Sync 1 DAGs
[2026-05-29T10:51:05.986+0200] {logging_mixin.py:151} INFO - [2026-05-29T10:51:05.985+0200] {dag.py:3696} INFO - Setting next_dagrun for example_branch_dop_operator_v3 to 2026-05-29T08:50:00+00:00, run_after=2026-05-29T08:51:00+00:00
[2026-05-29T10:51:06.002+0200] {processor.py:179} INFO - Processing /home/frederic/airflow_venv/lib/python3.10/site-packages/airflow/example_dags/example_branch_python_dop_operator_3.py took 0.069 seconds
