[2026-05-29T02:00:41.898+0200] {processor.py:157} INFO - Started process (PID=634398) to work on /home/frederic/airflow_venv/lib/python3.10/site-packages/airflow/example_dags/example_nested_branch_dag.py
[2026-05-29T02:00:41.899+0200] {processor.py:829} INFO - Processing file /home/frederic/airflow_venv/lib/python3.10/site-packages/airflow/example_dags/example_nested_branch_dag.py for tasks to queue
[2026-05-29T02:00:41.900+0200] {logging_mixin.py:151} INFO - [2026-05-29T02:00:41.900+0200] {dagbag.py:539} INFO - Filling up the DagBag from /home/frederic/airflow_venv/lib/python3.10/site-packages/airflow/example_dags/example_nested_branch_dag.py
[2026-05-29T02:00:41.915+0200] {processor.py:839} INFO - DAG(s) dict_keys(['example_nested_branch_dag']) retrieved from /home/frederic/airflow_venv/lib/python3.10/site-packages/airflow/example_dags/example_nested_branch_dag.py
[2026-05-29T02:00:41.942+0200] {logging_mixin.py:151} INFO - [2026-05-29T02:00:41.942+0200] {dag.py:2915} INFO - Sync 1 DAGs
[2026-05-29T02:00:41.972+0200] {logging_mixin.py:151} INFO - [2026-05-29T02:00:41.972+0200] {dag.py:3696} INFO - Setting next_dagrun for example_nested_branch_dag to 2026-05-28T00:00:00+00:00, run_after=2026-05-29T00:00:00+00:00
[2026-05-29T02:00:41.990+0200] {processor.py:179} INFO - Processing /home/frederic/airflow_venv/lib/python3.10/site-packages/airflow/example_dags/example_nested_branch_dag.py took 0.097 seconds
[2026-05-29T02:00:45.181+0200] {processor.py:157} INFO - Started process (PID=634495) to work on /home/frederic/airflow_venv/lib/python3.10/site-packages/airflow/example_dags/example_nested_branch_dag.py
[2026-05-29T02:00:45.181+0200] {processor.py:829} INFO - Processing file /home/frederic/airflow_venv/lib/python3.10/site-packages/airflow/example_dags/example_nested_branch_dag.py for tasks to queue
[2026-05-29T02:00:45.182+0200] {logging_mixin.py:151} INFO - [2026-05-29T02:00:45.182+0200] {dagbag.py:539} INFO - Filling up the DagBag from /home/frederic/airflow_venv/lib/python3.10/site-packages/airflow/example_dags/example_nested_branch_dag.py
[2026-05-29T02:00:45.193+0200] {processor.py:839} INFO - DAG(s) dict_keys(['example_nested_branch_dag']) retrieved from /home/frederic/airflow_venv/lib/python3.10/site-packages/airflow/example_dags/example_nested_branch_dag.py
[2026-05-29T02:00:45.209+0200] {logging_mixin.py:151} INFO - [2026-05-29T02:00:45.209+0200] {dag.py:2915} INFO - Sync 1 DAGs
[2026-05-29T02:00:45.228+0200] {logging_mixin.py:151} INFO - [2026-05-29T02:00:45.228+0200] {dag.py:3696} INFO - Setting next_dagrun for example_nested_branch_dag to 2026-05-28T00:00:00+00:00, run_after=2026-05-29T00:00:00+00:00
[2026-05-29T02:00:45.251+0200] {processor.py:179} INFO - Processing /home/frederic/airflow_venv/lib/python3.10/site-packages/airflow/example_dags/example_nested_branch_dag.py took 0.073 seconds
[2026-05-29T02:01:27.317+0200] {processor.py:157} INFO - Started process (PID=635643) to work on /home/frederic/airflow_venv/lib/python3.10/site-packages/airflow/example_dags/example_nested_branch_dag.py
[2026-05-29T02:01:27.318+0200] {processor.py:829} INFO - Processing file /home/frederic/airflow_venv/lib/python3.10/site-packages/airflow/example_dags/example_nested_branch_dag.py for tasks to queue
[2026-05-29T02:01:27.319+0200] {logging_mixin.py:151} INFO - [2026-05-29T02:01:27.319+0200] {dagbag.py:539} INFO - Filling up the DagBag from /home/frederic/airflow_venv/lib/python3.10/site-packages/airflow/example_dags/example_nested_branch_dag.py
[2026-05-29T02:01:27.328+0200] {processor.py:839} INFO - DAG(s) dict_keys(['example_nested_branch_dag']) retrieved from /home/frederic/airflow_venv/lib/python3.10/site-packages/airflow/example_dags/example_nested_branch_dag.py
[2026-05-29T02:01:27.343+0200] {logging_mixin.py:151} INFO - [2026-05-29T02:01:27.343+0200] {dag.py:2915} INFO - Sync 1 DAGs
[2026-05-29T02:01:27.368+0200] {logging_mixin.py:151} INFO - [2026-05-29T02:01:27.368+0200] {dag.py:3696} INFO - Setting next_dagrun for example_nested_branch_dag to 2026-05-28T00:00:00+00:00, run_after=2026-05-29T00:00:00+00:00
[2026-05-29T02:01:27.387+0200] {processor.py:179} INFO - Processing /home/frederic/airflow_venv/lib/python3.10/site-packages/airflow/example_dags/example_nested_branch_dag.py took 0.072 seconds
[2026-05-29T02:01:36.500+0200] {processor.py:157} INFO - Started process (PID=635868) to work on /home/frederic/airflow_venv/lib/python3.10/site-packages/airflow/example_dags/example_nested_branch_dag.py
[2026-05-29T02:01:36.500+0200] {processor.py:829} INFO - Processing file /home/frederic/airflow_venv/lib/python3.10/site-packages/airflow/example_dags/example_nested_branch_dag.py for tasks to queue
[2026-05-29T02:01:36.501+0200] {logging_mixin.py:151} INFO - [2026-05-29T02:01:36.501+0200] {dagbag.py:539} INFO - Filling up the DagBag from /home/frederic/airflow_venv/lib/python3.10/site-packages/airflow/example_dags/example_nested_branch_dag.py
[2026-05-29T02:01:36.510+0200] {processor.py:839} INFO - DAG(s) dict_keys(['example_nested_branch_dag']) retrieved from /home/frederic/airflow_venv/lib/python3.10/site-packages/airflow/example_dags/example_nested_branch_dag.py
[2026-05-29T02:01:36.525+0200] {logging_mixin.py:151} INFO - [2026-05-29T02:01:36.525+0200] {dag.py:2915} INFO - Sync 1 DAGs
[2026-05-29T02:01:36.551+0200] {logging_mixin.py:151} INFO - [2026-05-29T02:01:36.551+0200] {dag.py:3696} INFO - Setting next_dagrun for example_nested_branch_dag to 2026-05-28T00:00:00+00:00, run_after=2026-05-29T00:00:00+00:00
[2026-05-29T02:01:36.569+0200] {processor.py:179} INFO - Processing /home/frederic/airflow_venv/lib/python3.10/site-packages/airflow/example_dags/example_nested_branch_dag.py took 0.072 seconds
[2026-05-29T02:02:10.688+0200] {processor.py:157} INFO - Started process (PID=636798) to work on /home/frederic/airflow_venv/lib/python3.10/site-packages/airflow/example_dags/example_nested_branch_dag.py
[2026-05-29T02:02:10.689+0200] {processor.py:829} INFO - Processing file /home/frederic/airflow_venv/lib/python3.10/site-packages/airflow/example_dags/example_nested_branch_dag.py for tasks to queue
[2026-05-29T02:02:10.690+0200] {logging_mixin.py:151} INFO - [2026-05-29T02:02:10.690+0200] {dagbag.py:539} INFO - Filling up the DagBag from /home/frederic/airflow_venv/lib/python3.10/site-packages/airflow/example_dags/example_nested_branch_dag.py
[2026-05-29T02:02:10.698+0200] {processor.py:839} INFO - DAG(s) dict_keys(['example_nested_branch_dag']) retrieved from /home/frederic/airflow_venv/lib/python3.10/site-packages/airflow/example_dags/example_nested_branch_dag.py
[2026-05-29T02:02:10.711+0200] {logging_mixin.py:151} INFO - [2026-05-29T02:02:10.711+0200] {dag.py:2915} INFO - Sync 1 DAGs
[2026-05-29T02:02:10.728+0200] {logging_mixin.py:151} INFO - [2026-05-29T02:02:10.727+0200] {dag.py:3696} INFO - Setting next_dagrun for example_nested_branch_dag to 2026-05-28T00:00:00+00:00, run_after=2026-05-29T00:00:00+00:00
[2026-05-29T02:02:10.741+0200] {processor.py:179} INFO - Processing /home/frederic/airflow_venv/lib/python3.10/site-packages/airflow/example_dags/example_nested_branch_dag.py took 0.055 seconds
[2026-05-29T02:02:29.365+0200] {processor.py:157} INFO - Started process (PID=637497) to work on /home/frederic/airflow_venv/lib/python3.10/site-packages/airflow/example_dags/example_nested_branch_dag.py
[2026-05-29T02:02:29.369+0200] {processor.py:829} INFO - Processing file /home/frederic/airflow_venv/lib/python3.10/site-packages/airflow/example_dags/example_nested_branch_dag.py for tasks to queue
[2026-05-29T02:02:29.370+0200] {logging_mixin.py:151} INFO - [2026-05-29T02:02:29.369+0200] {dagbag.py:539} INFO - Filling up the DagBag from /home/frederic/airflow_venv/lib/python3.10/site-packages/airflow/example_dags/example_nested_branch_dag.py
[2026-05-29T02:02:29.386+0200] {processor.py:839} INFO - DAG(s) dict_keys(['example_nested_branch_dag']) retrieved from /home/frederic/airflow_venv/lib/python3.10/site-packages/airflow/example_dags/example_nested_branch_dag.py
[2026-05-29T02:02:29.406+0200] {logging_mixin.py:151} INFO - [2026-05-29T02:02:29.405+0200] {dag.py:2915} INFO - Sync 1 DAGs
[2026-05-29T02:02:29.431+0200] {logging_mixin.py:151} INFO - [2026-05-29T02:02:29.430+0200] {dag.py:3696} INFO - Setting next_dagrun for example_nested_branch_dag to 2026-05-28T00:00:00+00:00, run_after=2026-05-29T00:00:00+00:00
[2026-05-29T02:02:29.449+0200] {processor.py:179} INFO - Processing /home/frederic/airflow_venv/lib/python3.10/site-packages/airflow/example_dags/example_nested_branch_dag.py took 0.087 seconds
[2026-05-29T02:03:01.489+0200] {processor.py:157} INFO - Started process (PID=638337) to work on /home/frederic/airflow_venv/lib/python3.10/site-packages/airflow/example_dags/example_nested_branch_dag.py
[2026-05-29T02:03:01.490+0200] {processor.py:829} INFO - Processing file /home/frederic/airflow_venv/lib/python3.10/site-packages/airflow/example_dags/example_nested_branch_dag.py for tasks to queue
[2026-05-29T02:03:01.490+0200] {logging_mixin.py:151} INFO - [2026-05-29T02:03:01.490+0200] {dagbag.py:539} INFO - Filling up the DagBag from /home/frederic/airflow_venv/lib/python3.10/site-packages/airflow/example_dags/example_nested_branch_dag.py
[2026-05-29T02:03:01.500+0200] {processor.py:839} INFO - DAG(s) dict_keys(['example_nested_branch_dag']) retrieved from /home/frederic/airflow_venv/lib/python3.10/site-packages/airflow/example_dags/example_nested_branch_dag.py
[2026-05-29T02:03:01.517+0200] {logging_mixin.py:151} INFO - [2026-05-29T02:03:01.517+0200] {dag.py:2915} INFO - Sync 1 DAGs
[2026-05-29T02:03:01.536+0200] {logging_mixin.py:151} INFO - [2026-05-29T02:03:01.536+0200] {dag.py:3696} INFO - Setting next_dagrun for example_nested_branch_dag to 2026-05-28T00:00:00+00:00, run_after=2026-05-29T00:00:00+00:00
[2026-05-29T02:03:01.552+0200] {processor.py:179} INFO - Processing /home/frederic/airflow_venv/lib/python3.10/site-packages/airflow/example_dags/example_nested_branch_dag.py took 0.066 seconds
[2026-05-29T02:03:18.534+0200] {processor.py:157} INFO - Started process (PID=638857) to work on /home/frederic/airflow_venv/lib/python3.10/site-packages/airflow/example_dags/example_nested_branch_dag.py
[2026-05-29T02:03:18.535+0200] {processor.py:829} INFO - Processing file /home/frederic/airflow_venv/lib/python3.10/site-packages/airflow/example_dags/example_nested_branch_dag.py for tasks to queue
[2026-05-29T02:03:18.535+0200] {logging_mixin.py:151} INFO - [2026-05-29T02:03:18.535+0200] {dagbag.py:539} INFO - Filling up the DagBag from /home/frederic/airflow_venv/lib/python3.10/site-packages/airflow/example_dags/example_nested_branch_dag.py
[2026-05-29T02:03:18.545+0200] {processor.py:839} INFO - DAG(s) dict_keys(['example_nested_branch_dag']) retrieved from /home/frederic/airflow_venv/lib/python3.10/site-packages/airflow/example_dags/example_nested_branch_dag.py
[2026-05-29T02:03:18.560+0200] {logging_mixin.py:151} INFO - [2026-05-29T02:03:18.560+0200] {dag.py:2915} INFO - Sync 1 DAGs
[2026-05-29T02:03:18.577+0200] {logging_mixin.py:151} INFO - [2026-05-29T02:03:18.577+0200] {dag.py:3696} INFO - Setting next_dagrun for example_nested_branch_dag to 2026-05-28T00:00:00+00:00, run_after=2026-05-29T00:00:00+00:00
[2026-05-29T02:03:18.597+0200] {processor.py:179} INFO - Processing /home/frederic/airflow_venv/lib/python3.10/site-packages/airflow/example_dags/example_nested_branch_dag.py took 0.066 seconds
[2026-05-29T02:03:49.393+0200] {processor.py:157} INFO - Started process (PID=639849) to work on /home/frederic/airflow_venv/lib/python3.10/site-packages/airflow/example_dags/example_nested_branch_dag.py
[2026-05-29T02:03:49.394+0200] {processor.py:829} INFO - Processing file /home/frederic/airflow_venv/lib/python3.10/site-packages/airflow/example_dags/example_nested_branch_dag.py for tasks to queue
[2026-05-29T02:03:49.395+0200] {logging_mixin.py:151} INFO - [2026-05-29T02:03:49.395+0200] {dagbag.py:539} INFO - Filling up the DagBag from /home/frederic/airflow_venv/lib/python3.10/site-packages/airflow/example_dags/example_nested_branch_dag.py
[2026-05-29T02:03:49.406+0200] {processor.py:839} INFO - DAG(s) dict_keys(['example_nested_branch_dag']) retrieved from /home/frederic/airflow_venv/lib/python3.10/site-packages/airflow/example_dags/example_nested_branch_dag.py
[2026-05-29T02:03:49.425+0200] {logging_mixin.py:151} INFO - [2026-05-29T02:03:49.425+0200] {dag.py:2915} INFO - Sync 1 DAGs
[2026-05-29T02:03:49.444+0200] {logging_mixin.py:151} INFO - [2026-05-29T02:03:49.443+0200] {dag.py:3696} INFO - Setting next_dagrun for example_nested_branch_dag to 2026-05-28T00:00:00+00:00, run_after=2026-05-29T00:00:00+00:00
[2026-05-29T02:03:49.473+0200] {processor.py:179} INFO - Processing /home/frederic/airflow_venv/lib/python3.10/site-packages/airflow/example_dags/example_nested_branch_dag.py took 0.083 seconds
[2026-05-29T09:58:25.541+0200] {processor.py:157} INFO - Started process (PID=681935) to work on /home/frederic/airflow_venv/lib/python3.10/site-packages/airflow/example_dags/example_nested_branch_dag.py
[2026-05-29T09:58:25.545+0200] {processor.py:829} INFO - Processing file /home/frederic/airflow_venv/lib/python3.10/site-packages/airflow/example_dags/example_nested_branch_dag.py for tasks to queue
[2026-05-29T09:58:25.546+0200] {logging_mixin.py:151} INFO - [2026-05-29T09:58:25.545+0200] {dagbag.py:539} INFO - Filling up the DagBag from /home/frederic/airflow_venv/lib/python3.10/site-packages/airflow/example_dags/example_nested_branch_dag.py
[2026-05-29T09:58:25.558+0200] {processor.py:839} INFO - DAG(s) dict_keys(['example_nested_branch_dag']) retrieved from /home/frederic/airflow_venv/lib/python3.10/site-packages/airflow/example_dags/example_nested_branch_dag.py
[2026-05-29T09:58:25.566+0200] {logging_mixin.py:151} INFO - [2026-05-29T09:58:25.566+0200] {dag.py:2915} INFO - Sync 1 DAGs
[2026-05-29T09:58:25.590+0200] {logging_mixin.py:151} INFO - [2026-05-29T09:58:25.590+0200] {dag.py:3696} INFO - Setting next_dagrun for example_nested_branch_dag to 2026-05-28T00:00:00+00:00, run_after=2026-05-29T00:00:00+00:00
[2026-05-29T09:58:25.610+0200] {processor.py:179} INFO - Processing /home/frederic/airflow_venv/lib/python3.10/site-packages/airflow/example_dags/example_nested_branch_dag.py took 0.072 seconds
[2026-05-29T09:59:16.621+0200] {processor.py:157} INFO - Started process (PID=683448) to work on /home/frederic/airflow_venv/lib/python3.10/site-packages/airflow/example_dags/example_nested_branch_dag.py
[2026-05-29T09:59:16.623+0200] {processor.py:829} INFO - Processing file /home/frederic/airflow_venv/lib/python3.10/site-packages/airflow/example_dags/example_nested_branch_dag.py for tasks to queue
[2026-05-29T09:59:16.624+0200] {logging_mixin.py:151} INFO - [2026-05-29T09:59:16.624+0200] {dagbag.py:539} INFO - Filling up the DagBag from /home/frederic/airflow_venv/lib/python3.10/site-packages/airflow/example_dags/example_nested_branch_dag.py
[2026-05-29T09:59:16.635+0200] {processor.py:839} INFO - DAG(s) dict_keys(['example_nested_branch_dag']) retrieved from /home/frederic/airflow_venv/lib/python3.10/site-packages/airflow/example_dags/example_nested_branch_dag.py
[2026-05-29T09:59:16.656+0200] {logging_mixin.py:151} INFO - [2026-05-29T09:59:16.656+0200] {dag.py:2915} INFO - Sync 1 DAGs
[2026-05-29T09:59:16.683+0200] {logging_mixin.py:151} INFO - [2026-05-29T09:59:16.683+0200] {dag.py:3696} INFO - Setting next_dagrun for example_nested_branch_dag to 2026-05-28T00:00:00+00:00, run_after=2026-05-29T00:00:00+00:00
[2026-05-29T09:59:16.708+0200] {processor.py:179} INFO - Processing /home/frederic/airflow_venv/lib/python3.10/site-packages/airflow/example_dags/example_nested_branch_dag.py took 0.089 seconds
[2026-05-29T10:00:08.020+0200] {processor.py:157} INFO - Started process (PID=684131) to work on /home/frederic/airflow_venv/lib/python3.10/site-packages/airflow/example_dags/example_nested_branch_dag.py
[2026-05-29T10:00:08.021+0200] {processor.py:829} INFO - Processing file /home/frederic/airflow_venv/lib/python3.10/site-packages/airflow/example_dags/example_nested_branch_dag.py for tasks to queue
[2026-05-29T10:00:08.023+0200] {logging_mixin.py:151} INFO - [2026-05-29T10:00:08.022+0200] {dagbag.py:539} INFO - Filling up the DagBag from /home/frederic/airflow_venv/lib/python3.10/site-packages/airflow/example_dags/example_nested_branch_dag.py
[2026-05-29T10:00:08.031+0200] {processor.py:839} INFO - DAG(s) dict_keys(['example_nested_branch_dag']) retrieved from /home/frederic/airflow_venv/lib/python3.10/site-packages/airflow/example_dags/example_nested_branch_dag.py
[2026-05-29T10:00:08.050+0200] {logging_mixin.py:151} INFO - [2026-05-29T10:00:08.050+0200] {dag.py:2915} INFO - Sync 1 DAGs
[2026-05-29T10:00:08.068+0200] {logging_mixin.py:151} INFO - [2026-05-29T10:00:08.068+0200] {dag.py:3696} INFO - Setting next_dagrun for example_nested_branch_dag to 2026-05-28T00:00:00+00:00, run_after=2026-05-29T00:00:00+00:00
[2026-05-29T10:00:08.085+0200] {processor.py:179} INFO - Processing /home/frederic/airflow_venv/lib/python3.10/site-packages/airflow/example_dags/example_nested_branch_dag.py took 0.069 seconds
[2026-05-29T10:00:58.980+0200] {processor.py:157} INFO - Started process (PID=684974) to work on /home/frederic/airflow_venv/lib/python3.10/site-packages/airflow/example_dags/example_nested_branch_dag.py
[2026-05-29T10:00:58.981+0200] {processor.py:829} INFO - Processing file /home/frederic/airflow_venv/lib/python3.10/site-packages/airflow/example_dags/example_nested_branch_dag.py for tasks to queue
[2026-05-29T10:00:58.982+0200] {logging_mixin.py:151} INFO - [2026-05-29T10:00:58.982+0200] {dagbag.py:539} INFO - Filling up the DagBag from /home/frederic/airflow_venv/lib/python3.10/site-packages/airflow/example_dags/example_nested_branch_dag.py
[2026-05-29T10:00:58.996+0200] {processor.py:839} INFO - DAG(s) dict_keys(['example_nested_branch_dag']) retrieved from /home/frederic/airflow_venv/lib/python3.10/site-packages/airflow/example_dags/example_nested_branch_dag.py
[2026-05-29T10:00:59.014+0200] {logging_mixin.py:151} INFO - [2026-05-29T10:00:59.014+0200] {dag.py:2915} INFO - Sync 1 DAGs
[2026-05-29T10:00:59.038+0200] {logging_mixin.py:151} INFO - [2026-05-29T10:00:59.038+0200] {dag.py:3696} INFO - Setting next_dagrun for example_nested_branch_dag to 2026-05-28T00:00:00+00:00, run_after=2026-05-29T00:00:00+00:00
[2026-05-29T10:00:59.057+0200] {processor.py:179} INFO - Processing /home/frederic/airflow_venv/lib/python3.10/site-packages/airflow/example_dags/example_nested_branch_dag.py took 0.080 seconds
[2026-05-29T10:01:46.900+0200] {processor.py:157} INFO - Started process (PID=685694) to work on /home/frederic/airflow_venv/lib/python3.10/site-packages/airflow/example_dags/example_nested_branch_dag.py
[2026-05-29T10:01:46.903+0200] {processor.py:829} INFO - Processing file /home/frederic/airflow_venv/lib/python3.10/site-packages/airflow/example_dags/example_nested_branch_dag.py for tasks to queue
[2026-05-29T10:01:46.905+0200] {logging_mixin.py:151} INFO - [2026-05-29T10:01:46.904+0200] {dagbag.py:539} INFO - Filling up the DagBag from /home/frederic/airflow_venv/lib/python3.10/site-packages/airflow/example_dags/example_nested_branch_dag.py
[2026-05-29T10:01:46.915+0200] {processor.py:839} INFO - DAG(s) dict_keys(['example_nested_branch_dag']) retrieved from /home/frederic/airflow_venv/lib/python3.10/site-packages/airflow/example_dags/example_nested_branch_dag.py
[2026-05-29T10:01:46.931+0200] {logging_mixin.py:151} INFO - [2026-05-29T10:01:46.931+0200] {dag.py:2915} INFO - Sync 1 DAGs
[2026-05-29T10:01:46.953+0200] {logging_mixin.py:151} INFO - [2026-05-29T10:01:46.953+0200] {dag.py:3696} INFO - Setting next_dagrun for example_nested_branch_dag to 2026-05-28T00:00:00+00:00, run_after=2026-05-29T00:00:00+00:00
[2026-05-29T10:01:46.973+0200] {processor.py:179} INFO - Processing /home/frederic/airflow_venv/lib/python3.10/site-packages/airflow/example_dags/example_nested_branch_dag.py took 0.076 seconds
[2026-05-29T10:02:33.609+0200] {processor.py:157} INFO - Started process (PID=686212) to work on /home/frederic/airflow_venv/lib/python3.10/site-packages/airflow/example_dags/example_nested_branch_dag.py
[2026-05-29T10:02:33.610+0200] {processor.py:829} INFO - Processing file /home/frederic/airflow_venv/lib/python3.10/site-packages/airflow/example_dags/example_nested_branch_dag.py for tasks to queue
[2026-05-29T10:02:33.611+0200] {logging_mixin.py:151} INFO - [2026-05-29T10:02:33.611+0200] {dagbag.py:539} INFO - Filling up the DagBag from /home/frederic/airflow_venv/lib/python3.10/site-packages/airflow/example_dags/example_nested_branch_dag.py
[2026-05-29T10:02:33.623+0200] {processor.py:839} INFO - DAG(s) dict_keys(['example_nested_branch_dag']) retrieved from /home/frederic/airflow_venv/lib/python3.10/site-packages/airflow/example_dags/example_nested_branch_dag.py
[2026-05-29T10:02:33.643+0200] {logging_mixin.py:151} INFO - [2026-05-29T10:02:33.643+0200] {dag.py:2915} INFO - Sync 1 DAGs
[2026-05-29T10:02:33.664+0200] {logging_mixin.py:151} INFO - [2026-05-29T10:02:33.664+0200] {dag.py:3696} INFO - Setting next_dagrun for example_nested_branch_dag to 2026-05-28T00:00:00+00:00, run_after=2026-05-29T00:00:00+00:00
[2026-05-29T10:02:33.687+0200] {processor.py:179} INFO - Processing /home/frederic/airflow_venv/lib/python3.10/site-packages/airflow/example_dags/example_nested_branch_dag.py took 0.081 seconds
[2026-05-29T10:03:19.989+0200] {processor.py:157} INFO - Started process (PID=686692) to work on /home/frederic/airflow_venv/lib/python3.10/site-packages/airflow/example_dags/example_nested_branch_dag.py
[2026-05-29T10:03:19.992+0200] {processor.py:829} INFO - Processing file /home/frederic/airflow_venv/lib/python3.10/site-packages/airflow/example_dags/example_nested_branch_dag.py for tasks to queue
[2026-05-29T10:03:19.993+0200] {logging_mixin.py:151} INFO - [2026-05-29T10:03:19.993+0200] {dagbag.py:539} INFO - Filling up the DagBag from /home/frederic/airflow_venv/lib/python3.10/site-packages/airflow/example_dags/example_nested_branch_dag.py
[2026-05-29T10:03:20.002+0200] {processor.py:839} INFO - DAG(s) dict_keys(['example_nested_branch_dag']) retrieved from /home/frederic/airflow_venv/lib/python3.10/site-packages/airflow/example_dags/example_nested_branch_dag.py
[2026-05-29T10:03:20.019+0200] {logging_mixin.py:151} INFO - [2026-05-29T10:03:20.019+0200] {dag.py:2915} INFO - Sync 1 DAGs
[2026-05-29T10:03:20.039+0200] {logging_mixin.py:151} INFO - [2026-05-29T10:03:20.039+0200] {dag.py:3696} INFO - Setting next_dagrun for example_nested_branch_dag to 2026-05-28T00:00:00+00:00, run_after=2026-05-29T00:00:00+00:00
[2026-05-29T10:03:20.056+0200] {processor.py:179} INFO - Processing /home/frederic/airflow_venv/lib/python3.10/site-packages/airflow/example_dags/example_nested_branch_dag.py took 0.071 seconds
[2026-05-29T10:04:07.622+0200] {processor.py:157} INFO - Started process (PID=687794) to work on /home/frederic/airflow_venv/lib/python3.10/site-packages/airflow/example_dags/example_nested_branch_dag.py
[2026-05-29T10:04:07.623+0200] {processor.py:829} INFO - Processing file /home/frederic/airflow_venv/lib/python3.10/site-packages/airflow/example_dags/example_nested_branch_dag.py for tasks to queue
[2026-05-29T10:04:07.623+0200] {logging_mixin.py:151} INFO - [2026-05-29T10:04:07.623+0200] {dagbag.py:539} INFO - Filling up the DagBag from /home/frederic/airflow_venv/lib/python3.10/site-packages/airflow/example_dags/example_nested_branch_dag.py
[2026-05-29T10:04:07.634+0200] {processor.py:839} INFO - DAG(s) dict_keys(['example_nested_branch_dag']) retrieved from /home/frederic/airflow_venv/lib/python3.10/site-packages/airflow/example_dags/example_nested_branch_dag.py
[2026-05-29T10:04:07.650+0200] {logging_mixin.py:151} INFO - [2026-05-29T10:04:07.650+0200] {dag.py:2915} INFO - Sync 1 DAGs
[2026-05-29T10:04:07.672+0200] {logging_mixin.py:151} INFO - [2026-05-29T10:04:07.672+0200] {dag.py:3696} INFO - Setting next_dagrun for example_nested_branch_dag to 2026-05-28T00:00:00+00:00, run_after=2026-05-29T00:00:00+00:00
[2026-05-29T10:04:07.693+0200] {processor.py:179} INFO - Processing /home/frederic/airflow_venv/lib/python3.10/site-packages/airflow/example_dags/example_nested_branch_dag.py took 0.074 seconds
[2026-05-29T10:04:58.881+0200] {processor.py:157} INFO - Started process (PID=688834) to work on /home/frederic/airflow_venv/lib/python3.10/site-packages/airflow/example_dags/example_nested_branch_dag.py
[2026-05-29T10:04:58.885+0200] {processor.py:829} INFO - Processing file /home/frederic/airflow_venv/lib/python3.10/site-packages/airflow/example_dags/example_nested_branch_dag.py for tasks to queue
[2026-05-29T10:04:58.885+0200] {logging_mixin.py:151} INFO - [2026-05-29T10:04:58.885+0200] {dagbag.py:539} INFO - Filling up the DagBag from /home/frederic/airflow_venv/lib/python3.10/site-packages/airflow/example_dags/example_nested_branch_dag.py
[2026-05-29T10:04:58.896+0200] {processor.py:839} INFO - DAG(s) dict_keys(['example_nested_branch_dag']) retrieved from /home/frederic/airflow_venv/lib/python3.10/site-packages/airflow/example_dags/example_nested_branch_dag.py
[2026-05-29T10:04:58.912+0200] {logging_mixin.py:151} INFO - [2026-05-29T10:04:58.912+0200] {dag.py:2915} INFO - Sync 1 DAGs
[2026-05-29T10:04:58.934+0200] {logging_mixin.py:151} INFO - [2026-05-29T10:04:58.934+0200] {dag.py:3696} INFO - Setting next_dagrun for example_nested_branch_dag to 2026-05-28T00:00:00+00:00, run_after=2026-05-29T00:00:00+00:00
[2026-05-29T10:04:58.953+0200] {processor.py:179} INFO - Processing /home/frederic/airflow_venv/lib/python3.10/site-packages/airflow/example_dags/example_nested_branch_dag.py took 0.074 seconds
[2026-05-29T10:05:44.709+0200] {processor.py:157} INFO - Started process (PID=689702) to work on /home/frederic/airflow_venv/lib/python3.10/site-packages/airflow/example_dags/example_nested_branch_dag.py
[2026-05-29T10:05:44.711+0200] {processor.py:829} INFO - Processing file /home/frederic/airflow_venv/lib/python3.10/site-packages/airflow/example_dags/example_nested_branch_dag.py for tasks to queue
[2026-05-29T10:05:44.712+0200] {logging_mixin.py:151} INFO - [2026-05-29T10:05:44.711+0200] {dagbag.py:539} INFO - Filling up the DagBag from /home/frederic/airflow_venv/lib/python3.10/site-packages/airflow/example_dags/example_nested_branch_dag.py
[2026-05-29T10:05:44.723+0200] {processor.py:839} INFO - DAG(s) dict_keys(['example_nested_branch_dag']) retrieved from /home/frederic/airflow_venv/lib/python3.10/site-packages/airflow/example_dags/example_nested_branch_dag.py
[2026-05-29T10:05:44.743+0200] {logging_mixin.py:151} INFO - [2026-05-29T10:05:44.742+0200] {dag.py:2915} INFO - Sync 1 DAGs
[2026-05-29T10:05:44.762+0200] {logging_mixin.py:151} INFO - [2026-05-29T10:05:44.762+0200] {dag.py:3696} INFO - Setting next_dagrun for example_nested_branch_dag to 2026-05-28T00:00:00+00:00, run_after=2026-05-29T00:00:00+00:00
[2026-05-29T10:05:44.783+0200] {processor.py:179} INFO - Processing /home/frederic/airflow_venv/lib/python3.10/site-packages/airflow/example_dags/example_nested_branch_dag.py took 0.077 seconds
[2026-05-29T10:06:33.392+0200] {processor.py:157} INFO - Started process (PID=690286) to work on /home/frederic/airflow_venv/lib/python3.10/site-packages/airflow/example_dags/example_nested_branch_dag.py
[2026-05-29T10:06:33.394+0200] {processor.py:829} INFO - Processing file /home/frederic/airflow_venv/lib/python3.10/site-packages/airflow/example_dags/example_nested_branch_dag.py for tasks to queue
[2026-05-29T10:06:33.395+0200] {logging_mixin.py:151} INFO - [2026-05-29T10:06:33.394+0200] {dagbag.py:539} INFO - Filling up the DagBag from /home/frederic/airflow_venv/lib/python3.10/site-packages/airflow/example_dags/example_nested_branch_dag.py
[2026-05-29T10:06:33.405+0200] {processor.py:839} INFO - DAG(s) dict_keys(['example_nested_branch_dag']) retrieved from /home/frederic/airflow_venv/lib/python3.10/site-packages/airflow/example_dags/example_nested_branch_dag.py
[2026-05-29T10:06:33.423+0200] {logging_mixin.py:151} INFO - [2026-05-29T10:06:33.423+0200] {dag.py:2915} INFO - Sync 1 DAGs
[2026-05-29T10:06:33.445+0200] {logging_mixin.py:151} INFO - [2026-05-29T10:06:33.445+0200] {dag.py:3696} INFO - Setting next_dagrun for example_nested_branch_dag to 2026-05-28T00:00:00+00:00, run_after=2026-05-29T00:00:00+00:00
[2026-05-29T10:06:33.467+0200] {processor.py:179} INFO - Processing /home/frederic/airflow_venv/lib/python3.10/site-packages/airflow/example_dags/example_nested_branch_dag.py took 0.078 seconds
[2026-05-29T10:07:21.202+0200] {processor.py:157} INFO - Started process (PID=690985) to work on /home/frederic/airflow_venv/lib/python3.10/site-packages/airflow/example_dags/example_nested_branch_dag.py
[2026-05-29T10:07:21.204+0200] {processor.py:829} INFO - Processing file /home/frederic/airflow_venv/lib/python3.10/site-packages/airflow/example_dags/example_nested_branch_dag.py for tasks to queue
[2026-05-29T10:07:21.205+0200] {logging_mixin.py:151} INFO - [2026-05-29T10:07:21.204+0200] {dagbag.py:539} INFO - Filling up the DagBag from /home/frederic/airflow_venv/lib/python3.10/site-packages/airflow/example_dags/example_nested_branch_dag.py
[2026-05-29T10:07:21.214+0200] {processor.py:839} INFO - DAG(s) dict_keys(['example_nested_branch_dag']) retrieved from /home/frederic/airflow_venv/lib/python3.10/site-packages/airflow/example_dags/example_nested_branch_dag.py
[2026-05-29T10:07:21.229+0200] {logging_mixin.py:151} INFO - [2026-05-29T10:07:21.229+0200] {dag.py:2915} INFO - Sync 1 DAGs
[2026-05-29T10:07:21.250+0200] {logging_mixin.py:151} INFO - [2026-05-29T10:07:21.249+0200] {dag.py:3696} INFO - Setting next_dagrun for example_nested_branch_dag to 2026-05-28T00:00:00+00:00, run_after=2026-05-29T00:00:00+00:00
[2026-05-29T10:07:21.266+0200] {processor.py:179} INFO - Processing /home/frederic/airflow_venv/lib/python3.10/site-packages/airflow/example_dags/example_nested_branch_dag.py took 0.067 seconds
[2026-05-29T10:08:13.304+0200] {processor.py:157} INFO - Started process (PID=691625) to work on /home/frederic/airflow_venv/lib/python3.10/site-packages/airflow/example_dags/example_nested_branch_dag.py
[2026-05-29T10:08:13.307+0200] {processor.py:829} INFO - Processing file /home/frederic/airflow_venv/lib/python3.10/site-packages/airflow/example_dags/example_nested_branch_dag.py for tasks to queue
[2026-05-29T10:08:13.308+0200] {logging_mixin.py:151} INFO - [2026-05-29T10:08:13.307+0200] {dagbag.py:539} INFO - Filling up the DagBag from /home/frederic/airflow_venv/lib/python3.10/site-packages/airflow/example_dags/example_nested_branch_dag.py
[2026-05-29T10:08:13.320+0200] {processor.py:839} INFO - DAG(s) dict_keys(['example_nested_branch_dag']) retrieved from /home/frederic/airflow_venv/lib/python3.10/site-packages/airflow/example_dags/example_nested_branch_dag.py
[2026-05-29T10:08:13.336+0200] {logging_mixin.py:151} INFO - [2026-05-29T10:08:13.336+0200] {dag.py:2915} INFO - Sync 1 DAGs
[2026-05-29T10:08:13.357+0200] {logging_mixin.py:151} INFO - [2026-05-29T10:08:13.357+0200] {dag.py:3696} INFO - Setting next_dagrun for example_nested_branch_dag to 2026-05-28T00:00:00+00:00, run_after=2026-05-29T00:00:00+00:00
[2026-05-29T10:08:13.375+0200] {processor.py:179} INFO - Processing /home/frederic/airflow_venv/lib/python3.10/site-packages/airflow/example_dags/example_nested_branch_dag.py took 0.074 seconds
[2026-05-29T10:08:59.739+0200] {processor.py:157} INFO - Started process (PID=692159) to work on /home/frederic/airflow_venv/lib/python3.10/site-packages/airflow/example_dags/example_nested_branch_dag.py
[2026-05-29T10:08:59.743+0200] {processor.py:829} INFO - Processing file /home/frederic/airflow_venv/lib/python3.10/site-packages/airflow/example_dags/example_nested_branch_dag.py for tasks to queue
[2026-05-29T10:08:59.743+0200] {logging_mixin.py:151} INFO - [2026-05-29T10:08:59.743+0200] {dagbag.py:539} INFO - Filling up the DagBag from /home/frederic/airflow_venv/lib/python3.10/site-packages/airflow/example_dags/example_nested_branch_dag.py
[2026-05-29T10:08:59.753+0200] {processor.py:839} INFO - DAG(s) dict_keys(['example_nested_branch_dag']) retrieved from /home/frederic/airflow_venv/lib/python3.10/site-packages/airflow/example_dags/example_nested_branch_dag.py
[2026-05-29T10:08:59.769+0200] {logging_mixin.py:151} INFO - [2026-05-29T10:08:59.769+0200] {dag.py:2915} INFO - Sync 1 DAGs
[2026-05-29T10:08:59.789+0200] {logging_mixin.py:151} INFO - [2026-05-29T10:08:59.789+0200] {dag.py:3696} INFO - Setting next_dagrun for example_nested_branch_dag to 2026-05-28T00:00:00+00:00, run_after=2026-05-29T00:00:00+00:00
[2026-05-29T10:08:59.806+0200] {processor.py:179} INFO - Processing /home/frederic/airflow_venv/lib/python3.10/site-packages/airflow/example_dags/example_nested_branch_dag.py took 0.069 seconds
[2026-05-29T10:09:46.981+0200] {processor.py:157} INFO - Started process (PID=692663) to work on /home/frederic/airflow_venv/lib/python3.10/site-packages/airflow/example_dags/example_nested_branch_dag.py
[2026-05-29T10:09:46.984+0200] {processor.py:829} INFO - Processing file /home/frederic/airflow_venv/lib/python3.10/site-packages/airflow/example_dags/example_nested_branch_dag.py for tasks to queue
[2026-05-29T10:09:46.985+0200] {logging_mixin.py:151} INFO - [2026-05-29T10:09:46.984+0200] {dagbag.py:539} INFO - Filling up the DagBag from /home/frederic/airflow_venv/lib/python3.10/site-packages/airflow/example_dags/example_nested_branch_dag.py
[2026-05-29T10:09:46.995+0200] {processor.py:839} INFO - DAG(s) dict_keys(['example_nested_branch_dag']) retrieved from /home/frederic/airflow_venv/lib/python3.10/site-packages/airflow/example_dags/example_nested_branch_dag.py
[2026-05-29T10:09:47.011+0200] {logging_mixin.py:151} INFO - [2026-05-29T10:09:47.011+0200] {dag.py:2915} INFO - Sync 1 DAGs
[2026-05-29T10:09:47.034+0200] {logging_mixin.py:151} INFO - [2026-05-29T10:09:47.033+0200] {dag.py:3696} INFO - Setting next_dagrun for example_nested_branch_dag to 2026-05-28T00:00:00+00:00, run_after=2026-05-29T00:00:00+00:00
[2026-05-29T10:09:47.050+0200] {processor.py:179} INFO - Processing /home/frederic/airflow_venv/lib/python3.10/site-packages/airflow/example_dags/example_nested_branch_dag.py took 0.073 seconds
[2026-05-29T10:10:33.704+0200] {processor.py:157} INFO - Started process (PID=693376) to work on /home/frederic/airflow_venv/lib/python3.10/site-packages/airflow/example_dags/example_nested_branch_dag.py
[2026-05-29T10:10:33.705+0200] {processor.py:829} INFO - Processing file /home/frederic/airflow_venv/lib/python3.10/site-packages/airflow/example_dags/example_nested_branch_dag.py for tasks to queue
[2026-05-29T10:10:33.706+0200] {logging_mixin.py:151} INFO - [2026-05-29T10:10:33.705+0200] {dagbag.py:539} INFO - Filling up the DagBag from /home/frederic/airflow_venv/lib/python3.10/site-packages/airflow/example_dags/example_nested_branch_dag.py
[2026-05-29T10:10:33.716+0200] {processor.py:839} INFO - DAG(s) dict_keys(['example_nested_branch_dag']) retrieved from /home/frederic/airflow_venv/lib/python3.10/site-packages/airflow/example_dags/example_nested_branch_dag.py
[2026-05-29T10:10:33.734+0200] {logging_mixin.py:151} INFO - [2026-05-29T10:10:33.734+0200] {dag.py:2915} INFO - Sync 1 DAGs
[2026-05-29T10:10:33.753+0200] {logging_mixin.py:151} INFO - [2026-05-29T10:10:33.753+0200] {dag.py:3696} INFO - Setting next_dagrun for example_nested_branch_dag to 2026-05-28T00:00:00+00:00, run_after=2026-05-29T00:00:00+00:00
[2026-05-29T10:10:33.770+0200] {processor.py:179} INFO - Processing /home/frederic/airflow_venv/lib/python3.10/site-packages/airflow/example_dags/example_nested_branch_dag.py took 0.068 seconds
[2026-05-29T10:11:23.373+0200] {processor.py:157} INFO - Started process (PID=694463) to work on /home/frederic/airflow_venv/lib/python3.10/site-packages/airflow/example_dags/example_nested_branch_dag.py
[2026-05-29T10:11:23.374+0200] {processor.py:829} INFO - Processing file /home/frederic/airflow_venv/lib/python3.10/site-packages/airflow/example_dags/example_nested_branch_dag.py for tasks to queue
[2026-05-29T10:11:23.375+0200] {logging_mixin.py:151} INFO - [2026-05-29T10:11:23.375+0200] {dagbag.py:539} INFO - Filling up the DagBag from /home/frederic/airflow_venv/lib/python3.10/site-packages/airflow/example_dags/example_nested_branch_dag.py
[2026-05-29T10:11:23.384+0200] {processor.py:839} INFO - DAG(s) dict_keys(['example_nested_branch_dag']) retrieved from /home/frederic/airflow_venv/lib/python3.10/site-packages/airflow/example_dags/example_nested_branch_dag.py
[2026-05-29T10:11:23.398+0200] {logging_mixin.py:151} INFO - [2026-05-29T10:11:23.398+0200] {dag.py:2915} INFO - Sync 1 DAGs
[2026-05-29T10:11:23.415+0200] {logging_mixin.py:151} INFO - [2026-05-29T10:11:23.415+0200] {dag.py:3696} INFO - Setting next_dagrun for example_nested_branch_dag to 2026-05-28T00:00:00+00:00, run_after=2026-05-29T00:00:00+00:00
[2026-05-29T10:11:23.432+0200] {processor.py:179} INFO - Processing /home/frederic/airflow_venv/lib/python3.10/site-packages/airflow/example_dags/example_nested_branch_dag.py took 0.061 seconds
[2026-05-29T10:12:12.355+0200] {processor.py:157} INFO - Started process (PID=695366) to work on /home/frederic/airflow_venv/lib/python3.10/site-packages/airflow/example_dags/example_nested_branch_dag.py
[2026-05-29T10:12:12.356+0200] {processor.py:829} INFO - Processing file /home/frederic/airflow_venv/lib/python3.10/site-packages/airflow/example_dags/example_nested_branch_dag.py for tasks to queue
[2026-05-29T10:12:12.356+0200] {logging_mixin.py:151} INFO - [2026-05-29T10:12:12.356+0200] {dagbag.py:539} INFO - Filling up the DagBag from /home/frederic/airflow_venv/lib/python3.10/site-packages/airflow/example_dags/example_nested_branch_dag.py
[2026-05-29T10:12:12.364+0200] {processor.py:839} INFO - DAG(s) dict_keys(['example_nested_branch_dag']) retrieved from /home/frederic/airflow_venv/lib/python3.10/site-packages/airflow/example_dags/example_nested_branch_dag.py
[2026-05-29T10:12:12.377+0200] {logging_mixin.py:151} INFO - [2026-05-29T10:12:12.377+0200] {dag.py:2915} INFO - Sync 1 DAGs
[2026-05-29T10:12:12.395+0200] {logging_mixin.py:151} INFO - [2026-05-29T10:12:12.394+0200] {dag.py:3696} INFO - Setting next_dagrun for example_nested_branch_dag to 2026-05-28T00:00:00+00:00, run_after=2026-05-29T00:00:00+00:00
[2026-05-29T10:12:12.411+0200] {processor.py:179} INFO - Processing /home/frederic/airflow_venv/lib/python3.10/site-packages/airflow/example_dags/example_nested_branch_dag.py took 0.059 seconds
[2026-05-29T10:12:59.004+0200] {processor.py:157} INFO - Started process (PID=695798) to work on /home/frederic/airflow_venv/lib/python3.10/site-packages/airflow/example_dags/example_nested_branch_dag.py
[2026-05-29T10:12:59.005+0200] {processor.py:829} INFO - Processing file /home/frederic/airflow_venv/lib/python3.10/site-packages/airflow/example_dags/example_nested_branch_dag.py for tasks to queue
[2026-05-29T10:12:59.005+0200] {logging_mixin.py:151} INFO - [2026-05-29T10:12:59.005+0200] {dagbag.py:539} INFO - Filling up the DagBag from /home/frederic/airflow_venv/lib/python3.10/site-packages/airflow/example_dags/example_nested_branch_dag.py
[2026-05-29T10:12:59.013+0200] {processor.py:839} INFO - DAG(s) dict_keys(['example_nested_branch_dag']) retrieved from /home/frederic/airflow_venv/lib/python3.10/site-packages/airflow/example_dags/example_nested_branch_dag.py
[2026-05-29T10:12:59.028+0200] {logging_mixin.py:151} INFO - [2026-05-29T10:12:59.027+0200] {dag.py:2915} INFO - Sync 1 DAGs
[2026-05-29T10:12:59.044+0200] {logging_mixin.py:151} INFO - [2026-05-29T10:12:59.043+0200] {dag.py:3696} INFO - Setting next_dagrun for example_nested_branch_dag to 2026-05-28T00:00:00+00:00, run_after=2026-05-29T00:00:00+00:00
[2026-05-29T10:12:59.058+0200] {processor.py:179} INFO - Processing /home/frederic/airflow_venv/lib/python3.10/site-packages/airflow/example_dags/example_nested_branch_dag.py took 0.057 seconds
[2026-05-29T10:13:44.709+0200] {processor.py:157} INFO - Started process (PID=696328) to work on /home/frederic/airflow_venv/lib/python3.10/site-packages/airflow/example_dags/example_nested_branch_dag.py
[2026-05-29T10:13:44.710+0200] {processor.py:829} INFO - Processing file /home/frederic/airflow_venv/lib/python3.10/site-packages/airflow/example_dags/example_nested_branch_dag.py for tasks to queue
[2026-05-29T10:13:44.711+0200] {logging_mixin.py:151} INFO - [2026-05-29T10:13:44.710+0200] {dagbag.py:539} INFO - Filling up the DagBag from /home/frederic/airflow_venv/lib/python3.10/site-packages/airflow/example_dags/example_nested_branch_dag.py
[2026-05-29T10:13:44.719+0200] {processor.py:839} INFO - DAG(s) dict_keys(['example_nested_branch_dag']) retrieved from /home/frederic/airflow_venv/lib/python3.10/site-packages/airflow/example_dags/example_nested_branch_dag.py
[2026-05-29T10:13:44.733+0200] {logging_mixin.py:151} INFO - [2026-05-29T10:13:44.733+0200] {dag.py:2915} INFO - Sync 1 DAGs
[2026-05-29T10:13:44.749+0200] {logging_mixin.py:151} INFO - [2026-05-29T10:13:44.749+0200] {dag.py:3696} INFO - Setting next_dagrun for example_nested_branch_dag to 2026-05-28T00:00:00+00:00, run_after=2026-05-29T00:00:00+00:00
[2026-05-29T10:13:44.763+0200] {processor.py:179} INFO - Processing /home/frederic/airflow_venv/lib/python3.10/site-packages/airflow/example_dags/example_nested_branch_dag.py took 0.056 seconds
[2026-05-29T10:14:36.408+0200] {processor.py:157} INFO - Started process (PID=696924) to work on /home/frederic/airflow_venv/lib/python3.10/site-packages/airflow/example_dags/example_nested_branch_dag.py
[2026-05-29T10:14:36.409+0200] {processor.py:829} INFO - Processing file /home/frederic/airflow_venv/lib/python3.10/site-packages/airflow/example_dags/example_nested_branch_dag.py for tasks to queue
[2026-05-29T10:14:36.410+0200] {logging_mixin.py:151} INFO - [2026-05-29T10:14:36.409+0200] {dagbag.py:539} INFO - Filling up the DagBag from /home/frederic/airflow_venv/lib/python3.10/site-packages/airflow/example_dags/example_nested_branch_dag.py
[2026-05-29T10:14:36.418+0200] {processor.py:839} INFO - DAG(s) dict_keys(['example_nested_branch_dag']) retrieved from /home/frederic/airflow_venv/lib/python3.10/site-packages/airflow/example_dags/example_nested_branch_dag.py
[2026-05-29T10:14:36.433+0200] {logging_mixin.py:151} INFO - [2026-05-29T10:14:36.433+0200] {dag.py:2915} INFO - Sync 1 DAGs
[2026-05-29T10:14:36.453+0200] {logging_mixin.py:151} INFO - [2026-05-29T10:14:36.453+0200] {dag.py:3696} INFO - Setting next_dagrun for example_nested_branch_dag to 2026-05-28T00:00:00+00:00, run_after=2026-05-29T00:00:00+00:00
[2026-05-29T10:14:36.468+0200] {processor.py:179} INFO - Processing /home/frederic/airflow_venv/lib/python3.10/site-packages/airflow/example_dags/example_nested_branch_dag.py took 0.063 seconds
[2026-05-29T10:15:22.640+0200] {processor.py:157} INFO - Started process (PID=697545) to work on /home/frederic/airflow_venv/lib/python3.10/site-packages/airflow/example_dags/example_nested_branch_dag.py
[2026-05-29T10:15:22.641+0200] {processor.py:829} INFO - Processing file /home/frederic/airflow_venv/lib/python3.10/site-packages/airflow/example_dags/example_nested_branch_dag.py for tasks to queue
[2026-05-29T10:15:22.641+0200] {logging_mixin.py:151} INFO - [2026-05-29T10:15:22.641+0200] {dagbag.py:539} INFO - Filling up the DagBag from /home/frederic/airflow_venv/lib/python3.10/site-packages/airflow/example_dags/example_nested_branch_dag.py
[2026-05-29T10:15:22.649+0200] {processor.py:839} INFO - DAG(s) dict_keys(['example_nested_branch_dag']) retrieved from /home/frederic/airflow_venv/lib/python3.10/site-packages/airflow/example_dags/example_nested_branch_dag.py
[2026-05-29T10:15:22.663+0200] {logging_mixin.py:151} INFO - [2026-05-29T10:15:22.662+0200] {dag.py:2915} INFO - Sync 1 DAGs
[2026-05-29T10:15:22.681+0200] {logging_mixin.py:151} INFO - [2026-05-29T10:15:22.681+0200] {dag.py:3696} INFO - Setting next_dagrun for example_nested_branch_dag to 2026-05-28T00:00:00+00:00, run_after=2026-05-29T00:00:00+00:00
[2026-05-29T10:15:22.696+0200] {processor.py:179} INFO - Processing /home/frederic/airflow_venv/lib/python3.10/site-packages/airflow/example_dags/example_nested_branch_dag.py took 0.059 seconds
[2026-05-29T10:16:12.200+0200] {processor.py:157} INFO - Started process (PID=698507) to work on /home/frederic/airflow_venv/lib/python3.10/site-packages/airflow/example_dags/example_nested_branch_dag.py
[2026-05-29T10:16:12.202+0200] {processor.py:829} INFO - Processing file /home/frederic/airflow_venv/lib/python3.10/site-packages/airflow/example_dags/example_nested_branch_dag.py for tasks to queue
[2026-05-29T10:16:12.203+0200] {logging_mixin.py:151} INFO - [2026-05-29T10:16:12.203+0200] {dagbag.py:539} INFO - Filling up the DagBag from /home/frederic/airflow_venv/lib/python3.10/site-packages/airflow/example_dags/example_nested_branch_dag.py
[2026-05-29T10:16:12.214+0200] {processor.py:839} INFO - DAG(s) dict_keys(['example_nested_branch_dag']) retrieved from /home/frederic/airflow_venv/lib/python3.10/site-packages/airflow/example_dags/example_nested_branch_dag.py
[2026-05-29T10:16:12.232+0200] {logging_mixin.py:151} INFO - [2026-05-29T10:16:12.231+0200] {dag.py:2915} INFO - Sync 1 DAGs
[2026-05-29T10:16:12.254+0200] {logging_mixin.py:151} INFO - [2026-05-29T10:16:12.253+0200] {dag.py:3696} INFO - Setting next_dagrun for example_nested_branch_dag to 2026-05-28T00:00:00+00:00, run_after=2026-05-29T00:00:00+00:00
[2026-05-29T10:16:12.272+0200] {processor.py:179} INFO - Processing /home/frederic/airflow_venv/lib/python3.10/site-packages/airflow/example_dags/example_nested_branch_dag.py took 0.076 seconds
[2026-05-29T10:16:57.515+0200] {processor.py:157} INFO - Started process (PID=699226) to work on /home/frederic/airflow_venv/lib/python3.10/site-packages/airflow/example_dags/example_nested_branch_dag.py
[2026-05-29T10:16:57.516+0200] {processor.py:829} INFO - Processing file /home/frederic/airflow_venv/lib/python3.10/site-packages/airflow/example_dags/example_nested_branch_dag.py for tasks to queue
[2026-05-29T10:16:57.517+0200] {logging_mixin.py:151} INFO - [2026-05-29T10:16:57.516+0200] {dagbag.py:539} INFO - Filling up the DagBag from /home/frederic/airflow_venv/lib/python3.10/site-packages/airflow/example_dags/example_nested_branch_dag.py
[2026-05-29T10:16:57.525+0200] {processor.py:839} INFO - DAG(s) dict_keys(['example_nested_branch_dag']) retrieved from /home/frederic/airflow_venv/lib/python3.10/site-packages/airflow/example_dags/example_nested_branch_dag.py
[2026-05-29T10:16:57.538+0200] {logging_mixin.py:151} INFO - [2026-05-29T10:16:57.538+0200] {dag.py:2915} INFO - Sync 1 DAGs
[2026-05-29T10:16:57.554+0200] {logging_mixin.py:151} INFO - [2026-05-29T10:16:57.554+0200] {dag.py:3696} INFO - Setting next_dagrun for example_nested_branch_dag to 2026-05-28T00:00:00+00:00, run_after=2026-05-29T00:00:00+00:00
[2026-05-29T10:16:57.568+0200] {processor.py:179} INFO - Processing /home/frederic/airflow_venv/lib/python3.10/site-packages/airflow/example_dags/example_nested_branch_dag.py took 0.055 seconds
[2026-05-29T10:17:43.570+0200] {processor.py:157} INFO - Started process (PID=700225) to work on /home/frederic/airflow_venv/lib/python3.10/site-packages/airflow/example_dags/example_nested_branch_dag.py
[2026-05-29T10:17:43.572+0200] {processor.py:829} INFO - Processing file /home/frederic/airflow_venv/lib/python3.10/site-packages/airflow/example_dags/example_nested_branch_dag.py for tasks to queue
[2026-05-29T10:17:43.573+0200] {logging_mixin.py:151} INFO - [2026-05-29T10:17:43.572+0200] {dagbag.py:539} INFO - Filling up the DagBag from /home/frederic/airflow_venv/lib/python3.10/site-packages/airflow/example_dags/example_nested_branch_dag.py
[2026-05-29T10:17:43.583+0200] {processor.py:839} INFO - DAG(s) dict_keys(['example_nested_branch_dag']) retrieved from /home/frederic/airflow_venv/lib/python3.10/site-packages/airflow/example_dags/example_nested_branch_dag.py
[2026-05-29T10:17:43.607+0200] {logging_mixin.py:151} INFO - [2026-05-29T10:17:43.607+0200] {dag.py:2915} INFO - Sync 1 DAGs
[2026-05-29T10:17:43.639+0200] {logging_mixin.py:151} INFO - [2026-05-29T10:17:43.639+0200] {dag.py:3696} INFO - Setting next_dagrun for example_nested_branch_dag to 2026-05-28T00:00:00+00:00, run_after=2026-05-29T00:00:00+00:00
[2026-05-29T10:17:43.668+0200] {processor.py:179} INFO - Processing /home/frederic/airflow_venv/lib/python3.10/site-packages/airflow/example_dags/example_nested_branch_dag.py took 0.101 seconds
[2026-05-29T10:18:28.893+0200] {processor.py:157} INFO - Started process (PID=700901) to work on /home/frederic/airflow_venv/lib/python3.10/site-packages/airflow/example_dags/example_nested_branch_dag.py
[2026-05-29T10:18:28.894+0200] {processor.py:829} INFO - Processing file /home/frederic/airflow_venv/lib/python3.10/site-packages/airflow/example_dags/example_nested_branch_dag.py for tasks to queue
[2026-05-29T10:18:28.894+0200] {logging_mixin.py:151} INFO - [2026-05-29T10:18:28.894+0200] {dagbag.py:539} INFO - Filling up the DagBag from /home/frederic/airflow_venv/lib/python3.10/site-packages/airflow/example_dags/example_nested_branch_dag.py
[2026-05-29T10:18:28.903+0200] {processor.py:839} INFO - DAG(s) dict_keys(['example_nested_branch_dag']) retrieved from /home/frederic/airflow_venv/lib/python3.10/site-packages/airflow/example_dags/example_nested_branch_dag.py
[2026-05-29T10:18:28.917+0200] {logging_mixin.py:151} INFO - [2026-05-29T10:18:28.917+0200] {dag.py:2915} INFO - Sync 1 DAGs
[2026-05-29T10:18:28.933+0200] {logging_mixin.py:151} INFO - [2026-05-29T10:18:28.933+0200] {dag.py:3696} INFO - Setting next_dagrun for example_nested_branch_dag to 2026-05-28T00:00:00+00:00, run_after=2026-05-29T00:00:00+00:00
[2026-05-29T10:18:28.949+0200] {processor.py:179} INFO - Processing /home/frederic/airflow_venv/lib/python3.10/site-packages/airflow/example_dags/example_nested_branch_dag.py took 0.059 seconds
[2026-05-29T10:19:16.714+0200] {processor.py:157} INFO - Started process (PID=701364) to work on /home/frederic/airflow_venv/lib/python3.10/site-packages/airflow/example_dags/example_nested_branch_dag.py
[2026-05-29T10:19:16.715+0200] {processor.py:829} INFO - Processing file /home/frederic/airflow_venv/lib/python3.10/site-packages/airflow/example_dags/example_nested_branch_dag.py for tasks to queue
[2026-05-29T10:19:16.716+0200] {logging_mixin.py:151} INFO - [2026-05-29T10:19:16.716+0200] {dagbag.py:539} INFO - Filling up the DagBag from /home/frederic/airflow_venv/lib/python3.10/site-packages/airflow/example_dags/example_nested_branch_dag.py
[2026-05-29T10:19:16.723+0200] {processor.py:839} INFO - DAG(s) dict_keys(['example_nested_branch_dag']) retrieved from /home/frederic/airflow_venv/lib/python3.10/site-packages/airflow/example_dags/example_nested_branch_dag.py
[2026-05-29T10:19:16.737+0200] {logging_mixin.py:151} INFO - [2026-05-29T10:19:16.737+0200] {dag.py:2915} INFO - Sync 1 DAGs
[2026-05-29T10:19:16.753+0200] {logging_mixin.py:151} INFO - [2026-05-29T10:19:16.753+0200] {dag.py:3696} INFO - Setting next_dagrun for example_nested_branch_dag to 2026-05-28T00:00:00+00:00, run_after=2026-05-29T00:00:00+00:00
[2026-05-29T10:19:16.766+0200] {processor.py:179} INFO - Processing /home/frederic/airflow_venv/lib/python3.10/site-packages/airflow/example_dags/example_nested_branch_dag.py took 0.054 seconds
[2026-05-29T10:20:05.279+0200] {processor.py:157} INFO - Started process (PID=702005) to work on /home/frederic/airflow_venv/lib/python3.10/site-packages/airflow/example_dags/example_nested_branch_dag.py
[2026-05-29T10:20:05.280+0200] {processor.py:829} INFO - Processing file /home/frederic/airflow_venv/lib/python3.10/site-packages/airflow/example_dags/example_nested_branch_dag.py for tasks to queue
[2026-05-29T10:20:05.280+0200] {logging_mixin.py:151} INFO - [2026-05-29T10:20:05.280+0200] {dagbag.py:539} INFO - Filling up the DagBag from /home/frederic/airflow_venv/lib/python3.10/site-packages/airflow/example_dags/example_nested_branch_dag.py
[2026-05-29T10:20:05.289+0200] {processor.py:839} INFO - DAG(s) dict_keys(['example_nested_branch_dag']) retrieved from /home/frederic/airflow_venv/lib/python3.10/site-packages/airflow/example_dags/example_nested_branch_dag.py
[2026-05-29T10:20:05.304+0200] {logging_mixin.py:151} INFO - [2026-05-29T10:20:05.303+0200] {dag.py:2915} INFO - Sync 1 DAGs
[2026-05-29T10:20:05.324+0200] {logging_mixin.py:151} INFO - [2026-05-29T10:20:05.324+0200] {dag.py:3696} INFO - Setting next_dagrun for example_nested_branch_dag to 2026-05-28T00:00:00+00:00, run_after=2026-05-29T00:00:00+00:00
[2026-05-29T10:20:05.338+0200] {processor.py:179} INFO - Processing /home/frederic/airflow_venv/lib/python3.10/site-packages/airflow/example_dags/example_nested_branch_dag.py took 0.062 seconds
[2026-05-29T10:20:56.780+0200] {processor.py:157} INFO - Started process (PID=702475) to work on /home/frederic/airflow_venv/lib/python3.10/site-packages/airflow/example_dags/example_nested_branch_dag.py
[2026-05-29T10:20:56.781+0200] {processor.py:829} INFO - Processing file /home/frederic/airflow_venv/lib/python3.10/site-packages/airflow/example_dags/example_nested_branch_dag.py for tasks to queue
[2026-05-29T10:20:56.782+0200] {logging_mixin.py:151} INFO - [2026-05-29T10:20:56.782+0200] {dagbag.py:539} INFO - Filling up the DagBag from /home/frederic/airflow_venv/lib/python3.10/site-packages/airflow/example_dags/example_nested_branch_dag.py
[2026-05-29T10:20:56.789+0200] {processor.py:839} INFO - DAG(s) dict_keys(['example_nested_branch_dag']) retrieved from /home/frederic/airflow_venv/lib/python3.10/site-packages/airflow/example_dags/example_nested_branch_dag.py
[2026-05-29T10:20:56.802+0200] {logging_mixin.py:151} INFO - [2026-05-29T10:20:56.802+0200] {dag.py:2915} INFO - Sync 1 DAGs
[2026-05-29T10:20:56.819+0200] {logging_mixin.py:151} INFO - [2026-05-29T10:20:56.819+0200] {dag.py:3696} INFO - Setting next_dagrun for example_nested_branch_dag to 2026-05-28T00:00:00+00:00, run_after=2026-05-29T00:00:00+00:00
[2026-05-29T10:20:56.833+0200] {processor.py:179} INFO - Processing /home/frederic/airflow_venv/lib/python3.10/site-packages/airflow/example_dags/example_nested_branch_dag.py took 0.055 seconds
[2026-05-29T10:21:43.064+0200] {processor.py:157} INFO - Started process (PID=702931) to work on /home/frederic/airflow_venv/lib/python3.10/site-packages/airflow/example_dags/example_nested_branch_dag.py
[2026-05-29T10:21:43.065+0200] {processor.py:829} INFO - Processing file /home/frederic/airflow_venv/lib/python3.10/site-packages/airflow/example_dags/example_nested_branch_dag.py for tasks to queue
[2026-05-29T10:21:43.066+0200] {logging_mixin.py:151} INFO - [2026-05-29T10:21:43.065+0200] {dagbag.py:539} INFO - Filling up the DagBag from /home/frederic/airflow_venv/lib/python3.10/site-packages/airflow/example_dags/example_nested_branch_dag.py
[2026-05-29T10:21:43.074+0200] {processor.py:839} INFO - DAG(s) dict_keys(['example_nested_branch_dag']) retrieved from /home/frederic/airflow_venv/lib/python3.10/site-packages/airflow/example_dags/example_nested_branch_dag.py
[2026-05-29T10:21:43.090+0200] {logging_mixin.py:151} INFO - [2026-05-29T10:21:43.089+0200] {dag.py:2915} INFO - Sync 1 DAGs
[2026-05-29T10:21:43.106+0200] {logging_mixin.py:151} INFO - [2026-05-29T10:21:43.106+0200] {dag.py:3696} INFO - Setting next_dagrun for example_nested_branch_dag to 2026-05-28T00:00:00+00:00, run_after=2026-05-29T00:00:00+00:00
[2026-05-29T10:21:43.214+0200] {processor.py:179} INFO - Processing /home/frederic/airflow_venv/lib/python3.10/site-packages/airflow/example_dags/example_nested_branch_dag.py took 0.152 seconds
[2026-05-29T10:22:31.550+0200] {processor.py:157} INFO - Started process (PID=703431) to work on /home/frederic/airflow_venv/lib/python3.10/site-packages/airflow/example_dags/example_nested_branch_dag.py
[2026-05-29T10:22:31.551+0200] {processor.py:829} INFO - Processing file /home/frederic/airflow_venv/lib/python3.10/site-packages/airflow/example_dags/example_nested_branch_dag.py for tasks to queue
[2026-05-29T10:22:31.552+0200] {logging_mixin.py:151} INFO - [2026-05-29T10:22:31.552+0200] {dagbag.py:539} INFO - Filling up the DagBag from /home/frederic/airflow_venv/lib/python3.10/site-packages/airflow/example_dags/example_nested_branch_dag.py
[2026-05-29T10:22:31.559+0200] {processor.py:839} INFO - DAG(s) dict_keys(['example_nested_branch_dag']) retrieved from /home/frederic/airflow_venv/lib/python3.10/site-packages/airflow/example_dags/example_nested_branch_dag.py
[2026-05-29T10:22:31.573+0200] {logging_mixin.py:151} INFO - [2026-05-29T10:22:31.572+0200] {dag.py:2915} INFO - Sync 1 DAGs
[2026-05-29T10:22:31.598+0200] {logging_mixin.py:151} INFO - [2026-05-29T10:22:31.597+0200] {dag.py:3696} INFO - Setting next_dagrun for example_nested_branch_dag to 2026-05-28T00:00:00+00:00, run_after=2026-05-29T00:00:00+00:00
[2026-05-29T10:22:31.612+0200] {processor.py:179} INFO - Processing /home/frederic/airflow_venv/lib/python3.10/site-packages/airflow/example_dags/example_nested_branch_dag.py took 0.064 seconds
[2026-05-29T10:23:19.676+0200] {processor.py:157} INFO - Started process (PID=704043) to work on /home/frederic/airflow_venv/lib/python3.10/site-packages/airflow/example_dags/example_nested_branch_dag.py
[2026-05-29T10:23:19.677+0200] {processor.py:829} INFO - Processing file /home/frederic/airflow_venv/lib/python3.10/site-packages/airflow/example_dags/example_nested_branch_dag.py for tasks to queue
[2026-05-29T10:23:19.678+0200] {logging_mixin.py:151} INFO - [2026-05-29T10:23:19.678+0200] {dagbag.py:539} INFO - Filling up the DagBag from /home/frederic/airflow_venv/lib/python3.10/site-packages/airflow/example_dags/example_nested_branch_dag.py
[2026-05-29T10:23:19.687+0200] {processor.py:839} INFO - DAG(s) dict_keys(['example_nested_branch_dag']) retrieved from /home/frederic/airflow_venv/lib/python3.10/site-packages/airflow/example_dags/example_nested_branch_dag.py
[2026-05-29T10:23:19.703+0200] {logging_mixin.py:151} INFO - [2026-05-29T10:23:19.703+0200] {dag.py:2915} INFO - Sync 1 DAGs
[2026-05-29T10:23:19.724+0200] {logging_mixin.py:151} INFO - [2026-05-29T10:23:19.723+0200] {dag.py:3696} INFO - Setting next_dagrun for example_nested_branch_dag to 2026-05-28T00:00:00+00:00, run_after=2026-05-29T00:00:00+00:00
[2026-05-29T10:23:19.743+0200] {processor.py:179} INFO - Processing /home/frederic/airflow_venv/lib/python3.10/site-packages/airflow/example_dags/example_nested_branch_dag.py took 0.070 seconds
[2026-05-29T10:24:09.752+0200] {processor.py:157} INFO - Started process (PID=704537) to work on /home/frederic/airflow_venv/lib/python3.10/site-packages/airflow/example_dags/example_nested_branch_dag.py
[2026-05-29T10:24:09.753+0200] {processor.py:829} INFO - Processing file /home/frederic/airflow_venv/lib/python3.10/site-packages/airflow/example_dags/example_nested_branch_dag.py for tasks to queue
[2026-05-29T10:24:09.754+0200] {logging_mixin.py:151} INFO - [2026-05-29T10:24:09.754+0200] {dagbag.py:539} INFO - Filling up the DagBag from /home/frederic/airflow_venv/lib/python3.10/site-packages/airflow/example_dags/example_nested_branch_dag.py
[2026-05-29T10:24:09.762+0200] {processor.py:839} INFO - DAG(s) dict_keys(['example_nested_branch_dag']) retrieved from /home/frederic/airflow_venv/lib/python3.10/site-packages/airflow/example_dags/example_nested_branch_dag.py
[2026-05-29T10:24:09.775+0200] {logging_mixin.py:151} INFO - [2026-05-29T10:24:09.775+0200] {dag.py:2915} INFO - Sync 1 DAGs
[2026-05-29T10:24:09.873+0200] {logging_mixin.py:151} INFO - [2026-05-29T10:24:09.873+0200] {dag.py:3696} INFO - Setting next_dagrun for example_nested_branch_dag to 2026-05-28T00:00:00+00:00, run_after=2026-05-29T00:00:00+00:00
[2026-05-29T10:24:09.887+0200] {processor.py:179} INFO - Processing /home/frederic/airflow_venv/lib/python3.10/site-packages/airflow/example_dags/example_nested_branch_dag.py took 0.137 seconds
[2026-05-29T10:25:03.882+0200] {processor.py:157} INFO - Started process (PID=705079) to work on /home/frederic/airflow_venv/lib/python3.10/site-packages/airflow/example_dags/example_nested_branch_dag.py
[2026-05-29T10:25:03.883+0200] {processor.py:829} INFO - Processing file /home/frederic/airflow_venv/lib/python3.10/site-packages/airflow/example_dags/example_nested_branch_dag.py for tasks to queue
[2026-05-29T10:25:03.884+0200] {logging_mixin.py:151} INFO - [2026-05-29T10:25:03.883+0200] {dagbag.py:539} INFO - Filling up the DagBag from /home/frederic/airflow_venv/lib/python3.10/site-packages/airflow/example_dags/example_nested_branch_dag.py
[2026-05-29T10:25:03.893+0200] {processor.py:839} INFO - DAG(s) dict_keys(['example_nested_branch_dag']) retrieved from /home/frederic/airflow_venv/lib/python3.10/site-packages/airflow/example_dags/example_nested_branch_dag.py
[2026-05-29T10:25:03.912+0200] {logging_mixin.py:151} INFO - [2026-05-29T10:25:03.912+0200] {dag.py:2915} INFO - Sync 1 DAGs
[2026-05-29T10:25:03.930+0200] {logging_mixin.py:151} INFO - [2026-05-29T10:25:03.930+0200] {dag.py:3696} INFO - Setting next_dagrun for example_nested_branch_dag to 2026-05-28T00:00:00+00:00, run_after=2026-05-29T00:00:00+00:00
[2026-05-29T10:25:04.040+0200] {processor.py:179} INFO - Processing /home/frederic/airflow_venv/lib/python3.10/site-packages/airflow/example_dags/example_nested_branch_dag.py took 0.161 seconds
[2026-05-29T10:26:01.574+0200] {processor.py:157} INFO - Started process (PID=705619) to work on /home/frederic/airflow_venv/lib/python3.10/site-packages/airflow/example_dags/example_nested_branch_dag.py
[2026-05-29T10:26:01.575+0200] {processor.py:829} INFO - Processing file /home/frederic/airflow_venv/lib/python3.10/site-packages/airflow/example_dags/example_nested_branch_dag.py for tasks to queue
[2026-05-29T10:26:01.575+0200] {logging_mixin.py:151} INFO - [2026-05-29T10:26:01.575+0200] {dagbag.py:539} INFO - Filling up the DagBag from /home/frederic/airflow_venv/lib/python3.10/site-packages/airflow/example_dags/example_nested_branch_dag.py
[2026-05-29T10:26:01.583+0200] {processor.py:839} INFO - DAG(s) dict_keys(['example_nested_branch_dag']) retrieved from /home/frederic/airflow_venv/lib/python3.10/site-packages/airflow/example_dags/example_nested_branch_dag.py
[2026-05-29T10:26:01.597+0200] {logging_mixin.py:151} INFO - [2026-05-29T10:26:01.597+0200] {dag.py:2915} INFO - Sync 1 DAGs
[2026-05-29T10:26:01.615+0200] {logging_mixin.py:151} INFO - [2026-05-29T10:26:01.615+0200] {dag.py:3696} INFO - Setting next_dagrun for example_nested_branch_dag to 2026-05-28T00:00:00+00:00, run_after=2026-05-29T00:00:00+00:00
[2026-05-29T10:26:01.630+0200] {processor.py:179} INFO - Processing /home/frederic/airflow_venv/lib/python3.10/site-packages/airflow/example_dags/example_nested_branch_dag.py took 0.059 seconds
[2026-05-29T10:26:51.560+0200] {processor.py:157} INFO - Started process (PID=706110) to work on /home/frederic/airflow_venv/lib/python3.10/site-packages/airflow/example_dags/example_nested_branch_dag.py
[2026-05-29T10:26:51.561+0200] {processor.py:829} INFO - Processing file /home/frederic/airflow_venv/lib/python3.10/site-packages/airflow/example_dags/example_nested_branch_dag.py for tasks to queue
[2026-05-29T10:26:51.561+0200] {logging_mixin.py:151} INFO - [2026-05-29T10:26:51.561+0200] {dagbag.py:539} INFO - Filling up the DagBag from /home/frederic/airflow_venv/lib/python3.10/site-packages/airflow/example_dags/example_nested_branch_dag.py
[2026-05-29T10:26:51.570+0200] {processor.py:839} INFO - DAG(s) dict_keys(['example_nested_branch_dag']) retrieved from /home/frederic/airflow_venv/lib/python3.10/site-packages/airflow/example_dags/example_nested_branch_dag.py
[2026-05-29T10:26:51.667+0200] {logging_mixin.py:151} INFO - [2026-05-29T10:26:51.666+0200] {dag.py:2915} INFO - Sync 1 DAGs
[2026-05-29T10:26:51.682+0200] {logging_mixin.py:151} INFO - [2026-05-29T10:26:51.682+0200] {dag.py:3696} INFO - Setting next_dagrun for example_nested_branch_dag to 2026-05-28T00:00:00+00:00, run_after=2026-05-29T00:00:00+00:00
[2026-05-29T10:26:51.695+0200] {processor.py:179} INFO - Processing /home/frederic/airflow_venv/lib/python3.10/site-packages/airflow/example_dags/example_nested_branch_dag.py took 0.139 seconds
[2026-05-29T10:27:40.781+0200] {processor.py:157} INFO - Started process (PID=706597) to work on /home/frederic/airflow_venv/lib/python3.10/site-packages/airflow/example_dags/example_nested_branch_dag.py
[2026-05-29T10:27:40.782+0200] {processor.py:829} INFO - Processing file /home/frederic/airflow_venv/lib/python3.10/site-packages/airflow/example_dags/example_nested_branch_dag.py for tasks to queue
[2026-05-29T10:27:40.783+0200] {logging_mixin.py:151} INFO - [2026-05-29T10:27:40.783+0200] {dagbag.py:539} INFO - Filling up the DagBag from /home/frederic/airflow_venv/lib/python3.10/site-packages/airflow/example_dags/example_nested_branch_dag.py
[2026-05-29T10:27:40.794+0200] {processor.py:839} INFO - DAG(s) dict_keys(['example_nested_branch_dag']) retrieved from /home/frederic/airflow_venv/lib/python3.10/site-packages/airflow/example_dags/example_nested_branch_dag.py
[2026-05-29T10:27:40.809+0200] {logging_mixin.py:151} INFO - [2026-05-29T10:27:40.809+0200] {dag.py:2915} INFO - Sync 1 DAGs
[2026-05-29T10:27:40.828+0200] {logging_mixin.py:151} INFO - [2026-05-29T10:27:40.827+0200] {dag.py:3696} INFO - Setting next_dagrun for example_nested_branch_dag to 2026-05-28T00:00:00+00:00, run_after=2026-05-29T00:00:00+00:00
[2026-05-29T10:27:40.845+0200] {processor.py:179} INFO - Processing /home/frederic/airflow_venv/lib/python3.10/site-packages/airflow/example_dags/example_nested_branch_dag.py took 0.067 seconds
[2026-05-29T10:28:23.027+0200] {processor.py:157} INFO - Started process (PID=707106) to work on /home/frederic/airflow_venv/lib/python3.10/site-packages/airflow/example_dags/example_nested_branch_dag.py
[2026-05-29T10:28:23.028+0200] {processor.py:829} INFO - Processing file /home/frederic/airflow_venv/lib/python3.10/site-packages/airflow/example_dags/example_nested_branch_dag.py for tasks to queue
[2026-05-29T10:28:23.028+0200] {logging_mixin.py:151} INFO - [2026-05-29T10:28:23.028+0200] {dagbag.py:539} INFO - Filling up the DagBag from /home/frederic/airflow_venv/lib/python3.10/site-packages/airflow/example_dags/example_nested_branch_dag.py
[2026-05-29T10:28:23.037+0200] {processor.py:839} INFO - DAG(s) dict_keys(['example_nested_branch_dag']) retrieved from /home/frederic/airflow_venv/lib/python3.10/site-packages/airflow/example_dags/example_nested_branch_dag.py
[2026-05-29T10:28:23.051+0200] {logging_mixin.py:151} INFO - [2026-05-29T10:28:23.051+0200] {dag.py:2915} INFO - Sync 1 DAGs
[2026-05-29T10:28:23.068+0200] {logging_mixin.py:151} INFO - [2026-05-29T10:28:23.068+0200] {dag.py:3696} INFO - Setting next_dagrun for example_nested_branch_dag to 2026-05-28T00:00:00+00:00, run_after=2026-05-29T00:00:00+00:00
[2026-05-29T10:28:23.085+0200] {processor.py:179} INFO - Processing /home/frederic/airflow_venv/lib/python3.10/site-packages/airflow/example_dags/example_nested_branch_dag.py took 0.061 seconds
[2026-05-29T10:29:13.241+0200] {processor.py:157} INFO - Started process (PID=707787) to work on /home/frederic/airflow_venv/lib/python3.10/site-packages/airflow/example_dags/example_nested_branch_dag.py
[2026-05-29T10:29:13.242+0200] {processor.py:829} INFO - Processing file /home/frederic/airflow_venv/lib/python3.10/site-packages/airflow/example_dags/example_nested_branch_dag.py for tasks to queue
[2026-05-29T10:29:13.242+0200] {logging_mixin.py:151} INFO - [2026-05-29T10:29:13.242+0200] {dagbag.py:539} INFO - Filling up the DagBag from /home/frederic/airflow_venv/lib/python3.10/site-packages/airflow/example_dags/example_nested_branch_dag.py
[2026-05-29T10:29:13.251+0200] {processor.py:839} INFO - DAG(s) dict_keys(['example_nested_branch_dag']) retrieved from /home/frederic/airflow_venv/lib/python3.10/site-packages/airflow/example_dags/example_nested_branch_dag.py
[2026-05-29T10:29:13.266+0200] {logging_mixin.py:151} INFO - [2026-05-29T10:29:13.266+0200] {dag.py:2915} INFO - Sync 1 DAGs
[2026-05-29T10:29:13.284+0200] {logging_mixin.py:151} INFO - [2026-05-29T10:29:13.284+0200] {dag.py:3696} INFO - Setting next_dagrun for example_nested_branch_dag to 2026-05-28T00:00:00+00:00, run_after=2026-05-29T00:00:00+00:00
[2026-05-29T10:29:13.299+0200] {processor.py:179} INFO - Processing /home/frederic/airflow_venv/lib/python3.10/site-packages/airflow/example_dags/example_nested_branch_dag.py took 0.062 seconds
[2026-05-29T10:29:58.353+0200] {processor.py:157} INFO - Started process (PID=708291) to work on /home/frederic/airflow_venv/lib/python3.10/site-packages/airflow/example_dags/example_nested_branch_dag.py
[2026-05-29T10:29:58.354+0200] {processor.py:829} INFO - Processing file /home/frederic/airflow_venv/lib/python3.10/site-packages/airflow/example_dags/example_nested_branch_dag.py for tasks to queue
[2026-05-29T10:29:58.354+0200] {logging_mixin.py:151} INFO - [2026-05-29T10:29:58.354+0200] {dagbag.py:539} INFO - Filling up the DagBag from /home/frederic/airflow_venv/lib/python3.10/site-packages/airflow/example_dags/example_nested_branch_dag.py
[2026-05-29T10:29:58.362+0200] {processor.py:839} INFO - DAG(s) dict_keys(['example_nested_branch_dag']) retrieved from /home/frederic/airflow_venv/lib/python3.10/site-packages/airflow/example_dags/example_nested_branch_dag.py
[2026-05-29T10:29:58.376+0200] {logging_mixin.py:151} INFO - [2026-05-29T10:29:58.375+0200] {dag.py:2915} INFO - Sync 1 DAGs
[2026-05-29T10:29:58.396+0200] {logging_mixin.py:151} INFO - [2026-05-29T10:29:58.396+0200] {dag.py:3696} INFO - Setting next_dagrun for example_nested_branch_dag to 2026-05-28T00:00:00+00:00, run_after=2026-05-29T00:00:00+00:00
[2026-05-29T10:29:58.418+0200] {processor.py:179} INFO - Processing /home/frederic/airflow_venv/lib/python3.10/site-packages/airflow/example_dags/example_nested_branch_dag.py took 0.067 seconds
[2026-05-29T10:30:46.811+0200] {processor.py:157} INFO - Started process (PID=708962) to work on /home/frederic/airflow_venv/lib/python3.10/site-packages/airflow/example_dags/example_nested_branch_dag.py
[2026-05-29T10:30:46.812+0200] {processor.py:829} INFO - Processing file /home/frederic/airflow_venv/lib/python3.10/site-packages/airflow/example_dags/example_nested_branch_dag.py for tasks to queue
[2026-05-29T10:30:46.813+0200] {logging_mixin.py:151} INFO - [2026-05-29T10:30:46.812+0200] {dagbag.py:539} INFO - Filling up the DagBag from /home/frederic/airflow_venv/lib/python3.10/site-packages/airflow/example_dags/example_nested_branch_dag.py
[2026-05-29T10:30:46.821+0200] {processor.py:839} INFO - DAG(s) dict_keys(['example_nested_branch_dag']) retrieved from /home/frederic/airflow_venv/lib/python3.10/site-packages/airflow/example_dags/example_nested_branch_dag.py
[2026-05-29T10:30:46.839+0200] {logging_mixin.py:151} INFO - [2026-05-29T10:30:46.839+0200] {dag.py:2915} INFO - Sync 1 DAGs
[2026-05-29T10:30:46.860+0200] {logging_mixin.py:151} INFO - [2026-05-29T10:30:46.860+0200] {dag.py:3696} INFO - Setting next_dagrun for example_nested_branch_dag to 2026-05-28T00:00:00+00:00, run_after=2026-05-29T00:00:00+00:00
[2026-05-29T10:30:46.875+0200] {processor.py:179} INFO - Processing /home/frederic/airflow_venv/lib/python3.10/site-packages/airflow/example_dags/example_nested_branch_dag.py took 0.067 seconds
[2026-05-29T10:31:32.015+0200] {processor.py:157} INFO - Started process (PID=709466) to work on /home/frederic/airflow_venv/lib/python3.10/site-packages/airflow/example_dags/example_nested_branch_dag.py
[2026-05-29T10:31:32.016+0200] {processor.py:829} INFO - Processing file /home/frederic/airflow_venv/lib/python3.10/site-packages/airflow/example_dags/example_nested_branch_dag.py for tasks to queue
[2026-05-29T10:31:32.016+0200] {logging_mixin.py:151} INFO - [2026-05-29T10:31:32.016+0200] {dagbag.py:539} INFO - Filling up the DagBag from /home/frederic/airflow_venv/lib/python3.10/site-packages/airflow/example_dags/example_nested_branch_dag.py
[2026-05-29T10:31:32.025+0200] {processor.py:839} INFO - DAG(s) dict_keys(['example_nested_branch_dag']) retrieved from /home/frederic/airflow_venv/lib/python3.10/site-packages/airflow/example_dags/example_nested_branch_dag.py
[2026-05-29T10:31:32.040+0200] {logging_mixin.py:151} INFO - [2026-05-29T10:31:32.040+0200] {dag.py:2915} INFO - Sync 1 DAGs
[2026-05-29T10:31:32.056+0200] {logging_mixin.py:151} INFO - [2026-05-29T10:31:32.056+0200] {dag.py:3696} INFO - Setting next_dagrun for example_nested_branch_dag to 2026-05-28T00:00:00+00:00, run_after=2026-05-29T00:00:00+00:00
[2026-05-29T10:31:32.070+0200] {processor.py:179} INFO - Processing /home/frederic/airflow_venv/lib/python3.10/site-packages/airflow/example_dags/example_nested_branch_dag.py took 0.058 seconds
[2026-05-29T10:32:15.873+0200] {processor.py:157} INFO - Started process (PID=710026) to work on /home/frederic/airflow_venv/lib/python3.10/site-packages/airflow/example_dags/example_nested_branch_dag.py
[2026-05-29T10:32:15.874+0200] {processor.py:829} INFO - Processing file /home/frederic/airflow_venv/lib/python3.10/site-packages/airflow/example_dags/example_nested_branch_dag.py for tasks to queue
[2026-05-29T10:32:15.874+0200] {logging_mixin.py:151} INFO - [2026-05-29T10:32:15.874+0200] {dagbag.py:539} INFO - Filling up the DagBag from /home/frederic/airflow_venv/lib/python3.10/site-packages/airflow/example_dags/example_nested_branch_dag.py
[2026-05-29T10:32:15.882+0200] {processor.py:839} INFO - DAG(s) dict_keys(['example_nested_branch_dag']) retrieved from /home/frederic/airflow_venv/lib/python3.10/site-packages/airflow/example_dags/example_nested_branch_dag.py
[2026-05-29T10:32:15.896+0200] {logging_mixin.py:151} INFO - [2026-05-29T10:32:15.896+0200] {dag.py:2915} INFO - Sync 1 DAGs
[2026-05-29T10:32:15.913+0200] {logging_mixin.py:151} INFO - [2026-05-29T10:32:15.913+0200] {dag.py:3696} INFO - Setting next_dagrun for example_nested_branch_dag to 2026-05-28T00:00:00+00:00, run_after=2026-05-29T00:00:00+00:00
[2026-05-29T10:32:15.929+0200] {processor.py:179} INFO - Processing /home/frederic/airflow_venv/lib/python3.10/site-packages/airflow/example_dags/example_nested_branch_dag.py took 0.059 seconds
[2026-05-29T10:33:00.874+0200] {processor.py:157} INFO - Started process (PID=710605) to work on /home/frederic/airflow_venv/lib/python3.10/site-packages/airflow/example_dags/example_nested_branch_dag.py
[2026-05-29T10:33:00.875+0200] {processor.py:829} INFO - Processing file /home/frederic/airflow_venv/lib/python3.10/site-packages/airflow/example_dags/example_nested_branch_dag.py for tasks to queue
[2026-05-29T10:33:00.876+0200] {logging_mixin.py:151} INFO - [2026-05-29T10:33:00.875+0200] {dagbag.py:539} INFO - Filling up the DagBag from /home/frederic/airflow_venv/lib/python3.10/site-packages/airflow/example_dags/example_nested_branch_dag.py
[2026-05-29T10:33:00.887+0200] {processor.py:839} INFO - DAG(s) dict_keys(['example_nested_branch_dag']) retrieved from /home/frederic/airflow_venv/lib/python3.10/site-packages/airflow/example_dags/example_nested_branch_dag.py
[2026-05-29T10:33:00.908+0200] {logging_mixin.py:151} INFO - [2026-05-29T10:33:00.908+0200] {dag.py:2915} INFO - Sync 1 DAGs
[2026-05-29T10:33:00.928+0200] {logging_mixin.py:151} INFO - [2026-05-29T10:33:00.927+0200] {dag.py:3696} INFO - Setting next_dagrun for example_nested_branch_dag to 2026-05-28T00:00:00+00:00, run_after=2026-05-29T00:00:00+00:00
[2026-05-29T10:33:00.944+0200] {processor.py:179} INFO - Processing /home/frederic/airflow_venv/lib/python3.10/site-packages/airflow/example_dags/example_nested_branch_dag.py took 0.072 seconds
[2026-05-29T10:33:48.567+0200] {processor.py:157} INFO - Started process (PID=711407) to work on /home/frederic/airflow_venv/lib/python3.10/site-packages/airflow/example_dags/example_nested_branch_dag.py
[2026-05-29T10:33:48.568+0200] {processor.py:829} INFO - Processing file /home/frederic/airflow_venv/lib/python3.10/site-packages/airflow/example_dags/example_nested_branch_dag.py for tasks to queue
[2026-05-29T10:33:48.569+0200] {logging_mixin.py:151} INFO - [2026-05-29T10:33:48.568+0200] {dagbag.py:539} INFO - Filling up the DagBag from /home/frederic/airflow_venv/lib/python3.10/site-packages/airflow/example_dags/example_nested_branch_dag.py
[2026-05-29T10:33:48.577+0200] {processor.py:839} INFO - DAG(s) dict_keys(['example_nested_branch_dag']) retrieved from /home/frederic/airflow_venv/lib/python3.10/site-packages/airflow/example_dags/example_nested_branch_dag.py
[2026-05-29T10:33:48.596+0200] {logging_mixin.py:151} INFO - [2026-05-29T10:33:48.596+0200] {dag.py:2915} INFO - Sync 1 DAGs
[2026-05-29T10:33:48.620+0200] {logging_mixin.py:151} INFO - [2026-05-29T10:33:48.619+0200] {dag.py:3696} INFO - Setting next_dagrun for example_nested_branch_dag to 2026-05-28T00:00:00+00:00, run_after=2026-05-29T00:00:00+00:00
[2026-05-29T10:33:48.637+0200] {processor.py:179} INFO - Processing /home/frederic/airflow_venv/lib/python3.10/site-packages/airflow/example_dags/example_nested_branch_dag.py took 0.073 seconds
[2026-05-29T10:34:30.394+0200] {processor.py:157} INFO - Started process (PID=712010) to work on /home/frederic/airflow_venv/lib/python3.10/site-packages/airflow/example_dags/example_nested_branch_dag.py
[2026-05-29T10:34:30.395+0200] {processor.py:829} INFO - Processing file /home/frederic/airflow_venv/lib/python3.10/site-packages/airflow/example_dags/example_nested_branch_dag.py for tasks to queue
[2026-05-29T10:34:30.396+0200] {logging_mixin.py:151} INFO - [2026-05-29T10:34:30.395+0200] {dagbag.py:539} INFO - Filling up the DagBag from /home/frederic/airflow_venv/lib/python3.10/site-packages/airflow/example_dags/example_nested_branch_dag.py
[2026-05-29T10:34:30.404+0200] {processor.py:839} INFO - DAG(s) dict_keys(['example_nested_branch_dag']) retrieved from /home/frederic/airflow_venv/lib/python3.10/site-packages/airflow/example_dags/example_nested_branch_dag.py
[2026-05-29T10:34:30.419+0200] {logging_mixin.py:151} INFO - [2026-05-29T10:34:30.418+0200] {dag.py:2915} INFO - Sync 1 DAGs
[2026-05-29T10:34:30.437+0200] {logging_mixin.py:151} INFO - [2026-05-29T10:34:30.437+0200] {dag.py:3696} INFO - Setting next_dagrun for example_nested_branch_dag to 2026-05-28T00:00:00+00:00, run_after=2026-05-29T00:00:00+00:00
[2026-05-29T10:34:30.453+0200] {processor.py:179} INFO - Processing /home/frederic/airflow_venv/lib/python3.10/site-packages/airflow/example_dags/example_nested_branch_dag.py took 0.061 seconds
[2026-05-29T10:35:19.001+0200] {processor.py:157} INFO - Started process (PID=712501) to work on /home/frederic/airflow_venv/lib/python3.10/site-packages/airflow/example_dags/example_nested_branch_dag.py
[2026-05-29T10:35:19.003+0200] {processor.py:829} INFO - Processing file /home/frederic/airflow_venv/lib/python3.10/site-packages/airflow/example_dags/example_nested_branch_dag.py for tasks to queue
[2026-05-29T10:35:19.004+0200] {logging_mixin.py:151} INFO - [2026-05-29T10:35:19.004+0200] {dagbag.py:539} INFO - Filling up the DagBag from /home/frederic/airflow_venv/lib/python3.10/site-packages/airflow/example_dags/example_nested_branch_dag.py
[2026-05-29T10:35:19.016+0200] {processor.py:839} INFO - DAG(s) dict_keys(['example_nested_branch_dag']) retrieved from /home/frederic/airflow_venv/lib/python3.10/site-packages/airflow/example_dags/example_nested_branch_dag.py
[2026-05-29T10:35:19.034+0200] {logging_mixin.py:151} INFO - [2026-05-29T10:35:19.034+0200] {dag.py:2915} INFO - Sync 1 DAGs
[2026-05-29T10:35:19.052+0200] {logging_mixin.py:151} INFO - [2026-05-29T10:35:19.052+0200] {dag.py:3696} INFO - Setting next_dagrun for example_nested_branch_dag to 2026-05-28T00:00:00+00:00, run_after=2026-05-29T00:00:00+00:00
[2026-05-29T10:35:19.067+0200] {processor.py:179} INFO - Processing /home/frederic/airflow_venv/lib/python3.10/site-packages/airflow/example_dags/example_nested_branch_dag.py took 0.069 seconds
[2026-05-29T10:36:06.702+0200] {processor.py:157} INFO - Started process (PID=713017) to work on /home/frederic/airflow_venv/lib/python3.10/site-packages/airflow/example_dags/example_nested_branch_dag.py
[2026-05-29T10:36:06.706+0200] {processor.py:829} INFO - Processing file /home/frederic/airflow_venv/lib/python3.10/site-packages/airflow/example_dags/example_nested_branch_dag.py for tasks to queue
[2026-05-29T10:36:06.707+0200] {logging_mixin.py:151} INFO - [2026-05-29T10:36:06.706+0200] {dagbag.py:539} INFO - Filling up the DagBag from /home/frederic/airflow_venv/lib/python3.10/site-packages/airflow/example_dags/example_nested_branch_dag.py
[2026-05-29T10:36:06.719+0200] {processor.py:839} INFO - DAG(s) dict_keys(['example_nested_branch_dag']) retrieved from /home/frederic/airflow_venv/lib/python3.10/site-packages/airflow/example_dags/example_nested_branch_dag.py
[2026-05-29T10:36:06.735+0200] {logging_mixin.py:151} INFO - [2026-05-29T10:36:06.735+0200] {dag.py:2915} INFO - Sync 1 DAGs
[2026-05-29T10:36:06.752+0200] {logging_mixin.py:151} INFO - [2026-05-29T10:36:06.752+0200] {dag.py:3696} INFO - Setting next_dagrun for example_nested_branch_dag to 2026-05-28T00:00:00+00:00, run_after=2026-05-29T00:00:00+00:00
[2026-05-29T10:36:06.768+0200] {processor.py:179} INFO - Processing /home/frederic/airflow_venv/lib/python3.10/site-packages/airflow/example_dags/example_nested_branch_dag.py took 0.069 seconds
[2026-05-29T10:36:50.037+0200] {processor.py:157} INFO - Started process (PID=713553) to work on /home/frederic/airflow_venv/lib/python3.10/site-packages/airflow/example_dags/example_nested_branch_dag.py
[2026-05-29T10:36:50.038+0200] {processor.py:829} INFO - Processing file /home/frederic/airflow_venv/lib/python3.10/site-packages/airflow/example_dags/example_nested_branch_dag.py for tasks to queue
[2026-05-29T10:36:50.039+0200] {logging_mixin.py:151} INFO - [2026-05-29T10:36:50.039+0200] {dagbag.py:539} INFO - Filling up the DagBag from /home/frederic/airflow_venv/lib/python3.10/site-packages/airflow/example_dags/example_nested_branch_dag.py
[2026-05-29T10:36:50.047+0200] {processor.py:839} INFO - DAG(s) dict_keys(['example_nested_branch_dag']) retrieved from /home/frederic/airflow_venv/lib/python3.10/site-packages/airflow/example_dags/example_nested_branch_dag.py
[2026-05-29T10:36:50.062+0200] {logging_mixin.py:151} INFO - [2026-05-29T10:36:50.062+0200] {dag.py:2915} INFO - Sync 1 DAGs
[2026-05-29T10:36:50.078+0200] {logging_mixin.py:151} INFO - [2026-05-29T10:36:50.078+0200] {dag.py:3696} INFO - Setting next_dagrun for example_nested_branch_dag to 2026-05-28T00:00:00+00:00, run_after=2026-05-29T00:00:00+00:00
[2026-05-29T10:36:50.093+0200] {processor.py:179} INFO - Processing /home/frederic/airflow_venv/lib/python3.10/site-packages/airflow/example_dags/example_nested_branch_dag.py took 0.058 seconds
[2026-05-29T10:37:40.201+0200] {processor.py:157} INFO - Started process (PID=714294) to work on /home/frederic/airflow_venv/lib/python3.10/site-packages/airflow/example_dags/example_nested_branch_dag.py
[2026-05-29T10:37:40.202+0200] {processor.py:829} INFO - Processing file /home/frederic/airflow_venv/lib/python3.10/site-packages/airflow/example_dags/example_nested_branch_dag.py for tasks to queue
[2026-05-29T10:37:40.203+0200] {logging_mixin.py:151} INFO - [2026-05-29T10:37:40.203+0200] {dagbag.py:539} INFO - Filling up the DagBag from /home/frederic/airflow_venv/lib/python3.10/site-packages/airflow/example_dags/example_nested_branch_dag.py
[2026-05-29T10:37:40.212+0200] {processor.py:839} INFO - DAG(s) dict_keys(['example_nested_branch_dag']) retrieved from /home/frederic/airflow_venv/lib/python3.10/site-packages/airflow/example_dags/example_nested_branch_dag.py
[2026-05-29T10:37:40.228+0200] {logging_mixin.py:151} INFO - [2026-05-29T10:37:40.227+0200] {dag.py:2915} INFO - Sync 1 DAGs
[2026-05-29T10:37:40.244+0200] {logging_mixin.py:151} INFO - [2026-05-29T10:37:40.244+0200] {dag.py:3696} INFO - Setting next_dagrun for example_nested_branch_dag to 2026-05-28T00:00:00+00:00, run_after=2026-05-29T00:00:00+00:00
[2026-05-29T10:37:40.258+0200] {processor.py:179} INFO - Processing /home/frederic/airflow_venv/lib/python3.10/site-packages/airflow/example_dags/example_nested_branch_dag.py took 0.060 seconds
[2026-05-29T10:38:25.316+0200] {processor.py:157} INFO - Started process (PID=714944) to work on /home/frederic/airflow_venv/lib/python3.10/site-packages/airflow/example_dags/example_nested_branch_dag.py
[2026-05-29T10:38:25.317+0200] {processor.py:829} INFO - Processing file /home/frederic/airflow_venv/lib/python3.10/site-packages/airflow/example_dags/example_nested_branch_dag.py for tasks to queue
[2026-05-29T10:38:25.317+0200] {logging_mixin.py:151} INFO - [2026-05-29T10:38:25.317+0200] {dagbag.py:539} INFO - Filling up the DagBag from /home/frederic/airflow_venv/lib/python3.10/site-packages/airflow/example_dags/example_nested_branch_dag.py
[2026-05-29T10:38:25.326+0200] {processor.py:839} INFO - DAG(s) dict_keys(['example_nested_branch_dag']) retrieved from /home/frederic/airflow_venv/lib/python3.10/site-packages/airflow/example_dags/example_nested_branch_dag.py
[2026-05-29T10:38:25.342+0200] {logging_mixin.py:151} INFO - [2026-05-29T10:38:25.342+0200] {dag.py:2915} INFO - Sync 1 DAGs
[2026-05-29T10:38:25.360+0200] {logging_mixin.py:151} INFO - [2026-05-29T10:38:25.360+0200] {dag.py:3696} INFO - Setting next_dagrun for example_nested_branch_dag to 2026-05-28T00:00:00+00:00, run_after=2026-05-29T00:00:00+00:00
[2026-05-29T10:38:25.376+0200] {processor.py:179} INFO - Processing /home/frederic/airflow_venv/lib/python3.10/site-packages/airflow/example_dags/example_nested_branch_dag.py took 0.063 seconds
[2026-05-29T10:39:08.927+0200] {processor.py:157} INFO - Started process (PID=715646) to work on /home/frederic/airflow_venv/lib/python3.10/site-packages/airflow/example_dags/example_nested_branch_dag.py
[2026-05-29T10:39:08.929+0200] {processor.py:829} INFO - Processing file /home/frederic/airflow_venv/lib/python3.10/site-packages/airflow/example_dags/example_nested_branch_dag.py for tasks to queue
[2026-05-29T10:39:08.930+0200] {logging_mixin.py:151} INFO - [2026-05-29T10:39:08.930+0200] {dagbag.py:539} INFO - Filling up the DagBag from /home/frederic/airflow_venv/lib/python3.10/site-packages/airflow/example_dags/example_nested_branch_dag.py
[2026-05-29T10:39:08.942+0200] {processor.py:839} INFO - DAG(s) dict_keys(['example_nested_branch_dag']) retrieved from /home/frederic/airflow_venv/lib/python3.10/site-packages/airflow/example_dags/example_nested_branch_dag.py
[2026-05-29T10:39:08.957+0200] {logging_mixin.py:151} INFO - [2026-05-29T10:39:08.957+0200] {dag.py:2915} INFO - Sync 1 DAGs
[2026-05-29T10:39:08.973+0200] {logging_mixin.py:151} INFO - [2026-05-29T10:39:08.973+0200] {dag.py:3696} INFO - Setting next_dagrun for example_nested_branch_dag to 2026-05-28T00:00:00+00:00, run_after=2026-05-29T00:00:00+00:00
[2026-05-29T10:39:08.988+0200] {processor.py:179} INFO - Processing /home/frederic/airflow_venv/lib/python3.10/site-packages/airflow/example_dags/example_nested_branch_dag.py took 0.063 seconds
[2026-05-29T10:39:56.649+0200] {processor.py:157} INFO - Started process (PID=716261) to work on /home/frederic/airflow_venv/lib/python3.10/site-packages/airflow/example_dags/example_nested_branch_dag.py
[2026-05-29T10:39:56.650+0200] {processor.py:829} INFO - Processing file /home/frederic/airflow_venv/lib/python3.10/site-packages/airflow/example_dags/example_nested_branch_dag.py for tasks to queue
[2026-05-29T10:39:56.651+0200] {logging_mixin.py:151} INFO - [2026-05-29T10:39:56.650+0200] {dagbag.py:539} INFO - Filling up the DagBag from /home/frederic/airflow_venv/lib/python3.10/site-packages/airflow/example_dags/example_nested_branch_dag.py
[2026-05-29T10:39:56.659+0200] {processor.py:839} INFO - DAG(s) dict_keys(['example_nested_branch_dag']) retrieved from /home/frederic/airflow_venv/lib/python3.10/site-packages/airflow/example_dags/example_nested_branch_dag.py
[2026-05-29T10:39:56.672+0200] {logging_mixin.py:151} INFO - [2026-05-29T10:39:56.672+0200] {dag.py:2915} INFO - Sync 1 DAGs
[2026-05-29T10:39:56.689+0200] {logging_mixin.py:151} INFO - [2026-05-29T10:39:56.688+0200] {dag.py:3696} INFO - Setting next_dagrun for example_nested_branch_dag to 2026-05-28T00:00:00+00:00, run_after=2026-05-29T00:00:00+00:00
[2026-05-29T10:39:56.702+0200] {processor.py:179} INFO - Processing /home/frederic/airflow_venv/lib/python3.10/site-packages/airflow/example_dags/example_nested_branch_dag.py took 0.056 seconds
[2026-05-29T10:40:40.181+0200] {processor.py:157} INFO - Started process (PID=716726) to work on /home/frederic/airflow_venv/lib/python3.10/site-packages/airflow/example_dags/example_nested_branch_dag.py
[2026-05-29T10:40:40.182+0200] {processor.py:829} INFO - Processing file /home/frederic/airflow_venv/lib/python3.10/site-packages/airflow/example_dags/example_nested_branch_dag.py for tasks to queue
[2026-05-29T10:40:40.183+0200] {logging_mixin.py:151} INFO - [2026-05-29T10:40:40.182+0200] {dagbag.py:539} INFO - Filling up the DagBag from /home/frederic/airflow_venv/lib/python3.10/site-packages/airflow/example_dags/example_nested_branch_dag.py
[2026-05-29T10:40:40.191+0200] {processor.py:839} INFO - DAG(s) dict_keys(['example_nested_branch_dag']) retrieved from /home/frederic/airflow_venv/lib/python3.10/site-packages/airflow/example_dags/example_nested_branch_dag.py
[2026-05-29T10:40:40.205+0200] {logging_mixin.py:151} INFO - [2026-05-29T10:40:40.205+0200] {dag.py:2915} INFO - Sync 1 DAGs
[2026-05-29T10:40:40.223+0200] {logging_mixin.py:151} INFO - [2026-05-29T10:40:40.222+0200] {dag.py:3696} INFO - Setting next_dagrun for example_nested_branch_dag to 2026-05-28T00:00:00+00:00, run_after=2026-05-29T00:00:00+00:00
[2026-05-29T10:40:40.237+0200] {processor.py:179} INFO - Processing /home/frederic/airflow_venv/lib/python3.10/site-packages/airflow/example_dags/example_nested_branch_dag.py took 0.059 seconds
[2026-05-29T10:41:26.715+0200] {processor.py:157} INFO - Started process (PID=717255) to work on /home/frederic/airflow_venv/lib/python3.10/site-packages/airflow/example_dags/example_nested_branch_dag.py
[2026-05-29T10:41:26.715+0200] {processor.py:829} INFO - Processing file /home/frederic/airflow_venv/lib/python3.10/site-packages/airflow/example_dags/example_nested_branch_dag.py for tasks to queue
[2026-05-29T10:41:26.716+0200] {logging_mixin.py:151} INFO - [2026-05-29T10:41:26.716+0200] {dagbag.py:539} INFO - Filling up the DagBag from /home/frederic/airflow_venv/lib/python3.10/site-packages/airflow/example_dags/example_nested_branch_dag.py
[2026-05-29T10:41:26.726+0200] {processor.py:839} INFO - DAG(s) dict_keys(['example_nested_branch_dag']) retrieved from /home/frederic/airflow_venv/lib/python3.10/site-packages/airflow/example_dags/example_nested_branch_dag.py
[2026-05-29T10:41:26.743+0200] {logging_mixin.py:151} INFO - [2026-05-29T10:41:26.743+0200] {dag.py:2915} INFO - Sync 1 DAGs
[2026-05-29T10:41:26.764+0200] {logging_mixin.py:151} INFO - [2026-05-29T10:41:26.763+0200] {dag.py:3696} INFO - Setting next_dagrun for example_nested_branch_dag to 2026-05-28T00:00:00+00:00, run_after=2026-05-29T00:00:00+00:00
[2026-05-29T10:41:26.786+0200] {processor.py:179} INFO - Processing /home/frederic/airflow_venv/lib/python3.10/site-packages/airflow/example_dags/example_nested_branch_dag.py took 0.074 seconds
[2026-05-29T10:42:13.106+0200] {processor.py:157} INFO - Started process (PID=717712) to work on /home/frederic/airflow_venv/lib/python3.10/site-packages/airflow/example_dags/example_nested_branch_dag.py
[2026-05-29T10:42:13.107+0200] {processor.py:829} INFO - Processing file /home/frederic/airflow_venv/lib/python3.10/site-packages/airflow/example_dags/example_nested_branch_dag.py for tasks to queue
[2026-05-29T10:42:13.107+0200] {logging_mixin.py:151} INFO - [2026-05-29T10:42:13.107+0200] {dagbag.py:539} INFO - Filling up the DagBag from /home/frederic/airflow_venv/lib/python3.10/site-packages/airflow/example_dags/example_nested_branch_dag.py
[2026-05-29T10:42:13.119+0200] {processor.py:839} INFO - DAG(s) dict_keys(['example_nested_branch_dag']) retrieved from /home/frederic/airflow_venv/lib/python3.10/site-packages/airflow/example_dags/example_nested_branch_dag.py
[2026-05-29T10:42:13.136+0200] {logging_mixin.py:151} INFO - [2026-05-29T10:42:13.135+0200] {dag.py:2915} INFO - Sync 1 DAGs
[2026-05-29T10:42:13.158+0200] {logging_mixin.py:151} INFO - [2026-05-29T10:42:13.158+0200] {dag.py:3696} INFO - Setting next_dagrun for example_nested_branch_dag to 2026-05-28T00:00:00+00:00, run_after=2026-05-29T00:00:00+00:00
[2026-05-29T10:42:13.176+0200] {processor.py:179} INFO - Processing /home/frederic/airflow_venv/lib/python3.10/site-packages/airflow/example_dags/example_nested_branch_dag.py took 0.073 seconds
[2026-05-29T10:43:00.058+0200] {processor.py:157} INFO - Started process (PID=718159) to work on /home/frederic/airflow_venv/lib/python3.10/site-packages/airflow/example_dags/example_nested_branch_dag.py
[2026-05-29T10:43:00.059+0200] {processor.py:829} INFO - Processing file /home/frederic/airflow_venv/lib/python3.10/site-packages/airflow/example_dags/example_nested_branch_dag.py for tasks to queue
[2026-05-29T10:43:00.060+0200] {logging_mixin.py:151} INFO - [2026-05-29T10:43:00.060+0200] {dagbag.py:539} INFO - Filling up the DagBag from /home/frederic/airflow_venv/lib/python3.10/site-packages/airflow/example_dags/example_nested_branch_dag.py
[2026-05-29T10:43:00.068+0200] {processor.py:839} INFO - DAG(s) dict_keys(['example_nested_branch_dag']) retrieved from /home/frederic/airflow_venv/lib/python3.10/site-packages/airflow/example_dags/example_nested_branch_dag.py
[2026-05-29T10:43:00.085+0200] {logging_mixin.py:151} INFO - [2026-05-29T10:43:00.085+0200] {dag.py:2915} INFO - Sync 1 DAGs
[2026-05-29T10:43:00.101+0200] {logging_mixin.py:151} INFO - [2026-05-29T10:43:00.101+0200] {dag.py:3696} INFO - Setting next_dagrun for example_nested_branch_dag to 2026-05-28T00:00:00+00:00, run_after=2026-05-29T00:00:00+00:00
[2026-05-29T10:43:00.115+0200] {processor.py:179} INFO - Processing /home/frederic/airflow_venv/lib/python3.10/site-packages/airflow/example_dags/example_nested_branch_dag.py took 0.059 seconds
[2026-05-29T10:43:42.866+0200] {processor.py:157} INFO - Started process (PID=718668) to work on /home/frederic/airflow_venv/lib/python3.10/site-packages/airflow/example_dags/example_nested_branch_dag.py
[2026-05-29T10:43:42.868+0200] {processor.py:829} INFO - Processing file /home/frederic/airflow_venv/lib/python3.10/site-packages/airflow/example_dags/example_nested_branch_dag.py for tasks to queue
[2026-05-29T10:43:42.869+0200] {logging_mixin.py:151} INFO - [2026-05-29T10:43:42.868+0200] {dagbag.py:539} INFO - Filling up the DagBag from /home/frederic/airflow_venv/lib/python3.10/site-packages/airflow/example_dags/example_nested_branch_dag.py
[2026-05-29T10:43:42.878+0200] {processor.py:839} INFO - DAG(s) dict_keys(['example_nested_branch_dag']) retrieved from /home/frederic/airflow_venv/lib/python3.10/site-packages/airflow/example_dags/example_nested_branch_dag.py
[2026-05-29T10:43:42.892+0200] {logging_mixin.py:151} INFO - [2026-05-29T10:43:42.892+0200] {dag.py:2915} INFO - Sync 1 DAGs
[2026-05-29T10:43:42.908+0200] {logging_mixin.py:151} INFO - [2026-05-29T10:43:42.908+0200] {dag.py:3696} INFO - Setting next_dagrun for example_nested_branch_dag to 2026-05-28T00:00:00+00:00, run_after=2026-05-29T00:00:00+00:00
[2026-05-29T10:43:42.924+0200] {processor.py:179} INFO - Processing /home/frederic/airflow_venv/lib/python3.10/site-packages/airflow/example_dags/example_nested_branch_dag.py took 0.060 seconds
[2026-05-29T10:44:28.019+0200] {processor.py:157} INFO - Started process (PID=719218) to work on /home/frederic/airflow_venv/lib/python3.10/site-packages/airflow/example_dags/example_nested_branch_dag.py
[2026-05-29T10:44:28.020+0200] {processor.py:829} INFO - Processing file /home/frederic/airflow_venv/lib/python3.10/site-packages/airflow/example_dags/example_nested_branch_dag.py for tasks to queue
[2026-05-29T10:44:28.021+0200] {logging_mixin.py:151} INFO - [2026-05-29T10:44:28.020+0200] {dagbag.py:539} INFO - Filling up the DagBag from /home/frederic/airflow_venv/lib/python3.10/site-packages/airflow/example_dags/example_nested_branch_dag.py
[2026-05-29T10:44:28.032+0200] {processor.py:839} INFO - DAG(s) dict_keys(['example_nested_branch_dag']) retrieved from /home/frederic/airflow_venv/lib/python3.10/site-packages/airflow/example_dags/example_nested_branch_dag.py
[2026-05-29T10:44:28.050+0200] {logging_mixin.py:151} INFO - [2026-05-29T10:44:28.049+0200] {dag.py:2915} INFO - Sync 1 DAGs
[2026-05-29T10:44:28.071+0200] {logging_mixin.py:151} INFO - [2026-05-29T10:44:28.071+0200] {dag.py:3696} INFO - Setting next_dagrun for example_nested_branch_dag to 2026-05-28T00:00:00+00:00, run_after=2026-05-29T00:00:00+00:00
[2026-05-29T10:44:28.091+0200] {processor.py:179} INFO - Processing /home/frederic/airflow_venv/lib/python3.10/site-packages/airflow/example_dags/example_nested_branch_dag.py took 0.074 seconds
[2026-05-29T10:45:17.567+0200] {processor.py:157} INFO - Started process (PID=720009) to work on /home/frederic/airflow_venv/lib/python3.10/site-packages/airflow/example_dags/example_nested_branch_dag.py
[2026-05-29T10:45:17.568+0200] {processor.py:829} INFO - Processing file /home/frederic/airflow_venv/lib/python3.10/site-packages/airflow/example_dags/example_nested_branch_dag.py for tasks to queue
[2026-05-29T10:45:17.569+0200] {logging_mixin.py:151} INFO - [2026-05-29T10:45:17.568+0200] {dagbag.py:539} INFO - Filling up the DagBag from /home/frederic/airflow_venv/lib/python3.10/site-packages/airflow/example_dags/example_nested_branch_dag.py
[2026-05-29T10:45:17.577+0200] {processor.py:839} INFO - DAG(s) dict_keys(['example_nested_branch_dag']) retrieved from /home/frederic/airflow_venv/lib/python3.10/site-packages/airflow/example_dags/example_nested_branch_dag.py
[2026-05-29T10:45:17.592+0200] {logging_mixin.py:151} INFO - [2026-05-29T10:45:17.591+0200] {dag.py:2915} INFO - Sync 1 DAGs
[2026-05-29T10:45:17.609+0200] {logging_mixin.py:151} INFO - [2026-05-29T10:45:17.609+0200] {dag.py:3696} INFO - Setting next_dagrun for example_nested_branch_dag to 2026-05-28T00:00:00+00:00, run_after=2026-05-29T00:00:00+00:00
[2026-05-29T10:45:17.624+0200] {processor.py:179} INFO - Processing /home/frederic/airflow_venv/lib/python3.10/site-packages/airflow/example_dags/example_nested_branch_dag.py took 0.059 seconds
[2026-05-29T10:46:02.615+0200] {processor.py:157} INFO - Started process (PID=720435) to work on /home/frederic/airflow_venv/lib/python3.10/site-packages/airflow/example_dags/example_nested_branch_dag.py
[2026-05-29T10:46:02.616+0200] {processor.py:829} INFO - Processing file /home/frederic/airflow_venv/lib/python3.10/site-packages/airflow/example_dags/example_nested_branch_dag.py for tasks to queue
[2026-05-29T10:46:02.617+0200] {logging_mixin.py:151} INFO - [2026-05-29T10:46:02.617+0200] {dagbag.py:539} INFO - Filling up the DagBag from /home/frederic/airflow_venv/lib/python3.10/site-packages/airflow/example_dags/example_nested_branch_dag.py
[2026-05-29T10:46:02.626+0200] {processor.py:839} INFO - DAG(s) dict_keys(['example_nested_branch_dag']) retrieved from /home/frederic/airflow_venv/lib/python3.10/site-packages/airflow/example_dags/example_nested_branch_dag.py
[2026-05-29T10:46:02.642+0200] {logging_mixin.py:151} INFO - [2026-05-29T10:46:02.642+0200] {dag.py:2915} INFO - Sync 1 DAGs
[2026-05-29T10:46:02.661+0200] {logging_mixin.py:151} INFO - [2026-05-29T10:46:02.661+0200] {dag.py:3696} INFO - Setting next_dagrun for example_nested_branch_dag to 2026-05-28T00:00:00+00:00, run_after=2026-05-29T00:00:00+00:00
[2026-05-29T10:46:02.676+0200] {processor.py:179} INFO - Processing /home/frederic/airflow_venv/lib/python3.10/site-packages/airflow/example_dags/example_nested_branch_dag.py took 0.063 seconds
[2026-05-29T10:46:53.342+0200] {processor.py:157} INFO - Started process (PID=721025) to work on /home/frederic/airflow_venv/lib/python3.10/site-packages/airflow/example_dags/example_nested_branch_dag.py
[2026-05-29T10:46:53.343+0200] {processor.py:829} INFO - Processing file /home/frederic/airflow_venv/lib/python3.10/site-packages/airflow/example_dags/example_nested_branch_dag.py for tasks to queue
[2026-05-29T10:46:53.344+0200] {logging_mixin.py:151} INFO - [2026-05-29T10:46:53.344+0200] {dagbag.py:539} INFO - Filling up the DagBag from /home/frederic/airflow_venv/lib/python3.10/site-packages/airflow/example_dags/example_nested_branch_dag.py
[2026-05-29T10:46:53.353+0200] {processor.py:839} INFO - DAG(s) dict_keys(['example_nested_branch_dag']) retrieved from /home/frederic/airflow_venv/lib/python3.10/site-packages/airflow/example_dags/example_nested_branch_dag.py
[2026-05-29T10:46:53.367+0200] {logging_mixin.py:151} INFO - [2026-05-29T10:46:53.367+0200] {dag.py:2915} INFO - Sync 1 DAGs
[2026-05-29T10:46:53.384+0200] {logging_mixin.py:151} INFO - [2026-05-29T10:46:53.384+0200] {dag.py:3696} INFO - Setting next_dagrun for example_nested_branch_dag to 2026-05-28T00:00:00+00:00, run_after=2026-05-29T00:00:00+00:00
[2026-05-29T10:46:53.401+0200] {processor.py:179} INFO - Processing /home/frederic/airflow_venv/lib/python3.10/site-packages/airflow/example_dags/example_nested_branch_dag.py took 0.061 seconds
[2026-05-29T10:47:43.652+0200] {processor.py:157} INFO - Started process (PID=722029) to work on /home/frederic/airflow_venv/lib/python3.10/site-packages/airflow/example_dags/example_nested_branch_dag.py
[2026-05-29T10:47:43.653+0200] {processor.py:829} INFO - Processing file /home/frederic/airflow_venv/lib/python3.10/site-packages/airflow/example_dags/example_nested_branch_dag.py for tasks to queue
[2026-05-29T10:47:43.654+0200] {logging_mixin.py:151} INFO - [2026-05-29T10:47:43.654+0200] {dagbag.py:539} INFO - Filling up the DagBag from /home/frederic/airflow_venv/lib/python3.10/site-packages/airflow/example_dags/example_nested_branch_dag.py
[2026-05-29T10:47:43.663+0200] {processor.py:839} INFO - DAG(s) dict_keys(['example_nested_branch_dag']) retrieved from /home/frederic/airflow_venv/lib/python3.10/site-packages/airflow/example_dags/example_nested_branch_dag.py
[2026-05-29T10:47:43.678+0200] {logging_mixin.py:151} INFO - [2026-05-29T10:47:43.678+0200] {dag.py:2915} INFO - Sync 1 DAGs
[2026-05-29T10:47:43.696+0200] {logging_mixin.py:151} INFO - [2026-05-29T10:47:43.696+0200] {dag.py:3696} INFO - Setting next_dagrun for example_nested_branch_dag to 2026-05-28T00:00:00+00:00, run_after=2026-05-29T00:00:00+00:00
[2026-05-29T10:47:43.710+0200] {processor.py:179} INFO - Processing /home/frederic/airflow_venv/lib/python3.10/site-packages/airflow/example_dags/example_nested_branch_dag.py took 0.061 seconds
[2026-05-29T10:48:26.124+0200] {processor.py:157} INFO - Started process (PID=722546) to work on /home/frederic/airflow_venv/lib/python3.10/site-packages/airflow/example_dags/example_nested_branch_dag.py
[2026-05-29T10:48:26.125+0200] {processor.py:829} INFO - Processing file /home/frederic/airflow_venv/lib/python3.10/site-packages/airflow/example_dags/example_nested_branch_dag.py for tasks to queue
[2026-05-29T10:48:26.125+0200] {logging_mixin.py:151} INFO - [2026-05-29T10:48:26.125+0200] {dagbag.py:539} INFO - Filling up the DagBag from /home/frederic/airflow_venv/lib/python3.10/site-packages/airflow/example_dags/example_nested_branch_dag.py
[2026-05-29T10:48:26.136+0200] {processor.py:839} INFO - DAG(s) dict_keys(['example_nested_branch_dag']) retrieved from /home/frederic/airflow_venv/lib/python3.10/site-packages/airflow/example_dags/example_nested_branch_dag.py
[2026-05-29T10:48:26.150+0200] {logging_mixin.py:151} INFO - [2026-05-29T10:48:26.150+0200] {dag.py:2915} INFO - Sync 1 DAGs
[2026-05-29T10:48:26.168+0200] {logging_mixin.py:151} INFO - [2026-05-29T10:48:26.168+0200] {dag.py:3696} INFO - Setting next_dagrun for example_nested_branch_dag to 2026-05-28T00:00:00+00:00, run_after=2026-05-29T00:00:00+00:00
[2026-05-29T10:48:26.188+0200] {processor.py:179} INFO - Processing /home/frederic/airflow_venv/lib/python3.10/site-packages/airflow/example_dags/example_nested_branch_dag.py took 0.067 seconds
[2026-05-29T10:49:12.567+0200] {processor.py:157} INFO - Started process (PID=723057) to work on /home/frederic/airflow_venv/lib/python3.10/site-packages/airflow/example_dags/example_nested_branch_dag.py
[2026-05-29T10:49:12.568+0200] {processor.py:829} INFO - Processing file /home/frederic/airflow_venv/lib/python3.10/site-packages/airflow/example_dags/example_nested_branch_dag.py for tasks to queue
[2026-05-29T10:49:12.569+0200] {logging_mixin.py:151} INFO - [2026-05-29T10:49:12.568+0200] {dagbag.py:539} INFO - Filling up the DagBag from /home/frederic/airflow_venv/lib/python3.10/site-packages/airflow/example_dags/example_nested_branch_dag.py
[2026-05-29T10:49:12.578+0200] {processor.py:839} INFO - DAG(s) dict_keys(['example_nested_branch_dag']) retrieved from /home/frederic/airflow_venv/lib/python3.10/site-packages/airflow/example_dags/example_nested_branch_dag.py
[2026-05-29T10:49:12.599+0200] {logging_mixin.py:151} INFO - [2026-05-29T10:49:12.598+0200] {dag.py:2915} INFO - Sync 1 DAGs
[2026-05-29T10:49:12.620+0200] {logging_mixin.py:151} INFO - [2026-05-29T10:49:12.619+0200] {dag.py:3696} INFO - Setting next_dagrun for example_nested_branch_dag to 2026-05-28T00:00:00+00:00, run_after=2026-05-29T00:00:00+00:00
[2026-05-29T10:49:12.635+0200] {processor.py:179} INFO - Processing /home/frederic/airflow_venv/lib/python3.10/site-packages/airflow/example_dags/example_nested_branch_dag.py took 0.070 seconds
[2026-05-29T10:50:01.209+0200] {processor.py:157} INFO - Started process (PID=723504) to work on /home/frederic/airflow_venv/lib/python3.10/site-packages/airflow/example_dags/example_nested_branch_dag.py
[2026-05-29T10:50:01.210+0200] {processor.py:829} INFO - Processing file /home/frederic/airflow_venv/lib/python3.10/site-packages/airflow/example_dags/example_nested_branch_dag.py for tasks to queue
[2026-05-29T10:50:01.211+0200] {logging_mixin.py:151} INFO - [2026-05-29T10:50:01.210+0200] {dagbag.py:539} INFO - Filling up the DagBag from /home/frederic/airflow_venv/lib/python3.10/site-packages/airflow/example_dags/example_nested_branch_dag.py
[2026-05-29T10:50:01.219+0200] {processor.py:839} INFO - DAG(s) dict_keys(['example_nested_branch_dag']) retrieved from /home/frederic/airflow_venv/lib/python3.10/site-packages/airflow/example_dags/example_nested_branch_dag.py
[2026-05-29T10:50:01.235+0200] {logging_mixin.py:151} INFO - [2026-05-29T10:50:01.235+0200] {dag.py:2915} INFO - Sync 1 DAGs
[2026-05-29T10:50:01.252+0200] {logging_mixin.py:151} INFO - [2026-05-29T10:50:01.252+0200] {dag.py:3696} INFO - Setting next_dagrun for example_nested_branch_dag to 2026-05-28T00:00:00+00:00, run_after=2026-05-29T00:00:00+00:00
[2026-05-29T10:50:01.268+0200] {processor.py:179} INFO - Processing /home/frederic/airflow_venv/lib/python3.10/site-packages/airflow/example_dags/example_nested_branch_dag.py took 0.062 seconds
[2026-05-29T10:50:47.606+0200] {processor.py:157} INFO - Started process (PID=723988) to work on /home/frederic/airflow_venv/lib/python3.10/site-packages/airflow/example_dags/example_nested_branch_dag.py
[2026-05-29T10:50:47.607+0200] {processor.py:829} INFO - Processing file /home/frederic/airflow_venv/lib/python3.10/site-packages/airflow/example_dags/example_nested_branch_dag.py for tasks to queue
[2026-05-29T10:50:47.608+0200] {logging_mixin.py:151} INFO - [2026-05-29T10:50:47.607+0200] {dagbag.py:539} INFO - Filling up the DagBag from /home/frederic/airflow_venv/lib/python3.10/site-packages/airflow/example_dags/example_nested_branch_dag.py
[2026-05-29T10:50:47.618+0200] {processor.py:839} INFO - DAG(s) dict_keys(['example_nested_branch_dag']) retrieved from /home/frederic/airflow_venv/lib/python3.10/site-packages/airflow/example_dags/example_nested_branch_dag.py
[2026-05-29T10:50:47.635+0200] {logging_mixin.py:151} INFO - [2026-05-29T10:50:47.635+0200] {dag.py:2915} INFO - Sync 1 DAGs
[2026-05-29T10:50:47.656+0200] {logging_mixin.py:151} INFO - [2026-05-29T10:50:47.656+0200] {dag.py:3696} INFO - Setting next_dagrun for example_nested_branch_dag to 2026-05-28T00:00:00+00:00, run_after=2026-05-29T00:00:00+00:00
[2026-05-29T10:50:47.673+0200] {processor.py:179} INFO - Processing /home/frederic/airflow_venv/lib/python3.10/site-packages/airflow/example_dags/example_nested_branch_dag.py took 0.070 seconds
