[2026-05-29T02:00:20.365+0200] {processor.py:157} INFO - Started process (PID=633642) to work on /home/frederic/airflow_venv/lib/python3.10/site-packages/airflow/example_dags/tutorial_taskflow_api_virtualenv.py
[2026-05-29T02:00:20.366+0200] {processor.py:829} INFO - Processing file /home/frederic/airflow_venv/lib/python3.10/site-packages/airflow/example_dags/tutorial_taskflow_api_virtualenv.py for tasks to queue
[2026-05-29T02:00:20.367+0200] {logging_mixin.py:151} INFO - [2026-05-29T02:00:20.367+0200] {dagbag.py:539} INFO - Filling up the DagBag from /home/frederic/airflow_venv/lib/python3.10/site-packages/airflow/example_dags/tutorial_taskflow_api_virtualenv.py
[2026-05-29T02:00:20.375+0200] {processor.py:839} INFO - DAG(s) dict_keys(['tutorial_taskflow_api_virtualenv']) retrieved from /home/frederic/airflow_venv/lib/python3.10/site-packages/airflow/example_dags/tutorial_taskflow_api_virtualenv.py
[2026-05-29T02:00:20.389+0200] {logging_mixin.py:151} INFO - [2026-05-29T02:00:20.389+0200] {dag.py:2915} INFO - Sync 1 DAGs
[2026-05-29T02:00:20.400+0200] {logging_mixin.py:151} INFO - [2026-05-29T02:00:20.400+0200] {dag.py:3696} INFO - Setting next_dagrun for tutorial_taskflow_api_virtualenv to None, run_after=None
[2026-05-29T02:00:20.416+0200] {processor.py:179} INFO - Processing /home/frederic/airflow_venv/lib/python3.10/site-packages/airflow/example_dags/tutorial_taskflow_api_virtualenv.py took 0.054 seconds
[2026-05-29T02:00:36.051+0200] {processor.py:157} INFO - Started process (PID=634213) to work on /home/frederic/airflow_venv/lib/python3.10/site-packages/airflow/example_dags/tutorial_taskflow_api_virtualenv.py
[2026-05-29T02:00:36.052+0200] {processor.py:829} INFO - Processing file /home/frederic/airflow_venv/lib/python3.10/site-packages/airflow/example_dags/tutorial_taskflow_api_virtualenv.py for tasks to queue
[2026-05-29T02:00:36.053+0200] {logging_mixin.py:151} INFO - [2026-05-29T02:00:36.053+0200] {dagbag.py:539} INFO - Filling up the DagBag from /home/frederic/airflow_venv/lib/python3.10/site-packages/airflow/example_dags/tutorial_taskflow_api_virtualenv.py
[2026-05-29T02:00:36.060+0200] {processor.py:839} INFO - DAG(s) dict_keys(['tutorial_taskflow_api_virtualenv']) retrieved from /home/frederic/airflow_venv/lib/python3.10/site-packages/airflow/example_dags/tutorial_taskflow_api_virtualenv.py
[2026-05-29T02:00:36.077+0200] {logging_mixin.py:151} INFO - [2026-05-29T02:00:36.076+0200] {dag.py:2915} INFO - Sync 1 DAGs
[2026-05-29T02:00:36.089+0200] {logging_mixin.py:151} INFO - [2026-05-29T02:00:36.089+0200] {dag.py:3696} INFO - Setting next_dagrun for tutorial_taskflow_api_virtualenv to None, run_after=None
[2026-05-29T02:00:36.107+0200] {processor.py:179} INFO - Processing /home/frederic/airflow_venv/lib/python3.10/site-packages/airflow/example_dags/tutorial_taskflow_api_virtualenv.py took 0.060 seconds
[2026-05-29T02:01:06.821+0200] {processor.py:157} INFO - Started process (PID=635043) to work on /home/frederic/airflow_venv/lib/python3.10/site-packages/airflow/example_dags/tutorial_taskflow_api_virtualenv.py
[2026-05-29T02:01:06.822+0200] {processor.py:829} INFO - Processing file /home/frederic/airflow_venv/lib/python3.10/site-packages/airflow/example_dags/tutorial_taskflow_api_virtualenv.py for tasks to queue
[2026-05-29T02:01:06.823+0200] {logging_mixin.py:151} INFO - [2026-05-29T02:01:06.822+0200] {dagbag.py:539} INFO - Filling up the DagBag from /home/frederic/airflow_venv/lib/python3.10/site-packages/airflow/example_dags/tutorial_taskflow_api_virtualenv.py
[2026-05-29T02:01:06.829+0200] {processor.py:839} INFO - DAG(s) dict_keys(['tutorial_taskflow_api_virtualenv']) retrieved from /home/frederic/airflow_venv/lib/python3.10/site-packages/airflow/example_dags/tutorial_taskflow_api_virtualenv.py
[2026-05-29T02:01:06.842+0200] {logging_mixin.py:151} INFO - [2026-05-29T02:01:06.842+0200] {dag.py:2915} INFO - Sync 1 DAGs
[2026-05-29T02:01:06.852+0200] {logging_mixin.py:151} INFO - [2026-05-29T02:01:06.852+0200] {dag.py:3696} INFO - Setting next_dagrun for tutorial_taskflow_api_virtualenv to None, run_after=None
[2026-05-29T02:01:06.874+0200] {processor.py:179} INFO - Processing /home/frederic/airflow_venv/lib/python3.10/site-packages/airflow/example_dags/tutorial_taskflow_api_virtualenv.py took 0.055 seconds
[2026-05-29T02:01:18.274+0200] {processor.py:157} INFO - Started process (PID=635362) to work on /home/frederic/airflow_venv/lib/python3.10/site-packages/airflow/example_dags/tutorial_taskflow_api_virtualenv.py
[2026-05-29T02:01:18.275+0200] {processor.py:829} INFO - Processing file /home/frederic/airflow_venv/lib/python3.10/site-packages/airflow/example_dags/tutorial_taskflow_api_virtualenv.py for tasks to queue
[2026-05-29T02:01:18.276+0200] {logging_mixin.py:151} INFO - [2026-05-29T02:01:18.275+0200] {dagbag.py:539} INFO - Filling up the DagBag from /home/frederic/airflow_venv/lib/python3.10/site-packages/airflow/example_dags/tutorial_taskflow_api_virtualenv.py
[2026-05-29T02:01:18.282+0200] {processor.py:839} INFO - DAG(s) dict_keys(['tutorial_taskflow_api_virtualenv']) retrieved from /home/frederic/airflow_venv/lib/python3.10/site-packages/airflow/example_dags/tutorial_taskflow_api_virtualenv.py
[2026-05-29T02:01:18.295+0200] {logging_mixin.py:151} INFO - [2026-05-29T02:01:18.295+0200] {dag.py:2915} INFO - Sync 1 DAGs
[2026-05-29T02:01:18.305+0200] {logging_mixin.py:151} INFO - [2026-05-29T02:01:18.305+0200] {dag.py:3696} INFO - Setting next_dagrun for tutorial_taskflow_api_virtualenv to None, run_after=None
[2026-05-29T02:01:18.320+0200] {processor.py:179} INFO - Processing /home/frederic/airflow_venv/lib/python3.10/site-packages/airflow/example_dags/tutorial_taskflow_api_virtualenv.py took 0.049 seconds
[2026-05-29T02:01:50.423+0200] {processor.py:157} INFO - Started process (PID=636268) to work on /home/frederic/airflow_venv/lib/python3.10/site-packages/airflow/example_dags/tutorial_taskflow_api_virtualenv.py
[2026-05-29T02:01:50.424+0200] {processor.py:829} INFO - Processing file /home/frederic/airflow_venv/lib/python3.10/site-packages/airflow/example_dags/tutorial_taskflow_api_virtualenv.py for tasks to queue
[2026-05-29T02:01:50.425+0200] {logging_mixin.py:151} INFO - [2026-05-29T02:01:50.425+0200] {dagbag.py:539} INFO - Filling up the DagBag from /home/frederic/airflow_venv/lib/python3.10/site-packages/airflow/example_dags/tutorial_taskflow_api_virtualenv.py
[2026-05-29T02:01:50.431+0200] {processor.py:839} INFO - DAG(s) dict_keys(['tutorial_taskflow_api_virtualenv']) retrieved from /home/frederic/airflow_venv/lib/python3.10/site-packages/airflow/example_dags/tutorial_taskflow_api_virtualenv.py
[2026-05-29T02:01:50.443+0200] {logging_mixin.py:151} INFO - [2026-05-29T02:01:50.442+0200] {dag.py:2915} INFO - Sync 1 DAGs
[2026-05-29T02:01:50.452+0200] {logging_mixin.py:151} INFO - [2026-05-29T02:01:50.451+0200] {dag.py:3696} INFO - Setting next_dagrun for tutorial_taskflow_api_virtualenv to None, run_after=None
[2026-05-29T02:01:50.466+0200] {processor.py:179} INFO - Processing /home/frederic/airflow_venv/lib/python3.10/site-packages/airflow/example_dags/tutorial_taskflow_api_virtualenv.py took 0.045 seconds
[2026-05-29T02:02:06.293+0200] {processor.py:157} INFO - Started process (PID=636719) to work on /home/frederic/airflow_venv/lib/python3.10/site-packages/airflow/example_dags/tutorial_taskflow_api_virtualenv.py
[2026-05-29T02:02:06.294+0200] {processor.py:829} INFO - Processing file /home/frederic/airflow_venv/lib/python3.10/site-packages/airflow/example_dags/tutorial_taskflow_api_virtualenv.py for tasks to queue
[2026-05-29T02:02:06.295+0200] {logging_mixin.py:151} INFO - [2026-05-29T02:02:06.295+0200] {dagbag.py:539} INFO - Filling up the DagBag from /home/frederic/airflow_venv/lib/python3.10/site-packages/airflow/example_dags/tutorial_taskflow_api_virtualenv.py
[2026-05-29T02:02:06.301+0200] {processor.py:839} INFO - DAG(s) dict_keys(['tutorial_taskflow_api_virtualenv']) retrieved from /home/frederic/airflow_venv/lib/python3.10/site-packages/airflow/example_dags/tutorial_taskflow_api_virtualenv.py
[2026-05-29T02:02:06.314+0200] {logging_mixin.py:151} INFO - [2026-05-29T02:02:06.314+0200] {dag.py:2915} INFO - Sync 1 DAGs
[2026-05-29T02:02:06.323+0200] {logging_mixin.py:151} INFO - [2026-05-29T02:02:06.323+0200] {dag.py:3696} INFO - Setting next_dagrun for tutorial_taskflow_api_virtualenv to None, run_after=None
[2026-05-29T02:02:06.338+0200] {processor.py:179} INFO - Processing /home/frederic/airflow_venv/lib/python3.10/site-packages/airflow/example_dags/tutorial_taskflow_api_virtualenv.py took 0.047 seconds
[2026-05-29T02:02:38.205+0200] {processor.py:157} INFO - Started process (PID=637759) to work on /home/frederic/airflow_venv/lib/python3.10/site-packages/airflow/example_dags/tutorial_taskflow_api_virtualenv.py
[2026-05-29T02:02:38.205+0200] {processor.py:829} INFO - Processing file /home/frederic/airflow_venv/lib/python3.10/site-packages/airflow/example_dags/tutorial_taskflow_api_virtualenv.py for tasks to queue
[2026-05-29T02:02:38.207+0200] {logging_mixin.py:151} INFO - [2026-05-29T02:02:38.206+0200] {dagbag.py:539} INFO - Filling up the DagBag from /home/frederic/airflow_venv/lib/python3.10/site-packages/airflow/example_dags/tutorial_taskflow_api_virtualenv.py
[2026-05-29T02:02:38.219+0200] {processor.py:839} INFO - DAG(s) dict_keys(['tutorial_taskflow_api_virtualenv']) retrieved from /home/frederic/airflow_venv/lib/python3.10/site-packages/airflow/example_dags/tutorial_taskflow_api_virtualenv.py
[2026-05-29T02:02:38.233+0200] {logging_mixin.py:151} INFO - [2026-05-29T02:02:38.233+0200] {dag.py:2915} INFO - Sync 1 DAGs
[2026-05-29T02:02:38.244+0200] {logging_mixin.py:151} INFO - [2026-05-29T02:02:38.244+0200] {dag.py:3696} INFO - Setting next_dagrun for tutorial_taskflow_api_virtualenv to None, run_after=None
[2026-05-29T02:02:38.262+0200] {processor.py:179} INFO - Processing /home/frederic/airflow_venv/lib/python3.10/site-packages/airflow/example_dags/tutorial_taskflow_api_virtualenv.py took 0.060 seconds
[2026-05-29T02:02:40.641+0200] {processor.py:157} INFO - Started process (PID=637876) to work on /home/frederic/airflow_venv/lib/python3.10/site-packages/airflow/example_dags/tutorial_taskflow_api_virtualenv.py
[2026-05-29T02:02:40.642+0200] {processor.py:829} INFO - Processing file /home/frederic/airflow_venv/lib/python3.10/site-packages/airflow/example_dags/tutorial_taskflow_api_virtualenv.py for tasks to queue
[2026-05-29T02:02:40.644+0200] {logging_mixin.py:151} INFO - [2026-05-29T02:02:40.643+0200] {dagbag.py:539} INFO - Filling up the DagBag from /home/frederic/airflow_venv/lib/python3.10/site-packages/airflow/example_dags/tutorial_taskflow_api_virtualenv.py
[2026-05-29T02:02:40.652+0200] {processor.py:839} INFO - DAG(s) dict_keys(['tutorial_taskflow_api_virtualenv']) retrieved from /home/frederic/airflow_venv/lib/python3.10/site-packages/airflow/example_dags/tutorial_taskflow_api_virtualenv.py
[2026-05-29T02:02:40.669+0200] {logging_mixin.py:151} INFO - [2026-05-29T02:02:40.669+0200] {dag.py:2915} INFO - Sync 1 DAGs
[2026-05-29T02:02:40.683+0200] {logging_mixin.py:151} INFO - [2026-05-29T02:02:40.683+0200] {dag.py:3696} INFO - Setting next_dagrun for tutorial_taskflow_api_virtualenv to None, run_after=None
[2026-05-29T02:02:40.702+0200] {processor.py:179} INFO - Processing /home/frederic/airflow_venv/lib/python3.10/site-packages/airflow/example_dags/tutorial_taskflow_api_virtualenv.py took 0.065 seconds
[2026-05-29T02:03:12.754+0200] {processor.py:157} INFO - Started process (PID=638648) to work on /home/frederic/airflow_venv/lib/python3.10/site-packages/airflow/example_dags/tutorial_taskflow_api_virtualenv.py
[2026-05-29T02:03:12.755+0200] {processor.py:829} INFO - Processing file /home/frederic/airflow_venv/lib/python3.10/site-packages/airflow/example_dags/tutorial_taskflow_api_virtualenv.py for tasks to queue
[2026-05-29T02:03:12.756+0200] {logging_mixin.py:151} INFO - [2026-05-29T02:03:12.756+0200] {dagbag.py:539} INFO - Filling up the DagBag from /home/frederic/airflow_venv/lib/python3.10/site-packages/airflow/example_dags/tutorial_taskflow_api_virtualenv.py
[2026-05-29T02:03:12.763+0200] {processor.py:839} INFO - DAG(s) dict_keys(['tutorial_taskflow_api_virtualenv']) retrieved from /home/frederic/airflow_venv/lib/python3.10/site-packages/airflow/example_dags/tutorial_taskflow_api_virtualenv.py
[2026-05-29T02:03:12.777+0200] {logging_mixin.py:151} INFO - [2026-05-29T02:03:12.777+0200] {dag.py:2915} INFO - Sync 1 DAGs
[2026-05-29T02:03:12.786+0200] {logging_mixin.py:151} INFO - [2026-05-29T02:03:12.786+0200] {dag.py:3696} INFO - Setting next_dagrun for tutorial_taskflow_api_virtualenv to None, run_after=None
[2026-05-29T02:03:12.803+0200] {processor.py:179} INFO - Processing /home/frederic/airflow_venv/lib/python3.10/site-packages/airflow/example_dags/tutorial_taskflow_api_virtualenv.py took 0.053 seconds
[2026-05-29T02:03:29.120+0200] {processor.py:157} INFO - Started process (PID=639228) to work on /home/frederic/airflow_venv/lib/python3.10/site-packages/airflow/example_dags/tutorial_taskflow_api_virtualenv.py
[2026-05-29T02:03:29.121+0200] {processor.py:829} INFO - Processing file /home/frederic/airflow_venv/lib/python3.10/site-packages/airflow/example_dags/tutorial_taskflow_api_virtualenv.py for tasks to queue
[2026-05-29T02:03:29.122+0200] {logging_mixin.py:151} INFO - [2026-05-29T02:03:29.122+0200] {dagbag.py:539} INFO - Filling up the DagBag from /home/frederic/airflow_venv/lib/python3.10/site-packages/airflow/example_dags/tutorial_taskflow_api_virtualenv.py
[2026-05-29T02:03:29.136+0200] {processor.py:839} INFO - DAG(s) dict_keys(['tutorial_taskflow_api_virtualenv']) retrieved from /home/frederic/airflow_venv/lib/python3.10/site-packages/airflow/example_dags/tutorial_taskflow_api_virtualenv.py
[2026-05-29T02:03:29.150+0200] {logging_mixin.py:151} INFO - [2026-05-29T02:03:29.149+0200] {dag.py:2915} INFO - Sync 1 DAGs
[2026-05-29T02:03:29.160+0200] {logging_mixin.py:151} INFO - [2026-05-29T02:03:29.160+0200] {dag.py:3696} INFO - Setting next_dagrun for tutorial_taskflow_api_virtualenv to None, run_after=None
[2026-05-29T02:03:29.176+0200] {processor.py:179} INFO - Processing /home/frederic/airflow_venv/lib/python3.10/site-packages/airflow/example_dags/tutorial_taskflow_api_virtualenv.py took 0.058 seconds
[2026-05-29T09:56:06.461+0200] {processor.py:157} INFO - Started process (PID=680074) to work on /home/frederic/airflow_venv/lib/python3.10/site-packages/airflow/example_dags/tutorial_taskflow_api_virtualenv.py
[2026-05-29T09:56:06.464+0200] {processor.py:829} INFO - Processing file /home/frederic/airflow_venv/lib/python3.10/site-packages/airflow/example_dags/tutorial_taskflow_api_virtualenv.py for tasks to queue
[2026-05-29T09:56:06.465+0200] {logging_mixin.py:151} INFO - [2026-05-29T09:56:06.465+0200] {dagbag.py:539} INFO - Filling up the DagBag from /home/frederic/airflow_venv/lib/python3.10/site-packages/airflow/example_dags/tutorial_taskflow_api_virtualenv.py
[2026-05-29T09:56:06.474+0200] {processor.py:839} INFO - DAG(s) dict_keys(['tutorial_taskflow_api_virtualenv']) retrieved from /home/frederic/airflow_venv/lib/python3.10/site-packages/airflow/example_dags/tutorial_taskflow_api_virtualenv.py
[2026-05-29T09:56:06.480+0200] {logging_mixin.py:151} INFO - [2026-05-29T09:56:06.480+0200] {dag.py:2915} INFO - Sync 1 DAGs
[2026-05-29T09:56:06.491+0200] {logging_mixin.py:151} INFO - [2026-05-29T09:56:06.491+0200] {dag.py:3696} INFO - Setting next_dagrun for tutorial_taskflow_api_virtualenv to None, run_after=None
[2026-05-29T09:56:06.509+0200] {processor.py:179} INFO - Processing /home/frederic/airflow_venv/lib/python3.10/site-packages/airflow/example_dags/tutorial_taskflow_api_virtualenv.py took 0.050 seconds
[2026-05-29T09:58:03.822+0200] {processor.py:157} INFO - Started process (PID=681525) to work on /home/frederic/airflow_venv/lib/python3.10/site-packages/airflow/example_dags/tutorial_taskflow_api_virtualenv.py
[2026-05-29T09:58:03.823+0200] {processor.py:829} INFO - Processing file /home/frederic/airflow_venv/lib/python3.10/site-packages/airflow/example_dags/tutorial_taskflow_api_virtualenv.py for tasks to queue
[2026-05-29T09:58:03.824+0200] {logging_mixin.py:151} INFO - [2026-05-29T09:58:03.823+0200] {dagbag.py:539} INFO - Filling up the DagBag from /home/frederic/airflow_venv/lib/python3.10/site-packages/airflow/example_dags/tutorial_taskflow_api_virtualenv.py
[2026-05-29T09:58:03.831+0200] {processor.py:839} INFO - DAG(s) dict_keys(['tutorial_taskflow_api_virtualenv']) retrieved from /home/frederic/airflow_venv/lib/python3.10/site-packages/airflow/example_dags/tutorial_taskflow_api_virtualenv.py
[2026-05-29T09:58:03.838+0200] {logging_mixin.py:151} INFO - [2026-05-29T09:58:03.838+0200] {dag.py:2915} INFO - Sync 1 DAGs
[2026-05-29T09:58:03.848+0200] {logging_mixin.py:151} INFO - [2026-05-29T09:58:03.848+0200] {dag.py:3696} INFO - Setting next_dagrun for tutorial_taskflow_api_virtualenv to None, run_after=None
[2026-05-29T09:58:03.863+0200] {processor.py:179} INFO - Processing /home/frederic/airflow_venv/lib/python3.10/site-packages/airflow/example_dags/tutorial_taskflow_api_virtualenv.py took 0.044 seconds
[2026-05-29T09:58:52.773+0200] {processor.py:157} INFO - Started process (PID=682488) to work on /home/frederic/airflow_venv/lib/python3.10/site-packages/airflow/example_dags/tutorial_taskflow_api_virtualenv.py
[2026-05-29T09:58:52.774+0200] {processor.py:829} INFO - Processing file /home/frederic/airflow_venv/lib/python3.10/site-packages/airflow/example_dags/tutorial_taskflow_api_virtualenv.py for tasks to queue
[2026-05-29T09:58:52.775+0200] {logging_mixin.py:151} INFO - [2026-05-29T09:58:52.775+0200] {dagbag.py:539} INFO - Filling up the DagBag from /home/frederic/airflow_venv/lib/python3.10/site-packages/airflow/example_dags/tutorial_taskflow_api_virtualenv.py
[2026-05-29T09:58:52.783+0200] {processor.py:839} INFO - DAG(s) dict_keys(['tutorial_taskflow_api_virtualenv']) retrieved from /home/frederic/airflow_venv/lib/python3.10/site-packages/airflow/example_dags/tutorial_taskflow_api_virtualenv.py
[2026-05-29T09:58:52.799+0200] {logging_mixin.py:151} INFO - [2026-05-29T09:58:52.799+0200] {dag.py:2915} INFO - Sync 1 DAGs
[2026-05-29T09:58:52.811+0200] {logging_mixin.py:151} INFO - [2026-05-29T09:58:52.811+0200] {dag.py:3696} INFO - Setting next_dagrun for tutorial_taskflow_api_virtualenv to None, run_after=None
[2026-05-29T09:58:52.830+0200] {processor.py:179} INFO - Processing /home/frederic/airflow_venv/lib/python3.10/site-packages/airflow/example_dags/tutorial_taskflow_api_virtualenv.py took 0.060 seconds
[2026-05-29T09:59:33.496+0200] {processor.py:157} INFO - Started process (PID=683680) to work on /home/frederic/airflow_venv/lib/python3.10/site-packages/airflow/example_dags/tutorial_taskflow_api_virtualenv.py
[2026-05-29T09:59:33.500+0200] {processor.py:829} INFO - Processing file /home/frederic/airflow_venv/lib/python3.10/site-packages/airflow/example_dags/tutorial_taskflow_api_virtualenv.py for tasks to queue
[2026-05-29T09:59:33.501+0200] {logging_mixin.py:151} INFO - [2026-05-29T09:59:33.500+0200] {dagbag.py:539} INFO - Filling up the DagBag from /home/frederic/airflow_venv/lib/python3.10/site-packages/airflow/example_dags/tutorial_taskflow_api_virtualenv.py
[2026-05-29T09:59:33.508+0200] {processor.py:839} INFO - DAG(s) dict_keys(['tutorial_taskflow_api_virtualenv']) retrieved from /home/frederic/airflow_venv/lib/python3.10/site-packages/airflow/example_dags/tutorial_taskflow_api_virtualenv.py
[2026-05-29T09:59:33.523+0200] {logging_mixin.py:151} INFO - [2026-05-29T09:59:33.523+0200] {dag.py:2915} INFO - Sync 1 DAGs
[2026-05-29T09:59:33.534+0200] {logging_mixin.py:151} INFO - [2026-05-29T09:59:33.534+0200] {dag.py:3696} INFO - Setting next_dagrun for tutorial_taskflow_api_virtualenv to None, run_after=None
[2026-05-29T09:59:33.553+0200] {processor.py:179} INFO - Processing /home/frederic/airflow_venv/lib/python3.10/site-packages/airflow/example_dags/tutorial_taskflow_api_virtualenv.py took 0.059 seconds
[2026-05-29T10:00:20.666+0200] {processor.py:157} INFO - Started process (PID=684357) to work on /home/frederic/airflow_venv/lib/python3.10/site-packages/airflow/example_dags/tutorial_taskflow_api_virtualenv.py
[2026-05-29T10:00:20.667+0200] {processor.py:829} INFO - Processing file /home/frederic/airflow_venv/lib/python3.10/site-packages/airflow/example_dags/tutorial_taskflow_api_virtualenv.py for tasks to queue
[2026-05-29T10:00:20.669+0200] {logging_mixin.py:151} INFO - [2026-05-29T10:00:20.668+0200] {dagbag.py:539} INFO - Filling up the DagBag from /home/frederic/airflow_venv/lib/python3.10/site-packages/airflow/example_dags/tutorial_taskflow_api_virtualenv.py
[2026-05-29T10:00:20.676+0200] {processor.py:839} INFO - DAG(s) dict_keys(['tutorial_taskflow_api_virtualenv']) retrieved from /home/frederic/airflow_venv/lib/python3.10/site-packages/airflow/example_dags/tutorial_taskflow_api_virtualenv.py
[2026-05-29T10:00:20.694+0200] {logging_mixin.py:151} INFO - [2026-05-29T10:00:20.694+0200] {dag.py:2915} INFO - Sync 1 DAGs
[2026-05-29T10:00:20.704+0200] {logging_mixin.py:151} INFO - [2026-05-29T10:00:20.704+0200] {dag.py:3696} INFO - Setting next_dagrun for tutorial_taskflow_api_virtualenv to None, run_after=None
[2026-05-29T10:00:20.720+0200] {processor.py:179} INFO - Processing /home/frederic/airflow_venv/lib/python3.10/site-packages/airflow/example_dags/tutorial_taskflow_api_virtualenv.py took 0.057 seconds
[2026-05-29T10:00:54.547+0200] {processor.py:157} INFO - Started process (PID=684932) to work on /home/frederic/airflow_venv/lib/python3.10/site-packages/airflow/example_dags/tutorial_taskflow_api_virtualenv.py
[2026-05-29T10:00:54.548+0200] {processor.py:829} INFO - Processing file /home/frederic/airflow_venv/lib/python3.10/site-packages/airflow/example_dags/tutorial_taskflow_api_virtualenv.py for tasks to queue
[2026-05-29T10:00:54.549+0200] {logging_mixin.py:151} INFO - [2026-05-29T10:00:54.549+0200] {dagbag.py:539} INFO - Filling up the DagBag from /home/frederic/airflow_venv/lib/python3.10/site-packages/airflow/example_dags/tutorial_taskflow_api_virtualenv.py
[2026-05-29T10:00:54.555+0200] {processor.py:839} INFO - DAG(s) dict_keys(['tutorial_taskflow_api_virtualenv']) retrieved from /home/frederic/airflow_venv/lib/python3.10/site-packages/airflow/example_dags/tutorial_taskflow_api_virtualenv.py
[2026-05-29T10:00:54.572+0200] {logging_mixin.py:151} INFO - [2026-05-29T10:00:54.572+0200] {dag.py:2915} INFO - Sync 1 DAGs
[2026-05-29T10:00:54.582+0200] {logging_mixin.py:151} INFO - [2026-05-29T10:00:54.582+0200] {dag.py:3696} INFO - Setting next_dagrun for tutorial_taskflow_api_virtualenv to None, run_after=None
[2026-05-29T10:00:54.601+0200] {processor.py:179} INFO - Processing /home/frederic/airflow_venv/lib/python3.10/site-packages/airflow/example_dags/tutorial_taskflow_api_virtualenv.py took 0.057 seconds
[2026-05-29T10:01:28.419+0200] {processor.py:157} INFO - Started process (PID=685450) to work on /home/frederic/airflow_venv/lib/python3.10/site-packages/airflow/example_dags/tutorial_taskflow_api_virtualenv.py
[2026-05-29T10:01:28.421+0200] {processor.py:829} INFO - Processing file /home/frederic/airflow_venv/lib/python3.10/site-packages/airflow/example_dags/tutorial_taskflow_api_virtualenv.py for tasks to queue
[2026-05-29T10:01:28.422+0200] {logging_mixin.py:151} INFO - [2026-05-29T10:01:28.421+0200] {dagbag.py:539} INFO - Filling up the DagBag from /home/frederic/airflow_venv/lib/python3.10/site-packages/airflow/example_dags/tutorial_taskflow_api_virtualenv.py
[2026-05-29T10:01:28.429+0200] {processor.py:839} INFO - DAG(s) dict_keys(['tutorial_taskflow_api_virtualenv']) retrieved from /home/frederic/airflow_venv/lib/python3.10/site-packages/airflow/example_dags/tutorial_taskflow_api_virtualenv.py
[2026-05-29T10:01:28.445+0200] {logging_mixin.py:151} INFO - [2026-05-29T10:01:28.444+0200] {dag.py:2915} INFO - Sync 1 DAGs
[2026-05-29T10:01:28.456+0200] {logging_mixin.py:151} INFO - [2026-05-29T10:01:28.456+0200] {dag.py:3696} INFO - Setting next_dagrun for tutorial_taskflow_api_virtualenv to None, run_after=None
[2026-05-29T10:01:28.475+0200] {processor.py:179} INFO - Processing /home/frederic/airflow_venv/lib/python3.10/site-packages/airflow/example_dags/tutorial_taskflow_api_virtualenv.py took 0.059 seconds
[2026-05-29T10:02:00.442+0200] {processor.py:157} INFO - Started process (PID=685869) to work on /home/frederic/airflow_venv/lib/python3.10/site-packages/airflow/example_dags/tutorial_taskflow_api_virtualenv.py
[2026-05-29T10:02:00.445+0200] {processor.py:829} INFO - Processing file /home/frederic/airflow_venv/lib/python3.10/site-packages/airflow/example_dags/tutorial_taskflow_api_virtualenv.py for tasks to queue
[2026-05-29T10:02:00.446+0200] {logging_mixin.py:151} INFO - [2026-05-29T10:02:00.446+0200] {dagbag.py:539} INFO - Filling up the DagBag from /home/frederic/airflow_venv/lib/python3.10/site-packages/airflow/example_dags/tutorial_taskflow_api_virtualenv.py
[2026-05-29T10:02:00.455+0200] {processor.py:839} INFO - DAG(s) dict_keys(['tutorial_taskflow_api_virtualenv']) retrieved from /home/frederic/airflow_venv/lib/python3.10/site-packages/airflow/example_dags/tutorial_taskflow_api_virtualenv.py
[2026-05-29T10:02:00.474+0200] {logging_mixin.py:151} INFO - [2026-05-29T10:02:00.474+0200] {dag.py:2915} INFO - Sync 1 DAGs
[2026-05-29T10:02:00.485+0200] {logging_mixin.py:151} INFO - [2026-05-29T10:02:00.485+0200] {dag.py:3696} INFO - Setting next_dagrun for tutorial_taskflow_api_virtualenv to None, run_after=None
[2026-05-29T10:02:00.502+0200] {processor.py:179} INFO - Processing /home/frederic/airflow_venv/lib/python3.10/site-packages/airflow/example_dags/tutorial_taskflow_api_virtualenv.py took 0.062 seconds
[2026-05-29T10:02:45.344+0200] {processor.py:157} INFO - Started process (PID=686305) to work on /home/frederic/airflow_venv/lib/python3.10/site-packages/airflow/example_dags/tutorial_taskflow_api_virtualenv.py
[2026-05-29T10:02:45.347+0200] {processor.py:829} INFO - Processing file /home/frederic/airflow_venv/lib/python3.10/site-packages/airflow/example_dags/tutorial_taskflow_api_virtualenv.py for tasks to queue
[2026-05-29T10:02:45.348+0200] {logging_mixin.py:151} INFO - [2026-05-29T10:02:45.348+0200] {dagbag.py:539} INFO - Filling up the DagBag from /home/frederic/airflow_venv/lib/python3.10/site-packages/airflow/example_dags/tutorial_taskflow_api_virtualenv.py
[2026-05-29T10:02:45.355+0200] {processor.py:839} INFO - DAG(s) dict_keys(['tutorial_taskflow_api_virtualenv']) retrieved from /home/frederic/airflow_venv/lib/python3.10/site-packages/airflow/example_dags/tutorial_taskflow_api_virtualenv.py
[2026-05-29T10:02:45.370+0200] {logging_mixin.py:151} INFO - [2026-05-29T10:02:45.369+0200] {dag.py:2915} INFO - Sync 1 DAGs
[2026-05-29T10:02:45.381+0200] {logging_mixin.py:151} INFO - [2026-05-29T10:02:45.381+0200] {dag.py:3696} INFO - Setting next_dagrun for tutorial_taskflow_api_virtualenv to None, run_after=None
[2026-05-29T10:02:45.398+0200] {processor.py:179} INFO - Processing /home/frederic/airflow_venv/lib/python3.10/site-packages/airflow/example_dags/tutorial_taskflow_api_virtualenv.py took 0.057 seconds
[2026-05-29T10:03:17.621+0200] {processor.py:157} INFO - Started process (PID=686673) to work on /home/frederic/airflow_venv/lib/python3.10/site-packages/airflow/example_dags/tutorial_taskflow_api_virtualenv.py
[2026-05-29T10:03:17.624+0200] {processor.py:829} INFO - Processing file /home/frederic/airflow_venv/lib/python3.10/site-packages/airflow/example_dags/tutorial_taskflow_api_virtualenv.py for tasks to queue
[2026-05-29T10:03:17.626+0200] {logging_mixin.py:151} INFO - [2026-05-29T10:03:17.625+0200] {dagbag.py:539} INFO - Filling up the DagBag from /home/frederic/airflow_venv/lib/python3.10/site-packages/airflow/example_dags/tutorial_taskflow_api_virtualenv.py
[2026-05-29T10:03:17.633+0200] {processor.py:839} INFO - DAG(s) dict_keys(['tutorial_taskflow_api_virtualenv']) retrieved from /home/frederic/airflow_venv/lib/python3.10/site-packages/airflow/example_dags/tutorial_taskflow_api_virtualenv.py
[2026-05-29T10:03:17.647+0200] {logging_mixin.py:151} INFO - [2026-05-29T10:03:17.647+0200] {dag.py:2915} INFO - Sync 1 DAGs
[2026-05-29T10:03:17.658+0200] {logging_mixin.py:151} INFO - [2026-05-29T10:03:17.658+0200] {dag.py:3696} INFO - Setting next_dagrun for tutorial_taskflow_api_virtualenv to None, run_after=None
[2026-05-29T10:03:17.676+0200] {processor.py:179} INFO - Processing /home/frederic/airflow_venv/lib/python3.10/site-packages/airflow/example_dags/tutorial_taskflow_api_virtualenv.py took 0.057 seconds
[2026-05-29T10:03:50.467+0200] {processor.py:157} INFO - Started process (PID=687345) to work on /home/frederic/airflow_venv/lib/python3.10/site-packages/airflow/example_dags/tutorial_taskflow_api_virtualenv.py
[2026-05-29T10:03:50.468+0200] {processor.py:829} INFO - Processing file /home/frederic/airflow_venv/lib/python3.10/site-packages/airflow/example_dags/tutorial_taskflow_api_virtualenv.py for tasks to queue
[2026-05-29T10:03:50.468+0200] {logging_mixin.py:151} INFO - [2026-05-29T10:03:50.468+0200] {dagbag.py:539} INFO - Filling up the DagBag from /home/frederic/airflow_venv/lib/python3.10/site-packages/airflow/example_dags/tutorial_taskflow_api_virtualenv.py
[2026-05-29T10:03:50.476+0200] {processor.py:839} INFO - DAG(s) dict_keys(['tutorial_taskflow_api_virtualenv']) retrieved from /home/frederic/airflow_venv/lib/python3.10/site-packages/airflow/example_dags/tutorial_taskflow_api_virtualenv.py
[2026-05-29T10:03:50.493+0200] {logging_mixin.py:151} INFO - [2026-05-29T10:03:50.493+0200] {dag.py:2915} INFO - Sync 1 DAGs
[2026-05-29T10:03:50.506+0200] {logging_mixin.py:151} INFO - [2026-05-29T10:03:50.506+0200] {dag.py:3696} INFO - Setting next_dagrun for tutorial_taskflow_api_virtualenv to None, run_after=None
[2026-05-29T10:03:50.528+0200] {processor.py:179} INFO - Processing /home/frederic/airflow_venv/lib/python3.10/site-packages/airflow/example_dags/tutorial_taskflow_api_virtualenv.py took 0.065 seconds
[2026-05-29T10:04:39.619+0200] {processor.py:157} INFO - Started process (PID=688281) to work on /home/frederic/airflow_venv/lib/python3.10/site-packages/airflow/example_dags/tutorial_taskflow_api_virtualenv.py
[2026-05-29T10:04:39.623+0200] {processor.py:829} INFO - Processing file /home/frederic/airflow_venv/lib/python3.10/site-packages/airflow/example_dags/tutorial_taskflow_api_virtualenv.py for tasks to queue
[2026-05-29T10:04:39.624+0200] {logging_mixin.py:151} INFO - [2026-05-29T10:04:39.623+0200] {dagbag.py:539} INFO - Filling up the DagBag from /home/frederic/airflow_venv/lib/python3.10/site-packages/airflow/example_dags/tutorial_taskflow_api_virtualenv.py
[2026-05-29T10:04:39.630+0200] {processor.py:839} INFO - DAG(s) dict_keys(['tutorial_taskflow_api_virtualenv']) retrieved from /home/frederic/airflow_venv/lib/python3.10/site-packages/airflow/example_dags/tutorial_taskflow_api_virtualenv.py
[2026-05-29T10:04:39.659+0200] {logging_mixin.py:151} INFO - [2026-05-29T10:04:39.659+0200] {dag.py:2915} INFO - Sync 1 DAGs
[2026-05-29T10:04:39.692+0200] {logging_mixin.py:151} INFO - [2026-05-29T10:04:39.692+0200] {dag.py:3696} INFO - Setting next_dagrun for tutorial_taskflow_api_virtualenv to None, run_after=None
[2026-05-29T10:04:39.725+0200] {processor.py:179} INFO - Processing /home/frederic/airflow_venv/lib/python3.10/site-packages/airflow/example_dags/tutorial_taskflow_api_virtualenv.py took 0.109 seconds
[2026-05-29T10:05:24.703+0200] {processor.py:157} INFO - Started process (PID=689535) to work on /home/frederic/airflow_venv/lib/python3.10/site-packages/airflow/example_dags/tutorial_taskflow_api_virtualenv.py
[2026-05-29T10:05:24.704+0200] {processor.py:829} INFO - Processing file /home/frederic/airflow_venv/lib/python3.10/site-packages/airflow/example_dags/tutorial_taskflow_api_virtualenv.py for tasks to queue
[2026-05-29T10:05:24.704+0200] {logging_mixin.py:151} INFO - [2026-05-29T10:05:24.704+0200] {dagbag.py:539} INFO - Filling up the DagBag from /home/frederic/airflow_venv/lib/python3.10/site-packages/airflow/example_dags/tutorial_taskflow_api_virtualenv.py
[2026-05-29T10:05:24.712+0200] {processor.py:839} INFO - DAG(s) dict_keys(['tutorial_taskflow_api_virtualenv']) retrieved from /home/frederic/airflow_venv/lib/python3.10/site-packages/airflow/example_dags/tutorial_taskflow_api_virtualenv.py
[2026-05-29T10:05:24.727+0200] {logging_mixin.py:151} INFO - [2026-05-29T10:05:24.727+0200] {dag.py:2915} INFO - Sync 1 DAGs
[2026-05-29T10:05:24.740+0200] {logging_mixin.py:151} INFO - [2026-05-29T10:05:24.739+0200] {dag.py:3696} INFO - Setting next_dagrun for tutorial_taskflow_api_virtualenv to None, run_after=None
[2026-05-29T10:05:24.759+0200] {processor.py:179} INFO - Processing /home/frederic/airflow_venv/lib/python3.10/site-packages/airflow/example_dags/tutorial_taskflow_api_virtualenv.py took 0.059 seconds
[2026-05-29T10:05:57.975+0200] {processor.py:157} INFO - Started process (PID=689871) to work on /home/frederic/airflow_venv/lib/python3.10/site-packages/airflow/example_dags/tutorial_taskflow_api_virtualenv.py
[2026-05-29T10:05:57.976+0200] {processor.py:829} INFO - Processing file /home/frederic/airflow_venv/lib/python3.10/site-packages/airflow/example_dags/tutorial_taskflow_api_virtualenv.py for tasks to queue
[2026-05-29T10:05:57.977+0200] {logging_mixin.py:151} INFO - [2026-05-29T10:05:57.977+0200] {dagbag.py:539} INFO - Filling up the DagBag from /home/frederic/airflow_venv/lib/python3.10/site-packages/airflow/example_dags/tutorial_taskflow_api_virtualenv.py
[2026-05-29T10:05:57.984+0200] {processor.py:839} INFO - DAG(s) dict_keys(['tutorial_taskflow_api_virtualenv']) retrieved from /home/frederic/airflow_venv/lib/python3.10/site-packages/airflow/example_dags/tutorial_taskflow_api_virtualenv.py
[2026-05-29T10:05:58.000+0200] {logging_mixin.py:151} INFO - [2026-05-29T10:05:57.999+0200] {dag.py:2915} INFO - Sync 1 DAGs
[2026-05-29T10:05:58.011+0200] {logging_mixin.py:151} INFO - [2026-05-29T10:05:58.011+0200] {dag.py:3696} INFO - Setting next_dagrun for tutorial_taskflow_api_virtualenv to None, run_after=None
[2026-05-29T10:05:58.032+0200] {processor.py:179} INFO - Processing /home/frederic/airflow_venv/lib/python3.10/site-packages/airflow/example_dags/tutorial_taskflow_api_virtualenv.py took 0.060 seconds
[2026-05-29T10:06:48.344+0200] {processor.py:157} INFO - Started process (PID=690441) to work on /home/frederic/airflow_venv/lib/python3.10/site-packages/airflow/example_dags/tutorial_taskflow_api_virtualenv.py
[2026-05-29T10:06:48.346+0200] {processor.py:829} INFO - Processing file /home/frederic/airflow_venv/lib/python3.10/site-packages/airflow/example_dags/tutorial_taskflow_api_virtualenv.py for tasks to queue
[2026-05-29T10:06:48.346+0200] {logging_mixin.py:151} INFO - [2026-05-29T10:06:48.346+0200] {dagbag.py:539} INFO - Filling up the DagBag from /home/frederic/airflow_venv/lib/python3.10/site-packages/airflow/example_dags/tutorial_taskflow_api_virtualenv.py
[2026-05-29T10:06:48.352+0200] {processor.py:839} INFO - DAG(s) dict_keys(['tutorial_taskflow_api_virtualenv']) retrieved from /home/frederic/airflow_venv/lib/python3.10/site-packages/airflow/example_dags/tutorial_taskflow_api_virtualenv.py
[2026-05-29T10:06:48.368+0200] {logging_mixin.py:151} INFO - [2026-05-29T10:06:48.367+0200] {dag.py:2915} INFO - Sync 1 DAGs
[2026-05-29T10:06:48.380+0200] {logging_mixin.py:151} INFO - [2026-05-29T10:06:48.380+0200] {dag.py:3696} INFO - Setting next_dagrun for tutorial_taskflow_api_virtualenv to None, run_after=None
[2026-05-29T10:06:48.397+0200] {processor.py:179} INFO - Processing /home/frederic/airflow_venv/lib/python3.10/site-packages/airflow/example_dags/tutorial_taskflow_api_virtualenv.py took 0.057 seconds
[2026-05-29T10:07:25.482+0200] {processor.py:157} INFO - Started process (PID=691023) to work on /home/frederic/airflow_venv/lib/python3.10/site-packages/airflow/example_dags/tutorial_taskflow_api_virtualenv.py
[2026-05-29T10:07:25.483+0200] {processor.py:829} INFO - Processing file /home/frederic/airflow_venv/lib/python3.10/site-packages/airflow/example_dags/tutorial_taskflow_api_virtualenv.py for tasks to queue
[2026-05-29T10:07:25.484+0200] {logging_mixin.py:151} INFO - [2026-05-29T10:07:25.483+0200] {dagbag.py:539} INFO - Filling up the DagBag from /home/frederic/airflow_venv/lib/python3.10/site-packages/airflow/example_dags/tutorial_taskflow_api_virtualenv.py
[2026-05-29T10:07:25.491+0200] {processor.py:839} INFO - DAG(s) dict_keys(['tutorial_taskflow_api_virtualenv']) retrieved from /home/frederic/airflow_venv/lib/python3.10/site-packages/airflow/example_dags/tutorial_taskflow_api_virtualenv.py
[2026-05-29T10:07:25.505+0200] {logging_mixin.py:151} INFO - [2026-05-29T10:07:25.505+0200] {dag.py:2915} INFO - Sync 1 DAGs
[2026-05-29T10:07:25.515+0200] {logging_mixin.py:151} INFO - [2026-05-29T10:07:25.515+0200] {dag.py:3696} INFO - Setting next_dagrun for tutorial_taskflow_api_virtualenv to None, run_after=None
[2026-05-29T10:07:25.539+0200] {processor.py:179} INFO - Processing /home/frederic/airflow_venv/lib/python3.10/site-packages/airflow/example_dags/tutorial_taskflow_api_virtualenv.py took 0.060 seconds
[2026-05-29T10:07:59.901+0200] {processor.py:157} INFO - Started process (PID=691387) to work on /home/frederic/airflow_venv/lib/python3.10/site-packages/airflow/example_dags/tutorial_taskflow_api_virtualenv.py
[2026-05-29T10:07:59.903+0200] {processor.py:829} INFO - Processing file /home/frederic/airflow_venv/lib/python3.10/site-packages/airflow/example_dags/tutorial_taskflow_api_virtualenv.py for tasks to queue
[2026-05-29T10:07:59.904+0200] {logging_mixin.py:151} INFO - [2026-05-29T10:07:59.904+0200] {dagbag.py:539} INFO - Filling up the DagBag from /home/frederic/airflow_venv/lib/python3.10/site-packages/airflow/example_dags/tutorial_taskflow_api_virtualenv.py
[2026-05-29T10:07:59.911+0200] {processor.py:839} INFO - DAG(s) dict_keys(['tutorial_taskflow_api_virtualenv']) retrieved from /home/frederic/airflow_venv/lib/python3.10/site-packages/airflow/example_dags/tutorial_taskflow_api_virtualenv.py
[2026-05-29T10:07:59.925+0200] {logging_mixin.py:151} INFO - [2026-05-29T10:07:59.925+0200] {dag.py:2915} INFO - Sync 1 DAGs
[2026-05-29T10:07:59.936+0200] {logging_mixin.py:151} INFO - [2026-05-29T10:07:59.936+0200] {dag.py:3696} INFO - Setting next_dagrun for tutorial_taskflow_api_virtualenv to None, run_after=None
[2026-05-29T10:07:59.954+0200] {processor.py:179} INFO - Processing /home/frederic/airflow_venv/lib/python3.10/site-packages/airflow/example_dags/tutorial_taskflow_api_virtualenv.py took 0.055 seconds
[2026-05-29T10:08:47.222+0200] {processor.py:157} INFO - Started process (PID=692037) to work on /home/frederic/airflow_venv/lib/python3.10/site-packages/airflow/example_dags/tutorial_taskflow_api_virtualenv.py
[2026-05-29T10:08:47.223+0200] {processor.py:829} INFO - Processing file /home/frederic/airflow_venv/lib/python3.10/site-packages/airflow/example_dags/tutorial_taskflow_api_virtualenv.py for tasks to queue
[2026-05-29T10:08:47.224+0200] {logging_mixin.py:151} INFO - [2026-05-29T10:08:47.224+0200] {dagbag.py:539} INFO - Filling up the DagBag from /home/frederic/airflow_venv/lib/python3.10/site-packages/airflow/example_dags/tutorial_taskflow_api_virtualenv.py
[2026-05-29T10:08:47.232+0200] {processor.py:839} INFO - DAG(s) dict_keys(['tutorial_taskflow_api_virtualenv']) retrieved from /home/frederic/airflow_venv/lib/python3.10/site-packages/airflow/example_dags/tutorial_taskflow_api_virtualenv.py
[2026-05-29T10:08:47.247+0200] {logging_mixin.py:151} INFO - [2026-05-29T10:08:47.246+0200] {dag.py:2915} INFO - Sync 1 DAGs
[2026-05-29T10:08:47.257+0200] {logging_mixin.py:151} INFO - [2026-05-29T10:08:47.257+0200] {dag.py:3696} INFO - Setting next_dagrun for tutorial_taskflow_api_virtualenv to None, run_after=None
[2026-05-29T10:08:47.275+0200] {processor.py:179} INFO - Processing /home/frederic/airflow_venv/lib/python3.10/site-packages/airflow/example_dags/tutorial_taskflow_api_virtualenv.py took 0.055 seconds
[2026-05-29T10:09:33.071+0200] {processor.py:157} INFO - Started process (PID=692516) to work on /home/frederic/airflow_venv/lib/python3.10/site-packages/airflow/example_dags/tutorial_taskflow_api_virtualenv.py
[2026-05-29T10:09:33.075+0200] {processor.py:829} INFO - Processing file /home/frederic/airflow_venv/lib/python3.10/site-packages/airflow/example_dags/tutorial_taskflow_api_virtualenv.py for tasks to queue
[2026-05-29T10:09:33.076+0200] {logging_mixin.py:151} INFO - [2026-05-29T10:09:33.075+0200] {dagbag.py:539} INFO - Filling up the DagBag from /home/frederic/airflow_venv/lib/python3.10/site-packages/airflow/example_dags/tutorial_taskflow_api_virtualenv.py
[2026-05-29T10:09:33.082+0200] {processor.py:839} INFO - DAG(s) dict_keys(['tutorial_taskflow_api_virtualenv']) retrieved from /home/frederic/airflow_venv/lib/python3.10/site-packages/airflow/example_dags/tutorial_taskflow_api_virtualenv.py
[2026-05-29T10:09:33.096+0200] {logging_mixin.py:151} INFO - [2026-05-29T10:09:33.095+0200] {dag.py:2915} INFO - Sync 1 DAGs
[2026-05-29T10:09:33.108+0200] {logging_mixin.py:151} INFO - [2026-05-29T10:09:33.107+0200] {dag.py:3696} INFO - Setting next_dagrun for tutorial_taskflow_api_virtualenv to None, run_after=None
[2026-05-29T10:09:33.125+0200] {processor.py:179} INFO - Processing /home/frederic/airflow_venv/lib/python3.10/site-packages/airflow/example_dags/tutorial_taskflow_api_virtualenv.py took 0.057 seconds
[2026-05-29T10:10:07.602+0200] {processor.py:157} INFO - Started process (PID=692942) to work on /home/frederic/airflow_venv/lib/python3.10/site-packages/airflow/example_dags/tutorial_taskflow_api_virtualenv.py
[2026-05-29T10:10:07.605+0200] {processor.py:829} INFO - Processing file /home/frederic/airflow_venv/lib/python3.10/site-packages/airflow/example_dags/tutorial_taskflow_api_virtualenv.py for tasks to queue
[2026-05-29T10:10:07.606+0200] {logging_mixin.py:151} INFO - [2026-05-29T10:10:07.606+0200] {dagbag.py:539} INFO - Filling up the DagBag from /home/frederic/airflow_venv/lib/python3.10/site-packages/airflow/example_dags/tutorial_taskflow_api_virtualenv.py
[2026-05-29T10:10:07.611+0200] {processor.py:839} INFO - DAG(s) dict_keys(['tutorial_taskflow_api_virtualenv']) retrieved from /home/frederic/airflow_venv/lib/python3.10/site-packages/airflow/example_dags/tutorial_taskflow_api_virtualenv.py
[2026-05-29T10:10:07.625+0200] {logging_mixin.py:151} INFO - [2026-05-29T10:10:07.625+0200] {dag.py:2915} INFO - Sync 1 DAGs
[2026-05-29T10:10:07.636+0200] {logging_mixin.py:151} INFO - [2026-05-29T10:10:07.636+0200] {dag.py:3696} INFO - Setting next_dagrun for tutorial_taskflow_api_virtualenv to None, run_after=None
[2026-05-29T10:10:07.654+0200] {processor.py:179} INFO - Processing /home/frederic/airflow_venv/lib/python3.10/site-packages/airflow/example_dags/tutorial_taskflow_api_virtualenv.py took 0.056 seconds
[2026-05-29T10:10:54.296+0200] {processor.py:157} INFO - Started process (PID=693890) to work on /home/frederic/airflow_venv/lib/python3.10/site-packages/airflow/example_dags/tutorial_taskflow_api_virtualenv.py
[2026-05-29T10:10:54.297+0200] {processor.py:829} INFO - Processing file /home/frederic/airflow_venv/lib/python3.10/site-packages/airflow/example_dags/tutorial_taskflow_api_virtualenv.py for tasks to queue
[2026-05-29T10:10:54.297+0200] {logging_mixin.py:151} INFO - [2026-05-29T10:10:54.297+0200] {dagbag.py:539} INFO - Filling up the DagBag from /home/frederic/airflow_venv/lib/python3.10/site-packages/airflow/example_dags/tutorial_taskflow_api_virtualenv.py
[2026-05-29T10:10:54.304+0200] {processor.py:839} INFO - DAG(s) dict_keys(['tutorial_taskflow_api_virtualenv']) retrieved from /home/frederic/airflow_venv/lib/python3.10/site-packages/airflow/example_dags/tutorial_taskflow_api_virtualenv.py
[2026-05-29T10:10:54.320+0200] {logging_mixin.py:151} INFO - [2026-05-29T10:10:54.320+0200] {dag.py:2915} INFO - Sync 1 DAGs
[2026-05-29T10:10:54.331+0200] {logging_mixin.py:151} INFO - [2026-05-29T10:10:54.331+0200] {dag.py:3696} INFO - Setting next_dagrun for tutorial_taskflow_api_virtualenv to None, run_after=None
[2026-05-29T10:10:54.353+0200] {processor.py:179} INFO - Processing /home/frederic/airflow_venv/lib/python3.10/site-packages/airflow/example_dags/tutorial_taskflow_api_virtualenv.py took 0.059 seconds
[2026-05-29T10:11:28.402+0200] {processor.py:157} INFO - Started process (PID=694569) to work on /home/frederic/airflow_venv/lib/python3.10/site-packages/airflow/example_dags/tutorial_taskflow_api_virtualenv.py
[2026-05-29T10:11:28.403+0200] {processor.py:829} INFO - Processing file /home/frederic/airflow_venv/lib/python3.10/site-packages/airflow/example_dags/tutorial_taskflow_api_virtualenv.py for tasks to queue
[2026-05-29T10:11:28.404+0200] {logging_mixin.py:151} INFO - [2026-05-29T10:11:28.404+0200] {dagbag.py:539} INFO - Filling up the DagBag from /home/frederic/airflow_venv/lib/python3.10/site-packages/airflow/example_dags/tutorial_taskflow_api_virtualenv.py
[2026-05-29T10:11:28.409+0200] {processor.py:839} INFO - DAG(s) dict_keys(['tutorial_taskflow_api_virtualenv']) retrieved from /home/frederic/airflow_venv/lib/python3.10/site-packages/airflow/example_dags/tutorial_taskflow_api_virtualenv.py
[2026-05-29T10:11:28.423+0200] {logging_mixin.py:151} INFO - [2026-05-29T10:11:28.422+0200] {dag.py:2915} INFO - Sync 1 DAGs
[2026-05-29T10:11:28.433+0200] {logging_mixin.py:151} INFO - [2026-05-29T10:11:28.433+0200] {dag.py:3696} INFO - Setting next_dagrun for tutorial_taskflow_api_virtualenv to None, run_after=None
[2026-05-29T10:11:28.450+0200] {processor.py:179} INFO - Processing /home/frederic/airflow_venv/lib/python3.10/site-packages/airflow/example_dags/tutorial_taskflow_api_virtualenv.py took 0.050 seconds
[2026-05-29T10:12:00.456+0200] {processor.py:157} INFO - Started process (PID=695205) to work on /home/frederic/airflow_venv/lib/python3.10/site-packages/airflow/example_dags/tutorial_taskflow_api_virtualenv.py
[2026-05-29T10:12:00.456+0200] {processor.py:829} INFO - Processing file /home/frederic/airflow_venv/lib/python3.10/site-packages/airflow/example_dags/tutorial_taskflow_api_virtualenv.py for tasks to queue
[2026-05-29T10:12:00.457+0200] {logging_mixin.py:151} INFO - [2026-05-29T10:12:00.457+0200] {dagbag.py:539} INFO - Filling up the DagBag from /home/frederic/airflow_venv/lib/python3.10/site-packages/airflow/example_dags/tutorial_taskflow_api_virtualenv.py
[2026-05-29T10:12:00.463+0200] {processor.py:839} INFO - DAG(s) dict_keys(['tutorial_taskflow_api_virtualenv']) retrieved from /home/frederic/airflow_venv/lib/python3.10/site-packages/airflow/example_dags/tutorial_taskflow_api_virtualenv.py
[2026-05-29T10:12:00.475+0200] {logging_mixin.py:151} INFO - [2026-05-29T10:12:00.475+0200] {dag.py:2915} INFO - Sync 1 DAGs
[2026-05-29T10:12:00.484+0200] {logging_mixin.py:151} INFO - [2026-05-29T10:12:00.484+0200] {dag.py:3696} INFO - Setting next_dagrun for tutorial_taskflow_api_virtualenv to None, run_after=None
[2026-05-29T10:12:00.499+0200] {processor.py:179} INFO - Processing /home/frederic/airflow_venv/lib/python3.10/site-packages/airflow/example_dags/tutorial_taskflow_api_virtualenv.py took 0.046 seconds
[2026-05-29T10:12:41.927+0200] {processor.py:157} INFO - Started process (PID=695623) to work on /home/frederic/airflow_venv/lib/python3.10/site-packages/airflow/example_dags/tutorial_taskflow_api_virtualenv.py
[2026-05-29T10:12:41.928+0200] {processor.py:829} INFO - Processing file /home/frederic/airflow_venv/lib/python3.10/site-packages/airflow/example_dags/tutorial_taskflow_api_virtualenv.py for tasks to queue
[2026-05-29T10:12:41.929+0200] {logging_mixin.py:151} INFO - [2026-05-29T10:12:41.928+0200] {dagbag.py:539} INFO - Filling up the DagBag from /home/frederic/airflow_venv/lib/python3.10/site-packages/airflow/example_dags/tutorial_taskflow_api_virtualenv.py
[2026-05-29T10:12:41.934+0200] {processor.py:839} INFO - DAG(s) dict_keys(['tutorial_taskflow_api_virtualenv']) retrieved from /home/frederic/airflow_venv/lib/python3.10/site-packages/airflow/example_dags/tutorial_taskflow_api_virtualenv.py
[2026-05-29T10:12:41.947+0200] {logging_mixin.py:151} INFO - [2026-05-29T10:12:41.947+0200] {dag.py:2915} INFO - Sync 1 DAGs
[2026-05-29T10:12:41.956+0200] {logging_mixin.py:151} INFO - [2026-05-29T10:12:41.956+0200] {dag.py:3696} INFO - Setting next_dagrun for tutorial_taskflow_api_virtualenv to None, run_after=None
[2026-05-29T10:12:41.970+0200] {processor.py:179} INFO - Processing /home/frederic/airflow_venv/lib/python3.10/site-packages/airflow/example_dags/tutorial_taskflow_api_virtualenv.py took 0.045 seconds
[2026-05-29T10:13:22.159+0200] {processor.py:157} INFO - Started process (PID=696121) to work on /home/frederic/airflow_venv/lib/python3.10/site-packages/airflow/example_dags/tutorial_taskflow_api_virtualenv.py
[2026-05-29T10:13:22.160+0200] {processor.py:829} INFO - Processing file /home/frederic/airflow_venv/lib/python3.10/site-packages/airflow/example_dags/tutorial_taskflow_api_virtualenv.py for tasks to queue
[2026-05-29T10:13:22.161+0200] {logging_mixin.py:151} INFO - [2026-05-29T10:13:22.161+0200] {dagbag.py:539} INFO - Filling up the DagBag from /home/frederic/airflow_venv/lib/python3.10/site-packages/airflow/example_dags/tutorial_taskflow_api_virtualenv.py
[2026-05-29T10:13:22.166+0200] {processor.py:839} INFO - DAG(s) dict_keys(['tutorial_taskflow_api_virtualenv']) retrieved from /home/frederic/airflow_venv/lib/python3.10/site-packages/airflow/example_dags/tutorial_taskflow_api_virtualenv.py
[2026-05-29T10:13:22.178+0200] {logging_mixin.py:151} INFO - [2026-05-29T10:13:22.178+0200] {dag.py:2915} INFO - Sync 1 DAGs
[2026-05-29T10:13:22.190+0200] {logging_mixin.py:151} INFO - [2026-05-29T10:13:22.189+0200] {dag.py:3696} INFO - Setting next_dagrun for tutorial_taskflow_api_virtualenv to None, run_after=None
[2026-05-29T10:13:22.206+0200] {processor.py:179} INFO - Processing /home/frederic/airflow_venv/lib/python3.10/site-packages/airflow/example_dags/tutorial_taskflow_api_virtualenv.py took 0.049 seconds
[2026-05-29T10:14:10.715+0200] {processor.py:157} INFO - Started process (PID=696678) to work on /home/frederic/airflow_venv/lib/python3.10/site-packages/airflow/example_dags/tutorial_taskflow_api_virtualenv.py
[2026-05-29T10:14:10.716+0200] {processor.py:829} INFO - Processing file /home/frederic/airflow_venv/lib/python3.10/site-packages/airflow/example_dags/tutorial_taskflow_api_virtualenv.py for tasks to queue
[2026-05-29T10:14:10.717+0200] {logging_mixin.py:151} INFO - [2026-05-29T10:14:10.716+0200] {dagbag.py:539} INFO - Filling up the DagBag from /home/frederic/airflow_venv/lib/python3.10/site-packages/airflow/example_dags/tutorial_taskflow_api_virtualenv.py
[2026-05-29T10:14:10.723+0200] {processor.py:839} INFO - DAG(s) dict_keys(['tutorial_taskflow_api_virtualenv']) retrieved from /home/frederic/airflow_venv/lib/python3.10/site-packages/airflow/example_dags/tutorial_taskflow_api_virtualenv.py
[2026-05-29T10:14:10.744+0200] {logging_mixin.py:151} INFO - [2026-05-29T10:14:10.744+0200] {dag.py:2915} INFO - Sync 1 DAGs
[2026-05-29T10:14:10.754+0200] {logging_mixin.py:151} INFO - [2026-05-29T10:14:10.754+0200] {dag.py:3696} INFO - Setting next_dagrun for tutorial_taskflow_api_virtualenv to None, run_after=None
[2026-05-29T10:14:10.768+0200] {processor.py:179} INFO - Processing /home/frederic/airflow_venv/lib/python3.10/site-packages/airflow/example_dags/tutorial_taskflow_api_virtualenv.py took 0.056 seconds
[2026-05-29T10:14:44.393+0200] {processor.py:157} INFO - Started process (PID=697121) to work on /home/frederic/airflow_venv/lib/python3.10/site-packages/airflow/example_dags/tutorial_taskflow_api_virtualenv.py
[2026-05-29T10:14:44.394+0200] {processor.py:829} INFO - Processing file /home/frederic/airflow_venv/lib/python3.10/site-packages/airflow/example_dags/tutorial_taskflow_api_virtualenv.py for tasks to queue
[2026-05-29T10:14:44.394+0200] {logging_mixin.py:151} INFO - [2026-05-29T10:14:44.394+0200] {dagbag.py:539} INFO - Filling up the DagBag from /home/frederic/airflow_venv/lib/python3.10/site-packages/airflow/example_dags/tutorial_taskflow_api_virtualenv.py
[2026-05-29T10:14:44.401+0200] {processor.py:839} INFO - DAG(s) dict_keys(['tutorial_taskflow_api_virtualenv']) retrieved from /home/frederic/airflow_venv/lib/python3.10/site-packages/airflow/example_dags/tutorial_taskflow_api_virtualenv.py
[2026-05-29T10:14:44.414+0200] {logging_mixin.py:151} INFO - [2026-05-29T10:14:44.414+0200] {dag.py:2915} INFO - Sync 1 DAGs
[2026-05-29T10:14:44.425+0200] {logging_mixin.py:151} INFO - [2026-05-29T10:14:44.425+0200] {dag.py:3696} INFO - Setting next_dagrun for tutorial_taskflow_api_virtualenv to None, run_after=None
[2026-05-29T10:14:44.441+0200] {processor.py:179} INFO - Processing /home/frederic/airflow_venv/lib/python3.10/site-packages/airflow/example_dags/tutorial_taskflow_api_virtualenv.py took 0.051 seconds
[2026-05-29T10:15:31.188+0200] {processor.py:157} INFO - Started process (PID=697769) to work on /home/frederic/airflow_venv/lib/python3.10/site-packages/airflow/example_dags/tutorial_taskflow_api_virtualenv.py
[2026-05-29T10:15:31.189+0200] {processor.py:829} INFO - Processing file /home/frederic/airflow_venv/lib/python3.10/site-packages/airflow/example_dags/tutorial_taskflow_api_virtualenv.py for tasks to queue
[2026-05-29T10:15:31.189+0200] {logging_mixin.py:151} INFO - [2026-05-29T10:15:31.189+0200] {dagbag.py:539} INFO - Filling up the DagBag from /home/frederic/airflow_venv/lib/python3.10/site-packages/airflow/example_dags/tutorial_taskflow_api_virtualenv.py
[2026-05-29T10:15:31.196+0200] {processor.py:839} INFO - DAG(s) dict_keys(['tutorial_taskflow_api_virtualenv']) retrieved from /home/frederic/airflow_venv/lib/python3.10/site-packages/airflow/example_dags/tutorial_taskflow_api_virtualenv.py
[2026-05-29T10:15:31.211+0200] {logging_mixin.py:151} INFO - [2026-05-29T10:15:31.211+0200] {dag.py:2915} INFO - Sync 1 DAGs
[2026-05-29T10:15:31.220+0200] {logging_mixin.py:151} INFO - [2026-05-29T10:15:31.220+0200] {dag.py:3696} INFO - Setting next_dagrun for tutorial_taskflow_api_virtualenv to None, run_after=None
[2026-05-29T10:15:31.236+0200] {processor.py:179} INFO - Processing /home/frederic/airflow_venv/lib/python3.10/site-packages/airflow/example_dags/tutorial_taskflow_api_virtualenv.py took 0.050 seconds
[2026-05-29T10:16:03.192+0200] {processor.py:157} INFO - Started process (PID=698438) to work on /home/frederic/airflow_venv/lib/python3.10/site-packages/airflow/example_dags/tutorial_taskflow_api_virtualenv.py
[2026-05-29T10:16:03.193+0200] {processor.py:829} INFO - Processing file /home/frederic/airflow_venv/lib/python3.10/site-packages/airflow/example_dags/tutorial_taskflow_api_virtualenv.py for tasks to queue
[2026-05-29T10:16:03.194+0200] {logging_mixin.py:151} INFO - [2026-05-29T10:16:03.193+0200] {dagbag.py:539} INFO - Filling up the DagBag from /home/frederic/airflow_venv/lib/python3.10/site-packages/airflow/example_dags/tutorial_taskflow_api_virtualenv.py
[2026-05-29T10:16:03.199+0200] {processor.py:839} INFO - DAG(s) dict_keys(['tutorial_taskflow_api_virtualenv']) retrieved from /home/frederic/airflow_venv/lib/python3.10/site-packages/airflow/example_dags/tutorial_taskflow_api_virtualenv.py
[2026-05-29T10:16:03.213+0200] {logging_mixin.py:151} INFO - [2026-05-29T10:16:03.213+0200] {dag.py:2915} INFO - Sync 1 DAGs
[2026-05-29T10:16:03.226+0200] {logging_mixin.py:151} INFO - [2026-05-29T10:16:03.226+0200] {dag.py:3696} INFO - Setting next_dagrun for tutorial_taskflow_api_virtualenv to None, run_after=None
[2026-05-29T10:16:03.241+0200] {processor.py:179} INFO - Processing /home/frederic/airflow_venv/lib/python3.10/site-packages/airflow/example_dags/tutorial_taskflow_api_virtualenv.py took 0.051 seconds
[2026-05-29T10:16:35.888+0200] {processor.py:157} INFO - Started process (PID=698817) to work on /home/frederic/airflow_venv/lib/python3.10/site-packages/airflow/example_dags/tutorial_taskflow_api_virtualenv.py
[2026-05-29T10:16:35.889+0200] {processor.py:829} INFO - Processing file /home/frederic/airflow_venv/lib/python3.10/site-packages/airflow/example_dags/tutorial_taskflow_api_virtualenv.py for tasks to queue
[2026-05-29T10:16:35.889+0200] {logging_mixin.py:151} INFO - [2026-05-29T10:16:35.889+0200] {dagbag.py:539} INFO - Filling up the DagBag from /home/frederic/airflow_venv/lib/python3.10/site-packages/airflow/example_dags/tutorial_taskflow_api_virtualenv.py
[2026-05-29T10:16:35.895+0200] {processor.py:839} INFO - DAG(s) dict_keys(['tutorial_taskflow_api_virtualenv']) retrieved from /home/frederic/airflow_venv/lib/python3.10/site-packages/airflow/example_dags/tutorial_taskflow_api_virtualenv.py
[2026-05-29T10:16:35.907+0200] {logging_mixin.py:151} INFO - [2026-05-29T10:16:35.907+0200] {dag.py:2915} INFO - Sync 1 DAGs
[2026-05-29T10:16:35.915+0200] {logging_mixin.py:151} INFO - [2026-05-29T10:16:35.915+0200] {dag.py:3696} INFO - Setting next_dagrun for tutorial_taskflow_api_virtualenv to None, run_after=None
[2026-05-29T10:16:35.929+0200] {processor.py:179} INFO - Processing /home/frederic/airflow_venv/lib/python3.10/site-packages/airflow/example_dags/tutorial_taskflow_api_virtualenv.py took 0.043 seconds
[2026-05-29T10:17:19.574+0200] {processor.py:157} INFO - Started process (PID=699774) to work on /home/frederic/airflow_venv/lib/python3.10/site-packages/airflow/example_dags/tutorial_taskflow_api_virtualenv.py
[2026-05-29T10:17:19.575+0200] {processor.py:829} INFO - Processing file /home/frederic/airflow_venv/lib/python3.10/site-packages/airflow/example_dags/tutorial_taskflow_api_virtualenv.py for tasks to queue
[2026-05-29T10:17:19.576+0200] {logging_mixin.py:151} INFO - [2026-05-29T10:17:19.576+0200] {dagbag.py:539} INFO - Filling up the DagBag from /home/frederic/airflow_venv/lib/python3.10/site-packages/airflow/example_dags/tutorial_taskflow_api_virtualenv.py
[2026-05-29T10:17:19.583+0200] {processor.py:839} INFO - DAG(s) dict_keys(['tutorial_taskflow_api_virtualenv']) retrieved from /home/frederic/airflow_venv/lib/python3.10/site-packages/airflow/example_dags/tutorial_taskflow_api_virtualenv.py
[2026-05-29T10:17:19.601+0200] {logging_mixin.py:151} INFO - [2026-05-29T10:17:19.601+0200] {dag.py:2915} INFO - Sync 1 DAGs
[2026-05-29T10:17:19.616+0200] {logging_mixin.py:151} INFO - [2026-05-29T10:17:19.616+0200] {dag.py:3696} INFO - Setting next_dagrun for tutorial_taskflow_api_virtualenv to None, run_after=None
[2026-05-29T10:17:19.636+0200] {processor.py:179} INFO - Processing /home/frederic/airflow_venv/lib/python3.10/site-packages/airflow/example_dags/tutorial_taskflow_api_virtualenv.py took 0.063 seconds
[2026-05-29T10:17:53.853+0200] {processor.py:157} INFO - Started process (PID=700463) to work on /home/frederic/airflow_venv/lib/python3.10/site-packages/airflow/example_dags/tutorial_taskflow_api_virtualenv.py
[2026-05-29T10:17:53.853+0200] {processor.py:829} INFO - Processing file /home/frederic/airflow_venv/lib/python3.10/site-packages/airflow/example_dags/tutorial_taskflow_api_virtualenv.py for tasks to queue
[2026-05-29T10:17:53.854+0200] {logging_mixin.py:151} INFO - [2026-05-29T10:17:53.854+0200] {dagbag.py:539} INFO - Filling up the DagBag from /home/frederic/airflow_venv/lib/python3.10/site-packages/airflow/example_dags/tutorial_taskflow_api_virtualenv.py
[2026-05-29T10:17:53.859+0200] {processor.py:839} INFO - DAG(s) dict_keys(['tutorial_taskflow_api_virtualenv']) retrieved from /home/frederic/airflow_venv/lib/python3.10/site-packages/airflow/example_dags/tutorial_taskflow_api_virtualenv.py
[2026-05-29T10:17:53.872+0200] {logging_mixin.py:151} INFO - [2026-05-29T10:17:53.872+0200] {dag.py:2915} INFO - Sync 1 DAGs
[2026-05-29T10:17:53.882+0200] {logging_mixin.py:151} INFO - [2026-05-29T10:17:53.882+0200] {dag.py:3696} INFO - Setting next_dagrun for tutorial_taskflow_api_virtualenv to None, run_after=None
[2026-05-29T10:17:53.896+0200] {processor.py:179} INFO - Processing /home/frederic/airflow_venv/lib/python3.10/site-packages/airflow/example_dags/tutorial_taskflow_api_virtualenv.py took 0.046 seconds
[2026-05-29T10:18:36.767+0200] {processor.py:157} INFO - Started process (PID=700953) to work on /home/frederic/airflow_venv/lib/python3.10/site-packages/airflow/example_dags/tutorial_taskflow_api_virtualenv.py
[2026-05-29T10:18:36.768+0200] {processor.py:829} INFO - Processing file /home/frederic/airflow_venv/lib/python3.10/site-packages/airflow/example_dags/tutorial_taskflow_api_virtualenv.py for tasks to queue
[2026-05-29T10:18:36.769+0200] {logging_mixin.py:151} INFO - [2026-05-29T10:18:36.768+0200] {dagbag.py:539} INFO - Filling up the DagBag from /home/frederic/airflow_venv/lib/python3.10/site-packages/airflow/example_dags/tutorial_taskflow_api_virtualenv.py
[2026-05-29T10:18:36.774+0200] {processor.py:839} INFO - DAG(s) dict_keys(['tutorial_taskflow_api_virtualenv']) retrieved from /home/frederic/airflow_venv/lib/python3.10/site-packages/airflow/example_dags/tutorial_taskflow_api_virtualenv.py
[2026-05-29T10:18:36.786+0200] {logging_mixin.py:151} INFO - [2026-05-29T10:18:36.786+0200] {dag.py:2915} INFO - Sync 1 DAGs
[2026-05-29T10:18:36.795+0200] {logging_mixin.py:151} INFO - [2026-05-29T10:18:36.795+0200] {dag.py:3696} INFO - Setting next_dagrun for tutorial_taskflow_api_virtualenv to None, run_after=None
[2026-05-29T10:18:36.810+0200] {processor.py:179} INFO - Processing /home/frederic/airflow_venv/lib/python3.10/site-packages/airflow/example_dags/tutorial_taskflow_api_virtualenv.py took 0.045 seconds
[2026-05-29T10:19:10.235+0200] {processor.py:157} INFO - Started process (PID=701309) to work on /home/frederic/airflow_venv/lib/python3.10/site-packages/airflow/example_dags/tutorial_taskflow_api_virtualenv.py
[2026-05-29T10:19:10.236+0200] {processor.py:829} INFO - Processing file /home/frederic/airflow_venv/lib/python3.10/site-packages/airflow/example_dags/tutorial_taskflow_api_virtualenv.py for tasks to queue
[2026-05-29T10:19:10.236+0200] {logging_mixin.py:151} INFO - [2026-05-29T10:19:10.236+0200] {dagbag.py:539} INFO - Filling up the DagBag from /home/frederic/airflow_venv/lib/python3.10/site-packages/airflow/example_dags/tutorial_taskflow_api_virtualenv.py
[2026-05-29T10:19:10.242+0200] {processor.py:839} INFO - DAG(s) dict_keys(['tutorial_taskflow_api_virtualenv']) retrieved from /home/frederic/airflow_venv/lib/python3.10/site-packages/airflow/example_dags/tutorial_taskflow_api_virtualenv.py
[2026-05-29T10:19:10.254+0200] {logging_mixin.py:151} INFO - [2026-05-29T10:19:10.254+0200] {dag.py:2915} INFO - Sync 1 DAGs
[2026-05-29T10:19:10.263+0200] {logging_mixin.py:151} INFO - [2026-05-29T10:19:10.263+0200] {dag.py:3696} INFO - Setting next_dagrun for tutorial_taskflow_api_virtualenv to None, run_after=None
[2026-05-29T10:19:10.277+0200] {processor.py:179} INFO - Processing /home/frederic/airflow_venv/lib/python3.10/site-packages/airflow/example_dags/tutorial_taskflow_api_virtualenv.py took 0.045 seconds
[2026-05-29T10:19:58.228+0200] {processor.py:157} INFO - Started process (PID=701718) to work on /home/frederic/airflow_venv/lib/python3.10/site-packages/airflow/example_dags/tutorial_taskflow_api_virtualenv.py
[2026-05-29T10:19:58.229+0200] {processor.py:829} INFO - Processing file /home/frederic/airflow_venv/lib/python3.10/site-packages/airflow/example_dags/tutorial_taskflow_api_virtualenv.py for tasks to queue
[2026-05-29T10:19:58.229+0200] {logging_mixin.py:151} INFO - [2026-05-29T10:19:58.229+0200] {dagbag.py:539} INFO - Filling up the DagBag from /home/frederic/airflow_venv/lib/python3.10/site-packages/airflow/example_dags/tutorial_taskflow_api_virtualenv.py
[2026-05-29T10:19:58.235+0200] {processor.py:839} INFO - DAG(s) dict_keys(['tutorial_taskflow_api_virtualenv']) retrieved from /home/frederic/airflow_venv/lib/python3.10/site-packages/airflow/example_dags/tutorial_taskflow_api_virtualenv.py
[2026-05-29T10:19:58.246+0200] {logging_mixin.py:151} INFO - [2026-05-29T10:19:58.246+0200] {dag.py:2915} INFO - Sync 1 DAGs
[2026-05-29T10:19:58.255+0200] {logging_mixin.py:151} INFO - [2026-05-29T10:19:58.255+0200] {dag.py:3696} INFO - Setting next_dagrun for tutorial_taskflow_api_virtualenv to None, run_after=None
[2026-05-29T10:19:58.272+0200] {processor.py:179} INFO - Processing /home/frederic/airflow_venv/lib/python3.10/site-packages/airflow/example_dags/tutorial_taskflow_api_virtualenv.py took 0.046 seconds
[2026-05-29T10:20:32.269+0200] {processor.py:157} INFO - Started process (PID=702260) to work on /home/frederic/airflow_venv/lib/python3.10/site-packages/airflow/example_dags/tutorial_taskflow_api_virtualenv.py
[2026-05-29T10:20:32.270+0200] {processor.py:829} INFO - Processing file /home/frederic/airflow_venv/lib/python3.10/site-packages/airflow/example_dags/tutorial_taskflow_api_virtualenv.py for tasks to queue
[2026-05-29T10:20:32.271+0200] {logging_mixin.py:151} INFO - [2026-05-29T10:20:32.270+0200] {dagbag.py:539} INFO - Filling up the DagBag from /home/frederic/airflow_venv/lib/python3.10/site-packages/airflow/example_dags/tutorial_taskflow_api_virtualenv.py
[2026-05-29T10:20:32.276+0200] {processor.py:839} INFO - DAG(s) dict_keys(['tutorial_taskflow_api_virtualenv']) retrieved from /home/frederic/airflow_venv/lib/python3.10/site-packages/airflow/example_dags/tutorial_taskflow_api_virtualenv.py
[2026-05-29T10:20:32.288+0200] {logging_mixin.py:151} INFO - [2026-05-29T10:20:32.288+0200] {dag.py:2915} INFO - Sync 1 DAGs
[2026-05-29T10:20:32.297+0200] {logging_mixin.py:151} INFO - [2026-05-29T10:20:32.297+0200] {dag.py:3696} INFO - Setting next_dagrun for tutorial_taskflow_api_virtualenv to None, run_after=None
[2026-05-29T10:20:32.314+0200] {processor.py:179} INFO - Processing /home/frederic/airflow_venv/lib/python3.10/site-packages/airflow/example_dags/tutorial_taskflow_api_virtualenv.py took 0.047 seconds
[2026-05-29T10:21:06.915+0200] {processor.py:157} INFO - Started process (PID=702615) to work on /home/frederic/airflow_venv/lib/python3.10/site-packages/airflow/example_dags/tutorial_taskflow_api_virtualenv.py
[2026-05-29T10:21:06.916+0200] {processor.py:829} INFO - Processing file /home/frederic/airflow_venv/lib/python3.10/site-packages/airflow/example_dags/tutorial_taskflow_api_virtualenv.py for tasks to queue
[2026-05-29T10:21:06.917+0200] {logging_mixin.py:151} INFO - [2026-05-29T10:21:06.917+0200] {dagbag.py:539} INFO - Filling up the DagBag from /home/frederic/airflow_venv/lib/python3.10/site-packages/airflow/example_dags/tutorial_taskflow_api_virtualenv.py
[2026-05-29T10:21:06.922+0200] {processor.py:839} INFO - DAG(s) dict_keys(['tutorial_taskflow_api_virtualenv']) retrieved from /home/frederic/airflow_venv/lib/python3.10/site-packages/airflow/example_dags/tutorial_taskflow_api_virtualenv.py
[2026-05-29T10:21:06.935+0200] {logging_mixin.py:151} INFO - [2026-05-29T10:21:06.935+0200] {dag.py:2915} INFO - Sync 1 DAGs
[2026-05-29T10:21:06.945+0200] {logging_mixin.py:151} INFO - [2026-05-29T10:21:06.945+0200] {dag.py:3696} INFO - Setting next_dagrun for tutorial_taskflow_api_virtualenv to None, run_after=None
[2026-05-29T10:21:06.960+0200] {processor.py:179} INFO - Processing /home/frederic/airflow_venv/lib/python3.10/site-packages/airflow/example_dags/tutorial_taskflow_api_virtualenv.py took 0.047 seconds
[2026-05-29T10:21:53.241+0200] {processor.py:157} INFO - Started process (PID=703035) to work on /home/frederic/airflow_venv/lib/python3.10/site-packages/airflow/example_dags/tutorial_taskflow_api_virtualenv.py
[2026-05-29T10:21:53.242+0200] {processor.py:829} INFO - Processing file /home/frederic/airflow_venv/lib/python3.10/site-packages/airflow/example_dags/tutorial_taskflow_api_virtualenv.py for tasks to queue
[2026-05-29T10:21:53.243+0200] {logging_mixin.py:151} INFO - [2026-05-29T10:21:53.243+0200] {dagbag.py:539} INFO - Filling up the DagBag from /home/frederic/airflow_venv/lib/python3.10/site-packages/airflow/example_dags/tutorial_taskflow_api_virtualenv.py
[2026-05-29T10:21:53.249+0200] {processor.py:839} INFO - DAG(s) dict_keys(['tutorial_taskflow_api_virtualenv']) retrieved from /home/frederic/airflow_venv/lib/python3.10/site-packages/airflow/example_dags/tutorial_taskflow_api_virtualenv.py
[2026-05-29T10:21:53.263+0200] {logging_mixin.py:151} INFO - [2026-05-29T10:21:53.263+0200] {dag.py:2915} INFO - Sync 1 DAGs
[2026-05-29T10:21:53.275+0200] {logging_mixin.py:151} INFO - [2026-05-29T10:21:53.274+0200] {dag.py:3696} INFO - Setting next_dagrun for tutorial_taskflow_api_virtualenv to None, run_after=None
[2026-05-29T10:21:53.424+0200] {processor.py:179} INFO - Processing /home/frederic/airflow_venv/lib/python3.10/site-packages/airflow/example_dags/tutorial_taskflow_api_virtualenv.py took 0.186 seconds
[2026-05-29T10:22:40.589+0200] {processor.py:157} INFO - Started process (PID=703508) to work on /home/frederic/airflow_venv/lib/python3.10/site-packages/airflow/example_dags/tutorial_taskflow_api_virtualenv.py
[2026-05-29T10:22:40.590+0200] {processor.py:829} INFO - Processing file /home/frederic/airflow_venv/lib/python3.10/site-packages/airflow/example_dags/tutorial_taskflow_api_virtualenv.py for tasks to queue
[2026-05-29T10:22:40.591+0200] {logging_mixin.py:151} INFO - [2026-05-29T10:22:40.590+0200] {dagbag.py:539} INFO - Filling up the DagBag from /home/frederic/airflow_venv/lib/python3.10/site-packages/airflow/example_dags/tutorial_taskflow_api_virtualenv.py
[2026-05-29T10:22:40.596+0200] {processor.py:839} INFO - DAG(s) dict_keys(['tutorial_taskflow_api_virtualenv']) retrieved from /home/frederic/airflow_venv/lib/python3.10/site-packages/airflow/example_dags/tutorial_taskflow_api_virtualenv.py
[2026-05-29T10:22:40.608+0200] {logging_mixin.py:151} INFO - [2026-05-29T10:22:40.608+0200] {dag.py:2915} INFO - Sync 1 DAGs
[2026-05-29T10:22:40.616+0200] {logging_mixin.py:151} INFO - [2026-05-29T10:22:40.616+0200] {dag.py:3696} INFO - Setting next_dagrun for tutorial_taskflow_api_virtualenv to None, run_after=None
[2026-05-29T10:22:40.631+0200] {processor.py:179} INFO - Processing /home/frederic/airflow_venv/lib/python3.10/site-packages/airflow/example_dags/tutorial_taskflow_api_virtualenv.py took 0.044 seconds
[2026-05-29T10:23:28.684+0200] {processor.py:157} INFO - Started process (PID=704110) to work on /home/frederic/airflow_venv/lib/python3.10/site-packages/airflow/example_dags/tutorial_taskflow_api_virtualenv.py
[2026-05-29T10:23:28.685+0200] {processor.py:829} INFO - Processing file /home/frederic/airflow_venv/lib/python3.10/site-packages/airflow/example_dags/tutorial_taskflow_api_virtualenv.py for tasks to queue
[2026-05-29T10:23:28.686+0200] {logging_mixin.py:151} INFO - [2026-05-29T10:23:28.686+0200] {dagbag.py:539} INFO - Filling up the DagBag from /home/frederic/airflow_venv/lib/python3.10/site-packages/airflow/example_dags/tutorial_taskflow_api_virtualenv.py
[2026-05-29T10:23:28.693+0200] {processor.py:839} INFO - DAG(s) dict_keys(['tutorial_taskflow_api_virtualenv']) retrieved from /home/frederic/airflow_venv/lib/python3.10/site-packages/airflow/example_dags/tutorial_taskflow_api_virtualenv.py
[2026-05-29T10:23:28.709+0200] {logging_mixin.py:151} INFO - [2026-05-29T10:23:28.709+0200] {dag.py:2915} INFO - Sync 1 DAGs
[2026-05-29T10:23:28.720+0200] {logging_mixin.py:151} INFO - [2026-05-29T10:23:28.720+0200] {dag.py:3696} INFO - Setting next_dagrun for tutorial_taskflow_api_virtualenv to None, run_after=None
[2026-05-29T10:23:28.742+0200] {processor.py:179} INFO - Processing /home/frederic/airflow_venv/lib/python3.10/site-packages/airflow/example_dags/tutorial_taskflow_api_virtualenv.py took 0.061 seconds
[2026-05-29T10:24:00.888+0200] {processor.py:157} INFO - Started process (PID=704401) to work on /home/frederic/airflow_venv/lib/python3.10/site-packages/airflow/example_dags/tutorial_taskflow_api_virtualenv.py
[2026-05-29T10:24:00.889+0200] {processor.py:829} INFO - Processing file /home/frederic/airflow_venv/lib/python3.10/site-packages/airflow/example_dags/tutorial_taskflow_api_virtualenv.py for tasks to queue
[2026-05-29T10:24:00.890+0200] {logging_mixin.py:151} INFO - [2026-05-29T10:24:00.890+0200] {dagbag.py:539} INFO - Filling up the DagBag from /home/frederic/airflow_venv/lib/python3.10/site-packages/airflow/example_dags/tutorial_taskflow_api_virtualenv.py
[2026-05-29T10:24:00.895+0200] {processor.py:839} INFO - DAG(s) dict_keys(['tutorial_taskflow_api_virtualenv']) retrieved from /home/frederic/airflow_venv/lib/python3.10/site-packages/airflow/example_dags/tutorial_taskflow_api_virtualenv.py
[2026-05-29T10:24:00.909+0200] {logging_mixin.py:151} INFO - [2026-05-29T10:24:00.909+0200] {dag.py:2915} INFO - Sync 1 DAGs
[2026-05-29T10:24:00.918+0200] {logging_mixin.py:151} INFO - [2026-05-29T10:24:00.918+0200] {dag.py:3696} INFO - Setting next_dagrun for tutorial_taskflow_api_virtualenv to None, run_after=None
[2026-05-29T10:24:00.933+0200] {processor.py:179} INFO - Processing /home/frederic/airflow_venv/lib/python3.10/site-packages/airflow/example_dags/tutorial_taskflow_api_virtualenv.py took 0.047 seconds
[2026-05-29T10:24:36.579+0200] {processor.py:157} INFO - Started process (PID=704772) to work on /home/frederic/airflow_venv/lib/python3.10/site-packages/airflow/example_dags/tutorial_taskflow_api_virtualenv.py
[2026-05-29T10:24:36.581+0200] {processor.py:829} INFO - Processing file /home/frederic/airflow_venv/lib/python3.10/site-packages/airflow/example_dags/tutorial_taskflow_api_virtualenv.py for tasks to queue
[2026-05-29T10:24:36.582+0200] {logging_mixin.py:151} INFO - [2026-05-29T10:24:36.582+0200] {dagbag.py:539} INFO - Filling up the DagBag from /home/frederic/airflow_venv/lib/python3.10/site-packages/airflow/example_dags/tutorial_taskflow_api_virtualenv.py
[2026-05-29T10:24:36.589+0200] {processor.py:839} INFO - DAG(s) dict_keys(['tutorial_taskflow_api_virtualenv']) retrieved from /home/frederic/airflow_venv/lib/python3.10/site-packages/airflow/example_dags/tutorial_taskflow_api_virtualenv.py
[2026-05-29T10:24:36.603+0200] {logging_mixin.py:151} INFO - [2026-05-29T10:24:36.603+0200] {dag.py:2915} INFO - Sync 1 DAGs
[2026-05-29T10:24:36.613+0200] {logging_mixin.py:151} INFO - [2026-05-29T10:24:36.613+0200] {dag.py:3696} INFO - Setting next_dagrun for tutorial_taskflow_api_virtualenv to None, run_after=None
[2026-05-29T10:24:36.633+0200] {processor.py:179} INFO - Processing /home/frederic/airflow_venv/lib/python3.10/site-packages/airflow/example_dags/tutorial_taskflow_api_virtualenv.py took 0.057 seconds
[2026-05-29T10:25:13.021+0200] {processor.py:157} INFO - Started process (PID=705148) to work on /home/frederic/airflow_venv/lib/python3.10/site-packages/airflow/example_dags/tutorial_taskflow_api_virtualenv.py
[2026-05-29T10:25:13.022+0200] {processor.py:829} INFO - Processing file /home/frederic/airflow_venv/lib/python3.10/site-packages/airflow/example_dags/tutorial_taskflow_api_virtualenv.py for tasks to queue
[2026-05-29T10:25:13.023+0200] {logging_mixin.py:151} INFO - [2026-05-29T10:25:13.022+0200] {dagbag.py:539} INFO - Filling up the DagBag from /home/frederic/airflow_venv/lib/python3.10/site-packages/airflow/example_dags/tutorial_taskflow_api_virtualenv.py
[2026-05-29T10:25:13.029+0200] {processor.py:839} INFO - DAG(s) dict_keys(['tutorial_taskflow_api_virtualenv']) retrieved from /home/frederic/airflow_venv/lib/python3.10/site-packages/airflow/example_dags/tutorial_taskflow_api_virtualenv.py
[2026-05-29T10:25:13.041+0200] {logging_mixin.py:151} INFO - [2026-05-29T10:25:13.041+0200] {dag.py:2915} INFO - Sync 1 DAGs
[2026-05-29T10:25:13.049+0200] {logging_mixin.py:151} INFO - [2026-05-29T10:25:13.049+0200] {dag.py:3696} INFO - Setting next_dagrun for tutorial_taskflow_api_virtualenv to None, run_after=None
[2026-05-29T10:25:13.176+0200] {processor.py:179} INFO - Processing /home/frederic/airflow_venv/lib/python3.10/site-packages/airflow/example_dags/tutorial_taskflow_api_virtualenv.py took 0.157 seconds
[2026-05-29T10:25:51.559+0200] {processor.py:157} INFO - Started process (PID=705506) to work on /home/frederic/airflow_venv/lib/python3.10/site-packages/airflow/example_dags/tutorial_taskflow_api_virtualenv.py
[2026-05-29T10:25:51.560+0200] {processor.py:829} INFO - Processing file /home/frederic/airflow_venv/lib/python3.10/site-packages/airflow/example_dags/tutorial_taskflow_api_virtualenv.py for tasks to queue
[2026-05-29T10:25:51.561+0200] {logging_mixin.py:151} INFO - [2026-05-29T10:25:51.560+0200] {dagbag.py:539} INFO - Filling up the DagBag from /home/frederic/airflow_venv/lib/python3.10/site-packages/airflow/example_dags/tutorial_taskflow_api_virtualenv.py
[2026-05-29T10:25:51.566+0200] {processor.py:839} INFO - DAG(s) dict_keys(['tutorial_taskflow_api_virtualenv']) retrieved from /home/frederic/airflow_venv/lib/python3.10/site-packages/airflow/example_dags/tutorial_taskflow_api_virtualenv.py
[2026-05-29T10:25:51.578+0200] {logging_mixin.py:151} INFO - [2026-05-29T10:25:51.577+0200] {dag.py:2915} INFO - Sync 1 DAGs
[2026-05-29T10:25:51.586+0200] {logging_mixin.py:151} INFO - [2026-05-29T10:25:51.586+0200] {dag.py:3696} INFO - Setting next_dagrun for tutorial_taskflow_api_virtualenv to None, run_after=None
[2026-05-29T10:25:51.601+0200] {processor.py:179} INFO - Processing /home/frederic/airflow_venv/lib/python3.10/site-packages/airflow/example_dags/tutorial_taskflow_api_virtualenv.py took 0.044 seconds
[2026-05-29T10:26:25.646+0200] {processor.py:157} INFO - Started process (PID=705876) to work on /home/frederic/airflow_venv/lib/python3.10/site-packages/airflow/example_dags/tutorial_taskflow_api_virtualenv.py
[2026-05-29T10:26:25.646+0200] {processor.py:829} INFO - Processing file /home/frederic/airflow_venv/lib/python3.10/site-packages/airflow/example_dags/tutorial_taskflow_api_virtualenv.py for tasks to queue
[2026-05-29T10:26:25.647+0200] {logging_mixin.py:151} INFO - [2026-05-29T10:26:25.647+0200] {dagbag.py:539} INFO - Filling up the DagBag from /home/frederic/airflow_venv/lib/python3.10/site-packages/airflow/example_dags/tutorial_taskflow_api_virtualenv.py
[2026-05-29T10:26:25.652+0200] {processor.py:839} INFO - DAG(s) dict_keys(['tutorial_taskflow_api_virtualenv']) retrieved from /home/frederic/airflow_venv/lib/python3.10/site-packages/airflow/example_dags/tutorial_taskflow_api_virtualenv.py
[2026-05-29T10:26:25.666+0200] {logging_mixin.py:151} INFO - [2026-05-29T10:26:25.665+0200] {dag.py:2915} INFO - Sync 1 DAGs
[2026-05-29T10:26:25.677+0200] {logging_mixin.py:151} INFO - [2026-05-29T10:26:25.677+0200] {dag.py:3696} INFO - Setting next_dagrun for tutorial_taskflow_api_virtualenv to None, run_after=None
[2026-05-29T10:26:25.794+0200] {processor.py:179} INFO - Processing /home/frederic/airflow_venv/lib/python3.10/site-packages/airflow/example_dags/tutorial_taskflow_api_virtualenv.py took 0.150 seconds
[2026-05-29T10:26:59.749+0200] {processor.py:157} INFO - Started process (PID=706184) to work on /home/frederic/airflow_venv/lib/python3.10/site-packages/airflow/example_dags/tutorial_taskflow_api_virtualenv.py
[2026-05-29T10:26:59.750+0200] {processor.py:829} INFO - Processing file /home/frederic/airflow_venv/lib/python3.10/site-packages/airflow/example_dags/tutorial_taskflow_api_virtualenv.py for tasks to queue
[2026-05-29T10:26:59.751+0200] {logging_mixin.py:151} INFO - [2026-05-29T10:26:59.751+0200] {dagbag.py:539} INFO - Filling up the DagBag from /home/frederic/airflow_venv/lib/python3.10/site-packages/airflow/example_dags/tutorial_taskflow_api_virtualenv.py
[2026-05-29T10:26:59.871+0200] {processor.py:839} INFO - DAG(s) dict_keys(['tutorial_taskflow_api_virtualenv']) retrieved from /home/frederic/airflow_venv/lib/python3.10/site-packages/airflow/example_dags/tutorial_taskflow_api_virtualenv.py
[2026-05-29T10:26:59.884+0200] {logging_mixin.py:151} INFO - [2026-05-29T10:26:59.884+0200] {dag.py:2915} INFO - Sync 1 DAGs
[2026-05-29T10:26:59.895+0200] {logging_mixin.py:151} INFO - [2026-05-29T10:26:59.895+0200] {dag.py:3696} INFO - Setting next_dagrun for tutorial_taskflow_api_virtualenv to None, run_after=None
[2026-05-29T10:26:59.918+0200] {processor.py:179} INFO - Processing /home/frederic/airflow_venv/lib/python3.10/site-packages/airflow/example_dags/tutorial_taskflow_api_virtualenv.py took 0.173 seconds
[2026-05-29T10:27:33.265+0200] {processor.py:157} INFO - Started process (PID=706535) to work on /home/frederic/airflow_venv/lib/python3.10/site-packages/airflow/example_dags/tutorial_taskflow_api_virtualenv.py
[2026-05-29T10:27:33.266+0200] {processor.py:829} INFO - Processing file /home/frederic/airflow_venv/lib/python3.10/site-packages/airflow/example_dags/tutorial_taskflow_api_virtualenv.py for tasks to queue
[2026-05-29T10:27:33.267+0200] {logging_mixin.py:151} INFO - [2026-05-29T10:27:33.266+0200] {dagbag.py:539} INFO - Filling up the DagBag from /home/frederic/airflow_venv/lib/python3.10/site-packages/airflow/example_dags/tutorial_taskflow_api_virtualenv.py
[2026-05-29T10:27:33.274+0200] {processor.py:839} INFO - DAG(s) dict_keys(['tutorial_taskflow_api_virtualenv']) retrieved from /home/frederic/airflow_venv/lib/python3.10/site-packages/airflow/example_dags/tutorial_taskflow_api_virtualenv.py
[2026-05-29T10:27:33.287+0200] {logging_mixin.py:151} INFO - [2026-05-29T10:27:33.286+0200] {dag.py:2915} INFO - Sync 1 DAGs
[2026-05-29T10:27:33.301+0200] {logging_mixin.py:151} INFO - [2026-05-29T10:27:33.301+0200] {dag.py:3696} INFO - Setting next_dagrun for tutorial_taskflow_api_virtualenv to None, run_after=None
[2026-05-29T10:27:33.323+0200] {processor.py:179} INFO - Processing /home/frederic/airflow_venv/lib/python3.10/site-packages/airflow/example_dags/tutorial_taskflow_api_virtualenv.py took 0.061 seconds
[2026-05-29T10:28:15.515+0200] {processor.py:157} INFO - Started process (PID=707022) to work on /home/frederic/airflow_venv/lib/python3.10/site-packages/airflow/example_dags/tutorial_taskflow_api_virtualenv.py
[2026-05-29T10:28:15.516+0200] {processor.py:829} INFO - Processing file /home/frederic/airflow_venv/lib/python3.10/site-packages/airflow/example_dags/tutorial_taskflow_api_virtualenv.py for tasks to queue
[2026-05-29T10:28:15.517+0200] {logging_mixin.py:151} INFO - [2026-05-29T10:28:15.517+0200] {dagbag.py:539} INFO - Filling up the DagBag from /home/frederic/airflow_venv/lib/python3.10/site-packages/airflow/example_dags/tutorial_taskflow_api_virtualenv.py
[2026-05-29T10:28:15.524+0200] {processor.py:839} INFO - DAG(s) dict_keys(['tutorial_taskflow_api_virtualenv']) retrieved from /home/frederic/airflow_venv/lib/python3.10/site-packages/airflow/example_dags/tutorial_taskflow_api_virtualenv.py
[2026-05-29T10:28:15.539+0200] {logging_mixin.py:151} INFO - [2026-05-29T10:28:15.539+0200] {dag.py:2915} INFO - Sync 1 DAGs
[2026-05-29T10:28:15.552+0200] {logging_mixin.py:151} INFO - [2026-05-29T10:28:15.551+0200] {dag.py:3696} INFO - Setting next_dagrun for tutorial_taskflow_api_virtualenv to None, run_after=None
[2026-05-29T10:28:15.573+0200] {processor.py:179} INFO - Processing /home/frederic/airflow_venv/lib/python3.10/site-packages/airflow/example_dags/tutorial_taskflow_api_virtualenv.py took 0.061 seconds
[2026-05-29T10:29:04.452+0200] {processor.py:157} INFO - Started process (PID=707716) to work on /home/frederic/airflow_venv/lib/python3.10/site-packages/airflow/example_dags/tutorial_taskflow_api_virtualenv.py
[2026-05-29T10:29:04.453+0200] {processor.py:829} INFO - Processing file /home/frederic/airflow_venv/lib/python3.10/site-packages/airflow/example_dags/tutorial_taskflow_api_virtualenv.py for tasks to queue
[2026-05-29T10:29:04.454+0200] {logging_mixin.py:151} INFO - [2026-05-29T10:29:04.453+0200] {dagbag.py:539} INFO - Filling up the DagBag from /home/frederic/airflow_venv/lib/python3.10/site-packages/airflow/example_dags/tutorial_taskflow_api_virtualenv.py
[2026-05-29T10:29:04.459+0200] {processor.py:839} INFO - DAG(s) dict_keys(['tutorial_taskflow_api_virtualenv']) retrieved from /home/frederic/airflow_venv/lib/python3.10/site-packages/airflow/example_dags/tutorial_taskflow_api_virtualenv.py
[2026-05-29T10:29:04.472+0200] {logging_mixin.py:151} INFO - [2026-05-29T10:29:04.472+0200] {dag.py:2915} INFO - Sync 1 DAGs
[2026-05-29T10:29:04.482+0200] {logging_mixin.py:151} INFO - [2026-05-29T10:29:04.482+0200] {dag.py:3696} INFO - Setting next_dagrun for tutorial_taskflow_api_virtualenv to None, run_after=None
[2026-05-29T10:29:04.497+0200] {processor.py:179} INFO - Processing /home/frederic/airflow_venv/lib/python3.10/site-packages/airflow/example_dags/tutorial_taskflow_api_virtualenv.py took 0.047 seconds
[2026-05-29T10:29:49.234+0200] {processor.py:157} INFO - Started process (PID=708220) to work on /home/frederic/airflow_venv/lib/python3.10/site-packages/airflow/example_dags/tutorial_taskflow_api_virtualenv.py
[2026-05-29T10:29:49.236+0200] {processor.py:829} INFO - Processing file /home/frederic/airflow_venv/lib/python3.10/site-packages/airflow/example_dags/tutorial_taskflow_api_virtualenv.py for tasks to queue
[2026-05-29T10:29:49.237+0200] {logging_mixin.py:151} INFO - [2026-05-29T10:29:49.236+0200] {dagbag.py:539} INFO - Filling up the DagBag from /home/frederic/airflow_venv/lib/python3.10/site-packages/airflow/example_dags/tutorial_taskflow_api_virtualenv.py
[2026-05-29T10:29:49.245+0200] {processor.py:839} INFO - DAG(s) dict_keys(['tutorial_taskflow_api_virtualenv']) retrieved from /home/frederic/airflow_venv/lib/python3.10/site-packages/airflow/example_dags/tutorial_taskflow_api_virtualenv.py
[2026-05-29T10:29:49.265+0200] {logging_mixin.py:151} INFO - [2026-05-29T10:29:49.265+0200] {dag.py:2915} INFO - Sync 1 DAGs
[2026-05-29T10:29:49.279+0200] {logging_mixin.py:151} INFO - [2026-05-29T10:29:49.279+0200] {dag.py:3696} INFO - Setting next_dagrun for tutorial_taskflow_api_virtualenv to None, run_after=None
[2026-05-29T10:29:49.301+0200] {processor.py:179} INFO - Processing /home/frederic/airflow_venv/lib/python3.10/site-packages/airflow/example_dags/tutorial_taskflow_api_virtualenv.py took 0.071 seconds
[2026-05-29T10:30:23.964+0200] {processor.py:157} INFO - Started process (PID=708605) to work on /home/frederic/airflow_venv/lib/python3.10/site-packages/airflow/example_dags/tutorial_taskflow_api_virtualenv.py
[2026-05-29T10:30:23.965+0200] {processor.py:829} INFO - Processing file /home/frederic/airflow_venv/lib/python3.10/site-packages/airflow/example_dags/tutorial_taskflow_api_virtualenv.py for tasks to queue
[2026-05-29T10:30:23.966+0200] {logging_mixin.py:151} INFO - [2026-05-29T10:30:23.965+0200] {dagbag.py:539} INFO - Filling up the DagBag from /home/frederic/airflow_venv/lib/python3.10/site-packages/airflow/example_dags/tutorial_taskflow_api_virtualenv.py
[2026-05-29T10:30:23.975+0200] {processor.py:839} INFO - DAG(s) dict_keys(['tutorial_taskflow_api_virtualenv']) retrieved from /home/frederic/airflow_venv/lib/python3.10/site-packages/airflow/example_dags/tutorial_taskflow_api_virtualenv.py
[2026-05-29T10:30:23.995+0200] {logging_mixin.py:151} INFO - [2026-05-29T10:30:23.995+0200] {dag.py:2915} INFO - Sync 1 DAGs
[2026-05-29T10:30:24.004+0200] {logging_mixin.py:151} INFO - [2026-05-29T10:30:24.004+0200] {dag.py:3696} INFO - Setting next_dagrun for tutorial_taskflow_api_virtualenv to None, run_after=None
[2026-05-29T10:30:24.019+0200] {processor.py:179} INFO - Processing /home/frederic/airflow_venv/lib/python3.10/site-packages/airflow/example_dags/tutorial_taskflow_api_virtualenv.py took 0.057 seconds
[2026-05-29T10:31:07.206+0200] {processor.py:157} INFO - Started process (PID=709232) to work on /home/frederic/airflow_venv/lib/python3.10/site-packages/airflow/example_dags/tutorial_taskflow_api_virtualenv.py
[2026-05-29T10:31:07.207+0200] {processor.py:829} INFO - Processing file /home/frederic/airflow_venv/lib/python3.10/site-packages/airflow/example_dags/tutorial_taskflow_api_virtualenv.py for tasks to queue
[2026-05-29T10:31:07.208+0200] {logging_mixin.py:151} INFO - [2026-05-29T10:31:07.208+0200] {dagbag.py:539} INFO - Filling up the DagBag from /home/frederic/airflow_venv/lib/python3.10/site-packages/airflow/example_dags/tutorial_taskflow_api_virtualenv.py
[2026-05-29T10:31:07.213+0200] {processor.py:839} INFO - DAG(s) dict_keys(['tutorial_taskflow_api_virtualenv']) retrieved from /home/frederic/airflow_venv/lib/python3.10/site-packages/airflow/example_dags/tutorial_taskflow_api_virtualenv.py
[2026-05-29T10:31:07.227+0200] {logging_mixin.py:151} INFO - [2026-05-29T10:31:07.226+0200] {dag.py:2915} INFO - Sync 1 DAGs
[2026-05-29T10:31:07.236+0200] {logging_mixin.py:151} INFO - [2026-05-29T10:31:07.235+0200] {dag.py:3696} INFO - Setting next_dagrun for tutorial_taskflow_api_virtualenv to None, run_after=None
[2026-05-29T10:31:07.251+0200] {processor.py:179} INFO - Processing /home/frederic/airflow_venv/lib/python3.10/site-packages/airflow/example_dags/tutorial_taskflow_api_virtualenv.py took 0.047 seconds
[2026-05-29T10:31:55.315+0200] {processor.py:157} INFO - Started process (PID=709691) to work on /home/frederic/airflow_venv/lib/python3.10/site-packages/airflow/example_dags/tutorial_taskflow_api_virtualenv.py
[2026-05-29T10:31:55.316+0200] {processor.py:829} INFO - Processing file /home/frederic/airflow_venv/lib/python3.10/site-packages/airflow/example_dags/tutorial_taskflow_api_virtualenv.py for tasks to queue
[2026-05-29T10:31:55.317+0200] {logging_mixin.py:151} INFO - [2026-05-29T10:31:55.316+0200] {dagbag.py:539} INFO - Filling up the DagBag from /home/frederic/airflow_venv/lib/python3.10/site-packages/airflow/example_dags/tutorial_taskflow_api_virtualenv.py
[2026-05-29T10:31:55.322+0200] {processor.py:839} INFO - DAG(s) dict_keys(['tutorial_taskflow_api_virtualenv']) retrieved from /home/frederic/airflow_venv/lib/python3.10/site-packages/airflow/example_dags/tutorial_taskflow_api_virtualenv.py
[2026-05-29T10:31:55.337+0200] {logging_mixin.py:151} INFO - [2026-05-29T10:31:55.337+0200] {dag.py:2915} INFO - Sync 1 DAGs
[2026-05-29T10:31:55.346+0200] {logging_mixin.py:151} INFO - [2026-05-29T10:31:55.346+0200] {dag.py:3696} INFO - Setting next_dagrun for tutorial_taskflow_api_virtualenv to None, run_after=None
[2026-05-29T10:31:55.363+0200] {processor.py:179} INFO - Processing /home/frederic/airflow_venv/lib/python3.10/site-packages/airflow/example_dags/tutorial_taskflow_api_virtualenv.py took 0.051 seconds
[2026-05-29T10:32:38.409+0200] {processor.py:157} INFO - Started process (PID=710271) to work on /home/frederic/airflow_venv/lib/python3.10/site-packages/airflow/example_dags/tutorial_taskflow_api_virtualenv.py
[2026-05-29T10:32:38.410+0200] {processor.py:829} INFO - Processing file /home/frederic/airflow_venv/lib/python3.10/site-packages/airflow/example_dags/tutorial_taskflow_api_virtualenv.py for tasks to queue
[2026-05-29T10:32:38.411+0200] {logging_mixin.py:151} INFO - [2026-05-29T10:32:38.411+0200] {dagbag.py:539} INFO - Filling up the DagBag from /home/frederic/airflow_venv/lib/python3.10/site-packages/airflow/example_dags/tutorial_taskflow_api_virtualenv.py
[2026-05-29T10:32:38.419+0200] {processor.py:839} INFO - DAG(s) dict_keys(['tutorial_taskflow_api_virtualenv']) retrieved from /home/frederic/airflow_venv/lib/python3.10/site-packages/airflow/example_dags/tutorial_taskflow_api_virtualenv.py
[2026-05-29T10:32:38.436+0200] {logging_mixin.py:151} INFO - [2026-05-29T10:32:38.436+0200] {dag.py:2915} INFO - Sync 1 DAGs
[2026-05-29T10:32:38.446+0200] {logging_mixin.py:151} INFO - [2026-05-29T10:32:38.446+0200] {dag.py:3696} INFO - Setting next_dagrun for tutorial_taskflow_api_virtualenv to None, run_after=None
[2026-05-29T10:32:38.461+0200] {processor.py:179} INFO - Processing /home/frederic/airflow_venv/lib/python3.10/site-packages/airflow/example_dags/tutorial_taskflow_api_virtualenv.py took 0.055 seconds
[2026-05-29T10:33:25.995+0200] {processor.py:157} INFO - Started process (PID=711056) to work on /home/frederic/airflow_venv/lib/python3.10/site-packages/airflow/example_dags/tutorial_taskflow_api_virtualenv.py
[2026-05-29T10:33:25.996+0200] {processor.py:829} INFO - Processing file /home/frederic/airflow_venv/lib/python3.10/site-packages/airflow/example_dags/tutorial_taskflow_api_virtualenv.py for tasks to queue
[2026-05-29T10:33:25.996+0200] {logging_mixin.py:151} INFO - [2026-05-29T10:33:25.996+0200] {dagbag.py:539} INFO - Filling up the DagBag from /home/frederic/airflow_venv/lib/python3.10/site-packages/airflow/example_dags/tutorial_taskflow_api_virtualenv.py
[2026-05-29T10:33:26.002+0200] {processor.py:839} INFO - DAG(s) dict_keys(['tutorial_taskflow_api_virtualenv']) retrieved from /home/frederic/airflow_venv/lib/python3.10/site-packages/airflow/example_dags/tutorial_taskflow_api_virtualenv.py
[2026-05-29T10:33:26.013+0200] {logging_mixin.py:151} INFO - [2026-05-29T10:33:26.013+0200] {dag.py:2915} INFO - Sync 1 DAGs
[2026-05-29T10:33:26.023+0200] {logging_mixin.py:151} INFO - [2026-05-29T10:33:26.022+0200] {dag.py:3696} INFO - Setting next_dagrun for tutorial_taskflow_api_virtualenv to None, run_after=None
[2026-05-29T10:33:26.037+0200] {processor.py:179} INFO - Processing /home/frederic/airflow_venv/lib/python3.10/site-packages/airflow/example_dags/tutorial_taskflow_api_virtualenv.py took 0.044 seconds
[2026-05-29T10:34:08.533+0200] {processor.py:157} INFO - Started process (PID=711774) to work on /home/frederic/airflow_venv/lib/python3.10/site-packages/airflow/example_dags/tutorial_taskflow_api_virtualenv.py
[2026-05-29T10:34:08.533+0200] {processor.py:829} INFO - Processing file /home/frederic/airflow_venv/lib/python3.10/site-packages/airflow/example_dags/tutorial_taskflow_api_virtualenv.py for tasks to queue
[2026-05-29T10:34:08.534+0200] {logging_mixin.py:151} INFO - [2026-05-29T10:34:08.534+0200] {dagbag.py:539} INFO - Filling up the DagBag from /home/frederic/airflow_venv/lib/python3.10/site-packages/airflow/example_dags/tutorial_taskflow_api_virtualenv.py
[2026-05-29T10:34:08.540+0200] {processor.py:839} INFO - DAG(s) dict_keys(['tutorial_taskflow_api_virtualenv']) retrieved from /home/frederic/airflow_venv/lib/python3.10/site-packages/airflow/example_dags/tutorial_taskflow_api_virtualenv.py
[2026-05-29T10:34:08.552+0200] {logging_mixin.py:151} INFO - [2026-05-29T10:34:08.552+0200] {dag.py:2915} INFO - Sync 1 DAGs
[2026-05-29T10:34:08.561+0200] {logging_mixin.py:151} INFO - [2026-05-29T10:34:08.560+0200] {dag.py:3696} INFO - Setting next_dagrun for tutorial_taskflow_api_virtualenv to None, run_after=None
[2026-05-29T10:34:08.575+0200] {processor.py:179} INFO - Processing /home/frederic/airflow_venv/lib/python3.10/site-packages/airflow/example_dags/tutorial_taskflow_api_virtualenv.py took 0.045 seconds
[2026-05-29T10:34:51.052+0200] {processor.py:157} INFO - Started process (PID=712201) to work on /home/frederic/airflow_venv/lib/python3.10/site-packages/airflow/example_dags/tutorial_taskflow_api_virtualenv.py
[2026-05-29T10:34:51.053+0200] {processor.py:829} INFO - Processing file /home/frederic/airflow_venv/lib/python3.10/site-packages/airflow/example_dags/tutorial_taskflow_api_virtualenv.py for tasks to queue
[2026-05-29T10:34:51.054+0200] {logging_mixin.py:151} INFO - [2026-05-29T10:34:51.054+0200] {dagbag.py:539} INFO - Filling up the DagBag from /home/frederic/airflow_venv/lib/python3.10/site-packages/airflow/example_dags/tutorial_taskflow_api_virtualenv.py
[2026-05-29T10:34:51.059+0200] {processor.py:839} INFO - DAG(s) dict_keys(['tutorial_taskflow_api_virtualenv']) retrieved from /home/frederic/airflow_venv/lib/python3.10/site-packages/airflow/example_dags/tutorial_taskflow_api_virtualenv.py
[2026-05-29T10:34:51.070+0200] {logging_mixin.py:151} INFO - [2026-05-29T10:34:51.070+0200] {dag.py:2915} INFO - Sync 1 DAGs
[2026-05-29T10:34:51.079+0200] {logging_mixin.py:151} INFO - [2026-05-29T10:34:51.079+0200] {dag.py:3696} INFO - Setting next_dagrun for tutorial_taskflow_api_virtualenv to None, run_after=None
[2026-05-29T10:34:51.093+0200] {processor.py:179} INFO - Processing /home/frederic/airflow_venv/lib/python3.10/site-packages/airflow/example_dags/tutorial_taskflow_api_virtualenv.py took 0.043 seconds
[2026-05-29T10:35:24.015+0200] {processor.py:157} INFO - Started process (PID=712555) to work on /home/frederic/airflow_venv/lib/python3.10/site-packages/airflow/example_dags/tutorial_taskflow_api_virtualenv.py
[2026-05-29T10:35:24.016+0200] {processor.py:829} INFO - Processing file /home/frederic/airflow_venv/lib/python3.10/site-packages/airflow/example_dags/tutorial_taskflow_api_virtualenv.py for tasks to queue
[2026-05-29T10:35:24.016+0200] {logging_mixin.py:151} INFO - [2026-05-29T10:35:24.016+0200] {dagbag.py:539} INFO - Filling up the DagBag from /home/frederic/airflow_venv/lib/python3.10/site-packages/airflow/example_dags/tutorial_taskflow_api_virtualenv.py
[2026-05-29T10:35:24.024+0200] {processor.py:839} INFO - DAG(s) dict_keys(['tutorial_taskflow_api_virtualenv']) retrieved from /home/frederic/airflow_venv/lib/python3.10/site-packages/airflow/example_dags/tutorial_taskflow_api_virtualenv.py
[2026-05-29T10:35:24.037+0200] {logging_mixin.py:151} INFO - [2026-05-29T10:35:24.037+0200] {dag.py:2915} INFO - Sync 1 DAGs
[2026-05-29T10:35:24.046+0200] {logging_mixin.py:151} INFO - [2026-05-29T10:35:24.046+0200] {dag.py:3696} INFO - Setting next_dagrun for tutorial_taskflow_api_virtualenv to None, run_after=None
[2026-05-29T10:35:24.060+0200] {processor.py:179} INFO - Processing /home/frederic/airflow_venv/lib/python3.10/site-packages/airflow/example_dags/tutorial_taskflow_api_virtualenv.py took 0.048 seconds
[2026-05-29T10:35:58.688+0200] {processor.py:157} INFO - Started process (PID=712871) to work on /home/frederic/airflow_venv/lib/python3.10/site-packages/airflow/example_dags/tutorial_taskflow_api_virtualenv.py
[2026-05-29T10:35:58.691+0200] {processor.py:829} INFO - Processing file /home/frederic/airflow_venv/lib/python3.10/site-packages/airflow/example_dags/tutorial_taskflow_api_virtualenv.py for tasks to queue
[2026-05-29T10:35:58.692+0200] {logging_mixin.py:151} INFO - [2026-05-29T10:35:58.692+0200] {dagbag.py:539} INFO - Filling up the DagBag from /home/frederic/airflow_venv/lib/python3.10/site-packages/airflow/example_dags/tutorial_taskflow_api_virtualenv.py
[2026-05-29T10:35:58.697+0200] {processor.py:839} INFO - DAG(s) dict_keys(['tutorial_taskflow_api_virtualenv']) retrieved from /home/frederic/airflow_venv/lib/python3.10/site-packages/airflow/example_dags/tutorial_taskflow_api_virtualenv.py
[2026-05-29T10:35:58.710+0200] {logging_mixin.py:151} INFO - [2026-05-29T10:35:58.710+0200] {dag.py:2915} INFO - Sync 1 DAGs
[2026-05-29T10:35:58.719+0200] {logging_mixin.py:151} INFO - [2026-05-29T10:35:58.719+0200] {dag.py:3696} INFO - Setting next_dagrun for tutorial_taskflow_api_virtualenv to None, run_after=None
[2026-05-29T10:35:58.735+0200] {processor.py:179} INFO - Processing /home/frederic/airflow_venv/lib/python3.10/site-packages/airflow/example_dags/tutorial_taskflow_api_virtualenv.py took 0.049 seconds
[2026-05-29T10:36:39.819+0200] {processor.py:157} INFO - Started process (PID=713453) to work on /home/frederic/airflow_venv/lib/python3.10/site-packages/airflow/example_dags/tutorial_taskflow_api_virtualenv.py
[2026-05-29T10:36:39.820+0200] {processor.py:829} INFO - Processing file /home/frederic/airflow_venv/lib/python3.10/site-packages/airflow/example_dags/tutorial_taskflow_api_virtualenv.py for tasks to queue
[2026-05-29T10:36:39.821+0200] {logging_mixin.py:151} INFO - [2026-05-29T10:36:39.820+0200] {dagbag.py:539} INFO - Filling up the DagBag from /home/frederic/airflow_venv/lib/python3.10/site-packages/airflow/example_dags/tutorial_taskflow_api_virtualenv.py
[2026-05-29T10:36:39.826+0200] {processor.py:839} INFO - DAG(s) dict_keys(['tutorial_taskflow_api_virtualenv']) retrieved from /home/frederic/airflow_venv/lib/python3.10/site-packages/airflow/example_dags/tutorial_taskflow_api_virtualenv.py
[2026-05-29T10:36:39.839+0200] {logging_mixin.py:151} INFO - [2026-05-29T10:36:39.839+0200] {dag.py:2915} INFO - Sync 1 DAGs
[2026-05-29T10:36:39.849+0200] {logging_mixin.py:151} INFO - [2026-05-29T10:36:39.849+0200] {dag.py:3696} INFO - Setting next_dagrun for tutorial_taskflow_api_virtualenv to None, run_after=None
[2026-05-29T10:36:39.864+0200] {processor.py:179} INFO - Processing /home/frederic/airflow_venv/lib/python3.10/site-packages/airflow/example_dags/tutorial_taskflow_api_virtualenv.py took 0.047 seconds
[2026-05-29T10:37:15.651+0200] {processor.py:157} INFO - Started process (PID=713913) to work on /home/frederic/airflow_venv/lib/python3.10/site-packages/airflow/example_dags/tutorial_taskflow_api_virtualenv.py
[2026-05-29T10:37:15.652+0200] {processor.py:829} INFO - Processing file /home/frederic/airflow_venv/lib/python3.10/site-packages/airflow/example_dags/tutorial_taskflow_api_virtualenv.py for tasks to queue
[2026-05-29T10:37:15.653+0200] {logging_mixin.py:151} INFO - [2026-05-29T10:37:15.653+0200] {dagbag.py:539} INFO - Filling up the DagBag from /home/frederic/airflow_venv/lib/python3.10/site-packages/airflow/example_dags/tutorial_taskflow_api_virtualenv.py
[2026-05-29T10:37:15.659+0200] {processor.py:839} INFO - DAG(s) dict_keys(['tutorial_taskflow_api_virtualenv']) retrieved from /home/frederic/airflow_venv/lib/python3.10/site-packages/airflow/example_dags/tutorial_taskflow_api_virtualenv.py
[2026-05-29T10:37:15.671+0200] {logging_mixin.py:151} INFO - [2026-05-29T10:37:15.671+0200] {dag.py:2915} INFO - Sync 1 DAGs
[2026-05-29T10:37:15.681+0200] {logging_mixin.py:151} INFO - [2026-05-29T10:37:15.680+0200] {dag.py:3696} INFO - Setting next_dagrun for tutorial_taskflow_api_virtualenv to None, run_after=None
[2026-05-29T10:37:15.696+0200] {processor.py:179} INFO - Processing /home/frederic/airflow_venv/lib/python3.10/site-packages/airflow/example_dags/tutorial_taskflow_api_virtualenv.py took 0.047 seconds
[2026-05-29T10:37:59.895+0200] {processor.py:157} INFO - Started process (PID=714574) to work on /home/frederic/airflow_venv/lib/python3.10/site-packages/airflow/example_dags/tutorial_taskflow_api_virtualenv.py
[2026-05-29T10:37:59.896+0200] {processor.py:829} INFO - Processing file /home/frederic/airflow_venv/lib/python3.10/site-packages/airflow/example_dags/tutorial_taskflow_api_virtualenv.py for tasks to queue
[2026-05-29T10:37:59.896+0200] {logging_mixin.py:151} INFO - [2026-05-29T10:37:59.896+0200] {dagbag.py:539} INFO - Filling up the DagBag from /home/frederic/airflow_venv/lib/python3.10/site-packages/airflow/example_dags/tutorial_taskflow_api_virtualenv.py
[2026-05-29T10:37:59.901+0200] {processor.py:839} INFO - DAG(s) dict_keys(['tutorial_taskflow_api_virtualenv']) retrieved from /home/frederic/airflow_venv/lib/python3.10/site-packages/airflow/example_dags/tutorial_taskflow_api_virtualenv.py
[2026-05-29T10:37:59.914+0200] {logging_mixin.py:151} INFO - [2026-05-29T10:37:59.914+0200] {dag.py:2915} INFO - Sync 1 DAGs
[2026-05-29T10:37:59.923+0200] {logging_mixin.py:151} INFO - [2026-05-29T10:37:59.923+0200] {dag.py:3696} INFO - Setting next_dagrun for tutorial_taskflow_api_virtualenv to None, run_after=None
[2026-05-29T10:37:59.937+0200] {processor.py:179} INFO - Processing /home/frederic/airflow_venv/lib/python3.10/site-packages/airflow/example_dags/tutorial_taskflow_api_virtualenv.py took 0.045 seconds
[2026-05-29T10:38:44.458+0200] {processor.py:157} INFO - Started process (PID=715133) to work on /home/frederic/airflow_venv/lib/python3.10/site-packages/airflow/example_dags/tutorial_taskflow_api_virtualenv.py
[2026-05-29T10:38:44.460+0200] {processor.py:829} INFO - Processing file /home/frederic/airflow_venv/lib/python3.10/site-packages/airflow/example_dags/tutorial_taskflow_api_virtualenv.py for tasks to queue
[2026-05-29T10:38:44.460+0200] {logging_mixin.py:151} INFO - [2026-05-29T10:38:44.460+0200] {dagbag.py:539} INFO - Filling up the DagBag from /home/frederic/airflow_venv/lib/python3.10/site-packages/airflow/example_dags/tutorial_taskflow_api_virtualenv.py
[2026-05-29T10:38:44.468+0200] {processor.py:839} INFO - DAG(s) dict_keys(['tutorial_taskflow_api_virtualenv']) retrieved from /home/frederic/airflow_venv/lib/python3.10/site-packages/airflow/example_dags/tutorial_taskflow_api_virtualenv.py
[2026-05-29T10:38:44.483+0200] {logging_mixin.py:151} INFO - [2026-05-29T10:38:44.483+0200] {dag.py:2915} INFO - Sync 1 DAGs
[2026-05-29T10:38:44.492+0200] {logging_mixin.py:151} INFO - [2026-05-29T10:38:44.492+0200] {dag.py:3696} INFO - Setting next_dagrun for tutorial_taskflow_api_virtualenv to None, run_after=None
[2026-05-29T10:38:44.507+0200] {processor.py:179} INFO - Processing /home/frederic/airflow_venv/lib/python3.10/site-packages/airflow/example_dags/tutorial_taskflow_api_virtualenv.py took 0.051 seconds
[2026-05-29T10:39:29.486+0200] {processor.py:157} INFO - Started process (PID=715890) to work on /home/frederic/airflow_venv/lib/python3.10/site-packages/airflow/example_dags/tutorial_taskflow_api_virtualenv.py
[2026-05-29T10:39:29.487+0200] {processor.py:829} INFO - Processing file /home/frederic/airflow_venv/lib/python3.10/site-packages/airflow/example_dags/tutorial_taskflow_api_virtualenv.py for tasks to queue
[2026-05-29T10:39:29.487+0200] {logging_mixin.py:151} INFO - [2026-05-29T10:39:29.487+0200] {dagbag.py:539} INFO - Filling up the DagBag from /home/frederic/airflow_venv/lib/python3.10/site-packages/airflow/example_dags/tutorial_taskflow_api_virtualenv.py
[2026-05-29T10:39:29.493+0200] {processor.py:839} INFO - DAG(s) dict_keys(['tutorial_taskflow_api_virtualenv']) retrieved from /home/frederic/airflow_venv/lib/python3.10/site-packages/airflow/example_dags/tutorial_taskflow_api_virtualenv.py
[2026-05-29T10:39:29.505+0200] {logging_mixin.py:151} INFO - [2026-05-29T10:39:29.505+0200] {dag.py:2915} INFO - Sync 1 DAGs
[2026-05-29T10:39:29.514+0200] {logging_mixin.py:151} INFO - [2026-05-29T10:39:29.513+0200] {dag.py:3696} INFO - Setting next_dagrun for tutorial_taskflow_api_virtualenv to None, run_after=None
[2026-05-29T10:39:29.528+0200] {processor.py:179} INFO - Processing /home/frederic/airflow_venv/lib/python3.10/site-packages/airflow/example_dags/tutorial_taskflow_api_virtualenv.py took 0.044 seconds
[2026-05-29T10:40:02.314+0200] {processor.py:157} INFO - Started process (PID=716336) to work on /home/frederic/airflow_venv/lib/python3.10/site-packages/airflow/example_dags/tutorial_taskflow_api_virtualenv.py
[2026-05-29T10:40:02.316+0200] {processor.py:829} INFO - Processing file /home/frederic/airflow_venv/lib/python3.10/site-packages/airflow/example_dags/tutorial_taskflow_api_virtualenv.py for tasks to queue
[2026-05-29T10:40:02.316+0200] {logging_mixin.py:151} INFO - [2026-05-29T10:40:02.316+0200] {dagbag.py:539} INFO - Filling up the DagBag from /home/frederic/airflow_venv/lib/python3.10/site-packages/airflow/example_dags/tutorial_taskflow_api_virtualenv.py
[2026-05-29T10:40:02.322+0200] {processor.py:839} INFO - DAG(s) dict_keys(['tutorial_taskflow_api_virtualenv']) retrieved from /home/frederic/airflow_venv/lib/python3.10/site-packages/airflow/example_dags/tutorial_taskflow_api_virtualenv.py
[2026-05-29T10:40:02.336+0200] {logging_mixin.py:151} INFO - [2026-05-29T10:40:02.336+0200] {dag.py:2915} INFO - Sync 1 DAGs
[2026-05-29T10:40:02.346+0200] {logging_mixin.py:151} INFO - [2026-05-29T10:40:02.346+0200] {dag.py:3696} INFO - Setting next_dagrun for tutorial_taskflow_api_virtualenv to None, run_after=None
[2026-05-29T10:40:02.362+0200] {processor.py:179} INFO - Processing /home/frederic/airflow_venv/lib/python3.10/site-packages/airflow/example_dags/tutorial_taskflow_api_virtualenv.py took 0.051 seconds
[2026-05-29T10:40:45.325+0200] {processor.py:157} INFO - Started process (PID=716762) to work on /home/frederic/airflow_venv/lib/python3.10/site-packages/airflow/example_dags/tutorial_taskflow_api_virtualenv.py
[2026-05-29T10:40:45.327+0200] {processor.py:829} INFO - Processing file /home/frederic/airflow_venv/lib/python3.10/site-packages/airflow/example_dags/tutorial_taskflow_api_virtualenv.py for tasks to queue
[2026-05-29T10:40:45.327+0200] {logging_mixin.py:151} INFO - [2026-05-29T10:40:45.327+0200] {dagbag.py:539} INFO - Filling up the DagBag from /home/frederic/airflow_venv/lib/python3.10/site-packages/airflow/example_dags/tutorial_taskflow_api_virtualenv.py
[2026-05-29T10:40:45.334+0200] {processor.py:839} INFO - DAG(s) dict_keys(['tutorial_taskflow_api_virtualenv']) retrieved from /home/frederic/airflow_venv/lib/python3.10/site-packages/airflow/example_dags/tutorial_taskflow_api_virtualenv.py
[2026-05-29T10:40:45.348+0200] {logging_mixin.py:151} INFO - [2026-05-29T10:40:45.348+0200] {dag.py:2915} INFO - Sync 1 DAGs
[2026-05-29T10:40:45.357+0200] {logging_mixin.py:151} INFO - [2026-05-29T10:40:45.357+0200] {dag.py:3696} INFO - Setting next_dagrun for tutorial_taskflow_api_virtualenv to None, run_after=None
[2026-05-29T10:40:45.376+0200] {processor.py:179} INFO - Processing /home/frederic/airflow_venv/lib/python3.10/site-packages/airflow/example_dags/tutorial_taskflow_api_virtualenv.py took 0.053 seconds
[2026-05-29T10:41:34.127+0200] {processor.py:157} INFO - Started process (PID=717309) to work on /home/frederic/airflow_venv/lib/python3.10/site-packages/airflow/example_dags/tutorial_taskflow_api_virtualenv.py
[2026-05-29T10:41:34.128+0200] {processor.py:829} INFO - Processing file /home/frederic/airflow_venv/lib/python3.10/site-packages/airflow/example_dags/tutorial_taskflow_api_virtualenv.py for tasks to queue
[2026-05-29T10:41:34.129+0200] {logging_mixin.py:151} INFO - [2026-05-29T10:41:34.128+0200] {dagbag.py:539} INFO - Filling up the DagBag from /home/frederic/airflow_venv/lib/python3.10/site-packages/airflow/example_dags/tutorial_taskflow_api_virtualenv.py
[2026-05-29T10:41:34.136+0200] {processor.py:839} INFO - DAG(s) dict_keys(['tutorial_taskflow_api_virtualenv']) retrieved from /home/frederic/airflow_venv/lib/python3.10/site-packages/airflow/example_dags/tutorial_taskflow_api_virtualenv.py
[2026-05-29T10:41:34.151+0200] {logging_mixin.py:151} INFO - [2026-05-29T10:41:34.151+0200] {dag.py:2915} INFO - Sync 1 DAGs
[2026-05-29T10:41:34.164+0200] {logging_mixin.py:151} INFO - [2026-05-29T10:41:34.164+0200] {dag.py:3696} INFO - Setting next_dagrun for tutorial_taskflow_api_virtualenv to None, run_after=None
[2026-05-29T10:41:34.184+0200] {processor.py:179} INFO - Processing /home/frederic/airflow_venv/lib/python3.10/site-packages/airflow/example_dags/tutorial_taskflow_api_virtualenv.py took 0.060 seconds
[2026-05-29T10:42:20.522+0200] {processor.py:157} INFO - Started process (PID=717770) to work on /home/frederic/airflow_venv/lib/python3.10/site-packages/airflow/example_dags/tutorial_taskflow_api_virtualenv.py
[2026-05-29T10:42:20.523+0200] {processor.py:829} INFO - Processing file /home/frederic/airflow_venv/lib/python3.10/site-packages/airflow/example_dags/tutorial_taskflow_api_virtualenv.py for tasks to queue
[2026-05-29T10:42:20.524+0200] {logging_mixin.py:151} INFO - [2026-05-29T10:42:20.523+0200] {dagbag.py:539} INFO - Filling up the DagBag from /home/frederic/airflow_venv/lib/python3.10/site-packages/airflow/example_dags/tutorial_taskflow_api_virtualenv.py
[2026-05-29T10:42:20.533+0200] {processor.py:839} INFO - DAG(s) dict_keys(['tutorial_taskflow_api_virtualenv']) retrieved from /home/frederic/airflow_venv/lib/python3.10/site-packages/airflow/example_dags/tutorial_taskflow_api_virtualenv.py
[2026-05-29T10:42:20.549+0200] {logging_mixin.py:151} INFO - [2026-05-29T10:42:20.549+0200] {dag.py:2915} INFO - Sync 1 DAGs
[2026-05-29T10:42:20.560+0200] {logging_mixin.py:151} INFO - [2026-05-29T10:42:20.560+0200] {dag.py:3696} INFO - Setting next_dagrun for tutorial_taskflow_api_virtualenv to None, run_after=None
[2026-05-29T10:42:20.584+0200] {processor.py:179} INFO - Processing /home/frederic/airflow_venv/lib/python3.10/site-packages/airflow/example_dags/tutorial_taskflow_api_virtualenv.py took 0.065 seconds
[2026-05-29T10:43:04.606+0200] {processor.py:157} INFO - Started process (PID=718252) to work on /home/frederic/airflow_venv/lib/python3.10/site-packages/airflow/example_dags/tutorial_taskflow_api_virtualenv.py
[2026-05-29T10:43:04.607+0200] {processor.py:829} INFO - Processing file /home/frederic/airflow_venv/lib/python3.10/site-packages/airflow/example_dags/tutorial_taskflow_api_virtualenv.py for tasks to queue
[2026-05-29T10:43:04.608+0200] {logging_mixin.py:151} INFO - [2026-05-29T10:43:04.608+0200] {dagbag.py:539} INFO - Filling up the DagBag from /home/frederic/airflow_venv/lib/python3.10/site-packages/airflow/example_dags/tutorial_taskflow_api_virtualenv.py
[2026-05-29T10:43:04.614+0200] {processor.py:839} INFO - DAG(s) dict_keys(['tutorial_taskflow_api_virtualenv']) retrieved from /home/frederic/airflow_venv/lib/python3.10/site-packages/airflow/example_dags/tutorial_taskflow_api_virtualenv.py
[2026-05-29T10:43:04.628+0200] {logging_mixin.py:151} INFO - [2026-05-29T10:43:04.628+0200] {dag.py:2915} INFO - Sync 1 DAGs
[2026-05-29T10:43:04.638+0200] {logging_mixin.py:151} INFO - [2026-05-29T10:43:04.638+0200] {dag.py:3696} INFO - Setting next_dagrun for tutorial_taskflow_api_virtualenv to None, run_after=None
[2026-05-29T10:43:04.662+0200] {processor.py:179} INFO - Processing /home/frederic/airflow_venv/lib/python3.10/site-packages/airflow/example_dags/tutorial_taskflow_api_virtualenv.py took 0.058 seconds
[2026-05-29T10:43:50.861+0200] {processor.py:157} INFO - Started process (PID=718755) to work on /home/frederic/airflow_venv/lib/python3.10/site-packages/airflow/example_dags/tutorial_taskflow_api_virtualenv.py
[2026-05-29T10:43:50.862+0200] {processor.py:829} INFO - Processing file /home/frederic/airflow_venv/lib/python3.10/site-packages/airflow/example_dags/tutorial_taskflow_api_virtualenv.py for tasks to queue
[2026-05-29T10:43:50.863+0200] {logging_mixin.py:151} INFO - [2026-05-29T10:43:50.863+0200] {dagbag.py:539} INFO - Filling up the DagBag from /home/frederic/airflow_venv/lib/python3.10/site-packages/airflow/example_dags/tutorial_taskflow_api_virtualenv.py
[2026-05-29T10:43:50.868+0200] {processor.py:839} INFO - DAG(s) dict_keys(['tutorial_taskflow_api_virtualenv']) retrieved from /home/frederic/airflow_venv/lib/python3.10/site-packages/airflow/example_dags/tutorial_taskflow_api_virtualenv.py
[2026-05-29T10:43:50.881+0200] {logging_mixin.py:151} INFO - [2026-05-29T10:43:50.881+0200] {dag.py:2915} INFO - Sync 1 DAGs
[2026-05-29T10:43:50.890+0200] {logging_mixin.py:151} INFO - [2026-05-29T10:43:50.890+0200] {dag.py:3696} INFO - Setting next_dagrun for tutorial_taskflow_api_virtualenv to None, run_after=None
[2026-05-29T10:43:50.908+0200] {processor.py:179} INFO - Processing /home/frederic/airflow_venv/lib/python3.10/site-packages/airflow/example_dags/tutorial_taskflow_api_virtualenv.py took 0.049 seconds
[2026-05-29T10:44:35.505+0200] {processor.py:157} INFO - Started process (PID=719278) to work on /home/frederic/airflow_venv/lib/python3.10/site-packages/airflow/example_dags/tutorial_taskflow_api_virtualenv.py
[2026-05-29T10:44:35.506+0200] {processor.py:829} INFO - Processing file /home/frederic/airflow_venv/lib/python3.10/site-packages/airflow/example_dags/tutorial_taskflow_api_virtualenv.py for tasks to queue
[2026-05-29T10:44:35.507+0200] {logging_mixin.py:151} INFO - [2026-05-29T10:44:35.506+0200] {dagbag.py:539} INFO - Filling up the DagBag from /home/frederic/airflow_venv/lib/python3.10/site-packages/airflow/example_dags/tutorial_taskflow_api_virtualenv.py
[2026-05-29T10:44:35.512+0200] {processor.py:839} INFO - DAG(s) dict_keys(['tutorial_taskflow_api_virtualenv']) retrieved from /home/frederic/airflow_venv/lib/python3.10/site-packages/airflow/example_dags/tutorial_taskflow_api_virtualenv.py
[2026-05-29T10:44:35.525+0200] {logging_mixin.py:151} INFO - [2026-05-29T10:44:35.525+0200] {dag.py:2915} INFO - Sync 1 DAGs
[2026-05-29T10:44:35.535+0200] {logging_mixin.py:151} INFO - [2026-05-29T10:44:35.535+0200] {dag.py:3696} INFO - Setting next_dagrun for tutorial_taskflow_api_virtualenv to None, run_after=None
[2026-05-29T10:44:35.552+0200] {processor.py:179} INFO - Processing /home/frederic/airflow_venv/lib/python3.10/site-packages/airflow/example_dags/tutorial_taskflow_api_virtualenv.py took 0.050 seconds
[2026-05-29T10:45:08.568+0200] {processor.py:157} INFO - Started process (PID=719879) to work on /home/frederic/airflow_venv/lib/python3.10/site-packages/airflow/example_dags/tutorial_taskflow_api_virtualenv.py
[2026-05-29T10:45:08.569+0200] {processor.py:829} INFO - Processing file /home/frederic/airflow_venv/lib/python3.10/site-packages/airflow/example_dags/tutorial_taskflow_api_virtualenv.py for tasks to queue
[2026-05-29T10:45:08.569+0200] {logging_mixin.py:151} INFO - [2026-05-29T10:45:08.569+0200] {dagbag.py:539} INFO - Filling up the DagBag from /home/frederic/airflow_venv/lib/python3.10/site-packages/airflow/example_dags/tutorial_taskflow_api_virtualenv.py
[2026-05-29T10:45:08.575+0200] {processor.py:839} INFO - DAG(s) dict_keys(['tutorial_taskflow_api_virtualenv']) retrieved from /home/frederic/airflow_venv/lib/python3.10/site-packages/airflow/example_dags/tutorial_taskflow_api_virtualenv.py
[2026-05-29T10:45:08.591+0200] {logging_mixin.py:151} INFO - [2026-05-29T10:45:08.591+0200] {dag.py:2915} INFO - Sync 1 DAGs
[2026-05-29T10:45:08.603+0200] {logging_mixin.py:151} INFO - [2026-05-29T10:45:08.603+0200] {dag.py:3696} INFO - Setting next_dagrun for tutorial_taskflow_api_virtualenv to None, run_after=None
[2026-05-29T10:45:08.622+0200] {processor.py:179} INFO - Processing /home/frederic/airflow_venv/lib/python3.10/site-packages/airflow/example_dags/tutorial_taskflow_api_virtualenv.py took 0.057 seconds
[2026-05-29T10:45:53.325+0200] {processor.py:157} INFO - Started process (PID=720341) to work on /home/frederic/airflow_venv/lib/python3.10/site-packages/airflow/example_dags/tutorial_taskflow_api_virtualenv.py
[2026-05-29T10:45:53.326+0200] {processor.py:829} INFO - Processing file /home/frederic/airflow_venv/lib/python3.10/site-packages/airflow/example_dags/tutorial_taskflow_api_virtualenv.py for tasks to queue
[2026-05-29T10:45:53.327+0200] {logging_mixin.py:151} INFO - [2026-05-29T10:45:53.326+0200] {dagbag.py:539} INFO - Filling up the DagBag from /home/frederic/airflow_venv/lib/python3.10/site-packages/airflow/example_dags/tutorial_taskflow_api_virtualenv.py
[2026-05-29T10:45:53.332+0200] {processor.py:839} INFO - DAG(s) dict_keys(['tutorial_taskflow_api_virtualenv']) retrieved from /home/frederic/airflow_venv/lib/python3.10/site-packages/airflow/example_dags/tutorial_taskflow_api_virtualenv.py
[2026-05-29T10:45:53.345+0200] {logging_mixin.py:151} INFO - [2026-05-29T10:45:53.345+0200] {dag.py:2915} INFO - Sync 1 DAGs
[2026-05-29T10:45:53.356+0200] {logging_mixin.py:151} INFO - [2026-05-29T10:45:53.356+0200] {dag.py:3696} INFO - Setting next_dagrun for tutorial_taskflow_api_virtualenv to None, run_after=None
[2026-05-29T10:45:53.372+0200] {processor.py:179} INFO - Processing /home/frederic/airflow_venv/lib/python3.10/site-packages/airflow/example_dags/tutorial_taskflow_api_virtualenv.py took 0.049 seconds
[2026-05-29T10:46:25.024+0200] {processor.py:157} INFO - Started process (PID=720714) to work on /home/frederic/airflow_venv/lib/python3.10/site-packages/airflow/example_dags/tutorial_taskflow_api_virtualenv.py
[2026-05-29T10:46:25.025+0200] {processor.py:829} INFO - Processing file /home/frederic/airflow_venv/lib/python3.10/site-packages/airflow/example_dags/tutorial_taskflow_api_virtualenv.py for tasks to queue
[2026-05-29T10:46:25.025+0200] {logging_mixin.py:151} INFO - [2026-05-29T10:46:25.025+0200] {dagbag.py:539} INFO - Filling up the DagBag from /home/frederic/airflow_venv/lib/python3.10/site-packages/airflow/example_dags/tutorial_taskflow_api_virtualenv.py
[2026-05-29T10:46:25.031+0200] {processor.py:839} INFO - DAG(s) dict_keys(['tutorial_taskflow_api_virtualenv']) retrieved from /home/frederic/airflow_venv/lib/python3.10/site-packages/airflow/example_dags/tutorial_taskflow_api_virtualenv.py
[2026-05-29T10:46:25.042+0200] {logging_mixin.py:151} INFO - [2026-05-29T10:46:25.042+0200] {dag.py:2915} INFO - Sync 1 DAGs
[2026-05-29T10:46:25.050+0200] {logging_mixin.py:151} INFO - [2026-05-29T10:46:25.050+0200] {dag.py:3696} INFO - Setting next_dagrun for tutorial_taskflow_api_virtualenv to None, run_after=None
[2026-05-29T10:46:25.065+0200] {processor.py:179} INFO - Processing /home/frederic/airflow_venv/lib/python3.10/site-packages/airflow/example_dags/tutorial_taskflow_api_virtualenv.py took 0.044 seconds
[2026-05-29T10:47:00.224+0200] {processor.py:157} INFO - Started process (PID=721099) to work on /home/frederic/airflow_venv/lib/python3.10/site-packages/airflow/example_dags/tutorial_taskflow_api_virtualenv.py
[2026-05-29T10:47:00.225+0200] {processor.py:829} INFO - Processing file /home/frederic/airflow_venv/lib/python3.10/site-packages/airflow/example_dags/tutorial_taskflow_api_virtualenv.py for tasks to queue
[2026-05-29T10:47:00.225+0200] {logging_mixin.py:151} INFO - [2026-05-29T10:47:00.225+0200] {dagbag.py:539} INFO - Filling up the DagBag from /home/frederic/airflow_venv/lib/python3.10/site-packages/airflow/example_dags/tutorial_taskflow_api_virtualenv.py
[2026-05-29T10:47:00.231+0200] {processor.py:839} INFO - DAG(s) dict_keys(['tutorial_taskflow_api_virtualenv']) retrieved from /home/frederic/airflow_venv/lib/python3.10/site-packages/airflow/example_dags/tutorial_taskflow_api_virtualenv.py
[2026-05-29T10:47:00.247+0200] {logging_mixin.py:151} INFO - [2026-05-29T10:47:00.246+0200] {dag.py:2915} INFO - Sync 1 DAGs
[2026-05-29T10:47:00.256+0200] {logging_mixin.py:151} INFO - [2026-05-29T10:47:00.256+0200] {dag.py:3696} INFO - Setting next_dagrun for tutorial_taskflow_api_virtualenv to None, run_after=None
[2026-05-29T10:47:00.272+0200] {processor.py:179} INFO - Processing /home/frederic/airflow_venv/lib/python3.10/site-packages/airflow/example_dags/tutorial_taskflow_api_virtualenv.py took 0.050 seconds
[2026-05-29T10:47:35.639+0200] {processor.py:157} INFO - Started process (PID=721954) to work on /home/frederic/airflow_venv/lib/python3.10/site-packages/airflow/example_dags/tutorial_taskflow_api_virtualenv.py
[2026-05-29T10:47:35.640+0200] {processor.py:829} INFO - Processing file /home/frederic/airflow_venv/lib/python3.10/site-packages/airflow/example_dags/tutorial_taskflow_api_virtualenv.py for tasks to queue
[2026-05-29T10:47:35.641+0200] {logging_mixin.py:151} INFO - [2026-05-29T10:47:35.640+0200] {dagbag.py:539} INFO - Filling up the DagBag from /home/frederic/airflow_venv/lib/python3.10/site-packages/airflow/example_dags/tutorial_taskflow_api_virtualenv.py
[2026-05-29T10:47:35.647+0200] {processor.py:839} INFO - DAG(s) dict_keys(['tutorial_taskflow_api_virtualenv']) retrieved from /home/frederic/airflow_venv/lib/python3.10/site-packages/airflow/example_dags/tutorial_taskflow_api_virtualenv.py
[2026-05-29T10:47:35.662+0200] {logging_mixin.py:151} INFO - [2026-05-29T10:47:35.662+0200] {dag.py:2915} INFO - Sync 1 DAGs
[2026-05-29T10:47:35.676+0200] {logging_mixin.py:151} INFO - [2026-05-29T10:47:35.676+0200] {dag.py:3696} INFO - Setting next_dagrun for tutorial_taskflow_api_virtualenv to None, run_after=None
[2026-05-29T10:47:35.698+0200] {processor.py:179} INFO - Processing /home/frederic/airflow_venv/lib/python3.10/site-packages/airflow/example_dags/tutorial_taskflow_api_virtualenv.py took 0.062 seconds
[2026-05-29T10:48:18.412+0200] {processor.py:157} INFO - Started process (PID=722465) to work on /home/frederic/airflow_venv/lib/python3.10/site-packages/airflow/example_dags/tutorial_taskflow_api_virtualenv.py
[2026-05-29T10:48:18.413+0200] {processor.py:829} INFO - Processing file /home/frederic/airflow_venv/lib/python3.10/site-packages/airflow/example_dags/tutorial_taskflow_api_virtualenv.py for tasks to queue
[2026-05-29T10:48:18.414+0200] {logging_mixin.py:151} INFO - [2026-05-29T10:48:18.414+0200] {dagbag.py:539} INFO - Filling up the DagBag from /home/frederic/airflow_venv/lib/python3.10/site-packages/airflow/example_dags/tutorial_taskflow_api_virtualenv.py
[2026-05-29T10:48:18.420+0200] {processor.py:839} INFO - DAG(s) dict_keys(['tutorial_taskflow_api_virtualenv']) retrieved from /home/frederic/airflow_venv/lib/python3.10/site-packages/airflow/example_dags/tutorial_taskflow_api_virtualenv.py
[2026-05-29T10:48:18.435+0200] {logging_mixin.py:151} INFO - [2026-05-29T10:48:18.434+0200] {dag.py:2915} INFO - Sync 1 DAGs
[2026-05-29T10:48:18.446+0200] {logging_mixin.py:151} INFO - [2026-05-29T10:48:18.446+0200] {dag.py:3696} INFO - Setting next_dagrun for tutorial_taskflow_api_virtualenv to None, run_after=None
[2026-05-29T10:48:18.461+0200] {processor.py:179} INFO - Processing /home/frederic/airflow_venv/lib/python3.10/site-packages/airflow/example_dags/tutorial_taskflow_api_virtualenv.py took 0.053 seconds
[2026-05-29T10:49:00.287+0200] {processor.py:157} INFO - Started process (PID=722893) to work on /home/frederic/airflow_venv/lib/python3.10/site-packages/airflow/example_dags/tutorial_taskflow_api_virtualenv.py
[2026-05-29T10:49:00.288+0200] {processor.py:829} INFO - Processing file /home/frederic/airflow_venv/lib/python3.10/site-packages/airflow/example_dags/tutorial_taskflow_api_virtualenv.py for tasks to queue
[2026-05-29T10:49:00.289+0200] {logging_mixin.py:151} INFO - [2026-05-29T10:49:00.289+0200] {dagbag.py:539} INFO - Filling up the DagBag from /home/frederic/airflow_venv/lib/python3.10/site-packages/airflow/example_dags/tutorial_taskflow_api_virtualenv.py
[2026-05-29T10:49:00.294+0200] {processor.py:839} INFO - DAG(s) dict_keys(['tutorial_taskflow_api_virtualenv']) retrieved from /home/frederic/airflow_venv/lib/python3.10/site-packages/airflow/example_dags/tutorial_taskflow_api_virtualenv.py
[2026-05-29T10:49:00.308+0200] {logging_mixin.py:151} INFO - [2026-05-29T10:49:00.308+0200] {dag.py:2915} INFO - Sync 1 DAGs
[2026-05-29T10:49:00.318+0200] {logging_mixin.py:151} INFO - [2026-05-29T10:49:00.318+0200] {dag.py:3696} INFO - Setting next_dagrun for tutorial_taskflow_api_virtualenv to None, run_after=None
[2026-05-29T10:49:00.333+0200] {processor.py:179} INFO - Processing /home/frederic/airflow_venv/lib/python3.10/site-packages/airflow/example_dags/tutorial_taskflow_api_virtualenv.py took 0.048 seconds
[2026-05-29T10:49:34.218+0200] {processor.py:157} INFO - Started process (PID=723270) to work on /home/frederic/airflow_venv/lib/python3.10/site-packages/airflow/example_dags/tutorial_taskflow_api_virtualenv.py
[2026-05-29T10:49:34.220+0200] {processor.py:829} INFO - Processing file /home/frederic/airflow_venv/lib/python3.10/site-packages/airflow/example_dags/tutorial_taskflow_api_virtualenv.py for tasks to queue
[2026-05-29T10:49:34.220+0200] {logging_mixin.py:151} INFO - [2026-05-29T10:49:34.220+0200] {dagbag.py:539} INFO - Filling up the DagBag from /home/frederic/airflow_venv/lib/python3.10/site-packages/airflow/example_dags/tutorial_taskflow_api_virtualenv.py
[2026-05-29T10:49:34.227+0200] {processor.py:839} INFO - DAG(s) dict_keys(['tutorial_taskflow_api_virtualenv']) retrieved from /home/frederic/airflow_venv/lib/python3.10/site-packages/airflow/example_dags/tutorial_taskflow_api_virtualenv.py
[2026-05-29T10:49:34.239+0200] {logging_mixin.py:151} INFO - [2026-05-29T10:49:34.239+0200] {dag.py:2915} INFO - Sync 1 DAGs
[2026-05-29T10:49:34.249+0200] {logging_mixin.py:151} INFO - [2026-05-29T10:49:34.249+0200] {dag.py:3696} INFO - Setting next_dagrun for tutorial_taskflow_api_virtualenv to None, run_after=None
[2026-05-29T10:49:34.264+0200] {processor.py:179} INFO - Processing /home/frederic/airflow_venv/lib/python3.10/site-packages/airflow/example_dags/tutorial_taskflow_api_virtualenv.py took 0.048 seconds
[2026-05-29T10:50:06.941+0200] {processor.py:157} INFO - Started process (PID=723616) to work on /home/frederic/airflow_venv/lib/python3.10/site-packages/airflow/example_dags/tutorial_taskflow_api_virtualenv.py
[2026-05-29T10:50:06.941+0200] {processor.py:829} INFO - Processing file /home/frederic/airflow_venv/lib/python3.10/site-packages/airflow/example_dags/tutorial_taskflow_api_virtualenv.py for tasks to queue
[2026-05-29T10:50:06.942+0200] {logging_mixin.py:151} INFO - [2026-05-29T10:50:06.942+0200] {dagbag.py:539} INFO - Filling up the DagBag from /home/frederic/airflow_venv/lib/python3.10/site-packages/airflow/example_dags/tutorial_taskflow_api_virtualenv.py
[2026-05-29T10:50:06.950+0200] {processor.py:839} INFO - DAG(s) dict_keys(['tutorial_taskflow_api_virtualenv']) retrieved from /home/frederic/airflow_venv/lib/python3.10/site-packages/airflow/example_dags/tutorial_taskflow_api_virtualenv.py
[2026-05-29T10:50:06.966+0200] {logging_mixin.py:151} INFO - [2026-05-29T10:50:06.965+0200] {dag.py:2915} INFO - Sync 1 DAGs
[2026-05-29T10:50:06.977+0200] {logging_mixin.py:151} INFO - [2026-05-29T10:50:06.977+0200] {dag.py:3696} INFO - Setting next_dagrun for tutorial_taskflow_api_virtualenv to None, run_after=None
[2026-05-29T10:50:06.996+0200] {processor.py:179} INFO - Processing /home/frederic/airflow_venv/lib/python3.10/site-packages/airflow/example_dags/tutorial_taskflow_api_virtualenv.py took 0.058 seconds
[2026-05-29T10:50:54.173+0200] {processor.py:157} INFO - Started process (PID=724053) to work on /home/frederic/airflow_venv/lib/python3.10/site-packages/airflow/example_dags/tutorial_taskflow_api_virtualenv.py
[2026-05-29T10:50:54.174+0200] {processor.py:829} INFO - Processing file /home/frederic/airflow_venv/lib/python3.10/site-packages/airflow/example_dags/tutorial_taskflow_api_virtualenv.py for tasks to queue
[2026-05-29T10:50:54.175+0200] {logging_mixin.py:151} INFO - [2026-05-29T10:50:54.174+0200] {dagbag.py:539} INFO - Filling up the DagBag from /home/frederic/airflow_venv/lib/python3.10/site-packages/airflow/example_dags/tutorial_taskflow_api_virtualenv.py
[2026-05-29T10:50:54.180+0200] {processor.py:839} INFO - DAG(s) dict_keys(['tutorial_taskflow_api_virtualenv']) retrieved from /home/frederic/airflow_venv/lib/python3.10/site-packages/airflow/example_dags/tutorial_taskflow_api_virtualenv.py
[2026-05-29T10:50:54.194+0200] {logging_mixin.py:151} INFO - [2026-05-29T10:50:54.194+0200] {dag.py:2915} INFO - Sync 1 DAGs
[2026-05-29T10:50:54.205+0200] {logging_mixin.py:151} INFO - [2026-05-29T10:50:54.205+0200] {dag.py:3696} INFO - Setting next_dagrun for tutorial_taskflow_api_virtualenv to None, run_after=None
[2026-05-29T10:50:54.224+0200] {processor.py:179} INFO - Processing /home/frederic/airflow_venv/lib/python3.10/site-packages/airflow/example_dags/tutorial_taskflow_api_virtualenv.py took 0.054 seconds
