[2026-05-29T02:00:22.646+0200] {processor.py:157} INFO - Started process (PID=633717) to work on /home/frederic/airflow_venv/lib/python3.10/site-packages/airflow/example_dags/tutorial_dag.py
[2026-05-29T02:00:22.647+0200] {processor.py:829} INFO - Processing file /home/frederic/airflow_venv/lib/python3.10/site-packages/airflow/example_dags/tutorial_dag.py for tasks to queue
[2026-05-29T02:00:22.648+0200] {logging_mixin.py:151} INFO - [2026-05-29T02:00:22.648+0200] {dagbag.py:539} INFO - Filling up the DagBag from /home/frederic/airflow_venv/lib/python3.10/site-packages/airflow/example_dags/tutorial_dag.py
[2026-05-29T02:00:22.652+0200] {processor.py:839} INFO - DAG(s) dict_keys(['tutorial_dag']) retrieved from /home/frederic/airflow_venv/lib/python3.10/site-packages/airflow/example_dags/tutorial_dag.py
[2026-05-29T02:00:22.665+0200] {logging_mixin.py:151} INFO - [2026-05-29T02:00:22.665+0200] {dag.py:2915} INFO - Sync 1 DAGs
[2026-05-29T02:00:22.675+0200] {logging_mixin.py:151} INFO - [2026-05-29T02:00:22.674+0200] {dag.py:3696} INFO - Setting next_dagrun for tutorial_dag to None, run_after=None
[2026-05-29T02:00:22.689+0200] {processor.py:179} INFO - Processing /home/frederic/airflow_venv/lib/python3.10/site-packages/airflow/example_dags/tutorial_dag.py took 0.046 seconds
[2026-05-29T02:00:36.584+0200] {processor.py:157} INFO - Started process (PID=634229) to work on /home/frederic/airflow_venv/lib/python3.10/site-packages/airflow/example_dags/tutorial_dag.py
[2026-05-29T02:00:36.586+0200] {processor.py:829} INFO - Processing file /home/frederic/airflow_venv/lib/python3.10/site-packages/airflow/example_dags/tutorial_dag.py for tasks to queue
[2026-05-29T02:00:36.587+0200] {logging_mixin.py:151} INFO - [2026-05-29T02:00:36.586+0200] {dagbag.py:539} INFO - Filling up the DagBag from /home/frederic/airflow_venv/lib/python3.10/site-packages/airflow/example_dags/tutorial_dag.py
[2026-05-29T02:00:36.595+0200] {processor.py:839} INFO - DAG(s) dict_keys(['tutorial_dag']) retrieved from /home/frederic/airflow_venv/lib/python3.10/site-packages/airflow/example_dags/tutorial_dag.py
[2026-05-29T02:00:36.610+0200] {logging_mixin.py:151} INFO - [2026-05-29T02:00:36.610+0200] {dag.py:2915} INFO - Sync 1 DAGs
[2026-05-29T02:00:36.622+0200] {logging_mixin.py:151} INFO - [2026-05-29T02:00:36.622+0200] {dag.py:3696} INFO - Setting next_dagrun for tutorial_dag to None, run_after=None
[2026-05-29T02:00:36.642+0200] {processor.py:179} INFO - Processing /home/frederic/airflow_venv/lib/python3.10/site-packages/airflow/example_dags/tutorial_dag.py took 0.062 seconds
[2026-05-29T02:01:08.746+0200] {processor.py:157} INFO - Started process (PID=635082) to work on /home/frederic/airflow_venv/lib/python3.10/site-packages/airflow/example_dags/tutorial_dag.py
[2026-05-29T02:01:08.747+0200] {processor.py:829} INFO - Processing file /home/frederic/airflow_venv/lib/python3.10/site-packages/airflow/example_dags/tutorial_dag.py for tasks to queue
[2026-05-29T02:01:08.748+0200] {logging_mixin.py:151} INFO - [2026-05-29T02:01:08.747+0200] {dagbag.py:539} INFO - Filling up the DagBag from /home/frederic/airflow_venv/lib/python3.10/site-packages/airflow/example_dags/tutorial_dag.py
[2026-05-29T02:01:08.752+0200] {processor.py:839} INFO - DAG(s) dict_keys(['tutorial_dag']) retrieved from /home/frederic/airflow_venv/lib/python3.10/site-packages/airflow/example_dags/tutorial_dag.py
[2026-05-29T02:01:08.766+0200] {logging_mixin.py:151} INFO - [2026-05-29T02:01:08.766+0200] {dag.py:2915} INFO - Sync 1 DAGs
[2026-05-29T02:01:08.776+0200] {logging_mixin.py:151} INFO - [2026-05-29T02:01:08.776+0200] {dag.py:3696} INFO - Setting next_dagrun for tutorial_dag to None, run_after=None
[2026-05-29T02:01:08.792+0200] {processor.py:179} INFO - Processing /home/frederic/airflow_venv/lib/python3.10/site-packages/airflow/example_dags/tutorial_dag.py took 0.048 seconds
[2026-05-29T02:01:19.413+0200] {processor.py:157} INFO - Started process (PID=635414) to work on /home/frederic/airflow_venv/lib/python3.10/site-packages/airflow/example_dags/tutorial_dag.py
[2026-05-29T02:01:19.414+0200] {processor.py:829} INFO - Processing file /home/frederic/airflow_venv/lib/python3.10/site-packages/airflow/example_dags/tutorial_dag.py for tasks to queue
[2026-05-29T02:01:19.415+0200] {logging_mixin.py:151} INFO - [2026-05-29T02:01:19.414+0200] {dagbag.py:539} INFO - Filling up the DagBag from /home/frederic/airflow_venv/lib/python3.10/site-packages/airflow/example_dags/tutorial_dag.py
[2026-05-29T02:01:19.419+0200] {processor.py:839} INFO - DAG(s) dict_keys(['tutorial_dag']) retrieved from /home/frederic/airflow_venv/lib/python3.10/site-packages/airflow/example_dags/tutorial_dag.py
[2026-05-29T02:01:19.433+0200] {logging_mixin.py:151} INFO - [2026-05-29T02:01:19.433+0200] {dag.py:2915} INFO - Sync 1 DAGs
[2026-05-29T02:01:19.443+0200] {logging_mixin.py:151} INFO - [2026-05-29T02:01:19.443+0200] {dag.py:3696} INFO - Setting next_dagrun for tutorial_dag to None, run_after=None
[2026-05-29T02:01:19.457+0200] {processor.py:179} INFO - Processing /home/frederic/airflow_venv/lib/python3.10/site-packages/airflow/example_dags/tutorial_dag.py took 0.048 seconds
[2026-05-29T02:01:51.867+0200] {processor.py:157} INFO - Started process (PID=636310) to work on /home/frederic/airflow_venv/lib/python3.10/site-packages/airflow/example_dags/tutorial_dag.py
[2026-05-29T02:01:51.868+0200] {processor.py:829} INFO - Processing file /home/frederic/airflow_venv/lib/python3.10/site-packages/airflow/example_dags/tutorial_dag.py for tasks to queue
[2026-05-29T02:01:51.869+0200] {logging_mixin.py:151} INFO - [2026-05-29T02:01:51.868+0200] {dagbag.py:539} INFO - Filling up the DagBag from /home/frederic/airflow_venv/lib/python3.10/site-packages/airflow/example_dags/tutorial_dag.py
[2026-05-29T02:01:51.873+0200] {processor.py:839} INFO - DAG(s) dict_keys(['tutorial_dag']) retrieved from /home/frederic/airflow_venv/lib/python3.10/site-packages/airflow/example_dags/tutorial_dag.py
[2026-05-29T02:01:51.885+0200] {logging_mixin.py:151} INFO - [2026-05-29T02:01:51.885+0200] {dag.py:2915} INFO - Sync 1 DAGs
[2026-05-29T02:01:51.895+0200] {logging_mixin.py:151} INFO - [2026-05-29T02:01:51.894+0200] {dag.py:3696} INFO - Setting next_dagrun for tutorial_dag to None, run_after=None
[2026-05-29T02:01:51.911+0200] {processor.py:179} INFO - Processing /home/frederic/airflow_venv/lib/python3.10/site-packages/airflow/example_dags/tutorial_dag.py took 0.047 seconds
[2026-05-29T02:02:07.849+0200] {processor.py:157} INFO - Started process (PID=636735) to work on /home/frederic/airflow_venv/lib/python3.10/site-packages/airflow/example_dags/tutorial_dag.py
[2026-05-29T02:02:07.850+0200] {processor.py:829} INFO - Processing file /home/frederic/airflow_venv/lib/python3.10/site-packages/airflow/example_dags/tutorial_dag.py for tasks to queue
[2026-05-29T02:02:07.851+0200] {logging_mixin.py:151} INFO - [2026-05-29T02:02:07.851+0200] {dagbag.py:539} INFO - Filling up the DagBag from /home/frederic/airflow_venv/lib/python3.10/site-packages/airflow/example_dags/tutorial_dag.py
[2026-05-29T02:02:07.857+0200] {processor.py:839} INFO - DAG(s) dict_keys(['tutorial_dag']) retrieved from /home/frederic/airflow_venv/lib/python3.10/site-packages/airflow/example_dags/tutorial_dag.py
[2026-05-29T02:02:07.873+0200] {logging_mixin.py:151} INFO - [2026-05-29T02:02:07.873+0200] {dag.py:2915} INFO - Sync 1 DAGs
[2026-05-29T02:02:07.883+0200] {logging_mixin.py:151} INFO - [2026-05-29T02:02:07.883+0200] {dag.py:3696} INFO - Setting next_dagrun for tutorial_dag to None, run_after=None
[2026-05-29T02:02:07.900+0200] {processor.py:179} INFO - Processing /home/frederic/airflow_venv/lib/python3.10/site-packages/airflow/example_dags/tutorial_dag.py took 0.054 seconds
[2026-05-29T02:02:39.977+0200] {processor.py:157} INFO - Started process (PID=637843) to work on /home/frederic/airflow_venv/lib/python3.10/site-packages/airflow/example_dags/tutorial_dag.py
[2026-05-29T02:02:39.978+0200] {processor.py:829} INFO - Processing file /home/frederic/airflow_venv/lib/python3.10/site-packages/airflow/example_dags/tutorial_dag.py for tasks to queue
[2026-05-29T02:02:39.979+0200] {logging_mixin.py:151} INFO - [2026-05-29T02:02:39.979+0200] {dagbag.py:539} INFO - Filling up the DagBag from /home/frederic/airflow_venv/lib/python3.10/site-packages/airflow/example_dags/tutorial_dag.py
[2026-05-29T02:02:39.984+0200] {processor.py:839} INFO - DAG(s) dict_keys(['tutorial_dag']) retrieved from /home/frederic/airflow_venv/lib/python3.10/site-packages/airflow/example_dags/tutorial_dag.py
[2026-05-29T02:02:39.997+0200] {logging_mixin.py:151} INFO - [2026-05-29T02:02:39.997+0200] {dag.py:2915} INFO - Sync 1 DAGs
[2026-05-29T02:02:40.008+0200] {logging_mixin.py:151} INFO - [2026-05-29T02:02:40.007+0200] {dag.py:3696} INFO - Setting next_dagrun for tutorial_dag to None, run_after=None
[2026-05-29T02:02:40.025+0200] {processor.py:179} INFO - Processing /home/frederic/airflow_venv/lib/python3.10/site-packages/airflow/example_dags/tutorial_dag.py took 0.050 seconds
[2026-05-29T02:02:56.614+0200] {processor.py:157} INFO - Started process (PID=638249) to work on /home/frederic/airflow_venv/lib/python3.10/site-packages/airflow/example_dags/tutorial_dag.py
[2026-05-29T02:02:56.615+0200] {processor.py:829} INFO - Processing file /home/frederic/airflow_venv/lib/python3.10/site-packages/airflow/example_dags/tutorial_dag.py for tasks to queue
[2026-05-29T02:02:56.616+0200] {logging_mixin.py:151} INFO - [2026-05-29T02:02:56.615+0200] {dagbag.py:539} INFO - Filling up the DagBag from /home/frederic/airflow_venv/lib/python3.10/site-packages/airflow/example_dags/tutorial_dag.py
[2026-05-29T02:02:56.622+0200] {processor.py:839} INFO - DAG(s) dict_keys(['tutorial_dag']) retrieved from /home/frederic/airflow_venv/lib/python3.10/site-packages/airflow/example_dags/tutorial_dag.py
[2026-05-29T02:02:56.638+0200] {logging_mixin.py:151} INFO - [2026-05-29T02:02:56.637+0200] {dag.py:2915} INFO - Sync 1 DAGs
[2026-05-29T02:02:56.650+0200] {logging_mixin.py:151} INFO - [2026-05-29T02:02:56.650+0200] {dag.py:3696} INFO - Setting next_dagrun for tutorial_dag to None, run_after=None
[2026-05-29T02:02:56.671+0200] {processor.py:179} INFO - Processing /home/frederic/airflow_venv/lib/python3.10/site-packages/airflow/example_dags/tutorial_dag.py took 0.060 seconds
[2026-05-29T02:03:26.479+0200] {processor.py:157} INFO - Started process (PID=639172) to work on /home/frederic/airflow_venv/lib/python3.10/site-packages/airflow/example_dags/tutorial_dag.py
[2026-05-29T02:03:26.480+0200] {processor.py:829} INFO - Processing file /home/frederic/airflow_venv/lib/python3.10/site-packages/airflow/example_dags/tutorial_dag.py for tasks to queue
[2026-05-29T02:03:26.481+0200] {logging_mixin.py:151} INFO - [2026-05-29T02:03:26.480+0200] {dagbag.py:539} INFO - Filling up the DagBag from /home/frederic/airflow_venv/lib/python3.10/site-packages/airflow/example_dags/tutorial_dag.py
[2026-05-29T02:03:26.486+0200] {processor.py:839} INFO - DAG(s) dict_keys(['tutorial_dag']) retrieved from /home/frederic/airflow_venv/lib/python3.10/site-packages/airflow/example_dags/tutorial_dag.py
[2026-05-29T02:03:26.501+0200] {logging_mixin.py:151} INFO - [2026-05-29T02:03:26.501+0200] {dag.py:2915} INFO - Sync 1 DAGs
[2026-05-29T02:03:26.513+0200] {logging_mixin.py:151} INFO - [2026-05-29T02:03:26.513+0200] {dag.py:3696} INFO - Setting next_dagrun for tutorial_dag to None, run_after=None
[2026-05-29T02:03:26.531+0200] {processor.py:179} INFO - Processing /home/frederic/airflow_venv/lib/python3.10/site-packages/airflow/example_dags/tutorial_dag.py took 0.054 seconds
[2026-05-29T02:03:30.583+0200] {processor.py:157} INFO - Started process (PID=639321) to work on /home/frederic/airflow_venv/lib/python3.10/site-packages/airflow/example_dags/tutorial_dag.py
[2026-05-29T02:03:30.584+0200] {processor.py:829} INFO - Processing file /home/frederic/airflow_venv/lib/python3.10/site-packages/airflow/example_dags/tutorial_dag.py for tasks to queue
[2026-05-29T02:03:30.584+0200] {logging_mixin.py:151} INFO - [2026-05-29T02:03:30.584+0200] {dagbag.py:539} INFO - Filling up the DagBag from /home/frederic/airflow_venv/lib/python3.10/site-packages/airflow/example_dags/tutorial_dag.py
[2026-05-29T02:03:30.589+0200] {processor.py:839} INFO - DAG(s) dict_keys(['tutorial_dag']) retrieved from /home/frederic/airflow_venv/lib/python3.10/site-packages/airflow/example_dags/tutorial_dag.py
[2026-05-29T02:03:30.605+0200] {logging_mixin.py:151} INFO - [2026-05-29T02:03:30.605+0200] {dag.py:2915} INFO - Sync 1 DAGs
[2026-05-29T02:03:30.618+0200] {logging_mixin.py:151} INFO - [2026-05-29T02:03:30.617+0200] {dag.py:3696} INFO - Setting next_dagrun for tutorial_dag to None, run_after=None
[2026-05-29T02:03:30.636+0200] {processor.py:179} INFO - Processing /home/frederic/airflow_venv/lib/python3.10/site-packages/airflow/example_dags/tutorial_dag.py took 0.056 seconds
[2026-05-29T09:56:08.133+0200] {processor.py:157} INFO - Started process (PID=680123) to work on /home/frederic/airflow_venv/lib/python3.10/site-packages/airflow/example_dags/tutorial_dag.py
[2026-05-29T09:56:08.137+0200] {processor.py:829} INFO - Processing file /home/frederic/airflow_venv/lib/python3.10/site-packages/airflow/example_dags/tutorial_dag.py for tasks to queue
[2026-05-29T09:56:08.138+0200] {logging_mixin.py:151} INFO - [2026-05-29T09:56:08.138+0200] {dagbag.py:539} INFO - Filling up the DagBag from /home/frederic/airflow_venv/lib/python3.10/site-packages/airflow/example_dags/tutorial_dag.py
[2026-05-29T09:56:08.144+0200] {processor.py:839} INFO - DAG(s) dict_keys(['tutorial_dag']) retrieved from /home/frederic/airflow_venv/lib/python3.10/site-packages/airflow/example_dags/tutorial_dag.py
[2026-05-29T09:56:08.151+0200] {logging_mixin.py:151} INFO - [2026-05-29T09:56:08.151+0200] {dag.py:2915} INFO - Sync 1 DAGs
[2026-05-29T09:56:08.161+0200] {logging_mixin.py:151} INFO - [2026-05-29T09:56:08.161+0200] {dag.py:3696} INFO - Setting next_dagrun for tutorial_dag to None, run_after=None
[2026-05-29T09:56:08.180+0200] {processor.py:179} INFO - Processing /home/frederic/airflow_venv/lib/python3.10/site-packages/airflow/example_dags/tutorial_dag.py took 0.049 seconds
[2026-05-29T09:58:06.089+0200] {processor.py:157} INFO - Started process (PID=681574) to work on /home/frederic/airflow_venv/lib/python3.10/site-packages/airflow/example_dags/tutorial_dag.py
[2026-05-29T09:58:06.090+0200] {processor.py:829} INFO - Processing file /home/frederic/airflow_venv/lib/python3.10/site-packages/airflow/example_dags/tutorial_dag.py for tasks to queue
[2026-05-29T09:58:06.091+0200] {logging_mixin.py:151} INFO - [2026-05-29T09:58:06.091+0200] {dagbag.py:539} INFO - Filling up the DagBag from /home/frederic/airflow_venv/lib/python3.10/site-packages/airflow/example_dags/tutorial_dag.py
[2026-05-29T09:58:06.097+0200] {processor.py:839} INFO - DAG(s) dict_keys(['tutorial_dag']) retrieved from /home/frederic/airflow_venv/lib/python3.10/site-packages/airflow/example_dags/tutorial_dag.py
[2026-05-29T09:58:06.102+0200] {logging_mixin.py:151} INFO - [2026-05-29T09:58:06.102+0200] {dag.py:2915} INFO - Sync 1 DAGs
[2026-05-29T09:58:06.112+0200] {logging_mixin.py:151} INFO - [2026-05-29T09:58:06.112+0200] {dag.py:3696} INFO - Setting next_dagrun for tutorial_dag to None, run_after=None
[2026-05-29T09:58:06.127+0200] {processor.py:179} INFO - Processing /home/frederic/airflow_venv/lib/python3.10/site-packages/airflow/example_dags/tutorial_dag.py took 0.040 seconds
[2026-05-29T09:58:54.697+0200] {processor.py:157} INFO - Started process (PID=682545) to work on /home/frederic/airflow_venv/lib/python3.10/site-packages/airflow/example_dags/tutorial_dag.py
[2026-05-29T09:58:54.698+0200] {processor.py:829} INFO - Processing file /home/frederic/airflow_venv/lib/python3.10/site-packages/airflow/example_dags/tutorial_dag.py for tasks to queue
[2026-05-29T09:58:54.699+0200] {logging_mixin.py:151} INFO - [2026-05-29T09:58:54.699+0200] {dagbag.py:539} INFO - Filling up the DagBag from /home/frederic/airflow_venv/lib/python3.10/site-packages/airflow/example_dags/tutorial_dag.py
[2026-05-29T09:58:54.705+0200] {processor.py:839} INFO - DAG(s) dict_keys(['tutorial_dag']) retrieved from /home/frederic/airflow_venv/lib/python3.10/site-packages/airflow/example_dags/tutorial_dag.py
[2026-05-29T09:58:54.721+0200] {logging_mixin.py:151} INFO - [2026-05-29T09:58:54.721+0200] {dag.py:2915} INFO - Sync 1 DAGs
[2026-05-29T09:58:54.733+0200] {logging_mixin.py:151} INFO - [2026-05-29T09:58:54.733+0200] {dag.py:3696} INFO - Setting next_dagrun for tutorial_dag to None, run_after=None
[2026-05-29T09:58:54.752+0200] {processor.py:179} INFO - Processing /home/frederic/airflow_venv/lib/python3.10/site-packages/airflow/example_dags/tutorial_dag.py took 0.058 seconds
[2026-05-29T09:59:34.907+0200] {processor.py:157} INFO - Started process (PID=683697) to work on /home/frederic/airflow_venv/lib/python3.10/site-packages/airflow/example_dags/tutorial_dag.py
[2026-05-29T09:59:34.908+0200] {processor.py:829} INFO - Processing file /home/frederic/airflow_venv/lib/python3.10/site-packages/airflow/example_dags/tutorial_dag.py for tasks to queue
[2026-05-29T09:59:34.909+0200] {logging_mixin.py:151} INFO - [2026-05-29T09:59:34.909+0200] {dagbag.py:539} INFO - Filling up the DagBag from /home/frederic/airflow_venv/lib/python3.10/site-packages/airflow/example_dags/tutorial_dag.py
[2026-05-29T09:59:34.914+0200] {processor.py:839} INFO - DAG(s) dict_keys(['tutorial_dag']) retrieved from /home/frederic/airflow_venv/lib/python3.10/site-packages/airflow/example_dags/tutorial_dag.py
[2026-05-29T09:59:34.929+0200] {logging_mixin.py:151} INFO - [2026-05-29T09:59:34.929+0200] {dag.py:2915} INFO - Sync 1 DAGs
[2026-05-29T09:59:34.942+0200] {logging_mixin.py:151} INFO - [2026-05-29T09:59:34.942+0200] {dag.py:3696} INFO - Setting next_dagrun for tutorial_dag to None, run_after=None
[2026-05-29T09:59:34.961+0200] {processor.py:179} INFO - Processing /home/frederic/airflow_venv/lib/python3.10/site-packages/airflow/example_dags/tutorial_dag.py took 0.057 seconds
[2026-05-29T10:00:21.155+0200] {processor.py:157} INFO - Started process (PID=684359) to work on /home/frederic/airflow_venv/lib/python3.10/site-packages/airflow/example_dags/tutorial_dag.py
[2026-05-29T10:00:21.156+0200] {processor.py:829} INFO - Processing file /home/frederic/airflow_venv/lib/python3.10/site-packages/airflow/example_dags/tutorial_dag.py for tasks to queue
[2026-05-29T10:00:21.157+0200] {logging_mixin.py:151} INFO - [2026-05-29T10:00:21.156+0200] {dagbag.py:539} INFO - Filling up the DagBag from /home/frederic/airflow_venv/lib/python3.10/site-packages/airflow/example_dags/tutorial_dag.py
[2026-05-29T10:00:21.161+0200] {processor.py:839} INFO - DAG(s) dict_keys(['tutorial_dag']) retrieved from /home/frederic/airflow_venv/lib/python3.10/site-packages/airflow/example_dags/tutorial_dag.py
[2026-05-29T10:00:21.176+0200] {logging_mixin.py:151} INFO - [2026-05-29T10:00:21.175+0200] {dag.py:2915} INFO - Sync 1 DAGs
[2026-05-29T10:00:21.187+0200] {logging_mixin.py:151} INFO - [2026-05-29T10:00:21.187+0200] {dag.py:3696} INFO - Setting next_dagrun for tutorial_dag to None, run_after=None
[2026-05-29T10:00:21.208+0200] {processor.py:179} INFO - Processing /home/frederic/airflow_venv/lib/python3.10/site-packages/airflow/example_dags/tutorial_dag.py took 0.056 seconds
[2026-05-29T10:00:56.819+0200] {processor.py:157} INFO - Started process (PID=684948) to work on /home/frederic/airflow_venv/lib/python3.10/site-packages/airflow/example_dags/tutorial_dag.py
[2026-05-29T10:00:56.819+0200] {processor.py:829} INFO - Processing file /home/frederic/airflow_venv/lib/python3.10/site-packages/airflow/example_dags/tutorial_dag.py for tasks to queue
[2026-05-29T10:00:56.820+0200] {logging_mixin.py:151} INFO - [2026-05-29T10:00:56.820+0200] {dagbag.py:539} INFO - Filling up the DagBag from /home/frederic/airflow_venv/lib/python3.10/site-packages/airflow/example_dags/tutorial_dag.py
[2026-05-29T10:00:56.825+0200] {processor.py:839} INFO - DAG(s) dict_keys(['tutorial_dag']) retrieved from /home/frederic/airflow_venv/lib/python3.10/site-packages/airflow/example_dags/tutorial_dag.py
[2026-05-29T10:00:56.842+0200] {logging_mixin.py:151} INFO - [2026-05-29T10:00:56.842+0200] {dag.py:2915} INFO - Sync 1 DAGs
[2026-05-29T10:00:56.853+0200] {logging_mixin.py:151} INFO - [2026-05-29T10:00:56.852+0200] {dag.py:3696} INFO - Setting next_dagrun for tutorial_dag to None, run_after=None
[2026-05-29T10:00:56.871+0200] {processor.py:179} INFO - Processing /home/frederic/airflow_venv/lib/python3.10/site-packages/airflow/example_dags/tutorial_dag.py took 0.055 seconds
[2026-05-29T10:01:43.852+0200] {processor.py:157} INFO - Started process (PID=685646) to work on /home/frederic/airflow_venv/lib/python3.10/site-packages/airflow/example_dags/tutorial_dag.py
[2026-05-29T10:01:43.856+0200] {processor.py:829} INFO - Processing file /home/frederic/airflow_venv/lib/python3.10/site-packages/airflow/example_dags/tutorial_dag.py for tasks to queue
[2026-05-29T10:01:43.857+0200] {logging_mixin.py:151} INFO - [2026-05-29T10:01:43.857+0200] {dagbag.py:539} INFO - Filling up the DagBag from /home/frederic/airflow_venv/lib/python3.10/site-packages/airflow/example_dags/tutorial_dag.py
[2026-05-29T10:01:43.862+0200] {processor.py:839} INFO - DAG(s) dict_keys(['tutorial_dag']) retrieved from /home/frederic/airflow_venv/lib/python3.10/site-packages/airflow/example_dags/tutorial_dag.py
[2026-05-29T10:01:43.883+0200] {logging_mixin.py:151} INFO - [2026-05-29T10:01:43.882+0200] {dag.py:2915} INFO - Sync 1 DAGs
[2026-05-29T10:01:43.896+0200] {logging_mixin.py:151} INFO - [2026-05-29T10:01:43.896+0200] {dag.py:3696} INFO - Setting next_dagrun for tutorial_dag to None, run_after=None
[2026-05-29T10:01:43.918+0200] {processor.py:179} INFO - Processing /home/frederic/airflow_venv/lib/python3.10/site-packages/airflow/example_dags/tutorial_dag.py took 0.070 seconds
[2026-05-29T10:02:18.318+0200] {processor.py:157} INFO - Started process (PID=686081) to work on /home/frederic/airflow_venv/lib/python3.10/site-packages/airflow/example_dags/tutorial_dag.py
[2026-05-29T10:02:18.319+0200] {processor.py:829} INFO - Processing file /home/frederic/airflow_venv/lib/python3.10/site-packages/airflow/example_dags/tutorial_dag.py for tasks to queue
[2026-05-29T10:02:18.320+0200] {logging_mixin.py:151} INFO - [2026-05-29T10:02:18.319+0200] {dagbag.py:539} INFO - Filling up the DagBag from /home/frederic/airflow_venv/lib/python3.10/site-packages/airflow/example_dags/tutorial_dag.py
[2026-05-29T10:02:18.324+0200] {processor.py:839} INFO - DAG(s) dict_keys(['tutorial_dag']) retrieved from /home/frederic/airflow_venv/lib/python3.10/site-packages/airflow/example_dags/tutorial_dag.py
[2026-05-29T10:02:18.345+0200] {logging_mixin.py:151} INFO - [2026-05-29T10:02:18.344+0200] {dag.py:2915} INFO - Sync 1 DAGs
[2026-05-29T10:02:18.354+0200] {logging_mixin.py:151} INFO - [2026-05-29T10:02:18.354+0200] {dag.py:3696} INFO - Setting next_dagrun for tutorial_dag to None, run_after=None
[2026-05-29T10:02:18.371+0200] {processor.py:179} INFO - Processing /home/frederic/airflow_venv/lib/python3.10/site-packages/airflow/example_dags/tutorial_dag.py took 0.058 seconds
[2026-05-29T10:03:02.900+0200] {processor.py:157} INFO - Started process (PID=686514) to work on /home/frederic/airflow_venv/lib/python3.10/site-packages/airflow/example_dags/tutorial_dag.py
[2026-05-29T10:03:02.903+0200] {processor.py:829} INFO - Processing file /home/frederic/airflow_venv/lib/python3.10/site-packages/airflow/example_dags/tutorial_dag.py for tasks to queue
[2026-05-29T10:03:02.904+0200] {logging_mixin.py:151} INFO - [2026-05-29T10:03:02.904+0200] {dagbag.py:539} INFO - Filling up the DagBag from /home/frederic/airflow_venv/lib/python3.10/site-packages/airflow/example_dags/tutorial_dag.py
[2026-05-29T10:03:02.908+0200] {processor.py:839} INFO - DAG(s) dict_keys(['tutorial_dag']) retrieved from /home/frederic/airflow_venv/lib/python3.10/site-packages/airflow/example_dags/tutorial_dag.py
[2026-05-29T10:03:02.923+0200] {logging_mixin.py:151} INFO - [2026-05-29T10:03:02.923+0200] {dag.py:2915} INFO - Sync 1 DAGs
[2026-05-29T10:03:02.935+0200] {logging_mixin.py:151} INFO - [2026-05-29T10:03:02.935+0200] {dag.py:3696} INFO - Setting next_dagrun for tutorial_dag to None, run_after=None
[2026-05-29T10:03:02.955+0200] {processor.py:179} INFO - Processing /home/frederic/airflow_venv/lib/python3.10/site-packages/airflow/example_dags/tutorial_dag.py took 0.059 seconds
[2026-05-29T10:03:52.189+0200] {processor.py:157} INFO - Started process (PID=687481) to work on /home/frederic/airflow_venv/lib/python3.10/site-packages/airflow/example_dags/tutorial_dag.py
[2026-05-29T10:03:52.190+0200] {processor.py:829} INFO - Processing file /home/frederic/airflow_venv/lib/python3.10/site-packages/airflow/example_dags/tutorial_dag.py for tasks to queue
[2026-05-29T10:03:52.191+0200] {logging_mixin.py:151} INFO - [2026-05-29T10:03:52.191+0200] {dagbag.py:539} INFO - Filling up the DagBag from /home/frederic/airflow_venv/lib/python3.10/site-packages/airflow/example_dags/tutorial_dag.py
[2026-05-29T10:03:52.196+0200] {processor.py:839} INFO - DAG(s) dict_keys(['tutorial_dag']) retrieved from /home/frederic/airflow_venv/lib/python3.10/site-packages/airflow/example_dags/tutorial_dag.py
[2026-05-29T10:03:52.214+0200] {logging_mixin.py:151} INFO - [2026-05-29T10:03:52.214+0200] {dag.py:2915} INFO - Sync 1 DAGs
[2026-05-29T10:03:52.226+0200] {logging_mixin.py:151} INFO - [2026-05-29T10:03:52.226+0200] {dag.py:3696} INFO - Setting next_dagrun for tutorial_dag to None, run_after=None
[2026-05-29T10:03:52.250+0200] {processor.py:179} INFO - Processing /home/frederic/airflow_venv/lib/python3.10/site-packages/airflow/example_dags/tutorial_dag.py took 0.064 seconds
[2026-05-29T10:04:42.004+0200] {processor.py:157} INFO - Started process (PID=688298) to work on /home/frederic/airflow_venv/lib/python3.10/site-packages/airflow/example_dags/tutorial_dag.py
[2026-05-29T10:04:42.008+0200] {processor.py:829} INFO - Processing file /home/frederic/airflow_venv/lib/python3.10/site-packages/airflow/example_dags/tutorial_dag.py for tasks to queue
[2026-05-29T10:04:42.009+0200] {logging_mixin.py:151} INFO - [2026-05-29T10:04:42.008+0200] {dagbag.py:539} INFO - Filling up the DagBag from /home/frederic/airflow_venv/lib/python3.10/site-packages/airflow/example_dags/tutorial_dag.py
[2026-05-29T10:04:42.013+0200] {processor.py:839} INFO - DAG(s) dict_keys(['tutorial_dag']) retrieved from /home/frederic/airflow_venv/lib/python3.10/site-packages/airflow/example_dags/tutorial_dag.py
[2026-05-29T10:04:42.030+0200] {logging_mixin.py:151} INFO - [2026-05-29T10:04:42.030+0200] {dag.py:2915} INFO - Sync 1 DAGs
[2026-05-29T10:04:42.041+0200] {logging_mixin.py:151} INFO - [2026-05-29T10:04:42.041+0200] {dag.py:3696} INFO - Setting next_dagrun for tutorial_dag to None, run_after=None
[2026-05-29T10:04:42.059+0200] {processor.py:179} INFO - Processing /home/frederic/airflow_venv/lib/python3.10/site-packages/airflow/example_dags/tutorial_dag.py took 0.058 seconds
[2026-05-29T10:05:26.988+0200] {processor.py:157} INFO - Started process (PID=689548) to work on /home/frederic/airflow_venv/lib/python3.10/site-packages/airflow/example_dags/tutorial_dag.py
[2026-05-29T10:05:26.989+0200] {processor.py:829} INFO - Processing file /home/frederic/airflow_venv/lib/python3.10/site-packages/airflow/example_dags/tutorial_dag.py for tasks to queue
[2026-05-29T10:05:26.990+0200] {logging_mixin.py:151} INFO - [2026-05-29T10:05:26.990+0200] {dagbag.py:539} INFO - Filling up the DagBag from /home/frederic/airflow_venv/lib/python3.10/site-packages/airflow/example_dags/tutorial_dag.py
[2026-05-29T10:05:26.994+0200] {processor.py:839} INFO - DAG(s) dict_keys(['tutorial_dag']) retrieved from /home/frederic/airflow_venv/lib/python3.10/site-packages/airflow/example_dags/tutorial_dag.py
[2026-05-29T10:05:27.013+0200] {logging_mixin.py:151} INFO - [2026-05-29T10:05:27.013+0200] {dag.py:2915} INFO - Sync 1 DAGs
[2026-05-29T10:05:27.026+0200] {logging_mixin.py:151} INFO - [2026-05-29T10:05:27.025+0200] {dag.py:3696} INFO - Setting next_dagrun for tutorial_dag to None, run_after=None
[2026-05-29T10:05:27.047+0200] {processor.py:179} INFO - Processing /home/frederic/airflow_venv/lib/python3.10/site-packages/airflow/example_dags/tutorial_dag.py took 0.062 seconds
[2026-05-29T10:06:14.534+0200] {processor.py:157} INFO - Started process (PID=690112) to work on /home/frederic/airflow_venv/lib/python3.10/site-packages/airflow/example_dags/tutorial_dag.py
[2026-05-29T10:06:14.535+0200] {processor.py:829} INFO - Processing file /home/frederic/airflow_venv/lib/python3.10/site-packages/airflow/example_dags/tutorial_dag.py for tasks to queue
[2026-05-29T10:06:14.536+0200] {logging_mixin.py:151} INFO - [2026-05-29T10:06:14.535+0200] {dagbag.py:539} INFO - Filling up the DagBag from /home/frederic/airflow_venv/lib/python3.10/site-packages/airflow/example_dags/tutorial_dag.py
[2026-05-29T10:06:14.540+0200] {processor.py:839} INFO - DAG(s) dict_keys(['tutorial_dag']) retrieved from /home/frederic/airflow_venv/lib/python3.10/site-packages/airflow/example_dags/tutorial_dag.py
[2026-05-29T10:06:14.560+0200] {logging_mixin.py:151} INFO - [2026-05-29T10:06:14.560+0200] {dag.py:2915} INFO - Sync 1 DAGs
[2026-05-29T10:06:14.572+0200] {logging_mixin.py:151} INFO - [2026-05-29T10:06:14.572+0200] {dag.py:3696} INFO - Setting next_dagrun for tutorial_dag to None, run_after=None
[2026-05-29T10:06:14.592+0200] {processor.py:179} INFO - Processing /home/frederic/airflow_venv/lib/python3.10/site-packages/airflow/example_dags/tutorial_dag.py took 0.063 seconds
[2026-05-29T10:06:49.683+0200] {processor.py:157} INFO - Started process (PID=690446) to work on /home/frederic/airflow_venv/lib/python3.10/site-packages/airflow/example_dags/tutorial_dag.py
[2026-05-29T10:06:49.685+0200] {processor.py:829} INFO - Processing file /home/frederic/airflow_venv/lib/python3.10/site-packages/airflow/example_dags/tutorial_dag.py for tasks to queue
[2026-05-29T10:06:49.686+0200] {logging_mixin.py:151} INFO - [2026-05-29T10:06:49.686+0200] {dagbag.py:539} INFO - Filling up the DagBag from /home/frederic/airflow_venv/lib/python3.10/site-packages/airflow/example_dags/tutorial_dag.py
[2026-05-29T10:06:49.691+0200] {processor.py:839} INFO - DAG(s) dict_keys(['tutorial_dag']) retrieved from /home/frederic/airflow_venv/lib/python3.10/site-packages/airflow/example_dags/tutorial_dag.py
[2026-05-29T10:06:49.708+0200] {logging_mixin.py:151} INFO - [2026-05-29T10:06:49.708+0200] {dag.py:2915} INFO - Sync 1 DAGs
[2026-05-29T10:06:49.720+0200] {logging_mixin.py:151} INFO - [2026-05-29T10:06:49.720+0200] {dag.py:3696} INFO - Setting next_dagrun for tutorial_dag to None, run_after=None
[2026-05-29T10:06:49.740+0200] {processor.py:179} INFO - Processing /home/frederic/airflow_venv/lib/python3.10/site-packages/airflow/example_dags/tutorial_dag.py took 0.059 seconds
[2026-05-29T10:07:27.379+0200] {processor.py:157} INFO - Started process (PID=691037) to work on /home/frederic/airflow_venv/lib/python3.10/site-packages/airflow/example_dags/tutorial_dag.py
[2026-05-29T10:07:27.380+0200] {processor.py:829} INFO - Processing file /home/frederic/airflow_venv/lib/python3.10/site-packages/airflow/example_dags/tutorial_dag.py for tasks to queue
[2026-05-29T10:07:27.381+0200] {logging_mixin.py:151} INFO - [2026-05-29T10:07:27.380+0200] {dagbag.py:539} INFO - Filling up the DagBag from /home/frederic/airflow_venv/lib/python3.10/site-packages/airflow/example_dags/tutorial_dag.py
[2026-05-29T10:07:27.385+0200] {processor.py:839} INFO - DAG(s) dict_keys(['tutorial_dag']) retrieved from /home/frederic/airflow_venv/lib/python3.10/site-packages/airflow/example_dags/tutorial_dag.py
[2026-05-29T10:07:27.399+0200] {logging_mixin.py:151} INFO - [2026-05-29T10:07:27.399+0200] {dag.py:2915} INFO - Sync 1 DAGs
[2026-05-29T10:07:27.409+0200] {logging_mixin.py:151} INFO - [2026-05-29T10:07:27.409+0200] {dag.py:3696} INFO - Setting next_dagrun for tutorial_dag to None, run_after=None
[2026-05-29T10:07:27.427+0200] {processor.py:179} INFO - Processing /home/frederic/airflow_venv/lib/python3.10/site-packages/airflow/example_dags/tutorial_dag.py took 0.050 seconds
[2026-05-29T10:08:02.177+0200] {processor.py:157} INFO - Started process (PID=691457) to work on /home/frederic/airflow_venv/lib/python3.10/site-packages/airflow/example_dags/tutorial_dag.py
[2026-05-29T10:08:02.178+0200] {processor.py:829} INFO - Processing file /home/frederic/airflow_venv/lib/python3.10/site-packages/airflow/example_dags/tutorial_dag.py for tasks to queue
[2026-05-29T10:08:02.178+0200] {logging_mixin.py:151} INFO - [2026-05-29T10:08:02.178+0200] {dagbag.py:539} INFO - Filling up the DagBag from /home/frederic/airflow_venv/lib/python3.10/site-packages/airflow/example_dags/tutorial_dag.py
[2026-05-29T10:08:02.182+0200] {processor.py:839} INFO - DAG(s) dict_keys(['tutorial_dag']) retrieved from /home/frederic/airflow_venv/lib/python3.10/site-packages/airflow/example_dags/tutorial_dag.py
[2026-05-29T10:08:02.198+0200] {logging_mixin.py:151} INFO - [2026-05-29T10:08:02.197+0200] {dag.py:2915} INFO - Sync 1 DAGs
[2026-05-29T10:08:02.209+0200] {logging_mixin.py:151} INFO - [2026-05-29T10:08:02.209+0200] {dag.py:3696} INFO - Setting next_dagrun for tutorial_dag to None, run_after=None
[2026-05-29T10:08:02.226+0200] {processor.py:179} INFO - Processing /home/frederic/airflow_venv/lib/python3.10/site-packages/airflow/example_dags/tutorial_dag.py took 0.052 seconds
[2026-05-29T10:08:49.497+0200] {processor.py:157} INFO - Started process (PID=692063) to work on /home/frederic/airflow_venv/lib/python3.10/site-packages/airflow/example_dags/tutorial_dag.py
[2026-05-29T10:08:49.500+0200] {processor.py:829} INFO - Processing file /home/frederic/airflow_venv/lib/python3.10/site-packages/airflow/example_dags/tutorial_dag.py for tasks to queue
[2026-05-29T10:08:49.501+0200] {logging_mixin.py:151} INFO - [2026-05-29T10:08:49.501+0200] {dagbag.py:539} INFO - Filling up the DagBag from /home/frederic/airflow_venv/lib/python3.10/site-packages/airflow/example_dags/tutorial_dag.py
[2026-05-29T10:08:49.507+0200] {processor.py:839} INFO - DAG(s) dict_keys(['tutorial_dag']) retrieved from /home/frederic/airflow_venv/lib/python3.10/site-packages/airflow/example_dags/tutorial_dag.py
[2026-05-29T10:08:49.524+0200] {logging_mixin.py:151} INFO - [2026-05-29T10:08:49.524+0200] {dag.py:2915} INFO - Sync 1 DAGs
[2026-05-29T10:08:49.538+0200] {logging_mixin.py:151} INFO - [2026-05-29T10:08:49.538+0200] {dag.py:3696} INFO - Setting next_dagrun for tutorial_dag to None, run_after=None
[2026-05-29T10:08:49.559+0200] {processor.py:179} INFO - Processing /home/frederic/airflow_venv/lib/python3.10/site-packages/airflow/example_dags/tutorial_dag.py took 0.065 seconds
[2026-05-29T10:09:35.051+0200] {processor.py:157} INFO - Started process (PID=692532) to work on /home/frederic/airflow_venv/lib/python3.10/site-packages/airflow/example_dags/tutorial_dag.py
[2026-05-29T10:09:35.054+0200] {processor.py:829} INFO - Processing file /home/frederic/airflow_venv/lib/python3.10/site-packages/airflow/example_dags/tutorial_dag.py for tasks to queue
[2026-05-29T10:09:35.055+0200] {logging_mixin.py:151} INFO - [2026-05-29T10:09:35.055+0200] {dagbag.py:539} INFO - Filling up the DagBag from /home/frederic/airflow_venv/lib/python3.10/site-packages/airflow/example_dags/tutorial_dag.py
[2026-05-29T10:09:35.060+0200] {processor.py:839} INFO - DAG(s) dict_keys(['tutorial_dag']) retrieved from /home/frederic/airflow_venv/lib/python3.10/site-packages/airflow/example_dags/tutorial_dag.py
[2026-05-29T10:09:35.074+0200] {logging_mixin.py:151} INFO - [2026-05-29T10:09:35.074+0200] {dag.py:2915} INFO - Sync 1 DAGs
[2026-05-29T10:09:35.084+0200] {logging_mixin.py:151} INFO - [2026-05-29T10:09:35.084+0200] {dag.py:3696} INFO - Setting next_dagrun for tutorial_dag to None, run_after=None
[2026-05-29T10:09:35.104+0200] {processor.py:179} INFO - Processing /home/frederic/airflow_venv/lib/python3.10/site-packages/airflow/example_dags/tutorial_dag.py took 0.055 seconds
[2026-05-29T10:10:08.339+0200] {processor.py:157} INFO - Started process (PID=692944) to work on /home/frederic/airflow_venv/lib/python3.10/site-packages/airflow/example_dags/tutorial_dag.py
[2026-05-29T10:10:08.342+0200] {processor.py:829} INFO - Processing file /home/frederic/airflow_venv/lib/python3.10/site-packages/airflow/example_dags/tutorial_dag.py for tasks to queue
[2026-05-29T10:10:08.343+0200] {logging_mixin.py:151} INFO - [2026-05-29T10:10:08.343+0200] {dagbag.py:539} INFO - Filling up the DagBag from /home/frederic/airflow_venv/lib/python3.10/site-packages/airflow/example_dags/tutorial_dag.py
[2026-05-29T10:10:08.347+0200] {processor.py:839} INFO - DAG(s) dict_keys(['tutorial_dag']) retrieved from /home/frederic/airflow_venv/lib/python3.10/site-packages/airflow/example_dags/tutorial_dag.py
[2026-05-29T10:10:08.362+0200] {logging_mixin.py:151} INFO - [2026-05-29T10:10:08.361+0200] {dag.py:2915} INFO - Sync 1 DAGs
[2026-05-29T10:10:08.373+0200] {logging_mixin.py:151} INFO - [2026-05-29T10:10:08.373+0200] {dag.py:3696} INFO - Setting next_dagrun for tutorial_dag to None, run_after=None
[2026-05-29T10:10:08.394+0200] {processor.py:179} INFO - Processing /home/frederic/airflow_venv/lib/python3.10/site-packages/airflow/example_dags/tutorial_dag.py took 0.058 seconds
[2026-05-29T10:10:56.571+0200] {processor.py:157} INFO - Started process (PID=693998) to work on /home/frederic/airflow_venv/lib/python3.10/site-packages/airflow/example_dags/tutorial_dag.py
[2026-05-29T10:10:56.572+0200] {processor.py:829} INFO - Processing file /home/frederic/airflow_venv/lib/python3.10/site-packages/airflow/example_dags/tutorial_dag.py for tasks to queue
[2026-05-29T10:10:56.573+0200] {logging_mixin.py:151} INFO - [2026-05-29T10:10:56.572+0200] {dagbag.py:539} INFO - Filling up the DagBag from /home/frederic/airflow_venv/lib/python3.10/site-packages/airflow/example_dags/tutorial_dag.py
[2026-05-29T10:10:56.579+0200] {processor.py:839} INFO - DAG(s) dict_keys(['tutorial_dag']) retrieved from /home/frederic/airflow_venv/lib/python3.10/site-packages/airflow/example_dags/tutorial_dag.py
[2026-05-29T10:10:56.594+0200] {logging_mixin.py:151} INFO - [2026-05-29T10:10:56.594+0200] {dag.py:2915} INFO - Sync 1 DAGs
[2026-05-29T10:10:56.606+0200] {logging_mixin.py:151} INFO - [2026-05-29T10:10:56.605+0200] {dag.py:3696} INFO - Setting next_dagrun for tutorial_dag to None, run_after=None
[2026-05-29T10:10:56.622+0200] {processor.py:179} INFO - Processing /home/frederic/airflow_venv/lib/python3.10/site-packages/airflow/example_dags/tutorial_dag.py took 0.054 seconds
[2026-05-29T10:11:44.970+0200] {processor.py:157} INFO - Started process (PID=694920) to work on /home/frederic/airflow_venv/lib/python3.10/site-packages/airflow/example_dags/tutorial_dag.py
[2026-05-29T10:11:44.971+0200] {processor.py:829} INFO - Processing file /home/frederic/airflow_venv/lib/python3.10/site-packages/airflow/example_dags/tutorial_dag.py for tasks to queue
[2026-05-29T10:11:44.972+0200] {logging_mixin.py:151} INFO - [2026-05-29T10:11:44.972+0200] {dagbag.py:539} INFO - Filling up the DagBag from /home/frederic/airflow_venv/lib/python3.10/site-packages/airflow/example_dags/tutorial_dag.py
[2026-05-29T10:11:44.976+0200] {processor.py:839} INFO - DAG(s) dict_keys(['tutorial_dag']) retrieved from /home/frederic/airflow_venv/lib/python3.10/site-packages/airflow/example_dags/tutorial_dag.py
[2026-05-29T10:11:44.988+0200] {logging_mixin.py:151} INFO - [2026-05-29T10:11:44.988+0200] {dag.py:2915} INFO - Sync 1 DAGs
[2026-05-29T10:11:44.996+0200] {logging_mixin.py:151} INFO - [2026-05-29T10:11:44.996+0200] {dag.py:3696} INFO - Setting next_dagrun for tutorial_dag to None, run_after=None
[2026-05-29T10:11:45.011+0200] {processor.py:179} INFO - Processing /home/frederic/airflow_venv/lib/python3.10/site-packages/airflow/example_dags/tutorial_dag.py took 0.043 seconds
[2026-05-29T10:12:27.767+0200] {processor.py:157} INFO - Started process (PID=695511) to work on /home/frederic/airflow_venv/lib/python3.10/site-packages/airflow/example_dags/tutorial_dag.py
[2026-05-29T10:12:27.768+0200] {processor.py:829} INFO - Processing file /home/frederic/airflow_venv/lib/python3.10/site-packages/airflow/example_dags/tutorial_dag.py for tasks to queue
[2026-05-29T10:12:27.768+0200] {logging_mixin.py:151} INFO - [2026-05-29T10:12:27.768+0200] {dagbag.py:539} INFO - Filling up the DagBag from /home/frederic/airflow_venv/lib/python3.10/site-packages/airflow/example_dags/tutorial_dag.py
[2026-05-29T10:12:27.772+0200] {processor.py:839} INFO - DAG(s) dict_keys(['tutorial_dag']) retrieved from /home/frederic/airflow_venv/lib/python3.10/site-packages/airflow/example_dags/tutorial_dag.py
[2026-05-29T10:12:27.784+0200] {logging_mixin.py:151} INFO - [2026-05-29T10:12:27.784+0200] {dag.py:2915} INFO - Sync 1 DAGs
[2026-05-29T10:12:27.793+0200] {logging_mixin.py:151} INFO - [2026-05-29T10:12:27.793+0200] {dag.py:3696} INFO - Setting next_dagrun for tutorial_dag to None, run_after=None
[2026-05-29T10:12:27.807+0200] {processor.py:179} INFO - Processing /home/frederic/airflow_venv/lib/python3.10/site-packages/airflow/example_dags/tutorial_dag.py took 0.043 seconds
[2026-05-29T10:13:05.890+0200] {processor.py:157} INFO - Started process (PID=695927) to work on /home/frederic/airflow_venv/lib/python3.10/site-packages/airflow/example_dags/tutorial_dag.py
[2026-05-29T10:13:05.891+0200] {processor.py:829} INFO - Processing file /home/frederic/airflow_venv/lib/python3.10/site-packages/airflow/example_dags/tutorial_dag.py for tasks to queue
[2026-05-29T10:13:05.891+0200] {logging_mixin.py:151} INFO - [2026-05-29T10:13:05.891+0200] {dagbag.py:539} INFO - Filling up the DagBag from /home/frederic/airflow_venv/lib/python3.10/site-packages/airflow/example_dags/tutorial_dag.py
[2026-05-29T10:13:05.895+0200] {processor.py:839} INFO - DAG(s) dict_keys(['tutorial_dag']) retrieved from /home/frederic/airflow_venv/lib/python3.10/site-packages/airflow/example_dags/tutorial_dag.py
[2026-05-29T10:13:05.906+0200] {logging_mixin.py:151} INFO - [2026-05-29T10:13:05.906+0200] {dag.py:2915} INFO - Sync 1 DAGs
[2026-05-29T10:13:05.914+0200] {logging_mixin.py:151} INFO - [2026-05-29T10:13:05.914+0200] {dag.py:3696} INFO - Setting next_dagrun for tutorial_dag to None, run_after=None
[2026-05-29T10:13:05.929+0200] {processor.py:179} INFO - Processing /home/frederic/airflow_venv/lib/python3.10/site-packages/airflow/example_dags/tutorial_dag.py took 0.041 seconds
[2026-05-29T10:13:53.853+0200] {processor.py:157} INFO - Started process (PID=696466) to work on /home/frederic/airflow_venv/lib/python3.10/site-packages/airflow/example_dags/tutorial_dag.py
[2026-05-29T10:13:53.854+0200] {processor.py:829} INFO - Processing file /home/frederic/airflow_venv/lib/python3.10/site-packages/airflow/example_dags/tutorial_dag.py for tasks to queue
[2026-05-29T10:13:53.855+0200] {logging_mixin.py:151} INFO - [2026-05-29T10:13:53.854+0200] {dagbag.py:539} INFO - Filling up the DagBag from /home/frederic/airflow_venv/lib/python3.10/site-packages/airflow/example_dags/tutorial_dag.py
[2026-05-29T10:13:53.858+0200] {processor.py:839} INFO - DAG(s) dict_keys(['tutorial_dag']) retrieved from /home/frederic/airflow_venv/lib/python3.10/site-packages/airflow/example_dags/tutorial_dag.py
[2026-05-29T10:13:53.870+0200] {logging_mixin.py:151} INFO - [2026-05-29T10:13:53.870+0200] {dag.py:2915} INFO - Sync 1 DAGs
[2026-05-29T10:13:53.879+0200] {logging_mixin.py:151} INFO - [2026-05-29T10:13:53.879+0200] {dag.py:3696} INFO - Setting next_dagrun for tutorial_dag to None, run_after=None
[2026-05-29T10:13:53.893+0200] {processor.py:179} INFO - Processing /home/frederic/airflow_venv/lib/python3.10/site-packages/airflow/example_dags/tutorial_dag.py took 0.042 seconds
[2026-05-29T10:14:29.529+0200] {processor.py:157} INFO - Started process (PID=696877) to work on /home/frederic/airflow_venv/lib/python3.10/site-packages/airflow/example_dags/tutorial_dag.py
[2026-05-29T10:14:29.530+0200] {processor.py:829} INFO - Processing file /home/frederic/airflow_venv/lib/python3.10/site-packages/airflow/example_dags/tutorial_dag.py for tasks to queue
[2026-05-29T10:14:29.531+0200] {logging_mixin.py:151} INFO - [2026-05-29T10:14:29.531+0200] {dagbag.py:539} INFO - Filling up the DagBag from /home/frederic/airflow_venv/lib/python3.10/site-packages/airflow/example_dags/tutorial_dag.py
[2026-05-29T10:14:29.535+0200] {processor.py:839} INFO - DAG(s) dict_keys(['tutorial_dag']) retrieved from /home/frederic/airflow_venv/lib/python3.10/site-packages/airflow/example_dags/tutorial_dag.py
[2026-05-29T10:14:29.547+0200] {logging_mixin.py:151} INFO - [2026-05-29T10:14:29.546+0200] {dag.py:2915} INFO - Sync 1 DAGs
[2026-05-29T10:14:29.555+0200] {logging_mixin.py:151} INFO - [2026-05-29T10:14:29.555+0200] {dag.py:3696} INFO - Setting next_dagrun for tutorial_dag to None, run_after=None
[2026-05-29T10:14:29.569+0200] {processor.py:179} INFO - Processing /home/frederic/airflow_venv/lib/python3.10/site-packages/airflow/example_dags/tutorial_dag.py took 0.042 seconds
[2026-05-29T10:15:15.945+0200] {processor.py:157} INFO - Started process (PID=697477) to work on /home/frederic/airflow_venv/lib/python3.10/site-packages/airflow/example_dags/tutorial_dag.py
[2026-05-29T10:15:15.946+0200] {processor.py:829} INFO - Processing file /home/frederic/airflow_venv/lib/python3.10/site-packages/airflow/example_dags/tutorial_dag.py for tasks to queue
[2026-05-29T10:15:15.947+0200] {logging_mixin.py:151} INFO - [2026-05-29T10:15:15.946+0200] {dagbag.py:539} INFO - Filling up the DagBag from /home/frederic/airflow_venv/lib/python3.10/site-packages/airflow/example_dags/tutorial_dag.py
[2026-05-29T10:15:15.952+0200] {processor.py:839} INFO - DAG(s) dict_keys(['tutorial_dag']) retrieved from /home/frederic/airflow_venv/lib/python3.10/site-packages/airflow/example_dags/tutorial_dag.py
[2026-05-29T10:15:15.965+0200] {logging_mixin.py:151} INFO - [2026-05-29T10:15:15.965+0200] {dag.py:2915} INFO - Sync 1 DAGs
[2026-05-29T10:15:15.974+0200] {logging_mixin.py:151} INFO - [2026-05-29T10:15:15.974+0200] {dag.py:3696} INFO - Setting next_dagrun for tutorial_dag to None, run_after=None
[2026-05-29T10:15:15.988+0200] {processor.py:179} INFO - Processing /home/frederic/airflow_venv/lib/python3.10/site-packages/airflow/example_dags/tutorial_dag.py took 0.045 seconds
[2026-05-29T10:15:50.581+0200] {processor.py:157} INFO - Started process (PID=698145) to work on /home/frederic/airflow_venv/lib/python3.10/site-packages/airflow/example_dags/tutorial_dag.py
[2026-05-29T10:15:50.582+0200] {processor.py:829} INFO - Processing file /home/frederic/airflow_venv/lib/python3.10/site-packages/airflow/example_dags/tutorial_dag.py for tasks to queue
[2026-05-29T10:15:50.583+0200] {logging_mixin.py:151} INFO - [2026-05-29T10:15:50.582+0200] {dagbag.py:539} INFO - Filling up the DagBag from /home/frederic/airflow_venv/lib/python3.10/site-packages/airflow/example_dags/tutorial_dag.py
[2026-05-29T10:15:50.587+0200] {processor.py:839} INFO - DAG(s) dict_keys(['tutorial_dag']) retrieved from /home/frederic/airflow_venv/lib/python3.10/site-packages/airflow/example_dags/tutorial_dag.py
[2026-05-29T10:15:50.601+0200] {logging_mixin.py:151} INFO - [2026-05-29T10:15:50.600+0200] {dag.py:2915} INFO - Sync 1 DAGs
[2026-05-29T10:15:50.611+0200] {logging_mixin.py:151} INFO - [2026-05-29T10:15:50.611+0200] {dag.py:3696} INFO - Setting next_dagrun for tutorial_dag to None, run_after=None
[2026-05-29T10:15:50.631+0200] {processor.py:179} INFO - Processing /home/frederic/airflow_venv/lib/python3.10/site-packages/airflow/example_dags/tutorial_dag.py took 0.053 seconds
[2026-05-29T10:16:37.040+0200] {processor.py:157} INFO - Started process (PID=698832) to work on /home/frederic/airflow_venv/lib/python3.10/site-packages/airflow/example_dags/tutorial_dag.py
[2026-05-29T10:16:37.041+0200] {processor.py:829} INFO - Processing file /home/frederic/airflow_venv/lib/python3.10/site-packages/airflow/example_dags/tutorial_dag.py for tasks to queue
[2026-05-29T10:16:37.043+0200] {logging_mixin.py:151} INFO - [2026-05-29T10:16:37.042+0200] {dagbag.py:539} INFO - Filling up the DagBag from /home/frederic/airflow_venv/lib/python3.10/site-packages/airflow/example_dags/tutorial_dag.py
[2026-05-29T10:16:37.050+0200] {processor.py:839} INFO - DAG(s) dict_keys(['tutorial_dag']) retrieved from /home/frederic/airflow_venv/lib/python3.10/site-packages/airflow/example_dags/tutorial_dag.py
[2026-05-29T10:16:37.074+0200] {logging_mixin.py:151} INFO - [2026-05-29T10:16:37.074+0200] {dag.py:2915} INFO - Sync 1 DAGs
[2026-05-29T10:16:37.091+0200] {logging_mixin.py:151} INFO - [2026-05-29T10:16:37.090+0200] {dag.py:3696} INFO - Setting next_dagrun for tutorial_dag to None, run_after=None
[2026-05-29T10:16:37.115+0200] {processor.py:179} INFO - Processing /home/frederic/airflow_venv/lib/python3.10/site-packages/airflow/example_dags/tutorial_dag.py took 0.080 seconds
[2026-05-29T10:17:20.739+0200] {processor.py:157} INFO - Started process (PID=699822) to work on /home/frederic/airflow_venv/lib/python3.10/site-packages/airflow/example_dags/tutorial_dag.py
[2026-05-29T10:17:20.741+0200] {processor.py:829} INFO - Processing file /home/frederic/airflow_venv/lib/python3.10/site-packages/airflow/example_dags/tutorial_dag.py for tasks to queue
[2026-05-29T10:17:20.742+0200] {logging_mixin.py:151} INFO - [2026-05-29T10:17:20.741+0200] {dagbag.py:539} INFO - Filling up the DagBag from /home/frederic/airflow_venv/lib/python3.10/site-packages/airflow/example_dags/tutorial_dag.py
[2026-05-29T10:17:20.748+0200] {processor.py:839} INFO - DAG(s) dict_keys(['tutorial_dag']) retrieved from /home/frederic/airflow_venv/lib/python3.10/site-packages/airflow/example_dags/tutorial_dag.py
[2026-05-29T10:17:20.768+0200] {logging_mixin.py:151} INFO - [2026-05-29T10:17:20.768+0200] {dag.py:2915} INFO - Sync 1 DAGs
[2026-05-29T10:17:20.780+0200] {logging_mixin.py:151} INFO - [2026-05-29T10:17:20.780+0200] {dag.py:3696} INFO - Setting next_dagrun for tutorial_dag to None, run_after=None
[2026-05-29T10:17:20.802+0200] {processor.py:179} INFO - Processing /home/frederic/airflow_venv/lib/python3.10/site-packages/airflow/example_dags/tutorial_dag.py took 0.066 seconds
[2026-05-29T10:18:09.699+0200] {processor.py:157} INFO - Started process (PID=700709) to work on /home/frederic/airflow_venv/lib/python3.10/site-packages/airflow/example_dags/tutorial_dag.py
[2026-05-29T10:18:09.700+0200] {processor.py:829} INFO - Processing file /home/frederic/airflow_venv/lib/python3.10/site-packages/airflow/example_dags/tutorial_dag.py for tasks to queue
[2026-05-29T10:18:09.701+0200] {logging_mixin.py:151} INFO - [2026-05-29T10:18:09.700+0200] {dagbag.py:539} INFO - Filling up the DagBag from /home/frederic/airflow_venv/lib/python3.10/site-packages/airflow/example_dags/tutorial_dag.py
[2026-05-29T10:18:09.707+0200] {processor.py:839} INFO - DAG(s) dict_keys(['tutorial_dag']) retrieved from /home/frederic/airflow_venv/lib/python3.10/site-packages/airflow/example_dags/tutorial_dag.py
[2026-05-29T10:18:09.720+0200] {logging_mixin.py:151} INFO - [2026-05-29T10:18:09.719+0200] {dag.py:2915} INFO - Sync 1 DAGs
[2026-05-29T10:18:09.730+0200] {logging_mixin.py:151} INFO - [2026-05-29T10:18:09.730+0200] {dag.py:3696} INFO - Setting next_dagrun for tutorial_dag to None, run_after=None
[2026-05-29T10:18:09.745+0200] {processor.py:179} INFO - Processing /home/frederic/airflow_venv/lib/python3.10/site-packages/airflow/example_dags/tutorial_dag.py took 0.049 seconds
[2026-05-29T10:18:54.652+0200] {processor.py:157} INFO - Started process (PID=701123) to work on /home/frederic/airflow_venv/lib/python3.10/site-packages/airflow/example_dags/tutorial_dag.py
[2026-05-29T10:18:54.653+0200] {processor.py:829} INFO - Processing file /home/frederic/airflow_venv/lib/python3.10/site-packages/airflow/example_dags/tutorial_dag.py for tasks to queue
[2026-05-29T10:18:54.654+0200] {logging_mixin.py:151} INFO - [2026-05-29T10:18:54.654+0200] {dagbag.py:539} INFO - Filling up the DagBag from /home/frederic/airflow_venv/lib/python3.10/site-packages/airflow/example_dags/tutorial_dag.py
[2026-05-29T10:18:54.659+0200] {processor.py:839} INFO - DAG(s) dict_keys(['tutorial_dag']) retrieved from /home/frederic/airflow_venv/lib/python3.10/site-packages/airflow/example_dags/tutorial_dag.py
[2026-05-29T10:18:54.673+0200] {logging_mixin.py:151} INFO - [2026-05-29T10:18:54.673+0200] {dag.py:2915} INFO - Sync 1 DAGs
[2026-05-29T10:18:54.684+0200] {logging_mixin.py:151} INFO - [2026-05-29T10:18:54.684+0200] {dag.py:3696} INFO - Setting next_dagrun for tutorial_dag to None, run_after=None
[2026-05-29T10:18:54.698+0200] {processor.py:179} INFO - Processing /home/frederic/airflow_venv/lib/python3.10/site-packages/airflow/example_dags/tutorial_dag.py took 0.049 seconds
[2026-05-29T10:19:41.529+0200] {processor.py:157} INFO - Started process (PID=701571) to work on /home/frederic/airflow_venv/lib/python3.10/site-packages/airflow/example_dags/tutorial_dag.py
[2026-05-29T10:19:41.530+0200] {processor.py:829} INFO - Processing file /home/frederic/airflow_venv/lib/python3.10/site-packages/airflow/example_dags/tutorial_dag.py for tasks to queue
[2026-05-29T10:19:41.531+0200] {logging_mixin.py:151} INFO - [2026-05-29T10:19:41.531+0200] {dagbag.py:539} INFO - Filling up the DagBag from /home/frederic/airflow_venv/lib/python3.10/site-packages/airflow/example_dags/tutorial_dag.py
[2026-05-29T10:19:41.535+0200] {processor.py:839} INFO - DAG(s) dict_keys(['tutorial_dag']) retrieved from /home/frederic/airflow_venv/lib/python3.10/site-packages/airflow/example_dags/tutorial_dag.py
[2026-05-29T10:19:41.548+0200] {logging_mixin.py:151} INFO - [2026-05-29T10:19:41.548+0200] {dag.py:2915} INFO - Sync 1 DAGs
[2026-05-29T10:19:41.559+0200] {logging_mixin.py:151} INFO - [2026-05-29T10:19:41.559+0200] {dag.py:3696} INFO - Setting next_dagrun for tutorial_dag to None, run_after=None
[2026-05-29T10:19:41.574+0200] {processor.py:179} INFO - Processing /home/frederic/airflow_venv/lib/python3.10/site-packages/airflow/example_dags/tutorial_dag.py took 0.047 seconds
[2026-05-29T10:20:14.430+0200] {processor.py:157} INFO - Started process (PID=702096) to work on /home/frederic/airflow_venv/lib/python3.10/site-packages/airflow/example_dags/tutorial_dag.py
[2026-05-29T10:20:14.431+0200] {processor.py:829} INFO - Processing file /home/frederic/airflow_venv/lib/python3.10/site-packages/airflow/example_dags/tutorial_dag.py for tasks to queue
[2026-05-29T10:20:14.432+0200] {logging_mixin.py:151} INFO - [2026-05-29T10:20:14.431+0200] {dagbag.py:539} INFO - Filling up the DagBag from /home/frederic/airflow_venv/lib/python3.10/site-packages/airflow/example_dags/tutorial_dag.py
[2026-05-29T10:20:14.436+0200] {processor.py:839} INFO - DAG(s) dict_keys(['tutorial_dag']) retrieved from /home/frederic/airflow_venv/lib/python3.10/site-packages/airflow/example_dags/tutorial_dag.py
[2026-05-29T10:20:14.450+0200] {logging_mixin.py:151} INFO - [2026-05-29T10:20:14.450+0200] {dag.py:2915} INFO - Sync 1 DAGs
[2026-05-29T10:20:14.460+0200] {logging_mixin.py:151} INFO - [2026-05-29T10:20:14.460+0200] {dag.py:3696} INFO - Setting next_dagrun for tutorial_dag to None, run_after=None
[2026-05-29T10:20:14.475+0200] {processor.py:179} INFO - Processing /home/frederic/airflow_venv/lib/python3.10/site-packages/airflow/example_dags/tutorial_dag.py took 0.048 seconds
[2026-05-29T10:20:48.917+0200] {processor.py:157} INFO - Started process (PID=702415) to work on /home/frederic/airflow_venv/lib/python3.10/site-packages/airflow/example_dags/tutorial_dag.py
[2026-05-29T10:20:48.918+0200] {processor.py:829} INFO - Processing file /home/frederic/airflow_venv/lib/python3.10/site-packages/airflow/example_dags/tutorial_dag.py for tasks to queue
[2026-05-29T10:20:48.919+0200] {logging_mixin.py:151} INFO - [2026-05-29T10:20:48.918+0200] {dagbag.py:539} INFO - Filling up the DagBag from /home/frederic/airflow_venv/lib/python3.10/site-packages/airflow/example_dags/tutorial_dag.py
[2026-05-29T10:20:48.923+0200] {processor.py:839} INFO - DAG(s) dict_keys(['tutorial_dag']) retrieved from /home/frederic/airflow_venv/lib/python3.10/site-packages/airflow/example_dags/tutorial_dag.py
[2026-05-29T10:20:48.938+0200] {logging_mixin.py:151} INFO - [2026-05-29T10:20:48.938+0200] {dag.py:2915} INFO - Sync 1 DAGs
[2026-05-29T10:20:48.950+0200] {logging_mixin.py:151} INFO - [2026-05-29T10:20:48.949+0200] {dag.py:3696} INFO - Setting next_dagrun for tutorial_dag to None, run_after=None
[2026-05-29T10:20:48.965+0200] {processor.py:179} INFO - Processing /home/frederic/airflow_venv/lib/python3.10/site-packages/airflow/example_dags/tutorial_dag.py took 0.051 seconds
[2026-05-29T10:21:22.496+0200] {processor.py:157} INFO - Started process (PID=702770) to work on /home/frederic/airflow_venv/lib/python3.10/site-packages/airflow/example_dags/tutorial_dag.py
[2026-05-29T10:21:22.501+0200] {processor.py:829} INFO - Processing file /home/frederic/airflow_venv/lib/python3.10/site-packages/airflow/example_dags/tutorial_dag.py for tasks to queue
[2026-05-29T10:21:22.501+0200] {logging_mixin.py:151} INFO - [2026-05-29T10:21:22.501+0200] {dagbag.py:539} INFO - Filling up the DagBag from /home/frederic/airflow_venv/lib/python3.10/site-packages/airflow/example_dags/tutorial_dag.py
[2026-05-29T10:21:22.506+0200] {processor.py:839} INFO - DAG(s) dict_keys(['tutorial_dag']) retrieved from /home/frederic/airflow_venv/lib/python3.10/site-packages/airflow/example_dags/tutorial_dag.py
[2026-05-29T10:21:22.520+0200] {logging_mixin.py:151} INFO - [2026-05-29T10:21:22.520+0200] {dag.py:2915} INFO - Sync 1 DAGs
[2026-05-29T10:21:22.532+0200] {logging_mixin.py:151} INFO - [2026-05-29T10:21:22.532+0200] {dag.py:3696} INFO - Setting next_dagrun for tutorial_dag to None, run_after=None
[2026-05-29T10:21:22.549+0200] {processor.py:179} INFO - Processing /home/frederic/airflow_venv/lib/python3.10/site-packages/airflow/example_dags/tutorial_dag.py took 0.055 seconds
[2026-05-29T10:22:07.831+0200] {processor.py:157} INFO - Started process (PID=703218) to work on /home/frederic/airflow_venv/lib/python3.10/site-packages/airflow/example_dags/tutorial_dag.py
[2026-05-29T10:22:07.832+0200] {processor.py:829} INFO - Processing file /home/frederic/airflow_venv/lib/python3.10/site-packages/airflow/example_dags/tutorial_dag.py for tasks to queue
[2026-05-29T10:22:07.832+0200] {logging_mixin.py:151} INFO - [2026-05-29T10:22:07.832+0200] {dagbag.py:539} INFO - Filling up the DagBag from /home/frederic/airflow_venv/lib/python3.10/site-packages/airflow/example_dags/tutorial_dag.py
[2026-05-29T10:22:07.837+0200] {processor.py:839} INFO - DAG(s) dict_keys(['tutorial_dag']) retrieved from /home/frederic/airflow_venv/lib/python3.10/site-packages/airflow/example_dags/tutorial_dag.py
[2026-05-29T10:22:07.850+0200] {logging_mixin.py:151} INFO - [2026-05-29T10:22:07.849+0200] {dag.py:2915} INFO - Sync 1 DAGs
[2026-05-29T10:22:07.859+0200] {logging_mixin.py:151} INFO - [2026-05-29T10:22:07.859+0200] {dag.py:3696} INFO - Setting next_dagrun for tutorial_dag to None, run_after=None
[2026-05-29T10:22:07.873+0200] {processor.py:179} INFO - Processing /home/frederic/airflow_venv/lib/python3.10/site-packages/airflow/example_dags/tutorial_dag.py took 0.045 seconds
[2026-05-29T10:22:42.255+0200] {processor.py:157} INFO - Started process (PID=703515) to work on /home/frederic/airflow_venv/lib/python3.10/site-packages/airflow/example_dags/tutorial_dag.py
[2026-05-29T10:22:42.256+0200] {processor.py:829} INFO - Processing file /home/frederic/airflow_venv/lib/python3.10/site-packages/airflow/example_dags/tutorial_dag.py for tasks to queue
[2026-05-29T10:22:42.257+0200] {logging_mixin.py:151} INFO - [2026-05-29T10:22:42.256+0200] {dagbag.py:539} INFO - Filling up the DagBag from /home/frederic/airflow_venv/lib/python3.10/site-packages/airflow/example_dags/tutorial_dag.py
[2026-05-29T10:22:42.261+0200] {processor.py:839} INFO - DAG(s) dict_keys(['tutorial_dag']) retrieved from /home/frederic/airflow_venv/lib/python3.10/site-packages/airflow/example_dags/tutorial_dag.py
[2026-05-29T10:22:42.273+0200] {logging_mixin.py:151} INFO - [2026-05-29T10:22:42.273+0200] {dag.py:2915} INFO - Sync 1 DAGs
[2026-05-29T10:22:42.284+0200] {logging_mixin.py:151} INFO - [2026-05-29T10:22:42.284+0200] {dag.py:3696} INFO - Setting next_dagrun for tutorial_dag to None, run_after=None
[2026-05-29T10:22:42.298+0200] {processor.py:179} INFO - Processing /home/frederic/airflow_venv/lib/python3.10/site-packages/airflow/example_dags/tutorial_dag.py took 0.046 seconds
[2026-05-29T10:23:29.954+0200] {processor.py:157} INFO - Started process (PID=704122) to work on /home/frederic/airflow_venv/lib/python3.10/site-packages/airflow/example_dags/tutorial_dag.py
[2026-05-29T10:23:29.955+0200] {processor.py:829} INFO - Processing file /home/frederic/airflow_venv/lib/python3.10/site-packages/airflow/example_dags/tutorial_dag.py for tasks to queue
[2026-05-29T10:23:29.956+0200] {logging_mixin.py:151} INFO - [2026-05-29T10:23:29.956+0200] {dagbag.py:539} INFO - Filling up the DagBag from /home/frederic/airflow_venv/lib/python3.10/site-packages/airflow/example_dags/tutorial_dag.py
[2026-05-29T10:23:29.960+0200] {processor.py:839} INFO - DAG(s) dict_keys(['tutorial_dag']) retrieved from /home/frederic/airflow_venv/lib/python3.10/site-packages/airflow/example_dags/tutorial_dag.py
[2026-05-29T10:23:29.973+0200] {logging_mixin.py:151} INFO - [2026-05-29T10:23:29.973+0200] {dag.py:2915} INFO - Sync 1 DAGs
[2026-05-29T10:23:29.983+0200] {logging_mixin.py:151} INFO - [2026-05-29T10:23:29.982+0200] {dag.py:3696} INFO - Setting next_dagrun for tutorial_dag to None, run_after=None
[2026-05-29T10:23:29.997+0200] {processor.py:179} INFO - Processing /home/frederic/airflow_venv/lib/python3.10/site-packages/airflow/example_dags/tutorial_dag.py took 0.045 seconds
[2026-05-29T10:24:19.985+0200] {processor.py:157} INFO - Started process (PID=704645) to work on /home/frederic/airflow_venv/lib/python3.10/site-packages/airflow/example_dags/tutorial_dag.py
[2026-05-29T10:24:19.987+0200] {processor.py:829} INFO - Processing file /home/frederic/airflow_venv/lib/python3.10/site-packages/airflow/example_dags/tutorial_dag.py for tasks to queue
[2026-05-29T10:24:19.987+0200] {logging_mixin.py:151} INFO - [2026-05-29T10:24:19.987+0200] {dagbag.py:539} INFO - Filling up the DagBag from /home/frederic/airflow_venv/lib/python3.10/site-packages/airflow/example_dags/tutorial_dag.py
[2026-05-29T10:24:19.991+0200] {processor.py:839} INFO - DAG(s) dict_keys(['tutorial_dag']) retrieved from /home/frederic/airflow_venv/lib/python3.10/site-packages/airflow/example_dags/tutorial_dag.py
[2026-05-29T10:24:20.002+0200] {logging_mixin.py:151} INFO - [2026-05-29T10:24:20.002+0200] {dag.py:2915} INFO - Sync 1 DAGs
[2026-05-29T10:24:20.011+0200] {logging_mixin.py:151} INFO - [2026-05-29T10:24:20.011+0200] {dag.py:3696} INFO - Setting next_dagrun for tutorial_dag to None, run_after=None
[2026-05-29T10:24:20.026+0200] {processor.py:179} INFO - Processing /home/frederic/airflow_venv/lib/python3.10/site-packages/airflow/example_dags/tutorial_dag.py took 0.043 seconds
[2026-05-29T10:24:57.127+0200] {processor.py:157} INFO - Started process (PID=704955) to work on /home/frederic/airflow_venv/lib/python3.10/site-packages/airflow/example_dags/tutorial_dag.py
[2026-05-29T10:24:57.128+0200] {processor.py:829} INFO - Processing file /home/frederic/airflow_venv/lib/python3.10/site-packages/airflow/example_dags/tutorial_dag.py for tasks to queue
[2026-05-29T10:24:57.128+0200] {logging_mixin.py:151} INFO - [2026-05-29T10:24:57.128+0200] {dagbag.py:539} INFO - Filling up the DagBag from /home/frederic/airflow_venv/lib/python3.10/site-packages/airflow/example_dags/tutorial_dag.py
[2026-05-29T10:24:57.132+0200] {processor.py:839} INFO - DAG(s) dict_keys(['tutorial_dag']) retrieved from /home/frederic/airflow_venv/lib/python3.10/site-packages/airflow/example_dags/tutorial_dag.py
[2026-05-29T10:24:57.144+0200] {logging_mixin.py:151} INFO - [2026-05-29T10:24:57.144+0200] {dag.py:2915} INFO - Sync 1 DAGs
[2026-05-29T10:24:57.153+0200] {logging_mixin.py:151} INFO - [2026-05-29T10:24:57.153+0200] {dag.py:3696} INFO - Setting next_dagrun for tutorial_dag to None, run_after=None
[2026-05-29T10:24:57.172+0200] {processor.py:179} INFO - Processing /home/frederic/airflow_venv/lib/python3.10/site-packages/airflow/example_dags/tutorial_dag.py took 0.047 seconds
[2026-05-29T10:25:32.388+0200] {processor.py:157} INFO - Started process (PID=705332) to work on /home/frederic/airflow_venv/lib/python3.10/site-packages/airflow/example_dags/tutorial_dag.py
[2026-05-29T10:25:32.389+0200] {processor.py:829} INFO - Processing file /home/frederic/airflow_venv/lib/python3.10/site-packages/airflow/example_dags/tutorial_dag.py for tasks to queue
[2026-05-29T10:25:32.390+0200] {logging_mixin.py:151} INFO - [2026-05-29T10:25:32.390+0200] {dagbag.py:539} INFO - Filling up the DagBag from /home/frederic/airflow_venv/lib/python3.10/site-packages/airflow/example_dags/tutorial_dag.py
[2026-05-29T10:25:32.395+0200] {processor.py:839} INFO - DAG(s) dict_keys(['tutorial_dag']) retrieved from /home/frederic/airflow_venv/lib/python3.10/site-packages/airflow/example_dags/tutorial_dag.py
[2026-05-29T10:25:32.408+0200] {logging_mixin.py:151} INFO - [2026-05-29T10:25:32.408+0200] {dag.py:2915} INFO - Sync 1 DAGs
[2026-05-29T10:25:32.501+0200] {logging_mixin.py:151} INFO - [2026-05-29T10:25:32.501+0200] {dag.py:3696} INFO - Setting next_dagrun for tutorial_dag to None, run_after=None
[2026-05-29T10:25:32.514+0200] {processor.py:179} INFO - Processing /home/frederic/airflow_venv/lib/python3.10/site-packages/airflow/example_dags/tutorial_dag.py took 0.129 seconds
[2026-05-29T10:26:11.171+0200] {processor.py:157} INFO - Started process (PID=705731) to work on /home/frederic/airflow_venv/lib/python3.10/site-packages/airflow/example_dags/tutorial_dag.py
[2026-05-29T10:26:11.172+0200] {processor.py:829} INFO - Processing file /home/frederic/airflow_venv/lib/python3.10/site-packages/airflow/example_dags/tutorial_dag.py for tasks to queue
[2026-05-29T10:26:11.173+0200] {logging_mixin.py:151} INFO - [2026-05-29T10:26:11.172+0200] {dagbag.py:539} INFO - Filling up the DagBag from /home/frederic/airflow_venv/lib/python3.10/site-packages/airflow/example_dags/tutorial_dag.py
[2026-05-29T10:26:11.177+0200] {processor.py:839} INFO - DAG(s) dict_keys(['tutorial_dag']) retrieved from /home/frederic/airflow_venv/lib/python3.10/site-packages/airflow/example_dags/tutorial_dag.py
[2026-05-29T10:26:11.192+0200] {logging_mixin.py:151} INFO - [2026-05-29T10:26:11.192+0200] {dag.py:2915} INFO - Sync 1 DAGs
[2026-05-29T10:26:11.204+0200] {logging_mixin.py:151} INFO - [2026-05-29T10:26:11.204+0200] {dag.py:3696} INFO - Setting next_dagrun for tutorial_dag to None, run_after=None
[2026-05-29T10:26:11.219+0200] {processor.py:179} INFO - Processing /home/frederic/airflow_venv/lib/python3.10/site-packages/airflow/example_dags/tutorial_dag.py took 0.052 seconds
[2026-05-29T10:27:02.217+0200] {processor.py:157} INFO - Started process (PID=706257) to work on /home/frederic/airflow_venv/lib/python3.10/site-packages/airflow/example_dags/tutorial_dag.py
[2026-05-29T10:27:02.218+0200] {processor.py:829} INFO - Processing file /home/frederic/airflow_venv/lib/python3.10/site-packages/airflow/example_dags/tutorial_dag.py for tasks to queue
[2026-05-29T10:27:02.219+0200] {logging_mixin.py:151} INFO - [2026-05-29T10:27:02.219+0200] {dagbag.py:539} INFO - Filling up the DagBag from /home/frederic/airflow_venv/lib/python3.10/site-packages/airflow/example_dags/tutorial_dag.py
[2026-05-29T10:27:02.223+0200] {processor.py:839} INFO - DAG(s) dict_keys(['tutorial_dag']) retrieved from /home/frederic/airflow_venv/lib/python3.10/site-packages/airflow/example_dags/tutorial_dag.py
[2026-05-29T10:27:02.315+0200] {logging_mixin.py:151} INFO - [2026-05-29T10:27:02.314+0200] {dag.py:2915} INFO - Sync 1 DAGs
[2026-05-29T10:27:02.323+0200] {logging_mixin.py:151} INFO - [2026-05-29T10:27:02.322+0200] {dag.py:3696} INFO - Setting next_dagrun for tutorial_dag to None, run_after=None
[2026-05-29T10:27:02.339+0200] {processor.py:179} INFO - Processing /home/frederic/airflow_venv/lib/python3.10/site-packages/airflow/example_dags/tutorial_dag.py took 0.124 seconds
[2026-05-29T10:27:48.663+0200] {processor.py:157} INFO - Started process (PID=706661) to work on /home/frederic/airflow_venv/lib/python3.10/site-packages/airflow/example_dags/tutorial_dag.py
[2026-05-29T10:27:48.664+0200] {processor.py:829} INFO - Processing file /home/frederic/airflow_venv/lib/python3.10/site-packages/airflow/example_dags/tutorial_dag.py for tasks to queue
[2026-05-29T10:27:48.665+0200] {logging_mixin.py:151} INFO - [2026-05-29T10:27:48.664+0200] {dagbag.py:539} INFO - Filling up the DagBag from /home/frederic/airflow_venv/lib/python3.10/site-packages/airflow/example_dags/tutorial_dag.py
[2026-05-29T10:27:48.669+0200] {processor.py:839} INFO - DAG(s) dict_keys(['tutorial_dag']) retrieved from /home/frederic/airflow_venv/lib/python3.10/site-packages/airflow/example_dags/tutorial_dag.py
[2026-05-29T10:27:48.681+0200] {logging_mixin.py:151} INFO - [2026-05-29T10:27:48.681+0200] {dag.py:2915} INFO - Sync 1 DAGs
[2026-05-29T10:27:48.690+0200] {logging_mixin.py:151} INFO - [2026-05-29T10:27:48.690+0200] {dag.py:3696} INFO - Setting next_dagrun for tutorial_dag to None, run_after=None
[2026-05-29T10:27:48.704+0200] {processor.py:179} INFO - Processing /home/frederic/airflow_venv/lib/python3.10/site-packages/airflow/example_dags/tutorial_dag.py took 0.044 seconds
[2026-05-29T10:28:29.793+0200] {processor.py:157} INFO - Started process (PID=707306) to work on /home/frederic/airflow_venv/lib/python3.10/site-packages/airflow/example_dags/tutorial_dag.py
[2026-05-29T10:28:29.794+0200] {processor.py:829} INFO - Processing file /home/frederic/airflow_venv/lib/python3.10/site-packages/airflow/example_dags/tutorial_dag.py for tasks to queue
[2026-05-29T10:28:29.795+0200] {logging_mixin.py:151} INFO - [2026-05-29T10:28:29.795+0200] {dagbag.py:539} INFO - Filling up the DagBag from /home/frederic/airflow_venv/lib/python3.10/site-packages/airflow/example_dags/tutorial_dag.py
[2026-05-29T10:28:29.800+0200] {processor.py:839} INFO - DAG(s) dict_keys(['tutorial_dag']) retrieved from /home/frederic/airflow_venv/lib/python3.10/site-packages/airflow/example_dags/tutorial_dag.py
[2026-05-29T10:28:29.815+0200] {logging_mixin.py:151} INFO - [2026-05-29T10:28:29.815+0200] {dag.py:2915} INFO - Sync 1 DAGs
[2026-05-29T10:28:29.824+0200] {logging_mixin.py:151} INFO - [2026-05-29T10:28:29.824+0200] {dag.py:3696} INFO - Setting next_dagrun for tutorial_dag to None, run_after=None
[2026-05-29T10:28:29.840+0200] {processor.py:179} INFO - Processing /home/frederic/airflow_venv/lib/python3.10/site-packages/airflow/example_dags/tutorial_dag.py took 0.049 seconds
[2026-05-29T10:29:05.727+0200] {processor.py:157} INFO - Started process (PID=707718) to work on /home/frederic/airflow_venv/lib/python3.10/site-packages/airflow/example_dags/tutorial_dag.py
[2026-05-29T10:29:05.728+0200] {processor.py:829} INFO - Processing file /home/frederic/airflow_venv/lib/python3.10/site-packages/airflow/example_dags/tutorial_dag.py for tasks to queue
[2026-05-29T10:29:05.728+0200] {logging_mixin.py:151} INFO - [2026-05-29T10:29:05.728+0200] {dagbag.py:539} INFO - Filling up the DagBag from /home/frederic/airflow_venv/lib/python3.10/site-packages/airflow/example_dags/tutorial_dag.py
[2026-05-29T10:29:05.732+0200] {processor.py:839} INFO - DAG(s) dict_keys(['tutorial_dag']) retrieved from /home/frederic/airflow_venv/lib/python3.10/site-packages/airflow/example_dags/tutorial_dag.py
[2026-05-29T10:29:05.744+0200] {logging_mixin.py:151} INFO - [2026-05-29T10:29:05.744+0200] {dag.py:2915} INFO - Sync 1 DAGs
[2026-05-29T10:29:05.754+0200] {logging_mixin.py:151} INFO - [2026-05-29T10:29:05.753+0200] {dag.py:3696} INFO - Setting next_dagrun for tutorial_dag to None, run_after=None
[2026-05-29T10:29:05.768+0200] {processor.py:179} INFO - Processing /home/frederic/airflow_venv/lib/python3.10/site-packages/airflow/example_dags/tutorial_dag.py took 0.044 seconds
[2026-05-29T10:29:51.534+0200] {processor.py:157} INFO - Started process (PID=708234) to work on /home/frederic/airflow_venv/lib/python3.10/site-packages/airflow/example_dags/tutorial_dag.py
[2026-05-29T10:29:51.535+0200] {processor.py:829} INFO - Processing file /home/frederic/airflow_venv/lib/python3.10/site-packages/airflow/example_dags/tutorial_dag.py for tasks to queue
[2026-05-29T10:29:51.535+0200] {logging_mixin.py:151} INFO - [2026-05-29T10:29:51.535+0200] {dagbag.py:539} INFO - Filling up the DagBag from /home/frederic/airflow_venv/lib/python3.10/site-packages/airflow/example_dags/tutorial_dag.py
[2026-05-29T10:29:51.540+0200] {processor.py:839} INFO - DAG(s) dict_keys(['tutorial_dag']) retrieved from /home/frederic/airflow_venv/lib/python3.10/site-packages/airflow/example_dags/tutorial_dag.py
[2026-05-29T10:29:51.553+0200] {logging_mixin.py:151} INFO - [2026-05-29T10:29:51.553+0200] {dag.py:2915} INFO - Sync 1 DAGs
[2026-05-29T10:29:51.562+0200] {logging_mixin.py:151} INFO - [2026-05-29T10:29:51.561+0200] {dag.py:3696} INFO - Setting next_dagrun for tutorial_dag to None, run_after=None
[2026-05-29T10:29:51.577+0200] {processor.py:179} INFO - Processing /home/frederic/airflow_venv/lib/python3.10/site-packages/airflow/example_dags/tutorial_dag.py took 0.045 seconds
[2026-05-29T10:30:38.248+0200] {processor.py:157} INFO - Started process (PID=708891) to work on /home/frederic/airflow_venv/lib/python3.10/site-packages/airflow/example_dags/tutorial_dag.py
[2026-05-29T10:30:38.250+0200] {processor.py:829} INFO - Processing file /home/frederic/airflow_venv/lib/python3.10/site-packages/airflow/example_dags/tutorial_dag.py for tasks to queue
[2026-05-29T10:30:38.250+0200] {logging_mixin.py:151} INFO - [2026-05-29T10:30:38.250+0200] {dagbag.py:539} INFO - Filling up the DagBag from /home/frederic/airflow_venv/lib/python3.10/site-packages/airflow/example_dags/tutorial_dag.py
[2026-05-29T10:30:38.254+0200] {processor.py:839} INFO - DAG(s) dict_keys(['tutorial_dag']) retrieved from /home/frederic/airflow_venv/lib/python3.10/site-packages/airflow/example_dags/tutorial_dag.py
[2026-05-29T10:30:38.267+0200] {logging_mixin.py:151} INFO - [2026-05-29T10:30:38.267+0200] {dag.py:2915} INFO - Sync 1 DAGs
[2026-05-29T10:30:38.278+0200] {logging_mixin.py:151} INFO - [2026-05-29T10:30:38.278+0200] {dag.py:3696} INFO - Setting next_dagrun for tutorial_dag to None, run_after=None
[2026-05-29T10:30:38.295+0200] {processor.py:179} INFO - Processing /home/frederic/airflow_venv/lib/python3.10/site-packages/airflow/example_dags/tutorial_dag.py took 0.048 seconds
[2026-05-29T10:31:22.764+0200] {processor.py:157} INFO - Started process (PID=709386) to work on /home/frederic/airflow_venv/lib/python3.10/site-packages/airflow/example_dags/tutorial_dag.py
[2026-05-29T10:31:22.765+0200] {processor.py:829} INFO - Processing file /home/frederic/airflow_venv/lib/python3.10/site-packages/airflow/example_dags/tutorial_dag.py for tasks to queue
[2026-05-29T10:31:22.765+0200] {logging_mixin.py:151} INFO - [2026-05-29T10:31:22.765+0200] {dagbag.py:539} INFO - Filling up the DagBag from /home/frederic/airflow_venv/lib/python3.10/site-packages/airflow/example_dags/tutorial_dag.py
[2026-05-29T10:31:22.769+0200] {processor.py:839} INFO - DAG(s) dict_keys(['tutorial_dag']) retrieved from /home/frederic/airflow_venv/lib/python3.10/site-packages/airflow/example_dags/tutorial_dag.py
[2026-05-29T10:31:22.781+0200] {logging_mixin.py:151} INFO - [2026-05-29T10:31:22.781+0200] {dag.py:2915} INFO - Sync 1 DAGs
[2026-05-29T10:31:22.790+0200] {logging_mixin.py:151} INFO - [2026-05-29T10:31:22.790+0200] {dag.py:3696} INFO - Setting next_dagrun for tutorial_dag to None, run_after=None
[2026-05-29T10:31:22.805+0200] {processor.py:179} INFO - Processing /home/frederic/airflow_venv/lib/python3.10/site-packages/airflow/example_dags/tutorial_dag.py took 0.044 seconds
[2026-05-29T10:31:56.761+0200] {processor.py:157} INFO - Started process (PID=709714) to work on /home/frederic/airflow_venv/lib/python3.10/site-packages/airflow/example_dags/tutorial_dag.py
[2026-05-29T10:31:56.762+0200] {processor.py:829} INFO - Processing file /home/frederic/airflow_venv/lib/python3.10/site-packages/airflow/example_dags/tutorial_dag.py for tasks to queue
[2026-05-29T10:31:56.762+0200] {logging_mixin.py:151} INFO - [2026-05-29T10:31:56.762+0200] {dagbag.py:539} INFO - Filling up the DagBag from /home/frederic/airflow_venv/lib/python3.10/site-packages/airflow/example_dags/tutorial_dag.py
[2026-05-29T10:31:56.767+0200] {processor.py:839} INFO - DAG(s) dict_keys(['tutorial_dag']) retrieved from /home/frederic/airflow_venv/lib/python3.10/site-packages/airflow/example_dags/tutorial_dag.py
[2026-05-29T10:31:56.779+0200] {logging_mixin.py:151} INFO - [2026-05-29T10:31:56.779+0200] {dag.py:2915} INFO - Sync 1 DAGs
[2026-05-29T10:31:56.788+0200] {logging_mixin.py:151} INFO - [2026-05-29T10:31:56.788+0200] {dag.py:3696} INFO - Setting next_dagrun for tutorial_dag to None, run_after=None
[2026-05-29T10:31:56.802+0200] {processor.py:179} INFO - Processing /home/frederic/airflow_venv/lib/python3.10/site-packages/airflow/example_dags/tutorial_dag.py took 0.043 seconds
[2026-05-29T10:32:40.671+0200] {processor.py:157} INFO - Started process (PID=710307) to work on /home/frederic/airflow_venv/lib/python3.10/site-packages/airflow/example_dags/tutorial_dag.py
[2026-05-29T10:32:40.672+0200] {processor.py:829} INFO - Processing file /home/frederic/airflow_venv/lib/python3.10/site-packages/airflow/example_dags/tutorial_dag.py for tasks to queue
[2026-05-29T10:32:40.672+0200] {logging_mixin.py:151} INFO - [2026-05-29T10:32:40.672+0200] {dagbag.py:539} INFO - Filling up the DagBag from /home/frederic/airflow_venv/lib/python3.10/site-packages/airflow/example_dags/tutorial_dag.py
[2026-05-29T10:32:40.676+0200] {processor.py:839} INFO - DAG(s) dict_keys(['tutorial_dag']) retrieved from /home/frederic/airflow_venv/lib/python3.10/site-packages/airflow/example_dags/tutorial_dag.py
[2026-05-29T10:32:40.688+0200] {logging_mixin.py:151} INFO - [2026-05-29T10:32:40.688+0200] {dag.py:2915} INFO - Sync 1 DAGs
[2026-05-29T10:32:40.697+0200] {logging_mixin.py:151} INFO - [2026-05-29T10:32:40.697+0200] {dag.py:3696} INFO - Setting next_dagrun for tutorial_dag to None, run_after=None
[2026-05-29T10:32:40.712+0200] {processor.py:179} INFO - Processing /home/frederic/airflow_venv/lib/python3.10/site-packages/airflow/example_dags/tutorial_dag.py took 0.043 seconds
[2026-05-29T10:33:27.731+0200] {processor.py:157} INFO - Started process (PID=711070) to work on /home/frederic/airflow_venv/lib/python3.10/site-packages/airflow/example_dags/tutorial_dag.py
[2026-05-29T10:33:27.732+0200] {processor.py:829} INFO - Processing file /home/frederic/airflow_venv/lib/python3.10/site-packages/airflow/example_dags/tutorial_dag.py for tasks to queue
[2026-05-29T10:33:27.732+0200] {logging_mixin.py:151} INFO - [2026-05-29T10:33:27.732+0200] {dagbag.py:539} INFO - Filling up the DagBag from /home/frederic/airflow_venv/lib/python3.10/site-packages/airflow/example_dags/tutorial_dag.py
[2026-05-29T10:33:27.737+0200] {processor.py:839} INFO - DAG(s) dict_keys(['tutorial_dag']) retrieved from /home/frederic/airflow_venv/lib/python3.10/site-packages/airflow/example_dags/tutorial_dag.py
[2026-05-29T10:33:27.750+0200] {logging_mixin.py:151} INFO - [2026-05-29T10:33:27.749+0200] {dag.py:2915} INFO - Sync 1 DAGs
[2026-05-29T10:33:27.759+0200] {logging_mixin.py:151} INFO - [2026-05-29T10:33:27.759+0200] {dag.py:3696} INFO - Setting next_dagrun for tutorial_dag to None, run_after=None
[2026-05-29T10:33:27.773+0200] {processor.py:179} INFO - Processing /home/frederic/airflow_venv/lib/python3.10/site-packages/airflow/example_dags/tutorial_dag.py took 0.044 seconds
[2026-05-29T10:34:09.840+0200] {processor.py:157} INFO - Started process (PID=711806) to work on /home/frederic/airflow_venv/lib/python3.10/site-packages/airflow/example_dags/tutorial_dag.py
[2026-05-29T10:34:09.845+0200] {processor.py:829} INFO - Processing file /home/frederic/airflow_venv/lib/python3.10/site-packages/airflow/example_dags/tutorial_dag.py for tasks to queue
[2026-05-29T10:34:09.846+0200] {logging_mixin.py:151} INFO - [2026-05-29T10:34:09.846+0200] {dagbag.py:539} INFO - Filling up the DagBag from /home/frederic/airflow_venv/lib/python3.10/site-packages/airflow/example_dags/tutorial_dag.py
[2026-05-29T10:34:09.851+0200] {processor.py:839} INFO - DAG(s) dict_keys(['tutorial_dag']) retrieved from /home/frederic/airflow_venv/lib/python3.10/site-packages/airflow/example_dags/tutorial_dag.py
[2026-05-29T10:34:09.863+0200] {logging_mixin.py:151} INFO - [2026-05-29T10:34:09.863+0200] {dag.py:2915} INFO - Sync 1 DAGs
[2026-05-29T10:34:09.873+0200] {logging_mixin.py:151} INFO - [2026-05-29T10:34:09.873+0200] {dag.py:3696} INFO - Setting next_dagrun for tutorial_dag to None, run_after=None
[2026-05-29T10:34:09.888+0200] {processor.py:179} INFO - Processing /home/frederic/airflow_venv/lib/python3.10/site-packages/airflow/example_dags/tutorial_dag.py took 0.051 seconds
[2026-05-29T10:34:53.326+0200] {processor.py:157} INFO - Started process (PID=712220) to work on /home/frederic/airflow_venv/lib/python3.10/site-packages/airflow/example_dags/tutorial_dag.py
[2026-05-29T10:34:53.327+0200] {processor.py:829} INFO - Processing file /home/frederic/airflow_venv/lib/python3.10/site-packages/airflow/example_dags/tutorial_dag.py for tasks to queue
[2026-05-29T10:34:53.328+0200] {logging_mixin.py:151} INFO - [2026-05-29T10:34:53.327+0200] {dagbag.py:539} INFO - Filling up the DagBag from /home/frederic/airflow_venv/lib/python3.10/site-packages/airflow/example_dags/tutorial_dag.py
[2026-05-29T10:34:53.333+0200] {processor.py:839} INFO - DAG(s) dict_keys(['tutorial_dag']) retrieved from /home/frederic/airflow_venv/lib/python3.10/site-packages/airflow/example_dags/tutorial_dag.py
[2026-05-29T10:34:53.346+0200] {logging_mixin.py:151} INFO - [2026-05-29T10:34:53.346+0200] {dag.py:2915} INFO - Sync 1 DAGs
[2026-05-29T10:34:53.355+0200] {logging_mixin.py:151} INFO - [2026-05-29T10:34:53.355+0200] {dag.py:3696} INFO - Setting next_dagrun for tutorial_dag to None, run_after=None
[2026-05-29T10:34:53.370+0200] {processor.py:179} INFO - Processing /home/frederic/airflow_venv/lib/python3.10/site-packages/airflow/example_dags/tutorial_dag.py took 0.047 seconds
[2026-05-29T10:35:25.750+0200] {processor.py:157} INFO - Started process (PID=712572) to work on /home/frederic/airflow_venv/lib/python3.10/site-packages/airflow/example_dags/tutorial_dag.py
[2026-05-29T10:35:25.751+0200] {processor.py:829} INFO - Processing file /home/frederic/airflow_venv/lib/python3.10/site-packages/airflow/example_dags/tutorial_dag.py for tasks to queue
[2026-05-29T10:35:25.751+0200] {logging_mixin.py:151} INFO - [2026-05-29T10:35:25.751+0200] {dagbag.py:539} INFO - Filling up the DagBag from /home/frederic/airflow_venv/lib/python3.10/site-packages/airflow/example_dags/tutorial_dag.py
[2026-05-29T10:35:25.756+0200] {processor.py:839} INFO - DAG(s) dict_keys(['tutorial_dag']) retrieved from /home/frederic/airflow_venv/lib/python3.10/site-packages/airflow/example_dags/tutorial_dag.py
[2026-05-29T10:35:25.770+0200] {logging_mixin.py:151} INFO - [2026-05-29T10:35:25.770+0200] {dag.py:2915} INFO - Sync 1 DAGs
[2026-05-29T10:35:25.780+0200] {logging_mixin.py:151} INFO - [2026-05-29T10:35:25.780+0200] {dag.py:3696} INFO - Setting next_dagrun for tutorial_dag to None, run_after=None
[2026-05-29T10:35:25.794+0200] {processor.py:179} INFO - Processing /home/frederic/airflow_venv/lib/python3.10/site-packages/airflow/example_dags/tutorial_dag.py took 0.048 seconds
[2026-05-29T10:36:00.134+0200] {processor.py:157} INFO - Started process (PID=712879) to work on /home/frederic/airflow_venv/lib/python3.10/site-packages/airflow/example_dags/tutorial_dag.py
[2026-05-29T10:36:00.135+0200] {processor.py:829} INFO - Processing file /home/frederic/airflow_venv/lib/python3.10/site-packages/airflow/example_dags/tutorial_dag.py for tasks to queue
[2026-05-29T10:36:00.136+0200] {logging_mixin.py:151} INFO - [2026-05-29T10:36:00.136+0200] {dagbag.py:539} INFO - Filling up the DagBag from /home/frederic/airflow_venv/lib/python3.10/site-packages/airflow/example_dags/tutorial_dag.py
[2026-05-29T10:36:00.140+0200] {processor.py:839} INFO - DAG(s) dict_keys(['tutorial_dag']) retrieved from /home/frederic/airflow_venv/lib/python3.10/site-packages/airflow/example_dags/tutorial_dag.py
[2026-05-29T10:36:00.152+0200] {logging_mixin.py:151} INFO - [2026-05-29T10:36:00.152+0200] {dag.py:2915} INFO - Sync 1 DAGs
[2026-05-29T10:36:00.161+0200] {logging_mixin.py:151} INFO - [2026-05-29T10:36:00.160+0200] {dag.py:3696} INFO - Setting next_dagrun for tutorial_dag to None, run_after=None
[2026-05-29T10:36:00.177+0200] {processor.py:179} INFO - Processing /home/frederic/airflow_venv/lib/python3.10/site-packages/airflow/example_dags/tutorial_dag.py took 0.045 seconds
[2026-05-29T10:36:41.811+0200] {processor.py:157} INFO - Started process (PID=713466) to work on /home/frederic/airflow_venv/lib/python3.10/site-packages/airflow/example_dags/tutorial_dag.py
[2026-05-29T10:36:41.812+0200] {processor.py:829} INFO - Processing file /home/frederic/airflow_venv/lib/python3.10/site-packages/airflow/example_dags/tutorial_dag.py for tasks to queue
[2026-05-29T10:36:41.813+0200] {logging_mixin.py:151} INFO - [2026-05-29T10:36:41.813+0200] {dagbag.py:539} INFO - Filling up the DagBag from /home/frederic/airflow_venv/lib/python3.10/site-packages/airflow/example_dags/tutorial_dag.py
[2026-05-29T10:36:41.817+0200] {processor.py:839} INFO - DAG(s) dict_keys(['tutorial_dag']) retrieved from /home/frederic/airflow_venv/lib/python3.10/site-packages/airflow/example_dags/tutorial_dag.py
[2026-05-29T10:36:41.829+0200] {logging_mixin.py:151} INFO - [2026-05-29T10:36:41.829+0200] {dag.py:2915} INFO - Sync 1 DAGs
[2026-05-29T10:36:41.839+0200] {logging_mixin.py:151} INFO - [2026-05-29T10:36:41.839+0200] {dag.py:3696} INFO - Setting next_dagrun for tutorial_dag to None, run_after=None
[2026-05-29T10:36:41.854+0200] {processor.py:179} INFO - Processing /home/frederic/airflow_venv/lib/python3.10/site-packages/airflow/example_dags/tutorial_dag.py took 0.044 seconds
[2026-05-29T10:37:29.926+0200] {processor.py:157} INFO - Started process (PID=714046) to work on /home/frederic/airflow_venv/lib/python3.10/site-packages/airflow/example_dags/tutorial_dag.py
[2026-05-29T10:37:29.927+0200] {processor.py:829} INFO - Processing file /home/frederic/airflow_venv/lib/python3.10/site-packages/airflow/example_dags/tutorial_dag.py for tasks to queue
[2026-05-29T10:37:29.927+0200] {logging_mixin.py:151} INFO - [2026-05-29T10:37:29.927+0200] {dagbag.py:539} INFO - Filling up the DagBag from /home/frederic/airflow_venv/lib/python3.10/site-packages/airflow/example_dags/tutorial_dag.py
[2026-05-29T10:37:29.931+0200] {processor.py:839} INFO - DAG(s) dict_keys(['tutorial_dag']) retrieved from /home/frederic/airflow_venv/lib/python3.10/site-packages/airflow/example_dags/tutorial_dag.py
[2026-05-29T10:37:29.944+0200] {logging_mixin.py:151} INFO - [2026-05-29T10:37:29.944+0200] {dag.py:2915} INFO - Sync 1 DAGs
[2026-05-29T10:37:29.953+0200] {logging_mixin.py:151} INFO - [2026-05-29T10:37:29.953+0200] {dag.py:3696} INFO - Setting next_dagrun for tutorial_dag to None, run_after=None
[2026-05-29T10:37:29.967+0200] {processor.py:179} INFO - Processing /home/frederic/airflow_venv/lib/python3.10/site-packages/airflow/example_dags/tutorial_dag.py took 0.044 seconds
[2026-05-29T10:38:13.015+0200] {processor.py:157} INFO - Started process (PID=714804) to work on /home/frederic/airflow_venv/lib/python3.10/site-packages/airflow/example_dags/tutorial_dag.py
[2026-05-29T10:38:13.016+0200] {processor.py:829} INFO - Processing file /home/frederic/airflow_venv/lib/python3.10/site-packages/airflow/example_dags/tutorial_dag.py for tasks to queue
[2026-05-29T10:38:13.016+0200] {logging_mixin.py:151} INFO - [2026-05-29T10:38:13.016+0200] {dagbag.py:539} INFO - Filling up the DagBag from /home/frederic/airflow_venv/lib/python3.10/site-packages/airflow/example_dags/tutorial_dag.py
[2026-05-29T10:38:13.020+0200] {processor.py:839} INFO - DAG(s) dict_keys(['tutorial_dag']) retrieved from /home/frederic/airflow_venv/lib/python3.10/site-packages/airflow/example_dags/tutorial_dag.py
[2026-05-29T10:38:13.035+0200] {logging_mixin.py:151} INFO - [2026-05-29T10:38:13.035+0200] {dag.py:2915} INFO - Sync 1 DAGs
[2026-05-29T10:38:13.046+0200] {logging_mixin.py:151} INFO - [2026-05-29T10:38:13.046+0200] {dag.py:3696} INFO - Setting next_dagrun for tutorial_dag to None, run_after=None
[2026-05-29T10:38:13.061+0200] {processor.py:179} INFO - Processing /home/frederic/airflow_venv/lib/python3.10/site-packages/airflow/example_dags/tutorial_dag.py took 0.049 seconds
[2026-05-29T10:38:45.873+0200] {processor.py:157} INFO - Started process (PID=715135) to work on /home/frederic/airflow_venv/lib/python3.10/site-packages/airflow/example_dags/tutorial_dag.py
[2026-05-29T10:38:45.875+0200] {processor.py:829} INFO - Processing file /home/frederic/airflow_venv/lib/python3.10/site-packages/airflow/example_dags/tutorial_dag.py for tasks to queue
[2026-05-29T10:38:45.876+0200] {logging_mixin.py:151} INFO - [2026-05-29T10:38:45.875+0200] {dagbag.py:539} INFO - Filling up the DagBag from /home/frederic/airflow_venv/lib/python3.10/site-packages/airflow/example_dags/tutorial_dag.py
[2026-05-29T10:38:45.881+0200] {processor.py:839} INFO - DAG(s) dict_keys(['tutorial_dag']) retrieved from /home/frederic/airflow_venv/lib/python3.10/site-packages/airflow/example_dags/tutorial_dag.py
[2026-05-29T10:38:45.892+0200] {logging_mixin.py:151} INFO - [2026-05-29T10:38:45.892+0200] {dag.py:2915} INFO - Sync 1 DAGs
[2026-05-29T10:38:45.901+0200] {logging_mixin.py:151} INFO - [2026-05-29T10:38:45.901+0200] {dag.py:3696} INFO - Setting next_dagrun for tutorial_dag to None, run_after=None
[2026-05-29T10:38:45.916+0200] {processor.py:179} INFO - Processing /home/frederic/airflow_venv/lib/python3.10/site-packages/airflow/example_dags/tutorial_dag.py took 0.045 seconds
[2026-05-29T10:39:31.747+0200] {processor.py:157} INFO - Started process (PID=715907) to work on /home/frederic/airflow_venv/lib/python3.10/site-packages/airflow/example_dags/tutorial_dag.py
[2026-05-29T10:39:31.748+0200] {processor.py:829} INFO - Processing file /home/frederic/airflow_venv/lib/python3.10/site-packages/airflow/example_dags/tutorial_dag.py for tasks to queue
[2026-05-29T10:39:31.749+0200] {logging_mixin.py:151} INFO - [2026-05-29T10:39:31.748+0200] {dagbag.py:539} INFO - Filling up the DagBag from /home/frederic/airflow_venv/lib/python3.10/site-packages/airflow/example_dags/tutorial_dag.py
[2026-05-29T10:39:31.753+0200] {processor.py:839} INFO - DAG(s) dict_keys(['tutorial_dag']) retrieved from /home/frederic/airflow_venv/lib/python3.10/site-packages/airflow/example_dags/tutorial_dag.py
[2026-05-29T10:39:31.765+0200] {logging_mixin.py:151} INFO - [2026-05-29T10:39:31.765+0200] {dag.py:2915} INFO - Sync 1 DAGs
[2026-05-29T10:39:31.774+0200] {logging_mixin.py:151} INFO - [2026-05-29T10:39:31.774+0200] {dag.py:3696} INFO - Setting next_dagrun for tutorial_dag to None, run_after=None
[2026-05-29T10:39:31.788+0200] {processor.py:179} INFO - Processing /home/frederic/airflow_venv/lib/python3.10/site-packages/airflow/example_dags/tutorial_dag.py took 0.044 seconds
[2026-05-29T10:40:14.476+0200] {processor.py:157} INFO - Started process (PID=716492) to work on /home/frederic/airflow_venv/lib/python3.10/site-packages/airflow/example_dags/tutorial_dag.py
[2026-05-29T10:40:14.477+0200] {processor.py:829} INFO - Processing file /home/frederic/airflow_venv/lib/python3.10/site-packages/airflow/example_dags/tutorial_dag.py for tasks to queue
[2026-05-29T10:40:14.477+0200] {logging_mixin.py:151} INFO - [2026-05-29T10:40:14.477+0200] {dagbag.py:539} INFO - Filling up the DagBag from /home/frederic/airflow_venv/lib/python3.10/site-packages/airflow/example_dags/tutorial_dag.py
[2026-05-29T10:40:14.482+0200] {processor.py:839} INFO - DAG(s) dict_keys(['tutorial_dag']) retrieved from /home/frederic/airflow_venv/lib/python3.10/site-packages/airflow/example_dags/tutorial_dag.py
[2026-05-29T10:40:14.494+0200] {logging_mixin.py:151} INFO - [2026-05-29T10:40:14.493+0200] {dag.py:2915} INFO - Sync 1 DAGs
[2026-05-29T10:40:14.503+0200] {logging_mixin.py:151} INFO - [2026-05-29T10:40:14.503+0200] {dag.py:3696} INFO - Setting next_dagrun for tutorial_dag to None, run_after=None
[2026-05-29T10:40:14.516+0200] {processor.py:179} INFO - Processing /home/frederic/airflow_venv/lib/python3.10/site-packages/airflow/example_dags/tutorial_dag.py took 0.042 seconds
[2026-05-29T10:41:00.779+0200] {processor.py:157} INFO - Started process (PID=716954) to work on /home/frederic/airflow_venv/lib/python3.10/site-packages/airflow/example_dags/tutorial_dag.py
[2026-05-29T10:41:00.780+0200] {processor.py:829} INFO - Processing file /home/frederic/airflow_venv/lib/python3.10/site-packages/airflow/example_dags/tutorial_dag.py for tasks to queue
[2026-05-29T10:41:00.781+0200] {logging_mixin.py:151} INFO - [2026-05-29T10:41:00.781+0200] {dagbag.py:539} INFO - Filling up the DagBag from /home/frederic/airflow_venv/lib/python3.10/site-packages/airflow/example_dags/tutorial_dag.py
[2026-05-29T10:41:00.787+0200] {processor.py:839} INFO - DAG(s) dict_keys(['tutorial_dag']) retrieved from /home/frederic/airflow_venv/lib/python3.10/site-packages/airflow/example_dags/tutorial_dag.py
[2026-05-29T10:41:00.801+0200] {logging_mixin.py:151} INFO - [2026-05-29T10:41:00.801+0200] {dag.py:2915} INFO - Sync 1 DAGs
[2026-05-29T10:41:00.810+0200] {logging_mixin.py:151} INFO - [2026-05-29T10:41:00.810+0200] {dag.py:3696} INFO - Setting next_dagrun for tutorial_dag to None, run_after=None
[2026-05-29T10:41:00.825+0200] {processor.py:179} INFO - Processing /home/frederic/airflow_venv/lib/python3.10/site-packages/airflow/example_dags/tutorial_dag.py took 0.050 seconds
[2026-05-29T10:41:48.438+0200] {processor.py:157} INFO - Started process (PID=717430) to work on /home/frederic/airflow_venv/lib/python3.10/site-packages/airflow/example_dags/tutorial_dag.py
[2026-05-29T10:41:48.439+0200] {processor.py:829} INFO - Processing file /home/frederic/airflow_venv/lib/python3.10/site-packages/airflow/example_dags/tutorial_dag.py for tasks to queue
[2026-05-29T10:41:48.440+0200] {logging_mixin.py:151} INFO - [2026-05-29T10:41:48.440+0200] {dagbag.py:539} INFO - Filling up the DagBag from /home/frederic/airflow_venv/lib/python3.10/site-packages/airflow/example_dags/tutorial_dag.py
[2026-05-29T10:41:48.448+0200] {processor.py:839} INFO - DAG(s) dict_keys(['tutorial_dag']) retrieved from /home/frederic/airflow_venv/lib/python3.10/site-packages/airflow/example_dags/tutorial_dag.py
[2026-05-29T10:41:48.467+0200] {logging_mixin.py:151} INFO - [2026-05-29T10:41:48.467+0200] {dag.py:2915} INFO - Sync 1 DAGs
[2026-05-29T10:41:48.481+0200] {logging_mixin.py:151} INFO - [2026-05-29T10:41:48.481+0200] {dag.py:3696} INFO - Setting next_dagrun for tutorial_dag to None, run_after=None
[2026-05-29T10:41:48.503+0200] {processor.py:179} INFO - Processing /home/frederic/airflow_venv/lib/python3.10/site-packages/airflow/example_dags/tutorial_dag.py took 0.067 seconds
[2026-05-29T10:42:36.488+0200] {processor.py:157} INFO - Started process (PID=717923) to work on /home/frederic/airflow_venv/lib/python3.10/site-packages/airflow/example_dags/tutorial_dag.py
[2026-05-29T10:42:36.489+0200] {processor.py:829} INFO - Processing file /home/frederic/airflow_venv/lib/python3.10/site-packages/airflow/example_dags/tutorial_dag.py for tasks to queue
[2026-05-29T10:42:36.490+0200] {logging_mixin.py:151} INFO - [2026-05-29T10:42:36.490+0200] {dagbag.py:539} INFO - Filling up the DagBag from /home/frederic/airflow_venv/lib/python3.10/site-packages/airflow/example_dags/tutorial_dag.py
[2026-05-29T10:42:36.494+0200] {processor.py:839} INFO - DAG(s) dict_keys(['tutorial_dag']) retrieved from /home/frederic/airflow_venv/lib/python3.10/site-packages/airflow/example_dags/tutorial_dag.py
[2026-05-29T10:42:36.506+0200] {logging_mixin.py:151} INFO - [2026-05-29T10:42:36.506+0200] {dag.py:2915} INFO - Sync 1 DAGs
[2026-05-29T10:42:36.515+0200] {logging_mixin.py:151} INFO - [2026-05-29T10:42:36.515+0200] {dag.py:3696} INFO - Setting next_dagrun for tutorial_dag to None, run_after=None
[2026-05-29T10:42:36.530+0200] {processor.py:179} INFO - Processing /home/frederic/airflow_venv/lib/python3.10/site-packages/airflow/example_dags/tutorial_dag.py took 0.044 seconds
[2026-05-29T10:43:18.894+0200] {processor.py:157} INFO - Started process (PID=718459) to work on /home/frederic/airflow_venv/lib/python3.10/site-packages/airflow/example_dags/tutorial_dag.py
[2026-05-29T10:43:18.896+0200] {processor.py:829} INFO - Processing file /home/frederic/airflow_venv/lib/python3.10/site-packages/airflow/example_dags/tutorial_dag.py for tasks to queue
[2026-05-29T10:43:18.896+0200] {logging_mixin.py:151} INFO - [2026-05-29T10:43:18.896+0200] {dagbag.py:539} INFO - Filling up the DagBag from /home/frederic/airflow_venv/lib/python3.10/site-packages/airflow/example_dags/tutorial_dag.py
[2026-05-29T10:43:18.903+0200] {processor.py:839} INFO - DAG(s) dict_keys(['tutorial_dag']) retrieved from /home/frederic/airflow_venv/lib/python3.10/site-packages/airflow/example_dags/tutorial_dag.py
[2026-05-29T10:43:18.919+0200] {logging_mixin.py:151} INFO - [2026-05-29T10:43:18.919+0200] {dag.py:2915} INFO - Sync 1 DAGs
[2026-05-29T10:43:18.931+0200] {logging_mixin.py:151} INFO - [2026-05-29T10:43:18.931+0200] {dag.py:3696} INFO - Setting next_dagrun for tutorial_dag to None, run_after=None
[2026-05-29T10:43:18.949+0200] {processor.py:179} INFO - Processing /home/frederic/airflow_venv/lib/python3.10/site-packages/airflow/example_dags/tutorial_dag.py took 0.057 seconds
[2026-05-29T10:44:06.587+0200] {processor.py:157} INFO - Started process (PID=718957) to work on /home/frederic/airflow_venv/lib/python3.10/site-packages/airflow/example_dags/tutorial_dag.py
[2026-05-29T10:44:06.588+0200] {processor.py:829} INFO - Processing file /home/frederic/airflow_venv/lib/python3.10/site-packages/airflow/example_dags/tutorial_dag.py for tasks to queue
[2026-05-29T10:44:06.589+0200] {logging_mixin.py:151} INFO - [2026-05-29T10:44:06.589+0200] {dagbag.py:539} INFO - Filling up the DagBag from /home/frederic/airflow_venv/lib/python3.10/site-packages/airflow/example_dags/tutorial_dag.py
[2026-05-29T10:44:06.594+0200] {processor.py:839} INFO - DAG(s) dict_keys(['tutorial_dag']) retrieved from /home/frederic/airflow_venv/lib/python3.10/site-packages/airflow/example_dags/tutorial_dag.py
[2026-05-29T10:44:06.607+0200] {logging_mixin.py:151} INFO - [2026-05-29T10:44:06.607+0200] {dag.py:2915} INFO - Sync 1 DAGs
[2026-05-29T10:44:06.617+0200] {logging_mixin.py:151} INFO - [2026-05-29T10:44:06.617+0200] {dag.py:3696} INFO - Setting next_dagrun for tutorial_dag to None, run_after=None
[2026-05-29T10:44:06.631+0200] {processor.py:179} INFO - Processing /home/frederic/airflow_venv/lib/python3.10/site-packages/airflow/example_dags/tutorial_dag.py took 0.046 seconds
[2026-05-29T10:44:54.256+0200] {processor.py:157} INFO - Started process (PID=719700) to work on /home/frederic/airflow_venv/lib/python3.10/site-packages/airflow/example_dags/tutorial_dag.py
[2026-05-29T10:44:54.257+0200] {processor.py:829} INFO - Processing file /home/frederic/airflow_venv/lib/python3.10/site-packages/airflow/example_dags/tutorial_dag.py for tasks to queue
[2026-05-29T10:44:54.258+0200] {logging_mixin.py:151} INFO - [2026-05-29T10:44:54.257+0200] {dagbag.py:539} INFO - Filling up the DagBag from /home/frederic/airflow_venv/lib/python3.10/site-packages/airflow/example_dags/tutorial_dag.py
[2026-05-29T10:44:54.261+0200] {processor.py:839} INFO - DAG(s) dict_keys(['tutorial_dag']) retrieved from /home/frederic/airflow_venv/lib/python3.10/site-packages/airflow/example_dags/tutorial_dag.py
[2026-05-29T10:44:54.274+0200] {logging_mixin.py:151} INFO - [2026-05-29T10:44:54.274+0200] {dag.py:2915} INFO - Sync 1 DAGs
[2026-05-29T10:44:54.286+0200] {logging_mixin.py:151} INFO - [2026-05-29T10:44:54.285+0200] {dag.py:3696} INFO - Setting next_dagrun for tutorial_dag to None, run_after=None
[2026-05-29T10:44:54.305+0200] {processor.py:179} INFO - Processing /home/frederic/airflow_venv/lib/python3.10/site-packages/airflow/example_dags/tutorial_dag.py took 0.051 seconds
[2026-05-29T10:45:39.675+0200] {processor.py:157} INFO - Started process (PID=720213) to work on /home/frederic/airflow_venv/lib/python3.10/site-packages/airflow/example_dags/tutorial_dag.py
[2026-05-29T10:45:39.676+0200] {processor.py:829} INFO - Processing file /home/frederic/airflow_venv/lib/python3.10/site-packages/airflow/example_dags/tutorial_dag.py for tasks to queue
[2026-05-29T10:45:39.676+0200] {logging_mixin.py:151} INFO - [2026-05-29T10:45:39.676+0200] {dagbag.py:539} INFO - Filling up the DagBag from /home/frederic/airflow_venv/lib/python3.10/site-packages/airflow/example_dags/tutorial_dag.py
[2026-05-29T10:45:39.681+0200] {processor.py:839} INFO - DAG(s) dict_keys(['tutorial_dag']) retrieved from /home/frederic/airflow_venv/lib/python3.10/site-packages/airflow/example_dags/tutorial_dag.py
[2026-05-29T10:45:39.695+0200] {logging_mixin.py:151} INFO - [2026-05-29T10:45:39.695+0200] {dag.py:2915} INFO - Sync 1 DAGs
[2026-05-29T10:45:39.705+0200] {logging_mixin.py:151} INFO - [2026-05-29T10:45:39.704+0200] {dag.py:3696} INFO - Setting next_dagrun for tutorial_dag to None, run_after=None
[2026-05-29T10:45:39.727+0200] {processor.py:179} INFO - Processing /home/frederic/airflow_venv/lib/python3.10/site-packages/airflow/example_dags/tutorial_dag.py took 0.056 seconds
[2026-05-29T10:46:26.162+0200] {processor.py:157} INFO - Started process (PID=720727) to work on /home/frederic/airflow_venv/lib/python3.10/site-packages/airflow/example_dags/tutorial_dag.py
[2026-05-29T10:46:26.163+0200] {processor.py:829} INFO - Processing file /home/frederic/airflow_venv/lib/python3.10/site-packages/airflow/example_dags/tutorial_dag.py for tasks to queue
[2026-05-29T10:46:26.163+0200] {logging_mixin.py:151} INFO - [2026-05-29T10:46:26.163+0200] {dagbag.py:539} INFO - Filling up the DagBag from /home/frederic/airflow_venv/lib/python3.10/site-packages/airflow/example_dags/tutorial_dag.py
[2026-05-29T10:46:26.167+0200] {processor.py:839} INFO - DAG(s) dict_keys(['tutorial_dag']) retrieved from /home/frederic/airflow_venv/lib/python3.10/site-packages/airflow/example_dags/tutorial_dag.py
[2026-05-29T10:46:26.180+0200] {logging_mixin.py:151} INFO - [2026-05-29T10:46:26.180+0200] {dag.py:2915} INFO - Sync 1 DAGs
[2026-05-29T10:46:26.189+0200] {logging_mixin.py:151} INFO - [2026-05-29T10:46:26.188+0200] {dag.py:3696} INFO - Setting next_dagrun for tutorial_dag to None, run_after=None
[2026-05-29T10:46:26.207+0200] {processor.py:179} INFO - Processing /home/frederic/airflow_venv/lib/python3.10/site-packages/airflow/example_dags/tutorial_dag.py took 0.047 seconds
[2026-05-29T10:47:01.369+0200] {processor.py:157} INFO - Started process (PID=721102) to work on /home/frederic/airflow_venv/lib/python3.10/site-packages/airflow/example_dags/tutorial_dag.py
[2026-05-29T10:47:01.370+0200] {processor.py:829} INFO - Processing file /home/frederic/airflow_venv/lib/python3.10/site-packages/airflow/example_dags/tutorial_dag.py for tasks to queue
[2026-05-29T10:47:01.371+0200] {logging_mixin.py:151} INFO - [2026-05-29T10:47:01.370+0200] {dagbag.py:539} INFO - Filling up the DagBag from /home/frederic/airflow_venv/lib/python3.10/site-packages/airflow/example_dags/tutorial_dag.py
[2026-05-29T10:47:01.375+0200] {processor.py:839} INFO - DAG(s) dict_keys(['tutorial_dag']) retrieved from /home/frederic/airflow_venv/lib/python3.10/site-packages/airflow/example_dags/tutorial_dag.py
[2026-05-29T10:47:01.389+0200] {logging_mixin.py:151} INFO - [2026-05-29T10:47:01.389+0200] {dag.py:2915} INFO - Sync 1 DAGs
[2026-05-29T10:47:01.400+0200] {logging_mixin.py:151} INFO - [2026-05-29T10:47:01.400+0200] {dag.py:3696} INFO - Setting next_dagrun for tutorial_dag to None, run_after=None
[2026-05-29T10:47:01.415+0200] {processor.py:179} INFO - Processing /home/frederic/airflow_venv/lib/python3.10/site-packages/airflow/example_dags/tutorial_dag.py took 0.049 seconds
[2026-05-29T10:47:36.134+0200] {processor.py:157} INFO - Started process (PID=721967) to work on /home/frederic/airflow_venv/lib/python3.10/site-packages/airflow/example_dags/tutorial_dag.py
[2026-05-29T10:47:36.135+0200] {processor.py:829} INFO - Processing file /home/frederic/airflow_venv/lib/python3.10/site-packages/airflow/example_dags/tutorial_dag.py for tasks to queue
[2026-05-29T10:47:36.136+0200] {logging_mixin.py:151} INFO - [2026-05-29T10:47:36.136+0200] {dagbag.py:539} INFO - Filling up the DagBag from /home/frederic/airflow_venv/lib/python3.10/site-packages/airflow/example_dags/tutorial_dag.py
[2026-05-29T10:47:36.140+0200] {processor.py:839} INFO - DAG(s) dict_keys(['tutorial_dag']) retrieved from /home/frederic/airflow_venv/lib/python3.10/site-packages/airflow/example_dags/tutorial_dag.py
[2026-05-29T10:47:36.157+0200] {logging_mixin.py:151} INFO - [2026-05-29T10:47:36.156+0200] {dag.py:2915} INFO - Sync 1 DAGs
[2026-05-29T10:47:36.167+0200] {logging_mixin.py:151} INFO - [2026-05-29T10:47:36.167+0200] {dag.py:3696} INFO - Setting next_dagrun for tutorial_dag to None, run_after=None
[2026-05-29T10:47:36.183+0200] {processor.py:179} INFO - Processing /home/frederic/airflow_venv/lib/python3.10/site-packages/airflow/example_dags/tutorial_dag.py took 0.051 seconds
[2026-05-29T10:48:19.546+0200] {processor.py:157} INFO - Started process (PID=722477) to work on /home/frederic/airflow_venv/lib/python3.10/site-packages/airflow/example_dags/tutorial_dag.py
[2026-05-29T10:48:19.547+0200] {processor.py:829} INFO - Processing file /home/frederic/airflow_venv/lib/python3.10/site-packages/airflow/example_dags/tutorial_dag.py for tasks to queue
[2026-05-29T10:48:19.548+0200] {logging_mixin.py:151} INFO - [2026-05-29T10:48:19.547+0200] {dagbag.py:539} INFO - Filling up the DagBag from /home/frederic/airflow_venv/lib/python3.10/site-packages/airflow/example_dags/tutorial_dag.py
[2026-05-29T10:48:19.552+0200] {processor.py:839} INFO - DAG(s) dict_keys(['tutorial_dag']) retrieved from /home/frederic/airflow_venv/lib/python3.10/site-packages/airflow/example_dags/tutorial_dag.py
[2026-05-29T10:48:19.564+0200] {logging_mixin.py:151} INFO - [2026-05-29T10:48:19.564+0200] {dag.py:2915} INFO - Sync 1 DAGs
[2026-05-29T10:48:19.575+0200] {logging_mixin.py:151} INFO - [2026-05-29T10:48:19.574+0200] {dag.py:3696} INFO - Setting next_dagrun for tutorial_dag to None, run_after=None
[2026-05-29T10:48:19.593+0200] {processor.py:179} INFO - Processing /home/frederic/airflow_venv/lib/python3.10/site-packages/airflow/example_dags/tutorial_dag.py took 0.049 seconds
[2026-05-29T10:49:01.424+0200] {processor.py:157} INFO - Started process (PID=722909) to work on /home/frederic/airflow_venv/lib/python3.10/site-packages/airflow/example_dags/tutorial_dag.py
[2026-05-29T10:49:01.425+0200] {processor.py:829} INFO - Processing file /home/frederic/airflow_venv/lib/python3.10/site-packages/airflow/example_dags/tutorial_dag.py for tasks to queue
[2026-05-29T10:49:01.426+0200] {logging_mixin.py:151} INFO - [2026-05-29T10:49:01.426+0200] {dagbag.py:539} INFO - Filling up the DagBag from /home/frederic/airflow_venv/lib/python3.10/site-packages/airflow/example_dags/tutorial_dag.py
[2026-05-29T10:49:01.431+0200] {processor.py:839} INFO - DAG(s) dict_keys(['tutorial_dag']) retrieved from /home/frederic/airflow_venv/lib/python3.10/site-packages/airflow/example_dags/tutorial_dag.py
[2026-05-29T10:49:01.448+0200] {logging_mixin.py:151} INFO - [2026-05-29T10:49:01.448+0200] {dag.py:2915} INFO - Sync 1 DAGs
[2026-05-29T10:49:01.459+0200] {logging_mixin.py:151} INFO - [2026-05-29T10:49:01.459+0200] {dag.py:3696} INFO - Setting next_dagrun for tutorial_dag to None, run_after=None
[2026-05-29T10:49:01.479+0200] {processor.py:179} INFO - Processing /home/frederic/airflow_venv/lib/python3.10/site-packages/airflow/example_dags/tutorial_dag.py took 0.057 seconds
[2026-05-29T10:49:34.637+0200] {processor.py:157} INFO - Started process (PID=723271) to work on /home/frederic/airflow_venv/lib/python3.10/site-packages/airflow/example_dags/tutorial_dag.py
[2026-05-29T10:49:34.638+0200] {processor.py:829} INFO - Processing file /home/frederic/airflow_venv/lib/python3.10/site-packages/airflow/example_dags/tutorial_dag.py for tasks to queue
[2026-05-29T10:49:34.639+0200] {logging_mixin.py:151} INFO - [2026-05-29T10:49:34.638+0200] {dagbag.py:539} INFO - Filling up the DagBag from /home/frederic/airflow_venv/lib/python3.10/site-packages/airflow/example_dags/tutorial_dag.py
[2026-05-29T10:49:34.643+0200] {processor.py:839} INFO - DAG(s) dict_keys(['tutorial_dag']) retrieved from /home/frederic/airflow_venv/lib/python3.10/site-packages/airflow/example_dags/tutorial_dag.py
[2026-05-29T10:49:34.656+0200] {logging_mixin.py:151} INFO - [2026-05-29T10:49:34.655+0200] {dag.py:2915} INFO - Sync 1 DAGs
[2026-05-29T10:49:34.669+0200] {logging_mixin.py:151} INFO - [2026-05-29T10:49:34.668+0200] {dag.py:3696} INFO - Setting next_dagrun for tutorial_dag to None, run_after=None
[2026-05-29T10:49:34.687+0200] {processor.py:179} INFO - Processing /home/frederic/airflow_venv/lib/python3.10/site-packages/airflow/example_dags/tutorial_dag.py took 0.052 seconds
[2026-05-29T10:50:09.209+0200] {processor.py:157} INFO - Started process (PID=723632) to work on /home/frederic/airflow_venv/lib/python3.10/site-packages/airflow/example_dags/tutorial_dag.py
[2026-05-29T10:50:09.210+0200] {processor.py:829} INFO - Processing file /home/frederic/airflow_venv/lib/python3.10/site-packages/airflow/example_dags/tutorial_dag.py for tasks to queue
[2026-05-29T10:50:09.211+0200] {logging_mixin.py:151} INFO - [2026-05-29T10:50:09.210+0200] {dagbag.py:539} INFO - Filling up the DagBag from /home/frederic/airflow_venv/lib/python3.10/site-packages/airflow/example_dags/tutorial_dag.py
[2026-05-29T10:50:09.215+0200] {processor.py:839} INFO - DAG(s) dict_keys(['tutorial_dag']) retrieved from /home/frederic/airflow_venv/lib/python3.10/site-packages/airflow/example_dags/tutorial_dag.py
[2026-05-29T10:50:09.229+0200] {logging_mixin.py:151} INFO - [2026-05-29T10:50:09.229+0200] {dag.py:2915} INFO - Sync 1 DAGs
[2026-05-29T10:50:09.238+0200] {logging_mixin.py:151} INFO - [2026-05-29T10:50:09.238+0200] {dag.py:3696} INFO - Setting next_dagrun for tutorial_dag to None, run_after=None
[2026-05-29T10:50:09.254+0200] {processor.py:179} INFO - Processing /home/frederic/airflow_venv/lib/python3.10/site-packages/airflow/example_dags/tutorial_dag.py took 0.048 seconds
[2026-05-29T10:50:56.440+0200] {processor.py:157} INFO - Started process (PID=724085) to work on /home/frederic/airflow_venv/lib/python3.10/site-packages/airflow/example_dags/tutorial_dag.py
[2026-05-29T10:50:56.441+0200] {processor.py:829} INFO - Processing file /home/frederic/airflow_venv/lib/python3.10/site-packages/airflow/example_dags/tutorial_dag.py for tasks to queue
[2026-05-29T10:50:56.442+0200] {logging_mixin.py:151} INFO - [2026-05-29T10:50:56.441+0200] {dagbag.py:539} INFO - Filling up the DagBag from /home/frederic/airflow_venv/lib/python3.10/site-packages/airflow/example_dags/tutorial_dag.py
[2026-05-29T10:50:56.446+0200] {processor.py:839} INFO - DAG(s) dict_keys(['tutorial_dag']) retrieved from /home/frederic/airflow_venv/lib/python3.10/site-packages/airflow/example_dags/tutorial_dag.py
[2026-05-29T10:50:56.460+0200] {logging_mixin.py:151} INFO - [2026-05-29T10:50:56.460+0200] {dag.py:2915} INFO - Sync 1 DAGs
[2026-05-29T10:50:56.470+0200] {logging_mixin.py:151} INFO - [2026-05-29T10:50:56.470+0200] {dag.py:3696} INFO - Setting next_dagrun for tutorial_dag to None, run_after=None
[2026-05-29T10:50:56.484+0200] {processor.py:179} INFO - Processing /home/frederic/airflow_venv/lib/python3.10/site-packages/airflow/example_dags/tutorial_dag.py took 0.046 seconds
