[2026-05-29T02:00:03.229+0200] {processor.py:157} INFO - Started process (PID=633145) to work on /home/frederic/airflow_venv/lib/python3.10/site-packages/airflow/example_dags/subdags/subdag.py
[2026-05-29T02:00:03.230+0200] {processor.py:829} INFO - Processing file /home/frederic/airflow_venv/lib/python3.10/site-packages/airflow/example_dags/subdags/subdag.py for tasks to queue
[2026-05-29T02:00:03.231+0200] {logging_mixin.py:151} INFO - [2026-05-29T02:00:03.231+0200] {dagbag.py:539} INFO - Filling up the DagBag from /home/frederic/airflow_venv/lib/python3.10/site-packages/airflow/example_dags/subdags/subdag.py
[2026-05-29T02:00:03.232+0200] {processor.py:841} WARNING - No viable dags retrieved from /home/frederic/airflow_venv/lib/python3.10/site-packages/airflow/example_dags/subdags/subdag.py
[2026-05-29T02:00:03.240+0200] {processor.py:179} INFO - Processing /home/frederic/airflow_venv/lib/python3.10/site-packages/airflow/example_dags/subdags/subdag.py took 0.013 seconds
[2026-05-29T02:00:31.343+0200] {processor.py:157} INFO - Started process (PID=634067) to work on /home/frederic/airflow_venv/lib/python3.10/site-packages/airflow/example_dags/subdags/subdag.py
[2026-05-29T02:00:31.344+0200] {processor.py:829} INFO - Processing file /home/frederic/airflow_venv/lib/python3.10/site-packages/airflow/example_dags/subdags/subdag.py for tasks to queue
[2026-05-29T02:00:31.345+0200] {logging_mixin.py:151} INFO - [2026-05-29T02:00:31.345+0200] {dagbag.py:539} INFO - Filling up the DagBag from /home/frederic/airflow_venv/lib/python3.10/site-packages/airflow/example_dags/subdags/subdag.py
[2026-05-29T02:00:31.349+0200] {processor.py:841} WARNING - No viable dags retrieved from /home/frederic/airflow_venv/lib/python3.10/site-packages/airflow/example_dags/subdags/subdag.py
[2026-05-29T02:00:31.357+0200] {processor.py:179} INFO - Processing /home/frederic/airflow_venv/lib/python3.10/site-packages/airflow/example_dags/subdags/subdag.py took 0.017 seconds
[2026-05-29T02:00:34.736+0200] {processor.py:157} INFO - Started process (PID=634151) to work on /home/frederic/airflow_venv/lib/python3.10/site-packages/airflow/example_dags/subdags/subdag.py
[2026-05-29T02:00:34.738+0200] {processor.py:829} INFO - Processing file /home/frederic/airflow_venv/lib/python3.10/site-packages/airflow/example_dags/subdags/subdag.py for tasks to queue
[2026-05-29T02:00:34.739+0200] {logging_mixin.py:151} INFO - [2026-05-29T02:00:34.738+0200] {dagbag.py:539} INFO - Filling up the DagBag from /home/frederic/airflow_venv/lib/python3.10/site-packages/airflow/example_dags/subdags/subdag.py
[2026-05-29T02:00:34.741+0200] {processor.py:841} WARNING - No viable dags retrieved from /home/frederic/airflow_venv/lib/python3.10/site-packages/airflow/example_dags/subdags/subdag.py
[2026-05-29T02:00:34.749+0200] {processor.py:179} INFO - Processing /home/frederic/airflow_venv/lib/python3.10/site-packages/airflow/example_dags/subdags/subdag.py took 0.015 seconds
[2026-05-29T02:01:05.682+0200] {processor.py:157} INFO - Started process (PID=635025) to work on /home/frederic/airflow_venv/lib/python3.10/site-packages/airflow/example_dags/subdags/subdag.py
[2026-05-29T02:01:05.682+0200] {processor.py:829} INFO - Processing file /home/frederic/airflow_venv/lib/python3.10/site-packages/airflow/example_dags/subdags/subdag.py for tasks to queue
[2026-05-29T02:01:05.683+0200] {logging_mixin.py:151} INFO - [2026-05-29T02:01:05.683+0200] {dagbag.py:539} INFO - Filling up the DagBag from /home/frederic/airflow_venv/lib/python3.10/site-packages/airflow/example_dags/subdags/subdag.py
[2026-05-29T02:01:05.684+0200] {processor.py:841} WARNING - No viable dags retrieved from /home/frederic/airflow_venv/lib/python3.10/site-packages/airflow/example_dags/subdags/subdag.py
[2026-05-29T02:01:05.693+0200] {processor.py:179} INFO - Processing /home/frederic/airflow_venv/lib/python3.10/site-packages/airflow/example_dags/subdags/subdag.py took 0.013 seconds
[2026-05-29T02:01:14.883+0200] {processor.py:157} INFO - Started process (PID=635231) to work on /home/frederic/airflow_venv/lib/python3.10/site-packages/airflow/example_dags/subdags/subdag.py
[2026-05-29T02:01:14.884+0200] {processor.py:829} INFO - Processing file /home/frederic/airflow_venv/lib/python3.10/site-packages/airflow/example_dags/subdags/subdag.py for tasks to queue
[2026-05-29T02:01:14.884+0200] {logging_mixin.py:151} INFO - [2026-05-29T02:01:14.884+0200] {dagbag.py:539} INFO - Filling up the DagBag from /home/frederic/airflow_venv/lib/python3.10/site-packages/airflow/example_dags/subdags/subdag.py
[2026-05-29T02:01:14.886+0200] {processor.py:841} WARNING - No viable dags retrieved from /home/frederic/airflow_venv/lib/python3.10/site-packages/airflow/example_dags/subdags/subdag.py
[2026-05-29T02:01:14.894+0200] {processor.py:179} INFO - Processing /home/frederic/airflow_venv/lib/python3.10/site-packages/airflow/example_dags/subdags/subdag.py took 0.014 seconds
[2026-05-29T02:01:46.774+0200] {processor.py:157} INFO - Started process (PID=636167) to work on /home/frederic/airflow_venv/lib/python3.10/site-packages/airflow/example_dags/subdags/subdag.py
[2026-05-29T02:01:46.775+0200] {processor.py:829} INFO - Processing file /home/frederic/airflow_venv/lib/python3.10/site-packages/airflow/example_dags/subdags/subdag.py for tasks to queue
[2026-05-29T02:01:46.776+0200] {logging_mixin.py:151} INFO - [2026-05-29T02:01:46.775+0200] {dagbag.py:539} INFO - Filling up the DagBag from /home/frederic/airflow_venv/lib/python3.10/site-packages/airflow/example_dags/subdags/subdag.py
[2026-05-29T02:01:46.777+0200] {processor.py:841} WARNING - No viable dags retrieved from /home/frederic/airflow_venv/lib/python3.10/site-packages/airflow/example_dags/subdags/subdag.py
[2026-05-29T02:01:46.788+0200] {processor.py:179} INFO - Processing /home/frederic/airflow_venv/lib/python3.10/site-packages/airflow/example_dags/subdags/subdag.py took 0.016 seconds
[2026-05-29T02:01:49.286+0200] {processor.py:157} INFO - Started process (PID=636236) to work on /home/frederic/airflow_venv/lib/python3.10/site-packages/airflow/example_dags/subdags/subdag.py
[2026-05-29T02:01:49.287+0200] {processor.py:829} INFO - Processing file /home/frederic/airflow_venv/lib/python3.10/site-packages/airflow/example_dags/subdags/subdag.py for tasks to queue
[2026-05-29T02:01:49.287+0200] {logging_mixin.py:151} INFO - [2026-05-29T02:01:49.287+0200] {dagbag.py:539} INFO - Filling up the DagBag from /home/frederic/airflow_venv/lib/python3.10/site-packages/airflow/example_dags/subdags/subdag.py
[2026-05-29T02:01:49.289+0200] {processor.py:841} WARNING - No viable dags retrieved from /home/frederic/airflow_venv/lib/python3.10/site-packages/airflow/example_dags/subdags/subdag.py
[2026-05-29T02:01:49.300+0200] {processor.py:179} INFO - Processing /home/frederic/airflow_venv/lib/python3.10/site-packages/airflow/example_dags/subdags/subdag.py took 0.016 seconds
[2026-05-29T02:02:20.670+0200] {processor.py:157} INFO - Started process (PID=637231) to work on /home/frederic/airflow_venv/lib/python3.10/site-packages/airflow/example_dags/subdags/subdag.py
[2026-05-29T02:02:20.671+0200] {processor.py:829} INFO - Processing file /home/frederic/airflow_venv/lib/python3.10/site-packages/airflow/example_dags/subdags/subdag.py for tasks to queue
[2026-05-29T02:02:20.672+0200] {logging_mixin.py:151} INFO - [2026-05-29T02:02:20.672+0200] {dagbag.py:539} INFO - Filling up the DagBag from /home/frederic/airflow_venv/lib/python3.10/site-packages/airflow/example_dags/subdags/subdag.py
[2026-05-29T02:02:20.675+0200] {processor.py:841} WARNING - No viable dags retrieved from /home/frederic/airflow_venv/lib/python3.10/site-packages/airflow/example_dags/subdags/subdag.py
[2026-05-29T02:02:20.685+0200] {processor.py:179} INFO - Processing /home/frederic/airflow_venv/lib/python3.10/site-packages/airflow/example_dags/subdags/subdag.py took 0.018 seconds
[2026-05-29T02:02:35.341+0200] {processor.py:157} INFO - Started process (PID=637621) to work on /home/frederic/airflow_venv/lib/python3.10/site-packages/airflow/example_dags/subdags/subdag.py
[2026-05-29T02:02:35.342+0200] {processor.py:829} INFO - Processing file /home/frederic/airflow_venv/lib/python3.10/site-packages/airflow/example_dags/subdags/subdag.py for tasks to queue
[2026-05-29T02:02:35.343+0200] {logging_mixin.py:151} INFO - [2026-05-29T02:02:35.343+0200] {dagbag.py:539} INFO - Filling up the DagBag from /home/frederic/airflow_venv/lib/python3.10/site-packages/airflow/example_dags/subdags/subdag.py
[2026-05-29T02:02:35.345+0200] {processor.py:841} WARNING - No viable dags retrieved from /home/frederic/airflow_venv/lib/python3.10/site-packages/airflow/example_dags/subdags/subdag.py
[2026-05-29T02:02:35.353+0200] {processor.py:179} INFO - Processing /home/frederic/airflow_venv/lib/python3.10/site-packages/airflow/example_dags/subdags/subdag.py took 0.014 seconds
[2026-05-29T02:02:54.334+0200] {processor.py:157} INFO - Started process (PID=638209) to work on /home/frederic/airflow_venv/lib/python3.10/site-packages/airflow/example_dags/subdags/subdag.py
[2026-05-29T02:02:54.335+0200] {processor.py:829} INFO - Processing file /home/frederic/airflow_venv/lib/python3.10/site-packages/airflow/example_dags/subdags/subdag.py for tasks to queue
[2026-05-29T02:02:54.336+0200] {logging_mixin.py:151} INFO - [2026-05-29T02:02:54.336+0200] {dagbag.py:539} INFO - Filling up the DagBag from /home/frederic/airflow_venv/lib/python3.10/site-packages/airflow/example_dags/subdags/subdag.py
[2026-05-29T02:02:54.338+0200] {processor.py:841} WARNING - No viable dags retrieved from /home/frederic/airflow_venv/lib/python3.10/site-packages/airflow/example_dags/subdags/subdag.py
[2026-05-29T02:02:54.346+0200] {processor.py:179} INFO - Processing /home/frederic/airflow_venv/lib/python3.10/site-packages/airflow/example_dags/subdags/subdag.py took 0.014 seconds
[2026-05-29T02:03:09.345+0200] {processor.py:157} INFO - Started process (PID=638536) to work on /home/frederic/airflow_venv/lib/python3.10/site-packages/airflow/example_dags/subdags/subdag.py
[2026-05-29T02:03:09.346+0200] {processor.py:829} INFO - Processing file /home/frederic/airflow_venv/lib/python3.10/site-packages/airflow/example_dags/subdags/subdag.py for tasks to queue
[2026-05-29T02:03:09.347+0200] {logging_mixin.py:151} INFO - [2026-05-29T02:03:09.347+0200] {dagbag.py:539} INFO - Filling up the DagBag from /home/frederic/airflow_venv/lib/python3.10/site-packages/airflow/example_dags/subdags/subdag.py
[2026-05-29T02:03:09.349+0200] {processor.py:841} WARNING - No viable dags retrieved from /home/frederic/airflow_venv/lib/python3.10/site-packages/airflow/example_dags/subdags/subdag.py
[2026-05-29T02:03:09.356+0200] {processor.py:179} INFO - Processing /home/frederic/airflow_venv/lib/python3.10/site-packages/airflow/example_dags/subdags/subdag.py took 0.013 seconds
[2026-05-29T02:03:27.816+0200] {processor.py:157} INFO - Started process (PID=639181) to work on /home/frederic/airflow_venv/lib/python3.10/site-packages/airflow/example_dags/subdags/subdag.py
[2026-05-29T02:03:27.817+0200] {processor.py:829} INFO - Processing file /home/frederic/airflow_venv/lib/python3.10/site-packages/airflow/example_dags/subdags/subdag.py for tasks to queue
[2026-05-29T02:03:27.818+0200] {logging_mixin.py:151} INFO - [2026-05-29T02:03:27.818+0200] {dagbag.py:539} INFO - Filling up the DagBag from /home/frederic/airflow_venv/lib/python3.10/site-packages/airflow/example_dags/subdags/subdag.py
[2026-05-29T02:03:27.822+0200] {processor.py:841} WARNING - No viable dags retrieved from /home/frederic/airflow_venv/lib/python3.10/site-packages/airflow/example_dags/subdags/subdag.py
[2026-05-29T02:03:27.834+0200] {processor.py:179} INFO - Processing /home/frederic/airflow_venv/lib/python3.10/site-packages/airflow/example_dags/subdags/subdag.py took 0.021 seconds
[2026-05-29T02:03:40.821+0200] {processor.py:157} INFO - Started process (PID=639655) to work on /home/frederic/airflow_venv/lib/python3.10/site-packages/airflow/example_dags/subdags/subdag.py
[2026-05-29T02:03:40.822+0200] {processor.py:829} INFO - Processing file /home/frederic/airflow_venv/lib/python3.10/site-packages/airflow/example_dags/subdags/subdag.py for tasks to queue
[2026-05-29T02:03:40.822+0200] {logging_mixin.py:151} INFO - [2026-05-29T02:03:40.822+0200] {dagbag.py:539} INFO - Filling up the DagBag from /home/frederic/airflow_venv/lib/python3.10/site-packages/airflow/example_dags/subdags/subdag.py
[2026-05-29T02:03:40.825+0200] {processor.py:841} WARNING - No viable dags retrieved from /home/frederic/airflow_venv/lib/python3.10/site-packages/airflow/example_dags/subdags/subdag.py
[2026-05-29T02:03:40.832+0200] {processor.py:179} INFO - Processing /home/frederic/airflow_venv/lib/python3.10/site-packages/airflow/example_dags/subdags/subdag.py took 0.014 seconds
[2026-05-29T09:55:59.504+0200] {processor.py:157} INFO - Started process (PID=679937) to work on /home/frederic/airflow_venv/lib/python3.10/site-packages/airflow/example_dags/subdags/subdag.py
[2026-05-29T09:55:59.505+0200] {processor.py:829} INFO - Processing file /home/frederic/airflow_venv/lib/python3.10/site-packages/airflow/example_dags/subdags/subdag.py for tasks to queue
[2026-05-29T09:55:59.505+0200] {logging_mixin.py:151} INFO - [2026-05-29T09:55:59.505+0200] {dagbag.py:539} INFO - Filling up the DagBag from /home/frederic/airflow_venv/lib/python3.10/site-packages/airflow/example_dags/subdags/subdag.py
[2026-05-29T09:55:59.507+0200] {processor.py:841} WARNING - No viable dags retrieved from /home/frederic/airflow_venv/lib/python3.10/site-packages/airflow/example_dags/subdags/subdag.py
[2026-05-29T09:55:59.518+0200] {processor.py:179} INFO - Processing /home/frederic/airflow_venv/lib/python3.10/site-packages/airflow/example_dags/subdags/subdag.py took 0.017 seconds
[2026-05-29T09:58:00.031+0200] {processor.py:157} INFO - Started process (PID=681471) to work on /home/frederic/airflow_venv/lib/python3.10/site-packages/airflow/example_dags/subdags/subdag.py
[2026-05-29T09:58:00.034+0200] {processor.py:829} INFO - Processing file /home/frederic/airflow_venv/lib/python3.10/site-packages/airflow/example_dags/subdags/subdag.py for tasks to queue
[2026-05-29T09:58:00.035+0200] {logging_mixin.py:151} INFO - [2026-05-29T09:58:00.035+0200] {dagbag.py:539} INFO - Filling up the DagBag from /home/frederic/airflow_venv/lib/python3.10/site-packages/airflow/example_dags/subdags/subdag.py
[2026-05-29T09:58:00.037+0200] {processor.py:841} WARNING - No viable dags retrieved from /home/frederic/airflow_venv/lib/python3.10/site-packages/airflow/example_dags/subdags/subdag.py
[2026-05-29T09:58:00.045+0200] {processor.py:179} INFO - Processing /home/frederic/airflow_venv/lib/python3.10/site-packages/airflow/example_dags/subdags/subdag.py took 0.017 seconds
[2026-05-29T09:58:48.551+0200] {processor.py:157} INFO - Started process (PID=682434) to work on /home/frederic/airflow_venv/lib/python3.10/site-packages/airflow/example_dags/subdags/subdag.py
[2026-05-29T09:58:48.552+0200] {processor.py:829} INFO - Processing file /home/frederic/airflow_venv/lib/python3.10/site-packages/airflow/example_dags/subdags/subdag.py for tasks to queue
[2026-05-29T09:58:48.553+0200] {logging_mixin.py:151} INFO - [2026-05-29T09:58:48.552+0200] {dagbag.py:539} INFO - Filling up the DagBag from /home/frederic/airflow_venv/lib/python3.10/site-packages/airflow/example_dags/subdags/subdag.py
[2026-05-29T09:58:48.554+0200] {processor.py:841} WARNING - No viable dags retrieved from /home/frederic/airflow_venv/lib/python3.10/site-packages/airflow/example_dags/subdags/subdag.py
[2026-05-29T09:58:48.561+0200] {processor.py:179} INFO - Processing /home/frederic/airflow_venv/lib/python3.10/site-packages/airflow/example_dags/subdags/subdag.py took 0.012 seconds
[2026-05-29T09:59:29.759+0200] {processor.py:157} INFO - Started process (PID=683651) to work on /home/frederic/airflow_venv/lib/python3.10/site-packages/airflow/example_dags/subdags/subdag.py
[2026-05-29T09:59:29.760+0200] {processor.py:829} INFO - Processing file /home/frederic/airflow_venv/lib/python3.10/site-packages/airflow/example_dags/subdags/subdag.py for tasks to queue
[2026-05-29T09:59:29.761+0200] {logging_mixin.py:151} INFO - [2026-05-29T09:59:29.760+0200] {dagbag.py:539} INFO - Filling up the DagBag from /home/frederic/airflow_venv/lib/python3.10/site-packages/airflow/example_dags/subdags/subdag.py
[2026-05-29T09:59:29.763+0200] {processor.py:841} WARNING - No viable dags retrieved from /home/frederic/airflow_venv/lib/python3.10/site-packages/airflow/example_dags/subdags/subdag.py
[2026-05-29T09:59:29.773+0200] {processor.py:179} INFO - Processing /home/frederic/airflow_venv/lib/python3.10/site-packages/airflow/example_dags/subdags/subdag.py took 0.017 seconds
[2026-05-29T10:00:04.119+0200] {processor.py:157} INFO - Started process (PID=684027) to work on /home/frederic/airflow_venv/lib/python3.10/site-packages/airflow/example_dags/subdags/subdag.py
[2026-05-29T10:00:04.120+0200] {processor.py:829} INFO - Processing file /home/frederic/airflow_venv/lib/python3.10/site-packages/airflow/example_dags/subdags/subdag.py for tasks to queue
[2026-05-29T10:00:04.121+0200] {logging_mixin.py:151} INFO - [2026-05-29T10:00:04.120+0200] {dagbag.py:539} INFO - Filling up the DagBag from /home/frederic/airflow_venv/lib/python3.10/site-packages/airflow/example_dags/subdags/subdag.py
[2026-05-29T10:00:04.123+0200] {processor.py:841} WARNING - No viable dags retrieved from /home/frederic/airflow_venv/lib/python3.10/site-packages/airflow/example_dags/subdags/subdag.py
[2026-05-29T10:00:04.132+0200] {processor.py:179} INFO - Processing /home/frederic/airflow_venv/lib/python3.10/site-packages/airflow/example_dags/subdags/subdag.py took 0.015 seconds
[2026-05-29T10:00:38.876+0200] {processor.py:157} INFO - Started process (PID=684529) to work on /home/frederic/airflow_venv/lib/python3.10/site-packages/airflow/example_dags/subdags/subdag.py
[2026-05-29T10:00:38.877+0200] {processor.py:829} INFO - Processing file /home/frederic/airflow_venv/lib/python3.10/site-packages/airflow/example_dags/subdags/subdag.py for tasks to queue
[2026-05-29T10:00:38.878+0200] {logging_mixin.py:151} INFO - [2026-05-29T10:00:38.878+0200] {dagbag.py:539} INFO - Filling up the DagBag from /home/frederic/airflow_venv/lib/python3.10/site-packages/airflow/example_dags/subdags/subdag.py
[2026-05-29T10:00:38.880+0200] {processor.py:841} WARNING - No viable dags retrieved from /home/frederic/airflow_venv/lib/python3.10/site-packages/airflow/example_dags/subdags/subdag.py
[2026-05-29T10:00:38.893+0200] {processor.py:179} INFO - Processing /home/frederic/airflow_venv/lib/python3.10/site-packages/airflow/example_dags/subdags/subdag.py took 0.021 seconds
[2026-05-29T10:01:11.610+0200] {processor.py:157} INFO - Started process (PID=685257) to work on /home/frederic/airflow_venv/lib/python3.10/site-packages/airflow/example_dags/subdags/subdag.py
[2026-05-29T10:01:11.611+0200] {processor.py:829} INFO - Processing file /home/frederic/airflow_venv/lib/python3.10/site-packages/airflow/example_dags/subdags/subdag.py for tasks to queue
[2026-05-29T10:01:11.612+0200] {logging_mixin.py:151} INFO - [2026-05-29T10:01:11.611+0200] {dagbag.py:539} INFO - Filling up the DagBag from /home/frederic/airflow_venv/lib/python3.10/site-packages/airflow/example_dags/subdags/subdag.py
[2026-05-29T10:01:11.613+0200] {processor.py:841} WARNING - No viable dags retrieved from /home/frederic/airflow_venv/lib/python3.10/site-packages/airflow/example_dags/subdags/subdag.py
[2026-05-29T10:01:11.624+0200] {processor.py:179} INFO - Processing /home/frederic/airflow_venv/lib/python3.10/site-packages/airflow/example_dags/subdags/subdag.py took 0.017 seconds
[2026-05-29T10:01:43.033+0200] {processor.py:157} INFO - Started process (PID=685585) to work on /home/frederic/airflow_venv/lib/python3.10/site-packages/airflow/example_dags/subdags/subdag.py
[2026-05-29T10:01:43.034+0200] {processor.py:829} INFO - Processing file /home/frederic/airflow_venv/lib/python3.10/site-packages/airflow/example_dags/subdags/subdag.py for tasks to queue
[2026-05-29T10:01:43.036+0200] {logging_mixin.py:151} INFO - [2026-05-29T10:01:43.035+0200] {dagbag.py:539} INFO - Filling up the DagBag from /home/frederic/airflow_venv/lib/python3.10/site-packages/airflow/example_dags/subdags/subdag.py
[2026-05-29T10:01:43.038+0200] {processor.py:841} WARNING - No viable dags retrieved from /home/frederic/airflow_venv/lib/python3.10/site-packages/airflow/example_dags/subdags/subdag.py
[2026-05-29T10:01:43.046+0200] {processor.py:179} INFO - Processing /home/frederic/airflow_venv/lib/python3.10/site-packages/airflow/example_dags/subdags/subdag.py took 0.015 seconds
[2026-05-29T10:02:16.043+0200] {processor.py:157} INFO - Started process (PID=686067) to work on /home/frederic/airflow_venv/lib/python3.10/site-packages/airflow/example_dags/subdags/subdag.py
[2026-05-29T10:02:16.044+0200] {processor.py:829} INFO - Processing file /home/frederic/airflow_venv/lib/python3.10/site-packages/airflow/example_dags/subdags/subdag.py for tasks to queue
[2026-05-29T10:02:16.045+0200] {logging_mixin.py:151} INFO - [2026-05-29T10:02:16.044+0200] {dagbag.py:539} INFO - Filling up the DagBag from /home/frederic/airflow_venv/lib/python3.10/site-packages/airflow/example_dags/subdags/subdag.py
[2026-05-29T10:02:16.046+0200] {processor.py:841} WARNING - No viable dags retrieved from /home/frederic/airflow_venv/lib/python3.10/site-packages/airflow/example_dags/subdags/subdag.py
[2026-05-29T10:02:16.055+0200] {processor.py:179} INFO - Processing /home/frederic/airflow_venv/lib/python3.10/site-packages/airflow/example_dags/subdags/subdag.py took 0.015 seconds
[2026-05-29T10:03:00.778+0200] {processor.py:157} INFO - Started process (PID=686465) to work on /home/frederic/airflow_venv/lib/python3.10/site-packages/airflow/example_dags/subdags/subdag.py
[2026-05-29T10:03:00.779+0200] {processor.py:829} INFO - Processing file /home/frederic/airflow_venv/lib/python3.10/site-packages/airflow/example_dags/subdags/subdag.py for tasks to queue
[2026-05-29T10:03:00.780+0200] {logging_mixin.py:151} INFO - [2026-05-29T10:03:00.779+0200] {dagbag.py:539} INFO - Filling up the DagBag from /home/frederic/airflow_venv/lib/python3.10/site-packages/airflow/example_dags/subdags/subdag.py
[2026-05-29T10:03:00.782+0200] {processor.py:841} WARNING - No viable dags retrieved from /home/frederic/airflow_venv/lib/python3.10/site-packages/airflow/example_dags/subdags/subdag.py
[2026-05-29T10:03:00.792+0200] {processor.py:179} INFO - Processing /home/frederic/airflow_venv/lib/python3.10/site-packages/airflow/example_dags/subdags/subdag.py took 0.017 seconds
[2026-05-29T10:03:32.771+0200] {processor.py:157} INFO - Started process (PID=686785) to work on /home/frederic/airflow_venv/lib/python3.10/site-packages/airflow/example_dags/subdags/subdag.py
[2026-05-29T10:03:32.774+0200] {processor.py:829} INFO - Processing file /home/frederic/airflow_venv/lib/python3.10/site-packages/airflow/example_dags/subdags/subdag.py for tasks to queue
[2026-05-29T10:03:32.775+0200] {logging_mixin.py:151} INFO - [2026-05-29T10:03:32.775+0200] {dagbag.py:539} INFO - Filling up the DagBag from /home/frederic/airflow_venv/lib/python3.10/site-packages/airflow/example_dags/subdags/subdag.py
[2026-05-29T10:03:32.777+0200] {processor.py:841} WARNING - No viable dags retrieved from /home/frederic/airflow_venv/lib/python3.10/site-packages/airflow/example_dags/subdags/subdag.py
[2026-05-29T10:03:32.786+0200] {processor.py:179} INFO - Processing /home/frederic/airflow_venv/lib/python3.10/site-packages/airflow/example_dags/subdags/subdag.py took 0.019 seconds
[2026-05-29T10:04:04.769+0200] {processor.py:157} INFO - Started process (PID=687777) to work on /home/frederic/airflow_venv/lib/python3.10/site-packages/airflow/example_dags/subdags/subdag.py
[2026-05-29T10:04:04.770+0200] {processor.py:829} INFO - Processing file /home/frederic/airflow_venv/lib/python3.10/site-packages/airflow/example_dags/subdags/subdag.py for tasks to queue
[2026-05-29T10:04:04.771+0200] {logging_mixin.py:151} INFO - [2026-05-29T10:04:04.771+0200] {dagbag.py:539} INFO - Filling up the DagBag from /home/frederic/airflow_venv/lib/python3.10/site-packages/airflow/example_dags/subdags/subdag.py
[2026-05-29T10:04:04.773+0200] {processor.py:841} WARNING - No viable dags retrieved from /home/frederic/airflow_venv/lib/python3.10/site-packages/airflow/example_dags/subdags/subdag.py
[2026-05-29T10:04:04.783+0200] {processor.py:179} INFO - Processing /home/frederic/airflow_venv/lib/python3.10/site-packages/airflow/example_dags/subdags/subdag.py took 0.017 seconds
[2026-05-29T10:04:37.471+0200] {processor.py:157} INFO - Started process (PID=688264) to work on /home/frederic/airflow_venv/lib/python3.10/site-packages/airflow/example_dags/subdags/subdag.py
[2026-05-29T10:04:37.472+0200] {processor.py:829} INFO - Processing file /home/frederic/airflow_venv/lib/python3.10/site-packages/airflow/example_dags/subdags/subdag.py for tasks to queue
[2026-05-29T10:04:37.473+0200] {logging_mixin.py:151} INFO - [2026-05-29T10:04:37.473+0200] {dagbag.py:539} INFO - Filling up the DagBag from /home/frederic/airflow_venv/lib/python3.10/site-packages/airflow/example_dags/subdags/subdag.py
[2026-05-29T10:04:37.477+0200] {processor.py:841} WARNING - No viable dags retrieved from /home/frederic/airflow_venv/lib/python3.10/site-packages/airflow/example_dags/subdags/subdag.py
[2026-05-29T10:04:37.486+0200] {processor.py:179} INFO - Processing /home/frederic/airflow_venv/lib/python3.10/site-packages/airflow/example_dags/subdags/subdag.py took 0.017 seconds
[2026-05-29T10:05:10.384+0200] {processor.py:157} INFO - Started process (PID=689173) to work on /home/frederic/airflow_venv/lib/python3.10/site-packages/airflow/example_dags/subdags/subdag.py
[2026-05-29T10:05:10.385+0200] {processor.py:829} INFO - Processing file /home/frederic/airflow_venv/lib/python3.10/site-packages/airflow/example_dags/subdags/subdag.py for tasks to queue
[2026-05-29T10:05:10.385+0200] {logging_mixin.py:151} INFO - [2026-05-29T10:05:10.385+0200] {dagbag.py:539} INFO - Filling up the DagBag from /home/frederic/airflow_venv/lib/python3.10/site-packages/airflow/example_dags/subdags/subdag.py
[2026-05-29T10:05:10.387+0200] {processor.py:841} WARNING - No viable dags retrieved from /home/frederic/airflow_venv/lib/python3.10/site-packages/airflow/example_dags/subdags/subdag.py
[2026-05-29T10:05:10.396+0200] {processor.py:179} INFO - Processing /home/frederic/airflow_venv/lib/python3.10/site-packages/airflow/example_dags/subdags/subdag.py took 0.015 seconds
[2026-05-29T10:05:55.130+0200] {processor.py:157} INFO - Started process (PID=689843) to work on /home/frederic/airflow_venv/lib/python3.10/site-packages/airflow/example_dags/subdags/subdag.py
[2026-05-29T10:05:55.132+0200] {processor.py:829} INFO - Processing file /home/frederic/airflow_venv/lib/python3.10/site-packages/airflow/example_dags/subdags/subdag.py for tasks to queue
[2026-05-29T10:05:55.132+0200] {logging_mixin.py:151} INFO - [2026-05-29T10:05:55.132+0200] {dagbag.py:539} INFO - Filling up the DagBag from /home/frederic/airflow_venv/lib/python3.10/site-packages/airflow/example_dags/subdags/subdag.py
[2026-05-29T10:05:55.134+0200] {processor.py:841} WARNING - No viable dags retrieved from /home/frederic/airflow_venv/lib/python3.10/site-packages/airflow/example_dags/subdags/subdag.py
[2026-05-29T10:05:55.143+0200] {processor.py:179} INFO - Processing /home/frederic/airflow_venv/lib/python3.10/site-packages/airflow/example_dags/subdags/subdag.py took 0.016 seconds
[2026-05-29T10:06:27.800+0200] {processor.py:157} INFO - Started process (PID=690238) to work on /home/frederic/airflow_venv/lib/python3.10/site-packages/airflow/example_dags/subdags/subdag.py
[2026-05-29T10:06:27.801+0200] {processor.py:829} INFO - Processing file /home/frederic/airflow_venv/lib/python3.10/site-packages/airflow/example_dags/subdags/subdag.py for tasks to queue
[2026-05-29T10:06:27.802+0200] {logging_mixin.py:151} INFO - [2026-05-29T10:06:27.802+0200] {dagbag.py:539} INFO - Filling up the DagBag from /home/frederic/airflow_venv/lib/python3.10/site-packages/airflow/example_dags/subdags/subdag.py
[2026-05-29T10:06:27.805+0200] {processor.py:841} WARNING - No viable dags retrieved from /home/frederic/airflow_venv/lib/python3.10/site-packages/airflow/example_dags/subdags/subdag.py
[2026-05-29T10:06:27.816+0200] {processor.py:179} INFO - Processing /home/frederic/airflow_venv/lib/python3.10/site-packages/airflow/example_dags/subdags/subdag.py took 0.020 seconds
[2026-05-29T10:07:04.823+0200] {processor.py:157} INFO - Started process (PID=690799) to work on /home/frederic/airflow_venv/lib/python3.10/site-packages/airflow/example_dags/subdags/subdag.py
[2026-05-29T10:07:04.825+0200] {processor.py:829} INFO - Processing file /home/frederic/airflow_venv/lib/python3.10/site-packages/airflow/example_dags/subdags/subdag.py for tasks to queue
[2026-05-29T10:07:04.825+0200] {logging_mixin.py:151} INFO - [2026-05-29T10:07:04.825+0200] {dagbag.py:539} INFO - Filling up the DagBag from /home/frederic/airflow_venv/lib/python3.10/site-packages/airflow/example_dags/subdags/subdag.py
[2026-05-29T10:07:04.827+0200] {processor.py:841} WARNING - No viable dags retrieved from /home/frederic/airflow_venv/lib/python3.10/site-packages/airflow/example_dags/subdags/subdag.py
[2026-05-29T10:07:04.836+0200] {processor.py:179} INFO - Processing /home/frederic/airflow_venv/lib/python3.10/site-packages/airflow/example_dags/subdags/subdag.py took 0.016 seconds
[2026-05-29T10:07:42.242+0200] {processor.py:157} INFO - Started process (PID=691150) to work on /home/frederic/airflow_venv/lib/python3.10/site-packages/airflow/example_dags/subdags/subdag.py
[2026-05-29T10:07:42.244+0200] {processor.py:829} INFO - Processing file /home/frederic/airflow_venv/lib/python3.10/site-packages/airflow/example_dags/subdags/subdag.py for tasks to queue
[2026-05-29T10:07:42.245+0200] {logging_mixin.py:151} INFO - [2026-05-29T10:07:42.244+0200] {dagbag.py:539} INFO - Filling up the DagBag from /home/frederic/airflow_venv/lib/python3.10/site-packages/airflow/example_dags/subdags/subdag.py
[2026-05-29T10:07:42.247+0200] {processor.py:841} WARNING - No viable dags retrieved from /home/frederic/airflow_venv/lib/python3.10/site-packages/airflow/example_dags/subdags/subdag.py
[2026-05-29T10:07:42.259+0200] {processor.py:179} INFO - Processing /home/frederic/airflow_venv/lib/python3.10/site-packages/airflow/example_dags/subdags/subdag.py took 0.020 seconds
[2026-05-29T10:08:14.825+0200] {processor.py:157} INFO - Started process (PID=691634) to work on /home/frederic/airflow_venv/lib/python3.10/site-packages/airflow/example_dags/subdags/subdag.py
[2026-05-29T10:08:14.827+0200] {processor.py:829} INFO - Processing file /home/frederic/airflow_venv/lib/python3.10/site-packages/airflow/example_dags/subdags/subdag.py for tasks to queue
[2026-05-29T10:08:14.828+0200] {logging_mixin.py:151} INFO - [2026-05-29T10:08:14.828+0200] {dagbag.py:539} INFO - Filling up the DagBag from /home/frederic/airflow_venv/lib/python3.10/site-packages/airflow/example_dags/subdags/subdag.py
[2026-05-29T10:08:14.830+0200] {processor.py:841} WARNING - No viable dags retrieved from /home/frederic/airflow_venv/lib/python3.10/site-packages/airflow/example_dags/subdags/subdag.py
[2026-05-29T10:08:14.839+0200] {processor.py:179} INFO - Processing /home/frederic/airflow_venv/lib/python3.10/site-packages/airflow/example_dags/subdags/subdag.py took 0.017 seconds
[2026-05-29T10:08:45.639+0200] {processor.py:157} INFO - Started process (PID=691930) to work on /home/frederic/airflow_venv/lib/python3.10/site-packages/airflow/example_dags/subdags/subdag.py
[2026-05-29T10:08:45.639+0200] {processor.py:829} INFO - Processing file /home/frederic/airflow_venv/lib/python3.10/site-packages/airflow/example_dags/subdags/subdag.py for tasks to queue
[2026-05-29T10:08:45.640+0200] {logging_mixin.py:151} INFO - [2026-05-29T10:08:45.640+0200] {dagbag.py:539} INFO - Filling up the DagBag from /home/frederic/airflow_venv/lib/python3.10/site-packages/airflow/example_dags/subdags/subdag.py
[2026-05-29T10:08:45.642+0200] {processor.py:841} WARNING - No viable dags retrieved from /home/frederic/airflow_venv/lib/python3.10/site-packages/airflow/example_dags/subdags/subdag.py
[2026-05-29T10:08:45.652+0200] {processor.py:179} INFO - Processing /home/frederic/airflow_venv/lib/python3.10/site-packages/airflow/example_dags/subdags/subdag.py took 0.016 seconds
[2026-05-29T10:09:16.501+0200] {processor.py:157} INFO - Started process (PID=692353) to work on /home/frederic/airflow_venv/lib/python3.10/site-packages/airflow/example_dags/subdags/subdag.py
[2026-05-29T10:09:16.504+0200] {processor.py:829} INFO - Processing file /home/frederic/airflow_venv/lib/python3.10/site-packages/airflow/example_dags/subdags/subdag.py for tasks to queue
[2026-05-29T10:09:16.505+0200] {logging_mixin.py:151} INFO - [2026-05-29T10:09:16.505+0200] {dagbag.py:539} INFO - Filling up the DagBag from /home/frederic/airflow_venv/lib/python3.10/site-packages/airflow/example_dags/subdags/subdag.py
[2026-05-29T10:09:16.507+0200] {processor.py:841} WARNING - No viable dags retrieved from /home/frederic/airflow_venv/lib/python3.10/site-packages/airflow/example_dags/subdags/subdag.py
[2026-05-29T10:09:16.515+0200] {processor.py:179} INFO - Processing /home/frederic/airflow_venv/lib/python3.10/site-packages/airflow/example_dags/subdags/subdag.py took 0.017 seconds
[2026-05-29T10:09:49.201+0200] {processor.py:157} INFO - Started process (PID=692681) to work on /home/frederic/airflow_venv/lib/python3.10/site-packages/airflow/example_dags/subdags/subdag.py
[2026-05-29T10:09:49.202+0200] {processor.py:829} INFO - Processing file /home/frederic/airflow_venv/lib/python3.10/site-packages/airflow/example_dags/subdags/subdag.py for tasks to queue
[2026-05-29T10:09:49.203+0200] {logging_mixin.py:151} INFO - [2026-05-29T10:09:49.203+0200] {dagbag.py:539} INFO - Filling up the DagBag from /home/frederic/airflow_venv/lib/python3.10/site-packages/airflow/example_dags/subdags/subdag.py
[2026-05-29T10:09:49.205+0200] {processor.py:841} WARNING - No viable dags retrieved from /home/frederic/airflow_venv/lib/python3.10/site-packages/airflow/example_dags/subdags/subdag.py
[2026-05-29T10:09:49.213+0200] {processor.py:179} INFO - Processing /home/frederic/airflow_venv/lib/python3.10/site-packages/airflow/example_dags/subdags/subdag.py took 0.017 seconds
[2026-05-29T10:10:21.605+0200] {processor.py:157} INFO - Started process (PID=693175) to work on /home/frederic/airflow_venv/lib/python3.10/site-packages/airflow/example_dags/subdags/subdag.py
[2026-05-29T10:10:21.608+0200] {processor.py:829} INFO - Processing file /home/frederic/airflow_venv/lib/python3.10/site-packages/airflow/example_dags/subdags/subdag.py for tasks to queue
[2026-05-29T10:10:21.609+0200] {logging_mixin.py:151} INFO - [2026-05-29T10:10:21.609+0200] {dagbag.py:539} INFO - Filling up the DagBag from /home/frederic/airflow_venv/lib/python3.10/site-packages/airflow/example_dags/subdags/subdag.py
[2026-05-29T10:10:21.613+0200] {processor.py:841} WARNING - No viable dags retrieved from /home/frederic/airflow_venv/lib/python3.10/site-packages/airflow/example_dags/subdags/subdag.py
[2026-05-29T10:10:21.621+0200] {processor.py:179} INFO - Processing /home/frederic/airflow_venv/lib/python3.10/site-packages/airflow/example_dags/subdags/subdag.py took 0.018 seconds
[2026-05-29T10:10:53.020+0200] {processor.py:157} INFO - Started process (PID=693875) to work on /home/frederic/airflow_venv/lib/python3.10/site-packages/airflow/example_dags/subdags/subdag.py
[2026-05-29T10:10:53.021+0200] {processor.py:829} INFO - Processing file /home/frederic/airflow_venv/lib/python3.10/site-packages/airflow/example_dags/subdags/subdag.py for tasks to queue
[2026-05-29T10:10:53.022+0200] {logging_mixin.py:151} INFO - [2026-05-29T10:10:53.022+0200] {dagbag.py:539} INFO - Filling up the DagBag from /home/frederic/airflow_venv/lib/python3.10/site-packages/airflow/example_dags/subdags/subdag.py
[2026-05-29T10:10:53.024+0200] {processor.py:841} WARNING - No viable dags retrieved from /home/frederic/airflow_venv/lib/python3.10/site-packages/airflow/example_dags/subdags/subdag.py
[2026-05-29T10:10:53.034+0200] {processor.py:179} INFO - Processing /home/frederic/airflow_venv/lib/python3.10/site-packages/airflow/example_dags/subdags/subdag.py took 0.018 seconds
[2026-05-29T10:11:26.134+0200] {processor.py:157} INFO - Started process (PID=694490) to work on /home/frederic/airflow_venv/lib/python3.10/site-packages/airflow/example_dags/subdags/subdag.py
[2026-05-29T10:11:26.135+0200] {processor.py:829} INFO - Processing file /home/frederic/airflow_venv/lib/python3.10/site-packages/airflow/example_dags/subdags/subdag.py for tasks to queue
[2026-05-29T10:11:26.136+0200] {logging_mixin.py:151} INFO - [2026-05-29T10:11:26.136+0200] {dagbag.py:539} INFO - Filling up the DagBag from /home/frederic/airflow_venv/lib/python3.10/site-packages/airflow/example_dags/subdags/subdag.py
[2026-05-29T10:11:26.138+0200] {processor.py:841} WARNING - No viable dags retrieved from /home/frederic/airflow_venv/lib/python3.10/site-packages/airflow/example_dags/subdags/subdag.py
[2026-05-29T10:11:26.145+0200] {processor.py:179} INFO - Processing /home/frederic/airflow_venv/lib/python3.10/site-packages/airflow/example_dags/subdags/subdag.py took 0.013 seconds
[2026-05-29T10:11:59.478+0200] {processor.py:157} INFO - Started process (PID=695191) to work on /home/frederic/airflow_venv/lib/python3.10/site-packages/airflow/example_dags/subdags/subdag.py
[2026-05-29T10:11:59.478+0200] {processor.py:829} INFO - Processing file /home/frederic/airflow_venv/lib/python3.10/site-packages/airflow/example_dags/subdags/subdag.py for tasks to queue
[2026-05-29T10:11:59.479+0200] {logging_mixin.py:151} INFO - [2026-05-29T10:11:59.479+0200] {dagbag.py:539} INFO - Filling up the DagBag from /home/frederic/airflow_venv/lib/python3.10/site-packages/airflow/example_dags/subdags/subdag.py
[2026-05-29T10:11:59.481+0200] {processor.py:841} WARNING - No viable dags retrieved from /home/frederic/airflow_venv/lib/python3.10/site-packages/airflow/example_dags/subdags/subdag.py
[2026-05-29T10:11:59.489+0200] {processor.py:179} INFO - Processing /home/frederic/airflow_venv/lib/python3.10/site-packages/airflow/example_dags/subdags/subdag.py took 0.013 seconds
[2026-05-29T10:12:40.491+0200] {processor.py:157} INFO - Started process (PID=695621) to work on /home/frederic/airflow_venv/lib/python3.10/site-packages/airflow/example_dags/subdags/subdag.py
[2026-05-29T10:12:40.492+0200] {processor.py:829} INFO - Processing file /home/frederic/airflow_venv/lib/python3.10/site-packages/airflow/example_dags/subdags/subdag.py for tasks to queue
[2026-05-29T10:12:40.492+0200] {logging_mixin.py:151} INFO - [2026-05-29T10:12:40.492+0200] {dagbag.py:539} INFO - Filling up the DagBag from /home/frederic/airflow_venv/lib/python3.10/site-packages/airflow/example_dags/subdags/subdag.py
[2026-05-29T10:12:40.494+0200] {processor.py:841} WARNING - No viable dags retrieved from /home/frederic/airflow_venv/lib/python3.10/site-packages/airflow/example_dags/subdags/subdag.py
[2026-05-29T10:12:40.501+0200] {processor.py:179} INFO - Processing /home/frederic/airflow_venv/lib/python3.10/site-packages/airflow/example_dags/subdags/subdag.py took 0.013 seconds
[2026-05-29T10:13:20.162+0200] {processor.py:157} INFO - Started process (PID=696106) to work on /home/frederic/airflow_venv/lib/python3.10/site-packages/airflow/example_dags/subdags/subdag.py
[2026-05-29T10:13:20.163+0200] {processor.py:829} INFO - Processing file /home/frederic/airflow_venv/lib/python3.10/site-packages/airflow/example_dags/subdags/subdag.py for tasks to queue
[2026-05-29T10:13:20.163+0200] {logging_mixin.py:151} INFO - [2026-05-29T10:13:20.163+0200] {dagbag.py:539} INFO - Filling up the DagBag from /home/frederic/airflow_venv/lib/python3.10/site-packages/airflow/example_dags/subdags/subdag.py
[2026-05-29T10:13:20.165+0200] {processor.py:841} WARNING - No viable dags retrieved from /home/frederic/airflow_venv/lib/python3.10/site-packages/airflow/example_dags/subdags/subdag.py
[2026-05-29T10:13:20.172+0200] {processor.py:179} INFO - Processing /home/frederic/airflow_venv/lib/python3.10/site-packages/airflow/example_dags/subdags/subdag.py took 0.012 seconds
[2026-05-29T10:13:52.429+0200] {processor.py:157} INFO - Started process (PID=696445) to work on /home/frederic/airflow_venv/lib/python3.10/site-packages/airflow/example_dags/subdags/subdag.py
[2026-05-29T10:13:52.430+0200] {processor.py:829} INFO - Processing file /home/frederic/airflow_venv/lib/python3.10/site-packages/airflow/example_dags/subdags/subdag.py for tasks to queue
[2026-05-29T10:13:52.431+0200] {logging_mixin.py:151} INFO - [2026-05-29T10:13:52.430+0200] {dagbag.py:539} INFO - Filling up the DagBag from /home/frederic/airflow_venv/lib/python3.10/site-packages/airflow/example_dags/subdags/subdag.py
[2026-05-29T10:13:52.432+0200] {processor.py:841} WARNING - No viable dags retrieved from /home/frederic/airflow_venv/lib/python3.10/site-packages/airflow/example_dags/subdags/subdag.py
[2026-05-29T10:13:52.441+0200] {processor.py:179} INFO - Processing /home/frederic/airflow_venv/lib/python3.10/site-packages/airflow/example_dags/subdags/subdag.py took 0.014 seconds
[2026-05-29T10:14:27.266+0200] {processor.py:157} INFO - Started process (PID=696853) to work on /home/frederic/airflow_venv/lib/python3.10/site-packages/airflow/example_dags/subdags/subdag.py
[2026-05-29T10:14:27.267+0200] {processor.py:829} INFO - Processing file /home/frederic/airflow_venv/lib/python3.10/site-packages/airflow/example_dags/subdags/subdag.py for tasks to queue
[2026-05-29T10:14:27.268+0200] {logging_mixin.py:151} INFO - [2026-05-29T10:14:27.268+0200] {dagbag.py:539} INFO - Filling up the DagBag from /home/frederic/airflow_venv/lib/python3.10/site-packages/airflow/example_dags/subdags/subdag.py
[2026-05-29T10:14:27.270+0200] {processor.py:841} WARNING - No viable dags retrieved from /home/frederic/airflow_venv/lib/python3.10/site-packages/airflow/example_dags/subdags/subdag.py
[2026-05-29T10:14:27.278+0200] {processor.py:179} INFO - Processing /home/frederic/airflow_venv/lib/python3.10/site-packages/airflow/example_dags/subdags/subdag.py took 0.014 seconds
[2026-05-29T10:15:00.340+0200] {processor.py:157} INFO - Started process (PID=697280) to work on /home/frederic/airflow_venv/lib/python3.10/site-packages/airflow/example_dags/subdags/subdag.py
[2026-05-29T10:15:00.341+0200] {processor.py:829} INFO - Processing file /home/frederic/airflow_venv/lib/python3.10/site-packages/airflow/example_dags/subdags/subdag.py for tasks to queue
[2026-05-29T10:15:00.342+0200] {logging_mixin.py:151} INFO - [2026-05-29T10:15:00.342+0200] {dagbag.py:539} INFO - Filling up the DagBag from /home/frederic/airflow_venv/lib/python3.10/site-packages/airflow/example_dags/subdags/subdag.py
[2026-05-29T10:15:00.344+0200] {processor.py:841} WARNING - No viable dags retrieved from /home/frederic/airflow_venv/lib/python3.10/site-packages/airflow/example_dags/subdags/subdag.py
[2026-05-29T10:15:00.352+0200] {processor.py:179} INFO - Processing /home/frederic/airflow_venv/lib/python3.10/site-packages/airflow/example_dags/subdags/subdag.py took 0.014 seconds
[2026-05-29T10:15:46.327+0200] {processor.py:157} INFO - Started process (PID=698053) to work on /home/frederic/airflow_venv/lib/python3.10/site-packages/airflow/example_dags/subdags/subdag.py
[2026-05-29T10:15:46.328+0200] {processor.py:829} INFO - Processing file /home/frederic/airflow_venv/lib/python3.10/site-packages/airflow/example_dags/subdags/subdag.py for tasks to queue
[2026-05-29T10:15:46.329+0200] {logging_mixin.py:151} INFO - [2026-05-29T10:15:46.329+0200] {dagbag.py:539} INFO - Filling up the DagBag from /home/frederic/airflow_venv/lib/python3.10/site-packages/airflow/example_dags/subdags/subdag.py
[2026-05-29T10:15:46.331+0200] {processor.py:841} WARNING - No viable dags retrieved from /home/frederic/airflow_venv/lib/python3.10/site-packages/airflow/example_dags/subdags/subdag.py
[2026-05-29T10:15:46.338+0200] {processor.py:179} INFO - Processing /home/frederic/airflow_venv/lib/python3.10/site-packages/airflow/example_dags/subdags/subdag.py took 0.013 seconds
[2026-05-29T10:16:19.016+0200] {processor.py:157} INFO - Started process (PID=698595) to work on /home/frederic/airflow_venv/lib/python3.10/site-packages/airflow/example_dags/subdags/subdag.py
[2026-05-29T10:16:19.017+0200] {processor.py:829} INFO - Processing file /home/frederic/airflow_venv/lib/python3.10/site-packages/airflow/example_dags/subdags/subdag.py for tasks to queue
[2026-05-29T10:16:19.018+0200] {logging_mixin.py:151} INFO - [2026-05-29T10:16:19.017+0200] {dagbag.py:539} INFO - Filling up the DagBag from /home/frederic/airflow_venv/lib/python3.10/site-packages/airflow/example_dags/subdags/subdag.py
[2026-05-29T10:16:19.019+0200] {processor.py:841} WARNING - No viable dags retrieved from /home/frederic/airflow_venv/lib/python3.10/site-packages/airflow/example_dags/subdags/subdag.py
[2026-05-29T10:16:19.027+0200] {processor.py:179} INFO - Processing /home/frederic/airflow_venv/lib/python3.10/site-packages/airflow/example_dags/subdags/subdag.py took 0.013 seconds
[2026-05-29T10:16:49.798+0200] {processor.py:157} INFO - Started process (PID=698959) to work on /home/frederic/airflow_venv/lib/python3.10/site-packages/airflow/example_dags/subdags/subdag.py
[2026-05-29T10:16:49.798+0200] {processor.py:829} INFO - Processing file /home/frederic/airflow_venv/lib/python3.10/site-packages/airflow/example_dags/subdags/subdag.py for tasks to queue
[2026-05-29T10:16:49.799+0200] {logging_mixin.py:151} INFO - [2026-05-29T10:16:49.799+0200] {dagbag.py:539} INFO - Filling up the DagBag from /home/frederic/airflow_venv/lib/python3.10/site-packages/airflow/example_dags/subdags/subdag.py
[2026-05-29T10:16:49.801+0200] {processor.py:841} WARNING - No viable dags retrieved from /home/frederic/airflow_venv/lib/python3.10/site-packages/airflow/example_dags/subdags/subdag.py
[2026-05-29T10:16:49.807+0200] {processor.py:179} INFO - Processing /home/frederic/airflow_venv/lib/python3.10/site-packages/airflow/example_dags/subdags/subdag.py took 0.012 seconds
[2026-05-29T10:17:35.008+0200] {processor.py:157} INFO - Started process (PID=700095) to work on /home/frederic/airflow_venv/lib/python3.10/site-packages/airflow/example_dags/subdags/subdag.py
[2026-05-29T10:17:35.009+0200] {processor.py:829} INFO - Processing file /home/frederic/airflow_venv/lib/python3.10/site-packages/airflow/example_dags/subdags/subdag.py for tasks to queue
[2026-05-29T10:17:35.010+0200] {logging_mixin.py:151} INFO - [2026-05-29T10:17:35.010+0200] {dagbag.py:539} INFO - Filling up the DagBag from /home/frederic/airflow_venv/lib/python3.10/site-packages/airflow/example_dags/subdags/subdag.py
[2026-05-29T10:17:35.012+0200] {processor.py:841} WARNING - No viable dags retrieved from /home/frederic/airflow_venv/lib/python3.10/site-packages/airflow/example_dags/subdags/subdag.py
[2026-05-29T10:17:35.024+0200] {processor.py:179} INFO - Processing /home/frederic/airflow_venv/lib/python3.10/site-packages/airflow/example_dags/subdags/subdag.py took 0.020 seconds
[2026-05-29T10:18:08.113+0200] {processor.py:157} INFO - Started process (PID=700692) to work on /home/frederic/airflow_venv/lib/python3.10/site-packages/airflow/example_dags/subdags/subdag.py
[2026-05-29T10:18:08.114+0200] {processor.py:829} INFO - Processing file /home/frederic/airflow_venv/lib/python3.10/site-packages/airflow/example_dags/subdags/subdag.py for tasks to queue
[2026-05-29T10:18:08.114+0200] {logging_mixin.py:151} INFO - [2026-05-29T10:18:08.114+0200] {dagbag.py:539} INFO - Filling up the DagBag from /home/frederic/airflow_venv/lib/python3.10/site-packages/airflow/example_dags/subdags/subdag.py
[2026-05-29T10:18:08.116+0200] {processor.py:841} WARNING - No viable dags retrieved from /home/frederic/airflow_venv/lib/python3.10/site-packages/airflow/example_dags/subdags/subdag.py
[2026-05-29T10:18:08.123+0200] {processor.py:179} INFO - Processing /home/frederic/airflow_venv/lib/python3.10/site-packages/airflow/example_dags/subdags/subdag.py took 0.012 seconds
[2026-05-29T10:18:52.384+0200] {processor.py:157} INFO - Started process (PID=701107) to work on /home/frederic/airflow_venv/lib/python3.10/site-packages/airflow/example_dags/subdags/subdag.py
[2026-05-29T10:18:52.385+0200] {processor.py:829} INFO - Processing file /home/frederic/airflow_venv/lib/python3.10/site-packages/airflow/example_dags/subdags/subdag.py for tasks to queue
[2026-05-29T10:18:52.385+0200] {logging_mixin.py:151} INFO - [2026-05-29T10:18:52.385+0200] {dagbag.py:539} INFO - Filling up the DagBag from /home/frederic/airflow_venv/lib/python3.10/site-packages/airflow/example_dags/subdags/subdag.py
[2026-05-29T10:18:52.387+0200] {processor.py:841} WARNING - No viable dags retrieved from /home/frederic/airflow_venv/lib/python3.10/site-packages/airflow/example_dags/subdags/subdag.py
[2026-05-29T10:18:52.395+0200] {processor.py:179} INFO - Processing /home/frederic/airflow_venv/lib/python3.10/site-packages/airflow/example_dags/subdags/subdag.py took 0.014 seconds
[2026-05-29T10:19:25.256+0200] {processor.py:157} INFO - Started process (PID=701445) to work on /home/frederic/airflow_venv/lib/python3.10/site-packages/airflow/example_dags/subdags/subdag.py
[2026-05-29T10:19:25.256+0200] {processor.py:829} INFO - Processing file /home/frederic/airflow_venv/lib/python3.10/site-packages/airflow/example_dags/subdags/subdag.py for tasks to queue
[2026-05-29T10:19:25.257+0200] {logging_mixin.py:151} INFO - [2026-05-29T10:19:25.257+0200] {dagbag.py:539} INFO - Filling up the DagBag from /home/frederic/airflow_venv/lib/python3.10/site-packages/airflow/example_dags/subdags/subdag.py
[2026-05-29T10:19:25.259+0200] {processor.py:841} WARNING - No viable dags retrieved from /home/frederic/airflow_venv/lib/python3.10/site-packages/airflow/example_dags/subdags/subdag.py
[2026-05-29T10:19:25.266+0200] {processor.py:179} INFO - Processing /home/frederic/airflow_venv/lib/python3.10/site-packages/airflow/example_dags/subdags/subdag.py took 0.012 seconds
[2026-05-29T10:19:55.959+0200] {processor.py:157} INFO - Started process (PID=701703) to work on /home/frederic/airflow_venv/lib/python3.10/site-packages/airflow/example_dags/subdags/subdag.py
[2026-05-29T10:19:55.960+0200] {processor.py:829} INFO - Processing file /home/frederic/airflow_venv/lib/python3.10/site-packages/airflow/example_dags/subdags/subdag.py for tasks to queue
[2026-05-29T10:19:55.961+0200] {logging_mixin.py:151} INFO - [2026-05-29T10:19:55.960+0200] {dagbag.py:539} INFO - Filling up the DagBag from /home/frederic/airflow_venv/lib/python3.10/site-packages/airflow/example_dags/subdags/subdag.py
[2026-05-29T10:19:55.962+0200] {processor.py:841} WARNING - No viable dags retrieved from /home/frederic/airflow_venv/lib/python3.10/site-packages/airflow/example_dags/subdags/subdag.py
[2026-05-29T10:19:55.973+0200] {processor.py:179} INFO - Processing /home/frederic/airflow_venv/lib/python3.10/site-packages/airflow/example_dags/subdags/subdag.py took 0.016 seconds
[2026-05-29T10:20:29.983+0200] {processor.py:157} INFO - Started process (PID=702245) to work on /home/frederic/airflow_venv/lib/python3.10/site-packages/airflow/example_dags/subdags/subdag.py
[2026-05-29T10:20:29.984+0200] {processor.py:829} INFO - Processing file /home/frederic/airflow_venv/lib/python3.10/site-packages/airflow/example_dags/subdags/subdag.py for tasks to queue
[2026-05-29T10:20:29.985+0200] {logging_mixin.py:151} INFO - [2026-05-29T10:20:29.985+0200] {dagbag.py:539} INFO - Filling up the DagBag from /home/frederic/airflow_venv/lib/python3.10/site-packages/airflow/example_dags/subdags/subdag.py
[2026-05-29T10:20:29.988+0200] {processor.py:841} WARNING - No viable dags retrieved from /home/frederic/airflow_venv/lib/python3.10/site-packages/airflow/example_dags/subdags/subdag.py
[2026-05-29T10:20:29.999+0200] {processor.py:179} INFO - Processing /home/frederic/airflow_venv/lib/python3.10/site-packages/airflow/example_dags/subdags/subdag.py took 0.019 seconds
[2026-05-29T10:21:05.196+0200] {processor.py:157} INFO - Started process (PID=702600) to work on /home/frederic/airflow_venv/lib/python3.10/site-packages/airflow/example_dags/subdags/subdag.py
[2026-05-29T10:21:05.197+0200] {processor.py:829} INFO - Processing file /home/frederic/airflow_venv/lib/python3.10/site-packages/airflow/example_dags/subdags/subdag.py for tasks to queue
[2026-05-29T10:21:05.197+0200] {logging_mixin.py:151} INFO - [2026-05-29T10:21:05.197+0200] {dagbag.py:539} INFO - Filling up the DagBag from /home/frederic/airflow_venv/lib/python3.10/site-packages/airflow/example_dags/subdags/subdag.py
[2026-05-29T10:21:05.199+0200] {processor.py:841} WARNING - No viable dags retrieved from /home/frederic/airflow_venv/lib/python3.10/site-packages/airflow/example_dags/subdags/subdag.py
[2026-05-29T10:21:05.208+0200] {processor.py:179} INFO - Processing /home/frederic/airflow_venv/lib/python3.10/site-packages/airflow/example_dags/subdags/subdag.py took 0.014 seconds
[2026-05-29T10:21:49.831+0200] {processor.py:157} INFO - Started process (PID=703017) to work on /home/frederic/airflow_venv/lib/python3.10/site-packages/airflow/example_dags/subdags/subdag.py
[2026-05-29T10:21:49.832+0200] {processor.py:829} INFO - Processing file /home/frederic/airflow_venv/lib/python3.10/site-packages/airflow/example_dags/subdags/subdag.py for tasks to queue
[2026-05-29T10:21:49.832+0200] {logging_mixin.py:151} INFO - [2026-05-29T10:21:49.832+0200] {dagbag.py:539} INFO - Filling up the DagBag from /home/frederic/airflow_venv/lib/python3.10/site-packages/airflow/example_dags/subdags/subdag.py
[2026-05-29T10:21:49.834+0200] {processor.py:841} WARNING - No viable dags retrieved from /home/frederic/airflow_venv/lib/python3.10/site-packages/airflow/example_dags/subdags/subdag.py
[2026-05-29T10:21:49.842+0200] {processor.py:179} INFO - Processing /home/frederic/airflow_venv/lib/python3.10/site-packages/airflow/example_dags/subdags/subdag.py took 0.014 seconds
[2026-05-29T10:22:21.303+0200] {processor.py:157} INFO - Started process (PID=703353) to work on /home/frederic/airflow_venv/lib/python3.10/site-packages/airflow/example_dags/subdags/subdag.py
[2026-05-29T10:22:21.304+0200] {processor.py:829} INFO - Processing file /home/frederic/airflow_venv/lib/python3.10/site-packages/airflow/example_dags/subdags/subdag.py for tasks to queue
[2026-05-29T10:22:21.305+0200] {logging_mixin.py:151} INFO - [2026-05-29T10:22:21.305+0200] {dagbag.py:539} INFO - Filling up the DagBag from /home/frederic/airflow_venv/lib/python3.10/site-packages/airflow/example_dags/subdags/subdag.py
[2026-05-29T10:22:21.306+0200] {processor.py:841} WARNING - No viable dags retrieved from /home/frederic/airflow_venv/lib/python3.10/site-packages/airflow/example_dags/subdags/subdag.py
[2026-05-29T10:22:21.314+0200] {processor.py:179} INFO - Processing /home/frederic/airflow_venv/lib/python3.10/site-packages/airflow/example_dags/subdags/subdag.py took 0.013 seconds
[2026-05-29T10:22:54.907+0200] {processor.py:157} INFO - Started process (PID=703701) to work on /home/frederic/airflow_venv/lib/python3.10/site-packages/airflow/example_dags/subdags/subdag.py
[2026-05-29T10:22:54.908+0200] {processor.py:829} INFO - Processing file /home/frederic/airflow_venv/lib/python3.10/site-packages/airflow/example_dags/subdags/subdag.py for tasks to queue
[2026-05-29T10:22:54.909+0200] {logging_mixin.py:151} INFO - [2026-05-29T10:22:54.908+0200] {dagbag.py:539} INFO - Filling up the DagBag from /home/frederic/airflow_venv/lib/python3.10/site-packages/airflow/example_dags/subdags/subdag.py
[2026-05-29T10:22:54.910+0200] {processor.py:841} WARNING - No viable dags retrieved from /home/frederic/airflow_venv/lib/python3.10/site-packages/airflow/example_dags/subdags/subdag.py
[2026-05-29T10:22:54.918+0200] {processor.py:179} INFO - Processing /home/frederic/airflow_venv/lib/python3.10/site-packages/airflow/example_dags/subdags/subdag.py took 0.013 seconds
[2026-05-29T10:23:27.087+0200] {processor.py:157} INFO - Started process (PID=704100) to work on /home/frederic/airflow_venv/lib/python3.10/site-packages/airflow/example_dags/subdags/subdag.py
[2026-05-29T10:23:27.088+0200] {processor.py:829} INFO - Processing file /home/frederic/airflow_venv/lib/python3.10/site-packages/airflow/example_dags/subdags/subdag.py for tasks to queue
[2026-05-29T10:23:27.088+0200] {logging_mixin.py:151} INFO - [2026-05-29T10:23:27.088+0200] {dagbag.py:539} INFO - Filling up the DagBag from /home/frederic/airflow_venv/lib/python3.10/site-packages/airflow/example_dags/subdags/subdag.py
[2026-05-29T10:23:27.090+0200] {processor.py:841} WARNING - No viable dags retrieved from /home/frederic/airflow_venv/lib/python3.10/site-packages/airflow/example_dags/subdags/subdag.py
[2026-05-29T10:23:27.096+0200] {processor.py:179} INFO - Processing /home/frederic/airflow_venv/lib/python3.10/site-packages/airflow/example_dags/subdags/subdag.py took 0.012 seconds
[2026-05-29T10:23:59.627+0200] {processor.py:157} INFO - Started process (PID=704398) to work on /home/frederic/airflow_venv/lib/python3.10/site-packages/airflow/example_dags/subdags/subdag.py
[2026-05-29T10:23:59.628+0200] {processor.py:829} INFO - Processing file /home/frederic/airflow_venv/lib/python3.10/site-packages/airflow/example_dags/subdags/subdag.py for tasks to queue
[2026-05-29T10:23:59.629+0200] {logging_mixin.py:151} INFO - [2026-05-29T10:23:59.628+0200] {dagbag.py:539} INFO - Filling up the DagBag from /home/frederic/airflow_venv/lib/python3.10/site-packages/airflow/example_dags/subdags/subdag.py
[2026-05-29T10:23:59.630+0200] {processor.py:841} WARNING - No viable dags retrieved from /home/frederic/airflow_venv/lib/python3.10/site-packages/airflow/example_dags/subdags/subdag.py
[2026-05-29T10:23:59.638+0200] {processor.py:179} INFO - Processing /home/frederic/airflow_venv/lib/python3.10/site-packages/airflow/example_dags/subdags/subdag.py took 0.015 seconds
[2026-05-29T10:24:34.303+0200] {processor.py:157} INFO - Started process (PID=704755) to work on /home/frederic/airflow_venv/lib/python3.10/site-packages/airflow/example_dags/subdags/subdag.py
[2026-05-29T10:24:34.305+0200] {processor.py:829} INFO - Processing file /home/frederic/airflow_venv/lib/python3.10/site-packages/airflow/example_dags/subdags/subdag.py for tasks to queue
[2026-05-29T10:24:34.306+0200] {logging_mixin.py:151} INFO - [2026-05-29T10:24:34.306+0200] {dagbag.py:539} INFO - Filling up the DagBag from /home/frederic/airflow_venv/lib/python3.10/site-packages/airflow/example_dags/subdags/subdag.py
[2026-05-29T10:24:34.309+0200] {processor.py:841} WARNING - No viable dags retrieved from /home/frederic/airflow_venv/lib/python3.10/site-packages/airflow/example_dags/subdags/subdag.py
[2026-05-29T10:24:34.319+0200] {processor.py:179} INFO - Processing /home/frederic/airflow_venv/lib/python3.10/site-packages/airflow/example_dags/subdags/subdag.py took 0.017 seconds
[2026-05-29T10:25:10.866+0200] {processor.py:157} INFO - Started process (PID=705128) to work on /home/frederic/airflow_venv/lib/python3.10/site-packages/airflow/example_dags/subdags/subdag.py
[2026-05-29T10:25:10.867+0200] {processor.py:829} INFO - Processing file /home/frederic/airflow_venv/lib/python3.10/site-packages/airflow/example_dags/subdags/subdag.py for tasks to queue
[2026-05-29T10:25:10.868+0200] {logging_mixin.py:151} INFO - [2026-05-29T10:25:10.868+0200] {dagbag.py:539} INFO - Filling up the DagBag from /home/frederic/airflow_venv/lib/python3.10/site-packages/airflow/example_dags/subdags/subdag.py
[2026-05-29T10:25:10.870+0200] {processor.py:841} WARNING - No viable dags retrieved from /home/frederic/airflow_venv/lib/python3.10/site-packages/airflow/example_dags/subdags/subdag.py
[2026-05-29T10:25:10.877+0200] {processor.py:179} INFO - Processing /home/frederic/airflow_venv/lib/python3.10/site-packages/airflow/example_dags/subdags/subdag.py took 0.012 seconds
[2026-05-29T10:25:49.333+0200] {processor.py:157} INFO - Started process (PID=705494) to work on /home/frederic/airflow_venv/lib/python3.10/site-packages/airflow/example_dags/subdags/subdag.py
[2026-05-29T10:25:49.334+0200] {processor.py:829} INFO - Processing file /home/frederic/airflow_venv/lib/python3.10/site-packages/airflow/example_dags/subdags/subdag.py for tasks to queue
[2026-05-29T10:25:49.335+0200] {logging_mixin.py:151} INFO - [2026-05-29T10:25:49.335+0200] {dagbag.py:539} INFO - Filling up the DagBag from /home/frederic/airflow_venv/lib/python3.10/site-packages/airflow/example_dags/subdags/subdag.py
[2026-05-29T10:25:49.339+0200] {processor.py:841} WARNING - No viable dags retrieved from /home/frederic/airflow_venv/lib/python3.10/site-packages/airflow/example_dags/subdags/subdag.py
[2026-05-29T10:25:49.353+0200] {processor.py:179} INFO - Processing /home/frederic/airflow_venv/lib/python3.10/site-packages/airflow/example_dags/subdags/subdag.py took 0.023 seconds
[2026-05-29T10:26:24.335+0200] {processor.py:157} INFO - Started process (PID=705863) to work on /home/frederic/airflow_venv/lib/python3.10/site-packages/airflow/example_dags/subdags/subdag.py
[2026-05-29T10:26:24.336+0200] {processor.py:829} INFO - Processing file /home/frederic/airflow_venv/lib/python3.10/site-packages/airflow/example_dags/subdags/subdag.py for tasks to queue
[2026-05-29T10:26:24.337+0200] {logging_mixin.py:151} INFO - [2026-05-29T10:26:24.337+0200] {dagbag.py:539} INFO - Filling up the DagBag from /home/frederic/airflow_venv/lib/python3.10/site-packages/airflow/example_dags/subdags/subdag.py
[2026-05-29T10:26:24.339+0200] {processor.py:841} WARNING - No viable dags retrieved from /home/frederic/airflow_venv/lib/python3.10/site-packages/airflow/example_dags/subdags/subdag.py
[2026-05-29T10:26:24.348+0200] {processor.py:179} INFO - Processing /home/frederic/airflow_venv/lib/python3.10/site-packages/airflow/example_dags/subdags/subdag.py took 0.016 seconds
[2026-05-29T10:26:58.235+0200] {processor.py:157} INFO - Started process (PID=706166) to work on /home/frederic/airflow_venv/lib/python3.10/site-packages/airflow/example_dags/subdags/subdag.py
[2026-05-29T10:26:58.236+0200] {processor.py:829} INFO - Processing file /home/frederic/airflow_venv/lib/python3.10/site-packages/airflow/example_dags/subdags/subdag.py for tasks to queue
[2026-05-29T10:26:58.237+0200] {logging_mixin.py:151} INFO - [2026-05-29T10:26:58.236+0200] {dagbag.py:539} INFO - Filling up the DagBag from /home/frederic/airflow_venv/lib/python3.10/site-packages/airflow/example_dags/subdags/subdag.py
[2026-05-29T10:26:58.238+0200] {processor.py:841} WARNING - No viable dags retrieved from /home/frederic/airflow_venv/lib/python3.10/site-packages/airflow/example_dags/subdags/subdag.py
[2026-05-29T10:26:58.247+0200] {processor.py:179} INFO - Processing /home/frederic/airflow_venv/lib/python3.10/site-packages/airflow/example_dags/subdags/subdag.py took 0.014 seconds
[2026-05-29T10:27:32.391+0200] {processor.py:157} INFO - Started process (PID=706533) to work on /home/frederic/airflow_venv/lib/python3.10/site-packages/airflow/example_dags/subdags/subdag.py
[2026-05-29T10:27:32.391+0200] {processor.py:829} INFO - Processing file /home/frederic/airflow_venv/lib/python3.10/site-packages/airflow/example_dags/subdags/subdag.py for tasks to queue
[2026-05-29T10:27:32.392+0200] {logging_mixin.py:151} INFO - [2026-05-29T10:27:32.392+0200] {dagbag.py:539} INFO - Filling up the DagBag from /home/frederic/airflow_venv/lib/python3.10/site-packages/airflow/example_dags/subdags/subdag.py
[2026-05-29T10:27:32.394+0200] {processor.py:841} WARNING - No viable dags retrieved from /home/frederic/airflow_venv/lib/python3.10/site-packages/airflow/example_dags/subdags/subdag.py
[2026-05-29T10:27:32.402+0200] {processor.py:179} INFO - Processing /home/frederic/airflow_venv/lib/python3.10/site-packages/airflow/example_dags/subdags/subdag.py took 0.013 seconds
[2026-05-29T10:28:13.666+0200] {processor.py:157} INFO - Started process (PID=707008) to work on /home/frederic/airflow_venv/lib/python3.10/site-packages/airflow/example_dags/subdags/subdag.py
[2026-05-29T10:28:13.667+0200] {processor.py:829} INFO - Processing file /home/frederic/airflow_venv/lib/python3.10/site-packages/airflow/example_dags/subdags/subdag.py for tasks to queue
[2026-05-29T10:28:13.668+0200] {logging_mixin.py:151} INFO - [2026-05-29T10:28:13.668+0200] {dagbag.py:539} INFO - Filling up the DagBag from /home/frederic/airflow_venv/lib/python3.10/site-packages/airflow/example_dags/subdags/subdag.py
[2026-05-29T10:28:13.670+0200] {processor.py:841} WARNING - No viable dags retrieved from /home/frederic/airflow_venv/lib/python3.10/site-packages/airflow/example_dags/subdags/subdag.py
[2026-05-29T10:28:13.680+0200] {processor.py:179} INFO - Processing /home/frederic/airflow_venv/lib/python3.10/site-packages/airflow/example_dags/subdags/subdag.py took 0.016 seconds
[2026-05-29T10:29:02.064+0200] {processor.py:157} INFO - Started process (PID=707652) to work on /home/frederic/airflow_venv/lib/python3.10/site-packages/airflow/example_dags/subdags/subdag.py
[2026-05-29T10:29:02.065+0200] {processor.py:829} INFO - Processing file /home/frederic/airflow_venv/lib/python3.10/site-packages/airflow/example_dags/subdags/subdag.py for tasks to queue
[2026-05-29T10:29:02.066+0200] {logging_mixin.py:151} INFO - [2026-05-29T10:29:02.066+0200] {dagbag.py:539} INFO - Filling up the DagBag from /home/frederic/airflow_venv/lib/python3.10/site-packages/airflow/example_dags/subdags/subdag.py
[2026-05-29T10:29:02.068+0200] {processor.py:841} WARNING - No viable dags retrieved from /home/frederic/airflow_venv/lib/python3.10/site-packages/airflow/example_dags/subdags/subdag.py
[2026-05-29T10:29:02.077+0200] {processor.py:179} INFO - Processing /home/frederic/airflow_venv/lib/python3.10/site-packages/airflow/example_dags/subdags/subdag.py took 0.015 seconds
[2026-05-29T10:29:33.758+0200] {processor.py:157} INFO - Started process (PID=708017) to work on /home/frederic/airflow_venv/lib/python3.10/site-packages/airflow/example_dags/subdags/subdag.py
[2026-05-29T10:29:33.759+0200] {processor.py:829} INFO - Processing file /home/frederic/airflow_venv/lib/python3.10/site-packages/airflow/example_dags/subdags/subdag.py for tasks to queue
[2026-05-29T10:29:33.760+0200] {logging_mixin.py:151} INFO - [2026-05-29T10:29:33.760+0200] {dagbag.py:539} INFO - Filling up the DagBag from /home/frederic/airflow_venv/lib/python3.10/site-packages/airflow/example_dags/subdags/subdag.py
[2026-05-29T10:29:33.762+0200] {processor.py:841} WARNING - No viable dags retrieved from /home/frederic/airflow_venv/lib/python3.10/site-packages/airflow/example_dags/subdags/subdag.py
[2026-05-29T10:29:33.771+0200] {processor.py:179} INFO - Processing /home/frederic/airflow_venv/lib/python3.10/site-packages/airflow/example_dags/subdags/subdag.py took 0.015 seconds
[2026-05-29T10:30:21.083+0200] {processor.py:157} INFO - Started process (PID=708571) to work on /home/frederic/airflow_venv/lib/python3.10/site-packages/airflow/example_dags/subdags/subdag.py
[2026-05-29T10:30:21.084+0200] {processor.py:829} INFO - Processing file /home/frederic/airflow_venv/lib/python3.10/site-packages/airflow/example_dags/subdags/subdag.py for tasks to queue
[2026-05-29T10:30:21.084+0200] {logging_mixin.py:151} INFO - [2026-05-29T10:30:21.084+0200] {dagbag.py:539} INFO - Filling up the DagBag from /home/frederic/airflow_venv/lib/python3.10/site-packages/airflow/example_dags/subdags/subdag.py
[2026-05-29T10:30:21.086+0200] {processor.py:841} WARNING - No viable dags retrieved from /home/frederic/airflow_venv/lib/python3.10/site-packages/airflow/example_dags/subdags/subdag.py
[2026-05-29T10:30:21.095+0200] {processor.py:179} INFO - Processing /home/frederic/airflow_venv/lib/python3.10/site-packages/airflow/example_dags/subdags/subdag.py took 0.015 seconds
[2026-05-29T10:30:51.936+0200] {processor.py:157} INFO - Started process (PID=709034) to work on /home/frederic/airflow_venv/lib/python3.10/site-packages/airflow/example_dags/subdags/subdag.py
[2026-05-29T10:30:51.937+0200] {processor.py:829} INFO - Processing file /home/frederic/airflow_venv/lib/python3.10/site-packages/airflow/example_dags/subdags/subdag.py for tasks to queue
[2026-05-29T10:30:51.937+0200] {logging_mixin.py:151} INFO - [2026-05-29T10:30:51.937+0200] {dagbag.py:539} INFO - Filling up the DagBag from /home/frederic/airflow_venv/lib/python3.10/site-packages/airflow/example_dags/subdags/subdag.py
[2026-05-29T10:30:51.939+0200] {processor.py:841} WARNING - No viable dags retrieved from /home/frederic/airflow_venv/lib/python3.10/site-packages/airflow/example_dags/subdags/subdag.py
[2026-05-29T10:30:51.947+0200] {processor.py:179} INFO - Processing /home/frederic/airflow_venv/lib/python3.10/site-packages/airflow/example_dags/subdags/subdag.py took 0.013 seconds
[2026-05-29T10:31:36.492+0200] {processor.py:157} INFO - Started process (PID=709499) to work on /home/frederic/airflow_venv/lib/python3.10/site-packages/airflow/example_dags/subdags/subdag.py
[2026-05-29T10:31:36.493+0200] {processor.py:829} INFO - Processing file /home/frederic/airflow_venv/lib/python3.10/site-packages/airflow/example_dags/subdags/subdag.py for tasks to queue
[2026-05-29T10:31:36.494+0200] {logging_mixin.py:151} INFO - [2026-05-29T10:31:36.494+0200] {dagbag.py:539} INFO - Filling up the DagBag from /home/frederic/airflow_venv/lib/python3.10/site-packages/airflow/example_dags/subdags/subdag.py
[2026-05-29T10:31:36.496+0200] {processor.py:841} WARNING - No viable dags retrieved from /home/frederic/airflow_venv/lib/python3.10/site-packages/airflow/example_dags/subdags/subdag.py
[2026-05-29T10:31:36.504+0200] {processor.py:179} INFO - Processing /home/frederic/airflow_venv/lib/python3.10/site-packages/airflow/example_dags/subdags/subdag.py took 0.015 seconds
[2026-05-29T10:32:06.894+0200] {processor.py:157} INFO - Started process (PID=709953) to work on /home/frederic/airflow_venv/lib/python3.10/site-packages/airflow/example_dags/subdags/subdag.py
[2026-05-29T10:32:06.894+0200] {processor.py:829} INFO - Processing file /home/frederic/airflow_venv/lib/python3.10/site-packages/airflow/example_dags/subdags/subdag.py for tasks to queue
[2026-05-29T10:32:06.895+0200] {logging_mixin.py:151} INFO - [2026-05-29T10:32:06.895+0200] {dagbag.py:539} INFO - Filling up the DagBag from /home/frederic/airflow_venv/lib/python3.10/site-packages/airflow/example_dags/subdags/subdag.py
[2026-05-29T10:32:06.897+0200] {processor.py:841} WARNING - No viable dags retrieved from /home/frederic/airflow_venv/lib/python3.10/site-packages/airflow/example_dags/subdags/subdag.py
[2026-05-29T10:32:06.904+0200] {processor.py:179} INFO - Processing /home/frederic/airflow_venv/lib/python3.10/site-packages/airflow/example_dags/subdags/subdag.py took 0.012 seconds
[2026-05-29T10:32:51.850+0200] {processor.py:157} INFO - Started process (PID=710506) to work on /home/frederic/airflow_venv/lib/python3.10/site-packages/airflow/example_dags/subdags/subdag.py
[2026-05-29T10:32:51.851+0200] {processor.py:829} INFO - Processing file /home/frederic/airflow_venv/lib/python3.10/site-packages/airflow/example_dags/subdags/subdag.py for tasks to queue
[2026-05-29T10:32:51.852+0200] {logging_mixin.py:151} INFO - [2026-05-29T10:32:51.851+0200] {dagbag.py:539} INFO - Filling up the DagBag from /home/frederic/airflow_venv/lib/python3.10/site-packages/airflow/example_dags/subdags/subdag.py
[2026-05-29T10:32:51.854+0200] {processor.py:841} WARNING - No viable dags retrieved from /home/frederic/airflow_venv/lib/python3.10/site-packages/airflow/example_dags/subdags/subdag.py
[2026-05-29T10:32:51.864+0200] {processor.py:179} INFO - Processing /home/frederic/airflow_venv/lib/python3.10/site-packages/airflow/example_dags/subdags/subdag.py took 0.017 seconds
[2026-05-29T10:33:24.864+0200] {processor.py:157} INFO - Started process (PID=711044) to work on /home/frederic/airflow_venv/lib/python3.10/site-packages/airflow/example_dags/subdags/subdag.py
[2026-05-29T10:33:24.865+0200] {processor.py:829} INFO - Processing file /home/frederic/airflow_venv/lib/python3.10/site-packages/airflow/example_dags/subdags/subdag.py for tasks to queue
[2026-05-29T10:33:24.865+0200] {logging_mixin.py:151} INFO - [2026-05-29T10:33:24.865+0200] {dagbag.py:539} INFO - Filling up the DagBag from /home/frederic/airflow_venv/lib/python3.10/site-packages/airflow/example_dags/subdags/subdag.py
[2026-05-29T10:33:24.867+0200] {processor.py:841} WARNING - No viable dags retrieved from /home/frederic/airflow_venv/lib/python3.10/site-packages/airflow/example_dags/subdags/subdag.py
[2026-05-29T10:33:24.874+0200] {processor.py:179} INFO - Processing /home/frederic/airflow_venv/lib/python3.10/site-packages/airflow/example_dags/subdags/subdag.py took 0.012 seconds
[2026-05-29T10:33:55.706+0200] {processor.py:157} INFO - Started process (PID=711593) to work on /home/frederic/airflow_venv/lib/python3.10/site-packages/airflow/example_dags/subdags/subdag.py
[2026-05-29T10:33:55.707+0200] {processor.py:829} INFO - Processing file /home/frederic/airflow_venv/lib/python3.10/site-packages/airflow/example_dags/subdags/subdag.py for tasks to queue
[2026-05-29T10:33:55.707+0200] {logging_mixin.py:151} INFO - [2026-05-29T10:33:55.707+0200] {dagbag.py:539} INFO - Filling up the DagBag from /home/frederic/airflow_venv/lib/python3.10/site-packages/airflow/example_dags/subdags/subdag.py
[2026-05-29T10:33:55.710+0200] {processor.py:841} WARNING - No viable dags retrieved from /home/frederic/airflow_venv/lib/python3.10/site-packages/airflow/example_dags/subdags/subdag.py
[2026-05-29T10:33:55.724+0200] {processor.py:179} INFO - Processing /home/frederic/airflow_venv/lib/python3.10/site-packages/airflow/example_dags/subdags/subdag.py took 0.021 seconds
[2026-05-29T10:34:35.636+0200] {processor.py:157} INFO - Started process (PID=712045) to work on /home/frederic/airflow_venv/lib/python3.10/site-packages/airflow/example_dags/subdags/subdag.py
[2026-05-29T10:34:35.638+0200] {processor.py:829} INFO - Processing file /home/frederic/airflow_venv/lib/python3.10/site-packages/airflow/example_dags/subdags/subdag.py for tasks to queue
[2026-05-29T10:34:35.638+0200] {logging_mixin.py:151} INFO - [2026-05-29T10:34:35.638+0200] {dagbag.py:539} INFO - Filling up the DagBag from /home/frederic/airflow_venv/lib/python3.10/site-packages/airflow/example_dags/subdags/subdag.py
[2026-05-29T10:34:35.640+0200] {processor.py:841} WARNING - No viable dags retrieved from /home/frederic/airflow_venv/lib/python3.10/site-packages/airflow/example_dags/subdags/subdag.py
[2026-05-29T10:34:35.648+0200] {processor.py:179} INFO - Processing /home/frederic/airflow_venv/lib/python3.10/site-packages/airflow/example_dags/subdags/subdag.py took 0.014 seconds
[2026-05-29T10:35:08.603+0200] {processor.py:157} INFO - Started process (PID=712413) to work on /home/frederic/airflow_venv/lib/python3.10/site-packages/airflow/example_dags/subdags/subdag.py
[2026-05-29T10:35:08.604+0200] {processor.py:829} INFO - Processing file /home/frederic/airflow_venv/lib/python3.10/site-packages/airflow/example_dags/subdags/subdag.py for tasks to queue
[2026-05-29T10:35:08.605+0200] {logging_mixin.py:151} INFO - [2026-05-29T10:35:08.605+0200] {dagbag.py:539} INFO - Filling up the DagBag from /home/frederic/airflow_venv/lib/python3.10/site-packages/airflow/example_dags/subdags/subdag.py
[2026-05-29T10:35:08.607+0200] {processor.py:841} WARNING - No viable dags retrieved from /home/frederic/airflow_venv/lib/python3.10/site-packages/airflow/example_dags/subdags/subdag.py
[2026-05-29T10:35:08.618+0200] {processor.py:179} INFO - Processing /home/frederic/airflow_venv/lib/python3.10/site-packages/airflow/example_dags/subdags/subdag.py took 0.019 seconds
[2026-05-29T10:35:42.142+0200] {processor.py:157} INFO - Started process (PID=712701) to work on /home/frederic/airflow_venv/lib/python3.10/site-packages/airflow/example_dags/subdags/subdag.py
[2026-05-29T10:35:42.143+0200] {processor.py:829} INFO - Processing file /home/frederic/airflow_venv/lib/python3.10/site-packages/airflow/example_dags/subdags/subdag.py for tasks to queue
[2026-05-29T10:35:42.143+0200] {logging_mixin.py:151} INFO - [2026-05-29T10:35:42.143+0200] {dagbag.py:539} INFO - Filling up the DagBag from /home/frederic/airflow_venv/lib/python3.10/site-packages/airflow/example_dags/subdags/subdag.py
[2026-05-29T10:35:42.145+0200] {processor.py:841} WARNING - No viable dags retrieved from /home/frederic/airflow_venv/lib/python3.10/site-packages/airflow/example_dags/subdags/subdag.py
[2026-05-29T10:35:42.153+0200] {processor.py:179} INFO - Processing /home/frederic/airflow_venv/lib/python3.10/site-packages/airflow/example_dags/subdags/subdag.py took 0.013 seconds
[2026-05-29T10:36:25.538+0200] {processor.py:157} INFO - Started process (PID=713279) to work on /home/frederic/airflow_venv/lib/python3.10/site-packages/airflow/example_dags/subdags/subdag.py
[2026-05-29T10:36:25.539+0200] {processor.py:829} INFO - Processing file /home/frederic/airflow_venv/lib/python3.10/site-packages/airflow/example_dags/subdags/subdag.py for tasks to queue
[2026-05-29T10:36:25.540+0200] {logging_mixin.py:151} INFO - [2026-05-29T10:36:25.539+0200] {dagbag.py:539} INFO - Filling up the DagBag from /home/frederic/airflow_venv/lib/python3.10/site-packages/airflow/example_dags/subdags/subdag.py
[2026-05-29T10:36:25.541+0200] {processor.py:841} WARNING - No viable dags retrieved from /home/frederic/airflow_venv/lib/python3.10/site-packages/airflow/example_dags/subdags/subdag.py
[2026-05-29T10:36:25.549+0200] {processor.py:179} INFO - Processing /home/frederic/airflow_venv/lib/python3.10/site-packages/airflow/example_dags/subdags/subdag.py took 0.013 seconds
[2026-05-29T10:37:11.081+0200] {processor.py:157} INFO - Started process (PID=713791) to work on /home/frederic/airflow_venv/lib/python3.10/site-packages/airflow/example_dags/subdags/subdag.py
[2026-05-29T10:37:11.082+0200] {processor.py:829} INFO - Processing file /home/frederic/airflow_venv/lib/python3.10/site-packages/airflow/example_dags/subdags/subdag.py for tasks to queue
[2026-05-29T10:37:11.083+0200] {logging_mixin.py:151} INFO - [2026-05-29T10:37:11.083+0200] {dagbag.py:539} INFO - Filling up the DagBag from /home/frederic/airflow_venv/lib/python3.10/site-packages/airflow/example_dags/subdags/subdag.py
[2026-05-29T10:37:11.085+0200] {processor.py:841} WARNING - No viable dags retrieved from /home/frederic/airflow_venv/lib/python3.10/site-packages/airflow/example_dags/subdags/subdag.py
[2026-05-29T10:37:11.094+0200] {processor.py:179} INFO - Processing /home/frederic/airflow_venv/lib/python3.10/site-packages/airflow/example_dags/subdags/subdag.py took 0.015 seconds
[2026-05-29T10:37:43.745+0200] {processor.py:157} INFO - Started process (PID=714404) to work on /home/frederic/airflow_venv/lib/python3.10/site-packages/airflow/example_dags/subdags/subdag.py
[2026-05-29T10:37:43.746+0200] {processor.py:829} INFO - Processing file /home/frederic/airflow_venv/lib/python3.10/site-packages/airflow/example_dags/subdags/subdag.py for tasks to queue
[2026-05-29T10:37:43.747+0200] {logging_mixin.py:151} INFO - [2026-05-29T10:37:43.747+0200] {dagbag.py:539} INFO - Filling up the DagBag from /home/frederic/airflow_venv/lib/python3.10/site-packages/airflow/example_dags/subdags/subdag.py
[2026-05-29T10:37:43.748+0200] {processor.py:841} WARNING - No viable dags retrieved from /home/frederic/airflow_venv/lib/python3.10/site-packages/airflow/example_dags/subdags/subdag.py
[2026-05-29T10:37:43.756+0200] {processor.py:179} INFO - Processing /home/frederic/airflow_venv/lib/python3.10/site-packages/airflow/example_dags/subdags/subdag.py took 0.013 seconds
[2026-05-29T10:38:30.453+0200] {processor.py:157} INFO - Started process (PID=715000) to work on /home/frederic/airflow_venv/lib/python3.10/site-packages/airflow/example_dags/subdags/subdag.py
[2026-05-29T10:38:30.454+0200] {processor.py:829} INFO - Processing file /home/frederic/airflow_venv/lib/python3.10/site-packages/airflow/example_dags/subdags/subdag.py for tasks to queue
[2026-05-29T10:38:30.454+0200] {logging_mixin.py:151} INFO - [2026-05-29T10:38:30.454+0200] {dagbag.py:539} INFO - Filling up the DagBag from /home/frederic/airflow_venv/lib/python3.10/site-packages/airflow/example_dags/subdags/subdag.py
[2026-05-29T10:38:30.456+0200] {processor.py:841} WARNING - No viable dags retrieved from /home/frederic/airflow_venv/lib/python3.10/site-packages/airflow/example_dags/subdags/subdag.py
[2026-05-29T10:38:30.464+0200] {processor.py:179} INFO - Processing /home/frederic/airflow_venv/lib/python3.10/site-packages/airflow/example_dags/subdags/subdag.py took 0.013 seconds
[2026-05-29T10:39:13.741+0200] {processor.py:157} INFO - Started process (PID=715687) to work on /home/frederic/airflow_venv/lib/python3.10/site-packages/airflow/example_dags/subdags/subdag.py
[2026-05-29T10:39:13.742+0200] {processor.py:829} INFO - Processing file /home/frederic/airflow_venv/lib/python3.10/site-packages/airflow/example_dags/subdags/subdag.py for tasks to queue
[2026-05-29T10:39:13.743+0200] {logging_mixin.py:151} INFO - [2026-05-29T10:39:13.742+0200] {dagbag.py:539} INFO - Filling up the DagBag from /home/frederic/airflow_venv/lib/python3.10/site-packages/airflow/example_dags/subdags/subdag.py
[2026-05-29T10:39:13.744+0200] {processor.py:841} WARNING - No viable dags retrieved from /home/frederic/airflow_venv/lib/python3.10/site-packages/airflow/example_dags/subdags/subdag.py
[2026-05-29T10:39:13.755+0200] {processor.py:179} INFO - Processing /home/frederic/airflow_venv/lib/python3.10/site-packages/airflow/example_dags/subdags/subdag.py took 0.017 seconds
[2026-05-29T10:39:46.410+0200] {processor.py:157} INFO - Started process (PID=716059) to work on /home/frederic/airflow_venv/lib/python3.10/site-packages/airflow/example_dags/subdags/subdag.py
[2026-05-29T10:39:46.411+0200] {processor.py:829} INFO - Processing file /home/frederic/airflow_venv/lib/python3.10/site-packages/airflow/example_dags/subdags/subdag.py for tasks to queue
[2026-05-29T10:39:46.412+0200] {logging_mixin.py:151} INFO - [2026-05-29T10:39:46.411+0200] {dagbag.py:539} INFO - Filling up the DagBag from /home/frederic/airflow_venv/lib/python3.10/site-packages/airflow/example_dags/subdags/subdag.py
[2026-05-29T10:39:46.413+0200] {processor.py:841} WARNING - No viable dags retrieved from /home/frederic/airflow_venv/lib/python3.10/site-packages/airflow/example_dags/subdags/subdag.py
[2026-05-29T10:39:46.423+0200] {processor.py:179} INFO - Processing /home/frederic/airflow_venv/lib/python3.10/site-packages/airflow/example_dags/subdags/subdag.py took 0.016 seconds
[2026-05-29T10:40:28.759+0200] {processor.py:157} INFO - Started process (PID=716632) to work on /home/frederic/airflow_venv/lib/python3.10/site-packages/airflow/example_dags/subdags/subdag.py
[2026-05-29T10:40:28.760+0200] {processor.py:829} INFO - Processing file /home/frederic/airflow_venv/lib/python3.10/site-packages/airflow/example_dags/subdags/subdag.py for tasks to queue
[2026-05-29T10:40:28.760+0200] {logging_mixin.py:151} INFO - [2026-05-29T10:40:28.760+0200] {dagbag.py:539} INFO - Filling up the DagBag from /home/frederic/airflow_venv/lib/python3.10/site-packages/airflow/example_dags/subdags/subdag.py
[2026-05-29T10:40:28.762+0200] {processor.py:841} WARNING - No viable dags retrieved from /home/frederic/airflow_venv/lib/python3.10/site-packages/airflow/example_dags/subdags/subdag.py
[2026-05-29T10:40:28.769+0200] {processor.py:179} INFO - Processing /home/frederic/airflow_venv/lib/python3.10/site-packages/airflow/example_dags/subdags/subdag.py took 0.013 seconds
[2026-05-29T10:40:59.633+0200] {processor.py:157} INFO - Started process (PID=716942) to work on /home/frederic/airflow_venv/lib/python3.10/site-packages/airflow/example_dags/subdags/subdag.py
[2026-05-29T10:40:59.634+0200] {processor.py:829} INFO - Processing file /home/frederic/airflow_venv/lib/python3.10/site-packages/airflow/example_dags/subdags/subdag.py for tasks to queue
[2026-05-29T10:40:59.635+0200] {logging_mixin.py:151} INFO - [2026-05-29T10:40:59.635+0200] {dagbag.py:539} INFO - Filling up the DagBag from /home/frederic/airflow_venv/lib/python3.10/site-packages/airflow/example_dags/subdags/subdag.py
[2026-05-29T10:40:59.639+0200] {processor.py:841} WARNING - No viable dags retrieved from /home/frederic/airflow_venv/lib/python3.10/site-packages/airflow/example_dags/subdags/subdag.py
[2026-05-29T10:40:59.648+0200] {processor.py:179} INFO - Processing /home/frederic/airflow_venv/lib/python3.10/site-packages/airflow/example_dags/subdags/subdag.py took 0.017 seconds
[2026-05-29T10:41:31.857+0200] {processor.py:157} INFO - Started process (PID=717288) to work on /home/frederic/airflow_venv/lib/python3.10/site-packages/airflow/example_dags/subdags/subdag.py
[2026-05-29T10:41:31.858+0200] {processor.py:829} INFO - Processing file /home/frederic/airflow_venv/lib/python3.10/site-packages/airflow/example_dags/subdags/subdag.py for tasks to queue
[2026-05-29T10:41:31.859+0200] {logging_mixin.py:151} INFO - [2026-05-29T10:41:31.859+0200] {dagbag.py:539} INFO - Filling up the DagBag from /home/frederic/airflow_venv/lib/python3.10/site-packages/airflow/example_dags/subdags/subdag.py
[2026-05-29T10:41:31.861+0200] {processor.py:841} WARNING - No viable dags retrieved from /home/frederic/airflow_venv/lib/python3.10/site-packages/airflow/example_dags/subdags/subdag.py
[2026-05-29T10:41:31.871+0200] {processor.py:179} INFO - Processing /home/frederic/airflow_venv/lib/python3.10/site-packages/airflow/example_dags/subdags/subdag.py took 0.017 seconds
[2026-05-29T10:42:17.105+0200] {processor.py:157} INFO - Started process (PID=717747) to work on /home/frederic/airflow_venv/lib/python3.10/site-packages/airflow/example_dags/subdags/subdag.py
[2026-05-29T10:42:17.106+0200] {processor.py:829} INFO - Processing file /home/frederic/airflow_venv/lib/python3.10/site-packages/airflow/example_dags/subdags/subdag.py for tasks to queue
[2026-05-29T10:42:17.107+0200] {logging_mixin.py:151} INFO - [2026-05-29T10:42:17.107+0200] {dagbag.py:539} INFO - Filling up the DagBag from /home/frederic/airflow_venv/lib/python3.10/site-packages/airflow/example_dags/subdags/subdag.py
[2026-05-29T10:42:17.109+0200] {processor.py:841} WARNING - No viable dags retrieved from /home/frederic/airflow_venv/lib/python3.10/site-packages/airflow/example_dags/subdags/subdag.py
[2026-05-29T10:42:17.119+0200] {processor.py:179} INFO - Processing /home/frederic/airflow_venv/lib/python3.10/site-packages/airflow/example_dags/subdags/subdag.py took 0.017 seconds
[2026-05-29T10:42:50.326+0200] {processor.py:157} INFO - Started process (PID=718041) to work on /home/frederic/airflow_venv/lib/python3.10/site-packages/airflow/example_dags/subdags/subdag.py
[2026-05-29T10:42:50.327+0200] {processor.py:829} INFO - Processing file /home/frederic/airflow_venv/lib/python3.10/site-packages/airflow/example_dags/subdags/subdag.py for tasks to queue
[2026-05-29T10:42:50.327+0200] {logging_mixin.py:151} INFO - [2026-05-29T10:42:50.327+0200] {dagbag.py:539} INFO - Filling up the DagBag from /home/frederic/airflow_venv/lib/python3.10/site-packages/airflow/example_dags/subdags/subdag.py
[2026-05-29T10:42:50.329+0200] {processor.py:841} WARNING - No viable dags retrieved from /home/frederic/airflow_venv/lib/python3.10/site-packages/airflow/example_dags/subdags/subdag.py
[2026-05-29T10:42:50.337+0200] {processor.py:179} INFO - Processing /home/frederic/airflow_venv/lib/python3.10/site-packages/airflow/example_dags/subdags/subdag.py took 0.014 seconds
[2026-05-29T10:43:32.583+0200] {processor.py:157} INFO - Started process (PID=718587) to work on /home/frederic/airflow_venv/lib/python3.10/site-packages/airflow/example_dags/subdags/subdag.py
[2026-05-29T10:43:32.585+0200] {processor.py:829} INFO - Processing file /home/frederic/airflow_venv/lib/python3.10/site-packages/airflow/example_dags/subdags/subdag.py for tasks to queue
[2026-05-29T10:43:32.585+0200] {logging_mixin.py:151} INFO - [2026-05-29T10:43:32.585+0200] {dagbag.py:539} INFO - Filling up the DagBag from /home/frederic/airflow_venv/lib/python3.10/site-packages/airflow/example_dags/subdags/subdag.py
[2026-05-29T10:43:32.587+0200] {processor.py:841} WARNING - No viable dags retrieved from /home/frederic/airflow_venv/lib/python3.10/site-packages/airflow/example_dags/subdags/subdag.py
[2026-05-29T10:43:32.595+0200] {processor.py:179} INFO - Processing /home/frederic/airflow_venv/lib/python3.10/site-packages/airflow/example_dags/subdags/subdag.py took 0.014 seconds
[2026-05-29T10:44:04.744+0200] {processor.py:157} INFO - Started process (PID=718939) to work on /home/frederic/airflow_venv/lib/python3.10/site-packages/airflow/example_dags/subdags/subdag.py
[2026-05-29T10:44:04.745+0200] {processor.py:829} INFO - Processing file /home/frederic/airflow_venv/lib/python3.10/site-packages/airflow/example_dags/subdags/subdag.py for tasks to queue
[2026-05-29T10:44:04.746+0200] {logging_mixin.py:151} INFO - [2026-05-29T10:44:04.746+0200] {dagbag.py:539} INFO - Filling up the DagBag from /home/frederic/airflow_venv/lib/python3.10/site-packages/airflow/example_dags/subdags/subdag.py
[2026-05-29T10:44:04.748+0200] {processor.py:841} WARNING - No viable dags retrieved from /home/frederic/airflow_venv/lib/python3.10/site-packages/airflow/example_dags/subdags/subdag.py
[2026-05-29T10:44:04.757+0200] {processor.py:179} INFO - Processing /home/frederic/airflow_venv/lib/python3.10/site-packages/airflow/example_dags/subdags/subdag.py took 0.015 seconds
[2026-05-29T10:44:51.527+0200] {processor.py:157} INFO - Started process (PID=719682) to work on /home/frederic/airflow_venv/lib/python3.10/site-packages/airflow/example_dags/subdags/subdag.py
[2026-05-29T10:44:51.528+0200] {processor.py:829} INFO - Processing file /home/frederic/airflow_venv/lib/python3.10/site-packages/airflow/example_dags/subdags/subdag.py for tasks to queue
[2026-05-29T10:44:51.529+0200] {logging_mixin.py:151} INFO - [2026-05-29T10:44:51.529+0200] {dagbag.py:539} INFO - Filling up the DagBag from /home/frederic/airflow_venv/lib/python3.10/site-packages/airflow/example_dags/subdags/subdag.py
[2026-05-29T10:44:51.530+0200] {processor.py:841} WARNING - No viable dags retrieved from /home/frederic/airflow_venv/lib/python3.10/site-packages/airflow/example_dags/subdags/subdag.py
[2026-05-29T10:44:51.539+0200] {processor.py:179} INFO - Processing /home/frederic/airflow_venv/lib/python3.10/site-packages/airflow/example_dags/subdags/subdag.py took 0.014 seconds
[2026-05-29T10:45:24.532+0200] {processor.py:157} INFO - Started process (PID=720089) to work on /home/frederic/airflow_venv/lib/python3.10/site-packages/airflow/example_dags/subdags/subdag.py
[2026-05-29T10:45:24.533+0200] {processor.py:829} INFO - Processing file /home/frederic/airflow_venv/lib/python3.10/site-packages/airflow/example_dags/subdags/subdag.py for tasks to queue
[2026-05-29T10:45:24.533+0200] {logging_mixin.py:151} INFO - [2026-05-29T10:45:24.533+0200] {dagbag.py:539} INFO - Filling up the DagBag from /home/frederic/airflow_venv/lib/python3.10/site-packages/airflow/example_dags/subdags/subdag.py
[2026-05-29T10:45:24.535+0200] {processor.py:841} WARNING - No viable dags retrieved from /home/frederic/airflow_venv/lib/python3.10/site-packages/airflow/example_dags/subdags/subdag.py
[2026-05-29T10:45:24.543+0200] {processor.py:179} INFO - Processing /home/frederic/airflow_venv/lib/python3.10/site-packages/airflow/example_dags/subdags/subdag.py took 0.014 seconds
[2026-05-29T10:46:08.747+0200] {processor.py:157} INFO - Started process (PID=720521) to work on /home/frederic/airflow_venv/lib/python3.10/site-packages/airflow/example_dags/subdags/subdag.py
[2026-05-29T10:46:08.748+0200] {processor.py:829} INFO - Processing file /home/frederic/airflow_venv/lib/python3.10/site-packages/airflow/example_dags/subdags/subdag.py for tasks to queue
[2026-05-29T10:46:08.749+0200] {logging_mixin.py:151} INFO - [2026-05-29T10:46:08.749+0200] {dagbag.py:539} INFO - Filling up the DagBag from /home/frederic/airflow_venv/lib/python3.10/site-packages/airflow/example_dags/subdags/subdag.py
[2026-05-29T10:46:08.751+0200] {processor.py:841} WARNING - No viable dags retrieved from /home/frederic/airflow_venv/lib/python3.10/site-packages/airflow/example_dags/subdags/subdag.py
[2026-05-29T10:46:08.757+0200] {processor.py:179} INFO - Processing /home/frederic/airflow_venv/lib/python3.10/site-packages/airflow/example_dags/subdags/subdag.py took 0.012 seconds
[2026-05-29T10:46:41.301+0200] {processor.py:157} INFO - Started process (PID=720842) to work on /home/frederic/airflow_venv/lib/python3.10/site-packages/airflow/example_dags/subdags/subdag.py
[2026-05-29T10:46:41.302+0200] {processor.py:829} INFO - Processing file /home/frederic/airflow_venv/lib/python3.10/site-packages/airflow/example_dags/subdags/subdag.py for tasks to queue
[2026-05-29T10:46:41.303+0200] {logging_mixin.py:151} INFO - [2026-05-29T10:46:41.302+0200] {dagbag.py:539} INFO - Filling up the DagBag from /home/frederic/airflow_venv/lib/python3.10/site-packages/airflow/example_dags/subdags/subdag.py
[2026-05-29T10:46:41.304+0200] {processor.py:841} WARNING - No viable dags retrieved from /home/frederic/airflow_venv/lib/python3.10/site-packages/airflow/example_dags/subdags/subdag.py
[2026-05-29T10:46:41.313+0200] {processor.py:179} INFO - Processing /home/frederic/airflow_venv/lib/python3.10/site-packages/airflow/example_dags/subdags/subdag.py took 0.014 seconds
[2026-05-29T10:47:17.849+0200] {processor.py:157} INFO - Started process (PID=721793) to work on /home/frederic/airflow_venv/lib/python3.10/site-packages/airflow/example_dags/subdags/subdag.py
[2026-05-29T10:47:17.850+0200] {processor.py:829} INFO - Processing file /home/frederic/airflow_venv/lib/python3.10/site-packages/airflow/example_dags/subdags/subdag.py for tasks to queue
[2026-05-29T10:47:17.851+0200] {logging_mixin.py:151} INFO - [2026-05-29T10:47:17.850+0200] {dagbag.py:539} INFO - Filling up the DagBag from /home/frederic/airflow_venv/lib/python3.10/site-packages/airflow/example_dags/subdags/subdag.py
[2026-05-29T10:47:17.852+0200] {processor.py:841} WARNING - No viable dags retrieved from /home/frederic/airflow_venv/lib/python3.10/site-packages/airflow/example_dags/subdags/subdag.py
[2026-05-29T10:47:17.860+0200] {processor.py:179} INFO - Processing /home/frederic/airflow_venv/lib/python3.10/site-packages/airflow/example_dags/subdags/subdag.py took 0.014 seconds
[2026-05-29T10:47:50.471+0200] {processor.py:157} INFO - Started process (PID=722091) to work on /home/frederic/airflow_venv/lib/python3.10/site-packages/airflow/example_dags/subdags/subdag.py
[2026-05-29T10:47:50.472+0200] {processor.py:829} INFO - Processing file /home/frederic/airflow_venv/lib/python3.10/site-packages/airflow/example_dags/subdags/subdag.py for tasks to queue
[2026-05-29T10:47:50.473+0200] {logging_mixin.py:151} INFO - [2026-05-29T10:47:50.472+0200] {dagbag.py:539} INFO - Filling up the DagBag from /home/frederic/airflow_venv/lib/python3.10/site-packages/airflow/example_dags/subdags/subdag.py
[2026-05-29T10:47:50.475+0200] {processor.py:841} WARNING - No viable dags retrieved from /home/frederic/airflow_venv/lib/python3.10/site-packages/airflow/example_dags/subdags/subdag.py
[2026-05-29T10:47:50.482+0200] {processor.py:179} INFO - Processing /home/frederic/airflow_venv/lib/python3.10/site-packages/airflow/example_dags/subdags/subdag.py took 0.014 seconds
[2026-05-29T10:48:31.015+0200] {processor.py:157} INFO - Started process (PID=722587) to work on /home/frederic/airflow_venv/lib/python3.10/site-packages/airflow/example_dags/subdags/subdag.py
[2026-05-29T10:48:31.016+0200] {processor.py:829} INFO - Processing file /home/frederic/airflow_venv/lib/python3.10/site-packages/airflow/example_dags/subdags/subdag.py for tasks to queue
[2026-05-29T10:48:31.017+0200] {logging_mixin.py:151} INFO - [2026-05-29T10:48:31.016+0200] {dagbag.py:539} INFO - Filling up the DagBag from /home/frederic/airflow_venv/lib/python3.10/site-packages/airflow/example_dags/subdags/subdag.py
[2026-05-29T10:48:31.018+0200] {processor.py:841} WARNING - No viable dags retrieved from /home/frederic/airflow_venv/lib/python3.10/site-packages/airflow/example_dags/subdags/subdag.py
[2026-05-29T10:48:31.026+0200] {processor.py:179} INFO - Processing /home/frederic/airflow_venv/lib/python3.10/site-packages/airflow/example_dags/subdags/subdag.py took 0.014 seconds
[2026-05-29T10:49:18.829+0200] {processor.py:157} INFO - Started process (PID=723115) to work on /home/frederic/airflow_venv/lib/python3.10/site-packages/airflow/example_dags/subdags/subdag.py
[2026-05-29T10:49:18.830+0200] {processor.py:829} INFO - Processing file /home/frederic/airflow_venv/lib/python3.10/site-packages/airflow/example_dags/subdags/subdag.py for tasks to queue
[2026-05-29T10:49:18.831+0200] {logging_mixin.py:151} INFO - [2026-05-29T10:49:18.831+0200] {dagbag.py:539} INFO - Filling up the DagBag from /home/frederic/airflow_venv/lib/python3.10/site-packages/airflow/example_dags/subdags/subdag.py
[2026-05-29T10:49:18.833+0200] {processor.py:841} WARNING - No viable dags retrieved from /home/frederic/airflow_venv/lib/python3.10/site-packages/airflow/example_dags/subdags/subdag.py
[2026-05-29T10:49:18.840+0200] {processor.py:179} INFO - Processing /home/frederic/airflow_venv/lib/python3.10/site-packages/airflow/example_dags/subdags/subdag.py took 0.014 seconds
[2026-05-29T10:49:50.060+0200] {processor.py:157} INFO - Started process (PID=723401) to work on /home/frederic/airflow_venv/lib/python3.10/site-packages/airflow/example_dags/subdags/subdag.py
[2026-05-29T10:49:50.061+0200] {processor.py:829} INFO - Processing file /home/frederic/airflow_venv/lib/python3.10/site-packages/airflow/example_dags/subdags/subdag.py for tasks to queue
[2026-05-29T10:49:50.061+0200] {logging_mixin.py:151} INFO - [2026-05-29T10:49:50.061+0200] {dagbag.py:539} INFO - Filling up the DagBag from /home/frederic/airflow_venv/lib/python3.10/site-packages/airflow/example_dags/subdags/subdag.py
[2026-05-29T10:49:50.063+0200] {processor.py:841} WARNING - No viable dags retrieved from /home/frederic/airflow_venv/lib/python3.10/site-packages/airflow/example_dags/subdags/subdag.py
[2026-05-29T10:49:50.072+0200] {processor.py:179} INFO - Processing /home/frederic/airflow_venv/lib/python3.10/site-packages/airflow/example_dags/subdags/subdag.py took 0.014 seconds
[2026-05-29T10:50:21.494+0200] {processor.py:157} INFO - Started process (PID=723770) to work on /home/frederic/airflow_venv/lib/python3.10/site-packages/airflow/example_dags/subdags/subdag.py
[2026-05-29T10:50:21.495+0200] {processor.py:829} INFO - Processing file /home/frederic/airflow_venv/lib/python3.10/site-packages/airflow/example_dags/subdags/subdag.py for tasks to queue
[2026-05-29T10:50:21.496+0200] {logging_mixin.py:151} INFO - [2026-05-29T10:50:21.496+0200] {dagbag.py:539} INFO - Filling up the DagBag from /home/frederic/airflow_venv/lib/python3.10/site-packages/airflow/example_dags/subdags/subdag.py
[2026-05-29T10:50:21.498+0200] {processor.py:841} WARNING - No viable dags retrieved from /home/frederic/airflow_venv/lib/python3.10/site-packages/airflow/example_dags/subdags/subdag.py
[2026-05-29T10:50:21.507+0200] {processor.py:179} INFO - Processing /home/frederic/airflow_venv/lib/python3.10/site-packages/airflow/example_dags/subdags/subdag.py took 0.018 seconds
[2026-05-29T10:50:53.040+0200] {processor.py:157} INFO - Started process (PID=724052) to work on /home/frederic/airflow_venv/lib/python3.10/site-packages/airflow/example_dags/subdags/subdag.py
[2026-05-29T10:50:53.040+0200] {processor.py:829} INFO - Processing file /home/frederic/airflow_venv/lib/python3.10/site-packages/airflow/example_dags/subdags/subdag.py for tasks to queue
[2026-05-29T10:50:53.041+0200] {logging_mixin.py:151} INFO - [2026-05-29T10:50:53.041+0200] {dagbag.py:539} INFO - Filling up the DagBag from /home/frederic/airflow_venv/lib/python3.10/site-packages/airflow/example_dags/subdags/subdag.py
[2026-05-29T10:50:53.043+0200] {processor.py:841} WARNING - No viable dags retrieved from /home/frederic/airflow_venv/lib/python3.10/site-packages/airflow/example_dags/subdags/subdag.py
[2026-05-29T10:50:53.050+0200] {processor.py:179} INFO - Processing /home/frederic/airflow_venv/lib/python3.10/site-packages/airflow/example_dags/subdags/subdag.py took 0.013 seconds
