[2026-05-29T02:00:05.010+0200] {processor.py:157} INFO - Started process (PID=633180) to work on /home/frederic/airflow_venv/lib/python3.10/site-packages/airflow/example_dags/plugins/listener_plugin.py
[2026-05-29T02:00:05.011+0200] {processor.py:829} INFO - Processing file /home/frederic/airflow_venv/lib/python3.10/site-packages/airflow/example_dags/plugins/listener_plugin.py for tasks to queue
[2026-05-29T02:00:05.012+0200] {logging_mixin.py:151} INFO - [2026-05-29T02:00:05.011+0200] {dagbag.py:539} INFO - Filling up the DagBag from /home/frederic/airflow_venv/lib/python3.10/site-packages/airflow/example_dags/plugins/listener_plugin.py
[2026-05-29T02:00:05.014+0200] {processor.py:841} WARNING - No viable dags retrieved from /home/frederic/airflow_venv/lib/python3.10/site-packages/airflow/example_dags/plugins/listener_plugin.py
[2026-05-29T02:00:05.020+0200] {processor.py:179} INFO - Processing /home/frederic/airflow_venv/lib/python3.10/site-packages/airflow/example_dags/plugins/listener_plugin.py took 0.012 seconds
[2026-05-29T02:00:33.790+0200] {processor.py:157} INFO - Started process (PID=634115) to work on /home/frederic/airflow_venv/lib/python3.10/site-packages/airflow/example_dags/plugins/listener_plugin.py
[2026-05-29T02:00:33.791+0200] {processor.py:829} INFO - Processing file /home/frederic/airflow_venv/lib/python3.10/site-packages/airflow/example_dags/plugins/listener_plugin.py for tasks to queue
[2026-05-29T02:00:33.791+0200] {logging_mixin.py:151} INFO - [2026-05-29T02:00:33.791+0200] {dagbag.py:539} INFO - Filling up the DagBag from /home/frederic/airflow_venv/lib/python3.10/site-packages/airflow/example_dags/plugins/listener_plugin.py
[2026-05-29T02:00:33.794+0200] {processor.py:841} WARNING - No viable dags retrieved from /home/frederic/airflow_venv/lib/python3.10/site-packages/airflow/example_dags/plugins/listener_plugin.py
[2026-05-29T02:00:33.801+0200] {processor.py:179} INFO - Processing /home/frederic/airflow_venv/lib/python3.10/site-packages/airflow/example_dags/plugins/listener_plugin.py took 0.015 seconds
[2026-05-29T02:00:49.612+0200] {processor.py:157} INFO - Started process (PID=634639) to work on /home/frederic/airflow_venv/lib/python3.10/site-packages/airflow/example_dags/plugins/listener_plugin.py
[2026-05-29T02:00:49.613+0200] {processor.py:829} INFO - Processing file /home/frederic/airflow_venv/lib/python3.10/site-packages/airflow/example_dags/plugins/listener_plugin.py for tasks to queue
[2026-05-29T02:00:49.613+0200] {logging_mixin.py:151} INFO - [2026-05-29T02:00:49.613+0200] {dagbag.py:539} INFO - Filling up the DagBag from /home/frederic/airflow_venv/lib/python3.10/site-packages/airflow/example_dags/plugins/listener_plugin.py
[2026-05-29T02:00:49.615+0200] {processor.py:841} WARNING - No viable dags retrieved from /home/frederic/airflow_venv/lib/python3.10/site-packages/airflow/example_dags/plugins/listener_plugin.py
[2026-05-29T02:00:49.623+0200] {processor.py:179} INFO - Processing /home/frederic/airflow_venv/lib/python3.10/site-packages/airflow/example_dags/plugins/listener_plugin.py took 0.013 seconds
[2026-05-29T02:01:16.023+0200] {processor.py:157} INFO - Started process (PID=635297) to work on /home/frederic/airflow_venv/lib/python3.10/site-packages/airflow/example_dags/plugins/listener_plugin.py
[2026-05-29T02:01:16.024+0200] {processor.py:829} INFO - Processing file /home/frederic/airflow_venv/lib/python3.10/site-packages/airflow/example_dags/plugins/listener_plugin.py for tasks to queue
[2026-05-29T02:01:16.025+0200] {logging_mixin.py:151} INFO - [2026-05-29T02:01:16.025+0200] {dagbag.py:539} INFO - Filling up the DagBag from /home/frederic/airflow_venv/lib/python3.10/site-packages/airflow/example_dags/plugins/listener_plugin.py
[2026-05-29T02:01:16.028+0200] {processor.py:841} WARNING - No viable dags retrieved from /home/frederic/airflow_venv/lib/python3.10/site-packages/airflow/example_dags/plugins/listener_plugin.py
[2026-05-29T02:01:16.037+0200] {processor.py:179} INFO - Processing /home/frederic/airflow_venv/lib/python3.10/site-packages/airflow/example_dags/plugins/listener_plugin.py took 0.017 seconds
[2026-05-29T02:01:20.501+0200] {processor.py:157} INFO - Started process (PID=635460) to work on /home/frederic/airflow_venv/lib/python3.10/site-packages/airflow/example_dags/plugins/listener_plugin.py
[2026-05-29T02:01:20.502+0200] {processor.py:829} INFO - Processing file /home/frederic/airflow_venv/lib/python3.10/site-packages/airflow/example_dags/plugins/listener_plugin.py for tasks to queue
[2026-05-29T02:01:20.502+0200] {logging_mixin.py:151} INFO - [2026-05-29T02:01:20.502+0200] {dagbag.py:539} INFO - Filling up the DagBag from /home/frederic/airflow_venv/lib/python3.10/site-packages/airflow/example_dags/plugins/listener_plugin.py
[2026-05-29T02:01:20.504+0200] {processor.py:841} WARNING - No viable dags retrieved from /home/frederic/airflow_venv/lib/python3.10/site-packages/airflow/example_dags/plugins/listener_plugin.py
[2026-05-29T02:01:20.512+0200] {processor.py:179} INFO - Processing /home/frederic/airflow_venv/lib/python3.10/site-packages/airflow/example_dags/plugins/listener_plugin.py took 0.013 seconds
[2026-05-29T02:01:47.558+0200] {processor.py:157} INFO - Started process (PID=636201) to work on /home/frederic/airflow_venv/lib/python3.10/site-packages/airflow/example_dags/plugins/listener_plugin.py
[2026-05-29T02:01:47.559+0200] {processor.py:829} INFO - Processing file /home/frederic/airflow_venv/lib/python3.10/site-packages/airflow/example_dags/plugins/listener_plugin.py for tasks to queue
[2026-05-29T02:01:47.560+0200] {logging_mixin.py:151} INFO - [2026-05-29T02:01:47.559+0200] {dagbag.py:539} INFO - Filling up the DagBag from /home/frederic/airflow_venv/lib/python3.10/site-packages/airflow/example_dags/plugins/listener_plugin.py
[2026-05-29T02:01:47.562+0200] {processor.py:841} WARNING - No viable dags retrieved from /home/frederic/airflow_venv/lib/python3.10/site-packages/airflow/example_dags/plugins/listener_plugin.py
[2026-05-29T02:01:47.570+0200] {processor.py:179} INFO - Processing /home/frederic/airflow_venv/lib/python3.10/site-packages/airflow/example_dags/plugins/listener_plugin.py took 0.014 seconds
[2026-05-29T02:02:03.305+0200] {processor.py:157} INFO - Started process (PID=636599) to work on /home/frederic/airflow_venv/lib/python3.10/site-packages/airflow/example_dags/plugins/listener_plugin.py
[2026-05-29T02:02:03.306+0200] {processor.py:829} INFO - Processing file /home/frederic/airflow_venv/lib/python3.10/site-packages/airflow/example_dags/plugins/listener_plugin.py for tasks to queue
[2026-05-29T02:02:03.307+0200] {logging_mixin.py:151} INFO - [2026-05-29T02:02:03.307+0200] {dagbag.py:539} INFO - Filling up the DagBag from /home/frederic/airflow_venv/lib/python3.10/site-packages/airflow/example_dags/plugins/listener_plugin.py
[2026-05-29T02:02:03.309+0200] {processor.py:841} WARNING - No viable dags retrieved from /home/frederic/airflow_venv/lib/python3.10/site-packages/airflow/example_dags/plugins/listener_plugin.py
[2026-05-29T02:02:03.318+0200] {processor.py:179} INFO - Processing /home/frederic/airflow_venv/lib/python3.10/site-packages/airflow/example_dags/plugins/listener_plugin.py took 0.015 seconds
[2026-05-29T02:02:21.809+0200] {processor.py:157} INFO - Started process (PID=637285) to work on /home/frederic/airflow_venv/lib/python3.10/site-packages/airflow/example_dags/plugins/listener_plugin.py
[2026-05-29T02:02:21.810+0200] {processor.py:829} INFO - Processing file /home/frederic/airflow_venv/lib/python3.10/site-packages/airflow/example_dags/plugins/listener_plugin.py for tasks to queue
[2026-05-29T02:02:21.811+0200] {logging_mixin.py:151} INFO - [2026-05-29T02:02:21.811+0200] {dagbag.py:539} INFO - Filling up the DagBag from /home/frederic/airflow_venv/lib/python3.10/site-packages/airflow/example_dags/plugins/listener_plugin.py
[2026-05-29T02:02:21.815+0200] {processor.py:841} WARNING - No viable dags retrieved from /home/frederic/airflow_venv/lib/python3.10/site-packages/airflow/example_dags/plugins/listener_plugin.py
[2026-05-29T02:02:21.826+0200] {processor.py:179} INFO - Processing /home/frederic/airflow_venv/lib/python3.10/site-packages/airflow/example_dags/plugins/listener_plugin.py took 0.019 seconds
[2026-05-29T02:02:37.617+0200] {processor.py:157} INFO - Started process (PID=637687) to work on /home/frederic/airflow_venv/lib/python3.10/site-packages/airflow/example_dags/plugins/listener_plugin.py
[2026-05-29T02:02:37.618+0200] {processor.py:829} INFO - Processing file /home/frederic/airflow_venv/lib/python3.10/site-packages/airflow/example_dags/plugins/listener_plugin.py for tasks to queue
[2026-05-29T02:02:37.619+0200] {logging_mixin.py:151} INFO - [2026-05-29T02:02:37.619+0200] {dagbag.py:539} INFO - Filling up the DagBag from /home/frederic/airflow_venv/lib/python3.10/site-packages/airflow/example_dags/plugins/listener_plugin.py
[2026-05-29T02:02:37.622+0200] {processor.py:841} WARNING - No viable dags retrieved from /home/frederic/airflow_venv/lib/python3.10/site-packages/airflow/example_dags/plugins/listener_plugin.py
[2026-05-29T02:02:37.634+0200] {processor.py:179} INFO - Processing /home/frederic/airflow_venv/lib/python3.10/site-packages/airflow/example_dags/plugins/listener_plugin.py took 0.021 seconds
[2026-05-29T02:02:55.471+0200] {processor.py:157} INFO - Started process (PID=638211) to work on /home/frederic/airflow_venv/lib/python3.10/site-packages/airflow/example_dags/plugins/listener_plugin.py
[2026-05-29T02:02:55.472+0200] {processor.py:829} INFO - Processing file /home/frederic/airflow_venv/lib/python3.10/site-packages/airflow/example_dags/plugins/listener_plugin.py for tasks to queue
[2026-05-29T02:02:55.473+0200] {logging_mixin.py:151} INFO - [2026-05-29T02:02:55.472+0200] {dagbag.py:539} INFO - Filling up the DagBag from /home/frederic/airflow_venv/lib/python3.10/site-packages/airflow/example_dags/plugins/listener_plugin.py
[2026-05-29T02:02:55.476+0200] {processor.py:841} WARNING - No viable dags retrieved from /home/frederic/airflow_venv/lib/python3.10/site-packages/airflow/example_dags/plugins/listener_plugin.py
[2026-05-29T02:02:55.484+0200] {processor.py:179} INFO - Processing /home/frederic/airflow_venv/lib/python3.10/site-packages/airflow/example_dags/plugins/listener_plugin.py took 0.016 seconds
[2026-05-29T02:03:11.619+0200] {processor.py:157} INFO - Started process (PID=638585) to work on /home/frederic/airflow_venv/lib/python3.10/site-packages/airflow/example_dags/plugins/listener_plugin.py
[2026-05-29T02:03:11.620+0200] {processor.py:829} INFO - Processing file /home/frederic/airflow_venv/lib/python3.10/site-packages/airflow/example_dags/plugins/listener_plugin.py for tasks to queue
[2026-05-29T02:03:11.621+0200] {logging_mixin.py:151} INFO - [2026-05-29T02:03:11.620+0200] {dagbag.py:539} INFO - Filling up the DagBag from /home/frederic/airflow_venv/lib/python3.10/site-packages/airflow/example_dags/plugins/listener_plugin.py
[2026-05-29T02:03:11.624+0200] {processor.py:841} WARNING - No viable dags retrieved from /home/frederic/airflow_venv/lib/python3.10/site-packages/airflow/example_dags/plugins/listener_plugin.py
[2026-05-29T02:03:11.632+0200] {processor.py:179} INFO - Processing /home/frederic/airflow_venv/lib/python3.10/site-packages/airflow/example_dags/plugins/listener_plugin.py took 0.015 seconds
[2026-05-29T02:03:28.950+0200] {processor.py:157} INFO - Started process (PID=639226) to work on /home/frederic/airflow_venv/lib/python3.10/site-packages/airflow/example_dags/plugins/listener_plugin.py
[2026-05-29T02:03:28.951+0200] {processor.py:829} INFO - Processing file /home/frederic/airflow_venv/lib/python3.10/site-packages/airflow/example_dags/plugins/listener_plugin.py for tasks to queue
[2026-05-29T02:03:28.952+0200] {logging_mixin.py:151} INFO - [2026-05-29T02:03:28.951+0200] {dagbag.py:539} INFO - Filling up the DagBag from /home/frederic/airflow_venv/lib/python3.10/site-packages/airflow/example_dags/plugins/listener_plugin.py
[2026-05-29T02:03:28.956+0200] {processor.py:841} WARNING - No viable dags retrieved from /home/frederic/airflow_venv/lib/python3.10/site-packages/airflow/example_dags/plugins/listener_plugin.py
[2026-05-29T02:03:28.964+0200] {processor.py:179} INFO - Processing /home/frederic/airflow_venv/lib/python3.10/site-packages/airflow/example_dags/plugins/listener_plugin.py took 0.017 seconds
[2026-05-29T02:04:25.929+0200] {processor.py:157} INFO - Started process (PID=640156) to work on /home/frederic/airflow_venv/lib/python3.10/site-packages/airflow/example_dags/plugins/listener_plugin.py
[2026-05-29T02:04:26.001+0200] {processor.py:829} INFO - Processing file /home/frederic/airflow_venv/lib/python3.10/site-packages/airflow/example_dags/plugins/listener_plugin.py for tasks to queue
[2026-05-29T02:04:26.307+0200] {logging_mixin.py:151} INFO - [2026-05-29T02:04:26.002+0200] {dagbag.py:539} INFO - Filling up the DagBag from /home/frederic/airflow_venv/lib/python3.10/site-packages/airflow/example_dags/plugins/listener_plugin.py
[2026-05-29T02:04:26.561+0200] {processor.py:841} WARNING - No viable dags retrieved from /home/frederic/airflow_venv/lib/python3.10/site-packages/airflow/example_dags/plugins/listener_plugin.py
[2026-05-29T02:04:26.606+0200] {processor.py:179} INFO - Processing /home/frederic/airflow_venv/lib/python3.10/site-packages/airflow/example_dags/plugins/listener_plugin.py took 0.746 seconds
[2026-05-29T09:56:03.389+0200] {processor.py:157} INFO - Started process (PID=680032) to work on /home/frederic/airflow_venv/lib/python3.10/site-packages/airflow/example_dags/plugins/listener_plugin.py
[2026-05-29T09:56:03.390+0200] {processor.py:829} INFO - Processing file /home/frederic/airflow_venv/lib/python3.10/site-packages/airflow/example_dags/plugins/listener_plugin.py for tasks to queue
[2026-05-29T09:56:03.391+0200] {logging_mixin.py:151} INFO - [2026-05-29T09:56:03.391+0200] {dagbag.py:539} INFO - Filling up the DagBag from /home/frederic/airflow_venv/lib/python3.10/site-packages/airflow/example_dags/plugins/listener_plugin.py
[2026-05-29T09:56:03.394+0200] {processor.py:841} WARNING - No viable dags retrieved from /home/frederic/airflow_venv/lib/python3.10/site-packages/airflow/example_dags/plugins/listener_plugin.py
[2026-05-29T09:56:03.402+0200] {processor.py:179} INFO - Processing /home/frederic/airflow_venv/lib/python3.10/site-packages/airflow/example_dags/plugins/listener_plugin.py took 0.017 seconds
[2026-05-29T09:58:02.297+0200] {processor.py:157} INFO - Started process (PID=681488) to work on /home/frederic/airflow_venv/lib/python3.10/site-packages/airflow/example_dags/plugins/listener_plugin.py
[2026-05-29T09:58:02.300+0200] {processor.py:829} INFO - Processing file /home/frederic/airflow_venv/lib/python3.10/site-packages/airflow/example_dags/plugins/listener_plugin.py for tasks to queue
[2026-05-29T09:58:02.301+0200] {logging_mixin.py:151} INFO - [2026-05-29T09:58:02.301+0200] {dagbag.py:539} INFO - Filling up the DagBag from /home/frederic/airflow_venv/lib/python3.10/site-packages/airflow/example_dags/plugins/listener_plugin.py
[2026-05-29T09:58:02.304+0200] {processor.py:841} WARNING - No viable dags retrieved from /home/frederic/airflow_venv/lib/python3.10/site-packages/airflow/example_dags/plugins/listener_plugin.py
[2026-05-29T09:58:02.311+0200] {processor.py:179} INFO - Processing /home/frederic/airflow_venv/lib/python3.10/site-packages/airflow/example_dags/plugins/listener_plugin.py took 0.017 seconds
[2026-05-29T09:58:50.500+0200] {processor.py:157} INFO - Started process (PID=682452) to work on /home/frederic/airflow_venv/lib/python3.10/site-packages/airflow/example_dags/plugins/listener_plugin.py
[2026-05-29T09:58:50.501+0200] {processor.py:829} INFO - Processing file /home/frederic/airflow_venv/lib/python3.10/site-packages/airflow/example_dags/plugins/listener_plugin.py for tasks to queue
[2026-05-29T09:58:50.501+0200] {logging_mixin.py:151} INFO - [2026-05-29T09:58:50.501+0200] {dagbag.py:539} INFO - Filling up the DagBag from /home/frederic/airflow_venv/lib/python3.10/site-packages/airflow/example_dags/plugins/listener_plugin.py
[2026-05-29T09:58:50.503+0200] {processor.py:841} WARNING - No viable dags retrieved from /home/frederic/airflow_venv/lib/python3.10/site-packages/airflow/example_dags/plugins/listener_plugin.py
[2026-05-29T09:58:50.510+0200] {processor.py:179} INFO - Processing /home/frederic/airflow_venv/lib/python3.10/site-packages/airflow/example_dags/plugins/listener_plugin.py took 0.013 seconds
[2026-05-29T09:59:31.215+0200] {processor.py:157} INFO - Started process (PID=683666) to work on /home/frederic/airflow_venv/lib/python3.10/site-packages/airflow/example_dags/plugins/listener_plugin.py
[2026-05-29T09:59:31.216+0200] {processor.py:829} INFO - Processing file /home/frederic/airflow_venv/lib/python3.10/site-packages/airflow/example_dags/plugins/listener_plugin.py for tasks to queue
[2026-05-29T09:59:31.217+0200] {logging_mixin.py:151} INFO - [2026-05-29T09:59:31.217+0200] {dagbag.py:539} INFO - Filling up the DagBag from /home/frederic/airflow_venv/lib/python3.10/site-packages/airflow/example_dags/plugins/listener_plugin.py
[2026-05-29T09:59:31.220+0200] {processor.py:841} WARNING - No viable dags retrieved from /home/frederic/airflow_venv/lib/python3.10/site-packages/airflow/example_dags/plugins/listener_plugin.py
[2026-05-29T09:59:31.228+0200] {processor.py:179} INFO - Processing /home/frederic/airflow_venv/lib/python3.10/site-packages/airflow/example_dags/plugins/listener_plugin.py took 0.016 seconds
[2026-05-29T10:00:05.743+0200] {processor.py:157} INFO - Started process (PID=684066) to work on /home/frederic/airflow_venv/lib/python3.10/site-packages/airflow/example_dags/plugins/listener_plugin.py
[2026-05-29T10:00:05.744+0200] {processor.py:829} INFO - Processing file /home/frederic/airflow_venv/lib/python3.10/site-packages/airflow/example_dags/plugins/listener_plugin.py for tasks to queue
[2026-05-29T10:00:05.744+0200] {logging_mixin.py:151} INFO - [2026-05-29T10:00:05.744+0200] {dagbag.py:539} INFO - Filling up the DagBag from /home/frederic/airflow_venv/lib/python3.10/site-packages/airflow/example_dags/plugins/listener_plugin.py
[2026-05-29T10:00:05.746+0200] {processor.py:841} WARNING - No viable dags retrieved from /home/frederic/airflow_venv/lib/python3.10/site-packages/airflow/example_dags/plugins/listener_plugin.py
[2026-05-29T10:00:05.756+0200] {processor.py:179} INFO - Processing /home/frederic/airflow_venv/lib/python3.10/site-packages/airflow/example_dags/plugins/listener_plugin.py took 0.017 seconds
[2026-05-29T10:00:41.157+0200] {processor.py:157} INFO - Started process (PID=684780) to work on /home/frederic/airflow_venv/lib/python3.10/site-packages/airflow/example_dags/plugins/listener_plugin.py
[2026-05-29T10:00:41.158+0200] {processor.py:829} INFO - Processing file /home/frederic/airflow_venv/lib/python3.10/site-packages/airflow/example_dags/plugins/listener_plugin.py for tasks to queue
[2026-05-29T10:00:41.158+0200] {logging_mixin.py:151} INFO - [2026-05-29T10:00:41.158+0200] {dagbag.py:539} INFO - Filling up the DagBag from /home/frederic/airflow_venv/lib/python3.10/site-packages/airflow/example_dags/plugins/listener_plugin.py
[2026-05-29T10:00:41.161+0200] {processor.py:841} WARNING - No viable dags retrieved from /home/frederic/airflow_venv/lib/python3.10/site-packages/airflow/example_dags/plugins/listener_plugin.py
[2026-05-29T10:00:41.168+0200] {processor.py:179} INFO - Processing /home/frederic/airflow_venv/lib/python3.10/site-packages/airflow/example_dags/plugins/listener_plugin.py took 0.015 seconds
[2026-05-29T10:01:26.692+0200] {processor.py:157} INFO - Started process (PID=685436) to work on /home/frederic/airflow_venv/lib/python3.10/site-packages/airflow/example_dags/plugins/listener_plugin.py
[2026-05-29T10:01:26.696+0200] {processor.py:829} INFO - Processing file /home/frederic/airflow_venv/lib/python3.10/site-packages/airflow/example_dags/plugins/listener_plugin.py for tasks to queue
[2026-05-29T10:01:26.697+0200] {logging_mixin.py:151} INFO - [2026-05-29T10:01:26.696+0200] {dagbag.py:539} INFO - Filling up the DagBag from /home/frederic/airflow_venv/lib/python3.10/site-packages/airflow/example_dags/plugins/listener_plugin.py
[2026-05-29T10:01:26.699+0200] {processor.py:841} WARNING - No viable dags retrieved from /home/frederic/airflow_venv/lib/python3.10/site-packages/airflow/example_dags/plugins/listener_plugin.py
[2026-05-29T10:01:26.710+0200] {processor.py:179} INFO - Processing /home/frederic/airflow_venv/lib/python3.10/site-packages/airflow/example_dags/plugins/listener_plugin.py took 0.020 seconds
[2026-05-29T10:01:59.118+0200] {processor.py:157} INFO - Started process (PID=685845) to work on /home/frederic/airflow_venv/lib/python3.10/site-packages/airflow/example_dags/plugins/listener_plugin.py
[2026-05-29T10:01:59.119+0200] {processor.py:829} INFO - Processing file /home/frederic/airflow_venv/lib/python3.10/site-packages/airflow/example_dags/plugins/listener_plugin.py for tasks to queue
[2026-05-29T10:01:59.119+0200] {logging_mixin.py:151} INFO - [2026-05-29T10:01:59.119+0200] {dagbag.py:539} INFO - Filling up the DagBag from /home/frederic/airflow_venv/lib/python3.10/site-packages/airflow/example_dags/plugins/listener_plugin.py
[2026-05-29T10:01:59.121+0200] {processor.py:841} WARNING - No viable dags retrieved from /home/frederic/airflow_venv/lib/python3.10/site-packages/airflow/example_dags/plugins/listener_plugin.py
[2026-05-29T10:01:59.132+0200] {processor.py:179} INFO - Processing /home/frederic/airflow_venv/lib/python3.10/site-packages/airflow/example_dags/plugins/listener_plugin.py took 0.016 seconds
[2026-05-29T10:02:31.051+0200] {processor.py:157} INFO - Started process (PID=686194) to work on /home/frederic/airflow_venv/lib/python3.10/site-packages/airflow/example_dags/plugins/listener_plugin.py
[2026-05-29T10:02:31.052+0200] {processor.py:829} INFO - Processing file /home/frederic/airflow_venv/lib/python3.10/site-packages/airflow/example_dags/plugins/listener_plugin.py for tasks to queue
[2026-05-29T10:02:31.053+0200] {logging_mixin.py:151} INFO - [2026-05-29T10:02:31.053+0200] {dagbag.py:539} INFO - Filling up the DagBag from /home/frederic/airflow_venv/lib/python3.10/site-packages/airflow/example_dags/plugins/listener_plugin.py
[2026-05-29T10:02:31.056+0200] {processor.py:841} WARNING - No viable dags retrieved from /home/frederic/airflow_venv/lib/python3.10/site-packages/airflow/example_dags/plugins/listener_plugin.py
[2026-05-29T10:02:31.065+0200] {processor.py:179} INFO - Processing /home/frederic/airflow_venv/lib/python3.10/site-packages/airflow/example_dags/plugins/listener_plugin.py took 0.016 seconds
[2026-05-29T10:03:16.216+0200] {processor.py:157} INFO - Started process (PID=686659) to work on /home/frederic/airflow_venv/lib/python3.10/site-packages/airflow/example_dags/plugins/listener_plugin.py
[2026-05-29T10:03:16.217+0200] {processor.py:829} INFO - Processing file /home/frederic/airflow_venv/lib/python3.10/site-packages/airflow/example_dags/plugins/listener_plugin.py for tasks to queue
[2026-05-29T10:03:16.217+0200] {logging_mixin.py:151} INFO - [2026-05-29T10:03:16.217+0200] {dagbag.py:539} INFO - Filling up the DagBag from /home/frederic/airflow_venv/lib/python3.10/site-packages/airflow/example_dags/plugins/listener_plugin.py
[2026-05-29T10:03:16.219+0200] {processor.py:841} WARNING - No viable dags retrieved from /home/frederic/airflow_venv/lib/python3.10/site-packages/airflow/example_dags/plugins/listener_plugin.py
[2026-05-29T10:03:16.229+0200] {processor.py:179} INFO - Processing /home/frederic/airflow_venv/lib/python3.10/site-packages/airflow/example_dags/plugins/listener_plugin.py took 0.016 seconds
[2026-05-29T10:03:48.189+0200] {processor.py:157} INFO - Started process (PID=687319) to work on /home/frederic/airflow_venv/lib/python3.10/site-packages/airflow/example_dags/plugins/listener_plugin.py
[2026-05-29T10:03:48.191+0200] {processor.py:829} INFO - Processing file /home/frederic/airflow_venv/lib/python3.10/site-packages/airflow/example_dags/plugins/listener_plugin.py for tasks to queue
[2026-05-29T10:03:48.192+0200] {logging_mixin.py:151} INFO - [2026-05-29T10:03:48.192+0200] {dagbag.py:539} INFO - Filling up the DagBag from /home/frederic/airflow_venv/lib/python3.10/site-packages/airflow/example_dags/plugins/listener_plugin.py
[2026-05-29T10:03:48.194+0200] {processor.py:841} WARNING - No viable dags retrieved from /home/frederic/airflow_venv/lib/python3.10/site-packages/airflow/example_dags/plugins/listener_plugin.py
[2026-05-29T10:03:48.203+0200] {processor.py:179} INFO - Processing /home/frederic/airflow_venv/lib/python3.10/site-packages/airflow/example_dags/plugins/listener_plugin.py took 0.017 seconds
[2026-05-29T10:04:20.207+0200] {processor.py:157} INFO - Started process (PID=687918) to work on /home/frederic/airflow_venv/lib/python3.10/site-packages/airflow/example_dags/plugins/listener_plugin.py
[2026-05-29T10:04:20.208+0200] {processor.py:829} INFO - Processing file /home/frederic/airflow_venv/lib/python3.10/site-packages/airflow/example_dags/plugins/listener_plugin.py for tasks to queue
[2026-05-29T10:04:20.209+0200] {logging_mixin.py:151} INFO - [2026-05-29T10:04:20.209+0200] {dagbag.py:539} INFO - Filling up the DagBag from /home/frederic/airflow_venv/lib/python3.10/site-packages/airflow/example_dags/plugins/listener_plugin.py
[2026-05-29T10:04:20.211+0200] {processor.py:841} WARNING - No viable dags retrieved from /home/frederic/airflow_venv/lib/python3.10/site-packages/airflow/example_dags/plugins/listener_plugin.py
[2026-05-29T10:04:20.221+0200] {processor.py:179} INFO - Processing /home/frederic/airflow_venv/lib/python3.10/site-packages/airflow/example_dags/plugins/listener_plugin.py took 0.019 seconds
[2026-05-29T10:04:53.909+0200] {processor.py:157} INFO - Started process (PID=688670) to work on /home/frederic/airflow_venv/lib/python3.10/site-packages/airflow/example_dags/plugins/listener_plugin.py
[2026-05-29T10:04:53.913+0200] {processor.py:829} INFO - Processing file /home/frederic/airflow_venv/lib/python3.10/site-packages/airflow/example_dags/plugins/listener_plugin.py for tasks to queue
[2026-05-29T10:04:53.914+0200] {logging_mixin.py:151} INFO - [2026-05-29T10:04:53.913+0200] {dagbag.py:539} INFO - Filling up the DagBag from /home/frederic/airflow_venv/lib/python3.10/site-packages/airflow/example_dags/plugins/listener_plugin.py
[2026-05-29T10:04:53.916+0200] {processor.py:841} WARNING - No viable dags retrieved from /home/frederic/airflow_venv/lib/python3.10/site-packages/airflow/example_dags/plugins/listener_plugin.py
[2026-05-29T10:04:53.925+0200] {processor.py:179} INFO - Processing /home/frederic/airflow_venv/lib/python3.10/site-packages/airflow/example_dags/plugins/listener_plugin.py took 0.018 seconds
[2026-05-29T10:05:24.253+0200] {processor.py:157} INFO - Started process (PID=689534) to work on /home/frederic/airflow_venv/lib/python3.10/site-packages/airflow/example_dags/plugins/listener_plugin.py
[2026-05-29T10:05:24.255+0200] {processor.py:829} INFO - Processing file /home/frederic/airflow_venv/lib/python3.10/site-packages/airflow/example_dags/plugins/listener_plugin.py for tasks to queue
[2026-05-29T10:05:24.256+0200] {logging_mixin.py:151} INFO - [2026-05-29T10:05:24.255+0200] {dagbag.py:539} INFO - Filling up the DagBag from /home/frederic/airflow_venv/lib/python3.10/site-packages/airflow/example_dags/plugins/listener_plugin.py
[2026-05-29T10:05:24.259+0200] {processor.py:841} WARNING - No viable dags retrieved from /home/frederic/airflow_venv/lib/python3.10/site-packages/airflow/example_dags/plugins/listener_plugin.py
[2026-05-29T10:05:24.270+0200] {processor.py:179} INFO - Processing /home/frederic/airflow_venv/lib/python3.10/site-packages/airflow/example_dags/plugins/listener_plugin.py took 0.020 seconds
[2026-05-29T10:05:56.831+0200] {processor.py:157} INFO - Started process (PID=689858) to work on /home/frederic/airflow_venv/lib/python3.10/site-packages/airflow/example_dags/plugins/listener_plugin.py
[2026-05-29T10:05:56.832+0200] {processor.py:829} INFO - Processing file /home/frederic/airflow_venv/lib/python3.10/site-packages/airflow/example_dags/plugins/listener_plugin.py for tasks to queue
[2026-05-29T10:05:56.833+0200] {logging_mixin.py:151} INFO - [2026-05-29T10:05:56.832+0200] {dagbag.py:539} INFO - Filling up the DagBag from /home/frederic/airflow_venv/lib/python3.10/site-packages/airflow/example_dags/plugins/listener_plugin.py
[2026-05-29T10:05:56.836+0200] {processor.py:841} WARNING - No viable dags retrieved from /home/frederic/airflow_venv/lib/python3.10/site-packages/airflow/example_dags/plugins/listener_plugin.py
[2026-05-29T10:05:56.857+0200] {processor.py:179} INFO - Processing /home/frederic/airflow_venv/lib/python3.10/site-packages/airflow/example_dags/plugins/listener_plugin.py took 0.033 seconds
[2026-05-29T10:06:30.076+0200] {processor.py:157} INFO - Started process (PID=690269) to work on /home/frederic/airflow_venv/lib/python3.10/site-packages/airflow/example_dags/plugins/listener_plugin.py
[2026-05-29T10:06:30.077+0200] {processor.py:829} INFO - Processing file /home/frederic/airflow_venv/lib/python3.10/site-packages/airflow/example_dags/plugins/listener_plugin.py for tasks to queue
[2026-05-29T10:06:30.078+0200] {logging_mixin.py:151} INFO - [2026-05-29T10:06:30.077+0200] {dagbag.py:539} INFO - Filling up the DagBag from /home/frederic/airflow_venv/lib/python3.10/site-packages/airflow/example_dags/plugins/listener_plugin.py
[2026-05-29T10:06:30.081+0200] {processor.py:841} WARNING - No viable dags retrieved from /home/frederic/airflow_venv/lib/python3.10/site-packages/airflow/example_dags/plugins/listener_plugin.py
[2026-05-29T10:06:30.089+0200] {processor.py:179} INFO - Processing /home/frederic/airflow_venv/lib/python3.10/site-packages/airflow/example_dags/plugins/listener_plugin.py took 0.015 seconds
[2026-05-29T10:07:07.097+0200] {processor.py:157} INFO - Started process (PID=690815) to work on /home/frederic/airflow_venv/lib/python3.10/site-packages/airflow/example_dags/plugins/listener_plugin.py
[2026-05-29T10:07:07.098+0200] {processor.py:829} INFO - Processing file /home/frederic/airflow_venv/lib/python3.10/site-packages/airflow/example_dags/plugins/listener_plugin.py for tasks to queue
[2026-05-29T10:07:07.099+0200] {logging_mixin.py:151} INFO - [2026-05-29T10:07:07.098+0200] {dagbag.py:539} INFO - Filling up the DagBag from /home/frederic/airflow_venv/lib/python3.10/site-packages/airflow/example_dags/plugins/listener_plugin.py
[2026-05-29T10:07:07.102+0200] {processor.py:841} WARNING - No viable dags retrieved from /home/frederic/airflow_venv/lib/python3.10/site-packages/airflow/example_dags/plugins/listener_plugin.py
[2026-05-29T10:07:07.111+0200] {processor.py:179} INFO - Processing /home/frederic/airflow_venv/lib/python3.10/site-packages/airflow/example_dags/plugins/listener_plugin.py took 0.016 seconds
[2026-05-29T10:07:43.969+0200] {processor.py:157} INFO - Started process (PID=691169) to work on /home/frederic/airflow_venv/lib/python3.10/site-packages/airflow/example_dags/plugins/listener_plugin.py
[2026-05-29T10:07:43.970+0200] {processor.py:829} INFO - Processing file /home/frederic/airflow_venv/lib/python3.10/site-packages/airflow/example_dags/plugins/listener_plugin.py for tasks to queue
[2026-05-29T10:07:43.971+0200] {logging_mixin.py:151} INFO - [2026-05-29T10:07:43.970+0200] {dagbag.py:539} INFO - Filling up the DagBag from /home/frederic/airflow_venv/lib/python3.10/site-packages/airflow/example_dags/plugins/listener_plugin.py
[2026-05-29T10:07:43.973+0200] {processor.py:841} WARNING - No viable dags retrieved from /home/frederic/airflow_venv/lib/python3.10/site-packages/airflow/example_dags/plugins/listener_plugin.py
[2026-05-29T10:07:43.981+0200] {processor.py:179} INFO - Processing /home/frederic/airflow_venv/lib/python3.10/site-packages/airflow/example_dags/plugins/listener_plugin.py took 0.015 seconds
[2026-05-29T10:08:16.811+0200] {processor.py:157} INFO - Started process (PID=691670) to work on /home/frederic/airflow_venv/lib/python3.10/site-packages/airflow/example_dags/plugins/listener_plugin.py
[2026-05-29T10:08:16.811+0200] {processor.py:829} INFO - Processing file /home/frederic/airflow_venv/lib/python3.10/site-packages/airflow/example_dags/plugins/listener_plugin.py for tasks to queue
[2026-05-29T10:08:16.812+0200] {logging_mixin.py:151} INFO - [2026-05-29T10:08:16.812+0200] {dagbag.py:539} INFO - Filling up the DagBag from /home/frederic/airflow_venv/lib/python3.10/site-packages/airflow/example_dags/plugins/listener_plugin.py
[2026-05-29T10:08:16.814+0200] {processor.py:841} WARNING - No viable dags retrieved from /home/frederic/airflow_venv/lib/python3.10/site-packages/airflow/example_dags/plugins/listener_plugin.py
[2026-05-29T10:08:16.823+0200] {processor.py:179} INFO - Processing /home/frederic/airflow_venv/lib/python3.10/site-packages/airflow/example_dags/plugins/listener_plugin.py took 0.015 seconds
[2026-05-29T10:09:02.218+0200] {processor.py:157} INFO - Started process (PID=692230) to work on /home/frederic/airflow_venv/lib/python3.10/site-packages/airflow/example_dags/plugins/listener_plugin.py
[2026-05-29T10:09:02.222+0200] {processor.py:829} INFO - Processing file /home/frederic/airflow_venv/lib/python3.10/site-packages/airflow/example_dags/plugins/listener_plugin.py for tasks to queue
[2026-05-29T10:09:02.223+0200] {logging_mixin.py:151} INFO - [2026-05-29T10:09:02.222+0200] {dagbag.py:539} INFO - Filling up the DagBag from /home/frederic/airflow_venv/lib/python3.10/site-packages/airflow/example_dags/plugins/listener_plugin.py
[2026-05-29T10:09:02.225+0200] {processor.py:841} WARNING - No viable dags retrieved from /home/frederic/airflow_venv/lib/python3.10/site-packages/airflow/example_dags/plugins/listener_plugin.py
[2026-05-29T10:09:02.233+0200] {processor.py:179} INFO - Processing /home/frederic/airflow_venv/lib/python3.10/site-packages/airflow/example_dags/plugins/listener_plugin.py took 0.017 seconds
[2026-05-29T10:09:50.193+0200] {processor.py:157} INFO - Started process (PID=692688) to work on /home/frederic/airflow_venv/lib/python3.10/site-packages/airflow/example_dags/plugins/listener_plugin.py
[2026-05-29T10:09:50.194+0200] {processor.py:829} INFO - Processing file /home/frederic/airflow_venv/lib/python3.10/site-packages/airflow/example_dags/plugins/listener_plugin.py for tasks to queue
[2026-05-29T10:09:50.194+0200] {logging_mixin.py:151} INFO - [2026-05-29T10:09:50.194+0200] {dagbag.py:539} INFO - Filling up the DagBag from /home/frederic/airflow_venv/lib/python3.10/site-packages/airflow/example_dags/plugins/listener_plugin.py
[2026-05-29T10:09:50.197+0200] {processor.py:841} WARNING - No viable dags retrieved from /home/frederic/airflow_venv/lib/python3.10/site-packages/airflow/example_dags/plugins/listener_plugin.py
[2026-05-29T10:09:50.208+0200] {processor.py:179} INFO - Processing /home/frederic/airflow_venv/lib/python3.10/site-packages/airflow/example_dags/plugins/listener_plugin.py took 0.018 seconds
[2026-05-29T10:10:22.739+0200] {processor.py:157} INFO - Started process (PID=693194) to work on /home/frederic/airflow_venv/lib/python3.10/site-packages/airflow/example_dags/plugins/listener_plugin.py
[2026-05-29T10:10:22.743+0200] {processor.py:829} INFO - Processing file /home/frederic/airflow_venv/lib/python3.10/site-packages/airflow/example_dags/plugins/listener_plugin.py for tasks to queue
[2026-05-29T10:10:22.743+0200] {logging_mixin.py:151} INFO - [2026-05-29T10:10:22.743+0200] {dagbag.py:539} INFO - Filling up the DagBag from /home/frederic/airflow_venv/lib/python3.10/site-packages/airflow/example_dags/plugins/listener_plugin.py
[2026-05-29T10:10:22.746+0200] {processor.py:841} WARNING - No viable dags retrieved from /home/frederic/airflow_venv/lib/python3.10/site-packages/airflow/example_dags/plugins/listener_plugin.py
[2026-05-29T10:10:22.754+0200] {processor.py:179} INFO - Processing /home/frederic/airflow_venv/lib/python3.10/site-packages/airflow/example_dags/plugins/listener_plugin.py took 0.017 seconds
[2026-05-29T10:11:09.579+0200] {processor.py:157} INFO - Started process (PID=694198) to work on /home/frederic/airflow_venv/lib/python3.10/site-packages/airflow/example_dags/plugins/listener_plugin.py
[2026-05-29T10:11:09.580+0200] {processor.py:829} INFO - Processing file /home/frederic/airflow_venv/lib/python3.10/site-packages/airflow/example_dags/plugins/listener_plugin.py for tasks to queue
[2026-05-29T10:11:09.581+0200] {logging_mixin.py:151} INFO - [2026-05-29T10:11:09.581+0200] {dagbag.py:539} INFO - Filling up the DagBag from /home/frederic/airflow_venv/lib/python3.10/site-packages/airflow/example_dags/plugins/listener_plugin.py
[2026-05-29T10:11:09.584+0200] {processor.py:841} WARNING - No viable dags retrieved from /home/frederic/airflow_venv/lib/python3.10/site-packages/airflow/example_dags/plugins/listener_plugin.py
[2026-05-29T10:11:09.594+0200] {processor.py:179} INFO - Processing /home/frederic/airflow_venv/lib/python3.10/site-packages/airflow/example_dags/plugins/listener_plugin.py took 0.017 seconds
[2026-05-29T10:11:42.704+0200] {processor.py:157} INFO - Started process (PID=694866) to work on /home/frederic/airflow_venv/lib/python3.10/site-packages/airflow/example_dags/plugins/listener_plugin.py
[2026-05-29T10:11:42.705+0200] {processor.py:829} INFO - Processing file /home/frederic/airflow_venv/lib/python3.10/site-packages/airflow/example_dags/plugins/listener_plugin.py for tasks to queue
[2026-05-29T10:11:42.706+0200] {logging_mixin.py:151} INFO - [2026-05-29T10:11:42.705+0200] {dagbag.py:539} INFO - Filling up the DagBag from /home/frederic/airflow_venv/lib/python3.10/site-packages/airflow/example_dags/plugins/listener_plugin.py
[2026-05-29T10:11:42.708+0200] {processor.py:841} WARNING - No viable dags retrieved from /home/frederic/airflow_venv/lib/python3.10/site-packages/airflow/example_dags/plugins/listener_plugin.py
[2026-05-29T10:11:42.717+0200] {processor.py:179} INFO - Processing /home/frederic/airflow_venv/lib/python3.10/site-packages/airflow/example_dags/plugins/listener_plugin.py took 0.015 seconds
[2026-05-29T10:12:15.757+0200] {processor.py:157} INFO - Started process (PID=695389) to work on /home/frederic/airflow_venv/lib/python3.10/site-packages/airflow/example_dags/plugins/listener_plugin.py
[2026-05-29T10:12:15.758+0200] {processor.py:829} INFO - Processing file /home/frederic/airflow_venv/lib/python3.10/site-packages/airflow/example_dags/plugins/listener_plugin.py for tasks to queue
[2026-05-29T10:12:15.759+0200] {logging_mixin.py:151} INFO - [2026-05-29T10:12:15.758+0200] {dagbag.py:539} INFO - Filling up the DagBag from /home/frederic/airflow_venv/lib/python3.10/site-packages/airflow/example_dags/plugins/listener_plugin.py
[2026-05-29T10:12:15.761+0200] {processor.py:841} WARNING - No viable dags retrieved from /home/frederic/airflow_venv/lib/python3.10/site-packages/airflow/example_dags/plugins/listener_plugin.py
[2026-05-29T10:12:15.768+0200] {processor.py:179} INFO - Processing /home/frederic/airflow_venv/lib/python3.10/site-packages/airflow/example_dags/plugins/listener_plugin.py took 0.014 seconds
[2026-05-29T10:12:54.481+0200] {processor.py:157} INFO - Started process (PID=695759) to work on /home/frederic/airflow_venv/lib/python3.10/site-packages/airflow/example_dags/plugins/listener_plugin.py
[2026-05-29T10:12:54.483+0200] {processor.py:829} INFO - Processing file /home/frederic/airflow_venv/lib/python3.10/site-packages/airflow/example_dags/plugins/listener_plugin.py for tasks to queue
[2026-05-29T10:12:54.484+0200] {logging_mixin.py:151} INFO - [2026-05-29T10:12:54.483+0200] {dagbag.py:539} INFO - Filling up the DagBag from /home/frederic/airflow_venv/lib/python3.10/site-packages/airflow/example_dags/plugins/listener_plugin.py
[2026-05-29T10:12:54.486+0200] {processor.py:841} WARNING - No viable dags retrieved from /home/frederic/airflow_venv/lib/python3.10/site-packages/airflow/example_dags/plugins/listener_plugin.py
[2026-05-29T10:12:54.493+0200] {processor.py:179} INFO - Processing /home/frederic/airflow_venv/lib/python3.10/site-packages/airflow/example_dags/plugins/listener_plugin.py took 0.015 seconds
[2026-05-29T10:13:34.445+0200] {processor.py:157} INFO - Started process (PID=696215) to work on /home/frederic/airflow_venv/lib/python3.10/site-packages/airflow/example_dags/plugins/listener_plugin.py
[2026-05-29T10:13:34.446+0200] {processor.py:829} INFO - Processing file /home/frederic/airflow_venv/lib/python3.10/site-packages/airflow/example_dags/plugins/listener_plugin.py for tasks to queue
[2026-05-29T10:13:34.447+0200] {logging_mixin.py:151} INFO - [2026-05-29T10:13:34.446+0200] {dagbag.py:539} INFO - Filling up the DagBag from /home/frederic/airflow_venv/lib/python3.10/site-packages/airflow/example_dags/plugins/listener_plugin.py
[2026-05-29T10:13:34.449+0200] {processor.py:841} WARNING - No viable dags retrieved from /home/frederic/airflow_venv/lib/python3.10/site-packages/airflow/example_dags/plugins/listener_plugin.py
[2026-05-29T10:13:34.457+0200] {processor.py:179} INFO - Processing /home/frederic/airflow_venv/lib/python3.10/site-packages/airflow/example_dags/plugins/listener_plugin.py took 0.015 seconds
[2026-05-29T10:14:09.574+0200] {processor.py:157} INFO - Started process (PID=696675) to work on /home/frederic/airflow_venv/lib/python3.10/site-packages/airflow/example_dags/plugins/listener_plugin.py
[2026-05-29T10:14:09.575+0200] {processor.py:829} INFO - Processing file /home/frederic/airflow_venv/lib/python3.10/site-packages/airflow/example_dags/plugins/listener_plugin.py for tasks to queue
[2026-05-29T10:14:09.576+0200] {logging_mixin.py:151} INFO - [2026-05-29T10:14:09.576+0200] {dagbag.py:539} INFO - Filling up the DagBag from /home/frederic/airflow_venv/lib/python3.10/site-packages/airflow/example_dags/plugins/listener_plugin.py
[2026-05-29T10:14:09.578+0200] {processor.py:841} WARNING - No viable dags retrieved from /home/frederic/airflow_venv/lib/python3.10/site-packages/airflow/example_dags/plugins/listener_plugin.py
[2026-05-29T10:14:09.585+0200] {processor.py:179} INFO - Processing /home/frederic/airflow_venv/lib/python3.10/site-packages/airflow/example_dags/plugins/listener_plugin.py took 0.013 seconds
[2026-05-29T10:14:43.259+0200] {processor.py:157} INFO - Started process (PID=697106) to work on /home/frederic/airflow_venv/lib/python3.10/site-packages/airflow/example_dags/plugins/listener_plugin.py
[2026-05-29T10:14:43.260+0200] {processor.py:829} INFO - Processing file /home/frederic/airflow_venv/lib/python3.10/site-packages/airflow/example_dags/plugins/listener_plugin.py for tasks to queue
[2026-05-29T10:14:43.260+0200] {logging_mixin.py:151} INFO - [2026-05-29T10:14:43.260+0200] {dagbag.py:539} INFO - Filling up the DagBag from /home/frederic/airflow_venv/lib/python3.10/site-packages/airflow/example_dags/plugins/listener_plugin.py
[2026-05-29T10:14:43.262+0200] {processor.py:841} WARNING - No viable dags retrieved from /home/frederic/airflow_venv/lib/python3.10/site-packages/airflow/example_dags/plugins/listener_plugin.py
[2026-05-29T10:14:43.269+0200] {processor.py:179} INFO - Processing /home/frederic/airflow_venv/lib/python3.10/site-packages/airflow/example_dags/plugins/listener_plugin.py took 0.012 seconds
[2026-05-29T10:15:14.811+0200] {processor.py:157} INFO - Started process (PID=697461) to work on /home/frederic/airflow_venv/lib/python3.10/site-packages/airflow/example_dags/plugins/listener_plugin.py
[2026-05-29T10:15:14.812+0200] {processor.py:829} INFO - Processing file /home/frederic/airflow_venv/lib/python3.10/site-packages/airflow/example_dags/plugins/listener_plugin.py for tasks to queue
[2026-05-29T10:15:14.813+0200] {logging_mixin.py:151} INFO - [2026-05-29T10:15:14.812+0200] {dagbag.py:539} INFO - Filling up the DagBag from /home/frederic/airflow_venv/lib/python3.10/site-packages/airflow/example_dags/plugins/listener_plugin.py
[2026-05-29T10:15:14.815+0200] {processor.py:841} WARNING - No viable dags retrieved from /home/frederic/airflow_venv/lib/python3.10/site-packages/airflow/example_dags/plugins/listener_plugin.py
[2026-05-29T10:15:14.822+0200] {processor.py:179} INFO - Processing /home/frederic/airflow_venv/lib/python3.10/site-packages/airflow/example_dags/plugins/listener_plugin.py took 0.014 seconds
[2026-05-29T10:15:48.281+0200] {processor.py:157} INFO - Started process (PID=698109) to work on /home/frederic/airflow_venv/lib/python3.10/site-packages/airflow/example_dags/plugins/listener_plugin.py
[2026-05-29T10:15:48.282+0200] {processor.py:829} INFO - Processing file /home/frederic/airflow_venv/lib/python3.10/site-packages/airflow/example_dags/plugins/listener_plugin.py for tasks to queue
[2026-05-29T10:15:48.283+0200] {logging_mixin.py:151} INFO - [2026-05-29T10:15:48.282+0200] {dagbag.py:539} INFO - Filling up the DagBag from /home/frederic/airflow_venv/lib/python3.10/site-packages/airflow/example_dags/plugins/listener_plugin.py
[2026-05-29T10:15:48.285+0200] {processor.py:841} WARNING - No viable dags retrieved from /home/frederic/airflow_venv/lib/python3.10/site-packages/airflow/example_dags/plugins/listener_plugin.py
[2026-05-29T10:15:48.292+0200] {processor.py:179} INFO - Processing /home/frederic/airflow_venv/lib/python3.10/site-packages/airflow/example_dags/plugins/listener_plugin.py took 0.014 seconds
[2026-05-29T10:16:21.278+0200] {processor.py:157} INFO - Started process (PID=698608) to work on /home/frederic/airflow_venv/lib/python3.10/site-packages/airflow/example_dags/plugins/listener_plugin.py
[2026-05-29T10:16:21.279+0200] {processor.py:829} INFO - Processing file /home/frederic/airflow_venv/lib/python3.10/site-packages/airflow/example_dags/plugins/listener_plugin.py for tasks to queue
[2026-05-29T10:16:21.279+0200] {logging_mixin.py:151} INFO - [2026-05-29T10:16:21.279+0200] {dagbag.py:539} INFO - Filling up the DagBag from /home/frederic/airflow_venv/lib/python3.10/site-packages/airflow/example_dags/plugins/listener_plugin.py
[2026-05-29T10:16:21.281+0200] {processor.py:841} WARNING - No viable dags retrieved from /home/frederic/airflow_venv/lib/python3.10/site-packages/airflow/example_dags/plugins/listener_plugin.py
[2026-05-29T10:16:21.288+0200] {processor.py:179} INFO - Processing /home/frederic/airflow_venv/lib/python3.10/site-packages/airflow/example_dags/plugins/listener_plugin.py took 0.012 seconds
[2026-05-29T10:17:06.210+0200] {processor.py:157} INFO - Started process (PID=699452) to work on /home/frederic/airflow_venv/lib/python3.10/site-packages/airflow/example_dags/plugins/listener_plugin.py
[2026-05-29T10:17:06.211+0200] {processor.py:829} INFO - Processing file /home/frederic/airflow_venv/lib/python3.10/site-packages/airflow/example_dags/plugins/listener_plugin.py for tasks to queue
[2026-05-29T10:17:06.212+0200] {logging_mixin.py:151} INFO - [2026-05-29T10:17:06.211+0200] {dagbag.py:539} INFO - Filling up the DagBag from /home/frederic/airflow_venv/lib/python3.10/site-packages/airflow/example_dags/plugins/listener_plugin.py
[2026-05-29T10:17:06.214+0200] {processor.py:841} WARNING - No viable dags retrieved from /home/frederic/airflow_venv/lib/python3.10/site-packages/airflow/example_dags/plugins/listener_plugin.py
[2026-05-29T10:17:06.221+0200] {processor.py:179} INFO - Processing /home/frederic/airflow_venv/lib/python3.10/site-packages/airflow/example_dags/plugins/listener_plugin.py took 0.014 seconds
[2026-05-29T10:17:51.579+0200] {processor.py:157} INFO - Started process (PID=700438) to work on /home/frederic/airflow_venv/lib/python3.10/site-packages/airflow/example_dags/plugins/listener_plugin.py
[2026-05-29T10:17:51.580+0200] {processor.py:829} INFO - Processing file /home/frederic/airflow_venv/lib/python3.10/site-packages/airflow/example_dags/plugins/listener_plugin.py for tasks to queue
[2026-05-29T10:17:51.581+0200] {logging_mixin.py:151} INFO - [2026-05-29T10:17:51.581+0200] {dagbag.py:539} INFO - Filling up the DagBag from /home/frederic/airflow_venv/lib/python3.10/site-packages/airflow/example_dags/plugins/listener_plugin.py
[2026-05-29T10:17:51.583+0200] {processor.py:841} WARNING - No viable dags retrieved from /home/frederic/airflow_venv/lib/python3.10/site-packages/airflow/example_dags/plugins/listener_plugin.py
[2026-05-29T10:17:51.590+0200] {processor.py:179} INFO - Processing /home/frederic/airflow_venv/lib/python3.10/site-packages/airflow/example_dags/plugins/listener_plugin.py took 0.013 seconds
[2026-05-29T10:18:23.531+0200] {processor.py:157} INFO - Started process (PID=700830) to work on /home/frederic/airflow_venv/lib/python3.10/site-packages/airflow/example_dags/plugins/listener_plugin.py
[2026-05-29T10:18:23.531+0200] {processor.py:829} INFO - Processing file /home/frederic/airflow_venv/lib/python3.10/site-packages/airflow/example_dags/plugins/listener_plugin.py for tasks to queue
[2026-05-29T10:18:23.533+0200] {logging_mixin.py:151} INFO - [2026-05-29T10:18:23.532+0200] {dagbag.py:539} INFO - Filling up the DagBag from /home/frederic/airflow_venv/lib/python3.10/site-packages/airflow/example_dags/plugins/listener_plugin.py
[2026-05-29T10:18:23.537+0200] {processor.py:841} WARNING - No viable dags retrieved from /home/frederic/airflow_venv/lib/python3.10/site-packages/airflow/example_dags/plugins/listener_plugin.py
[2026-05-29T10:18:23.546+0200] {processor.py:179} INFO - Processing /home/frederic/airflow_venv/lib/python3.10/site-packages/airflow/example_dags/plugins/listener_plugin.py took 0.019 seconds
[2026-05-29T10:19:08.844+0200] {processor.py:157} INFO - Started process (PID=701295) to work on /home/frederic/airflow_venv/lib/python3.10/site-packages/airflow/example_dags/plugins/listener_plugin.py
[2026-05-29T10:19:08.845+0200] {processor.py:829} INFO - Processing file /home/frederic/airflow_venv/lib/python3.10/site-packages/airflow/example_dags/plugins/listener_plugin.py for tasks to queue
[2026-05-29T10:19:08.845+0200] {logging_mixin.py:151} INFO - [2026-05-29T10:19:08.845+0200] {dagbag.py:539} INFO - Filling up the DagBag from /home/frederic/airflow_venv/lib/python3.10/site-packages/airflow/example_dags/plugins/listener_plugin.py
[2026-05-29T10:19:08.847+0200] {processor.py:841} WARNING - No viable dags retrieved from /home/frederic/airflow_venv/lib/python3.10/site-packages/airflow/example_dags/plugins/listener_plugin.py
[2026-05-29T10:19:08.854+0200] {processor.py:179} INFO - Processing /home/frederic/airflow_venv/lib/python3.10/site-packages/airflow/example_dags/plugins/listener_plugin.py took 0.013 seconds
[2026-05-29T10:19:40.388+0200] {processor.py:157} INFO - Started process (PID=701559) to work on /home/frederic/airflow_venv/lib/python3.10/site-packages/airflow/example_dags/plugins/listener_plugin.py
[2026-05-29T10:19:40.389+0200] {processor.py:829} INFO - Processing file /home/frederic/airflow_venv/lib/python3.10/site-packages/airflow/example_dags/plugins/listener_plugin.py for tasks to queue
[2026-05-29T10:19:40.389+0200] {logging_mixin.py:151} INFO - [2026-05-29T10:19:40.389+0200] {dagbag.py:539} INFO - Filling up the DagBag from /home/frederic/airflow_venv/lib/python3.10/site-packages/airflow/example_dags/plugins/listener_plugin.py
[2026-05-29T10:19:40.391+0200] {processor.py:841} WARNING - No viable dags retrieved from /home/frederic/airflow_venv/lib/python3.10/site-packages/airflow/example_dags/plugins/listener_plugin.py
[2026-05-29T10:19:40.398+0200] {processor.py:179} INFO - Processing /home/frederic/airflow_venv/lib/python3.10/site-packages/airflow/example_dags/plugins/listener_plugin.py took 0.012 seconds
[2026-05-29T10:20:12.952+0200] {processor.py:157} INFO - Started process (PID=702086) to work on /home/frederic/airflow_venv/lib/python3.10/site-packages/airflow/example_dags/plugins/listener_plugin.py
[2026-05-29T10:20:12.953+0200] {processor.py:829} INFO - Processing file /home/frederic/airflow_venv/lib/python3.10/site-packages/airflow/example_dags/plugins/listener_plugin.py for tasks to queue
[2026-05-29T10:20:12.954+0200] {logging_mixin.py:151} INFO - [2026-05-29T10:20:12.953+0200] {dagbag.py:539} INFO - Filling up the DagBag from /home/frederic/airflow_venv/lib/python3.10/site-packages/airflow/example_dags/plugins/listener_plugin.py
[2026-05-29T10:20:12.956+0200] {processor.py:841} WARNING - No viable dags retrieved from /home/frederic/airflow_venv/lib/python3.10/site-packages/airflow/example_dags/plugins/listener_plugin.py
[2026-05-29T10:20:12.967+0200] {processor.py:179} INFO - Processing /home/frederic/airflow_venv/lib/python3.10/site-packages/airflow/example_dags/plugins/listener_plugin.py took 0.020 seconds
[2026-05-29T10:20:46.649+0200] {processor.py:157} INFO - Started process (PID=702378) to work on /home/frederic/airflow_venv/lib/python3.10/site-packages/airflow/example_dags/plugins/listener_plugin.py
[2026-05-29T10:20:46.650+0200] {processor.py:829} INFO - Processing file /home/frederic/airflow_venv/lib/python3.10/site-packages/airflow/example_dags/plugins/listener_plugin.py for tasks to queue
[2026-05-29T10:20:46.651+0200] {logging_mixin.py:151} INFO - [2026-05-29T10:20:46.650+0200] {dagbag.py:539} INFO - Filling up the DagBag from /home/frederic/airflow_venv/lib/python3.10/site-packages/airflow/example_dags/plugins/listener_plugin.py
[2026-05-29T10:20:46.653+0200] {processor.py:841} WARNING - No viable dags retrieved from /home/frederic/airflow_venv/lib/python3.10/site-packages/airflow/example_dags/plugins/listener_plugin.py
[2026-05-29T10:20:46.660+0200] {processor.py:179} INFO - Processing /home/frederic/airflow_venv/lib/python3.10/site-packages/airflow/example_dags/plugins/listener_plugin.py took 0.014 seconds
[2026-05-29T10:21:20.457+0200] {processor.py:157} INFO - Started process (PID=702755) to work on /home/frederic/airflow_venv/lib/python3.10/site-packages/airflow/example_dags/plugins/listener_plugin.py
[2026-05-29T10:21:20.458+0200] {processor.py:829} INFO - Processing file /home/frederic/airflow_venv/lib/python3.10/site-packages/airflow/example_dags/plugins/listener_plugin.py for tasks to queue
[2026-05-29T10:21:20.459+0200] {logging_mixin.py:151} INFO - [2026-05-29T10:21:20.458+0200] {dagbag.py:539} INFO - Filling up the DagBag from /home/frederic/airflow_venv/lib/python3.10/site-packages/airflow/example_dags/plugins/listener_plugin.py
[2026-05-29T10:21:20.461+0200] {processor.py:841} WARNING - No viable dags retrieved from /home/frederic/airflow_venv/lib/python3.10/site-packages/airflow/example_dags/plugins/listener_plugin.py
[2026-05-29T10:21:20.469+0200] {processor.py:179} INFO - Processing /home/frederic/airflow_venv/lib/python3.10/site-packages/airflow/example_dags/plugins/listener_plugin.py took 0.015 seconds
[2026-05-29T10:22:07.019+0200] {processor.py:157} INFO - Started process (PID=703212) to work on /home/frederic/airflow_venv/lib/python3.10/site-packages/airflow/example_dags/plugins/listener_plugin.py
[2026-05-29T10:22:07.020+0200] {processor.py:829} INFO - Processing file /home/frederic/airflow_venv/lib/python3.10/site-packages/airflow/example_dags/plugins/listener_plugin.py for tasks to queue
[2026-05-29T10:22:07.021+0200] {logging_mixin.py:151} INFO - [2026-05-29T10:22:07.020+0200] {dagbag.py:539} INFO - Filling up the DagBag from /home/frederic/airflow_venv/lib/python3.10/site-packages/airflow/example_dags/plugins/listener_plugin.py
[2026-05-29T10:22:07.023+0200] {processor.py:841} WARNING - No viable dags retrieved from /home/frederic/airflow_venv/lib/python3.10/site-packages/airflow/example_dags/plugins/listener_plugin.py
[2026-05-29T10:22:07.030+0200] {processor.py:179} INFO - Processing /home/frederic/airflow_venv/lib/python3.10/site-packages/airflow/example_dags/plugins/listener_plugin.py took 0.013 seconds
[2026-05-29T10:22:38.320+0200] {processor.py:157} INFO - Started process (PID=703491) to work on /home/frederic/airflow_venv/lib/python3.10/site-packages/airflow/example_dags/plugins/listener_plugin.py
[2026-05-29T10:22:38.321+0200] {processor.py:829} INFO - Processing file /home/frederic/airflow_venv/lib/python3.10/site-packages/airflow/example_dags/plugins/listener_plugin.py for tasks to queue
[2026-05-29T10:22:38.322+0200] {logging_mixin.py:151} INFO - [2026-05-29T10:22:38.321+0200] {dagbag.py:539} INFO - Filling up the DagBag from /home/frederic/airflow_venv/lib/python3.10/site-packages/airflow/example_dags/plugins/listener_plugin.py
[2026-05-29T10:22:38.324+0200] {processor.py:841} WARNING - No viable dags retrieved from /home/frederic/airflow_venv/lib/python3.10/site-packages/airflow/example_dags/plugins/listener_plugin.py
[2026-05-29T10:22:38.331+0200] {processor.py:179} INFO - Processing /home/frederic/airflow_venv/lib/python3.10/site-packages/airflow/example_dags/plugins/listener_plugin.py took 0.014 seconds
[2026-05-29T10:23:11.769+0200] {processor.py:157} INFO - Started process (PID=703952) to work on /home/frederic/airflow_venv/lib/python3.10/site-packages/airflow/example_dags/plugins/listener_plugin.py
[2026-05-29T10:23:11.770+0200] {processor.py:829} INFO - Processing file /home/frederic/airflow_venv/lib/python3.10/site-packages/airflow/example_dags/plugins/listener_plugin.py for tasks to queue
[2026-05-29T10:23:11.770+0200] {logging_mixin.py:151} INFO - [2026-05-29T10:23:11.770+0200] {dagbag.py:539} INFO - Filling up the DagBag from /home/frederic/airflow_venv/lib/python3.10/site-packages/airflow/example_dags/plugins/listener_plugin.py
[2026-05-29T10:23:11.773+0200] {processor.py:841} WARNING - No viable dags retrieved from /home/frederic/airflow_venv/lib/python3.10/site-packages/airflow/example_dags/plugins/listener_plugin.py
[2026-05-29T10:23:11.781+0200] {processor.py:179} INFO - Processing /home/frederic/airflow_venv/lib/python3.10/site-packages/airflow/example_dags/plugins/listener_plugin.py took 0.015 seconds
[2026-05-29T10:23:43.816+0200] {processor.py:157} INFO - Started process (PID=704236) to work on /home/frederic/airflow_venv/lib/python3.10/site-packages/airflow/example_dags/plugins/listener_plugin.py
[2026-05-29T10:23:43.817+0200] {processor.py:829} INFO - Processing file /home/frederic/airflow_venv/lib/python3.10/site-packages/airflow/example_dags/plugins/listener_plugin.py for tasks to queue
[2026-05-29T10:23:43.817+0200] {logging_mixin.py:151} INFO - [2026-05-29T10:23:43.817+0200] {dagbag.py:539} INFO - Filling up the DagBag from /home/frederic/airflow_venv/lib/python3.10/site-packages/airflow/example_dags/plugins/listener_plugin.py
[2026-05-29T10:23:43.819+0200] {processor.py:841} WARNING - No viable dags retrieved from /home/frederic/airflow_venv/lib/python3.10/site-packages/airflow/example_dags/plugins/listener_plugin.py
[2026-05-29T10:23:43.826+0200] {processor.py:179} INFO - Processing /home/frederic/airflow_venv/lib/python3.10/site-packages/airflow/example_dags/plugins/listener_plugin.py took 0.013 seconds
[2026-05-29T10:24:17.744+0200] {processor.py:157} INFO - Started process (PID=704607) to work on /home/frederic/airflow_venv/lib/python3.10/site-packages/airflow/example_dags/plugins/listener_plugin.py
[2026-05-29T10:24:17.745+0200] {processor.py:829} INFO - Processing file /home/frederic/airflow_venv/lib/python3.10/site-packages/airflow/example_dags/plugins/listener_plugin.py for tasks to queue
[2026-05-29T10:24:17.746+0200] {logging_mixin.py:151} INFO - [2026-05-29T10:24:17.745+0200] {dagbag.py:539} INFO - Filling up the DagBag from /home/frederic/airflow_venv/lib/python3.10/site-packages/airflow/example_dags/plugins/listener_plugin.py
[2026-05-29T10:24:17.748+0200] {processor.py:841} WARNING - No viable dags retrieved from /home/frederic/airflow_venv/lib/python3.10/site-packages/airflow/example_dags/plugins/listener_plugin.py
[2026-05-29T10:24:17.755+0200] {processor.py:179} INFO - Processing /home/frederic/airflow_venv/lib/python3.10/site-packages/airflow/example_dags/plugins/listener_plugin.py took 0.013 seconds
[2026-05-29T10:24:54.861+0200] {processor.py:157} INFO - Started process (PID=704942) to work on /home/frederic/airflow_venv/lib/python3.10/site-packages/airflow/example_dags/plugins/listener_plugin.py
[2026-05-29T10:24:54.862+0200] {processor.py:829} INFO - Processing file /home/frederic/airflow_venv/lib/python3.10/site-packages/airflow/example_dags/plugins/listener_plugin.py for tasks to queue
[2026-05-29T10:24:54.862+0200] {logging_mixin.py:151} INFO - [2026-05-29T10:24:54.862+0200] {dagbag.py:539} INFO - Filling up the DagBag from /home/frederic/airflow_venv/lib/python3.10/site-packages/airflow/example_dags/plugins/listener_plugin.py
[2026-05-29T10:24:54.865+0200] {processor.py:841} WARNING - No viable dags retrieved from /home/frederic/airflow_venv/lib/python3.10/site-packages/airflow/example_dags/plugins/listener_plugin.py
[2026-05-29T10:24:54.873+0200] {processor.py:179} INFO - Processing /home/frederic/airflow_venv/lib/python3.10/site-packages/airflow/example_dags/plugins/listener_plugin.py took 0.014 seconds
[2026-05-29T10:25:31.008+0200] {processor.py:157} INFO - Started process (PID=705314) to work on /home/frederic/airflow_venv/lib/python3.10/site-packages/airflow/example_dags/plugins/listener_plugin.py
[2026-05-29T10:25:31.009+0200] {processor.py:829} INFO - Processing file /home/frederic/airflow_venv/lib/python3.10/site-packages/airflow/example_dags/plugins/listener_plugin.py for tasks to queue
[2026-05-29T10:25:31.009+0200] {logging_mixin.py:151} INFO - [2026-05-29T10:25:31.009+0200] {dagbag.py:539} INFO - Filling up the DagBag from /home/frederic/airflow_venv/lib/python3.10/site-packages/airflow/example_dags/plugins/listener_plugin.py
[2026-05-29T10:25:31.012+0200] {processor.py:841} WARNING - No viable dags retrieved from /home/frederic/airflow_venv/lib/python3.10/site-packages/airflow/example_dags/plugins/listener_plugin.py
[2026-05-29T10:25:31.020+0200] {processor.py:179} INFO - Processing /home/frederic/airflow_venv/lib/python3.10/site-packages/airflow/example_dags/plugins/listener_plugin.py took 0.015 seconds
[2026-05-29T10:26:09.434+0200] {processor.py:157} INFO - Started process (PID=705716) to work on /home/frederic/airflow_venv/lib/python3.10/site-packages/airflow/example_dags/plugins/listener_plugin.py
[2026-05-29T10:26:09.435+0200] {processor.py:829} INFO - Processing file /home/frederic/airflow_venv/lib/python3.10/site-packages/airflow/example_dags/plugins/listener_plugin.py for tasks to queue
[2026-05-29T10:26:09.435+0200] {logging_mixin.py:151} INFO - [2026-05-29T10:26:09.435+0200] {dagbag.py:539} INFO - Filling up the DagBag from /home/frederic/airflow_venv/lib/python3.10/site-packages/airflow/example_dags/plugins/listener_plugin.py
[2026-05-29T10:26:09.437+0200] {processor.py:841} WARNING - No viable dags retrieved from /home/frederic/airflow_venv/lib/python3.10/site-packages/airflow/example_dags/plugins/listener_plugin.py
[2026-05-29T10:26:09.445+0200] {processor.py:179} INFO - Processing /home/frederic/airflow_venv/lib/python3.10/site-packages/airflow/example_dags/plugins/listener_plugin.py took 0.014 seconds
[2026-05-29T10:26:41.466+0200] {processor.py:157} INFO - Started process (PID=706005) to work on /home/frederic/airflow_venv/lib/python3.10/site-packages/airflow/example_dags/plugins/listener_plugin.py
[2026-05-29T10:26:41.466+0200] {processor.py:829} INFO - Processing file /home/frederic/airflow_venv/lib/python3.10/site-packages/airflow/example_dags/plugins/listener_plugin.py for tasks to queue
[2026-05-29T10:26:41.467+0200] {logging_mixin.py:151} INFO - [2026-05-29T10:26:41.467+0200] {dagbag.py:539} INFO - Filling up the DagBag from /home/frederic/airflow_venv/lib/python3.10/site-packages/airflow/example_dags/plugins/listener_plugin.py
[2026-05-29T10:26:41.470+0200] {processor.py:841} WARNING - No viable dags retrieved from /home/frederic/airflow_venv/lib/python3.10/site-packages/airflow/example_dags/plugins/listener_plugin.py
[2026-05-29T10:26:41.477+0200] {processor.py:179} INFO - Processing /home/frederic/airflow_venv/lib/python3.10/site-packages/airflow/example_dags/plugins/listener_plugin.py took 0.014 seconds
[2026-05-29T10:27:16.120+0200] {processor.py:157} INFO - Started process (PID=706379) to work on /home/frederic/airflow_venv/lib/python3.10/site-packages/airflow/example_dags/plugins/listener_plugin.py
[2026-05-29T10:27:16.121+0200] {processor.py:829} INFO - Processing file /home/frederic/airflow_venv/lib/python3.10/site-packages/airflow/example_dags/plugins/listener_plugin.py for tasks to queue
[2026-05-29T10:27:16.122+0200] {logging_mixin.py:151} INFO - [2026-05-29T10:27:16.122+0200] {dagbag.py:539} INFO - Filling up the DagBag from /home/frederic/airflow_venv/lib/python3.10/site-packages/airflow/example_dags/plugins/listener_plugin.py
[2026-05-29T10:27:16.124+0200] {processor.py:841} WARNING - No viable dags retrieved from /home/frederic/airflow_venv/lib/python3.10/site-packages/airflow/example_dags/plugins/listener_plugin.py
[2026-05-29T10:27:16.134+0200] {processor.py:179} INFO - Processing /home/frederic/airflow_venv/lib/python3.10/site-packages/airflow/example_dags/plugins/listener_plugin.py took 0.016 seconds
[2026-05-29T10:27:47.531+0200] {processor.py:157} INFO - Started process (PID=706657) to work on /home/frederic/airflow_venv/lib/python3.10/site-packages/airflow/example_dags/plugins/listener_plugin.py
[2026-05-29T10:27:47.532+0200] {processor.py:829} INFO - Processing file /home/frederic/airflow_venv/lib/python3.10/site-packages/airflow/example_dags/plugins/listener_plugin.py for tasks to queue
[2026-05-29T10:27:47.532+0200] {logging_mixin.py:151} INFO - [2026-05-29T10:27:47.532+0200] {dagbag.py:539} INFO - Filling up the DagBag from /home/frederic/airflow_venv/lib/python3.10/site-packages/airflow/example_dags/plugins/listener_plugin.py
[2026-05-29T10:27:47.535+0200] {processor.py:841} WARNING - No viable dags retrieved from /home/frederic/airflow_venv/lib/python3.10/site-packages/airflow/example_dags/plugins/listener_plugin.py
[2026-05-29T10:27:47.543+0200] {processor.py:179} INFO - Processing /home/frederic/airflow_venv/lib/python3.10/site-packages/airflow/example_dags/plugins/listener_plugin.py took 0.014 seconds
[2026-05-29T10:28:29.430+0200] {processor.py:157} INFO - Started process (PID=707305) to work on /home/frederic/airflow_venv/lib/python3.10/site-packages/airflow/example_dags/plugins/listener_plugin.py
[2026-05-29T10:28:29.430+0200] {processor.py:829} INFO - Processing file /home/frederic/airflow_venv/lib/python3.10/site-packages/airflow/example_dags/plugins/listener_plugin.py for tasks to queue
[2026-05-29T10:28:29.431+0200] {logging_mixin.py:151} INFO - [2026-05-29T10:28:29.431+0200] {dagbag.py:539} INFO - Filling up the DagBag from /home/frederic/airflow_venv/lib/python3.10/site-packages/airflow/example_dags/plugins/listener_plugin.py
[2026-05-29T10:28:29.433+0200] {processor.py:841} WARNING - No viable dags retrieved from /home/frederic/airflow_venv/lib/python3.10/site-packages/airflow/example_dags/plugins/listener_plugin.py
[2026-05-29T10:28:29.443+0200] {processor.py:179} INFO - Processing /home/frederic/airflow_venv/lib/python3.10/site-packages/airflow/example_dags/plugins/listener_plugin.py took 0.016 seconds
[2026-05-29T10:29:03.385+0200] {processor.py:157} INFO - Started process (PID=707700) to work on /home/frederic/airflow_venv/lib/python3.10/site-packages/airflow/example_dags/plugins/listener_plugin.py
[2026-05-29T10:29:03.386+0200] {processor.py:829} INFO - Processing file /home/frederic/airflow_venv/lib/python3.10/site-packages/airflow/example_dags/plugins/listener_plugin.py for tasks to queue
[2026-05-29T10:29:03.387+0200] {logging_mixin.py:151} INFO - [2026-05-29T10:29:03.386+0200] {dagbag.py:539} INFO - Filling up the DagBag from /home/frederic/airflow_venv/lib/python3.10/site-packages/airflow/example_dags/plugins/listener_plugin.py
[2026-05-29T10:29:03.389+0200] {processor.py:841} WARNING - No viable dags retrieved from /home/frederic/airflow_venv/lib/python3.10/site-packages/airflow/example_dags/plugins/listener_plugin.py
[2026-05-29T10:29:03.398+0200] {processor.py:179} INFO - Processing /home/frederic/airflow_venv/lib/python3.10/site-packages/airflow/example_dags/plugins/listener_plugin.py took 0.015 seconds
[2026-05-29T10:29:48.084+0200] {processor.py:157} INFO - Started process (PID=708175) to work on /home/frederic/airflow_venv/lib/python3.10/site-packages/airflow/example_dags/plugins/listener_plugin.py
[2026-05-29T10:29:48.086+0200] {processor.py:829} INFO - Processing file /home/frederic/airflow_venv/lib/python3.10/site-packages/airflow/example_dags/plugins/listener_plugin.py for tasks to queue
[2026-05-29T10:29:48.088+0200] {logging_mixin.py:151} INFO - [2026-05-29T10:29:48.087+0200] {dagbag.py:539} INFO - Filling up the DagBag from /home/frederic/airflow_venv/lib/python3.10/site-packages/airflow/example_dags/plugins/listener_plugin.py
[2026-05-29T10:29:48.091+0200] {processor.py:841} WARNING - No viable dags retrieved from /home/frederic/airflow_venv/lib/python3.10/site-packages/airflow/example_dags/plugins/listener_plugin.py
[2026-05-29T10:29:48.111+0200] {processor.py:179} INFO - Processing /home/frederic/airflow_venv/lib/python3.10/site-packages/airflow/example_dags/plugins/listener_plugin.py took 0.033 seconds
[2026-05-29T10:30:22.815+0200] {processor.py:157} INFO - Started process (PID=708589) to work on /home/frederic/airflow_venv/lib/python3.10/site-packages/airflow/example_dags/plugins/listener_plugin.py
[2026-05-29T10:30:22.816+0200] {processor.py:829} INFO - Processing file /home/frederic/airflow_venv/lib/python3.10/site-packages/airflow/example_dags/plugins/listener_plugin.py for tasks to queue
[2026-05-29T10:30:22.816+0200] {logging_mixin.py:151} INFO - [2026-05-29T10:30:22.816+0200] {dagbag.py:539} INFO - Filling up the DagBag from /home/frederic/airflow_venv/lib/python3.10/site-packages/airflow/example_dags/plugins/listener_plugin.py
[2026-05-29T10:30:22.819+0200] {processor.py:841} WARNING - No viable dags retrieved from /home/frederic/airflow_venv/lib/python3.10/site-packages/airflow/example_dags/plugins/listener_plugin.py
[2026-05-29T10:30:22.826+0200] {processor.py:179} INFO - Processing /home/frederic/airflow_venv/lib/python3.10/site-packages/airflow/example_dags/plugins/listener_plugin.py took 0.013 seconds
[2026-05-29T10:31:06.072+0200] {processor.py:157} INFO - Started process (PID=709229) to work on /home/frederic/airflow_venv/lib/python3.10/site-packages/airflow/example_dags/plugins/listener_plugin.py
[2026-05-29T10:31:06.073+0200] {processor.py:829} INFO - Processing file /home/frederic/airflow_venv/lib/python3.10/site-packages/airflow/example_dags/plugins/listener_plugin.py for tasks to queue
[2026-05-29T10:31:06.074+0200] {logging_mixin.py:151} INFO - [2026-05-29T10:31:06.073+0200] {dagbag.py:539} INFO - Filling up the DagBag from /home/frederic/airflow_venv/lib/python3.10/site-packages/airflow/example_dags/plugins/listener_plugin.py
[2026-05-29T10:31:06.076+0200] {processor.py:841} WARNING - No viable dags retrieved from /home/frederic/airflow_venv/lib/python3.10/site-packages/airflow/example_dags/plugins/listener_plugin.py
[2026-05-29T10:31:06.083+0200] {processor.py:179} INFO - Processing /home/frederic/airflow_venv/lib/python3.10/site-packages/airflow/example_dags/plugins/listener_plugin.py took 0.013 seconds
[2026-05-29T10:31:38.761+0200] {processor.py:157} INFO - Started process (PID=709521) to work on /home/frederic/airflow_venv/lib/python3.10/site-packages/airflow/example_dags/plugins/listener_plugin.py
[2026-05-29T10:31:38.762+0200] {processor.py:829} INFO - Processing file /home/frederic/airflow_venv/lib/python3.10/site-packages/airflow/example_dags/plugins/listener_plugin.py for tasks to queue
[2026-05-29T10:31:38.763+0200] {logging_mixin.py:151} INFO - [2026-05-29T10:31:38.763+0200] {dagbag.py:539} INFO - Filling up the DagBag from /home/frederic/airflow_venv/lib/python3.10/site-packages/airflow/example_dags/plugins/listener_plugin.py
[2026-05-29T10:31:38.765+0200] {processor.py:841} WARNING - No viable dags retrieved from /home/frederic/airflow_venv/lib/python3.10/site-packages/airflow/example_dags/plugins/listener_plugin.py
[2026-05-29T10:31:38.772+0200] {processor.py:179} INFO - Processing /home/frederic/airflow_venv/lib/python3.10/site-packages/airflow/example_dags/plugins/listener_plugin.py took 0.013 seconds
[2026-05-29T10:32:23.288+0200] {processor.py:157} INFO - Started process (PID=710103) to work on /home/frederic/airflow_venv/lib/python3.10/site-packages/airflow/example_dags/plugins/listener_plugin.py
[2026-05-29T10:32:23.289+0200] {processor.py:829} INFO - Processing file /home/frederic/airflow_venv/lib/python3.10/site-packages/airflow/example_dags/plugins/listener_plugin.py for tasks to queue
[2026-05-29T10:32:23.290+0200] {logging_mixin.py:151} INFO - [2026-05-29T10:32:23.289+0200] {dagbag.py:539} INFO - Filling up the DagBag from /home/frederic/airflow_venv/lib/python3.10/site-packages/airflow/example_dags/plugins/listener_plugin.py
[2026-05-29T10:32:23.292+0200] {processor.py:841} WARNING - No viable dags retrieved from /home/frederic/airflow_venv/lib/python3.10/site-packages/airflow/example_dags/plugins/listener_plugin.py
[2026-05-29T10:32:23.299+0200] {processor.py:179} INFO - Processing /home/frederic/airflow_venv/lib/python3.10/site-packages/airflow/example_dags/plugins/listener_plugin.py took 0.013 seconds
[2026-05-29T10:33:10.047+0200] {processor.py:157} INFO - Started process (PID=710890) to work on /home/frederic/airflow_venv/lib/python3.10/site-packages/airflow/example_dags/plugins/listener_plugin.py
[2026-05-29T10:33:10.048+0200] {processor.py:829} INFO - Processing file /home/frederic/airflow_venv/lib/python3.10/site-packages/airflow/example_dags/plugins/listener_plugin.py for tasks to queue
[2026-05-29T10:33:10.049+0200] {logging_mixin.py:151} INFO - [2026-05-29T10:33:10.048+0200] {dagbag.py:539} INFO - Filling up the DagBag from /home/frederic/airflow_venv/lib/python3.10/site-packages/airflow/example_dags/plugins/listener_plugin.py
[2026-05-29T10:33:10.052+0200] {processor.py:841} WARNING - No viable dags retrieved from /home/frederic/airflow_venv/lib/python3.10/site-packages/airflow/example_dags/plugins/listener_plugin.py
[2026-05-29T10:33:10.062+0200] {processor.py:179} INFO - Processing /home/frederic/airflow_venv/lib/python3.10/site-packages/airflow/example_dags/plugins/listener_plugin.py took 0.019 seconds
[2026-05-29T10:33:42.724+0200] {processor.py:157} INFO - Started process (PID=711280) to work on /home/frederic/airflow_venv/lib/python3.10/site-packages/airflow/example_dags/plugins/listener_plugin.py
[2026-05-29T10:33:42.725+0200] {processor.py:829} INFO - Processing file /home/frederic/airflow_venv/lib/python3.10/site-packages/airflow/example_dags/plugins/listener_plugin.py for tasks to queue
[2026-05-29T10:33:42.725+0200] {logging_mixin.py:151} INFO - [2026-05-29T10:33:42.725+0200] {dagbag.py:539} INFO - Filling up the DagBag from /home/frederic/airflow_venv/lib/python3.10/site-packages/airflow/example_dags/plugins/listener_plugin.py
[2026-05-29T10:33:42.727+0200] {processor.py:841} WARNING - No viable dags retrieved from /home/frederic/airflow_venv/lib/python3.10/site-packages/airflow/example_dags/plugins/listener_plugin.py
[2026-05-29T10:33:42.734+0200] {processor.py:179} INFO - Processing /home/frederic/airflow_venv/lib/python3.10/site-packages/airflow/example_dags/plugins/listener_plugin.py took 0.013 seconds
[2026-05-29T10:34:24.122+0200] {processor.py:157} INFO - Started process (PID=711960) to work on /home/frederic/airflow_venv/lib/python3.10/site-packages/airflow/example_dags/plugins/listener_plugin.py
[2026-05-29T10:34:24.123+0200] {processor.py:829} INFO - Processing file /home/frederic/airflow_venv/lib/python3.10/site-packages/airflow/example_dags/plugins/listener_plugin.py for tasks to queue
[2026-05-29T10:34:24.124+0200] {logging_mixin.py:151} INFO - [2026-05-29T10:34:24.124+0200] {dagbag.py:539} INFO - Filling up the DagBag from /home/frederic/airflow_venv/lib/python3.10/site-packages/airflow/example_dags/plugins/listener_plugin.py
[2026-05-29T10:34:24.126+0200] {processor.py:841} WARNING - No viable dags retrieved from /home/frederic/airflow_venv/lib/python3.10/site-packages/airflow/example_dags/plugins/listener_plugin.py
[2026-05-29T10:34:24.136+0200] {processor.py:179} INFO - Processing /home/frederic/airflow_venv/lib/python3.10/site-packages/airflow/example_dags/plugins/listener_plugin.py took 0.018 seconds
[2026-05-29T10:35:10.335+0200] {processor.py:157} INFO - Started process (PID=712427) to work on /home/frederic/airflow_venv/lib/python3.10/site-packages/airflow/example_dags/plugins/listener_plugin.py
[2026-05-29T10:35:10.336+0200] {processor.py:829} INFO - Processing file /home/frederic/airflow_venv/lib/python3.10/site-packages/airflow/example_dags/plugins/listener_plugin.py for tasks to queue
[2026-05-29T10:35:10.337+0200] {logging_mixin.py:151} INFO - [2026-05-29T10:35:10.337+0200] {dagbag.py:539} INFO - Filling up the DagBag from /home/frederic/airflow_venv/lib/python3.10/site-packages/airflow/example_dags/plugins/listener_plugin.py
[2026-05-29T10:35:10.339+0200] {processor.py:841} WARNING - No viable dags retrieved from /home/frederic/airflow_venv/lib/python3.10/site-packages/airflow/example_dags/plugins/listener_plugin.py
[2026-05-29T10:35:10.346+0200] {processor.py:179} INFO - Processing /home/frederic/airflow_venv/lib/python3.10/site-packages/airflow/example_dags/plugins/listener_plugin.py took 0.013 seconds
[2026-05-29T10:35:44.409+0200] {processor.py:157} INFO - Started process (PID=712721) to work on /home/frederic/airflow_venv/lib/python3.10/site-packages/airflow/example_dags/plugins/listener_plugin.py
[2026-05-29T10:35:44.410+0200] {processor.py:829} INFO - Processing file /home/frederic/airflow_venv/lib/python3.10/site-packages/airflow/example_dags/plugins/listener_plugin.py for tasks to queue
[2026-05-29T10:35:44.410+0200] {logging_mixin.py:151} INFO - [2026-05-29T10:35:44.410+0200] {dagbag.py:539} INFO - Filling up the DagBag from /home/frederic/airflow_venv/lib/python3.10/site-packages/airflow/example_dags/plugins/listener_plugin.py
[2026-05-29T10:35:44.412+0200] {processor.py:841} WARNING - No viable dags retrieved from /home/frederic/airflow_venv/lib/python3.10/site-packages/airflow/example_dags/plugins/listener_plugin.py
[2026-05-29T10:35:44.420+0200] {processor.py:179} INFO - Processing /home/frederic/airflow_venv/lib/python3.10/site-packages/airflow/example_dags/plugins/listener_plugin.py took 0.013 seconds
[2026-05-29T10:36:27.256+0200] {processor.py:157} INFO - Started process (PID=713293) to work on /home/frederic/airflow_venv/lib/python3.10/site-packages/airflow/example_dags/plugins/listener_plugin.py
[2026-05-29T10:36:27.257+0200] {processor.py:829} INFO - Processing file /home/frederic/airflow_venv/lib/python3.10/site-packages/airflow/example_dags/plugins/listener_plugin.py for tasks to queue
[2026-05-29T10:36:27.258+0200] {logging_mixin.py:151} INFO - [2026-05-29T10:36:27.258+0200] {dagbag.py:539} INFO - Filling up the DagBag from /home/frederic/airflow_venv/lib/python3.10/site-packages/airflow/example_dags/plugins/listener_plugin.py
[2026-05-29T10:36:27.261+0200] {processor.py:841} WARNING - No viable dags retrieved from /home/frederic/airflow_venv/lib/python3.10/site-packages/airflow/example_dags/plugins/listener_plugin.py
[2026-05-29T10:36:27.271+0200] {processor.py:179} INFO - Processing /home/frederic/airflow_venv/lib/python3.10/site-packages/airflow/example_dags/plugins/listener_plugin.py took 0.018 seconds
[2026-05-29T10:37:13.354+0200] {processor.py:157} INFO - Started process (PID=713873) to work on /home/frederic/airflow_venv/lib/python3.10/site-packages/airflow/example_dags/plugins/listener_plugin.py
[2026-05-29T10:37:13.355+0200] {processor.py:829} INFO - Processing file /home/frederic/airflow_venv/lib/python3.10/site-packages/airflow/example_dags/plugins/listener_plugin.py for tasks to queue
[2026-05-29T10:37:13.356+0200] {logging_mixin.py:151} INFO - [2026-05-29T10:37:13.355+0200] {dagbag.py:539} INFO - Filling up the DagBag from /home/frederic/airflow_venv/lib/python3.10/site-packages/airflow/example_dags/plugins/listener_plugin.py
[2026-05-29T10:37:13.359+0200] {processor.py:841} WARNING - No viable dags retrieved from /home/frederic/airflow_venv/lib/python3.10/site-packages/airflow/example_dags/plugins/listener_plugin.py
[2026-05-29T10:37:13.368+0200] {processor.py:179} INFO - Processing /home/frederic/airflow_venv/lib/python3.10/site-packages/airflow/example_dags/plugins/listener_plugin.py took 0.017 seconds
[2026-05-29T10:37:45.340+0200] {processor.py:157} INFO - Started process (PID=714413) to work on /home/frederic/airflow_venv/lib/python3.10/site-packages/airflow/example_dags/plugins/listener_plugin.py
[2026-05-29T10:37:45.341+0200] {processor.py:829} INFO - Processing file /home/frederic/airflow_venv/lib/python3.10/site-packages/airflow/example_dags/plugins/listener_plugin.py for tasks to queue
[2026-05-29T10:37:45.341+0200] {logging_mixin.py:151} INFO - [2026-05-29T10:37:45.341+0200] {dagbag.py:539} INFO - Filling up the DagBag from /home/frederic/airflow_venv/lib/python3.10/site-packages/airflow/example_dags/plugins/listener_plugin.py
[2026-05-29T10:37:45.343+0200] {processor.py:841} WARNING - No viable dags retrieved from /home/frederic/airflow_venv/lib/python3.10/site-packages/airflow/example_dags/plugins/listener_plugin.py
[2026-05-29T10:37:45.350+0200] {processor.py:179} INFO - Processing /home/frederic/airflow_venv/lib/python3.10/site-packages/airflow/example_dags/plugins/listener_plugin.py took 0.013 seconds
[2026-05-29T10:38:32.041+0200] {processor.py:157} INFO - Started process (PID=715003) to work on /home/frederic/airflow_venv/lib/python3.10/site-packages/airflow/example_dags/plugins/listener_plugin.py
[2026-05-29T10:38:32.043+0200] {processor.py:829} INFO - Processing file /home/frederic/airflow_venv/lib/python3.10/site-packages/airflow/example_dags/plugins/listener_plugin.py for tasks to queue
[2026-05-29T10:38:32.043+0200] {logging_mixin.py:151} INFO - [2026-05-29T10:38:32.043+0200] {dagbag.py:539} INFO - Filling up the DagBag from /home/frederic/airflow_venv/lib/python3.10/site-packages/airflow/example_dags/plugins/listener_plugin.py
[2026-05-29T10:38:32.046+0200] {processor.py:841} WARNING - No viable dags retrieved from /home/frederic/airflow_venv/lib/python3.10/site-packages/airflow/example_dags/plugins/listener_plugin.py
[2026-05-29T10:38:32.052+0200] {processor.py:179} INFO - Processing /home/frederic/airflow_venv/lib/python3.10/site-packages/airflow/example_dags/plugins/listener_plugin.py took 0.013 seconds
[2026-05-29T10:39:16.041+0200] {processor.py:157} INFO - Started process (PID=715727) to work on /home/frederic/airflow_venv/lib/python3.10/site-packages/airflow/example_dags/plugins/listener_plugin.py
[2026-05-29T10:39:16.043+0200] {processor.py:829} INFO - Processing file /home/frederic/airflow_venv/lib/python3.10/site-packages/airflow/example_dags/plugins/listener_plugin.py for tasks to queue
[2026-05-29T10:39:16.043+0200] {logging_mixin.py:151} INFO - [2026-05-29T10:39:16.043+0200] {dagbag.py:539} INFO - Filling up the DagBag from /home/frederic/airflow_venv/lib/python3.10/site-packages/airflow/example_dags/plugins/listener_plugin.py
[2026-05-29T10:39:16.046+0200] {processor.py:841} WARNING - No viable dags retrieved from /home/frederic/airflow_venv/lib/python3.10/site-packages/airflow/example_dags/plugins/listener_plugin.py
[2026-05-29T10:39:16.057+0200] {processor.py:179} INFO - Processing /home/frederic/airflow_venv/lib/python3.10/site-packages/airflow/example_dags/plugins/listener_plugin.py took 0.018 seconds
[2026-05-29T10:40:00.339+0200] {processor.py:157} INFO - Started process (PID=716296) to work on /home/frederic/airflow_venv/lib/python3.10/site-packages/airflow/example_dags/plugins/listener_plugin.py
[2026-05-29T10:40:00.340+0200] {processor.py:829} INFO - Processing file /home/frederic/airflow_venv/lib/python3.10/site-packages/airflow/example_dags/plugins/listener_plugin.py for tasks to queue
[2026-05-29T10:40:00.340+0200] {logging_mixin.py:151} INFO - [2026-05-29T10:40:00.340+0200] {dagbag.py:539} INFO - Filling up the DagBag from /home/frederic/airflow_venv/lib/python3.10/site-packages/airflow/example_dags/plugins/listener_plugin.py
[2026-05-29T10:40:00.342+0200] {processor.py:841} WARNING - No viable dags retrieved from /home/frederic/airflow_venv/lib/python3.10/site-packages/airflow/example_dags/plugins/listener_plugin.py
[2026-05-29T10:40:00.349+0200] {processor.py:179} INFO - Processing /home/frederic/airflow_venv/lib/python3.10/site-packages/airflow/example_dags/plugins/listener_plugin.py took 0.013 seconds
[2026-05-29T10:40:43.747+0200] {processor.py:157} INFO - Started process (PID=716760) to work on /home/frederic/airflow_venv/lib/python3.10/site-packages/airflow/example_dags/plugins/listener_plugin.py
[2026-05-29T10:40:43.748+0200] {processor.py:829} INFO - Processing file /home/frederic/airflow_venv/lib/python3.10/site-packages/airflow/example_dags/plugins/listener_plugin.py for tasks to queue
[2026-05-29T10:40:43.749+0200] {logging_mixin.py:151} INFO - [2026-05-29T10:40:43.748+0200] {dagbag.py:539} INFO - Filling up the DagBag from /home/frederic/airflow_venv/lib/python3.10/site-packages/airflow/example_dags/plugins/listener_plugin.py
[2026-05-29T10:40:43.751+0200] {processor.py:841} WARNING - No viable dags retrieved from /home/frederic/airflow_venv/lib/python3.10/site-packages/airflow/example_dags/plugins/listener_plugin.py
[2026-05-29T10:40:43.758+0200] {processor.py:179} INFO - Processing /home/frederic/airflow_venv/lib/python3.10/site-packages/airflow/example_dags/plugins/listener_plugin.py took 0.013 seconds
[2026-05-29T10:41:15.182+0200] {processor.py:157} INFO - Started process (PID=717139) to work on /home/frederic/airflow_venv/lib/python3.10/site-packages/airflow/example_dags/plugins/listener_plugin.py
[2026-05-29T10:41:15.183+0200] {processor.py:829} INFO - Processing file /home/frederic/airflow_venv/lib/python3.10/site-packages/airflow/example_dags/plugins/listener_plugin.py for tasks to queue
[2026-05-29T10:41:15.184+0200] {logging_mixin.py:151} INFO - [2026-05-29T10:41:15.184+0200] {dagbag.py:539} INFO - Filling up the DagBag from /home/frederic/airflow_venv/lib/python3.10/site-packages/airflow/example_dags/plugins/listener_plugin.py
[2026-05-29T10:41:15.188+0200] {processor.py:841} WARNING - No viable dags retrieved from /home/frederic/airflow_venv/lib/python3.10/site-packages/airflow/example_dags/plugins/listener_plugin.py
[2026-05-29T10:41:15.198+0200] {processor.py:179} INFO - Processing /home/frederic/airflow_venv/lib/python3.10/site-packages/airflow/example_dags/plugins/listener_plugin.py took 0.019 seconds
[2026-05-29T10:41:47.297+0200] {processor.py:157} INFO - Started process (PID=717418) to work on /home/frederic/airflow_venv/lib/python3.10/site-packages/airflow/example_dags/plugins/listener_plugin.py
[2026-05-29T10:41:47.298+0200] {processor.py:829} INFO - Processing file /home/frederic/airflow_venv/lib/python3.10/site-packages/airflow/example_dags/plugins/listener_plugin.py for tasks to queue
[2026-05-29T10:41:47.299+0200] {logging_mixin.py:151} INFO - [2026-05-29T10:41:47.299+0200] {dagbag.py:539} INFO - Filling up the DagBag from /home/frederic/airflow_venv/lib/python3.10/site-packages/airflow/example_dags/plugins/listener_plugin.py
[2026-05-29T10:41:47.301+0200] {processor.py:841} WARNING - No viable dags retrieved from /home/frederic/airflow_venv/lib/python3.10/site-packages/airflow/example_dags/plugins/listener_plugin.py
[2026-05-29T10:41:47.311+0200] {processor.py:179} INFO - Processing /home/frederic/airflow_venv/lib/python3.10/site-packages/airflow/example_dags/plugins/listener_plugin.py took 0.016 seconds
[2026-05-29T10:42:35.354+0200] {processor.py:157} INFO - Started process (PID=717922) to work on /home/frederic/airflow_venv/lib/python3.10/site-packages/airflow/example_dags/plugins/listener_plugin.py
[2026-05-29T10:42:35.355+0200] {processor.py:829} INFO - Processing file /home/frederic/airflow_venv/lib/python3.10/site-packages/airflow/example_dags/plugins/listener_plugin.py for tasks to queue
[2026-05-29T10:42:35.356+0200] {logging_mixin.py:151} INFO - [2026-05-29T10:42:35.355+0200] {dagbag.py:539} INFO - Filling up the DagBag from /home/frederic/airflow_venv/lib/python3.10/site-packages/airflow/example_dags/plugins/listener_plugin.py
[2026-05-29T10:42:35.358+0200] {processor.py:841} WARNING - No viable dags retrieved from /home/frederic/airflow_venv/lib/python3.10/site-packages/airflow/example_dags/plugins/listener_plugin.py
[2026-05-29T10:42:35.366+0200] {processor.py:179} INFO - Processing /home/frederic/airflow_venv/lib/python3.10/site-packages/airflow/example_dags/plugins/listener_plugin.py took 0.015 seconds
[2026-05-29T10:43:18.180+0200] {processor.py:157} INFO - Started process (PID=718455) to work on /home/frederic/airflow_venv/lib/python3.10/site-packages/airflow/example_dags/plugins/listener_plugin.py
[2026-05-29T10:43:18.181+0200] {processor.py:829} INFO - Processing file /home/frederic/airflow_venv/lib/python3.10/site-packages/airflow/example_dags/plugins/listener_plugin.py for tasks to queue
[2026-05-29T10:43:18.181+0200] {logging_mixin.py:151} INFO - [2026-05-29T10:43:18.181+0200] {dagbag.py:539} INFO - Filling up the DagBag from /home/frederic/airflow_venv/lib/python3.10/site-packages/airflow/example_dags/plugins/listener_plugin.py
[2026-05-29T10:43:18.184+0200] {processor.py:841} WARNING - No viable dags retrieved from /home/frederic/airflow_venv/lib/python3.10/site-packages/airflow/example_dags/plugins/listener_plugin.py
[2026-05-29T10:43:18.194+0200] {processor.py:179} INFO - Processing /home/frederic/airflow_venv/lib/python3.10/site-packages/airflow/example_dags/plugins/listener_plugin.py took 0.017 seconds
[2026-05-29T10:43:49.720+0200] {processor.py:157} INFO - Started process (PID=718729) to work on /home/frederic/airflow_venv/lib/python3.10/site-packages/airflow/example_dags/plugins/listener_plugin.py
[2026-05-29T10:43:49.721+0200] {processor.py:829} INFO - Processing file /home/frederic/airflow_venv/lib/python3.10/site-packages/airflow/example_dags/plugins/listener_plugin.py for tasks to queue
[2026-05-29T10:43:49.721+0200] {logging_mixin.py:151} INFO - [2026-05-29T10:43:49.721+0200] {dagbag.py:539} INFO - Filling up the DagBag from /home/frederic/airflow_venv/lib/python3.10/site-packages/airflow/example_dags/plugins/listener_plugin.py
[2026-05-29T10:43:49.725+0200] {processor.py:841} WARNING - No viable dags retrieved from /home/frederic/airflow_venv/lib/python3.10/site-packages/airflow/example_dags/plugins/listener_plugin.py
[2026-05-29T10:43:49.733+0200] {processor.py:179} INFO - Processing /home/frederic/airflow_venv/lib/python3.10/site-packages/airflow/example_dags/plugins/listener_plugin.py took 0.016 seconds
[2026-05-29T10:44:34.367+0200] {processor.py:157} INFO - Started process (PID=719276) to work on /home/frederic/airflow_venv/lib/python3.10/site-packages/airflow/example_dags/plugins/listener_plugin.py
[2026-05-29T10:44:34.368+0200] {processor.py:829} INFO - Processing file /home/frederic/airflow_venv/lib/python3.10/site-packages/airflow/example_dags/plugins/listener_plugin.py for tasks to queue
[2026-05-29T10:44:34.369+0200] {logging_mixin.py:151} INFO - [2026-05-29T10:44:34.369+0200] {dagbag.py:539} INFO - Filling up the DagBag from /home/frederic/airflow_venv/lib/python3.10/site-packages/airflow/example_dags/plugins/listener_plugin.py
[2026-05-29T10:44:34.371+0200] {processor.py:841} WARNING - No viable dags retrieved from /home/frederic/airflow_venv/lib/python3.10/site-packages/airflow/example_dags/plugins/listener_plugin.py
[2026-05-29T10:44:34.378+0200] {processor.py:179} INFO - Processing /home/frederic/airflow_venv/lib/python3.10/site-packages/airflow/example_dags/plugins/listener_plugin.py took 0.013 seconds
[2026-05-29T10:45:07.435+0200] {processor.py:157} INFO - Started process (PID=719866) to work on /home/frederic/airflow_venv/lib/python3.10/site-packages/airflow/example_dags/plugins/listener_plugin.py
[2026-05-29T10:45:07.436+0200] {processor.py:829} INFO - Processing file /home/frederic/airflow_venv/lib/python3.10/site-packages/airflow/example_dags/plugins/listener_plugin.py for tasks to queue
[2026-05-29T10:45:07.437+0200] {logging_mixin.py:151} INFO - [2026-05-29T10:45:07.437+0200] {dagbag.py:539} INFO - Filling up the DagBag from /home/frederic/airflow_venv/lib/python3.10/site-packages/airflow/example_dags/plugins/listener_plugin.py
[2026-05-29T10:45:07.440+0200] {processor.py:841} WARNING - No viable dags retrieved from /home/frederic/airflow_venv/lib/python3.10/site-packages/airflow/example_dags/plugins/listener_plugin.py
[2026-05-29T10:45:07.449+0200] {processor.py:179} INFO - Processing /home/frederic/airflow_venv/lib/python3.10/site-packages/airflow/example_dags/plugins/listener_plugin.py took 0.017 seconds
[2026-05-29T10:45:37.906+0200] {processor.py:157} INFO - Started process (PID=720195) to work on /home/frederic/airflow_venv/lib/python3.10/site-packages/airflow/example_dags/plugins/listener_plugin.py
[2026-05-29T10:45:37.907+0200] {processor.py:829} INFO - Processing file /home/frederic/airflow_venv/lib/python3.10/site-packages/airflow/example_dags/plugins/listener_plugin.py for tasks to queue
[2026-05-29T10:45:37.908+0200] {logging_mixin.py:151} INFO - [2026-05-29T10:45:37.907+0200] {dagbag.py:539} INFO - Filling up the DagBag from /home/frederic/airflow_venv/lib/python3.10/site-packages/airflow/example_dags/plugins/listener_plugin.py
[2026-05-29T10:45:37.910+0200] {processor.py:841} WARNING - No viable dags retrieved from /home/frederic/airflow_venv/lib/python3.10/site-packages/airflow/example_dags/plugins/listener_plugin.py
[2026-05-29T10:45:37.918+0200] {processor.py:179} INFO - Processing /home/frederic/airflow_venv/lib/python3.10/site-packages/airflow/example_dags/plugins/listener_plugin.py took 0.015 seconds
[2026-05-29T10:46:11.026+0200] {processor.py:157} INFO - Started process (PID=720540) to work on /home/frederic/airflow_venv/lib/python3.10/site-packages/airflow/example_dags/plugins/listener_plugin.py
[2026-05-29T10:46:11.028+0200] {processor.py:829} INFO - Processing file /home/frederic/airflow_venv/lib/python3.10/site-packages/airflow/example_dags/plugins/listener_plugin.py for tasks to queue
[2026-05-29T10:46:11.029+0200] {logging_mixin.py:151} INFO - [2026-05-29T10:46:11.029+0200] {dagbag.py:539} INFO - Filling up the DagBag from /home/frederic/airflow_venv/lib/python3.10/site-packages/airflow/example_dags/plugins/listener_plugin.py
[2026-05-29T10:46:11.032+0200] {processor.py:841} WARNING - No viable dags retrieved from /home/frederic/airflow_venv/lib/python3.10/site-packages/airflow/example_dags/plugins/listener_plugin.py
[2026-05-29T10:46:11.039+0200] {processor.py:179} INFO - Processing /home/frederic/airflow_venv/lib/python3.10/site-packages/airflow/example_dags/plugins/listener_plugin.py took 0.016 seconds
[2026-05-29T10:46:58.711+0200] {processor.py:157} INFO - Started process (PID=721080) to work on /home/frederic/airflow_venv/lib/python3.10/site-packages/airflow/example_dags/plugins/listener_plugin.py
[2026-05-29T10:46:58.713+0200] {processor.py:829} INFO - Processing file /home/frederic/airflow_venv/lib/python3.10/site-packages/airflow/example_dags/plugins/listener_plugin.py for tasks to queue
[2026-05-29T10:46:58.713+0200] {logging_mixin.py:151} INFO - [2026-05-29T10:46:58.713+0200] {dagbag.py:539} INFO - Filling up the DagBag from /home/frederic/airflow_venv/lib/python3.10/site-packages/airflow/example_dags/plugins/listener_plugin.py
[2026-05-29T10:46:58.716+0200] {processor.py:841} WARNING - No viable dags retrieved from /home/frederic/airflow_venv/lib/python3.10/site-packages/airflow/example_dags/plugins/listener_plugin.py
[2026-05-29T10:46:58.724+0200] {processor.py:179} INFO - Processing /home/frederic/airflow_venv/lib/python3.10/site-packages/airflow/example_dags/plugins/listener_plugin.py took 0.015 seconds
[2026-05-29T10:47:33.371+0200] {processor.py:157} INFO - Started process (PID=721940) to work on /home/frederic/airflow_venv/lib/python3.10/site-packages/airflow/example_dags/plugins/listener_plugin.py
[2026-05-29T10:47:33.372+0200] {processor.py:829} INFO - Processing file /home/frederic/airflow_venv/lib/python3.10/site-packages/airflow/example_dags/plugins/listener_plugin.py for tasks to queue
[2026-05-29T10:47:33.372+0200] {logging_mixin.py:151} INFO - [2026-05-29T10:47:33.372+0200] {dagbag.py:539} INFO - Filling up the DagBag from /home/frederic/airflow_venv/lib/python3.10/site-packages/airflow/example_dags/plugins/listener_plugin.py
[2026-05-29T10:47:33.376+0200] {processor.py:841} WARNING - No viable dags retrieved from /home/frederic/airflow_venv/lib/python3.10/site-packages/airflow/example_dags/plugins/listener_plugin.py
[2026-05-29T10:47:33.384+0200] {processor.py:179} INFO - Processing /home/frederic/airflow_venv/lib/python3.10/site-packages/airflow/example_dags/plugins/listener_plugin.py took 0.015 seconds
[2026-05-29T10:48:04.160+0200] {processor.py:157} INFO - Started process (PID=722282) to work on /home/frederic/airflow_venv/lib/python3.10/site-packages/airflow/example_dags/plugins/listener_plugin.py
[2026-05-29T10:48:04.161+0200] {processor.py:829} INFO - Processing file /home/frederic/airflow_venv/lib/python3.10/site-packages/airflow/example_dags/plugins/listener_plugin.py for tasks to queue
[2026-05-29T10:48:04.162+0200] {logging_mixin.py:151} INFO - [2026-05-29T10:48:04.161+0200] {dagbag.py:539} INFO - Filling up the DagBag from /home/frederic/airflow_venv/lib/python3.10/site-packages/airflow/example_dags/plugins/listener_plugin.py
[2026-05-29T10:48:04.164+0200] {processor.py:841} WARNING - No viable dags retrieved from /home/frederic/airflow_venv/lib/python3.10/site-packages/airflow/example_dags/plugins/listener_plugin.py
[2026-05-29T10:48:04.171+0200] {processor.py:179} INFO - Processing /home/frederic/airflow_venv/lib/python3.10/site-packages/airflow/example_dags/plugins/listener_plugin.py took 0.014 seconds
[2026-05-29T10:48:43.162+0200] {processor.py:157} INFO - Started process (PID=722700) to work on /home/frederic/airflow_venv/lib/python3.10/site-packages/airflow/example_dags/plugins/listener_plugin.py
[2026-05-29T10:48:43.163+0200] {processor.py:829} INFO - Processing file /home/frederic/airflow_venv/lib/python3.10/site-packages/airflow/example_dags/plugins/listener_plugin.py for tasks to queue
[2026-05-29T10:48:43.163+0200] {logging_mixin.py:151} INFO - [2026-05-29T10:48:43.163+0200] {dagbag.py:539} INFO - Filling up the DagBag from /home/frederic/airflow_venv/lib/python3.10/site-packages/airflow/example_dags/plugins/listener_plugin.py
[2026-05-29T10:48:43.165+0200] {processor.py:841} WARNING - No viable dags retrieved from /home/frederic/airflow_venv/lib/python3.10/site-packages/airflow/example_dags/plugins/listener_plugin.py
[2026-05-29T10:48:43.173+0200] {processor.py:179} INFO - Processing /home/frederic/airflow_venv/lib/python3.10/site-packages/airflow/example_dags/plugins/listener_plugin.py took 0.014 seconds
[2026-05-29T10:49:20.358+0200] {processor.py:157} INFO - Started process (PID=723129) to work on /home/frederic/airflow_venv/lib/python3.10/site-packages/airflow/example_dags/plugins/listener_plugin.py
[2026-05-29T10:49:20.359+0200] {processor.py:829} INFO - Processing file /home/frederic/airflow_venv/lib/python3.10/site-packages/airflow/example_dags/plugins/listener_plugin.py for tasks to queue
[2026-05-29T10:49:20.360+0200] {logging_mixin.py:151} INFO - [2026-05-29T10:49:20.360+0200] {dagbag.py:539} INFO - Filling up the DagBag from /home/frederic/airflow_venv/lib/python3.10/site-packages/airflow/example_dags/plugins/listener_plugin.py
[2026-05-29T10:49:20.362+0200] {processor.py:841} WARNING - No viable dags retrieved from /home/frederic/airflow_venv/lib/python3.10/site-packages/airflow/example_dags/plugins/listener_plugin.py
[2026-05-29T10:49:20.370+0200] {processor.py:179} INFO - Processing /home/frederic/airflow_venv/lib/python3.10/site-packages/airflow/example_dags/plugins/listener_plugin.py took 0.014 seconds
[2026-05-29T10:50:05.479+0200] {processor.py:157} INFO - Started process (PID=723594) to work on /home/frederic/airflow_venv/lib/python3.10/site-packages/airflow/example_dags/plugins/listener_plugin.py
[2026-05-29T10:50:05.480+0200] {processor.py:829} INFO - Processing file /home/frederic/airflow_venv/lib/python3.10/site-packages/airflow/example_dags/plugins/listener_plugin.py for tasks to queue
[2026-05-29T10:50:05.481+0200] {logging_mixin.py:151} INFO - [2026-05-29T10:50:05.481+0200] {dagbag.py:539} INFO - Filling up the DagBag from /home/frederic/airflow_venv/lib/python3.10/site-packages/airflow/example_dags/plugins/listener_plugin.py
[2026-05-29T10:50:05.483+0200] {processor.py:841} WARNING - No viable dags retrieved from /home/frederic/airflow_venv/lib/python3.10/site-packages/airflow/example_dags/plugins/listener_plugin.py
[2026-05-29T10:50:05.492+0200] {processor.py:179} INFO - Processing /home/frederic/airflow_venv/lib/python3.10/site-packages/airflow/example_dags/plugins/listener_plugin.py took 0.016 seconds
[2026-05-29T10:50:37.326+0200] {processor.py:157} INFO - Started process (PID=723901) to work on /home/frederic/airflow_venv/lib/python3.10/site-packages/airflow/example_dags/plugins/listener_plugin.py
[2026-05-29T10:50:37.327+0200] {processor.py:829} INFO - Processing file /home/frederic/airflow_venv/lib/python3.10/site-packages/airflow/example_dags/plugins/listener_plugin.py for tasks to queue
[2026-05-29T10:50:37.328+0200] {logging_mixin.py:151} INFO - [2026-05-29T10:50:37.327+0200] {dagbag.py:539} INFO - Filling up the DagBag from /home/frederic/airflow_venv/lib/python3.10/site-packages/airflow/example_dags/plugins/listener_plugin.py
[2026-05-29T10:50:37.330+0200] {processor.py:841} WARNING - No viable dags retrieved from /home/frederic/airflow_venv/lib/python3.10/site-packages/airflow/example_dags/plugins/listener_plugin.py
[2026-05-29T10:50:37.337+0200] {processor.py:179} INFO - Processing /home/frederic/airflow_venv/lib/python3.10/site-packages/airflow/example_dags/plugins/listener_plugin.py took 0.014 seconds
[2026-05-29T10:51:09.317+0200] {processor.py:157} INFO - Started process (PID=724244) to work on /home/frederic/airflow_venv/lib/python3.10/site-packages/airflow/example_dags/plugins/listener_plugin.py
[2026-05-29T10:51:09.318+0200] {processor.py:829} INFO - Processing file /home/frederic/airflow_venv/lib/python3.10/site-packages/airflow/example_dags/plugins/listener_plugin.py for tasks to queue
[2026-05-29T10:51:09.319+0200] {logging_mixin.py:151} INFO - [2026-05-29T10:51:09.318+0200] {dagbag.py:539} INFO - Filling up the DagBag from /home/frederic/airflow_venv/lib/python3.10/site-packages/airflow/example_dags/plugins/listener_plugin.py
[2026-05-29T10:51:09.321+0200] {processor.py:841} WARNING - No viable dags retrieved from /home/frederic/airflow_venv/lib/python3.10/site-packages/airflow/example_dags/plugins/listener_plugin.py
[2026-05-29T10:51:09.329+0200] {processor.py:179} INFO - Processing /home/frederic/airflow_venv/lib/python3.10/site-packages/airflow/example_dags/plugins/listener_plugin.py took 0.014 seconds
