[2026-05-29T02:00:03.814+0200] {processor.py:157} INFO - Started process (PID=633147) to work on /home/frederic/airflow_venv/lib/python3.10/site-packages/airflow/example_dags/plugins/workday.py
[2026-05-29T02:00:03.815+0200] {processor.py:829} INFO - Processing file /home/frederic/airflow_venv/lib/python3.10/site-packages/airflow/example_dags/plugins/workday.py for tasks to queue
[2026-05-29T02:00:03.815+0200] {logging_mixin.py:151} INFO - [2026-05-29T02:00:03.815+0200] {dagbag.py:539} INFO - Filling up the DagBag from /home/frederic/airflow_venv/lib/python3.10/site-packages/airflow/example_dags/plugins/workday.py
[2026-05-29T02:00:03.817+0200] {logging_mixin.py:151} INFO - [2026-05-29T02:00:03.817+0200] {workday.py:36} WARNING - Could not import pandas. Holidays will not be considered.
[2026-05-29T02:00:03.818+0200] {processor.py:841} WARNING - No viable dags retrieved from /home/frederic/airflow_venv/lib/python3.10/site-packages/airflow/example_dags/plugins/workday.py
[2026-05-29T02:00:03.825+0200] {processor.py:179} INFO - Processing /home/frederic/airflow_venv/lib/python3.10/site-packages/airflow/example_dags/plugins/workday.py took 0.012 seconds
[2026-05-29T02:00:09.011+0200] {processor.py:157} INFO - Started process (PID=633271) to work on /home/frederic/airflow_venv/lib/python3.10/site-packages/airflow/example_dags/plugins/workday.py
[2026-05-29T02:00:09.012+0200] {processor.py:829} INFO - Processing file /home/frederic/airflow_venv/lib/python3.10/site-packages/airflow/example_dags/plugins/workday.py for tasks to queue
[2026-05-29T02:00:09.013+0200] {logging_mixin.py:151} INFO - [2026-05-29T02:00:09.012+0200] {dagbag.py:539} INFO - Filling up the DagBag from /home/frederic/airflow_venv/lib/python3.10/site-packages/airflow/example_dags/plugins/workday.py
[2026-05-29T02:00:09.015+0200] {logging_mixin.py:151} INFO - [2026-05-29T02:00:09.015+0200] {workday.py:36} WARNING - Could not import pandas. Holidays will not be considered.
[2026-05-29T02:00:09.015+0200] {processor.py:841} WARNING - No viable dags retrieved from /home/frederic/airflow_venv/lib/python3.10/site-packages/airflow/example_dags/plugins/workday.py
[2026-05-29T02:00:09.023+0200] {processor.py:179} INFO - Processing /home/frederic/airflow_venv/lib/python3.10/site-packages/airflow/example_dags/plugins/workday.py took 0.015 seconds
[2026-05-29T02:00:35.881+0200] {processor.py:157} INFO - Started process (PID=634211) to work on /home/frederic/airflow_venv/lib/python3.10/site-packages/airflow/example_dags/plugins/workday.py
[2026-05-29T02:00:35.882+0200] {processor.py:829} INFO - Processing file /home/frederic/airflow_venv/lib/python3.10/site-packages/airflow/example_dags/plugins/workday.py for tasks to queue
[2026-05-29T02:00:35.883+0200] {logging_mixin.py:151} INFO - [2026-05-29T02:00:35.883+0200] {dagbag.py:539} INFO - Filling up the DagBag from /home/frederic/airflow_venv/lib/python3.10/site-packages/airflow/example_dags/plugins/workday.py
[2026-05-29T02:00:35.885+0200] {logging_mixin.py:151} INFO - [2026-05-29T02:00:35.885+0200] {workday.py:36} WARNING - Could not import pandas. Holidays will not be considered.
[2026-05-29T02:00:35.886+0200] {processor.py:841} WARNING - No viable dags retrieved from /home/frederic/airflow_venv/lib/python3.10/site-packages/airflow/example_dags/plugins/workday.py
[2026-05-29T02:00:35.895+0200] {processor.py:179} INFO - Processing /home/frederic/airflow_venv/lib/python3.10/site-packages/airflow/example_dags/plugins/workday.py took 0.018 seconds
[2026-05-29T02:00:55.454+0200] {processor.py:157} INFO - Started process (PID=634762) to work on /home/frederic/airflow_venv/lib/python3.10/site-packages/airflow/example_dags/plugins/workday.py
[2026-05-29T02:00:55.455+0200] {processor.py:829} INFO - Processing file /home/frederic/airflow_venv/lib/python3.10/site-packages/airflow/example_dags/plugins/workday.py for tasks to queue
[2026-05-29T02:00:55.455+0200] {logging_mixin.py:151} INFO - [2026-05-29T02:00:55.455+0200] {dagbag.py:539} INFO - Filling up the DagBag from /home/frederic/airflow_venv/lib/python3.10/site-packages/airflow/example_dags/plugins/workday.py
[2026-05-29T02:00:55.459+0200] {logging_mixin.py:151} INFO - [2026-05-29T02:00:55.459+0200] {workday.py:36} WARNING - Could not import pandas. Holidays will not be considered.
[2026-05-29T02:00:55.459+0200] {processor.py:841} WARNING - No viable dags retrieved from /home/frederic/airflow_venv/lib/python3.10/site-packages/airflow/example_dags/plugins/workday.py
[2026-05-29T02:00:55.469+0200] {processor.py:179} INFO - Processing /home/frederic/airflow_venv/lib/python3.10/site-packages/airflow/example_dags/plugins/workday.py took 0.018 seconds
[2026-05-29T02:01:20.217+0200] {processor.py:157} INFO - Started process (PID=635423) to work on /home/frederic/airflow_venv/lib/python3.10/site-packages/airflow/example_dags/plugins/workday.py
[2026-05-29T02:01:20.218+0200] {processor.py:829} INFO - Processing file /home/frederic/airflow_venv/lib/python3.10/site-packages/airflow/example_dags/plugins/workday.py for tasks to queue
[2026-05-29T02:01:20.219+0200] {logging_mixin.py:151} INFO - [2026-05-29T02:01:20.218+0200] {dagbag.py:539} INFO - Filling up the DagBag from /home/frederic/airflow_venv/lib/python3.10/site-packages/airflow/example_dags/plugins/workday.py
[2026-05-29T02:01:20.221+0200] {logging_mixin.py:151} INFO - [2026-05-29T02:01:20.221+0200] {workday.py:36} WARNING - Could not import pandas. Holidays will not be considered.
[2026-05-29T02:01:20.221+0200] {processor.py:841} WARNING - No viable dags retrieved from /home/frederic/airflow_venv/lib/python3.10/site-packages/airflow/example_dags/plugins/workday.py
[2026-05-29T02:01:20.228+0200] {processor.py:179} INFO - Processing /home/frederic/airflow_venv/lib/python3.10/site-packages/airflow/example_dags/plugins/workday.py took 0.014 seconds
[2026-05-29T02:01:31.353+0200] {processor.py:157} INFO - Started process (PID=635731) to work on /home/frederic/airflow_venv/lib/python3.10/site-packages/airflow/example_dags/plugins/workday.py
[2026-05-29T02:01:31.353+0200] {processor.py:829} INFO - Processing file /home/frederic/airflow_venv/lib/python3.10/site-packages/airflow/example_dags/plugins/workday.py for tasks to queue
[2026-05-29T02:01:31.354+0200] {logging_mixin.py:151} INFO - [2026-05-29T02:01:31.354+0200] {dagbag.py:539} INFO - Filling up the DagBag from /home/frederic/airflow_venv/lib/python3.10/site-packages/airflow/example_dags/plugins/workday.py
[2026-05-29T02:01:31.357+0200] {logging_mixin.py:151} INFO - [2026-05-29T02:01:31.357+0200] {workday.py:36} WARNING - Could not import pandas. Holidays will not be considered.
[2026-05-29T02:01:31.357+0200] {processor.py:841} WARNING - No viable dags retrieved from /home/frederic/airflow_venv/lib/python3.10/site-packages/airflow/example_dags/plugins/workday.py
[2026-05-29T02:01:31.365+0200] {processor.py:179} INFO - Processing /home/frederic/airflow_venv/lib/python3.10/site-packages/airflow/example_dags/plugins/workday.py took 0.015 seconds
[2026-05-29T02:02:02.165+0200] {processor.py:157} INFO - Started process (PID=636584) to work on /home/frederic/airflow_venv/lib/python3.10/site-packages/airflow/example_dags/plugins/workday.py
[2026-05-29T02:02:02.166+0200] {processor.py:829} INFO - Processing file /home/frederic/airflow_venv/lib/python3.10/site-packages/airflow/example_dags/plugins/workday.py for tasks to queue
[2026-05-29T02:02:02.167+0200] {logging_mixin.py:151} INFO - [2026-05-29T02:02:02.167+0200] {dagbag.py:539} INFO - Filling up the DagBag from /home/frederic/airflow_venv/lib/python3.10/site-packages/airflow/example_dags/plugins/workday.py
[2026-05-29T02:02:02.169+0200] {logging_mixin.py:151} INFO - [2026-05-29T02:02:02.169+0200] {workday.py:36} WARNING - Could not import pandas. Holidays will not be considered.
[2026-05-29T02:02:02.169+0200] {processor.py:841} WARNING - No viable dags retrieved from /home/frederic/airflow_venv/lib/python3.10/site-packages/airflow/example_dags/plugins/workday.py
[2026-05-29T02:02:02.177+0200] {processor.py:179} INFO - Processing /home/frederic/airflow_venv/lib/python3.10/site-packages/airflow/example_dags/plugins/workday.py took 0.014 seconds
[2026-05-29T02:02:04.755+0200] {processor.py:157} INFO - Started process (PID=636680) to work on /home/frederic/airflow_venv/lib/python3.10/site-packages/airflow/example_dags/plugins/workday.py
[2026-05-29T02:02:04.756+0200] {processor.py:829} INFO - Processing file /home/frederic/airflow_venv/lib/python3.10/site-packages/airflow/example_dags/plugins/workday.py for tasks to queue
[2026-05-29T02:02:04.757+0200] {logging_mixin.py:151} INFO - [2026-05-29T02:02:04.756+0200] {dagbag.py:539} INFO - Filling up the DagBag from /home/frederic/airflow_venv/lib/python3.10/site-packages/airflow/example_dags/plugins/workday.py
[2026-05-29T02:02:04.759+0200] {logging_mixin.py:151} INFO - [2026-05-29T02:02:04.759+0200] {workday.py:36} WARNING - Could not import pandas. Holidays will not be considered.
[2026-05-29T02:02:04.759+0200] {processor.py:841} WARNING - No viable dags retrieved from /home/frederic/airflow_venv/lib/python3.10/site-packages/airflow/example_dags/plugins/workday.py
[2026-05-29T02:02:04.767+0200] {processor.py:179} INFO - Processing /home/frederic/airflow_venv/lib/python3.10/site-packages/airflow/example_dags/plugins/workday.py took 0.014 seconds
[2026-05-29T02:02:36.479+0200] {processor.py:157} INFO - Started process (PID=637657) to work on /home/frederic/airflow_venv/lib/python3.10/site-packages/airflow/example_dags/plugins/workday.py
[2026-05-29T02:02:36.480+0200] {processor.py:829} INFO - Processing file /home/frederic/airflow_venv/lib/python3.10/site-packages/airflow/example_dags/plugins/workday.py for tasks to queue
[2026-05-29T02:02:36.480+0200] {logging_mixin.py:151} INFO - [2026-05-29T02:02:36.480+0200] {dagbag.py:539} INFO - Filling up the DagBag from /home/frederic/airflow_venv/lib/python3.10/site-packages/airflow/example_dags/plugins/workday.py
[2026-05-29T02:02:36.483+0200] {logging_mixin.py:151} INFO - [2026-05-29T02:02:36.483+0200] {workday.py:36} WARNING - Could not import pandas. Holidays will not be considered.
[2026-05-29T02:02:36.484+0200] {processor.py:841} WARNING - No viable dags retrieved from /home/frederic/airflow_venv/lib/python3.10/site-packages/airflow/example_dags/plugins/workday.py
[2026-05-29T02:02:36.493+0200] {processor.py:179} INFO - Processing /home/frederic/airflow_venv/lib/python3.10/site-packages/airflow/example_dags/plugins/workday.py took 0.016 seconds
[2026-05-29T02:02:38.364+0200] {processor.py:157} INFO - Started process (PID=637760) to work on /home/frederic/airflow_venv/lib/python3.10/site-packages/airflow/example_dags/plugins/workday.py
[2026-05-29T02:02:38.365+0200] {processor.py:829} INFO - Processing file /home/frederic/airflow_venv/lib/python3.10/site-packages/airflow/example_dags/plugins/workday.py for tasks to queue
[2026-05-29T02:02:38.365+0200] {logging_mixin.py:151} INFO - [2026-05-29T02:02:38.365+0200] {dagbag.py:539} INFO - Filling up the DagBag from /home/frederic/airflow_venv/lib/python3.10/site-packages/airflow/example_dags/plugins/workday.py
[2026-05-29T02:02:38.368+0200] {logging_mixin.py:151} INFO - [2026-05-29T02:02:38.368+0200] {workday.py:36} WARNING - Could not import pandas. Holidays will not be considered.
[2026-05-29T02:02:38.368+0200] {processor.py:841} WARNING - No viable dags retrieved from /home/frederic/airflow_venv/lib/python3.10/site-packages/airflow/example_dags/plugins/workday.py
[2026-05-29T02:02:38.376+0200] {processor.py:179} INFO - Processing /home/frederic/airflow_venv/lib/python3.10/site-packages/airflow/example_dags/plugins/workday.py took 0.015 seconds
[2026-05-29T02:03:10.487+0200] {processor.py:157} INFO - Started process (PID=638574) to work on /home/frederic/airflow_venv/lib/python3.10/site-packages/airflow/example_dags/plugins/workday.py
[2026-05-29T02:03:10.488+0200] {processor.py:829} INFO - Processing file /home/frederic/airflow_venv/lib/python3.10/site-packages/airflow/example_dags/plugins/workday.py for tasks to queue
[2026-05-29T02:03:10.488+0200] {logging_mixin.py:151} INFO - [2026-05-29T02:03:10.488+0200] {dagbag.py:539} INFO - Filling up the DagBag from /home/frederic/airflow_venv/lib/python3.10/site-packages/airflow/example_dags/plugins/workday.py
[2026-05-29T02:03:10.491+0200] {logging_mixin.py:151} INFO - [2026-05-29T02:03:10.491+0200] {workday.py:36} WARNING - Could not import pandas. Holidays will not be considered.
[2026-05-29T02:03:10.491+0200] {processor.py:841} WARNING - No viable dags retrieved from /home/frederic/airflow_venv/lib/python3.10/site-packages/airflow/example_dags/plugins/workday.py
[2026-05-29T02:03:10.499+0200] {processor.py:179} INFO - Processing /home/frederic/airflow_venv/lib/python3.10/site-packages/airflow/example_dags/plugins/workday.py took 0.014 seconds
[2026-05-29T02:03:11.124+0200] {processor.py:157} INFO - Started process (PID=638579) to work on /home/frederic/airflow_venv/lib/python3.10/site-packages/airflow/example_dags/plugins/workday.py
[2026-05-29T02:03:11.125+0200] {processor.py:829} INFO - Processing file /home/frederic/airflow_venv/lib/python3.10/site-packages/airflow/example_dags/plugins/workday.py for tasks to queue
[2026-05-29T02:03:11.126+0200] {logging_mixin.py:151} INFO - [2026-05-29T02:03:11.125+0200] {dagbag.py:539} INFO - Filling up the DagBag from /home/frederic/airflow_venv/lib/python3.10/site-packages/airflow/example_dags/plugins/workday.py
[2026-05-29T02:03:11.129+0200] {logging_mixin.py:151} INFO - [2026-05-29T02:03:11.128+0200] {workday.py:36} WARNING - Could not import pandas. Holidays will not be considered.
[2026-05-29T02:03:11.129+0200] {processor.py:841} WARNING - No viable dags retrieved from /home/frederic/airflow_venv/lib/python3.10/site-packages/airflow/example_dags/plugins/workday.py
[2026-05-29T02:03:11.139+0200] {processor.py:179} INFO - Processing /home/frederic/airflow_venv/lib/python3.10/site-packages/airflow/example_dags/plugins/workday.py took 0.017 seconds
[2026-05-29T02:03:44.457+0200] {processor.py:157} INFO - Started process (PID=639701) to work on /home/frederic/airflow_venv/lib/python3.10/site-packages/airflow/example_dags/plugins/workday.py
[2026-05-29T02:03:44.458+0200] {processor.py:829} INFO - Processing file /home/frederic/airflow_venv/lib/python3.10/site-packages/airflow/example_dags/plugins/workday.py for tasks to queue
[2026-05-29T02:03:44.459+0200] {logging_mixin.py:151} INFO - [2026-05-29T02:03:44.458+0200] {dagbag.py:539} INFO - Filling up the DagBag from /home/frederic/airflow_venv/lib/python3.10/site-packages/airflow/example_dags/plugins/workday.py
[2026-05-29T02:03:44.461+0200] {logging_mixin.py:151} INFO - [2026-05-29T02:03:44.461+0200] {workday.py:36} WARNING - Could not import pandas. Holidays will not be considered.
[2026-05-29T02:03:44.462+0200] {processor.py:841} WARNING - No viable dags retrieved from /home/frederic/airflow_venv/lib/python3.10/site-packages/airflow/example_dags/plugins/workday.py
[2026-05-29T02:03:44.469+0200] {processor.py:179} INFO - Processing /home/frederic/airflow_venv/lib/python3.10/site-packages/airflow/example_dags/plugins/workday.py took 0.015 seconds
[2026-05-29T02:03:56.453+0200] {processor.py:157} INFO - Started process (PID=640084) to work on /home/frederic/airflow_venv/lib/python3.10/site-packages/airflow/example_dags/plugins/workday.py
[2026-05-29T02:03:56.455+0200] {processor.py:829} INFO - Processing file /home/frederic/airflow_venv/lib/python3.10/site-packages/airflow/example_dags/plugins/workday.py for tasks to queue
[2026-05-29T02:03:56.456+0200] {logging_mixin.py:151} INFO - [2026-05-29T02:03:56.455+0200] {dagbag.py:539} INFO - Filling up the DagBag from /home/frederic/airflow_venv/lib/python3.10/site-packages/airflow/example_dags/plugins/workday.py
[2026-05-29T02:03:56.464+0200] {logging_mixin.py:151} INFO - [2026-05-29T02:03:56.464+0200] {workday.py:36} WARNING - Could not import pandas. Holidays will not be considered.
[2026-05-29T02:03:56.464+0200] {processor.py:841} WARNING - No viable dags retrieved from /home/frederic/airflow_venv/lib/python3.10/site-packages/airflow/example_dags/plugins/workday.py
[2026-05-29T02:03:56.473+0200] {processor.py:179} INFO - Processing /home/frederic/airflow_venv/lib/python3.10/site-packages/airflow/example_dags/plugins/workday.py took 0.023 seconds
[2026-05-29T09:56:01.474+0200] {processor.py:157} INFO - Started process (PID=679981) to work on /home/frederic/airflow_venv/lib/python3.10/site-packages/airflow/example_dags/plugins/workday.py
[2026-05-29T09:56:01.475+0200] {processor.py:829} INFO - Processing file /home/frederic/airflow_venv/lib/python3.10/site-packages/airflow/example_dags/plugins/workday.py for tasks to queue
[2026-05-29T09:56:01.475+0200] {logging_mixin.py:151} INFO - [2026-05-29T09:56:01.475+0200] {dagbag.py:539} INFO - Filling up the DagBag from /home/frederic/airflow_venv/lib/python3.10/site-packages/airflow/example_dags/plugins/workday.py
[2026-05-29T09:56:01.478+0200] {logging_mixin.py:151} INFO - [2026-05-29T09:56:01.478+0200] {workday.py:36} WARNING - Could not import pandas. Holidays will not be considered.
[2026-05-29T09:56:01.478+0200] {processor.py:841} WARNING - No viable dags retrieved from /home/frederic/airflow_venv/lib/python3.10/site-packages/airflow/example_dags/plugins/workday.py
[2026-05-29T09:56:01.486+0200] {processor.py:179} INFO - Processing /home/frederic/airflow_venv/lib/python3.10/site-packages/airflow/example_dags/plugins/workday.py took 0.014 seconds
[2026-05-29T09:58:01.164+0200] {processor.py:157} INFO - Started process (PID=681472) to work on /home/frederic/airflow_venv/lib/python3.10/site-packages/airflow/example_dags/plugins/workday.py
[2026-05-29T09:58:01.167+0200] {processor.py:829} INFO - Processing file /home/frederic/airflow_venv/lib/python3.10/site-packages/airflow/example_dags/plugins/workday.py for tasks to queue
[2026-05-29T09:58:01.168+0200] {logging_mixin.py:151} INFO - [2026-05-29T09:58:01.167+0200] {dagbag.py:539} INFO - Filling up the DagBag from /home/frederic/airflow_venv/lib/python3.10/site-packages/airflow/example_dags/plugins/workday.py
[2026-05-29T09:58:01.170+0200] {logging_mixin.py:151} INFO - [2026-05-29T09:58:01.170+0200] {workday.py:36} WARNING - Could not import pandas. Holidays will not be considered.
[2026-05-29T09:58:01.170+0200] {processor.py:841} WARNING - No viable dags retrieved from /home/frederic/airflow_venv/lib/python3.10/site-packages/airflow/example_dags/plugins/workday.py
[2026-05-29T09:58:01.178+0200] {processor.py:179} INFO - Processing /home/frederic/airflow_venv/lib/python3.10/site-packages/airflow/example_dags/plugins/workday.py took 0.016 seconds
[2026-05-29T09:58:49.363+0200] {processor.py:157} INFO - Started process (PID=682440) to work on /home/frederic/airflow_venv/lib/python3.10/site-packages/airflow/example_dags/plugins/workday.py
[2026-05-29T09:58:49.364+0200] {processor.py:829} INFO - Processing file /home/frederic/airflow_venv/lib/python3.10/site-packages/airflow/example_dags/plugins/workday.py for tasks to queue
[2026-05-29T09:58:49.365+0200] {logging_mixin.py:151} INFO - [2026-05-29T09:58:49.365+0200] {dagbag.py:539} INFO - Filling up the DagBag from /home/frederic/airflow_venv/lib/python3.10/site-packages/airflow/example_dags/plugins/workday.py
[2026-05-29T09:58:49.367+0200] {logging_mixin.py:151} INFO - [2026-05-29T09:58:49.367+0200] {workday.py:36} WARNING - Could not import pandas. Holidays will not be considered.
[2026-05-29T09:58:49.367+0200] {processor.py:841} WARNING - No viable dags retrieved from /home/frederic/airflow_venv/lib/python3.10/site-packages/airflow/example_dags/plugins/workday.py
[2026-05-29T09:58:49.377+0200] {processor.py:179} INFO - Processing /home/frederic/airflow_venv/lib/python3.10/site-packages/airflow/example_dags/plugins/workday.py took 0.016 seconds
[2026-05-29T09:59:30.070+0200] {processor.py:157} INFO - Started process (PID=683652) to work on /home/frederic/airflow_venv/lib/python3.10/site-packages/airflow/example_dags/plugins/workday.py
[2026-05-29T09:59:30.071+0200] {processor.py:829} INFO - Processing file /home/frederic/airflow_venv/lib/python3.10/site-packages/airflow/example_dags/plugins/workday.py for tasks to queue
[2026-05-29T09:59:30.071+0200] {logging_mixin.py:151} INFO - [2026-05-29T09:59:30.071+0200] {dagbag.py:539} INFO - Filling up the DagBag from /home/frederic/airflow_venv/lib/python3.10/site-packages/airflow/example_dags/plugins/workday.py
[2026-05-29T09:59:30.075+0200] {logging_mixin.py:151} INFO - [2026-05-29T09:59:30.074+0200] {workday.py:36} WARNING - Could not import pandas. Holidays will not be considered.
[2026-05-29T09:59:30.075+0200] {processor.py:841} WARNING - No viable dags retrieved from /home/frederic/airflow_venv/lib/python3.10/site-packages/airflow/example_dags/plugins/workday.py
[2026-05-29T09:59:30.085+0200] {processor.py:179} INFO - Processing /home/frederic/airflow_venv/lib/python3.10/site-packages/airflow/example_dags/plugins/workday.py took 0.017 seconds
[2026-05-29T10:00:05.256+0200] {processor.py:157} INFO - Started process (PID=684061) to work on /home/frederic/airflow_venv/lib/python3.10/site-packages/airflow/example_dags/plugins/workday.py
[2026-05-29T10:00:05.259+0200] {processor.py:829} INFO - Processing file /home/frederic/airflow_venv/lib/python3.10/site-packages/airflow/example_dags/plugins/workday.py for tasks to queue
[2026-05-29T10:00:05.260+0200] {logging_mixin.py:151} INFO - [2026-05-29T10:00:05.259+0200] {dagbag.py:539} INFO - Filling up the DagBag from /home/frederic/airflow_venv/lib/python3.10/site-packages/airflow/example_dags/plugins/workday.py
[2026-05-29T10:00:05.263+0200] {logging_mixin.py:151} INFO - [2026-05-29T10:00:05.263+0200] {workday.py:36} WARNING - Could not import pandas. Holidays will not be considered.
[2026-05-29T10:00:05.263+0200] {processor.py:841} WARNING - No viable dags retrieved from /home/frederic/airflow_venv/lib/python3.10/site-packages/airflow/example_dags/plugins/workday.py
[2026-05-29T10:00:05.272+0200] {processor.py:179} INFO - Processing /home/frederic/airflow_venv/lib/python3.10/site-packages/airflow/example_dags/plugins/workday.py took 0.019 seconds
[2026-05-29T10:00:40.019+0200] {processor.py:157} INFO - Started process (PID=684758) to work on /home/frederic/airflow_venv/lib/python3.10/site-packages/airflow/example_dags/plugins/workday.py
[2026-05-29T10:00:40.021+0200] {processor.py:829} INFO - Processing file /home/frederic/airflow_venv/lib/python3.10/site-packages/airflow/example_dags/plugins/workday.py for tasks to queue
[2026-05-29T10:00:40.022+0200] {logging_mixin.py:151} INFO - [2026-05-29T10:00:40.021+0200] {dagbag.py:539} INFO - Filling up the DagBag from /home/frederic/airflow_venv/lib/python3.10/site-packages/airflow/example_dags/plugins/workday.py
[2026-05-29T10:00:40.026+0200] {logging_mixin.py:151} INFO - [2026-05-29T10:00:40.025+0200] {workday.py:36} WARNING - Could not import pandas. Holidays will not be considered.
[2026-05-29T10:00:40.026+0200] {processor.py:841} WARNING - No viable dags retrieved from /home/frederic/airflow_venv/lib/python3.10/site-packages/airflow/example_dags/plugins/workday.py
[2026-05-29T10:00:40.037+0200] {processor.py:179} INFO - Processing /home/frederic/airflow_venv/lib/python3.10/site-packages/airflow/example_dags/plugins/workday.py took 0.021 seconds
[2026-05-29T10:01:12.751+0200] {processor.py:157} INFO - Started process (PID=685279) to work on /home/frederic/airflow_venv/lib/python3.10/site-packages/airflow/example_dags/plugins/workday.py
[2026-05-29T10:01:12.752+0200] {processor.py:829} INFO - Processing file /home/frederic/airflow_venv/lib/python3.10/site-packages/airflow/example_dags/plugins/workday.py for tasks to queue
[2026-05-29T10:01:12.753+0200] {logging_mixin.py:151} INFO - [2026-05-29T10:01:12.753+0200] {dagbag.py:539} INFO - Filling up the DagBag from /home/frederic/airflow_venv/lib/python3.10/site-packages/airflow/example_dags/plugins/workday.py
[2026-05-29T10:01:12.755+0200] {logging_mixin.py:151} INFO - [2026-05-29T10:01:12.755+0200] {workday.py:36} WARNING - Could not import pandas. Holidays will not be considered.
[2026-05-29T10:01:12.756+0200] {processor.py:841} WARNING - No viable dags retrieved from /home/frederic/airflow_venv/lib/python3.10/site-packages/airflow/example_dags/plugins/workday.py
[2026-05-29T10:01:12.765+0200] {processor.py:179} INFO - Processing /home/frederic/airflow_venv/lib/python3.10/site-packages/airflow/example_dags/plugins/workday.py took 0.017 seconds
[2026-05-29T10:01:58.971+0200] {processor.py:157} INFO - Started process (PID=685844) to work on /home/frederic/airflow_venv/lib/python3.10/site-packages/airflow/example_dags/plugins/workday.py
[2026-05-29T10:01:58.972+0200] {processor.py:829} INFO - Processing file /home/frederic/airflow_venv/lib/python3.10/site-packages/airflow/example_dags/plugins/workday.py for tasks to queue
[2026-05-29T10:01:58.973+0200] {logging_mixin.py:151} INFO - [2026-05-29T10:01:58.973+0200] {dagbag.py:539} INFO - Filling up the DagBag from /home/frederic/airflow_venv/lib/python3.10/site-packages/airflow/example_dags/plugins/workday.py
[2026-05-29T10:01:58.976+0200] {logging_mixin.py:151} INFO - [2026-05-29T10:01:58.976+0200] {workday.py:36} WARNING - Could not import pandas. Holidays will not be considered.
[2026-05-29T10:01:58.976+0200] {processor.py:841} WARNING - No viable dags retrieved from /home/frederic/airflow_venv/lib/python3.10/site-packages/airflow/example_dags/plugins/workday.py
[2026-05-29T10:01:58.985+0200] {processor.py:179} INFO - Processing /home/frederic/airflow_venv/lib/python3.10/site-packages/airflow/example_dags/plugins/workday.py took 0.017 seconds
[2026-05-29T10:02:29.907+0200] {processor.py:157} INFO - Started process (PID=686176) to work on /home/frederic/airflow_venv/lib/python3.10/site-packages/airflow/example_dags/plugins/workday.py
[2026-05-29T10:02:29.908+0200] {processor.py:829} INFO - Processing file /home/frederic/airflow_venv/lib/python3.10/site-packages/airflow/example_dags/plugins/workday.py for tasks to queue
[2026-05-29T10:02:29.909+0200] {logging_mixin.py:151} INFO - [2026-05-29T10:02:29.909+0200] {dagbag.py:539} INFO - Filling up the DagBag from /home/frederic/airflow_venv/lib/python3.10/site-packages/airflow/example_dags/plugins/workday.py
[2026-05-29T10:02:29.911+0200] {logging_mixin.py:151} INFO - [2026-05-29T10:02:29.911+0200] {workday.py:36} WARNING - Could not import pandas. Holidays will not be considered.
[2026-05-29T10:02:29.911+0200] {processor.py:841} WARNING - No viable dags retrieved from /home/frederic/airflow_venv/lib/python3.10/site-packages/airflow/example_dags/plugins/workday.py
[2026-05-29T10:02:29.920+0200] {processor.py:179} INFO - Processing /home/frederic/airflow_venv/lib/python3.10/site-packages/airflow/example_dags/plugins/workday.py took 0.016 seconds
[2026-05-29T10:03:01.329+0200] {processor.py:157} INFO - Started process (PID=686512) to work on /home/frederic/airflow_venv/lib/python3.10/site-packages/airflow/example_dags/plugins/workday.py
[2026-05-29T10:03:01.331+0200] {processor.py:829} INFO - Processing file /home/frederic/airflow_venv/lib/python3.10/site-packages/airflow/example_dags/plugins/workday.py for tasks to queue
[2026-05-29T10:03:01.331+0200] {logging_mixin.py:151} INFO - [2026-05-29T10:03:01.331+0200] {dagbag.py:539} INFO - Filling up the DagBag from /home/frederic/airflow_venv/lib/python3.10/site-packages/airflow/example_dags/plugins/workday.py
[2026-05-29T10:03:01.334+0200] {logging_mixin.py:151} INFO - [2026-05-29T10:03:01.334+0200] {workday.py:36} WARNING - Could not import pandas. Holidays will not be considered.
[2026-05-29T10:03:01.334+0200] {processor.py:841} WARNING - No viable dags retrieved from /home/frederic/airflow_venv/lib/python3.10/site-packages/airflow/example_dags/plugins/workday.py
[2026-05-29T10:03:01.343+0200] {processor.py:179} INFO - Processing /home/frederic/airflow_venv/lib/python3.10/site-packages/airflow/example_dags/plugins/workday.py took 0.017 seconds
[2026-05-29T10:03:33.327+0200] {processor.py:157} INFO - Started process (PID=686786) to work on /home/frederic/airflow_venv/lib/python3.10/site-packages/airflow/example_dags/plugins/workday.py
[2026-05-29T10:03:33.328+0200] {processor.py:829} INFO - Processing file /home/frederic/airflow_venv/lib/python3.10/site-packages/airflow/example_dags/plugins/workday.py for tasks to queue
[2026-05-29T10:03:33.328+0200] {logging_mixin.py:151} INFO - [2026-05-29T10:03:33.328+0200] {dagbag.py:539} INFO - Filling up the DagBag from /home/frederic/airflow_venv/lib/python3.10/site-packages/airflow/example_dags/plugins/workday.py
[2026-05-29T10:03:33.331+0200] {logging_mixin.py:151} INFO - [2026-05-29T10:03:33.331+0200] {workday.py:36} WARNING - Could not import pandas. Holidays will not be considered.
[2026-05-29T10:03:33.332+0200] {processor.py:841} WARNING - No viable dags retrieved from /home/frederic/airflow_venv/lib/python3.10/site-packages/airflow/example_dags/plugins/workday.py
[2026-05-29T10:03:33.340+0200] {processor.py:179} INFO - Processing /home/frederic/airflow_venv/lib/python3.10/site-packages/airflow/example_dags/plugins/workday.py took 0.016 seconds
[2026-05-29T10:04:05.911+0200] {processor.py:157} INFO - Started process (PID=687782) to work on /home/frederic/airflow_venv/lib/python3.10/site-packages/airflow/example_dags/plugins/workday.py
[2026-05-29T10:04:05.912+0200] {processor.py:829} INFO - Processing file /home/frederic/airflow_venv/lib/python3.10/site-packages/airflow/example_dags/plugins/workday.py for tasks to queue
[2026-05-29T10:04:05.913+0200] {logging_mixin.py:151} INFO - [2026-05-29T10:04:05.912+0200] {dagbag.py:539} INFO - Filling up the DagBag from /home/frederic/airflow_venv/lib/python3.10/site-packages/airflow/example_dags/plugins/workday.py
[2026-05-29T10:04:05.915+0200] {logging_mixin.py:151} INFO - [2026-05-29T10:04:05.915+0200] {workday.py:36} WARNING - Could not import pandas. Holidays will not be considered.
[2026-05-29T10:04:05.915+0200] {processor.py:841} WARNING - No viable dags retrieved from /home/frederic/airflow_venv/lib/python3.10/site-packages/airflow/example_dags/plugins/workday.py
[2026-05-29T10:04:05.924+0200] {processor.py:179} INFO - Processing /home/frederic/airflow_venv/lib/python3.10/site-packages/airflow/example_dags/plugins/workday.py took 0.016 seconds
[2026-05-29T10:04:38.464+0200] {processor.py:157} INFO - Started process (PID=688265) to work on /home/frederic/airflow_venv/lib/python3.10/site-packages/airflow/example_dags/plugins/workday.py
[2026-05-29T10:04:38.465+0200] {processor.py:829} INFO - Processing file /home/frederic/airflow_venv/lib/python3.10/site-packages/airflow/example_dags/plugins/workday.py for tasks to queue
[2026-05-29T10:04:38.466+0200] {logging_mixin.py:151} INFO - [2026-05-29T10:04:38.465+0200] {dagbag.py:539} INFO - Filling up the DagBag from /home/frederic/airflow_venv/lib/python3.10/site-packages/airflow/example_dags/plugins/workday.py
[2026-05-29T10:04:38.468+0200] {logging_mixin.py:151} INFO - [2026-05-29T10:04:38.468+0200] {workday.py:36} WARNING - Could not import pandas. Holidays will not be considered.
[2026-05-29T10:04:38.469+0200] {processor.py:841} WARNING - No viable dags retrieved from /home/frederic/airflow_venv/lib/python3.10/site-packages/airflow/example_dags/plugins/workday.py
[2026-05-29T10:04:38.479+0200] {processor.py:179} INFO - Processing /home/frederic/airflow_venv/lib/python3.10/site-packages/airflow/example_dags/plugins/workday.py took 0.019 seconds
[2026-05-29T10:05:11.519+0200] {processor.py:157} INFO - Started process (PID=689189) to work on /home/frederic/airflow_venv/lib/python3.10/site-packages/airflow/example_dags/plugins/workday.py
[2026-05-29T10:05:11.520+0200] {processor.py:829} INFO - Processing file /home/frederic/airflow_venv/lib/python3.10/site-packages/airflow/example_dags/plugins/workday.py for tasks to queue
[2026-05-29T10:05:11.521+0200] {logging_mixin.py:151} INFO - [2026-05-29T10:05:11.521+0200] {dagbag.py:539} INFO - Filling up the DagBag from /home/frederic/airflow_venv/lib/python3.10/site-packages/airflow/example_dags/plugins/workday.py
[2026-05-29T10:05:11.523+0200] {logging_mixin.py:151} INFO - [2026-05-29T10:05:11.523+0200] {workday.py:36} WARNING - Could not import pandas. Holidays will not be considered.
[2026-05-29T10:05:11.524+0200] {processor.py:841} WARNING - No viable dags retrieved from /home/frederic/airflow_venv/lib/python3.10/site-packages/airflow/example_dags/plugins/workday.py
[2026-05-29T10:05:11.531+0200] {processor.py:179} INFO - Processing /home/frederic/airflow_venv/lib/python3.10/site-packages/airflow/example_dags/plugins/workday.py took 0.015 seconds
[2026-05-29T10:05:55.680+0200] {processor.py:157} INFO - Started process (PID=689855) to work on /home/frederic/airflow_venv/lib/python3.10/site-packages/airflow/example_dags/plugins/workday.py
[2026-05-29T10:05:55.681+0200] {processor.py:829} INFO - Processing file /home/frederic/airflow_venv/lib/python3.10/site-packages/airflow/example_dags/plugins/workday.py for tasks to queue
[2026-05-29T10:05:55.681+0200] {logging_mixin.py:151} INFO - [2026-05-29T10:05:55.681+0200] {dagbag.py:539} INFO - Filling up the DagBag from /home/frederic/airflow_venv/lib/python3.10/site-packages/airflow/example_dags/plugins/workday.py
[2026-05-29T10:05:55.685+0200] {logging_mixin.py:151} INFO - [2026-05-29T10:05:55.684+0200] {workday.py:36} WARNING - Could not import pandas. Holidays will not be considered.
[2026-05-29T10:05:55.685+0200] {processor.py:841} WARNING - No viable dags retrieved from /home/frederic/airflow_venv/lib/python3.10/site-packages/airflow/example_dags/plugins/workday.py
[2026-05-29T10:05:55.694+0200] {processor.py:179} INFO - Processing /home/frederic/airflow_venv/lib/python3.10/site-packages/airflow/example_dags/plugins/workday.py took 0.017 seconds
[2026-05-29T10:06:28.942+0200] {processor.py:157} INFO - Started process (PID=690257) to work on /home/frederic/airflow_venv/lib/python3.10/site-packages/airflow/example_dags/plugins/workday.py
[2026-05-29T10:06:28.942+0200] {processor.py:829} INFO - Processing file /home/frederic/airflow_venv/lib/python3.10/site-packages/airflow/example_dags/plugins/workday.py for tasks to queue
[2026-05-29T10:06:28.943+0200] {logging_mixin.py:151} INFO - [2026-05-29T10:06:28.943+0200] {dagbag.py:539} INFO - Filling up the DagBag from /home/frederic/airflow_venv/lib/python3.10/site-packages/airflow/example_dags/plugins/workday.py
[2026-05-29T10:06:28.946+0200] {logging_mixin.py:151} INFO - [2026-05-29T10:06:28.945+0200] {workday.py:36} WARNING - Could not import pandas. Holidays will not be considered.
[2026-05-29T10:06:28.946+0200] {processor.py:841} WARNING - No viable dags retrieved from /home/frederic/airflow_venv/lib/python3.10/site-packages/airflow/example_dags/plugins/workday.py
[2026-05-29T10:06:28.955+0200] {processor.py:179} INFO - Processing /home/frederic/airflow_venv/lib/python3.10/site-packages/airflow/example_dags/plugins/workday.py took 0.017 seconds
[2026-05-29T10:07:05.962+0200] {processor.py:157} INFO - Started process (PID=690800) to work on /home/frederic/airflow_venv/lib/python3.10/site-packages/airflow/example_dags/plugins/workday.py
[2026-05-29T10:07:05.963+0200] {processor.py:829} INFO - Processing file /home/frederic/airflow_venv/lib/python3.10/site-packages/airflow/example_dags/plugins/workday.py for tasks to queue
[2026-05-29T10:07:05.964+0200] {logging_mixin.py:151} INFO - [2026-05-29T10:07:05.963+0200] {dagbag.py:539} INFO - Filling up the DagBag from /home/frederic/airflow_venv/lib/python3.10/site-packages/airflow/example_dags/plugins/workday.py
[2026-05-29T10:07:05.966+0200] {logging_mixin.py:151} INFO - [2026-05-29T10:07:05.966+0200] {workday.py:36} WARNING - Could not import pandas. Holidays will not be considered.
[2026-05-29T10:07:05.966+0200] {processor.py:841} WARNING - No viable dags retrieved from /home/frederic/airflow_venv/lib/python3.10/site-packages/airflow/example_dags/plugins/workday.py
[2026-05-29T10:07:05.975+0200] {processor.py:179} INFO - Processing /home/frederic/airflow_venv/lib/python3.10/site-packages/airflow/example_dags/plugins/workday.py took 0.017 seconds
[2026-05-29T10:07:43.378+0200] {processor.py:157} INFO - Started process (PID=691165) to work on /home/frederic/airflow_venv/lib/python3.10/site-packages/airflow/example_dags/plugins/workday.py
[2026-05-29T10:07:43.379+0200] {processor.py:829} INFO - Processing file /home/frederic/airflow_venv/lib/python3.10/site-packages/airflow/example_dags/plugins/workday.py for tasks to queue
[2026-05-29T10:07:43.380+0200] {logging_mixin.py:151} INFO - [2026-05-29T10:07:43.379+0200] {dagbag.py:539} INFO - Filling up the DagBag from /home/frederic/airflow_venv/lib/python3.10/site-packages/airflow/example_dags/plugins/workday.py
[2026-05-29T10:07:43.382+0200] {logging_mixin.py:151} INFO - [2026-05-29T10:07:43.382+0200] {workday.py:36} WARNING - Could not import pandas. Holidays will not be considered.
[2026-05-29T10:07:43.382+0200] {processor.py:841} WARNING - No viable dags retrieved from /home/frederic/airflow_venv/lib/python3.10/site-packages/airflow/example_dags/plugins/workday.py
[2026-05-29T10:07:43.390+0200] {processor.py:179} INFO - Processing /home/frederic/airflow_venv/lib/python3.10/site-packages/airflow/example_dags/plugins/workday.py took 0.015 seconds
[2026-05-29T10:08:15.969+0200] {processor.py:157} INFO - Started process (PID=691647) to work on /home/frederic/airflow_venv/lib/python3.10/site-packages/airflow/example_dags/plugins/workday.py
[2026-05-29T10:08:15.970+0200] {processor.py:829} INFO - Processing file /home/frederic/airflow_venv/lib/python3.10/site-packages/airflow/example_dags/plugins/workday.py for tasks to queue
[2026-05-29T10:08:15.971+0200] {logging_mixin.py:151} INFO - [2026-05-29T10:08:15.970+0200] {dagbag.py:539} INFO - Filling up the DagBag from /home/frederic/airflow_venv/lib/python3.10/site-packages/airflow/example_dags/plugins/workday.py
[2026-05-29T10:08:15.973+0200] {logging_mixin.py:151} INFO - [2026-05-29T10:08:15.973+0200] {workday.py:36} WARNING - Could not import pandas. Holidays will not be considered.
[2026-05-29T10:08:15.973+0200] {processor.py:841} WARNING - No viable dags retrieved from /home/frederic/airflow_venv/lib/python3.10/site-packages/airflow/example_dags/plugins/workday.py
[2026-05-29T10:08:15.981+0200] {processor.py:179} INFO - Processing /home/frederic/airflow_venv/lib/python3.10/site-packages/airflow/example_dags/plugins/workday.py took 0.015 seconds
[2026-05-29T10:09:01.076+0200] {processor.py:157} INFO - Started process (PID=692183) to work on /home/frederic/airflow_venv/lib/python3.10/site-packages/airflow/example_dags/plugins/workday.py
[2026-05-29T10:09:01.079+0200] {processor.py:829} INFO - Processing file /home/frederic/airflow_venv/lib/python3.10/site-packages/airflow/example_dags/plugins/workday.py for tasks to queue
[2026-05-29T10:09:01.080+0200] {logging_mixin.py:151} INFO - [2026-05-29T10:09:01.080+0200] {dagbag.py:539} INFO - Filling up the DagBag from /home/frederic/airflow_venv/lib/python3.10/site-packages/airflow/example_dags/plugins/workday.py
[2026-05-29T10:09:01.083+0200] {logging_mixin.py:151} INFO - [2026-05-29T10:09:01.083+0200] {workday.py:36} WARNING - Could not import pandas. Holidays will not be considered.
[2026-05-29T10:09:01.084+0200] {processor.py:841} WARNING - No viable dags retrieved from /home/frederic/airflow_venv/lib/python3.10/site-packages/airflow/example_dags/plugins/workday.py
[2026-05-29T10:09:01.091+0200] {processor.py:179} INFO - Processing /home/frederic/airflow_venv/lib/python3.10/site-packages/airflow/example_dags/plugins/workday.py took 0.017 seconds
[2026-05-29T10:09:31.193+0200] {processor.py:157} INFO - Started process (PID=692503) to work on /home/frederic/airflow_venv/lib/python3.10/site-packages/airflow/example_dags/plugins/workday.py
[2026-05-29T10:09:31.193+0200] {processor.py:829} INFO - Processing file /home/frederic/airflow_venv/lib/python3.10/site-packages/airflow/example_dags/plugins/workday.py for tasks to queue
[2026-05-29T10:09:31.194+0200] {logging_mixin.py:151} INFO - [2026-05-29T10:09:31.194+0200] {dagbag.py:539} INFO - Filling up the DagBag from /home/frederic/airflow_venv/lib/python3.10/site-packages/airflow/example_dags/plugins/workday.py
[2026-05-29T10:09:31.196+0200] {logging_mixin.py:151} INFO - [2026-05-29T10:09:31.196+0200] {workday.py:36} WARNING - Could not import pandas. Holidays will not be considered.
[2026-05-29T10:09:31.197+0200] {processor.py:841} WARNING - No viable dags retrieved from /home/frederic/airflow_venv/lib/python3.10/site-packages/airflow/example_dags/plugins/workday.py
[2026-05-29T10:09:31.207+0200] {processor.py:179} INFO - Processing /home/frederic/airflow_venv/lib/python3.10/site-packages/airflow/example_dags/plugins/workday.py took 0.016 seconds
[2026-05-29T10:10:05.329+0200] {processor.py:157} INFO - Started process (PID=692910) to work on /home/frederic/airflow_venv/lib/python3.10/site-packages/airflow/example_dags/plugins/workday.py
[2026-05-29T10:10:05.330+0200] {processor.py:829} INFO - Processing file /home/frederic/airflow_venv/lib/python3.10/site-packages/airflow/example_dags/plugins/workday.py for tasks to queue
[2026-05-29T10:10:05.331+0200] {logging_mixin.py:151} INFO - [2026-05-29T10:10:05.331+0200] {dagbag.py:539} INFO - Filling up the DagBag from /home/frederic/airflow_venv/lib/python3.10/site-packages/airflow/example_dags/plugins/workday.py
[2026-05-29T10:10:05.334+0200] {logging_mixin.py:151} INFO - [2026-05-29T10:10:05.334+0200] {workday.py:36} WARNING - Could not import pandas. Holidays will not be considered.
[2026-05-29T10:10:05.335+0200] {processor.py:841} WARNING - No viable dags retrieved from /home/frederic/airflow_venv/lib/python3.10/site-packages/airflow/example_dags/plugins/workday.py
[2026-05-29T10:10:05.343+0200] {processor.py:179} INFO - Processing /home/frederic/airflow_venv/lib/python3.10/site-packages/airflow/example_dags/plugins/workday.py took 0.016 seconds
[2026-05-29T10:10:35.611+0200] {processor.py:157} INFO - Started process (PID=693469) to work on /home/frederic/airflow_venv/lib/python3.10/site-packages/airflow/example_dags/plugins/workday.py
[2026-05-29T10:10:35.612+0200] {processor.py:829} INFO - Processing file /home/frederic/airflow_venv/lib/python3.10/site-packages/airflow/example_dags/plugins/workday.py for tasks to queue
[2026-05-29T10:10:35.613+0200] {logging_mixin.py:151} INFO - [2026-05-29T10:10:35.612+0200] {dagbag.py:539} INFO - Filling up the DagBag from /home/frederic/airflow_venv/lib/python3.10/site-packages/airflow/example_dags/plugins/workday.py
[2026-05-29T10:10:35.616+0200] {logging_mixin.py:151} INFO - [2026-05-29T10:10:35.615+0200] {workday.py:36} WARNING - Could not import pandas. Holidays will not be considered.
[2026-05-29T10:10:35.616+0200] {processor.py:841} WARNING - No viable dags retrieved from /home/frederic/airflow_venv/lib/python3.10/site-packages/airflow/example_dags/plugins/workday.py
[2026-05-29T10:10:35.624+0200] {processor.py:179} INFO - Processing /home/frederic/airflow_venv/lib/python3.10/site-packages/airflow/example_dags/plugins/workday.py took 0.018 seconds
[2026-05-29T10:11:09.304+0200] {processor.py:157} INFO - Started process (PID=694193) to work on /home/frederic/airflow_venv/lib/python3.10/site-packages/airflow/example_dags/plugins/workday.py
[2026-05-29T10:11:09.308+0200] {processor.py:829} INFO - Processing file /home/frederic/airflow_venv/lib/python3.10/site-packages/airflow/example_dags/plugins/workday.py for tasks to queue
[2026-05-29T10:11:09.309+0200] {logging_mixin.py:151} INFO - [2026-05-29T10:11:09.309+0200] {dagbag.py:539} INFO - Filling up the DagBag from /home/frederic/airflow_venv/lib/python3.10/site-packages/airflow/example_dags/plugins/workday.py
[2026-05-29T10:11:09.312+0200] {logging_mixin.py:151} INFO - [2026-05-29T10:11:09.311+0200] {workday.py:36} WARNING - Could not import pandas. Holidays will not be considered.
[2026-05-29T10:11:09.312+0200] {processor.py:841} WARNING - No viable dags retrieved from /home/frederic/airflow_venv/lib/python3.10/site-packages/airflow/example_dags/plugins/workday.py
[2026-05-29T10:11:09.320+0200] {processor.py:179} INFO - Processing /home/frederic/airflow_venv/lib/python3.10/site-packages/airflow/example_dags/plugins/workday.py took 0.018 seconds
[2026-05-29T10:11:41.568+0200] {processor.py:157} INFO - Started process (PID=694843) to work on /home/frederic/airflow_venv/lib/python3.10/site-packages/airflow/example_dags/plugins/workday.py
[2026-05-29T10:11:41.569+0200] {processor.py:829} INFO - Processing file /home/frederic/airflow_venv/lib/python3.10/site-packages/airflow/example_dags/plugins/workday.py for tasks to queue
[2026-05-29T10:11:41.569+0200] {logging_mixin.py:151} INFO - [2026-05-29T10:11:41.569+0200] {dagbag.py:539} INFO - Filling up the DagBag from /home/frederic/airflow_venv/lib/python3.10/site-packages/airflow/example_dags/plugins/workday.py
[2026-05-29T10:11:41.571+0200] {logging_mixin.py:151} INFO - [2026-05-29T10:11:41.571+0200] {workday.py:36} WARNING - Could not import pandas. Holidays will not be considered.
[2026-05-29T10:11:41.572+0200] {processor.py:841} WARNING - No viable dags retrieved from /home/frederic/airflow_venv/lib/python3.10/site-packages/airflow/example_dags/plugins/workday.py
[2026-05-29T10:11:41.579+0200] {processor.py:179} INFO - Processing /home/frederic/airflow_venv/lib/python3.10/site-packages/airflow/example_dags/plugins/workday.py took 0.014 seconds
[2026-05-29T10:12:14.625+0200] {processor.py:157} INFO - Started process (PID=695388) to work on /home/frederic/airflow_venv/lib/python3.10/site-packages/airflow/example_dags/plugins/workday.py
[2026-05-29T10:12:14.626+0200] {processor.py:829} INFO - Processing file /home/frederic/airflow_venv/lib/python3.10/site-packages/airflow/example_dags/plugins/workday.py for tasks to queue
[2026-05-29T10:12:14.627+0200] {logging_mixin.py:151} INFO - [2026-05-29T10:12:14.626+0200] {dagbag.py:539} INFO - Filling up the DagBag from /home/frederic/airflow_venv/lib/python3.10/site-packages/airflow/example_dags/plugins/workday.py
[2026-05-29T10:12:14.629+0200] {logging_mixin.py:151} INFO - [2026-05-29T10:12:14.629+0200] {workday.py:36} WARNING - Could not import pandas. Holidays will not be considered.
[2026-05-29T10:12:14.629+0200] {processor.py:841} WARNING - No viable dags retrieved from /home/frederic/airflow_venv/lib/python3.10/site-packages/airflow/example_dags/plugins/workday.py
[2026-05-29T10:12:14.636+0200] {processor.py:179} INFO - Processing /home/frederic/airflow_venv/lib/python3.10/site-packages/airflow/example_dags/plugins/workday.py took 0.013 seconds
[2026-05-29T10:12:53.347+0200] {processor.py:157} INFO - Started process (PID=695742) to work on /home/frederic/airflow_venv/lib/python3.10/site-packages/airflow/example_dags/plugins/workday.py
[2026-05-29T10:12:53.347+0200] {processor.py:829} INFO - Processing file /home/frederic/airflow_venv/lib/python3.10/site-packages/airflow/example_dags/plugins/workday.py for tasks to queue
[2026-05-29T10:12:53.348+0200] {logging_mixin.py:151} INFO - [2026-05-29T10:12:53.348+0200] {dagbag.py:539} INFO - Filling up the DagBag from /home/frederic/airflow_venv/lib/python3.10/site-packages/airflow/example_dags/plugins/workday.py
[2026-05-29T10:12:53.350+0200] {logging_mixin.py:151} INFO - [2026-05-29T10:12:53.350+0200] {workday.py:36} WARNING - Could not import pandas. Holidays will not be considered.
[2026-05-29T10:12:53.350+0200] {processor.py:841} WARNING - No viable dags retrieved from /home/frederic/airflow_venv/lib/python3.10/site-packages/airflow/example_dags/plugins/workday.py
[2026-05-29T10:12:53.357+0200] {processor.py:179} INFO - Processing /home/frederic/airflow_venv/lib/python3.10/site-packages/airflow/example_dags/plugins/workday.py took 0.013 seconds
[2026-05-29T10:13:33.304+0200] {processor.py:157} INFO - Started process (PID=696212) to work on /home/frederic/airflow_venv/lib/python3.10/site-packages/airflow/example_dags/plugins/workday.py
[2026-05-29T10:13:33.305+0200] {processor.py:829} INFO - Processing file /home/frederic/airflow_venv/lib/python3.10/site-packages/airflow/example_dags/plugins/workday.py for tasks to queue
[2026-05-29T10:13:33.306+0200] {logging_mixin.py:151} INFO - [2026-05-29T10:13:33.305+0200] {dagbag.py:539} INFO - Filling up the DagBag from /home/frederic/airflow_venv/lib/python3.10/site-packages/airflow/example_dags/plugins/workday.py
[2026-05-29T10:13:33.308+0200] {logging_mixin.py:151} INFO - [2026-05-29T10:13:33.307+0200] {workday.py:36} WARNING - Could not import pandas. Holidays will not be considered.
[2026-05-29T10:13:33.308+0200] {processor.py:841} WARNING - No viable dags retrieved from /home/frederic/airflow_venv/lib/python3.10/site-packages/airflow/example_dags/plugins/workday.py
[2026-05-29T10:13:33.315+0200] {processor.py:179} INFO - Processing /home/frederic/airflow_venv/lib/python3.10/site-packages/airflow/example_dags/plugins/workday.py took 0.013 seconds
[2026-05-29T10:14:08.725+0200] {processor.py:157} INFO - Started process (PID=696661) to work on /home/frederic/airflow_venv/lib/python3.10/site-packages/airflow/example_dags/plugins/workday.py
[2026-05-29T10:14:08.726+0200] {processor.py:829} INFO - Processing file /home/frederic/airflow_venv/lib/python3.10/site-packages/airflow/example_dags/plugins/workday.py for tasks to queue
[2026-05-29T10:14:08.726+0200] {logging_mixin.py:151} INFO - [2026-05-29T10:14:08.726+0200] {dagbag.py:539} INFO - Filling up the DagBag from /home/frederic/airflow_venv/lib/python3.10/site-packages/airflow/example_dags/plugins/workday.py
[2026-05-29T10:14:08.729+0200] {logging_mixin.py:151} INFO - [2026-05-29T10:14:08.729+0200] {workday.py:36} WARNING - Could not import pandas. Holidays will not be considered.
[2026-05-29T10:14:08.730+0200] {processor.py:841} WARNING - No viable dags retrieved from /home/frederic/airflow_venv/lib/python3.10/site-packages/airflow/example_dags/plugins/workday.py
[2026-05-29T10:14:08.740+0200] {processor.py:179} INFO - Processing /home/frederic/airflow_venv/lib/python3.10/site-packages/airflow/example_dags/plugins/workday.py took 0.019 seconds
[2026-05-29T10:14:42.123+0200] {processor.py:157} INFO - Started process (PID=697103) to work on /home/frederic/airflow_venv/lib/python3.10/site-packages/airflow/example_dags/plugins/workday.py
[2026-05-29T10:14:42.124+0200] {processor.py:829} INFO - Processing file /home/frederic/airflow_venv/lib/python3.10/site-packages/airflow/example_dags/plugins/workday.py for tasks to queue
[2026-05-29T10:14:42.125+0200] {logging_mixin.py:151} INFO - [2026-05-29T10:14:42.125+0200] {dagbag.py:539} INFO - Filling up the DagBag from /home/frederic/airflow_venv/lib/python3.10/site-packages/airflow/example_dags/plugins/workday.py
[2026-05-29T10:14:42.127+0200] {logging_mixin.py:151} INFO - [2026-05-29T10:14:42.127+0200] {workday.py:36} WARNING - Could not import pandas. Holidays will not be considered.
[2026-05-29T10:14:42.128+0200] {processor.py:841} WARNING - No viable dags retrieved from /home/frederic/airflow_venv/lib/python3.10/site-packages/airflow/example_dags/plugins/workday.py
[2026-05-29T10:14:42.137+0200] {processor.py:179} INFO - Processing /home/frederic/airflow_venv/lib/python3.10/site-packages/airflow/example_dags/plugins/workday.py took 0.017 seconds
[2026-05-29T10:15:13.675+0200] {processor.py:157} INFO - Started process (PID=697459) to work on /home/frederic/airflow_venv/lib/python3.10/site-packages/airflow/example_dags/plugins/workday.py
[2026-05-29T10:15:13.677+0200] {processor.py:829} INFO - Processing file /home/frederic/airflow_venv/lib/python3.10/site-packages/airflow/example_dags/plugins/workday.py for tasks to queue
[2026-05-29T10:15:13.679+0200] {logging_mixin.py:151} INFO - [2026-05-29T10:15:13.678+0200] {dagbag.py:539} INFO - Filling up the DagBag from /home/frederic/airflow_venv/lib/python3.10/site-packages/airflow/example_dags/plugins/workday.py
[2026-05-29T10:15:13.684+0200] {logging_mixin.py:151} INFO - [2026-05-29T10:15:13.683+0200] {workday.py:36} WARNING - Could not import pandas. Holidays will not be considered.
[2026-05-29T10:15:13.684+0200] {processor.py:841} WARNING - No viable dags retrieved from /home/frederic/airflow_venv/lib/python3.10/site-packages/airflow/example_dags/plugins/workday.py
[2026-05-29T10:15:13.693+0200] {processor.py:179} INFO - Processing /home/frederic/airflow_venv/lib/python3.10/site-packages/airflow/example_dags/plugins/workday.py took 0.023 seconds
[2026-05-29T10:15:47.145+0200] {processor.py:157} INFO - Started process (PID=698067) to work on /home/frederic/airflow_venv/lib/python3.10/site-packages/airflow/example_dags/plugins/workday.py
[2026-05-29T10:15:47.146+0200] {processor.py:829} INFO - Processing file /home/frederic/airflow_venv/lib/python3.10/site-packages/airflow/example_dags/plugins/workday.py for tasks to queue
[2026-05-29T10:15:47.146+0200] {logging_mixin.py:151} INFO - [2026-05-29T10:15:47.146+0200] {dagbag.py:539} INFO - Filling up the DagBag from /home/frederic/airflow_venv/lib/python3.10/site-packages/airflow/example_dags/plugins/workday.py
[2026-05-29T10:15:47.149+0200] {logging_mixin.py:151} INFO - [2026-05-29T10:15:47.149+0200] {workday.py:36} WARNING - Could not import pandas. Holidays will not be considered.
[2026-05-29T10:15:47.150+0200] {processor.py:841} WARNING - No viable dags retrieved from /home/frederic/airflow_venv/lib/python3.10/site-packages/airflow/example_dags/plugins/workday.py
[2026-05-29T10:15:47.157+0200] {processor.py:179} INFO - Processing /home/frederic/airflow_venv/lib/python3.10/site-packages/airflow/example_dags/plugins/workday.py took 0.015 seconds
[2026-05-29T10:16:20.148+0200] {processor.py:157} INFO - Started process (PID=698596) to work on /home/frederic/airflow_venv/lib/python3.10/site-packages/airflow/example_dags/plugins/workday.py
[2026-05-29T10:16:20.148+0200] {processor.py:829} INFO - Processing file /home/frederic/airflow_venv/lib/python3.10/site-packages/airflow/example_dags/plugins/workday.py for tasks to queue
[2026-05-29T10:16:20.149+0200] {logging_mixin.py:151} INFO - [2026-05-29T10:16:20.149+0200] {dagbag.py:539} INFO - Filling up the DagBag from /home/frederic/airflow_venv/lib/python3.10/site-packages/airflow/example_dags/plugins/workday.py
[2026-05-29T10:16:20.151+0200] {logging_mixin.py:151} INFO - [2026-05-29T10:16:20.151+0200] {workday.py:36} WARNING - Could not import pandas. Holidays will not be considered.
[2026-05-29T10:16:20.151+0200] {processor.py:841} WARNING - No viable dags retrieved from /home/frederic/airflow_venv/lib/python3.10/site-packages/airflow/example_dags/plugins/workday.py
[2026-05-29T10:16:20.159+0200] {processor.py:179} INFO - Processing /home/frederic/airflow_venv/lib/python3.10/site-packages/airflow/example_dags/plugins/workday.py took 0.013 seconds
[2026-05-29T10:17:05.072+0200] {processor.py:157} INFO - Started process (PID=699446) to work on /home/frederic/airflow_venv/lib/python3.10/site-packages/airflow/example_dags/plugins/workday.py
[2026-05-29T10:17:05.074+0200] {processor.py:829} INFO - Processing file /home/frederic/airflow_venv/lib/python3.10/site-packages/airflow/example_dags/plugins/workday.py for tasks to queue
[2026-05-29T10:17:05.074+0200] {logging_mixin.py:151} INFO - [2026-05-29T10:17:05.074+0200] {dagbag.py:539} INFO - Filling up the DagBag from /home/frederic/airflow_venv/lib/python3.10/site-packages/airflow/example_dags/plugins/workday.py
[2026-05-29T10:17:05.077+0200] {logging_mixin.py:151} INFO - [2026-05-29T10:17:05.077+0200] {workday.py:36} WARNING - Could not import pandas. Holidays will not be considered.
[2026-05-29T10:17:05.077+0200] {processor.py:841} WARNING - No viable dags retrieved from /home/frederic/airflow_venv/lib/python3.10/site-packages/airflow/example_dags/plugins/workday.py
[2026-05-29T10:17:05.084+0200] {processor.py:179} INFO - Processing /home/frederic/airflow_venv/lib/python3.10/site-packages/airflow/example_dags/plugins/workday.py took 0.014 seconds
[2026-05-29T10:17:50.443+0200] {processor.py:157} INFO - Started process (PID=700423) to work on /home/frederic/airflow_venv/lib/python3.10/site-packages/airflow/example_dags/plugins/workday.py
[2026-05-29T10:17:50.444+0200] {processor.py:829} INFO - Processing file /home/frederic/airflow_venv/lib/python3.10/site-packages/airflow/example_dags/plugins/workday.py for tasks to queue
[2026-05-29T10:17:50.445+0200] {logging_mixin.py:151} INFO - [2026-05-29T10:17:50.445+0200] {dagbag.py:539} INFO - Filling up the DagBag from /home/frederic/airflow_venv/lib/python3.10/site-packages/airflow/example_dags/plugins/workday.py
[2026-05-29T10:17:50.448+0200] {logging_mixin.py:151} INFO - [2026-05-29T10:17:50.447+0200] {workday.py:36} WARNING - Could not import pandas. Holidays will not be considered.
[2026-05-29T10:17:50.448+0200] {processor.py:841} WARNING - No viable dags retrieved from /home/frederic/airflow_venv/lib/python3.10/site-packages/airflow/example_dags/plugins/workday.py
[2026-05-29T10:17:50.457+0200] {processor.py:179} INFO - Processing /home/frederic/airflow_venv/lib/python3.10/site-packages/airflow/example_dags/plugins/workday.py took 0.017 seconds
[2026-05-29T10:18:22.388+0200] {processor.py:157} INFO - Started process (PID=700829) to work on /home/frederic/airflow_venv/lib/python3.10/site-packages/airflow/example_dags/plugins/workday.py
[2026-05-29T10:18:22.389+0200] {processor.py:829} INFO - Processing file /home/frederic/airflow_venv/lib/python3.10/site-packages/airflow/example_dags/plugins/workday.py for tasks to queue
[2026-05-29T10:18:22.389+0200] {logging_mixin.py:151} INFO - [2026-05-29T10:18:22.389+0200] {dagbag.py:539} INFO - Filling up the DagBag from /home/frederic/airflow_venv/lib/python3.10/site-packages/airflow/example_dags/plugins/workday.py
[2026-05-29T10:18:22.391+0200] {logging_mixin.py:151} INFO - [2026-05-29T10:18:22.391+0200] {workday.py:36} WARNING - Could not import pandas. Holidays will not be considered.
[2026-05-29T10:18:22.392+0200] {processor.py:841} WARNING - No viable dags retrieved from /home/frederic/airflow_venv/lib/python3.10/site-packages/airflow/example_dags/plugins/workday.py
[2026-05-29T10:18:22.398+0200] {processor.py:179} INFO - Processing /home/frederic/airflow_venv/lib/python3.10/site-packages/airflow/example_dags/plugins/workday.py took 0.013 seconds
[2026-05-29T10:19:07.706+0200] {processor.py:157} INFO - Started process (PID=701280) to work on /home/frederic/airflow_venv/lib/python3.10/site-packages/airflow/example_dags/plugins/workday.py
[2026-05-29T10:19:07.707+0200] {processor.py:829} INFO - Processing file /home/frederic/airflow_venv/lib/python3.10/site-packages/airflow/example_dags/plugins/workday.py for tasks to queue
[2026-05-29T10:19:07.708+0200] {logging_mixin.py:151} INFO - [2026-05-29T10:19:07.708+0200] {dagbag.py:539} INFO - Filling up the DagBag from /home/frederic/airflow_venv/lib/python3.10/site-packages/airflow/example_dags/plugins/workday.py
[2026-05-29T10:19:07.710+0200] {logging_mixin.py:151} INFO - [2026-05-29T10:19:07.710+0200] {workday.py:36} WARNING - Could not import pandas. Holidays will not be considered.
[2026-05-29T10:19:07.711+0200] {processor.py:841} WARNING - No viable dags retrieved from /home/frederic/airflow_venv/lib/python3.10/site-packages/airflow/example_dags/plugins/workday.py
[2026-05-29T10:19:07.718+0200] {processor.py:179} INFO - Processing /home/frederic/airflow_venv/lib/python3.10/site-packages/airflow/example_dags/plugins/workday.py took 0.014 seconds
[2026-05-29T10:19:39.551+0200] {processor.py:157} INFO - Started process (PID=701558) to work on /home/frederic/airflow_venv/lib/python3.10/site-packages/airflow/example_dags/plugins/workday.py
[2026-05-29T10:19:39.552+0200] {processor.py:829} INFO - Processing file /home/frederic/airflow_venv/lib/python3.10/site-packages/airflow/example_dags/plugins/workday.py for tasks to queue
[2026-05-29T10:19:39.553+0200] {logging_mixin.py:151} INFO - [2026-05-29T10:19:39.552+0200] {dagbag.py:539} INFO - Filling up the DagBag from /home/frederic/airflow_venv/lib/python3.10/site-packages/airflow/example_dags/plugins/workday.py
[2026-05-29T10:19:39.555+0200] {logging_mixin.py:151} INFO - [2026-05-29T10:19:39.555+0200] {workday.py:36} WARNING - Could not import pandas. Holidays will not be considered.
[2026-05-29T10:19:39.555+0200] {processor.py:841} WARNING - No viable dags retrieved from /home/frederic/airflow_venv/lib/python3.10/site-packages/airflow/example_dags/plugins/workday.py
[2026-05-29T10:19:39.563+0200] {processor.py:179} INFO - Processing /home/frederic/airflow_venv/lib/python3.10/site-packages/airflow/example_dags/plugins/workday.py took 0.014 seconds
[2026-05-29T10:20:11.805+0200] {processor.py:157} INFO - Started process (PID=702071) to work on /home/frederic/airflow_venv/lib/python3.10/site-packages/airflow/example_dags/plugins/workday.py
[2026-05-29T10:20:11.807+0200] {processor.py:829} INFO - Processing file /home/frederic/airflow_venv/lib/python3.10/site-packages/airflow/example_dags/plugins/workday.py for tasks to queue
[2026-05-29T10:20:11.809+0200] {logging_mixin.py:151} INFO - [2026-05-29T10:20:11.808+0200] {dagbag.py:539} INFO - Filling up the DagBag from /home/frederic/airflow_venv/lib/python3.10/site-packages/airflow/example_dags/plugins/workday.py
[2026-05-29T10:20:11.815+0200] {logging_mixin.py:151} INFO - [2026-05-29T10:20:11.814+0200] {workday.py:36} WARNING - Could not import pandas. Holidays will not be considered.
[2026-05-29T10:20:11.815+0200] {processor.py:841} WARNING - No viable dags retrieved from /home/frederic/airflow_venv/lib/python3.10/site-packages/airflow/example_dags/plugins/workday.py
[2026-05-29T10:20:11.826+0200] {processor.py:179} INFO - Processing /home/frederic/airflow_venv/lib/python3.10/site-packages/airflow/example_dags/plugins/workday.py took 0.025 seconds
[2026-05-29T10:20:46.509+0200] {processor.py:157} INFO - Started process (PID=702377) to work on /home/frederic/airflow_venv/lib/python3.10/site-packages/airflow/example_dags/plugins/workday.py
[2026-05-29T10:20:46.510+0200] {processor.py:829} INFO - Processing file /home/frederic/airflow_venv/lib/python3.10/site-packages/airflow/example_dags/plugins/workday.py for tasks to queue
[2026-05-29T10:20:46.511+0200] {logging_mixin.py:151} INFO - [2026-05-29T10:20:46.511+0200] {dagbag.py:539} INFO - Filling up the DagBag from /home/frederic/airflow_venv/lib/python3.10/site-packages/airflow/example_dags/plugins/workday.py
[2026-05-29T10:20:46.513+0200] {logging_mixin.py:151} INFO - [2026-05-29T10:20:46.513+0200] {workday.py:36} WARNING - Could not import pandas. Holidays will not be considered.
[2026-05-29T10:20:46.514+0200] {processor.py:841} WARNING - No viable dags retrieved from /home/frederic/airflow_venv/lib/python3.10/site-packages/airflow/example_dags/plugins/workday.py
[2026-05-29T10:20:46.522+0200] {processor.py:179} INFO - Processing /home/frederic/airflow_venv/lib/python3.10/site-packages/airflow/example_dags/plugins/workday.py took 0.015 seconds
[2026-05-29T10:21:19.324+0200] {processor.py:157} INFO - Started process (PID=702738) to work on /home/frederic/airflow_venv/lib/python3.10/site-packages/airflow/example_dags/plugins/workday.py
[2026-05-29T10:21:19.325+0200] {processor.py:829} INFO - Processing file /home/frederic/airflow_venv/lib/python3.10/site-packages/airflow/example_dags/plugins/workday.py for tasks to queue
[2026-05-29T10:21:19.326+0200] {logging_mixin.py:151} INFO - [2026-05-29T10:21:19.325+0200] {dagbag.py:539} INFO - Filling up the DagBag from /home/frederic/airflow_venv/lib/python3.10/site-packages/airflow/example_dags/plugins/workday.py
[2026-05-29T10:21:19.329+0200] {logging_mixin.py:151} INFO - [2026-05-29T10:21:19.328+0200] {workday.py:36} WARNING - Could not import pandas. Holidays will not be considered.
[2026-05-29T10:21:19.329+0200] {processor.py:841} WARNING - No viable dags retrieved from /home/frederic/airflow_venv/lib/python3.10/site-packages/airflow/example_dags/plugins/workday.py
[2026-05-29T10:21:19.338+0200] {processor.py:179} INFO - Processing /home/frederic/airflow_venv/lib/python3.10/site-packages/airflow/example_dags/plugins/workday.py took 0.016 seconds
[2026-05-29T10:21:50.964+0200] {processor.py:157} INFO - Started process (PID=703019) to work on /home/frederic/airflow_venv/lib/python3.10/site-packages/airflow/example_dags/plugins/workday.py
[2026-05-29T10:21:50.965+0200] {processor.py:829} INFO - Processing file /home/frederic/airflow_venv/lib/python3.10/site-packages/airflow/example_dags/plugins/workday.py for tasks to queue
[2026-05-29T10:21:50.966+0200] {logging_mixin.py:151} INFO - [2026-05-29T10:21:50.966+0200] {dagbag.py:539} INFO - Filling up the DagBag from /home/frederic/airflow_venv/lib/python3.10/site-packages/airflow/example_dags/plugins/workday.py
[2026-05-29T10:21:50.968+0200] {logging_mixin.py:151} INFO - [2026-05-29T10:21:50.968+0200] {workday.py:36} WARNING - Could not import pandas. Holidays will not be considered.
[2026-05-29T10:21:50.969+0200] {processor.py:841} WARNING - No viable dags retrieved from /home/frederic/airflow_venv/lib/python3.10/site-packages/airflow/example_dags/plugins/workday.py
[2026-05-29T10:21:50.976+0200] {processor.py:179} INFO - Processing /home/frederic/airflow_venv/lib/python3.10/site-packages/airflow/example_dags/plugins/workday.py took 0.014 seconds
[2026-05-29T10:22:22.434+0200] {processor.py:157} INFO - Started process (PID=703365) to work on /home/frederic/airflow_venv/lib/python3.10/site-packages/airflow/example_dags/plugins/workday.py
[2026-05-29T10:22:22.434+0200] {processor.py:829} INFO - Processing file /home/frederic/airflow_venv/lib/python3.10/site-packages/airflow/example_dags/plugins/workday.py for tasks to queue
[2026-05-29T10:22:22.435+0200] {logging_mixin.py:151} INFO - [2026-05-29T10:22:22.435+0200] {dagbag.py:539} INFO - Filling up the DagBag from /home/frederic/airflow_venv/lib/python3.10/site-packages/airflow/example_dags/plugins/workday.py
[2026-05-29T10:22:22.437+0200] {logging_mixin.py:151} INFO - [2026-05-29T10:22:22.437+0200] {workday.py:36} WARNING - Could not import pandas. Holidays will not be considered.
[2026-05-29T10:22:22.438+0200] {processor.py:841} WARNING - No viable dags retrieved from /home/frederic/airflow_venv/lib/python3.10/site-packages/airflow/example_dags/plugins/workday.py
[2026-05-29T10:22:22.446+0200] {processor.py:179} INFO - Processing /home/frederic/airflow_venv/lib/python3.10/site-packages/airflow/example_dags/plugins/workday.py took 0.014 seconds
[2026-05-29T10:22:56.042+0200] {processor.py:157} INFO - Started process (PID=703702) to work on /home/frederic/airflow_venv/lib/python3.10/site-packages/airflow/example_dags/plugins/workday.py
[2026-05-29T10:22:56.043+0200] {processor.py:829} INFO - Processing file /home/frederic/airflow_venv/lib/python3.10/site-packages/airflow/example_dags/plugins/workday.py for tasks to queue
[2026-05-29T10:22:56.044+0200] {logging_mixin.py:151} INFO - [2026-05-29T10:22:56.043+0200] {dagbag.py:539} INFO - Filling up the DagBag from /home/frederic/airflow_venv/lib/python3.10/site-packages/airflow/example_dags/plugins/workday.py
[2026-05-29T10:22:56.048+0200] {logging_mixin.py:151} INFO - [2026-05-29T10:22:56.048+0200] {workday.py:36} WARNING - Could not import pandas. Holidays will not be considered.
[2026-05-29T10:22:56.049+0200] {processor.py:841} WARNING - No viable dags retrieved from /home/frederic/airflow_venv/lib/python3.10/site-packages/airflow/example_dags/plugins/workday.py
[2026-05-29T10:22:56.059+0200] {processor.py:179} INFO - Processing /home/frederic/airflow_venv/lib/python3.10/site-packages/airflow/example_dags/plugins/workday.py took 0.020 seconds
[2026-05-29T10:23:27.549+0200] {processor.py:157} INFO - Started process (PID=704105) to work on /home/frederic/airflow_venv/lib/python3.10/site-packages/airflow/example_dags/plugins/workday.py
[2026-05-29T10:23:27.551+0200] {processor.py:829} INFO - Processing file /home/frederic/airflow_venv/lib/python3.10/site-packages/airflow/example_dags/plugins/workday.py for tasks to queue
[2026-05-29T10:23:27.552+0200] {logging_mixin.py:151} INFO - [2026-05-29T10:23:27.552+0200] {dagbag.py:539} INFO - Filling up the DagBag from /home/frederic/airflow_venv/lib/python3.10/site-packages/airflow/example_dags/plugins/workday.py
[2026-05-29T10:23:27.555+0200] {logging_mixin.py:151} INFO - [2026-05-29T10:23:27.555+0200] {workday.py:36} WARNING - Could not import pandas. Holidays will not be considered.
[2026-05-29T10:23:27.556+0200] {processor.py:841} WARNING - No viable dags retrieved from /home/frederic/airflow_venv/lib/python3.10/site-packages/airflow/example_dags/plugins/workday.py
[2026-05-29T10:23:27.566+0200] {processor.py:179} INFO - Processing /home/frederic/airflow_venv/lib/python3.10/site-packages/airflow/example_dags/plugins/workday.py took 0.020 seconds
[2026-05-29T10:24:00.306+0200] {processor.py:157} INFO - Started process (PID=704400) to work on /home/frederic/airflow_venv/lib/python3.10/site-packages/airflow/example_dags/plugins/workday.py
[2026-05-29T10:24:00.308+0200] {processor.py:829} INFO - Processing file /home/frederic/airflow_venv/lib/python3.10/site-packages/airflow/example_dags/plugins/workday.py for tasks to queue
[2026-05-29T10:24:00.308+0200] {logging_mixin.py:151} INFO - [2026-05-29T10:24:00.308+0200] {dagbag.py:539} INFO - Filling up the DagBag from /home/frederic/airflow_venv/lib/python3.10/site-packages/airflow/example_dags/plugins/workday.py
[2026-05-29T10:24:00.312+0200] {logging_mixin.py:151} INFO - [2026-05-29T10:24:00.312+0200] {workday.py:36} WARNING - Could not import pandas. Holidays will not be considered.
[2026-05-29T10:24:00.313+0200] {processor.py:841} WARNING - No viable dags retrieved from /home/frederic/airflow_venv/lib/python3.10/site-packages/airflow/example_dags/plugins/workday.py
[2026-05-29T10:24:00.324+0200] {processor.py:179} INFO - Processing /home/frederic/airflow_venv/lib/python3.10/site-packages/airflow/example_dags/plugins/workday.py took 0.020 seconds
[2026-05-29T10:24:35.445+0200] {processor.py:157} INFO - Started process (PID=704756) to work on /home/frederic/airflow_venv/lib/python3.10/site-packages/airflow/example_dags/plugins/workday.py
[2026-05-29T10:24:35.446+0200] {processor.py:829} INFO - Processing file /home/frederic/airflow_venv/lib/python3.10/site-packages/airflow/example_dags/plugins/workday.py for tasks to queue
[2026-05-29T10:24:35.447+0200] {logging_mixin.py:151} INFO - [2026-05-29T10:24:35.447+0200] {dagbag.py:539} INFO - Filling up the DagBag from /home/frederic/airflow_venv/lib/python3.10/site-packages/airflow/example_dags/plugins/workday.py
[2026-05-29T10:24:35.449+0200] {logging_mixin.py:151} INFO - [2026-05-29T10:24:35.449+0200] {workday.py:36} WARNING - Could not import pandas. Holidays will not be considered.
[2026-05-29T10:24:35.450+0200] {processor.py:841} WARNING - No viable dags retrieved from /home/frederic/airflow_venv/lib/python3.10/site-packages/airflow/example_dags/plugins/workday.py
[2026-05-29T10:24:35.457+0200] {processor.py:179} INFO - Processing /home/frederic/airflow_venv/lib/python3.10/site-packages/airflow/example_dags/plugins/workday.py took 0.014 seconds
[2026-05-29T10:25:12.010+0200] {processor.py:157} INFO - Started process (PID=705144) to work on /home/frederic/airflow_venv/lib/python3.10/site-packages/airflow/example_dags/plugins/workday.py
[2026-05-29T10:25:12.012+0200] {processor.py:829} INFO - Processing file /home/frederic/airflow_venv/lib/python3.10/site-packages/airflow/example_dags/plugins/workday.py for tasks to queue
[2026-05-29T10:25:12.012+0200] {logging_mixin.py:151} INFO - [2026-05-29T10:25:12.012+0200] {dagbag.py:539} INFO - Filling up the DagBag from /home/frederic/airflow_venv/lib/python3.10/site-packages/airflow/example_dags/plugins/workday.py
[2026-05-29T10:25:12.016+0200] {logging_mixin.py:151} INFO - [2026-05-29T10:25:12.016+0200] {workday.py:36} WARNING - Could not import pandas. Holidays will not be considered.
[2026-05-29T10:25:12.017+0200] {processor.py:841} WARNING - No viable dags retrieved from /home/frederic/airflow_venv/lib/python3.10/site-packages/airflow/example_dags/plugins/workday.py
[2026-05-29T10:25:12.026+0200] {processor.py:179} INFO - Processing /home/frederic/airflow_venv/lib/python3.10/site-packages/airflow/example_dags/plugins/workday.py took 0.017 seconds
[2026-05-29T10:25:50.480+0200] {processor.py:157} INFO - Started process (PID=705503) to work on /home/frederic/airflow_venv/lib/python3.10/site-packages/airflow/example_dags/plugins/workday.py
[2026-05-29T10:25:50.481+0200] {processor.py:829} INFO - Processing file /home/frederic/airflow_venv/lib/python3.10/site-packages/airflow/example_dags/plugins/workday.py for tasks to queue
[2026-05-29T10:25:50.481+0200] {logging_mixin.py:151} INFO - [2026-05-29T10:25:50.481+0200] {dagbag.py:539} INFO - Filling up the DagBag from /home/frederic/airflow_venv/lib/python3.10/site-packages/airflow/example_dags/plugins/workday.py
[2026-05-29T10:25:50.484+0200] {logging_mixin.py:151} INFO - [2026-05-29T10:25:50.484+0200] {workday.py:36} WARNING - Could not import pandas. Holidays will not be considered.
[2026-05-29T10:25:50.484+0200] {processor.py:841} WARNING - No viable dags retrieved from /home/frederic/airflow_venv/lib/python3.10/site-packages/airflow/example_dags/plugins/workday.py
[2026-05-29T10:25:50.491+0200] {processor.py:179} INFO - Processing /home/frederic/airflow_venv/lib/python3.10/site-packages/airflow/example_dags/plugins/workday.py took 0.014 seconds
[2026-05-29T10:26:25.466+0200] {processor.py:157} INFO - Started process (PID=705875) to work on /home/frederic/airflow_venv/lib/python3.10/site-packages/airflow/example_dags/plugins/workday.py
[2026-05-29T10:26:25.467+0200] {processor.py:829} INFO - Processing file /home/frederic/airflow_venv/lib/python3.10/site-packages/airflow/example_dags/plugins/workday.py for tasks to queue
[2026-05-29T10:26:25.468+0200] {logging_mixin.py:151} INFO - [2026-05-29T10:26:25.467+0200] {dagbag.py:539} INFO - Filling up the DagBag from /home/frederic/airflow_venv/lib/python3.10/site-packages/airflow/example_dags/plugins/workday.py
[2026-05-29T10:26:25.470+0200] {logging_mixin.py:151} INFO - [2026-05-29T10:26:25.470+0200] {workday.py:36} WARNING - Could not import pandas. Holidays will not be considered.
[2026-05-29T10:26:25.470+0200] {processor.py:841} WARNING - No viable dags retrieved from /home/frederic/airflow_venv/lib/python3.10/site-packages/airflow/example_dags/plugins/workday.py
[2026-05-29T10:26:25.478+0200] {processor.py:179} INFO - Processing /home/frederic/airflow_venv/lib/python3.10/site-packages/airflow/example_dags/plugins/workday.py took 0.014 seconds
[2026-05-29T10:26:59.366+0200] {processor.py:157} INFO - Started process (PID=706182) to work on /home/frederic/airflow_venv/lib/python3.10/site-packages/airflow/example_dags/plugins/workday.py
[2026-05-29T10:26:59.367+0200] {processor.py:829} INFO - Processing file /home/frederic/airflow_venv/lib/python3.10/site-packages/airflow/example_dags/plugins/workday.py for tasks to queue
[2026-05-29T10:26:59.368+0200] {logging_mixin.py:151} INFO - [2026-05-29T10:26:59.368+0200] {dagbag.py:539} INFO - Filling up the DagBag from /home/frederic/airflow_venv/lib/python3.10/site-packages/airflow/example_dags/plugins/workday.py
[2026-05-29T10:26:59.370+0200] {logging_mixin.py:151} INFO - [2026-05-29T10:26:59.370+0200] {workday.py:36} WARNING - Could not import pandas. Holidays will not be considered.
[2026-05-29T10:26:59.371+0200] {processor.py:841} WARNING - No viable dags retrieved from /home/frederic/airflow_venv/lib/python3.10/site-packages/airflow/example_dags/plugins/workday.py
[2026-05-29T10:26:59.378+0200] {processor.py:179} INFO - Processing /home/frederic/airflow_venv/lib/python3.10/site-packages/airflow/example_dags/plugins/workday.py took 0.014 seconds
[2026-05-29T10:27:33.124+0200] {processor.py:157} INFO - Started process (PID=706534) to work on /home/frederic/airflow_venv/lib/python3.10/site-packages/airflow/example_dags/plugins/workday.py
[2026-05-29T10:27:33.125+0200] {processor.py:829} INFO - Processing file /home/frederic/airflow_venv/lib/python3.10/site-packages/airflow/example_dags/plugins/workday.py for tasks to queue
[2026-05-29T10:27:33.126+0200] {logging_mixin.py:151} INFO - [2026-05-29T10:27:33.125+0200] {dagbag.py:539} INFO - Filling up the DagBag from /home/frederic/airflow_venv/lib/python3.10/site-packages/airflow/example_dags/plugins/workday.py
[2026-05-29T10:27:33.128+0200] {logging_mixin.py:151} INFO - [2026-05-29T10:27:33.128+0200] {workday.py:36} WARNING - Could not import pandas. Holidays will not be considered.
[2026-05-29T10:27:33.129+0200] {processor.py:841} WARNING - No viable dags retrieved from /home/frederic/airflow_venv/lib/python3.10/site-packages/airflow/example_dags/plugins/workday.py
[2026-05-29T10:27:33.137+0200] {processor.py:179} INFO - Processing /home/frederic/airflow_venv/lib/python3.10/site-packages/airflow/example_dags/plugins/workday.py took 0.016 seconds
[2026-05-29T10:28:14.373+0200] {processor.py:157} INFO - Started process (PID=707021) to work on /home/frederic/airflow_venv/lib/python3.10/site-packages/airflow/example_dags/plugins/workday.py
[2026-05-29T10:28:14.374+0200] {processor.py:829} INFO - Processing file /home/frederic/airflow_venv/lib/python3.10/site-packages/airflow/example_dags/plugins/workday.py for tasks to queue
[2026-05-29T10:28:14.376+0200] {logging_mixin.py:151} INFO - [2026-05-29T10:28:14.375+0200] {dagbag.py:539} INFO - Filling up the DagBag from /home/frederic/airflow_venv/lib/python3.10/site-packages/airflow/example_dags/plugins/workday.py
[2026-05-29T10:28:14.379+0200] {logging_mixin.py:151} INFO - [2026-05-29T10:28:14.378+0200] {workday.py:36} WARNING - Could not import pandas. Holidays will not be considered.
[2026-05-29T10:28:14.379+0200] {processor.py:841} WARNING - No viable dags retrieved from /home/frederic/airflow_venv/lib/python3.10/site-packages/airflow/example_dags/plugins/workday.py
[2026-05-29T10:28:14.390+0200] {processor.py:179} INFO - Processing /home/frederic/airflow_venv/lib/python3.10/site-packages/airflow/example_dags/plugins/workday.py took 0.019 seconds
[2026-05-29T10:29:03.197+0200] {processor.py:157} INFO - Started process (PID=707699) to work on /home/frederic/airflow_venv/lib/python3.10/site-packages/airflow/example_dags/plugins/workday.py
[2026-05-29T10:29:03.198+0200] {processor.py:829} INFO - Processing file /home/frederic/airflow_venv/lib/python3.10/site-packages/airflow/example_dags/plugins/workday.py for tasks to queue
[2026-05-29T10:29:03.199+0200] {logging_mixin.py:151} INFO - [2026-05-29T10:29:03.198+0200] {dagbag.py:539} INFO - Filling up the DagBag from /home/frederic/airflow_venv/lib/python3.10/site-packages/airflow/example_dags/plugins/workday.py
[2026-05-29T10:29:03.202+0200] {logging_mixin.py:151} INFO - [2026-05-29T10:29:03.202+0200] {workday.py:36} WARNING - Could not import pandas. Holidays will not be considered.
[2026-05-29T10:29:03.202+0200] {processor.py:841} WARNING - No viable dags retrieved from /home/frederic/airflow_venv/lib/python3.10/site-packages/airflow/example_dags/plugins/workday.py
[2026-05-29T10:29:03.211+0200] {processor.py:179} INFO - Processing /home/frederic/airflow_venv/lib/python3.10/site-packages/airflow/example_dags/plugins/workday.py took 0.016 seconds
[2026-05-29T10:29:46.919+0200] {processor.py:157} INFO - Started process (PID=708174) to work on /home/frederic/airflow_venv/lib/python3.10/site-packages/airflow/example_dags/plugins/workday.py
[2026-05-29T10:29:46.920+0200] {processor.py:829} INFO - Processing file /home/frederic/airflow_venv/lib/python3.10/site-packages/airflow/example_dags/plugins/workday.py for tasks to queue
[2026-05-29T10:29:46.921+0200] {logging_mixin.py:151} INFO - [2026-05-29T10:29:46.920+0200] {dagbag.py:539} INFO - Filling up the DagBag from /home/frederic/airflow_venv/lib/python3.10/site-packages/airflow/example_dags/plugins/workday.py
[2026-05-29T10:29:46.923+0200] {logging_mixin.py:151} INFO - [2026-05-29T10:29:46.923+0200] {workday.py:36} WARNING - Could not import pandas. Holidays will not be considered.
[2026-05-29T10:29:46.923+0200] {processor.py:841} WARNING - No viable dags retrieved from /home/frederic/airflow_venv/lib/python3.10/site-packages/airflow/example_dags/plugins/workday.py
[2026-05-29T10:29:46.938+0200] {processor.py:179} INFO - Processing /home/frederic/airflow_venv/lib/python3.10/site-packages/airflow/example_dags/plugins/workday.py took 0.022 seconds
[2026-05-29T10:30:22.217+0200] {processor.py:157} INFO - Started process (PID=708588) to work on /home/frederic/airflow_venv/lib/python3.10/site-packages/airflow/example_dags/plugins/workday.py
[2026-05-29T10:30:22.218+0200] {processor.py:829} INFO - Processing file /home/frederic/airflow_venv/lib/python3.10/site-packages/airflow/example_dags/plugins/workday.py for tasks to queue
[2026-05-29T10:30:22.219+0200] {logging_mixin.py:151} INFO - [2026-05-29T10:30:22.219+0200] {dagbag.py:539} INFO - Filling up the DagBag from /home/frederic/airflow_venv/lib/python3.10/site-packages/airflow/example_dags/plugins/workday.py
[2026-05-29T10:30:22.221+0200] {logging_mixin.py:151} INFO - [2026-05-29T10:30:22.221+0200] {workday.py:36} WARNING - Could not import pandas. Holidays will not be considered.
[2026-05-29T10:30:22.221+0200] {processor.py:841} WARNING - No viable dags retrieved from /home/frederic/airflow_venv/lib/python3.10/site-packages/airflow/example_dags/plugins/workday.py
[2026-05-29T10:30:22.228+0200] {processor.py:179} INFO - Processing /home/frederic/airflow_venv/lib/python3.10/site-packages/airflow/example_dags/plugins/workday.py took 0.014 seconds
[2026-05-29T10:31:05.089+0200] {processor.py:157} INFO - Started process (PID=709216) to work on /home/frederic/airflow_venv/lib/python3.10/site-packages/airflow/example_dags/plugins/workday.py
[2026-05-29T10:31:05.090+0200] {processor.py:829} INFO - Processing file /home/frederic/airflow_venv/lib/python3.10/site-packages/airflow/example_dags/plugins/workday.py for tasks to queue
[2026-05-29T10:31:05.091+0200] {logging_mixin.py:151} INFO - [2026-05-29T10:31:05.090+0200] {dagbag.py:539} INFO - Filling up the DagBag from /home/frederic/airflow_venv/lib/python3.10/site-packages/airflow/example_dags/plugins/workday.py
[2026-05-29T10:31:05.093+0200] {logging_mixin.py:151} INFO - [2026-05-29T10:31:05.093+0200] {workday.py:36} WARNING - Could not import pandas. Holidays will not be considered.
[2026-05-29T10:31:05.094+0200] {processor.py:841} WARNING - No viable dags retrieved from /home/frederic/airflow_venv/lib/python3.10/site-packages/airflow/example_dags/plugins/workday.py
[2026-05-29T10:31:05.101+0200] {processor.py:179} INFO - Processing /home/frederic/airflow_venv/lib/python3.10/site-packages/airflow/example_dags/plugins/workday.py took 0.016 seconds
[2026-05-29T10:31:37.628+0200] {processor.py:157} INFO - Started process (PID=709502) to work on /home/frederic/airflow_venv/lib/python3.10/site-packages/airflow/example_dags/plugins/workday.py
[2026-05-29T10:31:37.629+0200] {processor.py:829} INFO - Processing file /home/frederic/airflow_venv/lib/python3.10/site-packages/airflow/example_dags/plugins/workday.py for tasks to queue
[2026-05-29T10:31:37.629+0200] {logging_mixin.py:151} INFO - [2026-05-29T10:31:37.629+0200] {dagbag.py:539} INFO - Filling up the DagBag from /home/frederic/airflow_venv/lib/python3.10/site-packages/airflow/example_dags/plugins/workday.py
[2026-05-29T10:31:37.631+0200] {logging_mixin.py:151} INFO - [2026-05-29T10:31:37.631+0200] {workday.py:36} WARNING - Could not import pandas. Holidays will not be considered.
[2026-05-29T10:31:37.632+0200] {processor.py:841} WARNING - No viable dags retrieved from /home/frederic/airflow_venv/lib/python3.10/site-packages/airflow/example_dags/plugins/workday.py
[2026-05-29T10:31:37.641+0200] {processor.py:179} INFO - Processing /home/frederic/airflow_venv/lib/python3.10/site-packages/airflow/example_dags/plugins/workday.py took 0.016 seconds
[2026-05-29T10:32:22.158+0200] {processor.py:157} INFO - Started process (PID=710089) to work on /home/frederic/airflow_venv/lib/python3.10/site-packages/airflow/example_dags/plugins/workday.py
[2026-05-29T10:32:22.159+0200] {processor.py:829} INFO - Processing file /home/frederic/airflow_venv/lib/python3.10/site-packages/airflow/example_dags/plugins/workday.py for tasks to queue
[2026-05-29T10:32:22.159+0200] {logging_mixin.py:151} INFO - [2026-05-29T10:32:22.159+0200] {dagbag.py:539} INFO - Filling up the DagBag from /home/frederic/airflow_venv/lib/python3.10/site-packages/airflow/example_dags/plugins/workday.py
[2026-05-29T10:32:22.162+0200] {logging_mixin.py:151} INFO - [2026-05-29T10:32:22.162+0200] {workday.py:36} WARNING - Could not import pandas. Holidays will not be considered.
[2026-05-29T10:32:22.162+0200] {processor.py:841} WARNING - No viable dags retrieved from /home/frederic/airflow_venv/lib/python3.10/site-packages/airflow/example_dags/plugins/workday.py
[2026-05-29T10:32:22.169+0200] {processor.py:179} INFO - Processing /home/frederic/airflow_venv/lib/python3.10/site-packages/airflow/example_dags/plugins/workday.py took 0.014 seconds
[2026-05-29T10:33:08.911+0200] {processor.py:157} INFO - Started process (PID=710888) to work on /home/frederic/airflow_venv/lib/python3.10/site-packages/airflow/example_dags/plugins/workday.py
[2026-05-29T10:33:08.912+0200] {processor.py:829} INFO - Processing file /home/frederic/airflow_venv/lib/python3.10/site-packages/airflow/example_dags/plugins/workday.py for tasks to queue
[2026-05-29T10:33:08.913+0200] {logging_mixin.py:151} INFO - [2026-05-29T10:33:08.913+0200] {dagbag.py:539} INFO - Filling up the DagBag from /home/frederic/airflow_venv/lib/python3.10/site-packages/airflow/example_dags/plugins/workday.py
[2026-05-29T10:33:08.915+0200] {logging_mixin.py:151} INFO - [2026-05-29T10:33:08.915+0200] {workday.py:36} WARNING - Could not import pandas. Holidays will not be considered.
[2026-05-29T10:33:08.915+0200] {processor.py:841} WARNING - No viable dags retrieved from /home/frederic/airflow_venv/lib/python3.10/site-packages/airflow/example_dags/plugins/workday.py
[2026-05-29T10:33:08.923+0200] {processor.py:179} INFO - Processing /home/frederic/airflow_venv/lib/python3.10/site-packages/airflow/example_dags/plugins/workday.py took 0.014 seconds
[2026-05-29T10:33:41.592+0200] {processor.py:157} INFO - Started process (PID=711279) to work on /home/frederic/airflow_venv/lib/python3.10/site-packages/airflow/example_dags/plugins/workday.py
[2026-05-29T10:33:41.593+0200] {processor.py:829} INFO - Processing file /home/frederic/airflow_venv/lib/python3.10/site-packages/airflow/example_dags/plugins/workday.py for tasks to queue
[2026-05-29T10:33:41.594+0200] {logging_mixin.py:151} INFO - [2026-05-29T10:33:41.593+0200] {dagbag.py:539} INFO - Filling up the DagBag from /home/frederic/airflow_venv/lib/python3.10/site-packages/airflow/example_dags/plugins/workday.py
[2026-05-29T10:33:41.596+0200] {logging_mixin.py:151} INFO - [2026-05-29T10:33:41.596+0200] {workday.py:36} WARNING - Could not import pandas. Holidays will not be considered.
[2026-05-29T10:33:41.597+0200] {processor.py:841} WARNING - No viable dags retrieved from /home/frederic/airflow_venv/lib/python3.10/site-packages/airflow/example_dags/plugins/workday.py
[2026-05-29T10:33:41.604+0200] {processor.py:179} INFO - Processing /home/frederic/airflow_venv/lib/python3.10/site-packages/airflow/example_dags/plugins/workday.py took 0.014 seconds
[2026-05-29T10:34:23.521+0200] {processor.py:157} INFO - Started process (PID=711945) to work on /home/frederic/airflow_venv/lib/python3.10/site-packages/airflow/example_dags/plugins/workday.py
[2026-05-29T10:34:23.522+0200] {processor.py:829} INFO - Processing file /home/frederic/airflow_venv/lib/python3.10/site-packages/airflow/example_dags/plugins/workday.py for tasks to queue
[2026-05-29T10:34:23.523+0200] {logging_mixin.py:151} INFO - [2026-05-29T10:34:23.523+0200] {dagbag.py:539} INFO - Filling up the DagBag from /home/frederic/airflow_venv/lib/python3.10/site-packages/airflow/example_dags/plugins/workday.py
[2026-05-29T10:34:23.526+0200] {logging_mixin.py:151} INFO - [2026-05-29T10:34:23.526+0200] {workday.py:36} WARNING - Could not import pandas. Holidays will not be considered.
[2026-05-29T10:34:23.527+0200] {processor.py:841} WARNING - No viable dags retrieved from /home/frederic/airflow_venv/lib/python3.10/site-packages/airflow/example_dags/plugins/workday.py
[2026-05-29T10:34:23.535+0200] {processor.py:179} INFO - Processing /home/frederic/airflow_venv/lib/python3.10/site-packages/airflow/example_dags/plugins/workday.py took 0.017 seconds
[2026-05-29T10:35:09.444+0200] {processor.py:157} INFO - Started process (PID=712414) to work on /home/frederic/airflow_venv/lib/python3.10/site-packages/airflow/example_dags/plugins/workday.py
[2026-05-29T10:35:09.445+0200] {processor.py:829} INFO - Processing file /home/frederic/airflow_venv/lib/python3.10/site-packages/airflow/example_dags/plugins/workday.py for tasks to queue
[2026-05-29T10:35:09.446+0200] {logging_mixin.py:151} INFO - [2026-05-29T10:35:09.445+0200] {dagbag.py:539} INFO - Filling up the DagBag from /home/frederic/airflow_venv/lib/python3.10/site-packages/airflow/example_dags/plugins/workday.py
[2026-05-29T10:35:09.448+0200] {logging_mixin.py:151} INFO - [2026-05-29T10:35:09.448+0200] {workday.py:36} WARNING - Could not import pandas. Holidays will not be considered.
[2026-05-29T10:35:09.449+0200] {processor.py:841} WARNING - No viable dags retrieved from /home/frederic/airflow_venv/lib/python3.10/site-packages/airflow/example_dags/plugins/workday.py
[2026-05-29T10:35:09.456+0200] {processor.py:179} INFO - Processing /home/frederic/airflow_venv/lib/python3.10/site-packages/airflow/example_dags/plugins/workday.py took 0.015 seconds
[2026-05-29T10:35:43.278+0200] {processor.py:157} INFO - Started process (PID=712716) to work on /home/frederic/airflow_venv/lib/python3.10/site-packages/airflow/example_dags/plugins/workday.py
[2026-05-29T10:35:43.279+0200] {processor.py:829} INFO - Processing file /home/frederic/airflow_venv/lib/python3.10/site-packages/airflow/example_dags/plugins/workday.py for tasks to queue
[2026-05-29T10:35:43.280+0200] {logging_mixin.py:151} INFO - [2026-05-29T10:35:43.279+0200] {dagbag.py:539} INFO - Filling up the DagBag from /home/frederic/airflow_venv/lib/python3.10/site-packages/airflow/example_dags/plugins/workday.py
[2026-05-29T10:35:43.282+0200] {logging_mixin.py:151} INFO - [2026-05-29T10:35:43.282+0200] {workday.py:36} WARNING - Could not import pandas. Holidays will not be considered.
[2026-05-29T10:35:43.282+0200] {processor.py:841} WARNING - No viable dags retrieved from /home/frederic/airflow_venv/lib/python3.10/site-packages/airflow/example_dags/plugins/workday.py
[2026-05-29T10:35:43.289+0200] {processor.py:179} INFO - Processing /home/frederic/airflow_venv/lib/python3.10/site-packages/airflow/example_dags/plugins/workday.py took 0.013 seconds
[2026-05-29T10:36:26.671+0200] {processor.py:157} INFO - Started process (PID=713280) to work on /home/frederic/airflow_venv/lib/python3.10/site-packages/airflow/example_dags/plugins/workday.py
[2026-05-29T10:36:26.672+0200] {processor.py:829} INFO - Processing file /home/frederic/airflow_venv/lib/python3.10/site-packages/airflow/example_dags/plugins/workday.py for tasks to queue
[2026-05-29T10:36:26.673+0200] {logging_mixin.py:151} INFO - [2026-05-29T10:36:26.673+0200] {dagbag.py:539} INFO - Filling up the DagBag from /home/frederic/airflow_venv/lib/python3.10/site-packages/airflow/example_dags/plugins/workday.py
[2026-05-29T10:36:26.675+0200] {logging_mixin.py:151} INFO - [2026-05-29T10:36:26.675+0200] {workday.py:36} WARNING - Could not import pandas. Holidays will not be considered.
[2026-05-29T10:36:26.675+0200] {processor.py:841} WARNING - No viable dags retrieved from /home/frederic/airflow_venv/lib/python3.10/site-packages/airflow/example_dags/plugins/workday.py
[2026-05-29T10:36:26.683+0200] {processor.py:179} INFO - Processing /home/frederic/airflow_venv/lib/python3.10/site-packages/airflow/example_dags/plugins/workday.py took 0.014 seconds
[2026-05-29T10:37:12.215+0200] {processor.py:157} INFO - Started process (PID=713804) to work on /home/frederic/airflow_venv/lib/python3.10/site-packages/airflow/example_dags/plugins/workday.py
[2026-05-29T10:37:12.216+0200] {processor.py:829} INFO - Processing file /home/frederic/airflow_venv/lib/python3.10/site-packages/airflow/example_dags/plugins/workday.py for tasks to queue
[2026-05-29T10:37:12.217+0200] {logging_mixin.py:151} INFO - [2026-05-29T10:37:12.217+0200] {dagbag.py:539} INFO - Filling up the DagBag from /home/frederic/airflow_venv/lib/python3.10/site-packages/airflow/example_dags/plugins/workday.py
[2026-05-29T10:37:12.219+0200] {logging_mixin.py:151} INFO - [2026-05-29T10:37:12.219+0200] {workday.py:36} WARNING - Could not import pandas. Holidays will not be considered.
[2026-05-29T10:37:12.220+0200] {processor.py:841} WARNING - No viable dags retrieved from /home/frederic/airflow_venv/lib/python3.10/site-packages/airflow/example_dags/plugins/workday.py
[2026-05-29T10:37:12.227+0200] {processor.py:179} INFO - Processing /home/frederic/airflow_venv/lib/python3.10/site-packages/airflow/example_dags/plugins/workday.py took 0.014 seconds
[2026-05-29T10:37:44.201+0200] {processor.py:157} INFO - Started process (PID=714406) to work on /home/frederic/airflow_venv/lib/python3.10/site-packages/airflow/example_dags/plugins/workday.py
[2026-05-29T10:37:44.202+0200] {processor.py:829} INFO - Processing file /home/frederic/airflow_venv/lib/python3.10/site-packages/airflow/example_dags/plugins/workday.py for tasks to queue
[2026-05-29T10:37:44.203+0200] {logging_mixin.py:151} INFO - [2026-05-29T10:37:44.203+0200] {dagbag.py:539} INFO - Filling up the DagBag from /home/frederic/airflow_venv/lib/python3.10/site-packages/airflow/example_dags/plugins/workday.py
[2026-05-29T10:37:44.206+0200] {logging_mixin.py:151} INFO - [2026-05-29T10:37:44.205+0200] {workday.py:36} WARNING - Could not import pandas. Holidays will not be considered.
[2026-05-29T10:37:44.206+0200] {processor.py:841} WARNING - No viable dags retrieved from /home/frederic/airflow_venv/lib/python3.10/site-packages/airflow/example_dags/plugins/workday.py
[2026-05-29T10:37:44.213+0200] {processor.py:179} INFO - Processing /home/frederic/airflow_venv/lib/python3.10/site-packages/airflow/example_dags/plugins/workday.py took 0.015 seconds
[2026-05-29T10:38:31.589+0200] {processor.py:157} INFO - Started process (PID=715002) to work on /home/frederic/airflow_venv/lib/python3.10/site-packages/airflow/example_dags/plugins/workday.py
[2026-05-29T10:38:31.590+0200] {processor.py:829} INFO - Processing file /home/frederic/airflow_venv/lib/python3.10/site-packages/airflow/example_dags/plugins/workday.py for tasks to queue
[2026-05-29T10:38:31.591+0200] {logging_mixin.py:151} INFO - [2026-05-29T10:38:31.590+0200] {dagbag.py:539} INFO - Filling up the DagBag from /home/frederic/airflow_venv/lib/python3.10/site-packages/airflow/example_dags/plugins/workday.py
[2026-05-29T10:38:31.593+0200] {logging_mixin.py:151} INFO - [2026-05-29T10:38:31.593+0200] {workday.py:36} WARNING - Could not import pandas. Holidays will not be considered.
[2026-05-29T10:38:31.593+0200] {processor.py:841} WARNING - No viable dags retrieved from /home/frederic/airflow_venv/lib/python3.10/site-packages/airflow/example_dags/plugins/workday.py
[2026-05-29T10:38:31.601+0200] {processor.py:179} INFO - Processing /home/frederic/airflow_venv/lib/python3.10/site-packages/airflow/example_dags/plugins/workday.py took 0.014 seconds
[2026-05-29T10:39:14.887+0200] {processor.py:157} INFO - Started process (PID=715703) to work on /home/frederic/airflow_venv/lib/python3.10/site-packages/airflow/example_dags/plugins/workday.py
[2026-05-29T10:39:14.888+0200] {processor.py:829} INFO - Processing file /home/frederic/airflow_venv/lib/python3.10/site-packages/airflow/example_dags/plugins/workday.py for tasks to queue
[2026-05-29T10:39:14.889+0200] {logging_mixin.py:151} INFO - [2026-05-29T10:39:14.889+0200] {dagbag.py:539} INFO - Filling up the DagBag from /home/frederic/airflow_venv/lib/python3.10/site-packages/airflow/example_dags/plugins/workday.py
[2026-05-29T10:39:14.892+0200] {logging_mixin.py:151} INFO - [2026-05-29T10:39:14.891+0200] {workday.py:36} WARNING - Could not import pandas. Holidays will not be considered.
[2026-05-29T10:39:14.892+0200] {processor.py:841} WARNING - No viable dags retrieved from /home/frederic/airflow_venv/lib/python3.10/site-packages/airflow/example_dags/plugins/workday.py
[2026-05-29T10:39:14.904+0200] {processor.py:179} INFO - Processing /home/frederic/airflow_venv/lib/python3.10/site-packages/airflow/example_dags/plugins/workday.py took 0.023 seconds
[2026-05-29T10:39:47.545+0200] {processor.py:157} INFO - Started process (PID=716071) to work on /home/frederic/airflow_venv/lib/python3.10/site-packages/airflow/example_dags/plugins/workday.py
[2026-05-29T10:39:47.546+0200] {processor.py:829} INFO - Processing file /home/frederic/airflow_venv/lib/python3.10/site-packages/airflow/example_dags/plugins/workday.py for tasks to queue
[2026-05-29T10:39:47.546+0200] {logging_mixin.py:151} INFO - [2026-05-29T10:39:47.546+0200] {dagbag.py:539} INFO - Filling up the DagBag from /home/frederic/airflow_venv/lib/python3.10/site-packages/airflow/example_dags/plugins/workday.py
[2026-05-29T10:39:47.549+0200] {logging_mixin.py:151} INFO - [2026-05-29T10:39:47.548+0200] {workday.py:36} WARNING - Could not import pandas. Holidays will not be considered.
[2026-05-29T10:39:47.549+0200] {processor.py:841} WARNING - No viable dags retrieved from /home/frederic/airflow_venv/lib/python3.10/site-packages/airflow/example_dags/plugins/workday.py
[2026-05-29T10:39:47.556+0200] {processor.py:179} INFO - Processing /home/frederic/airflow_venv/lib/python3.10/site-packages/airflow/example_dags/plugins/workday.py took 0.013 seconds
[2026-05-29T10:40:29.899+0200] {processor.py:157} INFO - Started process (PID=716641) to work on /home/frederic/airflow_venv/lib/python3.10/site-packages/airflow/example_dags/plugins/workday.py
[2026-05-29T10:40:29.900+0200] {processor.py:829} INFO - Processing file /home/frederic/airflow_venv/lib/python3.10/site-packages/airflow/example_dags/plugins/workday.py for tasks to queue
[2026-05-29T10:40:29.900+0200] {logging_mixin.py:151} INFO - [2026-05-29T10:40:29.900+0200] {dagbag.py:539} INFO - Filling up the DagBag from /home/frederic/airflow_venv/lib/python3.10/site-packages/airflow/example_dags/plugins/workday.py
[2026-05-29T10:40:29.902+0200] {logging_mixin.py:151} INFO - [2026-05-29T10:40:29.902+0200] {workday.py:36} WARNING - Could not import pandas. Holidays will not be considered.
[2026-05-29T10:40:29.903+0200] {processor.py:841} WARNING - No viable dags retrieved from /home/frederic/airflow_venv/lib/python3.10/site-packages/airflow/example_dags/plugins/workday.py
[2026-05-29T10:40:29.910+0200] {processor.py:179} INFO - Processing /home/frederic/airflow_venv/lib/python3.10/site-packages/airflow/example_dags/plugins/workday.py took 0.014 seconds
[2026-05-29T10:41:14.168+0200] {processor.py:157} INFO - Started process (PID=717137) to work on /home/frederic/airflow_venv/lib/python3.10/site-packages/airflow/example_dags/plugins/workday.py
[2026-05-29T10:41:14.170+0200] {processor.py:829} INFO - Processing file /home/frederic/airflow_venv/lib/python3.10/site-packages/airflow/example_dags/plugins/workday.py for tasks to queue
[2026-05-29T10:41:14.171+0200] {logging_mixin.py:151} INFO - [2026-05-29T10:41:14.170+0200] {dagbag.py:539} INFO - Filling up the DagBag from /home/frederic/airflow_venv/lib/python3.10/site-packages/airflow/example_dags/plugins/workday.py
[2026-05-29T10:41:14.174+0200] {logging_mixin.py:151} INFO - [2026-05-29T10:41:14.174+0200] {workday.py:36} WARNING - Could not import pandas. Holidays will not be considered.
[2026-05-29T10:41:14.175+0200] {processor.py:841} WARNING - No viable dags retrieved from /home/frederic/airflow_venv/lib/python3.10/site-packages/airflow/example_dags/plugins/workday.py
[2026-05-29T10:41:14.190+0200] {processor.py:179} INFO - Processing /home/frederic/airflow_venv/lib/python3.10/site-packages/airflow/example_dags/plugins/workday.py took 0.024 seconds
[2026-05-29T10:41:46.154+0200] {processor.py:157} INFO - Started process (PID=717405) to work on /home/frederic/airflow_venv/lib/python3.10/site-packages/airflow/example_dags/plugins/workday.py
[2026-05-29T10:41:46.154+0200] {processor.py:829} INFO - Processing file /home/frederic/airflow_venv/lib/python3.10/site-packages/airflow/example_dags/plugins/workday.py for tasks to queue
[2026-05-29T10:41:46.155+0200] {logging_mixin.py:151} INFO - [2026-05-29T10:41:46.155+0200] {dagbag.py:539} INFO - Filling up the DagBag from /home/frederic/airflow_venv/lib/python3.10/site-packages/airflow/example_dags/plugins/workday.py
[2026-05-29T10:41:46.157+0200] {logging_mixin.py:151} INFO - [2026-05-29T10:41:46.157+0200] {workday.py:36} WARNING - Could not import pandas. Holidays will not be considered.
[2026-05-29T10:41:46.158+0200] {processor.py:841} WARNING - No viable dags retrieved from /home/frederic/airflow_venv/lib/python3.10/site-packages/airflow/example_dags/plugins/workday.py
[2026-05-29T10:41:46.167+0200] {processor.py:179} INFO - Processing /home/frederic/airflow_venv/lib/python3.10/site-packages/airflow/example_dags/plugins/workday.py took 0.016 seconds
[2026-05-29T10:42:18.252+0200] {processor.py:157} INFO - Started process (PID=717748) to work on /home/frederic/airflow_venv/lib/python3.10/site-packages/airflow/example_dags/plugins/workday.py
[2026-05-29T10:42:18.253+0200] {processor.py:829} INFO - Processing file /home/frederic/airflow_venv/lib/python3.10/site-packages/airflow/example_dags/plugins/workday.py for tasks to queue
[2026-05-29T10:42:18.254+0200] {logging_mixin.py:151} INFO - [2026-05-29T10:42:18.253+0200] {dagbag.py:539} INFO - Filling up the DagBag from /home/frederic/airflow_venv/lib/python3.10/site-packages/airflow/example_dags/plugins/workday.py
[2026-05-29T10:42:18.256+0200] {logging_mixin.py:151} INFO - [2026-05-29T10:42:18.256+0200] {workday.py:36} WARNING - Could not import pandas. Holidays will not be considered.
[2026-05-29T10:42:18.256+0200] {processor.py:841} WARNING - No viable dags retrieved from /home/frederic/airflow_venv/lib/python3.10/site-packages/airflow/example_dags/plugins/workday.py
[2026-05-29T10:42:18.266+0200] {processor.py:179} INFO - Processing /home/frederic/airflow_venv/lib/python3.10/site-packages/airflow/example_dags/plugins/workday.py took 0.017 seconds
[2026-05-29T10:42:51.462+0200] {processor.py:157} INFO - Started process (PID=718076) to work on /home/frederic/airflow_venv/lib/python3.10/site-packages/airflow/example_dags/plugins/workday.py
[2026-05-29T10:42:51.463+0200] {processor.py:829} INFO - Processing file /home/frederic/airflow_venv/lib/python3.10/site-packages/airflow/example_dags/plugins/workday.py for tasks to queue
[2026-05-29T10:42:51.463+0200] {logging_mixin.py:151} INFO - [2026-05-29T10:42:51.463+0200] {dagbag.py:539} INFO - Filling up the DagBag from /home/frederic/airflow_venv/lib/python3.10/site-packages/airflow/example_dags/plugins/workday.py
[2026-05-29T10:42:51.465+0200] {logging_mixin.py:151} INFO - [2026-05-29T10:42:51.465+0200] {workday.py:36} WARNING - Could not import pandas. Holidays will not be considered.
[2026-05-29T10:42:51.466+0200] {processor.py:841} WARNING - No viable dags retrieved from /home/frederic/airflow_venv/lib/python3.10/site-packages/airflow/example_dags/plugins/workday.py
[2026-05-29T10:42:51.474+0200] {processor.py:179} INFO - Processing /home/frederic/airflow_venv/lib/python3.10/site-packages/airflow/example_dags/plugins/workday.py took 0.015 seconds
[2026-05-29T10:43:33.718+0200] {processor.py:157} INFO - Started process (PID=718602) to work on /home/frederic/airflow_venv/lib/python3.10/site-packages/airflow/example_dags/plugins/workday.py
[2026-05-29T10:43:33.719+0200] {processor.py:829} INFO - Processing file /home/frederic/airflow_venv/lib/python3.10/site-packages/airflow/example_dags/plugins/workday.py for tasks to queue
[2026-05-29T10:43:33.719+0200] {logging_mixin.py:151} INFO - [2026-05-29T10:43:33.719+0200] {dagbag.py:539} INFO - Filling up the DagBag from /home/frederic/airflow_venv/lib/python3.10/site-packages/airflow/example_dags/plugins/workday.py
[2026-05-29T10:43:33.722+0200] {logging_mixin.py:151} INFO - [2026-05-29T10:43:33.722+0200] {workday.py:36} WARNING - Could not import pandas. Holidays will not be considered.
[2026-05-29T10:43:33.722+0200] {processor.py:841} WARNING - No viable dags retrieved from /home/frederic/airflow_venv/lib/python3.10/site-packages/airflow/example_dags/plugins/workday.py
[2026-05-29T10:43:33.729+0200] {processor.py:179} INFO - Processing /home/frederic/airflow_venv/lib/python3.10/site-packages/airflow/example_dags/plugins/workday.py took 0.014 seconds
[2026-05-29T10:44:05.144+0200] {processor.py:157} INFO - Started process (PID=718940) to work on /home/frederic/airflow_venv/lib/python3.10/site-packages/airflow/example_dags/plugins/workday.py
[2026-05-29T10:44:05.144+0200] {processor.py:829} INFO - Processing file /home/frederic/airflow_venv/lib/python3.10/site-packages/airflow/example_dags/plugins/workday.py for tasks to queue
[2026-05-29T10:44:05.145+0200] {logging_mixin.py:151} INFO - [2026-05-29T10:44:05.145+0200] {dagbag.py:539} INFO - Filling up the DagBag from /home/frederic/airflow_venv/lib/python3.10/site-packages/airflow/example_dags/plugins/workday.py
[2026-05-29T10:44:05.147+0200] {logging_mixin.py:151} INFO - [2026-05-29T10:44:05.147+0200] {workday.py:36} WARNING - Could not import pandas. Holidays will not be considered.
[2026-05-29T10:44:05.147+0200] {processor.py:841} WARNING - No viable dags retrieved from /home/frederic/airflow_venv/lib/python3.10/site-packages/airflow/example_dags/plugins/workday.py
[2026-05-29T10:44:05.156+0200] {processor.py:179} INFO - Processing /home/frederic/airflow_venv/lib/python3.10/site-packages/airflow/example_dags/plugins/workday.py took 0.015 seconds
[2026-05-29T10:44:52.676+0200] {processor.py:157} INFO - Started process (PID=719694) to work on /home/frederic/airflow_venv/lib/python3.10/site-packages/airflow/example_dags/plugins/workday.py
[2026-05-29T10:44:52.677+0200] {processor.py:829} INFO - Processing file /home/frederic/airflow_venv/lib/python3.10/site-packages/airflow/example_dags/plugins/workday.py for tasks to queue
[2026-05-29T10:44:52.677+0200] {logging_mixin.py:151} INFO - [2026-05-29T10:44:52.677+0200] {dagbag.py:539} INFO - Filling up the DagBag from /home/frederic/airflow_venv/lib/python3.10/site-packages/airflow/example_dags/plugins/workday.py
[2026-05-29T10:44:52.680+0200] {logging_mixin.py:151} INFO - [2026-05-29T10:44:52.680+0200] {workday.py:36} WARNING - Could not import pandas. Holidays will not be considered.
[2026-05-29T10:44:52.680+0200] {processor.py:841} WARNING - No viable dags retrieved from /home/frederic/airflow_venv/lib/python3.10/site-packages/airflow/example_dags/plugins/workday.py
[2026-05-29T10:44:52.688+0200] {processor.py:179} INFO - Processing /home/frederic/airflow_venv/lib/python3.10/site-packages/airflow/example_dags/plugins/workday.py took 0.015 seconds
[2026-05-29T10:45:25.675+0200] {processor.py:157} INFO - Started process (PID=720103) to work on /home/frederic/airflow_venv/lib/python3.10/site-packages/airflow/example_dags/plugins/workday.py
[2026-05-29T10:45:25.677+0200] {processor.py:829} INFO - Processing file /home/frederic/airflow_venv/lib/python3.10/site-packages/airflow/example_dags/plugins/workday.py for tasks to queue
[2026-05-29T10:45:25.678+0200] {logging_mixin.py:151} INFO - [2026-05-29T10:45:25.677+0200] {dagbag.py:539} INFO - Filling up the DagBag from /home/frederic/airflow_venv/lib/python3.10/site-packages/airflow/example_dags/plugins/workday.py
[2026-05-29T10:45:25.680+0200] {logging_mixin.py:151} INFO - [2026-05-29T10:45:25.680+0200] {workday.py:36} WARNING - Could not import pandas. Holidays will not be considered.
[2026-05-29T10:45:25.681+0200] {processor.py:841} WARNING - No viable dags retrieved from /home/frederic/airflow_venv/lib/python3.10/site-packages/airflow/example_dags/plugins/workday.py
[2026-05-29T10:45:25.689+0200] {processor.py:179} INFO - Processing /home/frederic/airflow_venv/lib/python3.10/site-packages/airflow/example_dags/plugins/workday.py took 0.016 seconds
[2026-05-29T10:46:09.887+0200] {processor.py:157} INFO - Started process (PID=720539) to work on /home/frederic/airflow_venv/lib/python3.10/site-packages/airflow/example_dags/plugins/workday.py
[2026-05-29T10:46:09.888+0200] {processor.py:829} INFO - Processing file /home/frederic/airflow_venv/lib/python3.10/site-packages/airflow/example_dags/plugins/workday.py for tasks to queue
[2026-05-29T10:46:09.889+0200] {logging_mixin.py:151} INFO - [2026-05-29T10:46:09.889+0200] {dagbag.py:539} INFO - Filling up the DagBag from /home/frederic/airflow_venv/lib/python3.10/site-packages/airflow/example_dags/plugins/workday.py
[2026-05-29T10:46:09.891+0200] {logging_mixin.py:151} INFO - [2026-05-29T10:46:09.891+0200] {workday.py:36} WARNING - Could not import pandas. Holidays will not be considered.
[2026-05-29T10:46:09.892+0200] {processor.py:841} WARNING - No viable dags retrieved from /home/frederic/airflow_venv/lib/python3.10/site-packages/airflow/example_dags/plugins/workday.py
[2026-05-29T10:46:09.899+0200] {processor.py:179} INFO - Processing /home/frederic/airflow_venv/lib/python3.10/site-packages/airflow/example_dags/plugins/workday.py took 0.014 seconds
[2026-05-29T10:46:42.433+0200] {processor.py:157} INFO - Started process (PID=720854) to work on /home/frederic/airflow_venv/lib/python3.10/site-packages/airflow/example_dags/plugins/workday.py
[2026-05-29T10:46:42.434+0200] {processor.py:829} INFO - Processing file /home/frederic/airflow_venv/lib/python3.10/site-packages/airflow/example_dags/plugins/workday.py for tasks to queue
[2026-05-29T10:46:42.434+0200] {logging_mixin.py:151} INFO - [2026-05-29T10:46:42.434+0200] {dagbag.py:539} INFO - Filling up the DagBag from /home/frederic/airflow_venv/lib/python3.10/site-packages/airflow/example_dags/plugins/workday.py
[2026-05-29T10:46:42.437+0200] {logging_mixin.py:151} INFO - [2026-05-29T10:46:42.437+0200] {workday.py:36} WARNING - Could not import pandas. Holidays will not be considered.
[2026-05-29T10:46:42.437+0200] {processor.py:841} WARNING - No viable dags retrieved from /home/frederic/airflow_venv/lib/python3.10/site-packages/airflow/example_dags/plugins/workday.py
[2026-05-29T10:46:42.445+0200] {processor.py:179} INFO - Processing /home/frederic/airflow_venv/lib/python3.10/site-packages/airflow/example_dags/plugins/workday.py took 0.015 seconds
[2026-05-29T10:47:18.918+0200] {processor.py:157} INFO - Started process (PID=721809) to work on /home/frederic/airflow_venv/lib/python3.10/site-packages/airflow/example_dags/plugins/workday.py
[2026-05-29T10:47:18.919+0200] {processor.py:829} INFO - Processing file /home/frederic/airflow_venv/lib/python3.10/site-packages/airflow/example_dags/plugins/workday.py for tasks to queue
[2026-05-29T10:47:18.920+0200] {logging_mixin.py:151} INFO - [2026-05-29T10:47:18.919+0200] {dagbag.py:539} INFO - Filling up the DagBag from /home/frederic/airflow_venv/lib/python3.10/site-packages/airflow/example_dags/plugins/workday.py
[2026-05-29T10:47:18.922+0200] {logging_mixin.py:151} INFO - [2026-05-29T10:47:18.922+0200] {workday.py:36} WARNING - Could not import pandas. Holidays will not be considered.
[2026-05-29T10:47:18.922+0200] {processor.py:841} WARNING - No viable dags retrieved from /home/frederic/airflow_venv/lib/python3.10/site-packages/airflow/example_dags/plugins/workday.py
[2026-05-29T10:47:18.929+0200] {processor.py:179} INFO - Processing /home/frederic/airflow_venv/lib/python3.10/site-packages/airflow/example_dags/plugins/workday.py took 0.014 seconds
[2026-05-29T10:47:51.608+0200] {processor.py:157} INFO - Started process (PID=722115) to work on /home/frederic/airflow_venv/lib/python3.10/site-packages/airflow/example_dags/plugins/workday.py
[2026-05-29T10:47:51.609+0200] {processor.py:829} INFO - Processing file /home/frederic/airflow_venv/lib/python3.10/site-packages/airflow/example_dags/plugins/workday.py for tasks to queue
[2026-05-29T10:47:51.610+0200] {logging_mixin.py:151} INFO - [2026-05-29T10:47:51.609+0200] {dagbag.py:539} INFO - Filling up the DagBag from /home/frederic/airflow_venv/lib/python3.10/site-packages/airflow/example_dags/plugins/workday.py
[2026-05-29T10:47:51.612+0200] {logging_mixin.py:151} INFO - [2026-05-29T10:47:51.612+0200] {workday.py:36} WARNING - Could not import pandas. Holidays will not be considered.
[2026-05-29T10:47:51.612+0200] {processor.py:841} WARNING - No viable dags retrieved from /home/frederic/airflow_venv/lib/python3.10/site-packages/airflow/example_dags/plugins/workday.py
[2026-05-29T10:47:51.621+0200] {processor.py:179} INFO - Processing /home/frederic/airflow_venv/lib/python3.10/site-packages/airflow/example_dags/plugins/workday.py took 0.015 seconds
[2026-05-29T10:48:32.145+0200] {processor.py:157} INFO - Started process (PID=722589) to work on /home/frederic/airflow_venv/lib/python3.10/site-packages/airflow/example_dags/plugins/workday.py
[2026-05-29T10:48:32.146+0200] {processor.py:829} INFO - Processing file /home/frederic/airflow_venv/lib/python3.10/site-packages/airflow/example_dags/plugins/workday.py for tasks to queue
[2026-05-29T10:48:32.146+0200] {logging_mixin.py:151} INFO - [2026-05-29T10:48:32.146+0200] {dagbag.py:539} INFO - Filling up the DagBag from /home/frederic/airflow_venv/lib/python3.10/site-packages/airflow/example_dags/plugins/workday.py
[2026-05-29T10:48:32.148+0200] {logging_mixin.py:151} INFO - [2026-05-29T10:48:32.148+0200] {workday.py:36} WARNING - Could not import pandas. Holidays will not be considered.
[2026-05-29T10:48:32.149+0200] {processor.py:841} WARNING - No viable dags retrieved from /home/frederic/airflow_venv/lib/python3.10/site-packages/airflow/example_dags/plugins/workday.py
[2026-05-29T10:48:32.159+0200] {processor.py:179} INFO - Processing /home/frederic/airflow_venv/lib/python3.10/site-packages/airflow/example_dags/plugins/workday.py took 0.017 seconds
[2026-05-29T10:49:19.219+0200] {processor.py:157} INFO - Started process (PID=723116) to work on /home/frederic/airflow_venv/lib/python3.10/site-packages/airflow/example_dags/plugins/workday.py
[2026-05-29T10:49:19.220+0200] {processor.py:829} INFO - Processing file /home/frederic/airflow_venv/lib/python3.10/site-packages/airflow/example_dags/plugins/workday.py for tasks to queue
[2026-05-29T10:49:19.220+0200] {logging_mixin.py:151} INFO - [2026-05-29T10:49:19.220+0200] {dagbag.py:539} INFO - Filling up the DagBag from /home/frederic/airflow_venv/lib/python3.10/site-packages/airflow/example_dags/plugins/workday.py
[2026-05-29T10:49:19.223+0200] {logging_mixin.py:151} INFO - [2026-05-29T10:49:19.223+0200] {workday.py:36} WARNING - Could not import pandas. Holidays will not be considered.
[2026-05-29T10:49:19.223+0200] {processor.py:841} WARNING - No viable dags retrieved from /home/frederic/airflow_venv/lib/python3.10/site-packages/airflow/example_dags/plugins/workday.py
[2026-05-29T10:49:19.230+0200] {processor.py:179} INFO - Processing /home/frederic/airflow_venv/lib/python3.10/site-packages/airflow/example_dags/plugins/workday.py took 0.014 seconds
[2026-05-29T10:49:51.071+0200] {processor.py:157} INFO - Started process (PID=723402) to work on /home/frederic/airflow_venv/lib/python3.10/site-packages/airflow/example_dags/plugins/workday.py
[2026-05-29T10:49:51.071+0200] {processor.py:829} INFO - Processing file /home/frederic/airflow_venv/lib/python3.10/site-packages/airflow/example_dags/plugins/workday.py for tasks to queue
[2026-05-29T10:49:51.072+0200] {logging_mixin.py:151} INFO - [2026-05-29T10:49:51.072+0200] {dagbag.py:539} INFO - Filling up the DagBag from /home/frederic/airflow_venv/lib/python3.10/site-packages/airflow/example_dags/plugins/workday.py
[2026-05-29T10:49:51.074+0200] {logging_mixin.py:151} INFO - [2026-05-29T10:49:51.074+0200] {workday.py:36} WARNING - Could not import pandas. Holidays will not be considered.
[2026-05-29T10:49:51.075+0200] {processor.py:841} WARNING - No viable dags retrieved from /home/frederic/airflow_venv/lib/python3.10/site-packages/airflow/example_dags/plugins/workday.py
[2026-05-29T10:49:51.083+0200] {processor.py:179} INFO - Processing /home/frederic/airflow_venv/lib/python3.10/site-packages/airflow/example_dags/plugins/workday.py took 0.014 seconds
[2026-05-29T10:50:36.180+0200] {processor.py:157} INFO - Started process (PID=723900) to work on /home/frederic/airflow_venv/lib/python3.10/site-packages/airflow/example_dags/plugins/workday.py
[2026-05-29T10:50:36.181+0200] {processor.py:829} INFO - Processing file /home/frederic/airflow_venv/lib/python3.10/site-packages/airflow/example_dags/plugins/workday.py for tasks to queue
[2026-05-29T10:50:36.181+0200] {logging_mixin.py:151} INFO - [2026-05-29T10:50:36.181+0200] {dagbag.py:539} INFO - Filling up the DagBag from /home/frederic/airflow_venv/lib/python3.10/site-packages/airflow/example_dags/plugins/workday.py
[2026-05-29T10:50:36.184+0200] {logging_mixin.py:151} INFO - [2026-05-29T10:50:36.183+0200] {workday.py:36} WARNING - Could not import pandas. Holidays will not be considered.
[2026-05-29T10:50:36.184+0200] {processor.py:841} WARNING - No viable dags retrieved from /home/frederic/airflow_venv/lib/python3.10/site-packages/airflow/example_dags/plugins/workday.py
[2026-05-29T10:50:36.192+0200] {processor.py:179} INFO - Processing /home/frederic/airflow_venv/lib/python3.10/site-packages/airflow/example_dags/plugins/workday.py took 0.014 seconds
[2026-05-29T10:51:08.182+0200] {processor.py:157} INFO - Started process (PID=724235) to work on /home/frederic/airflow_venv/lib/python3.10/site-packages/airflow/example_dags/plugins/workday.py
[2026-05-29T10:51:08.183+0200] {processor.py:829} INFO - Processing file /home/frederic/airflow_venv/lib/python3.10/site-packages/airflow/example_dags/plugins/workday.py for tasks to queue
[2026-05-29T10:51:08.184+0200] {logging_mixin.py:151} INFO - [2026-05-29T10:51:08.183+0200] {dagbag.py:539} INFO - Filling up the DagBag from /home/frederic/airflow_venv/lib/python3.10/site-packages/airflow/example_dags/plugins/workday.py
[2026-05-29T10:51:08.187+0200] {logging_mixin.py:151} INFO - [2026-05-29T10:51:08.187+0200] {workday.py:36} WARNING - Could not import pandas. Holidays will not be considered.
[2026-05-29T10:51:08.188+0200] {processor.py:841} WARNING - No viable dags retrieved from /home/frederic/airflow_venv/lib/python3.10/site-packages/airflow/example_dags/plugins/workday.py
[2026-05-29T10:51:08.195+0200] {processor.py:179} INFO - Processing /home/frederic/airflow_venv/lib/python3.10/site-packages/airflow/example_dags/plugins/workday.py took 0.017 seconds
